{"type":"FeatureCollection","crs":{"type":"name","properties":{"name":"EPSG:4326"}},"features":[{"type":"Feature","id":1,"geometry":{"type":"Polygon","coordinates":[[[-121.101650085272,38.8902595725329],[-121.100897015808,38.8896823148865],[-121.100532892178,38.8896153390896],[-121.100431814,38.8895967495112],[-121.099944212583,38.8895071645172],[-121.099942927824,38.8895073467905],[-121.099963620009,38.8886771793073],[-121.099966092105,38.8886761824322],[-121.100080436214,38.8886288140681],[-121.10019294453,38.8885788328005],[-121.100303519329,38.8885262820446],[-121.100412064569,38.8884712074473],[-121.100518485968,38.8884136568478],[-121.100622691092,38.8883536802357],[-121.100724589431,38.888291329708],[-121.100824092482,38.8882266594235],[-121.101937726336,38.8891314007986],[-121.101937952437,38.8891315810332],[-121.102031070908,38.8892072378131],[-121.102240992872,38.8893777636096],[-121.102734603237,38.8895480894783],[-121.103264482863,38.8894103750994],[-121.103411448376,38.8893385204524],[-121.103560083946,38.8890953572406],[-121.103605052091,38.8887408280859],[-121.103607059426,38.8887251503243],[-121.103676081117,38.8885763151968],[-121.103740103382,38.8885298937511],[-121.103844536049,38.8884329420351],[-121.103904750624,38.8883151370406],[-121.103856336473,38.8878374313859],[-121.103861566766,38.8876233956127],[-121.105235749166,38.8875484002426],[-121.105598025106,38.887528629339],[-121.105708625916,38.8875316493689],[-121.106865069833,38.8875632747712],[-121.107084922945,38.8875312702393],[-121.107823180291,38.8872843902082],[-121.107880530831,38.8868891081718],[-121.10788133928,38.8868834851312],[-121.108261428414,38.8867178530126],[-121.108761920014,38.8863394510563],[-121.108891015581,38.8861255681826],[-121.10914906179,38.8863170176569],[-121.109580073498,38.8862927496206],[-121.110157448302,38.8862744605863],[-121.110578786547,38.8860602857854],[-121.110625672183,38.886196405277],[-121.110812184061,38.8863097850451],[-121.110960225991,38.8862265883087],[-121.111136228953,38.8862701395182],[-121.111146367395,38.8864173461832],[-121.111303386896,38.8864702530733],[-121.111443285942,38.886709343079],[-121.111715121466,38.8867540925278],[-121.112352762915,38.8862881379272],[-121.112590584869,38.8862515645963],[-121.112527348803,38.8869274009128],[-121.112514738861,38.8870621043823],[-121.112500364449,38.8872157003909],[-121.112615178112,38.8872133364465],[-121.112618797641,38.8872132816911],[-121.112616683503,38.8873290631497],[-121.112589150787,38.8894131408012],[-121.112471746104,38.8894173110399],[-121.112468892955,38.8894164792009],[-121.111357154715,38.8890905950743],[-121.110819681027,38.8887586996385],[-121.1106971716,38.8887974282762],[-121.110551610014,38.8888434357628],[-121.110396206377,38.8888925668257],[-121.110273197044,38.8890216473734],[-121.110009464964,38.8890193544439],[-121.10990346117,38.8890446297581],[-121.10973375218,38.8889021052096],[-121.108758175382,38.8902021533475],[-121.108457895161,38.8900545071333],[-121.107798872606,38.8897312491403],[-121.107451785975,38.8896962104083],[-121.107419396848,38.8896929412152],[-121.107227342637,38.8896735905142],[-121.107067061342,38.889691155948],[-121.106977500103,38.8897009714852],[-121.106650745615,38.8897367129071],[-121.106294024435,38.8897693123636],[-121.105643055876,38.8901020892494],[-121.105590399585,38.8901290066524],[-121.105513797409,38.8901685360571],[-121.105462643835,38.8902184075597],[-121.105373107299,38.8903056859313],[-121.105288915736,38.8903242736797],[-121.104433019066,38.890279831554],[-121.104149657521,38.8902651134154],[-121.103156610773,38.8903067897843],[-121.103175241214,38.8903937748661],[-121.10297494604,38.8904134287814],[-121.10211061627,38.8904982672928],[-121.101775332713,38.8903244389059],[-121.101650085272,38.8902595725329]]]},"properties":{"OBJECTID":1,"CITY":"AUBURN","CITY_CODE":"AU"}},{"type":"Feature","id":2,"geometry":{"type":"Polygon","coordinates":[[[-121.074868192786,38.9331387199625],[-121.074875088673,38.9328578074138],[-121.074871606328,38.9328579444826],[-121.074444333114,38.9328720655682],[-121.074449167553,38.9326280424282],[-121.074555386286,38.9326246311016],[-121.074877808132,38.9326140969664],[-121.074881290464,38.9326139598975],[-121.074897115932,38.9320552264074],[-121.074898120554,38.9320051204852],[-121.074894603456,38.9320052298183],[-121.074258994295,38.9320249153606],[-121.073909297306,38.9320351482828],[-121.073472137542,38.9320475120268],[-121.073472208894,38.9320447391672],[-121.073487968547,38.9314191683486],[-121.073488004746,38.9314163952089],[-121.073294955743,38.9314221619954],[-121.073292316177,38.931349674865],[-121.073292176977,38.9313468728684],[-121.07267719072,38.9313653410052],[-121.072645678423,38.9313662706022],[-121.072638046328,38.9313665118257],[-121.072620426186,38.9313670304115],[-121.072616909116,38.9313671396757],[-121.07261729072,38.9311307422758],[-121.072617331657,38.9310953196058],[-121.072617567271,38.93085664188],[-121.07261761183,38.9307940341465],[-121.072619422031,38.9306285764932],[-121.072621229713,38.9304633110342],[-121.072622857667,38.9303091103943],[-121.072622967441,38.9302980175546],[-121.072624503216,38.9301320359695],[-121.072626587879,38.9298863707327],[-121.072634488796,38.9295803130673],[-121.072414505103,38.9295868796653],[-121.071793530723,38.92961007326],[-121.071480418998,38.9296220734949],[-121.071484107772,38.9291035814847],[-121.071487154824,38.9286878934329],[-121.07148758044,38.9286338561422],[-121.070969854934,38.9286550958251],[-121.070971981144,38.9284389225784],[-121.070972077518,38.9284288730973],[-121.070976946216,38.928021959192],[-121.070977001132,38.9280204493469],[-121.070977087245,38.9280192418076],[-121.070977137489,38.9280180889013],[-121.070977258395,38.9280169090996],[-121.070977414451,38.9280157295785],[-121.070977570508,38.9280145500575],[-121.070977796867,38.9280133710978],[-121.070977987715,38.9280122193143],[-121.070978248866,38.9280110680922],[-121.070978510376,38.9280098894132],[-121.070978876979,38.9280087390332],[-121.07097917364,38.9280075606349],[-121.070979504734,38.928006437431],[-121.07097994128,38.9280053150692],[-121.070980308243,38.9280041372322],[-121.07098074443,38.9280030423273],[-121.070981216487,38.9280018927893],[-121.070981723336,38.9280007709889],[-121.070982195034,38.9279996489077],[-121.070982736674,38.9279985548448],[-121.070983278674,38.927997433325],[-121.070983890257,38.9279963672803],[-121.070984502199,38.9279952737787],[-121.070985113782,38.927994207734],[-121.070985795668,38.9279931422507],[-121.070986477553,38.9279920767673],[-121.070987194589,38.9279910115647],[-121.070987910907,38.9279900012757],[-121.070988663094,38.9279889363537],[-121.070989449714,38.9279879266261],[-121.070990271485,38.9279869171791],[-121.070991092896,38.927985935189],[-121.070991984969,38.9279849263035],[-121.070992841531,38.9279839445941],[-121.070993697734,38.9279829903414],[-121.07099465975,38.9279820094741],[-121.070995550385,38.9279811104158],[-121.070996512042,38.9279801570053],[-121.070997473338,38.9279792310515],[-121.070998504219,38.9279783605728],[-121.070999535458,38.9279774626373],[-121.071000566698,38.9279765647018],[-121.07100163237,38.9279757219605],[-121.071002698042,38.9279748792193],[-121.071003798865,38.9279740367588],[-121.07100493412,38.9279732494926],[-121.071006034943,38.927972407032],[-121.0710072405,38.9279716203272],[-121.071008375755,38.927970833061],[-121.071009580594,38.9279701012698],[-121.071010785433,38.9279693694786],[-121.071011990271,38.9279686376873],[-121.071013229902,38.9279679336336],[-121.071014469532,38.9279672295799],[-121.071015779105,38.9279665535443],[-121.071017018017,38.9279659044042],[-121.071018362381,38.9279652561062],[-121.071019671236,38.9279646349842],[-121.07102098009,38.9279640138623],[-121.071022323736,38.9279634204779],[-121.071023702174,38.9279628548309],[-121.071025080252,38.9279623166408],[-121.071026458331,38.9279617784507],[-121.07102783605,38.9279612677173],[-121.071029213768,38.927960756984],[-121.071030696222,38.9279603020064],[-121.071032072863,38.9279598736435],[-121.071033520525,38.9279593909283],[-121.071034967108,38.9279589905836],[-121.071036449202,38.9279585630627],[-121.071037895786,38.9279581627179],[-121.071039341651,38.9279578172868],[-121.071040858177,38.9279574449602],[-121.071042338475,38.9279571547234],[-121.071043819131,38.9279568370298],[-121.07104533458,38.9279565470736],[-121.07104684931,38.9279563120311],[-121.071048364399,38.9279560495317],[-121.071049879128,38.9279558144892],[-121.071051428291,38.9279556346409],[-121.071052942302,38.927955454512],[-121.071054456313,38.9279552743831],[-121.071056005115,38.9279551219916],[-121.071057553559,38.927954997057],[-121.071059066492,38.9279548992984],[-121.071060649907,38.9279547883728],[-121.071019764728,38.9279548051572],[-121.071008690885,38.9279548128408],[-121.070851388763,38.9279549845629],[-121.070846467075,38.9279549864454],[-121.0708291532,38.927954999195],[-121.070804105012,38.9279550325484],[-121.070745553907,38.9279551003574],[-121.07072101559,38.9279551240356],[-121.070694104216,38.9279551562128],[-121.070673591234,38.9279551708449],[-121.070672081896,38.9279549940301],[-121.070670572557,38.9279548172153],[-121.070669063218,38.9279546404004],[-121.070667518009,38.9279545182184],[-121.0706659728,38.9279543960364],[-121.070664427232,38.9279543013112],[-121.070662916815,38.9279542068667],[-121.070661370168,38.9279541945119],[-121.070659823521,38.9279541821572],[-121.070658313104,38.9279540877126],[-121.070656765379,38.9279541577283],[-121.070654093179,38.9279541913018],[-121.070624796886,38.9279551380417],[-121.070359653152,38.9279637014856],[-121.070363010349,38.9278415738142],[-121.070366159598,38.9277272704954],[-121.070367693314,38.9275645290743],[-121.070370041772,38.9273744717519],[-121.070376045722,38.9270475569924],[-121.069956438797,38.9270560109744],[-121.069883721423,38.9270574067287],[-121.069569892066,38.9270632999453],[-121.069540320321,38.9270638323108],[-121.069255820564,38.9270688883218],[-121.069123822297,38.9270710999286],[-121.068724105803,38.9270773745427],[-121.068656384454,38.9270784525464],[-121.068188590684,38.9270861299527],[-121.067769155605,38.9270921609713],[-121.06776563946,38.9270922151753],[-121.067762763094,38.9268775944447],[-121.067761693117,38.9267957833749],[-121.067760569443,38.926707354082],[-121.067755298518,38.9263137042499],[-121.067755158653,38.9263082935646],[-121.067743184522,38.9259967769381],[-121.067743107919,38.9259945795467],[-121.067741142528,38.9259515069567],[-121.06773010979,38.9257048302586],[-121.067727314639,38.925623225029],[-121.067724336639,38.925397619554],[-121.067724271079,38.925381198115],[-121.067719970618,38.9251411931406],[-121.067724606769,38.9249728747325],[-121.06773939472,38.9246498746697],[-121.067740627462,38.9245934822748],[-121.067740374604,38.9242808238209],[-121.06773473222,38.923618367621],[-121.067731633329,38.9233939418894],[-121.067725585437,38.9229310047668],[-121.067724167411,38.9227659604237],[-121.067724173369,38.9227628300622],[-121.067724109391,38.9227596716804],[-121.067724115349,38.9227565413189],[-121.067724086159,38.9227534106757],[-121.06772405733,38.9227502525756],[-121.067724028861,38.9227470670187],[-121.067722633121,38.9223822533034],[-121.067722616191,38.9223781891274],[-121.067862863453,38.9223815646825],[-121.068090364481,38.9223871219024],[-121.068319689292,38.9223929953406],[-121.068554386427,38.9223993232378],[-121.0687949121,38.922406164133],[-121.069041687017,38.9224136037358],[-121.069295133327,38.9224216179239],[-121.06964137223,38.9224329823792],[-121.07006125517,38.9224469940079],[-121.070082442062,38.9224477400259],[-121.070083424103,38.9224854775372],[-121.070095114337,38.9228703915505],[-121.070114548179,38.9232357611997],[-121.070125236735,38.9233805044484],[-121.070357268863,38.9233865877005],[-121.070403997258,38.923385766611],[-121.070460254033,38.9233847882306],[-121.070804792134,38.9233787535908],[-121.071210193039,38.9233716523959],[-121.071211979011,38.9230900672445],[-121.071250156449,38.9228857147588],[-121.071250554579,38.9228848392263],[-121.071309422692,38.9227567702457],[-121.071555941856,38.9222167654901],[-121.07156529163,38.9221953116899],[-121.071625688236,38.9219986603634],[-121.071688479871,38.9217828063106],[-121.071713333572,38.9215703290936],[-121.071731339668,38.9214164511937],[-121.071278197209,38.9214033607889],[-121.071091160331,38.9213976660833],[-121.071084410513,38.9213977220237],[-121.071081627965,38.9213565102171],[-121.071057470382,38.9209985445455],[-121.071044280878,38.9206848491403],[-121.071042017381,38.9206268086608],[-121.071029723246,38.9202957383806],[-121.071029373402,38.9202875525876],[-121.07098530807,38.9202864867289],[-121.070367910768,38.920273536197],[-121.070363588375,38.920273446735],[-121.069985278515,38.9202665784805],[-121.069981764149,38.9202665229241],[-121.069981895643,38.9202699015224],[-121.069982028575,38.9202731702933],[-121.069986578018,38.9204035030922],[-121.06943759405,38.9204004857869],[-121.069087839148,38.92039798946],[-121.068766948138,38.9203951190334],[-121.068456443825,38.9203936215053],[-121.06823777836,38.9203929411744],[-121.068145581203,38.920392642013],[-121.067876848405,38.9203915599239],[-121.067828606203,38.9203913655721],[-121.067810328522,38.920391301485],[-121.067625180534,38.9203905453424],[-121.067622790337,38.9203905399146],[-121.067622777091,38.9203902102917],[-121.067622009862,38.9203763644338],[-121.067621925156,38.9203747848199],[-121.067617437777,38.920292246067],[-121.067611531487,38.9201839249745],[-121.067611476338,38.9201827712234],[-121.067611351977,38.9201815345383],[-121.067611226895,38.920180352767],[-121.067611067026,38.9201791432571],[-121.067611001059,38.9201788132114],[-121.067610952846,38.9201784695783],[-121.06761087165,38.9201779609223],[-121.067594566909,38.919919296782],[-121.067594494548,38.9199181154332],[-121.067594349826,38.9199157527355],[-121.067594365694,38.9199145446341],[-121.067594346053,38.9199133637078],[-121.06759436156,38.9199121830633],[-121.067594310379,38.9199107272868],[-121.067558585942,38.919499450987],[-121.067573011323,38.9192254360071],[-121.067535534409,38.9186211310691],[-121.067524962328,38.9183582565577],[-121.067489579382,38.9183572589636],[-121.067172308618,38.9183470813322],[-121.06689375203,38.9183492133001],[-121.066822671792,38.9183497414921],[-121.066620331116,38.9183510562926],[-121.066283059362,38.9183569719181],[-121.066261577032,38.9183574035955],[-121.065757622348,38.9183340530444],[-121.06575533191,38.9182810647881],[-121.065756193973,38.9180659794737],[-121.065756194598,38.9180632609632],[-121.065637228048,38.9182142951651],[-121.06554177586,38.9183279806636],[-121.065350045666,38.9184311168736],[-121.065316916264,38.9184485073001],[-121.065174272151,38.918523644242],[-121.065078200053,38.9185748809055],[-121.064940804548,38.9186491261162],[-121.064849727845,38.918740054631],[-121.064704696306,38.9189803147645],[-121.064668293113,38.9190300537344],[-121.064689337777,38.9190548543431],[-121.064425062025,38.9194214312442],[-121.064325100253,38.9194929562274],[-121.064125787358,38.9196349673815],[-121.064098644461,38.9196034723493],[-121.063951401269,38.9196859025624],[-121.063951082412,38.9196860922148],[-121.06372670063,38.9198071688538],[-121.063495041127,38.9199149783331],[-121.063473976631,38.9198757060599],[-121.063318041377,38.9199481250697],[-121.063339214147,38.9199871785651],[-121.063268516016,38.9200198905068],[-121.063015032414,38.9201006127378],[-121.063014397772,38.9201007586546],[-121.062984078996,38.9201075029484],[-121.062981521612,38.9199443988665],[-121.062981489008,38.9199415427894],[-121.062973271235,38.9194562901721],[-121.062704736444,38.9187629097305],[-121.062237969845,38.9176298375864],[-121.062180864299,38.9174931767693],[-121.062179773726,38.9174905867589],[-121.062223135743,38.9174622683494],[-121.062292890253,38.9174183458586],[-121.062363437437,38.9173756104856],[-121.062434777297,38.9173340622293],[-121.062564336741,38.9172703013658],[-121.062639276772,38.9172355920205],[-121.062714797532,38.9172021504559],[-121.062790968953,38.917170004694],[-121.062867685602,38.9171391538841],[-121.062944981902,38.9171096532219],[-121.063022823437,38.9170814475097],[-121.063101139918,38.91705453618],[-121.063179966134,38.9170289469719],[-121.063259268753,38.9170045423171],[-121.063339081113,38.9169814597818],[-121.063420737644,38.9169544652945],[-121.063504326007,38.9169222414885],[-121.06395097572,38.9168150364179],[-121.06427418198,38.9167076879445],[-121.064549578596,38.9166167869408],[-121.064827512789,38.9165039653421],[-121.065276870339,38.9163402373372],[-121.065757288238,38.9161825510876],[-121.065857892133,38.9161499130689],[-121.065861731421,38.9161533077216],[-121.065972796651,38.9162512286558],[-121.066421863066,38.9161360427694],[-121.066668539559,38.9160717619158],[-121.066717838089,38.9160435169403],[-121.066766547774,38.9160146081858],[-121.066814562456,38.9159850897207],[-121.066861952788,38.9159549346531],[-121.06690875319,38.9159241981792],[-121.066954787578,38.9158929063471],[-121.067000197252,38.9158610053715],[-121.067044876055,38.9158285493213],[-121.067076860688,38.9158045314279],[-121.067088859133,38.9157955384792],[-121.067132041051,38.9157619720005],[-121.067174596811,38.9157279062087],[-121.067216316266,38.9156932845001],[-121.067257303769,38.9156581900915],[-121.067297525256,38.9156225403313],[-121.067336944141,38.9155864447659],[-121.067375561146,38.9155498484824],[-121.067413375549,38.9155128063954],[-121.067422103624,38.9155039244915],[-121.067450317421,38.9154752904852],[-121.067486491839,38.9154373290548],[-121.067521793006,38.9153989487165],[-121.067556221284,38.9153601220142],[-121.067589776674,38.9153208489487],[-121.067615349978,38.9152898596575],[-121.067622493241,38.9152812121732],[-121.067654301415,38.915241156211],[-121.067685165694,38.9152007082383],[-121.067715190791,38.9151599240144],[-121.067744202066,38.915118719761],[-121.067772339016,38.9150771789763],[-121.067799496209,38.9150353008158],[-121.067825744296,38.9149930583866],[-121.067851012269,38.9149505060399],[-121.067875265343,38.9149076160377],[-121.067898608595,38.9148644166823],[-121.067920936592,38.9148209071296],[-121.067942213469,38.9147771420123],[-121.067962545384,38.9147330672618],[-121.067981826543,38.9146887094909],[-121.068000126878,38.9146440967201],[-121.068017375739,38.9145992558435],[-121.068033573851,38.9145541319479],[-121.068043139675,38.9145255955242],[-121.068048755277,38.9145088076859],[-121.068062849731,38.9144632824948],[-121.068075963369,38.9144175023058],[-121.068087954895,38.9143715209068],[-121.068098894238,38.9143253663182],[-121.068108816906,38.9142790113649],[-121.068121691081,38.9142086253088],[-121.068149295567,38.9140897809482],[-121.06818189216,38.9139494206616],[-121.068252560294,38.9136451834403],[-121.06825651833,38.9136274761413],[-121.068396185808,38.9130027320014],[-121.06840314937,38.9129715934858],[-121.068413361364,38.9129259273134],[-121.068428011498,38.9128621183231],[-121.068372056972,38.9128621232549],[-121.068303730644,38.9128621251703],[-121.068036453357,38.9128621120802],[-121.067937496155,38.912862115488],[-121.067571912003,38.912862096136],[-121.067459054254,38.912862083813],[-121.067156260595,38.9128620722754],[-121.067112607764,38.9128620654206],[-121.067057514435,38.9128620628971],[-121.066961333937,38.912862060286],[-121.066719907276,38.9128620593138],[-121.066450893158,38.9128671636211],[-121.0661695217,38.9128724976143],[-121.06596892111,38.9128763102367],[-121.065740881359,38.9128806298057],[-121.065716201714,38.9128811043375],[-121.065688551352,38.912881637381],[-121.065686670628,38.9128816634636],[-121.065684016926,38.9128816696072],[-121.065537097971,38.9128819172799],[-121.06551919014,38.9128979609439],[-121.06549331563,38.9129211213291],[-121.065475923505,38.9129367023137],[-121.065104200125,38.9132347154274],[-121.064580127492,38.9140234852453],[-121.064579966088,38.9140237310852],[-121.064497138532,38.9141438879449],[-121.063931194811,38.9146631025272],[-121.063566786116,38.914995617936],[-121.063101297901,38.915441825352],[-121.062706395511,38.9158125087004],[-121.062378025056,38.9161140616],[-121.062265380964,38.9162172260861],[-121.06194137336,38.9165048633771],[-121.061740146933,38.9166882094476],[-121.061578801768,38.9168352455887],[-121.061237907398,38.91715017702],[-121.060802838013,38.9174974636113],[-121.060653569197,38.9173743918507],[-121.060646075569,38.9173682627275],[-121.060438939464,38.917321775487],[-121.060486266164,38.91711343602],[-121.060498810891,38.9170579313023],[-121.060533457819,38.9169046560836],[-121.06053482904,38.9169046259685],[-121.060540559763,38.9169045212233],[-121.060560305736,38.9167962145954],[-121.060580178402,38.91669957939],[-121.06061753727,38.9165378958938],[-121.060660261293,38.9163851252167],[-121.06071724756,38.9161798293027],[-121.060748045799,38.9160676576756],[-121.060773599797,38.9159746106182],[-121.060798276104,38.9158841376868],[-121.060828013837,38.9157750604284],[-121.06087513692,38.9156005495816],[-121.060903800822,38.9154929190004],[-121.060938332272,38.9153535648198],[-121.060968928105,38.9152141239364],[-121.060995410079,38.9150747871328],[-121.061017602857,38.9149355255362],[-121.061036088466,38.914792197421],[-121.061079001707,38.9144203265266],[-121.061183213795,38.9135406698301],[-121.061140319734,38.9135417240632],[-121.06116087685,38.913382568335],[-121.061161033401,38.9133813613682],[-121.061161154444,38.9133801815746],[-121.061161241434,38.9133789191267],[-121.061161292553,38.9133777113089],[-121.061161606343,38.9133765742607],[-121.061161693332,38.9133753118128],[-121.061161725971,38.9133741724953],[-121.061193755847,38.9131208673855],[-121.061193930332,38.9131196331035],[-121.061194262781,38.9131184138264],[-121.061194525125,38.9131171802536],[-121.061194559579,38.9131159036518],[-121.061194822286,38.9131146426221],[-121.061195014705,38.9131133810252],[-121.061195206761,38.913112146885],[-121.061195441585,38.9131103364347],[-121.061199358806,38.9130719243549],[-121.061202503225,38.9130334785776],[-121.061204941139,38.9129953016957],[-121.061206635588,38.9129575307097],[-121.061207855237,38.9128865570129],[-121.061219739933,38.9128861861185],[-121.06124993116,38.9128862101095],[-121.061249507012,38.9128279095655],[-121.061245476587,38.9127659003046],[-121.061245387131,38.9127646913522],[-121.061240432454,38.9127034709648],[-121.061235856601,38.9126614480235],[-121.06122639988,38.9126031294962],[-121.061146946707,38.9123601556001],[-121.060998148429,38.9118594609285],[-121.060966987803,38.9117520612711],[-121.060962668974,38.911735797669],[-121.060960707023,38.9117273516745],[-121.06095892115,38.9117188796417],[-121.060957346862,38.9117103543975],[-121.060955877641,38.9117018574613],[-121.060954690289,38.9116933078811],[-121.060953483048,38.9116836048292],[-121.06095264749,38.9116750306294],[-121.06095202279,38.9116664581319],[-121.060951574168,38.9116578595961],[-121.060951301261,38.9116492624791],[-121.060951239212,38.9116406670642],[-121.060951352877,38.9116320730681],[-121.060951642258,38.9116234804905],[-121.060952142495,38.9116148896153],[-121.060952783304,38.9116062998749],[-121.060953634608,38.9115977392938],[-121.060954661989,38.9115891526744],[-121.060955899501,38.911580622671],[-121.060957277585,38.9115720938025],[-121.060958831382,38.9115635663526],[-121.060960630454,38.9115550958024],[-121.060962534953,38.9115466261034],[-121.060964685089,38.9115381858472],[-121.060966975434,38.9115297741827],[-121.060969405623,38.9115214185668],[-121.060972081811,38.9115130649368],[-121.060974862701,38.9115047670716],[-121.060977889228,38.9114964986492],[-121.060981055599,38.9114882862753],[-121.060984361815,38.9114801299498],[-121.060987843381,38.9114720024998],[-121.060991535077,38.9114639316655],[-121.060995331474,38.911455916596],[-121.060999373145,38.9114479584261],[-121.061003484737,38.9114400282802],[-121.061007840875,38.9114322099477],[-121.061012302078,38.9114244199229],[-121.061016903126,38.9114166859465],[-121.061021713939,38.9114090360427],[-121.061026629454,38.9114014419035],[-121.061031719593,38.9113939315531],[-121.061036949213,38.9113865047079],[-121.061042354182,38.9113791067378],[-121.061047862763,38.9113718469028],[-121.061053546694,38.9113646159429],[-121.061059369743,38.9113574959448],[-121.061063296817,38.9113528869419],[-121.061065331909,38.9113504869087],[-121.061071469426,38.9113435067476],[-121.061077710553,38.9113366647215],[-121.061084126668,38.9113298790272],[-121.061090646394,38.9113232314679],[-121.061097306327,38.9113166124997],[-121.061104070234,38.9113101042097],[-121.061112323935,38.9113025644731],[-121.061119365714,38.9112963055632],[-121.061126616896,38.9112901581825],[-121.061134007196,38.9112841217633],[-121.061141466692,38.9112781682817],[-121.061149100447,38.9112723260452],[-121.061156802671,38.91126662166],[-121.061164714662,38.9112610013467],[-121.061172695121,38.9112555188845],[-121.061180814698,38.9112501473838],[-121.061189073029,38.9112449143014],[-121.061197470478,38.9112397921805],[-121.061206007045,38.9112347810211],[-121.061214611718,38.9112299351694],[-121.061223391014,38.9112251731058],[-121.061232308701,38.9112205769174],[-121.061235634264,38.911218928711],[-121.061241365507,38.9112160916901],[-121.061259898648,38.9112072893784],[-121.061260133066,38.9112068381838],[-121.061268030622,38.9111916754704],[-121.061269892009,38.9111266519824],[-121.061273213696,38.9110109906978],[-121.06127560325,38.9109272850841],[-121.061275662352,38.910925473215],[-121.061279563309,38.9107899219846],[-121.061279603024,38.9107882472579],[-121.061280835768,38.9107455160431],[-121.061280871127,38.9107441707988],[-121.061281621946,38.9107179527584],[-121.061281653675,38.9107168820827],[-121.061282265236,38.9106958802785],[-121.061283825973,38.9106416323282],[-121.061285587972,38.910580136617],[-121.061287575335,38.9105108990631],[-121.061291553737,38.9102591660714],[-121.06129445469,38.9100756345019],[-121.061295171387,38.9100307297951],[-121.061297791243,38.909865799962],[-121.061303077627,38.9096693128833],[-121.0613051753,38.9095917284348],[-121.061314013106,38.9092635179152],[-121.061302994709,38.9092635388288],[-121.060717212733,38.9092644114862],[-121.060681170307,38.9092644636593],[-121.060575854734,38.9092646153616],[-121.060410456676,38.9092648582715],[-121.0603031728,38.9092650212861],[-121.06011195984,38.9092653023408],[-121.059974556377,38.9092654550623],[-121.059746545985,38.9092657401673],[-121.059464435061,38.909278836708],[-121.059409572935,38.9092788324093],[-121.059146465146,38.9092781322765],[-121.059097315741,38.9092780092832],[-121.05908269583,38.9096863830197],[-121.059069060015,38.9100204859389],[-121.059034364823,38.9107661506879],[-121.059034188229,38.9107688677792],[-121.059027576916,38.9107718074112],[-121.058862997606,38.9108134229584],[-121.058589080023,38.9109078921842],[-121.058502824028,38.9109375645475],[-121.058081563921,38.9109001586301],[-121.057981470382,38.9109078605474],[-121.057870364807,38.9109164068148],[-121.05733404253,38.9108970408468],[-121.057186068221,38.9109241250725],[-121.057123575107,38.9108661176653],[-121.057046395854,38.9107945083984],[-121.057043479984,38.9107917662384],[-121.057026041191,38.9108835328208],[-121.057013590893,38.9109490058925],[-121.056947369686,38.9109679379937],[-121.056877443881,38.9109879384109],[-121.056364677843,38.9111345338225],[-121.056147674031,38.9111947361321],[-121.055715411262,38.9113146731636],[-121.055505724932,38.911359734687],[-121.055243123086,38.9113877803139],[-121.054929640454,38.9114149451251],[-121.054926930803,38.9114151977065],[-121.054924203214,38.911415477602],[-121.05467998709,38.911436586718],[-121.054319811339,38.9114677364964],[-121.054109774107,38.9115522249482],[-121.054106240432,38.9115536515813],[-121.05376666508,38.9116898911187],[-121.053765013348,38.9116872415396],[-121.052761652606,38.910177077594],[-121.05465150469,38.9093602011886],[-121.055146786907,38.9092300021514],[-121.055354307165,38.9091755873836],[-121.055870072739,38.909040389201],[-121.055904812479,38.9090312524775],[-121.056074255934,38.9094298888461],[-121.056204515084,38.9094053808246],[-121.056247381585,38.9093982870488],[-121.056296197494,38.9093693011406],[-121.056294644727,38.9093618469332],[-121.056298570057,38.9093097875213],[-121.056300534361,38.9092836342594],[-121.056321250797,38.9090709064285],[-121.056314091938,38.9088611926809],[-121.056299300236,38.9086546023344],[-121.056328378491,38.9084288440028],[-121.056340183646,38.9083815166859],[-121.056336747825,38.9083808846935],[-121.056071332812,38.9083305938922],[-121.056170584454,38.9080277212618],[-121.05619877156,38.9079417261753],[-121.056393841099,38.907952466797],[-121.056421866186,38.9079540122338],[-121.056434351004,38.9079547039061],[-121.056444693674,38.9079552683595],[-121.056474878663,38.9079569274152],[-121.056424446099,38.9076448356435],[-121.056419964082,38.907617147247],[-121.056432619324,38.9076155885978],[-121.056461098146,38.9076120713713],[-121.056483997459,38.9076092365602],[-121.056549984427,38.9076010945471],[-121.056601314147,38.9075930944763],[-121.056773704307,38.907566236509],[-121.056788125879,38.9075639919206],[-121.056788785329,38.9075527112846],[-121.056794054723,38.9074629329625],[-121.056802575982,38.9073175199644],[-121.056804004974,38.9072932845357],[-121.056806165086,38.9072563411412],[-121.056811911738,38.9071584111205],[-121.056814549507,38.9071132885736],[-121.056817049391,38.907070608832],[-121.056825975266,38.9069185401019],[-121.05684710485,38.9065581228568],[-121.05685232765,38.9064691953992],[-121.056855712402,38.9064114885789],[-121.056856418277,38.9063993570633],[-121.056868983437,38.906184956582],[-121.056874592583,38.9060894281664],[-121.056890381592,38.905820161638],[-121.056894241923,38.9057544266717],[-121.056895079433,38.9055987637394],[-121.05689527544,38.9055615160816],[-121.056895697892,38.9054807601731],[-121.056895897975,38.9054445285612],[-121.056898391142,38.9049789949526],[-121.056903504231,38.9047144198269],[-121.056905196651,38.9046266856835],[-121.056907185145,38.9045232743803],[-121.056909418657,38.9044080298782],[-121.056909816867,38.904374079034],[-121.056913966585,38.9040232722246],[-121.056906642892,38.9023944056419],[-121.056900715444,38.9020231006478],[-121.056897810936,38.9018501899872],[-121.056884738088,38.900339381126],[-121.056889511188,38.8999958697963],[-121.056932685179,38.8982809821059],[-121.056934814557,38.8981960523456],[-121.056942431595,38.8979466276953],[-121.056944508375,38.8978788873685],[-121.056975373053,38.8970047612203],[-121.057003256892,38.8960480939582],[-121.057054855177,38.8943533332266],[-121.057059063905,38.8937849483128],[-121.057064116582,38.8930127356649],[-121.056520548315,38.8929591734404],[-121.056404549043,38.8929255824236],[-121.055925119724,38.8927865335607],[-121.055858369993,38.8927671816042],[-121.055821577857,38.8929180768837],[-121.055299691614,38.892877673505],[-121.055425217715,38.8923613768066],[-121.055456365952,38.8922333098636],[-121.055407183318,38.8922326082878],[-121.055275711944,38.8922343685919],[-121.054990277639,38.8922381727868],[-121.054760513856,38.8922409734623],[-121.054764506557,38.8918406684646],[-121.054932414032,38.8915405513243],[-121.055310938269,38.8916676634029],[-121.055516764211,38.8917341406923],[-121.055742125538,38.8918086297752],[-121.055679156201,38.8919727677843],[-121.05574939321,38.8919702626555],[-121.056064615398,38.8919590645769],[-121.056117378311,38.8918212324503],[-121.056134249652,38.8917771864725],[-121.056146061773,38.8917463213524],[-121.05654329148,38.891803956732],[-121.056693786952,38.8917507385158],[-121.057070828307,38.8916299388734],[-121.057071004574,38.8914367052329],[-121.05707157012,38.8908105699489],[-121.057072179955,38.890693183961],[-121.057075051205,38.8900984814127],[-121.057075672234,38.8897844141868],[-121.057075794124,38.8897249508257],[-121.057077981648,38.8886921478533],[-121.057079293139,38.8880773044343],[-121.057080495489,38.8875950638357],[-121.057696284733,38.8875938225515],[-121.060582739644,38.887586616284],[-121.060857260616,38.8875856485722],[-121.061644371358,38.8875760766883],[-121.061743857449,38.8875746003539],[-121.061744358568,38.8875446456875],[-121.061794247173,38.8843558043243],[-121.063778411031,38.8842745628593],[-121.064416428118,38.8842479549868],[-121.066528100997,38.8841546766416],[-121.067281735096,38.8841176403311],[-121.068173042987,38.8840788193235],[-121.06837128095,38.8840707969814],[-121.068375302576,38.8840467743747],[-121.068715045986,38.8840368508954],[-121.068889600887,38.8840317546644],[-121.068952038536,38.8840299343114],[-121.069062503966,38.8840266998654],[-121.069065245492,38.8840266119769],[-121.069059212728,38.8839816118978],[-121.069054764845,38.8839483773242],[-121.069007570517,38.8837575516341],[-121.069005700454,38.8837501224999],[-121.068951930321,38.8835276103755],[-121.06893943722,38.8834407646571],[-121.06893855105,38.8833810598403],[-121.068938118368,38.8833510839458],[-121.068939460499,38.8833398224238],[-121.068945951844,38.8832855038967],[-121.069000662465,38.8831320295243],[-121.069005545251,38.8831173364114],[-121.069095178402,38.8829302698991],[-121.069095250819,38.8829301057198],[-121.069118132828,38.8828823714815],[-121.069127058191,38.8828581135113],[-121.069157349745,38.8827757842529],[-121.069177422782,38.8827212174697],[-121.069198078895,38.8826650489495],[-121.069218318501,38.8825495088854],[-121.069216696815,38.8825137431718],[-121.06921239359,38.882418532864],[-121.06921738951,38.8823281750164],[-121.069217373903,38.8823065777151],[-121.069206746655,38.8822154082949],[-121.069184723356,38.8821198913586],[-121.069183809498,38.8821159023631],[-121.069137703153,38.8819158451486],[-121.069137087824,38.8819132040758],[-121.069090601698,38.8817113177149],[-121.069090302997,38.8817099835202],[-121.069043180112,38.8815057716771],[-121.069037431598,38.8814860094685],[-121.068983370762,38.8813729087713],[-121.068979233279,38.8813642532433],[-121.068942082908,38.8813065234467],[-121.068940051567,38.8813033630255],[-121.068894982539,38.8812333089711],[-121.068913375675,38.881097832025],[-121.068913722419,38.8810955007138],[-121.068919206319,38.8810550413375],[-121.068939351067,38.8809065349793],[-121.068959452325,38.8807586598444],[-121.06897014749,38.8806797709315],[-121.068998342214,38.8804719058823],[-121.0689990038,38.880466995865],[-121.068866686575,38.880465304644],[-121.068078825295,38.8804552025868],[-121.068585454431,38.8798402210312],[-121.068731606495,38.8796628065949],[-121.068780978364,38.8796028590091],[-121.068781353138,38.8796024089231],[-121.069075341819,38.8793828738965],[-121.069274019137,38.8789998068026],[-121.069380393551,38.8787947368146],[-121.06939886453,38.878759118193],[-121.069435625763,38.8786882639323],[-121.069482947712,38.8785969816671],[-121.069570111336,38.8784289521328],[-121.06956129216,38.8783740853886],[-121.069514666136,38.8780837360283],[-121.069512148313,38.878068104942],[-121.069483859324,38.8778918195817],[-121.069461365717,38.8777518276236],[-121.069436112724,38.8775945413135],[-121.069425474889,38.8775283465292],[-121.069390039361,38.8773076699677],[-121.069356195002,38.877096946599],[-121.069315270261,38.8768421346285],[-121.069296433735,38.8766885106074],[-121.069290801321,38.8766424839601],[-121.069246400578,38.8762803309356],[-121.069201145806,38.8759110040113],[-121.069164109765,38.8756088410644],[-121.069131104412,38.8753395661106],[-121.069130913451,38.8753380542883],[-121.069099939376,38.8750853538869],[-121.069068775103,38.8748311004624],[-121.069037357223,38.8745747717689],[-121.069006272753,38.8743211642562],[-121.06897112603,38.8740344487663],[-121.068919145382,38.8736103127477],[-121.06890395955,38.8734864980779],[-121.068873380074,38.8732373155783],[-121.067420710701,38.8733001697399],[-121.067430916262,38.8730846914872],[-121.067436019018,38.8729769523587],[-121.06744112176,38.8728692132287],[-121.067448778285,38.8727060805266],[-121.067458853813,38.8724897911492],[-121.067469469181,38.8722618081834],[-121.067485514981,38.8719144868941],[-121.067503430875,38.8715263751914],[-121.067518042232,38.8712107036239],[-121.067531043878,38.8709346986805],[-121.067543712112,38.87064394509],[-121.067557307736,38.8702744988658],[-121.067575960071,38.8698114823967],[-121.067580350198,38.8697044789287],[-121.067616446314,38.8697028188052],[-121.067613040011,38.8697000729536],[-121.063305298787,38.866215651682],[-121.063306841448,38.8661679113097],[-121.063421250883,38.8625702373004],[-121.063412189266,38.8610275750353],[-121.063751347213,38.8602475345581],[-121.063873916849,38.8599652451081],[-121.063568479533,38.8590223915422],[-121.06349747492,38.8588031833823],[-121.063476196901,38.8587375199683],[-121.066326249066,38.858652971934],[-121.069162802562,38.8585661040858],[-121.071185325962,38.8585009208721],[-121.071210541042,38.8588650761363],[-121.071225680816,38.8590838329855],[-121.07128970322,38.8600083432854],[-121.071418914803,38.8617980319317],[-121.071452398938,38.8622512231629],[-121.071474552344,38.8625273584766],[-121.07154399864,38.8633934219872],[-121.07158460752,38.8638995440456],[-121.07158743049,38.8639348251086],[-121.071587519344,38.8639360889739],[-121.071605755608,38.8641451770277],[-121.071680001143,38.8649963267018],[-121.071687957898,38.8650876257622],[-121.071702102499,38.8652496972074],[-121.071722934151,38.8654886960345],[-121.071761193154,38.8659275361184],[-121.071778434928,38.8659278522938],[-121.071926347247,38.8659315047485],[-121.071928576853,38.8659315637401],[-121.071946185958,38.865931992663],[-121.071952137608,38.8659321362909],[-121.073581052777,38.8659615649362],[-121.073759672485,38.8659645398849],[-121.07376841082,38.8659395249064],[-121.073803018107,38.8658404095945],[-121.073855735028,38.8658205230487],[-121.073873083647,38.8658139885222],[-121.07387696639,38.865812522894],[-121.073965580653,38.8657791099804],[-121.074073943761,38.8657382479273],[-121.074110316638,38.8657515673783],[-121.074364630602,38.8658446498251],[-121.074477948674,38.8659222201614],[-121.074557845737,38.8659769248172],[-121.074571283477,38.8659861484851],[-121.074623258348,38.866021875686],[-121.074744477817,38.8661050006368],[-121.075492662846,38.8664716118864],[-121.075899885034,38.8668152427089],[-121.075975873437,38.8669599837019],[-121.075930848707,38.8672026457157],[-121.075927563183,38.8672203037593],[-121.076052198657,38.8672949144414],[-121.076029681919,38.8674516961298],[-121.076018883806,38.8676175778023],[-121.075954580515,38.8676113824521],[-121.075900064271,38.8676061710484],[-121.075901702618,38.8676503395576],[-121.075862335323,38.8679899798764],[-121.075878926567,38.8683184769875],[-121.075846960546,38.8687398692499],[-121.07584671374,38.8687426407352],[-121.075873863596,38.8687428016593],[-121.075872694116,38.868797602273],[-121.075729396169,38.8690017255364],[-121.0757250016,38.8690263221021],[-121.075714500863,38.8690855793975],[-121.075846295223,38.8691582426127],[-121.076194588274,38.8691916288375],[-121.076369762956,38.8692778443937],[-121.076373000531,38.8692827854354],[-121.076375373481,38.8692839850645],[-121.076659359075,38.8692817102752],[-121.077338490472,38.8692564849854],[-121.077611337587,38.8692490668457],[-121.077854457855,38.8692424557252],[-121.078097579147,38.8692357617251],[-121.078408308674,38.8692270220153],[-121.078719570296,38.8692178737946],[-121.078880264523,38.8692128864071],[-121.079135871733,38.8692049161823],[-121.079323662775,38.8691987698433],[-121.079586820052,38.8691909408055],[-121.079993080622,38.8691748525776],[-121.080038942943,38.8691730462163],[-121.08026681984,38.8691635908898],[-121.080317184162,38.8691613257617],[-121.080317184585,38.869158579779],[-121.080460753535,38.8691550473892],[-121.080531532201,38.8691550031432],[-121.082772858179,38.8691607101511],[-121.083932149406,38.8691602408987],[-121.085094431294,38.869159371726],[-121.085109483558,38.8691592979765],[-121.085104622373,38.868943535165],[-121.085102813359,38.8688630773064],[-121.085098779846,38.8686839661681],[-121.085098218447,38.8686593714562],[-121.085091725995,38.8683820857334],[-121.085091712677,38.8683817561104],[-121.085088985083,38.8682648929875],[-121.085088977069,38.8682641515085],[-121.085081878264,38.8679207651428],[-121.085081859939,38.8679194606556],[-121.085079677541,38.8677875400901],[-121.085077321088,38.8676459522852],[-121.085073944806,38.8673721784584],[-121.085073595634,38.8673406518009],[-121.085073650359,38.8672545793275],[-121.085073770896,38.8670215697034],[-121.085074593196,38.8667940712976],[-121.085077959644,38.8662190060797],[-121.085081414037,38.8657953002453],[-121.08508407745,38.8655175647647],[-121.085755048757,38.8655228990297],[-121.085931667709,38.8655243429809],[-121.086692793155,38.8655358178022],[-121.087196953846,38.865544501123],[-121.087371458259,38.8655465029375],[-121.087370723445,38.8650213000724],[-121.087370479388,38.8645645309837],[-121.087372712091,38.8630509064146],[-121.087375294033,38.8618928895421],[-121.088400866353,38.8619057705307],[-121.088913371751,38.861910832437],[-121.089543102659,38.8619168103855],[-121.08971373977,38.8619184214824],[-121.089717918868,38.8619184542117],[-121.090416764823,38.8619248313896],[-121.091808279416,38.8619372777316],[-121.093614345597,38.8619547257563],[-121.093979705535,38.8619585903103],[-121.094160944785,38.8619605795781],[-121.09417843345,38.8619607433327],[-121.094239737703,38.8615765087233],[-121.09408434106,38.8612969372419],[-121.094133488423,38.8610590787069],[-121.094159203791,38.86093461144],[-121.094341970857,38.860629171961],[-121.094615027654,38.8601725551693],[-121.094637992749,38.8601342902778],[-121.094714173927,38.8598363127903],[-121.09516507776,38.8596333259322],[-121.095399677834,38.859694575159],[-121.095490068086,38.8596926699454],[-121.096907252155,38.8596881753247],[-121.096941191795,38.8606239132665],[-121.09694683506,38.8607795445346],[-121.096964788427,38.8612736864277],[-121.096970834683,38.8614390690548],[-121.096990729221,38.8619877612127],[-121.096990778869,38.8619893817285],[-121.097042045992,38.861990246831],[-121.097092136994,38.8619910753148],[-121.097542779775,38.8619985842483],[-121.097592958411,38.8619994269265],[-121.098043829394,38.8620069494183],[-121.098093955364,38.8620077914714],[-121.098488941553,38.8620143843045],[-121.098539049974,38.8620152260295],[-121.098711743324,38.8620181167432],[-121.098712164746,38.862018120011],[-121.098729862755,38.8620183945433],[-121.098948525338,38.8620175635612],[-121.09911996406,38.8620169153547],[-121.099672761381,38.8620021003134],[-121.1012253941,38.8619969542028],[-121.101443158958,38.8619948896249],[-121.10150217097,38.8619943298031],[-121.101744840418,38.8619920178187],[-121.101787193911,38.8619923039351],[-121.101874798176,38.861992898509],[-121.101984825813,38.8619936525339],[-121.101889912736,38.8620391752492],[-121.101864718046,38.8620512551076],[-121.102724951806,38.862189678684],[-121.102799855434,38.8622017350943],[-121.102800150129,38.862202039427],[-121.102850398261,38.862253021988],[-121.10314265164,38.862234751199],[-121.103238907811,38.8621912973141],[-121.103279211763,38.86217310035],[-121.103237430104,38.8621678489641],[-121.103054237074,38.8620006330874],[-121.103216311481,38.8620017051938],[-121.10333806082,38.8619962188889],[-121.103397907571,38.861993522679],[-121.103403117288,38.8622208202634],[-121.103429535004,38.8633740202369],[-121.103445351035,38.8640745595142],[-121.103457224673,38.8646004514366],[-121.10346515505,38.8649517509483],[-121.103472865618,38.8652926414856],[-121.103480569332,38.8656340811527],[-121.103488301656,38.8659760427634],[-121.10349610395,38.8663180323601],[-121.103496844254,38.8666601871559],[-121.103497590936,38.867035238825],[-121.103497853517,38.8671730890283],[-121.103497975748,38.8672302063471],[-121.103498122774,38.8673048432065],[-121.103498145127,38.8673183810583],[-121.103498231967,38.8673657773355],[-121.103498440363,38.8674745197331],[-121.103498512554,38.8675133347105],[-121.103498563086,38.8675385569221],[-121.103498749634,38.8676295463918],[-121.103499061643,38.8677760056133],[-121.103499681542,38.8680776013124],[-121.103500300754,38.8683792519161],[-121.103500889699,38.8686805178395],[-121.10350111372,38.8687657547607],[-121.103501861809,38.8691629664074],[-121.103324616055,38.8691659379572],[-121.103111920992,38.8691695144429],[-121.102931795886,38.8691724082585],[-121.102731615004,38.8691752293682],[-121.102439574191,38.869178576575],[-121.10224014402,38.8691803591631],[-121.101881251218,38.8691843419556],[-121.101369470503,38.8691900251067],[-121.101181768278,38.8691921162211],[-121.100740283819,38.8691969945963],[-121.099860581424,38.8692067441528],[-121.099640489219,38.8692091586168],[-121.098890137133,38.8692174587145],[-121.098876193523,38.8697725878467],[-121.098863094682,38.8702943323769],[-121.098862592284,38.8703159393456],[-121.098861535446,38.8703618713999],[-121.098842840299,38.8711766234879],[-121.098840197138,38.8712936091984],[-121.098839566809,38.8713211464895],[-121.098831476226,38.8716737224904],[-121.098823253079,38.872025665875],[-121.098812192881,38.8725126345239],[-121.098811722936,38.8725358344072],[-121.09881059466,38.8725943150228],[-121.098806066856,38.872832164118],[-121.0988051269,38.8728813373217],[-121.098795891466,38.8735318019432],[-121.098791578679,38.8738357621281],[-121.0987900965,38.8744025481621],[-121.098789719187,38.8745624298578],[-121.098789548525,38.8746340299333],[-121.098789520487,38.8746445468149],[-121.098789566331,38.8746644692467],[-121.098789784635,38.8747621728654],[-121.098789985896,38.8748515285755],[-121.098790331082,38.8750112236458],[-121.098790156365,38.8750346866796],[-121.098781311835,38.8762786974228],[-121.098783814319,38.8764870953872],[-121.098774020048,38.8768271363267],[-121.098773359133,38.8768501562304],[-121.098722843954,38.8786040875481],[-121.098691951137,38.8796766053629],[-121.098687235603,38.8798405860323],[-121.098682502484,38.8800045665624],[-121.098680611448,38.8800705377356],[-121.098679898735,38.8800976350057],[-121.098680232446,38.8800976375928],[-121.098681426781,38.8800976468519],[-121.098719979375,38.880097931995],[-121.098762589194,38.8800982485762],[-121.098755684013,38.8802562260358],[-121.098754028223,38.8802939703864],[-121.098752715346,38.8803240698486],[-121.098748684334,38.8804161112141],[-121.098742196126,38.8805647555782],[-121.09867139394,38.8821840035313],[-121.098669308767,38.8822652682736],[-121.098662653576,38.8825405557484],[-121.0986573397,38.8827599729929],[-121.098655110307,38.8828498315182],[-121.098632449158,38.8835710787337],[-121.098629888261,38.8836524496145],[-121.098629464366,38.8836637048306],[-121.098628901633,38.8836775951074],[-121.098627716994,38.8837072699258],[-121.09861364798,38.8843978562126],[-121.098602859249,38.8848825471541],[-121.098589523738,38.8854585494754],[-121.098586209273,38.8856020559248],[-121.097436591492,38.8861336005409],[-121.097064670778,38.886340313229],[-121.096865603727,38.8864451188033],[-121.096664216556,38.8865472149584],[-121.096460651199,38.8866464929461],[-121.096254977932,38.8867429533014],[-121.09604716199,38.8868365682828],[-121.095837379044,38.8869273392449],[-121.095625630509,38.887015156349],[-121.095411950837,38.8871000747719],[-121.095196446138,38.887182040409],[-121.094979221478,38.8872610815277],[-121.094760313407,38.8873370885636],[-121.094731804327,38.8873465324407],[-121.094731557184,38.8873466266258],[-121.094539756729,38.8874100892382],[-121.094317621731,38.8874800840892],[-121.094094014178,38.8875470464719],[-121.093868969577,38.8876109491946],[-121.093642487953,38.8876717922489],[-121.093414745338,38.8877295495391],[-121.09318577654,38.8877842487889],[-121.092358938678,38.888186536034],[-121.091567186617,38.8880425597994],[-121.090738505812,38.8880169979665],[-121.090444364049,38.8882715561328],[-121.090303519624,38.8887534167675],[-121.086994252497,38.8903181143896],[-121.086932524624,38.8903476981473],[-121.08641434947,38.891010543664],[-121.086315458511,38.8911375095328],[-121.084983419947,38.8918641380549],[-121.084957730305,38.8918781326047],[-121.084802529754,38.8919627504565],[-121.084738871825,38.8929148565279],[-121.084718482696,38.8932195819225],[-121.084730444406,38.893215694407],[-121.084997411029,38.8931290454195],[-121.08535009998,38.8929805991408],[-121.085637773724,38.8928247207236],[-121.086961716666,38.8921082636242],[-121.086960955051,38.8921593053581],[-121.086949653541,38.8929153762952],[-121.08694674471,38.8931662258963],[-121.086942527223,38.8936063179264],[-121.086942399621,38.8936189758768],[-121.086937698698,38.8941157959627],[-121.086937659337,38.8941188574174],[-121.086937242272,38.8941567623478],[-121.086936389264,38.8942367734038],[-121.087106989001,38.894143459015],[-121.087351832956,38.8940092628579],[-121.08740314876,38.8939835238993],[-121.087433801087,38.8939689087218],[-121.087464763611,38.8939547627866],[-121.087496002258,38.8939410034467],[-121.087527622079,38.893927658986],[-121.087559516965,38.8939147834911],[-121.087591722403,38.8939023497804],[-121.087624062724,38.8938903564754],[-121.087656783514,38.8938788329625],[-121.087689744589,38.8938677506819],[-121.087722910817,38.8938571093577],[-121.087756352113,38.8938469369979],[-121.087789963075,38.8938372327755],[-121.087820675739,38.8938288513366],[-121.087823813972,38.8938279972416],[-121.087857870023,38.8938192026634],[-121.087892095389,38.893810903679],[-121.087926525205,38.893803100564],[-121.087977342724,38.8937942451999],[-121.087976852488,38.8938652523008],[-121.087976397385,38.8939362596766],[-121.088005662563,38.8939311482776],[-121.088005510419,38.8939621491556],[-121.088005157158,38.8940348049151],[-121.088004015783,38.894265965965],[-121.087999675385,38.8951416099308],[-121.087998973259,38.8952824729833],[-121.087996165597,38.8958499617614],[-121.08704646144,38.895850610296],[-121.087036485004,38.8966635330194],[-121.087034108119,38.896857984352],[-121.087033865358,38.896878234016],[-121.087030586933,38.8971455427261],[-121.087028942545,38.8972789155749],[-121.087026172478,38.8975053132307],[-121.087023340442,38.8977365295809],[-121.087023188653,38.897748336083],[-121.087021198393,38.8979099760227],[-121.087019867787,38.8980189396037],[-121.08701866381,38.8981166868689],[-121.087015918211,38.8983411762425],[-121.087121110622,38.8983424825874],[-121.087212583128,38.8983436124993],[-121.087704588148,38.8983496975094],[-121.087716059502,38.89834984242],[-121.088104752664,38.8983545797648],[-121.088400040649,38.8983581854859],[-121.088435526558,38.8983586146802],[-121.088908314242,38.898364379199],[-121.088988895197,38.8983653674629],[-121.089001139559,38.8983655183023],[-121.089004003007,38.8983655544636],[-121.089008430028,38.8983656028735],[-121.089353315199,38.8983694436629],[-121.089347425493,38.8989109311377],[-121.089344786616,38.8991632929617],[-121.089341726654,38.8994594497674],[-121.0893350184,38.9000017270976],[-121.089328495076,38.9005103951238],[-121.08862749933,38.9005022950528],[-121.087839358553,38.9004910908085],[-121.087108869143,38.9004756107103],[-121.086508096284,38.900459305208],[-121.086501873348,38.9008228508168],[-121.086494526996,38.9011863052067],[-121.086486088463,38.9015499706804],[-121.08647652436,38.9019137096765],[-121.085745375539,38.9019019230149],[-121.085742698646,38.9019706337093],[-121.085742011576,38.9019721385938],[-121.085741035622,38.9019742453218],[-121.085739951072,38.9019765983337],[-121.085738725969,38.9019789502406],[-121.085737465727,38.9019813018713],[-121.085736170701,38.9019836257687],[-121.085734805752,38.9019859216567],[-121.085733440449,38.9019882450016],[-121.085732005929,38.9019904854232],[-121.085730465995,38.9019927250161],[-121.085728891276,38.9019949368757],[-121.085727316204,38.9019971761922],[-121.085725636777,38.9019993323091],[-121.085723956996,38.902001515883],[-121.085722207293,38.9020036714474],[-121.085720423158,38.9020057718215],[-121.085718568746,38.9020078716432],[-121.085716679903,38.9020099162747],[-121.085714755922,38.9020119606299],[-121.085712797155,38.9020139772519],[-121.085710733328,38.9020159655881],[-121.085708705345,38.9020178992866],[-121.085708296482,38.9020182667788],[-121.085706571948,38.9020198321564],[-121.085704438904,38.9020217375691],[-121.085702235937,38.9020236149723],[-121.085699998538,38.9020254371854],[-121.085697726001,38.9020272591221],[-121.085695383895,38.9020290255924],[-121.085693041788,38.9020307920625],[-121.085690700388,38.9020325036188],[-121.085688218435,38.90203421407],[-121.085685772681,38.9020358424265],[-121.08568325665,38.9020374702304],[-121.085680706188,38.9020390428441],[-121.085678156079,38.9020405880007],[-121.085675536047,38.9020421051479],[-121.085672881584,38.9020435671048],[-121.085670227474,38.9020450016047],[-121.085667503441,38.902046408095],[-121.085664779761,38.9020477871283],[-121.085663612773,38.902048354608],[-121.08566202165,38.9020491109714],[-121.085659193263,38.9020504342619],[-121.085656401428,38.9020516480007],[-121.085653539316,38.9020528611869],[-121.085650677557,38.9020540469161],[-121.085647746229,38.9020551771787],[-121.085644850393,38.9020562802606],[-121.085641919772,38.9020573556092],[-121.085638954719,38.9020583757675],[-121.085635920097,38.9020593404593],[-121.085632920967,38.9020602779703],[-121.085629887406,38.902061160291],[-121.085626819059,38.9020620148784],[-121.085623786205,38.9020628422851],[-121.085620648996,38.9020635864919],[-121.085617546925,38.902064330975],[-121.085614445562,38.902065020544],[-121.085611309767,38.9020656549228],[-121.08560817468,38.9020662343875],[-121.085605004453,38.9020668135759],[-121.085601835288,38.9020673103933],[-121.085598666476,38.9020677797537],[-121.085595463233,38.9020681939237],[-121.085592260344,38.9020685806367],[-121.085589058161,38.9020689124357],[-121.085585786056,38.902069216225],[-121.08558258458,38.9020694931099],[-121.085579348674,38.9020697148045],[-121.085576184458,38.9020698272237],[-121.085572914474,38.902069966271],[-121.085569680336,38.9020700506805],[-121.085566447258,38.902070052719],[-121.085563213826,38.9020700822144],[-121.085559981809,38.9020700018818],[-121.085556749792,38.9020699215491],[-121.085553518835,38.9020697588455],[-121.085550288233,38.9020695686848],[-121.085547093122,38.9020693513434],[-121.085543828795,38.9020690510784],[-121.085540669883,38.9020687516422],[-121.085537441756,38.9020683692824],[-121.08553424912,38.9020679597419],[-121.085531057192,38.9020674952873],[-121.085527935894,38.9020670039283],[-121.085524779811,38.902066484836],[-121.085521624789,38.9020658833727],[-121.085518505259,38.9020652547286],[-121.085515386082,38.9020645986275],[-121.085512302752,38.9020638878887],[-121.08550918499,38.9020631219595],[-121.085506137505,38.9020623565829],[-121.085503091081,38.9020615088353],[-121.08550004501,38.9020606336307],[-121.085497034431,38.9020597312454],[-121.085494094837,38.9020587744986],[-121.085491121165,38.9020577351046],[-121.085488147139,38.9020567231674],[-121.085485279589,38.9020556296883],[-121.085482376901,38.9020545359327],[-121.085479510413,38.9020533600825],[-121.085476679416,38.9020521570517],[-121.085473848773,38.9020509265637],[-121.085471053976,38.902049641438],[-121.08546829467,38.9020483291317],[-121.085465605995,38.902046989921],[-121.085462883243,38.902045568063],[-121.085460230767,38.9020441467576],[-121.085457613783,38.9020426982715],[-121.085454997153,38.9020412223283],[-121.085452486999,38.9020396648432],[-121.085449941707,38.9020381070816],[-121.085447432261,38.9020364946825],[-121.085444993444,38.902034855379],[-121.085442554982,38.9020331886184],[-121.085440186796,38.9020315224105],[-121.085437854809,38.9020297741079],[-121.085324174608,38.9020281249304],[-121.085243662123,38.9020269562102],[-121.085240148648,38.9020269011147],[-121.085204363841,38.9020263450398],[-121.085204277,38.9020289942221],[-121.085197921589,38.9022549928483],[-121.085195515542,38.9023408268123],[-121.085192593683,38.9024448762581],[-121.085188088072,38.9026050272301],[-121.085184577923,38.9027301885874],[-121.08518340227,38.9027723437746],[-121.085182585956,38.902801609439],[-121.085177295701,38.9029899279276],[-121.085174838194,38.9030770246276],[-121.085170223727,38.9032415271004],[-121.08517005558,38.903247759139],[-121.085162085509,38.9035308750216],[-121.085158932141,38.9036433390421],[-121.085155137121,38.90377832873],[-121.085149166632,38.9039907926864],[-121.085143882214,38.9041786443791],[-121.085142928494,38.9042076618202],[-121.085129423983,38.9046202754449],[-121.085136007641,38.9046193524134],[-121.08615976237,38.9044800658526],[-121.087055755543,38.9043581654963],[-121.087283142276,38.9043271907569],[-121.08723439353,38.9044725095074],[-121.087707655421,38.9044048687191],[-121.089240381504,38.9041857668446],[-121.089193068963,38.9056030182939],[-121.089190611055,38.9056768245059],[-121.08917725349,38.9060770551642],[-121.089175791957,38.9060786638418],[-121.089155829149,38.9061006674976],[-121.08914587795,38.9061120539969],[-121.08913389381,38.9061257586501],[-121.08911255267,38.9061511015896],[-121.089091735099,38.9061767232231],[-121.089071546869,38.9062025969196],[-121.089051917699,38.9062287221288],[-121.089032847592,38.9062550988513],[-121.089014406827,38.9062817276375],[-121.088996525476,38.9063085804805],[-121.088979273822,38.9063356579309],[-121.088962616723,38.9063629597138],[-121.088946554534,38.9063904583725],[-121.088931122395,38.9064181541826],[-121.088916355446,38.9064460474193],[-121.088902148268,38.9064741372574],[-121.088888641775,38.9065023973411],[-121.088875730898,38.9065307993878],[-121.088863450075,38.9065593985869],[-121.088851835856,38.9065880853861],[-121.088840851338,38.9066169967951],[-121.088830533778,38.9066459683477],[-121.088820846979,38.9066750821395],[-121.088811826434,38.906704310989],[-121.088803472144,38.9067336548965],[-121.088795784462,38.9067630864051],[-121.088788762685,38.9067926604289],[-121.088782408574,38.9068222396831],[-121.088777794995,38.9068462719805],[-121.088776721427,38.9068518790818],[-121.088771700538,38.9068816335391],[-121.088767346967,38.906911420684],[-121.088763660714,38.9069412405169],[-121.08876067692,38.9069710933128],[-121.088758360093,38.9070010062537],[-121.088756711291,38.9070308969686],[-121.088755729811,38.9070608203715],[-121.088755451498,38.9070907218238],[-121.08875580572,38.9071206282319],[-121.088757116304,38.9071554299625],[-121.08875843457,38.9072416638041],[-121.088757713999,38.9072868568533],[-121.088755938494,38.9073320965565],[-121.088753214535,38.9073773013686],[-121.088749401201,38.9074224976454],[-121.088748040262,38.907435434239],[-121.088744639056,38.9074676864879],[-121.088738858873,38.9075127849746],[-121.088732095086,38.9075578482945],[-121.08872434875,38.9076027940767],[-121.088715548172,38.9076477315979],[-121.08870580124,38.9076924694855],[-121.088695035908,38.9077371444731],[-121.088683289077,38.9077816195512],[-121.088670559335,38.9078260045472],[-121.088656882881,38.9078702173653],[-121.08864832892,38.9078959350121],[-121.088642224569,38.9079142577297],[-121.088626549963,38.907958070451],[-121.08860996378,38.9080017112685],[-121.088592396088,38.9080451521744],[-121.088573847942,38.9080883107973],[-121.088554388567,38.9081312700583],[-121.088533949088,38.9081739195784],[-121.08851263387,38.9082163425541],[-121.088490338545,38.908258455788],[-121.088442596464,38.908334927634],[-121.088189837441,38.9087396934031],[-121.087624438237,38.9096451097239],[-121.087621854732,38.9096492358746],[-121.087622346545,38.9096492534625],[-121.087622662647,38.9096492696719],[-121.087674799715,38.9096507495702],[-121.087726936785,38.909652229445],[-121.08765109605,38.9097230710104],[-121.087552559608,38.9098151255991],[-121.086663368591,38.9106160388087],[-121.086660808306,38.9106183527796],[-121.086617221043,38.9105314025672],[-121.086318841988,38.9106643805163],[-121.086315619988,38.9106662224666],[-121.086071057058,38.9108067345905],[-121.086068047314,38.910808468363],[-121.086065071653,38.9108102847822],[-121.08606220142,38.9108121020299],[-121.086059294983,38.9108140013721],[-121.086056493974,38.9108159015427],[-121.086053727754,38.9108178294462],[-121.086050995617,38.9108198399968],[-121.086048333764,38.9108218510994],[-121.086045671558,38.910823889659],[-121.086043043434,38.9108260108655],[-121.086040485595,38.9108281326242],[-121.086037927403,38.9108302818398],[-121.086035544217,38.9108324873498],[-121.086033125534,38.9108347200407],[-121.086030776783,38.9108369807408],[-121.086028427679,38.9108392688977],[-121.086026183296,38.9108416127969],[-121.086023938912,38.910843956696],[-121.086021834392,38.9108463566136],[-121.086019764661,38.9108487842642],[-121.086017765215,38.9108512124672],[-121.086015730273,38.9108536678508],[-121.086013764909,38.9108561787006],[-121.086011904974,38.9108586903788],[-121.086010114969,38.9108612300662],[-121.086008324258,38.9108638246675],[-121.086006638975,38.9108664200972],[-121.08600498848,38.91086904326],[-121.086003372775,38.9108716941558],[-121.086001862498,38.9108743458801],[-121.086000422152,38.9108770256137],[-121.085999016596,38.9108797330802],[-121.085997646182,38.910882440823],[-121.085996380489,38.910885204308],[-121.085995185435,38.9108879408884],[-121.085994024816,38.9108907326589],[-121.085992899694,38.9108934972485],[-121.085991879292,38.9108963175805],[-121.085990894033,38.9108991381887],[-121.08598997906,38.9109019593491],[-121.085989134018,38.9109048085188],[-121.085988324119,38.9109076579647],[-121.085987619294,38.9109105356959],[-121.085986985108,38.9109133865226],[-121.085986385358,38.9109162925393],[-121.085985856247,38.9109191716513],[-121.085985397067,38.9109220787726],[-121.085985008527,38.9109249589893],[-121.085984689918,38.9109278672153],[-121.085984441595,38.9109307759936],[-121.085984193271,38.9109336847718],[-121.085984085165,38.9109366221117],[-121.085984012555,38.9109395322707],[-121.085984009877,38.9109424704391],[-121.085984078191,38.9109453542458],[-121.085984216438,38.9109482660619],[-121.085984572759,38.910953348909],[-121.085994160543,38.9110794917969],[-121.085993511661,38.9110862143277],[-121.085992926198,38.9110907405796],[-121.085992270449,38.9110952662793],[-121.085991474837,38.9110997359605],[-121.085990608585,38.9111042325463],[-121.085989672047,38.9111087285797],[-121.085988595292,38.9111131960516],[-121.085987413108,38.911117662695],[-121.085986126556,38.911122046139],[-121.085984804154,38.9111264842208],[-121.085983306392,38.9111308934648],[-121.085981774193,38.9111352475188],[-121.08598010107,38.911139627925],[-121.085978358368,38.911143952865],[-121.08597651059,38.9111482495195],[-121.085974557384,38.9111525453455],[-121.085972534599,38.9111567857053],[-121.085970371596,38.9111609975034],[-121.08596817345,38.9111652090253],[-121.085965800297,38.9111693642526],[-121.085963392354,38.9111734917465],[-121.085960914479,38.9111775912312],[-121.085958296738,38.9111816346973],[-121.085955573923,38.9111856498779],[-121.085952816318,38.9111896373254],[-121.085949988781,38.9111935967634],[-121.085947021379,38.9111975001829],[-121.085943949255,38.9112013478599],[-121.085940806845,38.9112051949844],[-121.085937595209,38.9112089591857],[-121.085934313641,38.9112126953776],[-121.085930927351,38.911216375827],[-121.085927470775,38.911220055724],[-121.085923910184,38.9112236249646],[-121.085920314804,38.9112271664719],[-121.085916614701,38.9112306522368],[-121.085912809523,38.911234109716],[-121.085908969909,38.911237512005],[-121.085905025927,38.9112408310946],[-121.085901047154,38.9112441224509],[-121.085896998803,38.9112473583408],[-121.085892810587,38.911250538212],[-121.085888587935,38.9112536628929],[-121.085884295703,38.9112567321074],[-121.085879899103,38.9112597181224],[-121.085875538353,38.9112626494995],[-121.085871037738,38.9112655248579],[-121.085866467544,38.9112683447498],[-121.085861898056,38.9112711097276],[-121.085857259697,38.9112737643251],[-121.085852480765,38.9112764178177],[-121.085847668105,38.911278961206],[-121.085842855798,38.9112814771373],[-121.085837939122,38.911283909869],[-121.085832988364,38.9112862599533],[-121.085828003169,38.9112885548475],[-121.085822913253,38.9112907939989],[-121.08581782475,38.9112929233224],[-121.085812665962,38.9112950520932],[-121.085807438655,38.9112970430266],[-121.085802247198,38.9112989793222],[-121.085796951372,38.9113008324181],[-121.085791620757,38.9113026577806],[-121.085786186127,38.9113043724864],[-121.085780822843,38.9113060053737],[-121.08577538998,38.9113075827944],[-121.085769922681,38.9113091050247],[-121.085764386511,38.9113105168746],[-121.08575888619,38.9113118740865],[-121.085753316644,38.911313148375],[-121.085747677873,38.9113143397399],[-121.085742110094,38.9113154767432],[-121.085736437947,38.9113165305466],[-121.085730802004,38.9113175022552],[-121.085725096835,38.9113183910403],[-121.085719392727,38.9113191974543],[-121.085713654537,38.9113199212209],[-121.085707917407,38.9113205626165],[-121.085702180984,38.911321149098],[-121.085696374983,38.9113216801127],[-121.085690606245,38.9113220466618],[-121.085684837155,38.9113224406676],[-121.085679034689,38.9113226971122],[-121.085673233284,38.9113228711857],[-121.085667432939,38.9113229628881],[-121.085661633302,38.9113229996763],[-121.085333237075,38.9113247837783],[-121.085328173669,38.9113249636381],[-121.085323108849,38.9113252533254],[-121.085318043321,38.9113255979263],[-121.085312976732,38.9113260248979],[-121.085307979721,38.9113265073358],[-121.085302946506,38.9113270718678],[-121.08529794808,38.911327664133],[-121.085292912742,38.9113283934063],[-121.085287982833,38.9113291235085],[-121.085282981223,38.9113299628854],[-121.085278049192,38.9113308577288],[-121.085273116452,38.9113318074858],[-121.085268217795,38.9113328398898],[-121.085263353218,38.9113339549407],[-121.085258488288,38.9113350974484],[-121.085253692229,38.9113363503363],[-121.085248860319,38.9113376578615],[-121.085244097987,38.9113390208532],[-121.08523937009,38.911340439035],[-121.085234641132,38.9113419395873],[-121.085230016894,38.9113434958825],[-121.08522539195,38.9113451070914],[-121.085220765943,38.9113468006709],[-121.085216245011,38.9113485225363],[-121.085211722664,38.9113503542292],[-121.085207235106,38.9113522136553],[-121.085202781983,38.9113541282715],[-121.085198432873,38.9113561535445],[-121.08519408341,38.9113582062742],[-121.085189768381,38.911360314194],[-121.085185558427,38.9113624503999],[-121.085181347058,38.9113646964332],[-121.085177205267,38.9113669979331],[-121.085173098265,38.9113693271662],[-121.08516906084,38.9113717118659],[-121.08516509264,38.911374179489],[-121.085161159582,38.9113766473883],[-121.085157295041,38.9113792531251],[-121.085153500786,38.9113818594145],[-121.085149705469,38.9113845480746],[-121.085146015227,38.9113872650207],[-121.085142394916,38.9113900099765],[-121.085138808687,38.9113928375794],[-121.085135327532,38.9113956934684],[-121.085131880812,38.9113986045475],[-121.085128502963,38.9114016260071],[-121.085125196107,38.9114045931057],[-121.085121958475,38.9114076431277],[-121.085118790421,38.9114107486163],[-121.085115692299,38.9114138821147],[-121.085112628258,38.9114170982602],[-121.085109669646,38.9114203152348],[-121.085106781319,38.9114235327623],[-121.085103961863,38.9114268606703],[-121.085101248189,38.9114301619505],[-121.085098568242,38.9114335733348],[-121.08509599337,38.9114370130053],[-121.085093488784,38.9114404532286],[-121.085091018633,38.9114439486422],[-121.085088688699,38.9114474726183],[-121.085086393555,38.9114510243278],[-121.085084203485,38.9114546043234],[-121.08508211849,38.9114582126053],[-121.085080033142,38.911461848344],[-121.08507808801,38.9114655126454],[-121.085076212811,38.9114692049565],[-121.085074407544,38.9114729252774],[-121.085072707352,38.9114766738845],[-121.085071077091,38.9114804505014],[-121.085069552259,38.9114842279476],[-121.085068097006,38.9114880608605],[-121.085066712392,38.9114918668693],[-121.085065432853,38.9114957011644],[-121.085064258035,38.9114995912026],[-121.085063153502,38.9115034817937],[-121.085062119256,38.9115073729377],[-121.085061154942,38.9115112920914],[-121.085060296056,38.9115152120745],[-121.0850595426,38.9115191328869],[-121.085058859075,38.9115230817091],[-121.085058280626,38.9115270588176],[-121.08505777317,38.911530981565],[-121.085057370435,38.9115349600557],[-121.085057072776,38.9115389668325],[-121.085056810613,38.9115429464289],[-121.085056654233,38.9115468993977],[-121.085056602574,38.9115509081097],[-121.085056656698,38.9115548901941],[-121.085056781108,38.9115588728313],[-121.085056975805,38.9115628560214],[-121.085057429,38.9115685986667],[-121.085086403483,38.9119193772894],[-121.085086649246,38.9119221251939],[-121.085437673765,38.9119292244209],[-121.085431885095,38.9123949779909],[-121.085425913634,38.9130358955812],[-121.085424827899,38.9131147238673],[-121.085416743017,38.9137096023176],[-121.085416732053,38.9137104534823],[-121.085410832921,38.9141356481014],[-121.085412178328,38.914173086258],[-121.085403616625,38.9143247612665],[-121.084388031665,38.9143263548251],[-121.084384516874,38.9143263546177],[-121.084386335882,38.9147303836034],[-121.084385895994,38.915285038728],[-121.084381739834,38.9158580351038],[-121.084380805988,38.9161198560121],[-121.084378767366,38.9166989925119],[-121.084378386382,38.9167407969057],[-121.084369967301,38.9176538479753],[-121.084165391992,38.917582009322],[-121.084002099994,38.9174611503241],[-121.084034572332,38.9173390044205],[-121.084053560638,38.9172675802346],[-121.084018268678,38.9170579633167],[-121.083919339301,38.9168919317787],[-121.083841740544,38.916761724575],[-121.083799946116,38.916741459649],[-121.083697748523,38.916741574553],[-121.083653389686,38.9167416232824],[-121.083558925002,38.9167417303323],[-121.083442650016,38.9167418576714],[-121.083435584872,38.9167418706507],[-121.082837091919,38.9167425353566],[-121.082420990546,38.9167429882988],[-121.082393996965,38.9167388348951],[-121.082200359464,38.916708996266],[-121.082189853252,38.9167073756261],[-121.082153177811,38.9167017315986],[-121.081997513643,38.9166777528463],[-121.082013685901,38.9166883426237],[-121.082003725155,38.9166934676297],[-121.081430332,38.916988650059],[-121.080766490615,38.9173289314866],[-121.080706904683,38.9173593802296],[-121.07983658833,38.9169456832791],[-121.079834667419,38.9169447344535],[-121.079767326879,38.9170880357128],[-121.07976316981,38.9170968997728],[-121.079715058289,38.917199328312],[-121.079714418571,38.9173273129688],[-121.079714203939,38.9173655626493],[-121.079712739092,38.9175707574834],[-121.079690708628,38.917570116373],[-121.079314360005,38.9175594495042],[-121.079262659312,38.9174588397959],[-121.079125679698,38.9173397610854],[-121.078377769361,38.9167576505802],[-121.078115407092,38.916552616796],[-121.078113945957,38.9165514519079],[-121.077865541549,38.9163570726958],[-121.077639064907,38.9161794250276],[-121.077252758307,38.9159808754151],[-121.077048061197,38.9160342257834],[-121.076955644757,38.9161350385249],[-121.076904267548,38.9161910056325],[-121.076429650236,38.9167018059961],[-121.076145328454,38.9168855054485],[-121.076144732405,38.9171446930479],[-121.076143765509,38.9174701929235],[-121.076015022406,38.9174667538983],[-121.075787999499,38.9174607490354],[-121.07531539886,38.9174565263438],[-121.075302669531,38.9177294846546],[-121.075289802737,38.9180021947254],[-121.075276937276,38.9182747949583],[-121.075261605078,38.9185991371467],[-121.075999472431,38.9186101904558],[-121.075964623947,38.9192108421101],[-121.075964610724,38.9192118580146],[-121.075916628433,38.9200572361042],[-121.076008328963,38.9200605457338],[-121.076178806248,38.9200662658099],[-121.077579187913,38.9201224125259],[-121.077869162118,38.9201347892338],[-121.07832633506,38.9201536524945],[-121.078644431589,38.9201659205637],[-121.078987378399,38.9201783021356],[-121.079341052006,38.9201902458575],[-121.079563848827,38.9201975557997],[-121.079650283315,38.9202003815329],[-121.07964840282,38.9202505355312],[-121.079640850555,38.9204534853565],[-121.079633344858,38.9206121705068],[-121.079606480062,38.9210222882597],[-121.079607497097,38.9212095439976],[-121.079609163509,38.921406360844],[-121.079609505217,38.9214423632123],[-121.079612043773,38.9216749394798],[-121.079615007328,38.9219072719656],[-121.079617708214,38.9220975066523],[-121.079618324163,38.9221394699412],[-121.079621749314,38.9223714490894],[-121.079624612094,38.9225627559737],[-121.079625211771,38.9226032637676],[-121.079628380003,38.9228225270312],[-121.079628536148,38.9228348851287],[-121.079631737639,38.9230786976144],[-121.079632344519,38.9231267843378],[-121.079635146042,38.9233770466777],[-121.079636008247,38.9234650892705],[-121.079636562354,38.9235199581178],[-121.079638256947,38.923706477746],[-121.079638922505,38.9237934203918],[-121.079640362905,38.9240212373759],[-121.07964133661,38.924233535937],[-121.079642348623,38.924478127389],[-121.079642476898,38.9245061922049],[-121.07964325921,38.9248335727877],[-121.079643481981,38.9249844929878],[-121.079643783235,38.9251971431796],[-121.079644293404,38.9254885768542],[-121.079644928763,38.9257323964171],[-121.079418739095,38.9257441169459],[-121.079261307612,38.9257505872438],[-121.07902009998,38.9257601561222],[-121.07887855053,38.9257671909868],[-121.078611593509,38.9257753469137],[-121.078511018489,38.9257780926148],[-121.07825789923,38.9257845175381],[-121.078257656121,38.9257166078034],[-121.078256378181,38.9253358416335],[-121.07779735176,38.9253488443827],[-121.077668894245,38.9253520822739],[-121.077426185053,38.9253582583924],[-121.077426306338,38.9250730355295],[-121.077426320255,38.9250719647118],[-121.077426332744,38.9250710037216],[-121.077426380027,38.925070070467],[-121.077426462816,38.9250691100343],[-121.077426580397,38.9250681773372],[-121.077426662829,38.9250672443613],[-121.077426780768,38.9250662842074],[-121.077426969006,38.9250653246109],[-121.07742715653,38.9250644199281],[-121.077427344768,38.9250634603317],[-121.077427567799,38.9250625284708],[-121.077427790829,38.9250615966099],[-121.077428084516,38.9250606378497],[-121.077428131441,38.925059732052],[-121.077426404802,38.9249031706484],[-121.077254013601,38.9249058674423],[-121.077219599308,38.9249058141482],[-121.076944700816,38.9249139581538],[-121.076715147217,38.9249196055863],[-121.076562251824,38.9249233897103],[-121.076322365972,38.9249288170549],[-121.076305663487,38.924929178714],[-121.075998512846,38.9249358836342],[-121.075620360441,38.9249446871895],[-121.075070135566,38.9249613754926],[-121.075012751535,38.9252322210822],[-121.074924670932,38.925643883024],[-121.074933901992,38.9258580871531],[-121.074937672633,38.9259464000639],[-121.074937812603,38.9259491471466],[-121.075824914613,38.9259277219142],[-121.075825012746,38.9260551905964],[-121.075825061817,38.926110824327],[-121.07582570397,38.9263342140379],[-121.075827039956,38.9265691148656],[-121.075827700249,38.9267398095589],[-121.075827381965,38.9268101587614],[-121.075826433814,38.9269207863272],[-121.075823216787,38.9271570788734],[-121.07581880336,38.9275203629736],[-121.075817133925,38.9276566870691],[-121.07581604724,38.9277455517197],[-121.075823625851,38.9277453373257],[-121.076100482562,38.9277374997615],[-121.076167158474,38.9277357500867],[-121.076166596179,38.9277897588271],[-121.07616352416,38.9280203958045],[-121.076163129874,38.9280479896587],[-121.076161258813,38.9282511764795],[-121.076160390013,38.9284637899259],[-121.076160431843,38.9285200002335],[-121.076163842597,38.9285199449384],[-121.076228690299,38.9285182630843],[-121.076367702949,38.9285148084796],[-121.076577046168,38.9285097701019],[-121.076663727132,38.928507931782],[-121.076654112266,38.9282903747771],[-121.076657057413,38.9282963843626],[-121.076945237286,38.928289801675],[-121.077151868777,38.9282864295239],[-121.077279367551,38.9282843378652],[-121.077315180344,38.9282837569173],[-121.077336805145,38.9282834066848],[-121.077336119369,38.9283361650254],[-121.077335598835,38.9283762108433],[-121.077331423124,38.9286974559991],[-121.077330435045,38.9287734702889],[-121.077326774477,38.9290550814669],[-121.077324984423,38.9291927912925],[-121.077321706418,38.9294449687149],[-121.077305215571,38.9294451949058],[-121.077305270581,38.929469359859],[-121.077305294033,38.9294770212952],[-121.077305576915,38.9296107659004],[-121.077305938082,38.92977635062],[-121.077306626186,38.9300912224597],[-121.077308940371,38.9301890521786],[-121.077311716249,38.9303013979962],[-121.077314492136,38.9304137438122],[-121.077317951754,38.9305654447624],[-121.077321212439,38.9307081098992],[-121.077319319956,38.9308104233651],[-121.077317427469,38.9309127368297],[-121.077316976519,38.9309366094393],[-121.077316016446,38.9309861253458],[-121.077310162949,38.9312038341284],[-121.077301817721,38.9315023369571],[-121.077295785061,38.9317797965476],[-121.077288833993,38.9321116739095],[-121.077286402132,38.9322365411979],[-121.076644232575,38.9321712824501],[-121.076616830622,38.9323264592567],[-121.076345883883,38.9324744855361],[-121.076231251074,38.9325463435692],[-121.076200122287,38.9326528321523],[-121.076098388812,38.9330004051865],[-121.077026780448,38.9329980803895],[-121.077342019789,38.9329992626348],[-121.077359456325,38.9329993734474],[-121.077357783891,38.9330631215292],[-121.077349508929,38.9334819805585],[-121.077172333734,38.9334819209497],[-121.077168817994,38.9334819205242],[-121.076856800665,38.9334815322616],[-121.076732411437,38.933481698569],[-121.076461512651,38.9334825142362],[-121.076073553904,38.933484926053],[-121.075993808593,38.9334855559164],[-121.075750877209,38.9334877453391],[-121.075530375738,38.9334899751781],[-121.07539988807,38.9334913822096],[-121.075042463241,38.9334951590769],[-121.074867775224,38.9334917381921],[-121.074867781837,38.9333671537123],[-121.074868192786,38.9331387199625]],[[-121.089578143203,38.8728265899504],[-121.089578266234,38.8728224719407],[-121.089570275028,38.872822450546],[-121.089206386211,38.8728214124599],[-121.089050320891,38.8728209722162],[-121.088922075425,38.8728206124988],[-121.088863098777,38.8728204385963],[-121.088762479985,38.872820157932],[-121.088746374642,38.8728201140664],[-121.088743111534,38.8729074519174],[-121.088743086576,38.8729080283781],[-121.088741727409,38.8729441548519],[-121.08873552215,38.8731102381419],[-121.088733809633,38.8731561100823],[-121.088733171533,38.8731729928715],[-121.088728306446,38.8733030593755],[-121.088708794064,38.873824629306],[-121.087474322658,38.8738210967417],[-121.087382677428,38.8738208304133],[-121.087378643895,38.8739598003827],[-121.087376289137,38.8740405549713],[-121.086570078476,38.8740382596699],[-121.086462801532,38.8740379521729],[-121.08646286049,38.8740360990979],[-121.086463113802,38.8740273276736],[-121.086468992655,38.8738228530745],[-121.086469565472,38.8738028942809],[-121.08648022952,38.8734325449938],[-121.086460934778,38.8734401233121],[-121.086447041922,38.8734455747515],[-121.086012388603,38.8736162672738],[-121.085860501171,38.8736759239878],[-121.085843360007,38.8736826541544],[-121.085815362122,38.873693651326],[-121.085762720623,38.8737143127667],[-121.085710623482,38.8737377107182],[-121.085610439211,38.8737827120144],[-121.084982052093,38.8740678670406],[-121.084969455423,38.8740735756457],[-121.085232168222,38.8740743251237],[-121.085813181655,38.8740759985791],[-121.085816272784,38.8740760091574],[-121.085849519494,38.8741358261365],[-121.085879424121,38.8741967116159],[-121.085905930643,38.8742585515537],[-121.085928989403,38.8743212301201],[-121.085948557202,38.874384629914],[-121.085964597377,38.8744486321832],[-121.085977079876,38.8745131170466],[-121.085985981307,38.8745779637188],[-121.085992536077,38.8746732596646],[-121.085996547119,38.8748160960291],[-121.085997571652,38.8748525020841],[-121.086002949463,38.8750447356881],[-121.085954386051,38.8750446010044],[-121.085292853207,38.8750426929665],[-121.085251894877,38.875042576638],[-121.085165007863,38.8750423185544],[-121.085049931142,38.8750419895759],[-121.084981485782,38.875041794116],[-121.084947078785,38.8750416880552],[-121.084946923296,38.8750483046501],[-121.084945534918,38.8751083620976],[-121.084942245299,38.8752505643865],[-121.084942023615,38.8752609561866],[-121.084940739677,38.8753156323285],[-121.084935898549,38.8755250989798],[-121.084935662307,38.8755352572565],[-121.084935509292,38.8755416816517],[-121.084929160722,38.8758163535212],[-121.08492420777,38.8760304050719],[-121.08492122746,38.8761594977146],[-121.084920907277,38.8761734447858],[-121.084920598236,38.8761865269602],[-121.084919607743,38.8762293290318],[-121.084916431192,38.8763668365635],[-121.084915648946,38.8764002902031],[-121.084915642756,38.8764007707013],[-121.084915437865,38.8764098582906],[-121.084914886207,38.876433592967],[-121.085032825621,38.8764341230805],[-121.085481768492,38.8764361177884],[-121.086307204336,38.8764397934839],[-121.086577472792,38.8764409974025],[-121.086762874015,38.8764418223825],[-121.086893652406,38.8764424102735],[-121.087209797082,38.8764438082802],[-121.087281474123,38.8764441238988],[-121.087631305716,38.8764456753903],[-121.087692672856,38.8764459510328],[-121.08782181792,38.8764465250621],[-121.087841998483,38.8764466147541],[-121.088135503662,38.8764479149876],[-121.088843087946,38.8764510601298],[-121.089433874571,38.8764536706481],[-121.089461712882,38.8764537925779],[-121.089462144556,38.8764406701691],[-121.089463866358,38.8763871919424],[-121.089466141289,38.8763165968551],[-121.089466380336,38.8763089099801],[-121.089473957573,38.8760726776454],[-121.089477171948,38.8759726392647],[-121.089478816579,38.8759210688877],[-121.089480126538,38.8758805347341],[-121.089482977788,38.8757910106156],[-121.089483295563,38.8757812923307],[-121.089486295646,38.8756883780899],[-121.089492464544,38.87549623517],[-121.08949282469,38.8754845812997],[-121.089492888322,38.8754823575531],[-121.089493155308,38.8754738608318],[-121.089493884892,38.8754511984694],[-121.089499108112,38.8752903523265],[-121.089505698778,38.8750844827938],[-121.089508375436,38.8750003531538],[-121.089509840216,38.8749545891137],[-121.089512245308,38.8748793131362],[-121.089512401887,38.8748753189593],[-121.089512482728,38.8748731228072],[-121.089519115128,38.8746667318555],[-121.08952464621,38.8744941902278],[-121.089525266286,38.874474588775],[-121.089531434973,38.8742824458278],[-121.089537603803,38.8740902891476],[-121.089540435026,38.8740023163344],[-121.089541375493,38.8739727906655],[-121.089548831837,38.8737404703474],[-121.089555440129,38.8735345734581],[-121.089555492177,38.8735318828033],[-121.089555789731,38.8735223703062],[-121.089556515932,38.8734999687809],[-121.089557008911,38.8734848010915],[-121.089562118345,38.8733259585893],[-121.08956881426,38.8731173301247],[-121.089569262784,38.8731028897717],[-121.089569461903,38.87309694628],[-121.089571797963,38.8730243058892],[-121.089572935937,38.8729889602819],[-121.0895759481,38.8728950850136],[-121.089577883099,38.8728345512615],[-121.089578143203,38.8728265899504]]]},"properties":{"OBJECTID":2,"CITY":"AUBURN","CITY_CODE":"AU"}},{"type":"Feature","id":3,"geometry":{"type":"Polygon","coordinates":[[[-121.070224586973,38.9568582246041],[-121.070159143355,38.9532160357729],[-121.074857528467,38.9532263762789],[-121.074858270252,38.9531829685446],[-121.074924291615,38.9531820105227],[-121.07538136753,38.9531760318821],[-121.074930965393,38.9524219268299],[-121.076317403745,38.9524014152436],[-121.077537846413,38.9523814662567],[-121.078259211411,38.9523688387237],[-121.078334276128,38.9523051228448],[-121.079458486787,38.9522834854282],[-121.079455447641,38.9517018123032],[-121.079438492374,38.9517021999209],[-121.079417141038,38.9517026076816],[-121.079419798142,38.9504921410708],[-121.079420079309,38.9503674629896],[-121.079428943389,38.9503672859703],[-121.079428727577,38.9503351290735],[-121.079428389945,38.9503123623956],[-121.079428163019,38.9503068137616],[-121.079427489363,38.9502896187242],[-121.07942616648,38.9502668991717],[-121.079424316165,38.9502441754471],[-121.079422008031,38.95022150302],[-121.079419206917,38.9501988816124],[-121.079415913892,38.9501762288539],[-121.079412162336,38.9501536823065],[-121.079407847477,38.9501311862221],[-121.079403145126,38.9501087419913],[-121.079397914634,38.9500863485017],[-121.079392260776,38.950064061501],[-121.079386008099,38.9500418521417],[-121.079379367931,38.9500196946359],[-121.079372268879,38.9499976707976],[-121.079364675783,38.9499757803483],[-121.079356589711,38.9499539409178],[-121.079345011166,38.9499248245234],[-121.079329929574,38.9498865363677],[-121.079321170208,38.9498623850014],[-121.07931290454,38.9498381277016],[-121.079305168087,38.94981373729],[-121.079297925332,38.9497892409452],[-121.079291246241,38.9497646666804],[-121.07928502604,38.9497399587476],[-121.079279403952,38.9497152280868],[-121.079274275915,38.9496903640363],[-121.079269710827,38.9496654769798],[-121.079265674239,38.9496405117256],[-121.079262130632,38.9496154954521],[-121.079259150329,38.9495904287161],[-121.079256697455,38.9495653661528],[-121.079254808597,38.9495401982132],[-121.079253411292,38.9495150890819],[-121.079252764049,38.9494958622397],[-121.07925272342,38.9494949282917],[-121.079244112845,38.9494376343551],[-121.079509225882,38.9494320978343],[-121.079509133575,38.9494310810989],[-121.081917996318,38.9493792910908],[-121.083625499769,38.9493425802824],[-121.08401882721,38.9493341162973],[-121.084867282063,38.9493405716221],[-121.088258466589,38.949366255492],[-121.088705847731,38.9493683317209],[-121.088707082716,38.9500416226488],[-121.088707370303,38.9502191235673],[-121.088707514628,38.9503420611941],[-121.08870766093,38.9504785364022],[-121.088712875399,38.9529860474243],[-121.090239849094,38.9529845111899],[-121.090746785,38.9529842989639],[-121.091304889481,38.952984044706],[-121.093357152308,38.9529853046391],[-121.094047297682,38.9529859284878],[-121.094518178679,38.9529863802509],[-121.094541124826,38.9529864077482],[-121.094536560596,38.9537919253491],[-121.094536426913,38.953813425129],[-121.094530735461,38.9548147478293],[-121.094510428159,38.954814576108],[-121.093348609241,38.9548043779106],[-121.093336778464,38.9566109859668],[-121.088718301557,38.95661624295],[-121.088672015517,38.9566165395645],[-121.087662269126,38.9566230175806],[-121.087328178211,38.9566247093895],[-121.084035241843,38.9566413207243],[-121.082161813428,38.9566507263108],[-121.08051931548,38.9566646173969],[-121.079589990594,38.9566662511713],[-121.078392752327,38.9566892617853],[-121.076692140885,38.9567202952076],[-121.075764404398,38.9567375904681],[-121.074957844653,38.9567533426805],[-121.074908419443,38.956754322822],[-121.072518176058,38.9568041135537],[-121.071631873715,38.956823518401],[-121.071204335787,38.9568333428924],[-121.070363304861,38.9568546920068],[-121.070224586973,38.9568582246041]]]},"properties":{"OBJECTID":3,"CITY":"AUBURN","CITY_CODE":"AU"}},{"type":"Feature","id":4,"geometry":{"type":"Polygon","coordinates":[[[-120.936194378311,39.0852549155604],[-120.935242721557,39.0843528338954],[-120.934572182023,39.0842512045193],[-120.933963009863,39.083909147581],[-120.933765049548,39.0834168554507],[-120.934406652367,39.0828418420852],[-120.93434579943,39.0816410573269],[-120.934051540608,39.0809531147641],[-120.933455553995,39.0799667547083],[-120.934570236878,39.0794269590264],[-120.935510576944,39.0793001727389],[-120.936095936511,39.0792786602739],[-120.93637027719,39.0792339878673],[-120.939072869174,39.0787918821524],[-120.93941588001,39.0787982706204],[-120.939426494164,39.079804621498],[-120.939343507515,39.0811186284297],[-120.940369127961,39.0811491253297],[-120.940412873459,39.0811923048139],[-120.940581430801,39.0814813101533],[-120.939569147922,39.0818491818101],[-120.939828210646,39.0823290586065],[-120.939901143267,39.0827572937548],[-120.939621542299,39.0840303276998],[-120.938829048086,39.0845949345513],[-120.937975003142,39.0850833794591],[-120.93739254589,39.0852863806288],[-120.937036367446,39.0852960401101],[-120.93675290246,39.0851771645995],[-120.936362800149,39.0854163762163],[-120.936194378311,39.0852549155604]]]},"properties":{"OBJECTID":4,"CITY":"COLFAX","CITY_CODE":"CO"}},{"type":"Feature","id":5,"geometry":{"type":"Polygon","coordinates":[[[-120.940852486012,39.0913209967938],[-120.94085222928,39.0907550548816],[-120.94085214502,39.0905521835729],[-120.940852081115,39.090411563057],[-120.9408517892,39.0902426022945],[-120.940851580752,39.0901293163602],[-120.940851941644,39.0901299237465],[-120.940918245757,39.090215389454],[-120.940937615593,39.0902298509068],[-120.940958529311,39.0902429414707],[-120.94098082769,39.0902545614844],[-120.94100434097,39.0902646224824],[-120.941028890138,39.0902730478681],[-120.941054288297,39.0902797734972],[-120.941080342085,39.0902847481661],[-120.94110685315,39.0902879340014],[-120.942369635873,39.0904106324506],[-120.942571281595,39.0904100859382],[-120.942797190688,39.0903868853254],[-120.942816487533,39.0903853577869],[-120.942824227121,39.0903850023326],[-120.942839735175,39.0903847173059],[-120.94284361101,39.0903847249842],[-120.942891866208,39.0903879122094],[-120.942938993525,39.090396600911],[-120.9429779872,39.0904083904627],[-120.943014739338,39.0904239502758],[-120.943048652647,39.0904430274741],[-120.943079175969,39.0904653120172],[-120.943082572688,39.0904702717774],[-120.943084571637,39.0904732692469],[-120.943099752506,39.0904996306259],[-120.943105404003,39.0905116953625],[-120.943107345187,39.0905162025783],[-120.943107973403,39.090517787191],[-120.943120823616,39.0905607476148],[-120.943125112919,39.090604732938],[-120.943120740868,39.0906487133129],[-120.943107809813,39.0906916590057],[-120.943105581622,39.0906969384859],[-120.943083304035,39.0907376374341],[-120.943083159832,39.0907378558028],[-120.943070711848,39.0907550287063],[-120.943064211943,39.0910099308622],[-120.943081710337,39.091174956045],[-120.943084000592,39.0911749630734],[-120.943080473444,39.0914372650193],[-120.943040934838,39.0931656438818],[-120.943040318679,39.0932659476577],[-120.943038338647,39.0935756722646],[-120.942707210482,39.0935663273995],[-120.940853452794,39.0935133962189],[-120.940852486012,39.0913209967938]]]},"properties":{"OBJECTID":5,"CITY":"COLFAX","CITY_CODE":"CO"}},{"type":"Feature","id":6,"geometry":{"type":"Polygon","coordinates":[[[-120.948229163788,39.1141624937906],[-120.94848280414,39.1136381929658],[-120.948683987582,39.1132210593751],[-120.94880640407,39.1129668732347],[-120.948840219257,39.1128947677098],[-120.948872243946,39.1128221792316],[-120.948902688373,39.1127491920739],[-120.948931446,39.1126758601965],[-120.948958446756,39.1126021555099],[-120.948983725887,39.112528078333],[-120.949007282583,39.112453683578],[-120.949040764403,39.1123363357377],[-120.949041749469,39.1123328984667],[-120.949056625363,39.1122829192125],[-120.949070305044,39.112232791882],[-120.949082859406,39.112182489655],[-120.949094253618,39.1121319847588],[-120.949104451218,39.1120813592432],[-120.949113523098,39.1120305862877],[-120.949121398371,39.1119796927133],[-120.949128111872,39.1119287062936],[-120.949133628363,39.111877626711],[-120.949137982681,39.1118264817389],[-120.949141139993,39.1117752436044],[-120.949143169563,39.1117239953095],[-120.949143930428,39.1116727355843],[-120.949143528721,39.1116214379256],[-120.949141998873,39.1115701575622],[-120.949139200326,39.1115188657685],[-120.949135308069,39.1114676464988],[-120.949130181546,39.1114164710273],[-120.949126189199,39.1113838682853],[-120.949123891242,39.111365339989],[-120.949116435938,39.1113143357506],[-120.949107782023,39.1112633481717],[-120.949097962705,39.111212514848],[-120.949086978394,39.1111618083233],[-120.949074829499,39.1111112011418],[-120.949058368797,39.1110495164553],[-120.94900902323,39.1107456735978],[-120.948818868166,39.1095708145061],[-120.948660713968,39.108676548324],[-120.948631855824,39.1085716131525],[-120.948618143962,39.1085147585313],[-120.94860577451,39.1084576963336],[-120.948594533402,39.1083982278818],[-120.948585349637,39.1083426222831],[-120.948577507048,39.1082868914761],[-120.948570970391,39.1082310351434],[-120.9485657032,39.1081751353345],[-120.948561741529,39.1081191374559],[-120.948559084558,39.1080630964191],[-120.948557732284,39.1080070122242],[-120.948557684296,39.107950912327],[-120.948558975832,39.107894797045],[-120.948561536,39.1078386931987],[-120.948565434462,39.1077826563345],[-120.948570636382,39.1077266586791],[-120.948577106518,39.1076706999145],[-120.948584914123,39.107614863043],[-120.948593989122,39.1075591199733],[-120.948604401584,39.1075034987962],[-120.948616081026,39.1074479988758],[-120.94862902663,39.1073926751232],[-120.948643274041,39.1073375004],[-120.948658857679,39.1072825299347],[-120.948675672231,39.1072277353182],[-120.948693752119,39.1071731717789],[-120.948713096931,39.107118866772],[-120.948733706665,39.1070648202968],[-120.948755546079,39.1070110320351],[-120.948778650003,39.1069575297595],[-120.948802982786,39.1069043406072],[-120.949394267749,39.1068999475066],[-120.94948307967,39.1058265097915],[-120.949485803021,39.1057949835117],[-120.949593909976,39.1047439614033],[-120.94960570703,39.1043003516969],[-120.949619277632,39.1037728146253],[-120.949620391049,39.1037191415781],[-120.949551594713,39.1037668504756],[-120.949483168791,39.103815715963],[-120.949385219122,39.1038876833915],[-120.949288976763,39.10396095671],[-120.94919440566,39.1040355905166],[-120.949101578735,39.104111420716],[-120.949010459935,39.1041885019064],[-120.948921120553,39.1042667798153],[-120.948833525352,39.1043462541293],[-120.948747780863,39.1044268708937],[-120.948663922326,39.10450863043],[-120.948581914914,39.1045915049691],[-120.948501794274,39.1046754673767],[-120.948423631703,39.1047604633806],[-120.948301772299,39.1048997094705],[-120.948667784742,39.1029834341767],[-120.948578602287,39.1021232613891],[-120.948503818082,39.1014019155696],[-120.948442037249,39.1008064783162],[-120.948459042269,39.1005323123118],[-120.948102302228,39.100522559932],[-120.947896527122,39.1005180402159],[-120.947872050829,39.1004884927741],[-120.947878858509,39.1003789774713],[-120.947889159609,39.1002146023482],[-120.947913564849,39.0998314893263],[-120.947922333774,39.0996943263578],[-120.947922305473,39.0996938592927],[-120.947879482805,39.0994238491331],[-120.947861588394,39.0994233307255],[-120.947876047325,39.099206806495],[-120.947751074442,39.0991767093118],[-120.947788530475,39.0986149532737],[-120.948228423343,39.0986297128619],[-120.94823257678,39.0986205514199],[-120.94826084668,39.0985583636877],[-120.948273341382,39.0985309345868],[-120.948310210488,39.0980938113064],[-120.948343609969,39.0975557159148],[-120.948270433055,39.0975475595832],[-120.948275588349,39.0974590769433],[-120.947216770435,39.097467179764],[-120.946219775445,39.0974814882597],[-120.945323459318,39.0975052386626],[-120.945314970908,39.0974860226814],[-120.945225385241,39.0974297169733],[-120.945163972855,39.0974124936454],[-120.944885301207,39.097334349476],[-120.944889542311,39.0972341884192],[-120.944951451472,39.0958037006062],[-120.944975227919,39.0953171149506],[-120.945124199215,39.09531585394],[-120.945118221713,39.095426159317],[-120.945444081808,39.0954278158924],[-120.946337705669,39.0954316646482],[-120.946371981751,39.0948663650735],[-120.946377246148,39.0947778010636],[-120.946416845934,39.0940914808857],[-120.94643567496,39.0937614513306],[-120.946984322993,39.0937709925746],[-120.946982257148,39.0937985431886],[-120.947722886156,39.0938100340402],[-120.948075867118,39.0938143719413],[-120.948779181816,39.0938233501867],[-120.948779227381,39.0938511395346],[-120.949232685087,39.093856901363],[-120.949348111715,39.0936985668804],[-120.949356947474,39.093464033174],[-120.94944437811,39.0932474383233],[-120.949548873396,39.0929885723108],[-120.949616164435,39.0928218956274],[-120.949621863084,39.0928082996227],[-120.949646288213,39.0927497015359],[-120.949658729516,39.0927198279028],[-120.949757249143,39.0925513454933],[-120.949809581178,39.0924607064191],[-120.949810919379,39.0924583844194],[-120.949888911603,39.092322064235],[-120.94995279581,39.0922103853652],[-120.949954134815,39.0922080084522],[-120.950029290147,39.0920764268386],[-120.950168475352,39.0918327830664],[-120.950558461375,39.0913033882564],[-120.950497800071,39.0911144980811],[-120.950534459458,39.0910921739826],[-120.950612881988,39.090933752338],[-120.950909967556,39.0909140734946],[-120.950980123035,39.0908450675172],[-120.951046094491,39.0907801976945],[-120.95124127091,39.090594350398],[-120.951601759939,39.0902511089061],[-120.951523751443,39.0902092183785],[-120.951281926763,39.0900855907103],[-120.950607620927,39.0897407847812],[-120.950604053824,39.0897389678161],[-120.950737812004,39.0895222808417],[-120.950739508121,39.0895195776195],[-120.950107800085,39.0893560547922],[-120.950022489979,39.0900717583525],[-120.950011376786,39.0903293651036],[-120.949897547379,39.0902616411135],[-120.949552184032,39.0900561269586],[-120.949219963361,39.089899443237],[-120.949192338591,39.0898863844717],[-120.949164531363,39.0898737496768],[-120.949156794423,39.0898703710909],[-120.949136664576,39.0898615674192],[-120.949108578672,39.0898499049095],[-120.949080310715,39.0898386389141],[-120.949051877097,39.089827851959],[-120.949023260815,39.0898175027015],[-120.948994408613,39.0898076181211],[-120.948965338719,39.0897981571927],[-120.948936032904,39.0897891609409],[-120.948929817618,39.0897877182164],[-120.948819837231,39.0897516062049],[-120.948814206724,39.0897499353405],[-120.948809348036,39.0897484911091],[-120.948801226939,39.0897460701167],[-120.948796174889,39.0897445966822],[-120.948795034573,39.0897442706188],[-120.948794069596,39.0897440010549],[-120.948788806773,39.0897424845308],[-120.948787122621,39.0897420025378],[-120.948719952442,39.0897237680202],[-120.948714213394,39.0897222883884],[-120.948599101928,39.0896959741175],[-120.948593867617,39.0896949109224],[-120.948592690645,39.0896946806346],[-120.948591707036,39.0896944795496],[-120.948586261544,39.0896934007204],[-120.94858452251,39.0896930555268],[-120.948528231118,39.0896825527134],[-120.948393434582,39.0896590263529],[-120.948324762391,39.0896470388137],[-120.948200966313,39.0896254237645],[-120.948126877494,39.0896139776282],[-120.948066748967,39.0896068037597],[-120.9480282198,39.0896031885022],[-120.948006434383,39.0896014816941],[-120.947981899743,39.0895998324572],[-120.947957307567,39.0895984984797],[-120.94792633638,39.0895972579705],[-120.947924504992,39.0895972002578],[-120.947899902213,39.0895965801182],[-120.947897154417,39.0895965415962],[-120.947882552487,39.0895963274697],[-120.94788068546,39.0895962968943],[-120.947880245075,39.0895962929208],[-120.947806592167,39.0895970150487],[-120.947781192285,39.0895978705016],[-120.947678608339,39.0896047020754],[-120.947656253742,39.0896069167664],[-120.94763325989,39.089609468927],[-120.947611691862,39.0896121025999],[-120.947608638076,39.0896125006607],[-120.947598382523,39.0896138222648],[-120.947587701753,39.089615304787],[-120.94758078122,39.0896162720566],[-120.94757470745,39.0896171645898],[-120.947567326672,39.0896182787317],[-120.947564024842,39.0896187706608],[-120.947555866743,39.0896200288133],[-120.947537888781,39.08962292828],[-120.947530540989,39.0896241937443],[-120.947525365806,39.0896250806556],[-120.947523475859,39.0896254068404],[-120.947515385772,39.0896268303607],[-120.947508566849,39.0896280731376],[-120.947503903124,39.0896289234751],[-120.947499257218,39.0896297602437],[-120.947497755421,39.0896300487423],[-120.947487295689,39.0896320687098],[-120.947486677314,39.0896321866957],[-120.947479397738,39.0896336037995],[-120.947475121347,39.0896344713618],[-120.947456742781,39.0896382459025],[-120.947445466618,39.0896406703885],[-120.947443116017,39.0896411709004],[-120.947429098448,39.0896443120446],[-120.947387302008,39.0896542732399],[-120.947381855449,39.0896556382355],[-120.947379379499,39.0896562749118],[-120.947371473789,39.0896583316538],[-120.947363585693,39.0896603885543],[-120.947357713303,39.0896619556506],[-120.947355732216,39.0896624869559],[-120.947351363052,39.0896636694598],[-120.94734787833,39.0896646128127],[-120.947343208276,39.0896658887082],[-120.947325180029,39.0896709844443],[-120.947320827459,39.0896722357455],[-120.947318509434,39.0896729150355],[-120.947314474757,39.0896741142873],[-120.947309201492,39.0896756730602],[-120.947299910757,39.0896784586989],[-120.947293238324,39.0896805128396],[-120.947281769261,39.0896840614058],[-120.947273927476,39.0896865580695],[-120.947261765696,39.0896904848123],[-120.947257640491,39.0896918480016],[-120.947256826101,39.0896921152438],[-120.947250912761,39.0896940663973],[-120.94724299786,39.0896967408853],[-120.947231824172,39.0897005667078],[-120.947229592998,39.0897013291584],[-120.94722422655,39.0897032303293],[-120.94722027709,39.0897046225635],[-120.947217248529,39.0897056935984],[-120.94721227166,39.0897074609887],[-120.947209065516,39.0897086265282],[-120.947201536722,39.0897114006074],[-120.947193990515,39.0897141607992],[-120.947177034809,39.0897205842496],[-120.947168476155,39.0897238982173],[-120.947167058554,39.0897244483368],[-120.94716200816,39.089726421007],[-120.947156673878,39.0897285284111],[-120.947147120595,39.0897323825858],[-120.947146872346,39.0897324901821],[-120.947142104614,39.0897344104848],[-120.947137177118,39.089736411723],[-120.947132230986,39.0897384814414],[-120.947112568947,39.0897468163379],[-120.947104891262,39.0897501245258],[-120.947097230171,39.0897535015117],[-120.947080221458,39.0897611189556],[-120.947078642664,39.0897618461049],[-120.947072238797,39.0897647950901],[-120.947064255931,39.089768484952],[-120.947039999904,39.0897800872175],[-120.947031996357,39.0897839828363],[-120.94700521423,39.0897972235807],[-120.946978792567,39.0898099183852],[-120.946938193216,39.0898282241738],[-120.946888098626,39.0898488468972],[-120.946883491663,39.0898506176143],[-120.946803418195,39.0898790838184],[-120.946789062036,39.0898836634492],[-120.94674064606,39.0898980267868],[-120.946735780779,39.0898993970028],[-120.946706401653,39.0899071909804],[-120.946681786602,39.0899133117688],[-120.946656912828,39.0899190595124],[-120.946651963551,39.0899201543717],[-120.94662036419,39.0899267887046],[-120.946616936376,39.0899274579553],[-120.946591759807,39.089932241869],[-120.946590063822,39.0899325560613],[-120.946556381892,39.089938251672],[-120.946551966793,39.0899389669205],[-120.946525887894,39.0899428227767],[-120.946509593896,39.0899450233536],[-120.946500362218,39.0899462030849],[-120.946490160464,39.0899474564294],[-120.946475141926,39.0899491879845],[-120.946454268107,39.0899513334463],[-120.946392445008,39.0899562118343],[-120.946382129337,39.0899568325728],[-120.946376592719,39.0899512220075],[-120.945508347035,39.0890723322513],[-120.945508743514,39.089063452702],[-120.945515510762,39.0889083130383],[-120.945517543877,39.0888616915325],[-120.945520169132,39.0888013319217],[-120.945536670548,39.088423117239],[-120.945538435097,39.0883826991388],[-120.945541783039,39.0883057468133],[-120.945546915377,39.0881882255376],[-120.945568066353,39.0877035925154],[-120.945579856888,39.0874334979965],[-120.945582079035,39.0873824572138],[-120.945585574675,39.0873026778851],[-120.945606887832,39.0868142156571],[-120.945629594481,39.0862936658655],[-120.945679332311,39.0862956807975],[-120.946090509897,39.0863123588267],[-120.946711871796,39.0863375656878],[-120.947019031732,39.0863500193758],[-120.947811017475,39.0863821293993],[-120.947838430536,39.0863832417377],[-120.948533810782,39.0864114408146],[-120.949185738907,39.0864378849161],[-120.949350059419,39.0864445280263],[-120.950344837795,39.0864848322373],[-120.950349661308,39.0864185061585],[-120.950351100256,39.0863986796564],[-120.950351741294,39.0863898984016],[-120.950353843775,39.0863609613336],[-120.95040582998,39.0856442569626],[-120.950405978508,39.0856425558132],[-120.950513699572,39.0843447066876],[-120.950516634362,39.0842417601152],[-120.95052031558,39.0842406124921],[-120.950522386189,39.0842399721021],[-120.950841822168,39.0841414253074],[-120.951411406893,39.0839657147786],[-120.951840939716,39.0842220665847],[-120.952487532208,39.084222055904],[-120.952827472119,39.0841734581629],[-120.952827301345,39.0841707106836],[-120.952719776234,39.0826406649216],[-120.952719571053,39.0826378622133],[-120.95405037765,39.0826076578216],[-120.95404636916,39.0824401191595],[-120.954033316579,39.0807617345529],[-120.954042051979,39.0803181228212],[-120.954071556815,39.0795273075895],[-120.954102843073,39.0789164227216],[-120.95411030381,39.0786736105776],[-120.954117432058,39.0786012364212],[-120.954171836991,39.0780720723015],[-120.954209662327,39.0777041936924],[-120.954209949439,39.0777014503197],[-120.953065734169,39.0777130114106],[-120.95190672351,39.0777316089267],[-120.951891888348,39.0777318462648],[-120.950682456713,39.0777556487137],[-120.950679038271,39.0777557277848],[-120.95069917175,39.0772480181758],[-120.950779740413,39.0753335529877],[-120.952064749126,39.0753251750069],[-120.953129231902,39.0753093658697],[-120.95544786827,39.0752727453375],[-120.955445460869,39.0753834404247],[-120.955435398404,39.0757839018067],[-120.955410499263,39.0765406543249],[-120.955404864044,39.0766838874136],[-120.95538674887,39.0771143721462],[-120.956288064769,39.0771040740231],[-120.957646773351,39.0770833880427],[-120.957639527248,39.0767402995176],[-120.958206619749,39.07674437979],[-120.958657968361,39.0758437872173],[-120.959038489639,39.0752169630267],[-120.960034701084,39.0752031997512],[-120.960799467485,39.0751914840689],[-120.961923783526,39.0757800165534],[-120.96172817943,39.07607426028],[-120.961762967039,39.076092336355],[-120.962443643167,39.0764852449217],[-120.962241565457,39.0769869155217],[-120.9620874147,39.077369563799],[-120.962080139443,39.0773876222719],[-120.961901358694,39.0776971461703],[-120.961888491878,39.0777193286809],[-120.961887479826,39.0777210770746],[-120.961703798921,39.0780379161697],[-120.961646620653,39.078138883358],[-120.961448991495,39.0784878214912],[-120.961262716934,39.078816691481],[-120.961232586923,39.0788701062672],[-120.961210914725,39.0788897114395],[-120.9611977486,39.078901044723],[-120.961184267857,39.078912210445],[-120.96117054335,39.0789231817774],[-120.961156609902,39.0789339864897],[-120.961142397867,39.0789445690425],[-120.96112797689,39.0789549849751],[-120.961113276924,39.0789652062038],[-120.961098368822,39.0789752059004],[-120.961083181328,39.0789850383488],[-120.961067820924,39.0789946495789],[-120.961052217158,39.0790040389626],[-120.961036404854,39.0790132342699],[-120.961020384414,39.0790222080446],[-120.961004190662,39.0790309880565],[-120.960987718726,39.079039518452],[-120.960971108702,39.0790478553984],[-120.960954290947,39.0790559433561],[-120.960937300281,39.0790638100949],[-120.960920101481,39.0790714553005],[-120.960902764594,39.0790789070569],[-120.960885220378,39.0790860823683],[-120.960867503252,39.0790930364605],[-120.960849684474,39.0790997150494],[-120.960831657159,39.0791061995607],[-120.960749576823,39.0791297970248],[-120.96056192422,39.0791837295869],[-120.960369317976,39.0792391004881],[-120.960354953887,39.0792432286186],[-120.960153343042,39.0792975989789],[-120.959940802387,39.0793549194922],[-120.959861473146,39.079385460659],[-120.959885089293,39.0794038495015],[-120.959944382376,39.0795525771143],[-120.959960287111,39.080448830711],[-120.959911116496,39.0804936177962],[-120.959959658173,39.0826078238599],[-120.959973441133,39.0834326909822],[-120.959977712085,39.0838640344024],[-120.959952298204,39.085529881097],[-120.959936885119,39.0862771341943],[-120.95988304624,39.087476795306],[-120.959621489643,39.0888735190257],[-120.95961353803,39.0889279000902],[-120.959557302673,39.0889518921277],[-120.959501550823,39.0889765474785],[-120.95944628127,39.0890019485108],[-120.959391564877,39.0890280683983],[-120.959337402046,39.0890548796859],[-120.959283863237,39.0890823830032],[-120.959230877585,39.0891106051781],[-120.959178516357,39.0891394919285],[-120.959126813976,39.0891690984814],[-120.95907580769,39.0891992878731],[-120.959025459846,39.0892302245249],[-120.958975807692,39.089261771473],[-120.958926921285,39.0892939568033],[-120.958878800222,39.0893268079724],[-120.958831445713,39.089360242614],[-120.958784856547,39.0893943430964],[-120.958739140838,39.0894289456294],[-120.958651537732,39.0894989811534],[-120.958608332264,39.0895353909147],[-120.958565999447,39.0895723576421],[-120.958524574512,39.0896098816512],[-120.958484093497,39.089647908346],[-120.958444519962,39.0896865197803],[-120.958405855118,39.0897256335874],[-120.95836806333,39.0897652769095],[-120.95833121587,39.0898053954652],[-120.958295172218,39.0898459605406],[-120.958232091121,39.089920855455],[-120.958198635868,39.0899627067581],[-120.95816609012,39.0900050055282],[-120.95813445428,39.0900477243101],[-120.958103870083,39.0900908094523],[-120.958074160971,39.0901342868373],[-120.958045467869,39.090178157725],[-120.958017721528,39.0902223391191],[-120.957990991604,39.0902668865615],[-120.957965172809,39.0903117716527],[-120.957940477743,39.0903569139148],[-120.957916764676,39.0904023670008],[-120.95789417615,39.0904480223475],[-120.957872604857,39.0904939888342],[-120.957852122473,39.0905401847237],[-120.957832622903,39.0905866365278],[-120.957814105744,39.0906333717028],[-120.957796641865,39.0906803634231],[-120.957776583755,39.0907384255549],[-120.957439457263,39.0921856804197],[-120.957286750041,39.0923597806313],[-120.956878146202,39.0928260939612],[-120.95638563767,39.0933975659158],[-120.956239804841,39.0935615388497],[-120.956228169247,39.0935739836499],[-120.958514983201,39.0935325361881],[-120.958558579469,39.0935320193795],[-120.958633049338,39.093531119235],[-120.959450064936,39.0935214424317],[-120.959408020896,39.0946728786656],[-120.959399767389,39.0948628514051],[-120.959377778064,39.0953472858045],[-120.959302960046,39.0970261983549],[-120.959302797851,39.0970300412196],[-120.959287988536,39.0975509506265],[-120.959287389878,39.0975796952441],[-120.95928312261,39.0978316792517],[-120.959282633945,39.0978649281858],[-120.959278749916,39.0982251055056],[-120.959282378729,39.098225165348],[-120.959817955203,39.0982345566939],[-120.960101434166,39.0982410389183],[-120.960658792575,39.0982549866629],[-120.960996340313,39.0982631293137],[-120.960851932867,39.0985701563725],[-120.960672588466,39.0989380788094],[-120.961053697051,39.0990398339787],[-120.961148498434,39.0990658861722],[-120.961080646293,39.0996505504303],[-120.96064898761,39.0999745689972],[-120.960599384148,39.1000119384549],[-120.960207970155,39.0996589192534],[-120.960362494996,39.0993423998818],[-120.960188896866,39.0990235318732],[-120.960163353955,39.0990111121749],[-120.960037707543,39.0989497734428],[-120.959779809926,39.0988233570988],[-120.959278443722,39.0987374670687],[-120.959274858188,39.0987368584254],[-120.959274804647,39.0987428990077],[-120.959271011742,39.0991424263514],[-120.959267813025,39.0993696514824],[-120.959261055041,39.099702371161],[-120.959260148089,39.0997377032628],[-120.959259437109,39.0997644972527],[-120.95925833862,39.0998080654526],[-120.959261848086,39.0998090578481],[-120.959829157011,39.0999645139269],[-120.960013215506,39.1002046673444],[-120.960023001051,39.1003566048321],[-120.959933625268,39.1006736498259],[-120.959850780225,39.1007979608789],[-120.959915377135,39.1007967521201],[-120.960022997606,39.1007947324999],[-120.959998984474,39.1008652673871],[-120.959996716198,39.1008877363685],[-120.959961401343,39.1012382558367],[-120.959868896981,39.1012415909709],[-120.95986822239,39.1012443308896],[-120.95985209239,39.1013107896866],[-120.95974597125,39.1017480257484],[-120.959742131842,39.1017646867864],[-120.959738678829,39.1017814336488],[-120.959735613016,39.101798211424],[-120.959732899168,39.1018150197978],[-120.959730537284,39.1018318587702],[-120.959728597838,39.1018487289699],[-120.959727045594,39.1018656300825],[-120.959725810886,39.1018825065679],[-120.959724998617,39.1018994142807],[-120.959724538313,39.1019163525921],[-120.959724564757,39.1019385399803],[-120.959724465293,39.1019549048638],[-120.959724740789,39.1019697353684],[-120.960732169418,39.1021537701632],[-120.961164062031,39.1020500871415],[-120.961273044579,39.101770368432],[-120.961147853577,39.1015719030729],[-120.961280761486,39.1013163969172],[-120.961316369562,39.1012481480651],[-120.961906426644,39.1012520561246],[-120.962231700829,39.1012546214112],[-120.962737107545,39.1012585957834],[-120.962765402565,39.1012588474313],[-120.96298640717,39.1012607852875],[-120.963871618131,39.1012689275491],[-120.963901639756,39.1012691942605],[-120.963852537919,39.1018286538681],[-120.963770490786,39.1030017289217],[-120.962538907869,39.1031396920634],[-120.962430785685,39.1031516635796],[-120.962256333738,39.1031711178751],[-120.961806577379,39.1032212924689],[-120.96173658866,39.1032259416308],[-120.961546354519,39.1032473412801],[-120.961259490371,39.102506926903],[-120.960101466051,39.1024165634007],[-120.960169794284,39.1022897612618],[-120.959830301255,39.1023359685482],[-120.959526540927,39.1023295520166],[-120.959519586955,39.1023135360986],[-120.95951175757,39.1022947389762],[-120.959504353051,39.1022758083469],[-120.959497408233,39.1022567719808],[-120.959490852238,39.1022376567051],[-120.959484721108,39.1022184079228],[-120.959479048468,39.1021991357711],[-120.959473800693,39.1021797301128],[-120.959469047047,39.102160273944],[-120.959464611344,39.1021407656929],[-120.959460670576,39.1021211520198],[-120.959457152655,39.1021015421191],[-120.959454094027,39.1020818539379],[-120.959451458649,39.1020621420734],[-120.959449317398,39.1020423796986],[-120.959447564158,39.1020225933263],[-120.959446269404,39.1020027835849],[-120.959445397898,39.1019829501604],[-120.959444984473,39.1019631208228],[-120.959445064769,39.1019432684308],[-120.959444941579,39.1019204760729],[-120.95944538756,39.1018997207849],[-120.95944625598,39.1018789967251],[-120.959447617716,39.1018582770666],[-120.959449401488,39.101837616092],[-120.959451678978,39.101816932063],[-120.95945441374,39.1017963070323],[-120.959457641413,39.1017757138585],[-120.959461255883,39.1017551790542],[-120.959465363667,39.1017346486511],[-120.959469963957,39.1017141775604],[-120.959474985473,39.101693820065],[-120.959480465065,39.1016734666561],[-120.959486401119,39.1016532271568],[-120.959492793633,39.1016331015668],[-120.959499608986,39.1016129797489],[-120.959506951273,39.1015929724689],[-120.959306074223,39.1012429681444],[-120.959304528929,39.1012402084202],[-120.959208851434,39.1012400411083],[-120.959208388842,39.1012619220837],[-120.959208023233,39.1012796026436],[-120.959177117309,39.1019268732337],[-120.959170887198,39.1020654049664],[-120.959159564985,39.1023105982752],[-120.959157609278,39.1023525387039],[-120.959145207996,39.1026135938715],[-120.959142109648,39.1026781231416],[-120.959104137427,39.1034727597067],[-120.959099684081,39.1035671251774],[-120.958396511185,39.103570650413],[-120.957792248536,39.1035728036419],[-120.957730667579,39.1036382930681],[-120.957666143854,39.1036092136354],[-120.957586319501,39.1035733247938],[-120.957166183782,39.1035740723195],[-120.956524234463,39.103574673794],[-120.955812754553,39.1035750886043],[-120.955733951584,39.1035751519231],[-120.955717951616,39.1035751459616],[-120.955718087312,39.1035778931119],[-120.955740316578,39.1039847102248],[-120.955747732346,39.1041939894107],[-120.954753532869,39.1041893673715],[-120.954737497524,39.1041893609598],[-120.954628704659,39.1041892646004],[-120.954556211456,39.1041891914685],[-120.954555278615,39.1041926979041],[-120.954538550629,39.104256308579],[-120.954273443186,39.1042021984954],[-120.95414284392,39.1047025451061],[-120.954084943371,39.104926561017],[-120.954019090722,39.1050113141267],[-120.953804398441,39.1058383588743],[-120.954218327744,39.1058387759004],[-120.955112709287,39.1058383617429],[-120.955560064502,39.1058377554045],[-120.956708569801,39.1058361170229],[-120.956682134036,39.1064462192348],[-120.956672248247,39.1066746199306],[-120.956653963567,39.1071644407114],[-120.956597057509,39.1087562981052],[-120.956579944496,39.1089130475964],[-120.956579868387,39.1089158203073],[-120.956573780394,39.1091304153748],[-120.956434279883,39.1091686813303],[-120.956438370318,39.1090274671682],[-120.955912403494,39.109037286217],[-120.955777087648,39.1090116635367],[-120.955256564493,39.10902040253],[-120.954931593304,39.1093100704555],[-120.954802691329,39.109685575044],[-120.954780156425,39.1097509185222],[-120.954646749229,39.109853766373],[-120.954539725157,39.1099719806363],[-120.954415613212,39.1102042998784],[-120.954340163578,39.1104159115579],[-120.954287300575,39.1105634708616],[-120.954132646188,39.1106084905243],[-120.954010896697,39.1107189111181],[-120.95394840101,39.1109386842848],[-120.953956021233,39.1111099614972],[-120.953973922802,39.1111626791765],[-120.954021016789,39.111303089111],[-120.953957646377,39.1114889970786],[-120.953956725174,39.1114917072901],[-120.952118466899,39.1115049186321],[-120.950905459911,39.111474189548],[-120.950814610208,39.1112567182861],[-120.950678505421,39.1110320848387],[-120.950510118356,39.1109523382662],[-120.950310363308,39.1108986975865],[-120.94989651059,39.1107746731702],[-120.949847323347,39.1113818779958],[-120.949858062518,39.1115275640722],[-120.949870223839,39.1116748006694],[-120.949835034855,39.111678053577],[-120.949901376222,39.1123714223129],[-120.949933265742,39.1127047086741],[-120.949946093701,39.1128426699775],[-120.950007867652,39.1135280616272],[-120.950148036015,39.1135335245323],[-120.950150490131,39.1135700675195],[-120.950151818469,39.1136017126148],[-120.950152477603,39.1136333242276],[-120.950152397454,39.1136648742679],[-120.950151578022,39.1136963627357],[-120.950150020119,39.1137277347197],[-120.950147758579,39.1137590179926],[-120.950144793403,39.1137902125546],[-120.950141090161,39.1138212631769],[-120.950136682872,39.1138522525437],[-120.950131572759,39.113883098288],[-120.950128903805,39.1138966940901],[-120.950121020582,39.1139362743983],[-120.950113942553,39.1139667179989],[-120.950106196531,39.1139970457495],[-120.950097748493,39.1140271749657],[-120.950088561569,39.1140572151527],[-120.950078673034,39.1140870293493],[-120.950068082075,39.1141166724667],[-120.94935418463,39.1141041761103],[-120.949339816107,39.1146875847387],[-120.948984778102,39.1146913335836],[-120.948014909114,39.1147022244178],[-120.948067198463,39.1145469192187],[-120.948096129912,39.1144691132541],[-120.948126816926,39.1143917624617],[-120.948159259907,39.1143148393845],[-120.948193351898,39.1142384254347],[-120.948229163788,39.1141624937906]]]},"properties":{"OBJECTID":6,"CITY":"COLFAX","CITY_CODE":"CO"}},{"type":"Feature","id":7,"geometry":{"type":"Polygon","coordinates":[[[-121.358431979893,38.8971886794837],[-121.358533798787,38.8899622625202],[-121.354132471897,38.8899858149977],[-121.353805875142,38.8899876799939],[-121.352616943066,38.8899952630706],[-121.351425609141,38.8900041935501],[-121.350248317793,38.889998966484],[-121.34943978179,38.8899961207035],[-121.349439465591,38.8899961189344],[-121.349376927215,38.8899959063232],[-121.349376864868,38.8899892883324],[-121.343327226455,38.8899839210107],[-121.34224341023,38.8899845776492],[-121.340280319603,38.8899836163538],[-121.340279546673,38.8899836119685],[-121.340277547011,38.8900286747607],[-121.340270270646,38.890191685701],[-121.340266938698,38.8902969587708],[-121.340266171222,38.8904022738485],[-121.340267184755,38.8905881915277],[-121.340268880313,38.89089548235],[-121.34017780973,38.8908954186918],[-121.340174260978,38.8908954260139],[-121.340173539855,38.8917331994072],[-121.340173484185,38.8917978103768],[-121.340173472926,38.8918009131924],[-121.340173397833,38.8918695056222],[-121.340172836106,38.8927052478537],[-121.34017285243,38.8927866916571],[-121.340173160739,38.8936044255661],[-121.340176674236,38.8936044455023],[-121.340221910258,38.8936047296297],[-121.340226765896,38.8944852470354],[-121.340244316925,38.894485250506],[-121.340246030107,38.894796316919],[-121.340248778204,38.894927902788],[-121.340255567937,38.8950594017484],[-121.340266399965,38.8951907451553],[-121.340281275203,38.8953218369057],[-121.340291170027,38.8953971035104],[-121.340291202357,38.8953974057439],[-121.340344926587,38.8958060959391],[-121.34035489487,38.8958734684599],[-121.340392642804,38.8961031857033],[-121.340437391906,38.8963755042329],[-121.340438691233,38.8965182683118],[-121.340435372719,38.8966610124445],[-121.340429422368,38.89681174285],[-121.340423471992,38.8969624732526],[-121.340640715548,38.8971271142657],[-121.34115635453,38.8971273182933],[-121.343238956721,38.8971680404299],[-121.343308591146,38.8971691476094],[-121.34337833276,38.8971700631388],[-121.344390265622,38.8971725597537],[-121.345576674297,38.8971736680667],[-121.349064850984,38.8971768522185],[-121.349065079373,38.8971768534969],[-121.349065342899,38.897176854972],[-121.349386368485,38.8971768940724],[-121.349386579306,38.8971768952519],[-121.3493868604,38.8971768968245],[-121.349655565079,38.8971768895829],[-121.350239884282,38.8971768882163],[-121.351414743402,38.8971767466158],[-121.351415147475,38.8971767488694],[-121.352590057292,38.8971768153506],[-121.353764346471,38.8971774980713],[-121.354083963595,38.897177845886],[-121.354085369316,38.8971778262348],[-121.354929528512,38.8971788598119],[-121.358128879228,38.8971881876515],[-121.358343886364,38.8971888112757],[-121.358344501258,38.8971888146684],[-121.358431979893,38.8971886794837],[-121.35843197642,38.8971890638912],[-121.358432072366,38.8972854045088],[-121.358432149577,38.8973565925295],[-121.358432497392,38.8973881037115],[-121.358433029304,38.8974361874472],[-121.35843302608,38.8974365443971],[-121.358439877346,38.8980589553285],[-121.358442941662,38.8983382033147],[-121.358460830754,38.8999656624292],[-121.358489706658,38.90227334221],[-121.358500740014,38.9035571129569],[-121.358507121797,38.9045428175475],[-121.358516365648,38.9063592831585],[-121.358521390093,38.9081682562538],[-121.358522238592,38.9089904388113],[-121.358523267955,38.9099793259505],[-121.358524692348,38.9117978066878],[-121.358528698355,38.9154506446551],[-121.35851660641,38.9191034746189],[-121.35851659723,38.9191044905506],[-121.358507825265,38.9200363725164],[-121.358503479059,38.9209685808312],[-121.358503777621,38.9219002380149],[-121.358503504454,38.9228290362068],[-121.358503506811,38.9229843716091],[-121.358523021639,38.9263874959907],[-121.356676856001,38.9263991592297],[-121.356083833063,38.9264021116642],[-121.353880914207,38.9264081583123],[-121.349254521677,38.926397502472],[-121.344776975648,38.9263896977697],[-121.344667160186,38.9223112812978],[-121.344584263682,38.919232302697],[-121.340070461126,38.9192899842044],[-121.340090609729,38.9174759631478],[-121.340106521206,38.9160439551794],[-121.340118755042,38.9149432742917],[-121.34014307568,38.9127538284724],[-121.340153460725,38.9118198130746],[-121.340006503814,38.9118211211148],[-121.338742553463,38.9118192831644],[-121.337937531425,38.9118180949922],[-121.333357655448,38.9118202466539],[-121.333128985172,38.9118195811317],[-121.332858633125,38.9118187859326],[-121.3327004986,38.9118183318996],[-121.332542353475,38.9118171361961],[-121.332384212243,38.9118173956302],[-121.332226060152,38.9118169408513],[-121.332084830397,38.9118165281133],[-121.332068488067,38.9118164754585],[-121.332067925764,38.9118164722296],[-121.331909773677,38.9118160170207],[-121.331813916071,38.9118157272571],[-121.331751639294,38.9118155479689],[-121.331594189444,38.911815165013],[-121.3314341914,38.9118147946564],[-121.331276039063,38.9118143660434],[-121.331117886856,38.9118139234866],[-121.330959734523,38.9118134944435],[-121.330937399891,38.9118134346214],[-121.330801582191,38.9118130651854],[-121.330702262525,38.911812795776],[-121.330643429861,38.9118126357124],[-121.330485277662,38.9118121922954],[-121.330327125336,38.9118117623922],[-121.330168973012,38.911811332274],[-121.330010838262,38.911810902042],[-121.329852685942,38.9118104714937],[-121.329694533753,38.9118100270017],[-121.329536381436,38.9118095960234],[-121.329319941195,38.9118090072376],[-121.329217476157,38.9118087184239],[-121.328564395058,38.9118069273711],[-121.327755375896,38.9118046983161],[-121.327421709815,38.9118037716707],[-121.327318453923,38.9118034903406],[-121.327241556768,38.9118032790013],[-121.326362370864,38.9118008403404],[-121.325922303427,38.9117996226328],[-121.325641460161,38.9117988459653],[-121.32535532774,38.911798037942],[-121.32507460749,38.9117972606194],[-121.324874035331,38.9117967007165],[-121.324673463174,38.9117961404677],[-121.324480165945,38.9117956083941],[-121.32428686885,38.9117950622705],[-121.324093571627,38.9117945295544],[-121.323900274537,38.9117939827884],[-121.32370697732,38.9117934494299],[-121.323513680236,38.9117929020213],[-121.323320400596,38.9117923681226],[-121.323127103519,38.9117918200717],[-121.322933806313,38.9117912854283],[-121.322740509241,38.9117907367349],[-121.322547212041,38.9117902014491],[-121.322301197523,38.9117895097272],[-121.32210790033,38.9117889737113],[-121.321914603271,38.9117884236455],[-121.321721306084,38.9117878869871],[-121.321483146509,38.9117872118807],[-121.321412856708,38.9117870077722],[-121.318823237172,38.9118054123027],[-121.317677562526,38.9111148696246],[-121.316781993993,38.910575052537],[-121.316781401598,38.9109215005416],[-121.315472529298,38.9101325384983],[-121.315374045368,38.910073168907],[-121.315147814056,38.9099368069061],[-121.313643815185,38.9090301795951],[-121.313416018268,38.9088928575916],[-121.312922656497,38.9085954314587],[-121.312791856909,38.908516578712],[-121.312263210674,38.9081978938404],[-121.312832615041,38.9081943396354],[-121.312374008358,38.9079178618058],[-121.312292318596,38.9078686251521],[-121.31215893544,38.9077882186879],[-121.312107948423,38.907758494694],[-121.311829721951,38.9075963227947],[-121.310845272449,38.9070224606451],[-121.309595395062,38.9062938614208],[-121.309413051663,38.9061875692017],[-121.30879852927,38.9058293252024],[-121.308118859413,38.9054330988087],[-121.307313556616,38.9049636143358],[-121.306778586714,38.9046517312224],[-121.306482845593,38.9046463709467],[-121.306024732576,38.9046370618517],[-121.304176579363,38.9035233009906],[-121.304285154418,38.9034152534761],[-121.302823454203,38.9025342739507],[-121.302821761911,38.9027066386822],[-121.30282174983,38.9029566267952],[-121.302821748454,38.9030534065916],[-121.302821743918,38.9030556582154],[-121.302821735745,38.9032229256288],[-121.302821749062,38.9033593702634],[-121.30282174336,38.9034046915686],[-121.302821732714,38.9035704212475],[-121.302820680483,38.903763493999],[-121.302820396726,38.9038174495398],[-121.302820077114,38.903875056933],[-121.302816209259,38.9045857590489],[-121.302611324203,38.9045862743348],[-121.302406421574,38.9045867891544],[-121.302200025344,38.9045873083813],[-121.302006702382,38.9045877958652],[-121.302005806169,38.9045878042161],[-121.301768606899,38.904588398671],[-121.295880513134,38.9046031504899],[-121.293663096335,38.9046086241109],[-121.29357571265,38.9046088347745],[-121.29344965367,38.9046091536634],[-121.293390894065,38.9046093046747],[-121.293333223945,38.9046094485465],[-121.293317233751,38.9046094886838],[-121.292990295566,38.9046103299756],[-121.290372330401,38.9046169710303],[-121.289197384116,38.904619942297],[-121.285999237186,38.9046279489199],[-121.28494500786,38.9046305748156],[-121.284818509411,38.9046308953777],[-121.284625660469,38.9046313706169],[-121.28455201768,38.9046315491828],[-121.284201023704,38.9046324237297],[-121.284198264916,38.9046324342097],[-121.284198281915,38.9046377202097],[-121.284198290044,38.9046473721676],[-121.284170930851,38.9046474509119],[-121.283989063195,38.9046479926835],[-121.283972633595,38.9046480425605],[-121.283744200644,38.9046487366054],[-121.283518632037,38.9046494066586],[-121.283515767828,38.9046494164729],[-121.283488443773,38.9046494952732],[-121.28293760431,38.9046511391666],[-121.28281186864,38.9046524782398],[-121.282691633389,38.9046537549943],[-121.282289859126,38.9046580312943],[-121.282078999258,38.9046602721196],[-121.281868156948,38.9046625126711],[-121.281657332194,38.9046647529488],[-121.281446454716,38.9046669925188],[-121.281285238909,38.9046687011036],[-121.281186319792,38.904669751057],[-121.281024840282,38.9046714713807],[-121.280872727315,38.9046730846405],[-121.280855716224,38.9046732952371],[-121.280301645114,38.9046799591593],[-121.279657070693,38.9046877349431],[-121.279648946701,38.9047073866073],[-121.279629941946,38.9047534278238],[-121.279330169946,38.9054794593502],[-121.279279122829,38.9056527813193],[-121.279072509838,38.9056517891137],[-121.279068994926,38.9056518497037],[-121.278148736021,38.905666186942],[-121.27772370009,38.9056712916601],[-121.277403340107,38.9056744091343],[-121.277297831897,38.9056752912852],[-121.27695906483,38.9056776341345],[-121.276871132023,38.9056781308935],[-121.276016700626,38.9056815747961],[-121.275592016012,38.9056832140515],[-121.275556958763,38.9056834213093],[-121.275167497552,38.9056857864052],[-121.274968746848,38.9056874582637],[-121.274773475631,38.9056890965609],[-121.274773689309,38.9057180673665],[-121.274775452137,38.9059377246266],[-121.274776756625,38.9061024743228],[-121.274777504149,38.906197886026],[-121.274778269106,38.9062933115664],[-121.274779573606,38.9064580612556],[-121.274780470408,38.9065698258472],[-121.274780936747,38.9066291131968],[-121.274781226679,38.9066661025648],[-121.274781377394,38.9066840343708],[-121.274782787679,38.9068625143183],[-121.274784247447,38.9070464726832],[-121.274785569546,38.9072112224673],[-121.274786874081,38.9073759721387],[-121.27478714538,38.9074096250932],[-121.274787775435,38.9074890135997],[-121.274788407876,38.907568168717],[-121.274789473686,38.9077029588949],[-121.274789712423,38.9077329183813],[-121.274791433532,38.9079497882187],[-121.274792526546,38.908087077348],[-121.274794874799,38.9083836239776],[-121.274772766637,38.9083838568274],[-121.274577008812,38.9083859586128],[-121.274359142812,38.9083882928399],[-121.274141276797,38.9083906266589],[-121.273923410767,38.9083929600699],[-121.273705544723,38.9083952930727],[-121.273487274391,38.9083976368719],[-121.273269408318,38.9083999690578],[-121.272878525319,38.9084041437358],[-121.272869843675,38.9084042404869],[-121.272519644499,38.9084079955438],[-121.272481491141,38.9084084021913],[-121.272475650189,38.9075121518114],[-121.272474491681,38.9073336733884],[-121.272473420932,38.9071689251192],[-121.272472332618,38.9070041767368],[-121.272471873075,38.9069324091966],[-121.272471138333,38.9068189019227],[-121.272470050029,38.9066541535335],[-121.272468979301,38.906489405251],[-121.272467571897,38.9062717684017],[-121.272464860415,38.9058572819629],[-121.272464509416,38.9058023613244],[-121.272462296546,38.905462690634],[-121.272460822892,38.9052378041086],[-121.272460343296,38.9051628511579],[-121.272459023104,38.9049624317534],[-121.272457720489,38.904762012454],[-121.27242895408,38.9047622306594],[-121.272398799489,38.9047624539027],[-121.272250082235,38.9047635828655],[-121.272231402496,38.9047637268412],[-121.272200878789,38.9047639614531],[-121.272197908872,38.9047639977864],[-121.272132554239,38.9047646871617],[-121.271987083513,38.9047662205353],[-121.271735822192,38.9047688761894],[-121.271718372079,38.9047690552415],[-121.271717528571,38.9047690636892],[-121.271581213423,38.9047705028606],[-121.271517352522,38.9047711737864],[-121.271335241672,38.9047730946711],[-121.271124416259,38.9047753158562],[-121.270913590692,38.9047775503879],[-121.270619239955,38.9047806474421],[-121.27029708842,38.9047840361359],[-121.270233315346,38.9047847069079],[-121.2702215588,38.904784839083],[-121.2701695597,38.9047853914838],[-121.270129598267,38.9047858134611],[-121.270117543169,38.9047859300225],[-121.270109617621,38.9047860175802],[-121.270095542521,38.9047860665438],[-121.270077513572,38.9047861456098],[-121.270069026344,38.9047861747212],[-121.270048555004,38.9047862521837],[-121.2695262814,38.9047881903366],[-121.269485303718,38.9047883311174],[-121.269315435578,38.9047889665053],[-121.269274457754,38.9047891209405],[-121.269104589753,38.9047897422918],[-121.269063611928,38.9047898966528],[-121.268893743922,38.9047905176961],[-121.268852766096,38.9047906719828],[-121.268682897946,38.9047913064469],[-121.268641920119,38.9047914606592],[-121.268472052106,38.9047920810867],[-121.268431074278,38.9047922352248],[-121.26826120612,38.904792869073],[-121.268220228292,38.9047930231368],[-121.268050360271,38.9047936429484],[-121.268009382442,38.9047937969379],[-121.26779149025,38.9047945946436],[-121.26775051242,38.9047947485419],[-121.267612273771,38.9047952647971],[-121.26757127837,38.9047954185216],[-121.267346339832,38.9047962396665],[-121.267305361999,38.9047963934079],[-121.267135493821,38.904797025612],[-121.267094515988,38.9047971792792],[-121.266924647948,38.9047977974466],[-121.266883670113,38.9047979510395],[-121.266713802069,38.904798568899],[-121.266672824234,38.9047987224176],[-121.266502956045,38.9047993536979],[-121.266461978209,38.9047995071422],[-121.266292110158,38.9048001243858],[-121.266251114751,38.904800277645],[-121.265492673758,38.9048030689806],[-121.265452188165,38.9048031977187],[-121.265254064603,38.90480389585],[-121.265058576907,38.9047926929888],[-121.265056132579,38.9046553675978],[-121.26505550039,38.9046196803161],[-121.265026092733,38.9029706765872],[-121.265026075751,38.9029604341801],[-121.265022271296,38.9011975261834],[-121.265023140767,38.9011186137807],[-121.264662320235,38.9011181452157],[-121.261099142849,38.9010868838489],[-121.256304786555,38.9010529188724],[-121.256304773615,38.901054154457],[-121.255415893102,38.9010519953802],[-121.255399394902,38.9010519583987],[-121.254599555858,38.9010519695101],[-121.254388806366,38.9010529525707],[-121.254354191004,38.9010531150675],[-121.253280535379,38.9010581024493],[-121.25288446198,38.9010599384279],[-121.252126986819,38.9010664379393],[-121.252089558494,38.9010667601581],[-121.251791432294,38.9010693183821],[-121.251790817228,38.9010693281546],[-121.251679339703,38.9010703682943],[-121.251679174102,38.9010077188635],[-121.251679004982,38.9009404013306],[-121.25167879395,38.9008553860162],[-121.251678591725,38.9007728695528],[-121.251678418492,38.9007042751346],[-121.251684048179,38.8988295144765],[-121.251684042763,38.8988283611513],[-121.251683443838,38.898620092273],[-121.251683192606,38.8985355572147],[-121.251683012476,38.8984726193494],[-121.251682827301,38.8984068256844],[-121.251682347392,38.8982389501873],[-121.251682043209,38.8981327631289],[-121.251682691249,38.8979328773436],[-121.251684616054,38.8974701044433],[-121.251684842607,38.8974335987629],[-121.251686845777,38.8971067773372],[-121.251687741852,38.8969617156187],[-121.251689187771,38.8967261241193],[-121.251627838894,38.8966724720156],[-121.250874528704,38.8960137470297],[-121.250639809866,38.8958084866932],[-121.250508372663,38.8956472772847],[-121.250318849693,38.8954148070641],[-121.250246551108,38.8952469352689],[-121.250130302974,38.8948071387926],[-121.249855830714,38.8943458644078],[-121.249477974424,38.8942449846564],[-121.249421057541,38.8942377936549],[-121.248854836465,38.8941662993047],[-121.248641289571,38.8941645901958],[-121.248637740938,38.894164567267],[-121.248642397991,38.8940199691331],[-121.247312284745,38.894014099446],[-121.2471479025,38.8940133785653],[-121.247092287455,38.8940126889789],[-121.247105420214,38.8921359017269],[-121.247108610075,38.8916825414154],[-121.247109386067,38.8915712263204],[-121.24711772423,38.890380314208],[-121.247115742412,38.8903799993235],[-121.245948947482,38.890196081144],[-121.245973021836,38.889100046762],[-121.245982918191,38.8886494070557],[-121.246001046303,38.8878238084608],[-121.246008633768,38.8874781033329],[-121.246020498853,38.8869379451133],[-121.246023973111,38.8867794585653],[-121.246026453763,38.8864183567769],[-121.246302658306,38.8864181566979],[-121.246302677956,38.8864361701568],[-121.246913280028,38.8864363234389],[-121.247002089091,38.8864371320153],[-121.247027399879,38.884861582459],[-121.247056823952,38.8841125446145],[-121.247138183829,38.8825205524749],[-121.247175070655,38.8813787703352],[-121.247177558635,38.8811904289621],[-121.247194982439,38.8798762268471],[-121.247222575224,38.8785504613457],[-121.247226948046,38.8783400410564],[-121.247231125947,38.8781397245483],[-121.247238595514,38.8777812771041],[-121.247240116726,38.8775531956871],[-121.247252510182,38.8756858462673],[-121.247252624172,38.8756717740746],[-121.247257944692,38.8748199362303],[-121.247258067237,38.8748000838923],[-121.247258189635,38.874780245283],[-121.247266726278,38.873417683658],[-121.247275278767,38.8720585680903],[-121.247275330208,38.8720437678134],[-121.247334142476,38.8684671096106],[-121.247335490288,38.8683548093987],[-121.247231438717,38.8683543278431],[-121.246955836137,38.8683557280574],[-121.246741300924,38.8683568231377],[-121.246641963099,38.8683573326785],[-121.246300551034,38.868359059951],[-121.245645232498,38.8683622231779],[-121.244989875863,38.8683656570574],[-121.244334520625,38.8683689499548],[-121.244087124712,38.8683701834864],[-121.243628126626,38.8683724837173],[-121.242866197917,38.8683762555905],[-121.242375340254,38.8683786866007],[-121.238006062719,38.8683999112825],[-121.237904054602,38.8684004782312],[-121.23584124899,38.8684139012338],[-121.235299186447,38.8681578196542],[-121.235294749292,38.8681556211695],[-121.233028211735,38.8670317392569],[-121.232623132134,38.8677336200583],[-121.231711836821,38.8673367977774],[-121.23161314632,38.8672938029903],[-121.231508128331,38.8672480478018],[-121.231467191023,38.8672302031079],[-121.231197697878,38.8671136680216],[-121.231198319933,38.8671129856497],[-121.231280410127,38.8670232281759],[-121.231891841526,38.8663546647509],[-121.231005680475,38.8658995004654],[-121.230285704923,38.8655296754965],[-121.230067277336,38.865417484931],[-121.22901353628,38.8648762081105],[-121.228900491104,38.8648181366293],[-121.228777439117,38.8647549323732],[-121.228701208616,38.8647157636518],[-121.228702643333,38.864099926198],[-121.228703062482,38.8639221976359],[-121.228703935387,38.863552228407],[-121.228704433944,38.8633413018744],[-121.228704628579,38.8632602840284],[-121.228707592658,38.8619923767596],[-121.228708242835,38.8617173333488],[-121.228709151988,38.8612566656595],[-121.228280140197,38.8612540514268],[-121.22801590376,38.8609601142521],[-121.227928435551,38.8608000624041],[-121.227883782957,38.8606074259307],[-121.227884233664,38.8606031177879],[-121.22789131697,38.8605346534639],[-121.22791209765,38.8603336508851],[-121.227919848588,38.8603087829027],[-121.227946431634,38.8602234369609],[-121.228103518216,38.8600593115824],[-121.228147621055,38.8600132254209],[-121.228272007115,38.8598832756432],[-121.228603192181,38.8595372468663],[-121.228627060776,38.859480234658],[-121.228609140196,38.8594357961362],[-121.228575419163,38.8593522053734],[-121.227798427285,38.858207504988],[-121.227732369879,38.8580489269563],[-121.227725057491,38.8579849938935],[-121.227720375816,38.8579439795146],[-121.227759368758,38.8577895456318],[-121.227840307695,38.8574690408933],[-121.227981784892,38.8572816498961],[-121.228822437836,38.8561681060719],[-121.228911462332,38.8561196815725],[-121.229000504414,38.8560712433923],[-121.230585718967,38.8552089079104],[-121.23151693027,38.8547023182166],[-121.231517102504,38.854692887025],[-121.231563430029,38.8546824978798],[-121.231567144057,38.8546816574629],[-121.231567183184,38.8544198727903],[-121.231567273423,38.8537441917149],[-121.23156962735,38.8524337721564],[-121.231529916099,38.852434855092],[-121.23152694077,38.8522440057336],[-121.231517069125,38.8516111640803],[-121.231497569187,38.8505146052511],[-121.231477958889,38.8496231267794],[-121.231478551256,38.8495732230705],[-121.231479372454,38.8495037834461],[-121.231476753309,38.8491501427808],[-121.231475120305,38.8489277375451],[-121.231473492729,38.8487080782898],[-121.231472568046,38.8485825273662],[-121.231471865312,38.8484884053007],[-121.231470237757,38.8482687460356],[-121.231468610212,38.8480490867656],[-121.231466982825,38.8478294137621],[-121.231466133246,38.847714778474],[-121.231465302632,38.8476097541341],[-121.231464025911,38.8474485721701],[-121.231462491182,38.8472528032592],[-121.231460758497,38.8470331295414],[-121.231459025675,38.8468134695476],[-121.23145879947,38.8467840589276],[-121.231457310419,38.8465938096651],[-121.231455580142,38.8463739162725],[-121.231453844977,38.8461544759245],[-121.231452112197,38.8459348159113],[-121.231450379577,38.8457151421646],[-121.231448646819,38.8454954821418],[-121.231446914072,38.8452758221142],[-121.231445181335,38.8450561620818],[-121.231443448758,38.8448364883158],[-121.231442786212,38.8447532679039],[-121.231441702645,38.8446164437521],[-121.23144000694,38.8444014795256],[-121.23144091521,38.8443954169819],[-121.231473366493,38.8441772186937],[-121.23150583528,38.843959006779],[-121.231538303718,38.8437408085793],[-121.23155674304,38.8436169233823],[-121.23156936875,38.8435224912485],[-121.23159859196,38.8433040106995],[-121.231612917539,38.8431968623171],[-121.231636331989,38.842957034763],[-121.231663399397,38.8426797216628],[-121.231668185219,38.8426121617227],[-121.23167332601,38.8425393730924],[-121.231679467466,38.8425039360123],[-121.231687181316,38.8424594614197],[-121.231766602367,38.8420016460914],[-121.231756034994,38.8417449258966],[-121.23175405929,38.8416970783635],[-121.231753725243,38.8416890030583],[-121.231748536797,38.8415632041863],[-121.231745824681,38.8414974069915],[-121.231707272342,38.8409062782711],[-121.231705857278,38.8408829008676],[-121.231660855561,38.8401349218775],[-121.231613769492,38.8393524947884],[-121.231610123489,38.8392919087079],[-121.231606477492,38.8392313226268],[-121.231657754608,38.8392314557626],[-121.232055911281,38.8392325089759],[-121.232832703852,38.8392345648056],[-121.232887176076,38.8392346910346],[-121.233374563037,38.839235971814],[-121.233530693964,38.8392363839814],[-121.233594926447,38.8392365468013],[-121.236352093234,38.8392437573149],[-121.23660198352,38.8392444108114],[-121.236835793854,38.8392450130782],[-121.237201176231,38.8392459569634],[-121.237461336004,38.8392466348392],[-121.237603440825,38.8392470044048],[-121.237685121311,38.8392473343636],[-121.237902777958,38.8392482129367],[-121.238085343487,38.8392489433866],[-121.23830301755,38.8392498350539],[-121.238555800591,38.8392508465551],[-121.238773474813,38.8392517236123],[-121.238991148894,38.8392526139906],[-121.239243931955,38.8392536239947],[-121.239496714876,38.8392546471777],[-121.239679280291,38.839255388852],[-121.239896954541,38.8392562638047],[-121.240114628796,38.8392571383495],[-121.240176332377,38.8392573908306],[-121.240332303056,38.8392580124866],[-121.240569181732,38.8392589705448],[-121.241416039915,38.8392623742585],[-121.241812891762,38.839263962168],[-121.241956346096,38.8392645411618],[-121.243407794851,38.8392703490591],[-121.24350378212,38.8392707406239],[-121.243563572348,38.8392709788492],[-121.244886137023,38.8392762586799],[-121.244982124454,38.8392766352948],[-121.245052552656,38.8392769144176],[-121.245145678655,38.8392772860357],[-121.246876646262,38.8392841796503],[-121.246896219465,38.839284251594],[-121.246982393985,38.8392845904144],[-121.247055472844,38.8392848855011],[-121.247128569404,38.8392851669269],[-121.247128465665,38.8392518716349],[-121.247128376648,38.8392271300664],[-121.247211236611,38.8392271451869],[-121.247211780782,38.8392271487124],[-121.247243783734,38.8392271500979],[-121.247310914379,38.8392271593541],[-121.247337211875,38.8392271649441],[-121.247423302048,38.8392271733779],[-121.249118980496,38.8392292742151],[-121.24912584451,38.8392292773826],[-121.250151593593,38.8392305468298],[-121.250660140965,38.8392311639818],[-121.251097766628,38.8392316925275],[-121.251127715196,38.8392317345212],[-121.251346729973,38.8392319925559],[-121.251565744607,38.8392322639066],[-121.251567113957,38.839232258997],[-121.251784759243,38.8392325348444],[-121.252003774024,38.8392327916407],[-121.252004616612,38.8392327970647],[-121.252128747137,38.8392329507789],[-121.252322289746,38.839233180322],[-121.252515832355,38.8392334095426],[-121.25270939252,38.8392336385538],[-121.252902934987,38.8392338808586],[-121.253096477601,38.8392341091121],[-121.253290037769,38.8392343371561],[-121.253294777615,38.8392343401564],[-121.253483580385,38.8392345647649],[-121.253677122858,38.8392348057801],[-121.253878012382,38.8392341874884],[-121.253880347341,38.8392341750223],[-121.254073705222,38.8392336041375],[-121.25426938065,38.8392330066156],[-121.254465073628,38.8392324088768],[-121.254660749049,38.8392318106958],[-121.254814449015,38.8392313274277],[-121.254814659662,38.8392313287786],[-121.254819504975,38.8392313186634],[-121.2548198385,38.8392313208023],[-121.25485644202,38.8392312122979],[-121.25505211729,38.8392306271867],[-121.255247792701,38.8392300280172],[-121.255443485663,38.8392294286306],[-121.255639161067,38.8392288288021],[-121.255834854022,38.8392282287564],[-121.256030529276,38.8392276419976],[-121.256177558016,38.8392271828607],[-121.256196307471,38.8392271243971],[-121.256227960206,38.839227038688],[-121.256467173629,38.8392263042543],[-121.256510589646,38.8392260877948],[-121.259895109869,38.8392088808274],[-121.259949709284,38.8392085832881],[-121.260110013726,38.8392077231881],[-121.260477620162,38.83920575226],[-121.261249577897,38.8392016011881],[-121.261741094969,38.8391989586502],[-121.262327046095,38.8391958014851],[-121.262906343521,38.839192667806],[-121.263608498041,38.8391888820245],[-121.264100014937,38.8391862295085],[-121.264689863251,38.8391830439226],[-121.265251586862,38.8391799932862],[-121.265775477041,38.8391771539562],[-121.265778215737,38.8391771438023],[-121.266304878909,38.8391794682516],[-121.266912308862,38.8391821900698],[-121.267436689815,38.8391845224495],[-121.267916781391,38.8391866558059],[-121.268026758736,38.8391871564453],[-121.268046736238,38.8391871724544],[-121.268261634835,38.8391881964613],[-121.268521437946,38.8391893517379],[-121.268781241066,38.8391905064336],[-121.269263456749,38.8391926475925],[-121.269884193092,38.8391954100956],[-121.270383805214,38.8391976147252],[-121.27362003499,38.8392107374838],[-121.27407467483,38.839212576447],[-121.274451952772,38.8392140953497],[-121.274464996475,38.8392140669589],[-121.274470298327,38.8392140451452],[-121.27558973885,38.8392099359941],[-121.27570790894,38.8392109747091],[-121.275708260019,38.8392109768975],[-121.27570857599,38.8392109788671],[-121.275713701743,38.8392110108178],[-121.275879547939,38.8392123877194],[-121.275886885349,38.8392124471751],[-121.27604147975,38.8392137262659],[-121.27624555762,38.8392154232206],[-121.276927250737,38.8392210952209],[-121.278853813091,38.8392315028753],[-121.280048105335,38.8392484510415],[-121.280608505431,38.8392563978347],[-121.280615527017,38.8392564413067],[-121.280847995856,38.839257715569],[-121.28104460181,38.8392587812012],[-121.281237696837,38.8392598385125],[-121.28143079187,38.839260895503],[-121.281623886908,38.8392619521725],[-121.281816981953,38.8392630085212],[-121.282010077003,38.839264064549],[-121.282203172197,38.8392651065271],[-121.282413821368,38.8392662565933],[-121.282624470546,38.8392674062777],[-121.282629385519,38.8392674503517],[-121.28283511973,38.8392685555802],[-121.282851427509,38.8392686425019],[-121.283048208924,38.8392697195562],[-121.283241321565,38.8392707736463],[-121.283269671508,38.8392709210617],[-121.283434434211,38.8392718274154],[-121.283524241172,38.8392722988327],[-121.283627546863,38.8392728808636],[-121.283778793153,38.8392736896666],[-121.283820677075,38.8392739340991],[-121.284013789876,38.8392749731765],[-121.284033362697,38.8392750800511],[-121.284206902546,38.8392760256619],[-121.284287932252,38.8392764698779],[-121.284333836177,38.8392767251569],[-121.284400005131,38.8392763363606],[-121.284530183346,38.8392756002756],[-121.284593104398,38.8392752325595],[-121.284772421991,38.839274222093],[-121.284786185966,38.8392741420584],[-121.284979285221,38.8392730376155],[-121.285014678319,38.8392728297846],[-121.28517238447,38.8392719328517],[-121.285256916945,38.8392714505919],[-121.285365483712,38.8392708277671],[-121.285499173254,38.8392700572734],[-121.285558565395,38.8392697222536],[-121.285681738859,38.8392690104574],[-121.285751664626,38.8392686165273],[-121.28586430432,38.8392679770834],[-121.28594476385,38.83926751048],[-121.286046852361,38.8392669295858],[-121.286137863069,38.8392664041118],[-121.286229417949,38.8392658819092],[-121.286330944728,38.8392652973149],[-121.286411983533,38.8392648339459],[-121.286524043934,38.8392641903049],[-121.286594549111,38.8392637856957],[-121.286717143135,38.8392630829741],[-121.286777114683,38.8392627371586],[-121.286910277438,38.8392619755378],[-121.286959662697,38.8392616882271],[-121.287103675044,38.839260869396],[-121.287142228258,38.8392606391163],[-121.287296774226,38.839259761102],[-121.287324793677,38.8392596034477],[-121.28749654474,38.8392586110173],[-121.287507359228,38.8392585537633],[-121.287689626356,38.8392575019628],[-121.28768990722,38.8392575036845],[-121.28787247276,38.8392564534265],[-121.287882725383,38.8392564064238],[-121.288055055849,38.8392554029892],[-121.288075824541,38.8392552968351],[-121.288230581271,38.8392544051405],[-121.288268923693,38.8392541869255],[-121.28841290104,38.839253352528],[-121.288462005286,38.8392530765875],[-121.288595203249,38.8392522995219],[-121.288655104426,38.8392519660362],[-121.28877752287,38.8392512600662],[-121.28884820356,38.8392508551639],[-121.288959842622,38.8392502065955],[-121.289041302688,38.8392497439708],[-121.289142144678,38.8392491664602],[-121.289234384256,38.8392486323494],[-121.289324446866,38.83924811231],[-121.289427483372,38.8392475205145],[-121.289506784156,38.8392470580885],[-121.289620582482,38.8392464083588],[-121.289689086196,38.8392460170951],[-121.289848776101,38.8392450984837],[-121.28986993125,38.8392449669114],[-121.290076987266,38.8392437882677],[-121.290305181005,38.8392424637674],[-121.290363291523,38.8392421321939],[-121.290410517341,38.8392418576877],[-121.290474368693,38.8392414924686],[-121.290484814543,38.8392414326865],[-121.290502827116,38.8392413229988],[-121.290515853674,38.8392412515126],[-121.290515828285,38.8392385191497],[-121.290515777107,38.8392348530107],[-121.290515767227,38.8392340840879],[-121.290515742934,38.8392312418943],[-121.290515666915,38.839224788477],[-121.290515655939,38.839224129385],[-121.290605455472,38.8392235792872],[-121.290710545885,38.8392229851641],[-121.2907262235,38.8392228886479],[-121.290727364646,38.839222881884],[-121.290730893405,38.8392228622349],[-121.290737898262,38.8392228226149],[-121.290748818066,38.8392227657021],[-121.290787072557,38.8392225598493],[-121.290787008724,38.8392166419646],[-121.290819435155,38.8392164142584],[-121.290968733851,38.8392153483085],[-121.292588968822,38.8392037368203],[-121.293486075109,38.8391975385401],[-121.294345330109,38.839191584009],[-121.298665461363,38.8391615991879],[-121.298765180643,38.839160910443],[-121.298959229587,38.8391595550983],[-121.299244307496,38.8391575676939],[-121.299245797794,38.8391702217144],[-121.300250048755,38.8391632169136],[-121.300398310972,38.8391621875265],[-121.300412426122,38.8391620940258],[-121.300524329464,38.8391613123722],[-121.302896946255,38.8391447477603],[-121.302899755294,38.8391447234238],[-121.302966802395,38.8391442606761],[-121.306498510839,38.8391197693287],[-121.306501828941,38.8391197479434],[-121.306513415499,38.8391197209881],[-121.306657880385,38.839119223868],[-121.306793189729,38.8391178893568],[-121.306817997641,38.8391176117352],[-121.306842822838,38.8391173616709],[-121.306969195062,38.8391161933152],[-121.30704591689,38.8391155250535],[-121.307061226093,38.8391153966772],[-121.307000072004,38.8425084287759],[-121.306992368345,38.8431832369756],[-121.30699128034,38.8432786104547],[-121.306988151402,38.8435526770485],[-121.306974528465,38.8447444539982],[-121.306956973829,38.8462817416874],[-121.306955216603,38.8464349267385],[-121.306945267274,38.8472769073244],[-121.306940892641,38.8476462639302],[-121.306914901058,38.849845036796],[-121.30691428864,38.8498970273427],[-121.306907877633,38.8501727080121],[-121.306897659262,38.8504036805327],[-121.306883024003,38.8506345076935],[-121.306868669498,38.8508130410053],[-121.306851672625,38.8509914323945],[-121.306832035641,38.8511696579486],[-121.306809761159,38.8513476937773],[-121.306784852145,38.8515255160157],[-121.306757311918,38.8517031008269],[-121.30672714415,38.851880424406],[-121.306694352866,38.852057462983],[-121.306652490727,38.8522649931708],[-121.306607023502,38.8524720590609],[-121.306557959567,38.8526786223645],[-121.306505307962,38.8528846448853],[-121.306448592075,38.8530918263178],[-121.306388248019,38.8532983801215],[-121.306324287109,38.8535042674518],[-121.306256721343,38.853709449589],[-121.306185563396,38.853913887946],[-121.306110826621,38.8541175440747],[-121.306032525041,38.8543203796743],[-121.305950673353,38.8545223565978],[-121.305925120575,38.8545839599573],[-121.305734668292,38.855043191252],[-121.304962080836,38.8569059978178],[-121.304825513664,38.8572352417438],[-121.304979205509,38.8572376711759],[-121.305073292217,38.8572391536577],[-121.305232935855,38.8572416732592],[-121.305946018985,38.8572405928832],[-121.308554868193,38.8572365916726],[-121.309229987049,38.8572355536093],[-121.309616827863,38.8572349551509],[-121.312824516034,38.8572299241027],[-121.313479283055,38.857228892053],[-121.316844277285,38.8572173337873],[-121.316868685916,38.8572172301219],[-121.321445225605,38.8571966034483],[-121.321603058855,38.8571956575856],[-121.326047498071,38.8571690947242],[-121.326052619416,38.8535781686081],[-121.3260526543,38.8535522747339],[-121.327721135644,38.8535578741944],[-121.331299872366,38.8535698159744],[-121.331601851971,38.8535708254358],[-121.333113128471,38.8535730543108],[-121.333405860679,38.8535734293771],[-121.333698592762,38.853573817435],[-121.335506361385,38.8535761494647],[-121.335516232062,38.8584465664432],[-121.336987064293,38.8574422426407],[-121.338907295634,38.8561176194253],[-121.33924819356,38.856328605012],[-121.340303233389,38.8563196330247],[-121.342684833482,38.8562993794202],[-121.343858504906,38.8547308137745],[-121.34470699791,38.8535865702615],[-121.345316834195,38.8527753472549],[-121.345813078639,38.8516984179004],[-121.349224735527,38.851726468978],[-121.349577255417,38.8517295408127],[-121.349581133241,38.8536174102928],[-121.349584007978,38.854093678769],[-121.349513854574,38.8540924898239],[-121.349509273135,38.8557303779146],[-121.349497399738,38.8599773008516],[-121.349496001531,38.8604771874626],[-121.349495619431,38.860614824477],[-121.356500716985,38.8606339105563],[-121.358309869037,38.8606387777635],[-121.358321845017,38.8606387889617],[-121.358327359541,38.8607981649295],[-121.367842145405,38.8608218555894],[-121.376966584901,38.8608233718722],[-121.37697006191,38.8608233630508],[-121.377180262025,38.8608229244161],[-121.377183739033,38.8608229155883],[-121.386431536827,38.8607691020869],[-121.386432502714,38.8607690934561],[-121.386370372798,38.8679630893253],[-121.386372243454,38.8680108368172],[-121.383111084633,38.8680286412586],[-121.383118117445,38.8680843518859],[-121.383126977464,38.8700897634951],[-121.381707048039,38.8692581451515],[-121.379659054155,38.8687006882998],[-121.378504009374,38.8687062985946],[-121.378329468988,38.8687071226733],[-121.377167206309,38.8696602122184],[-121.37706199813,38.8697493848092],[-121.377052580949,38.8753698804416],[-121.377223647088,38.8825448085139],[-121.377188348427,38.8894052078605],[-121.377170822181,38.8917583532555],[-121.377150597584,38.8971634025018],[-121.37715029352,38.8972441441039],[-121.375810051182,38.8972408573134],[-121.368883402294,38.897215183795],[-121.367665006677,38.8972173932291],[-121.362335202014,38.8971830593166],[-121.358431979893,38.8971886794837]],[[-121.350864515154,38.8754027813715],[-121.350867771836,38.8754000536422],[-121.349350059878,38.8753940955661],[-121.344085275208,38.8754099419314],[-121.34409703327,38.8732766791187],[-121.344084466401,38.8722105200963],[-121.344094065838,38.8711746224512],[-121.344100179048,38.8701434554575],[-121.344109639603,38.8682094496978],[-121.342108485386,38.8682040174562],[-121.340173277007,38.8682042521881],[-121.339999094262,38.8682044166388],[-121.335442402502,38.8682140976126],[-121.335383989709,38.8682142167318],[-121.335384169363,38.8680054043358],[-121.335384173088,38.8680050061988],[-121.335395061507,38.8656376876501],[-121.335400483083,38.8644573574541],[-121.334252183137,38.8644581453158],[-121.333087143107,38.864461242199],[-121.331932677873,38.8644640037555],[-121.330834213434,38.864465085458],[-121.330722523018,38.8644651975426],[-121.330695086463,38.8680058631853],[-121.330693733121,38.868129009915],[-121.331940784946,38.8681270945118],[-121.331941021957,38.8682214182229],[-121.331873792657,38.8682215672866],[-121.331806581046,38.8682217026834],[-121.331710007665,38.868232976784],[-121.331615089797,38.8682508892883],[-121.331614561799,38.8682510098188],[-121.331599319825,38.8682545330632],[-121.331592789376,38.8682561156056],[-121.331586276359,38.8682577119776],[-121.33158423448,38.8682582082317],[-121.331580308643,38.8682592153776],[-121.33157434054,38.8682607599637],[-121.331566805484,38.8682627211569],[-121.331553899534,38.8682662166393],[-121.331549074975,38.8682675481265],[-121.331538245121,38.8682706436575],[-121.331534617565,38.8682716799763],[-121.331531024744,38.8682727576835],[-121.331525653203,38.8682743606162],[-121.331520263971,38.8682759771766],[-121.331515490802,38.8682774462539],[-121.331511545206,38.868278686687],[-121.331503618762,38.8682811810796],[-121.331499655217,38.8682824625979],[-121.331481967692,38.8682883195244],[-121.331464400768,38.8682944242747],[-121.331453017078,38.8682985188735],[-121.331452788007,38.8682985999336],[-121.331448170431,38.8683003307655],[-121.331444627966,38.8683016558924],[-121.331441067939,38.8683029809182],[-121.331419986557,38.8683111660777],[-121.331416020037,38.8683127633568],[-121.331408157371,38.8683159445898],[-121.331391865813,38.8683227568742],[-121.331375641784,38.8683298578664],[-121.331305240143,38.8683642081206],[-121.331238514779,38.8684027832643],[-121.331224203713,38.8684118860329],[-121.331210207196,38.8684211553646],[-121.331197038509,38.8684301685952],[-121.331196402039,38.8684306180101],[-121.331185953161,38.8684380130653],[-121.331180471563,38.8684419768401],[-121.331178650088,38.8684433118609],[-121.331177765951,38.8684439520651],[-121.331172301525,38.8684479571272],[-121.331166942208,38.8684519902529],[-121.331161564942,38.868456064464],[-121.331158893934,38.8684580948061],[-121.331153604085,38.8684622107085],[-121.33115095025,38.868464282338],[-121.331148314106,38.8684663403396],[-121.331088734186,38.8685176482648],[-121.331071968432,38.8685337801744],[-121.331066242106,38.8685394861948],[-121.331063777433,38.8685419845284],[-121.331063245553,38.8685425169221],[-121.331062092953,38.868543691035],[-121.331059716991,38.8685460937718],[-121.331055708844,38.8685502445047],[-121.331053473889,38.8685525931345],[-121.331052498323,38.8685536172405],[-121.331051274443,38.8685549007798],[-121.331049554065,38.8685566894572],[-121.331044657253,38.8685619609029],[-121.331039742232,38.8685673008917],[-121.331038092098,38.8685690899731],[-121.331029004024,38.8685793074134],[-121.331024564836,38.8685844716551],[-121.331015773748,38.8685948555587],[-121.331007192359,38.8686053505053],[-121.331005095176,38.8686079882487],[-121.331002998122,38.8686106122631],[-121.331000669797,38.8686135507274],[-121.33099933641,38.8686152729831],[-121.330995745073,38.8686199203784],[-121.330992170909,38.8686246090613],[-121.330991904128,38.8686249644955],[-121.330988684422,38.8686293119782],[-121.330987617169,38.8686307474439],[-121.330978844774,38.8686428751115],[-121.330975017509,38.8686483311947],[-121.330971100239,38.868654020163],[-121.330967520513,38.8686592991859],[-121.330960250777,38.8686703783213],[-121.330953190998,38.8686815410423],[-121.330949766088,38.8686871641957],[-121.3309463763,38.868692787551],[-121.330941413965,38.8687012850713],[-121.33093818171,38.8687069642516],[-121.33093768146,38.8687078675259],[-121.33093659186,38.8687098108577],[-121.330934984319,38.8687126710916],[-121.330933394339,38.8687155314266],[-121.330931857044,38.8687183920648],[-121.330927655789,38.8687262624034],[-121.330925777458,38.8687299036657],[-121.330924489252,38.8687324224976],[-121.330924292457,38.8687328057936],[-121.330922825277,38.8687356805648],[-121.330921340017,38.8687386101503],[-121.330918510636,38.8687444014857],[-121.330913942248,38.8687539584515],[-121.330913852502,38.868754163879],[-121.330910948607,38.868760407862],[-121.330906965818,38.868769322907],[-121.330906732607,38.8687698432894],[-121.330906176181,38.8687711169395],[-121.33090265658,38.8687793344408],[-121.330901344993,38.8687824709697],[-121.330898738604,38.8687888265017],[-121.330896255273,38.8687951690124],[-121.330893771554,38.8688015527095],[-121.330892600068,38.8688047312336],[-121.330891410763,38.8688079371142],[-121.330889843231,38.8688121430786],[-121.330888381066,38.8688163496494],[-121.330887406376,38.8688191448774],[-121.330886846716,38.8688207617487],[-121.33088464346,38.8688272019784],[-121.330883594645,38.8688304086677],[-121.330882545571,38.8688336428147],[-121.330879847597,38.868842263203],[-121.330878361146,38.8688471835731],[-121.330877400008,38.8688504044966],[-121.330875582841,38.8688568744077],[-121.330874656566,38.8688601229911],[-121.330874511162,38.8688606438789],[-121.330873765544,38.8688633580477],[-121.330873510634,38.8688643176524],[-121.330872545228,38.868867991628],[-121.330872053486,38.868869856023],[-121.330871470187,38.8688721180494],[-121.330871197068,38.8688731461972],[-121.330870631719,38.8688753671381],[-121.330870394111,38.8688763543016],[-121.330868071623,38.8688861301374],[-121.330867320832,38.8688893934604],[-121.330866751344,38.8688920537246],[-121.33086671454,38.8688922319975],[-121.330865998484,38.8688955367093],[-121.330865282816,38.8688988002345],[-121.33086519113,38.8688992115947],[-121.330864564949,38.8689022971501],[-121.33086395633,38.8689053828067],[-121.330863310778,38.868908660465],[-121.330862682657,38.8689119519533],[-121.330860938399,38.8689218684134],[-121.330860399637,38.8689249956609],[-121.330859840986,38.8689283699266],[-121.330859317458,38.8689317443945],[-121.330857872001,38.8689416351154],[-121.330856699662,38.8689504976884],[-121.330856566387,38.8689515952891],[-121.330855089249,38.8689648495795],[-121.330850516647,38.8690177371347],[-121.330850838457,38.869045102079],[-121.330851472535,38.8690989806773],[-121.330851537404,38.8691051456409],[-121.330853490234,38.869268868624],[-121.330892232105,38.8725210015368],[-121.330871614047,38.8725876231862],[-121.330847325018,38.8726534844385],[-121.330819410572,38.8727184617463],[-121.330787923062,38.8727824332204],[-121.330752921547,38.8728452788576],[-121.330714471675,38.8729068807668],[-121.330672645566,38.8729671233893],[-121.330627521673,38.8730258937162],[-121.330645828869,38.8735713934986],[-121.326266061019,38.8735805820299],[-121.32542177142,38.8735819603541],[-121.323614513997,38.8735848731333],[-121.321967455481,38.8735874978016],[-121.321513315448,38.8735875940974],[-121.321483106227,38.8735875962673],[-121.321408268047,38.8735876125202],[-121.321408197711,38.8736023302445],[-121.321408141266,38.8736174324787],[-121.321407697352,38.873730095012],[-121.321407691713,38.873730685352],[-121.321407173712,38.8738492649103],[-121.321407180389,38.8738504045063],[-121.321407187067,38.8738515441024],[-121.321404670797,38.8744716543731],[-121.321401242388,38.8753141101666],[-121.321399719002,38.8754239380806],[-121.321610504847,38.8754238365082],[-121.321569924867,38.875709655925],[-121.321555085807,38.8758142163395],[-121.321521962594,38.8760474948793],[-121.321515465747,38.876093272637],[-121.321513092679,38.8769559306766],[-121.321513083106,38.8769569328814],[-121.321513038597,38.8769744653186],[-121.321512731017,38.8770857419168],[-121.321510700769,38.8778279109219],[-121.321510368897,38.8779472466413],[-121.321510091886,38.8780498051122],[-121.321482330073,38.8790162203758],[-121.321464267212,38.8800079820525],[-121.321462668929,38.8800760028614],[-121.321460174937,38.8801826260592],[-121.321458691623,38.8802459657463],[-121.321449818821,38.880625001758],[-121.321449045296,38.8806581679397],[-121.321447032425,38.8807438425802],[-121.321446615376,38.8807617572646],[-121.321436647434,38.8811873850983],[-121.32143622828,38.881205519443],[-121.321436199175,38.8812067274772],[-121.321434807463,38.881265990003],[-121.321433677309,38.8813144214071],[-121.321433452331,38.8813232619512],[-121.32144984447,38.8813339156768],[-121.321475592235,38.8813563078826],[-121.321482351367,38.8813621961348],[-121.321756692767,38.8816008382471],[-121.322421390563,38.8820553602413],[-121.322953791861,38.8823643158096],[-121.323145069276,38.8824707079843],[-121.323322379928,38.8825663094752],[-121.323443942857,38.8826318342944],[-121.32344432732,38.8826320424754],[-121.323490087364,38.8826577222093],[-121.323547958979,38.8826880168851],[-121.323554810372,38.8826916264395],[-121.324051812515,38.8829595666138],[-121.324618665941,38.88323614816],[-121.325196621794,38.8834983203637],[-121.325785085242,38.8837458050213],[-121.326113328594,38.883878564612],[-121.326667557789,38.8840968494563],[-121.327067153054,38.8842449573],[-121.327567510322,38.8844096689656],[-121.328074466813,38.8845622247321],[-121.328197237517,38.8845974503204],[-121.328764469712,38.8847515183264],[-121.329338209628,38.8848900929335],[-121.329917755866,38.8850130052509],[-121.330502424447,38.8851201002308],[-121.330899645909,38.8851822614566],[-121.331290331618,38.8852334138021],[-121.331682864598,38.8852749922062],[-121.332076875949,38.8853069808029],[-121.332471962025,38.8853293223423],[-121.332867753791,38.885342014697],[-121.339024336252,38.8854639197158],[-121.33920996145,38.885467583416],[-121.339221958668,38.8854676515973],[-121.339233941258,38.8854674039142],[-121.339245909347,38.8854668266379],[-121.339257845242,38.8854659333974],[-121.339269731506,38.8854647103641],[-121.339281550446,38.885463171167],[-121.339293302187,38.8854613020772],[-121.339304969038,38.8854591167239],[-121.339316533305,38.8854566287361],[-121.33932797755,38.8854538242851],[-121.339339284207,38.8854507032712],[-121.339350453149,38.8854472794233],[-121.339361449117,38.8854435662706],[-121.339372289804,38.8854395501842],[-121.339382939951,38.8854352446934],[-121.339393381992,38.8854306496982],[-121.339403633366,38.8854257790276],[-121.339413641376,38.8854206323822],[-121.339423423587,38.8854152098617],[-121.339432962306,38.8854095250954],[-121.339442257405,38.885403591812],[-121.339451256188,38.8853974097123],[-121.339459993659,38.8853909927248],[-121.339468434685,38.88538434065],[-121.339476579268,38.8853774534879],[-121.339484409586,38.8853703585965],[-121.339491925639,38.8853630559758],[-121.339499109735,38.8853555592549],[-121.339505962001,38.8853478547052],[-121.339512464489,38.8853399834133],[-121.339518599761,38.8853319315508],[-121.339524402692,38.8853237267748],[-121.339529820587,38.8853153687862],[-121.339534853317,38.8853068713138],[-121.339539518449,38.8852982344574],[-121.339543798161,38.8852894855751],[-121.339547692582,38.8852806109379],[-121.339551183764,38.8852716516327],[-121.339554289398,38.8852625940305],[-121.3395569741,38.8852534653894],[-121.339559255436,38.8852442658092],[-121.339561133276,38.8852350090188],[-121.339562589929,38.8852257086472],[-121.33956364296,38.8852163647943],[-121.339564274549,38.885207004818],[-121.339564484568,38.8851976424471],[-121.339565186003,38.8845705622241],[-121.339869502581,38.8833250003917],[-121.339980142398,38.8828721271361],[-121.339997708986,38.8828002015373],[-121.339997919764,38.8828002027338],[-121.339998459659,38.8827345372702],[-121.340173385601,38.882733841383],[-121.340174667959,38.8827338349309],[-121.340190354854,38.8827337591992],[-121.341303852926,38.8827254371724],[-121.344672080043,38.8826872732169],[-121.344672048881,38.8826849390154],[-121.344667448443,38.882214483293],[-121.344665040502,38.8817139172372],[-121.344670043623,38.8808022747865],[-121.344667428383,38.879714933206],[-121.344667313456,38.8797121591853],[-121.349349429055,38.8797008648752],[-121.349354315382,38.8769890009965],[-121.350864515154,38.8754027813715]],[[-121.349199490388,38.8618717308839],[-121.349202329698,38.861600093115],[-121.348506962966,38.8616008107521],[-121.348496429747,38.8618685885675],[-121.348703372378,38.8618695149243],[-121.348743847752,38.8618697005269],[-121.348767149662,38.8618698036264],[-121.348827169181,38.8618700712414],[-121.348838267006,38.8618701196847],[-121.349199490388,38.8618717308839]]]},"properties":{"OBJECTID":7,"CITY":"LINCOLN","CITY_CODE":"LI"}},{"type":"Feature","id":8,"geometry":{"type":"Polygon","coordinates":[[[-121.198769700668,38.8374109454451],[-121.19876458835,38.8364349132221],[-121.198749873714,38.8364352648343],[-121.198183023754,38.8364490521666],[-121.197621511125,38.8364627500252],[-121.197326566828,38.8364699392778],[-121.197189849834,38.836473264691],[-121.197094853676,38.8364755876504],[-121.196866968469,38.8364811384525],[-121.196551110929,38.8364888264801],[-121.196235253165,38.8364965273778],[-121.196022731798,38.8365017434518],[-121.196021695852,38.8365017637432],[-121.195922906895,38.8365041693392],[-121.195610560713,38.8365117967323],[-121.195482535476,38.8365149057144],[-121.19529749494,38.8365194045728],[-121.194987958372,38.8365269399132],[-121.194679123864,38.8365344792955],[-121.194666200232,38.8365347878851],[-121.194373801323,38.83654191864],[-121.194193396236,38.8365463105835],[-121.194071938091,38.8365492576091],[-121.194036841703,38.8365496869266],[-121.19377365949,38.8365578288911],[-121.193703449303,38.8365586734849],[-121.193085767109,38.8365733051591],[-121.193050671326,38.8365736792639],[-121.193013479858,38.8365746429146],[-121.192807363522,38.8365800211643],[-121.192769908595,38.8365809966366],[-121.192752367216,38.8365813827702],[-121.192454102672,38.8365886876216],[-121.191919910396,38.836601682842],[-121.191919389239,38.8365332635475],[-121.191917518165,38.8362917568087],[-121.191915805938,38.8360687040416],[-121.191915833012,38.8360678667111],[-121.191915860086,38.8360670293807],[-121.191915889034,38.8360660273054],[-121.191915919698,38.8360648742141],[-121.191914515931,38.8358996123841],[-121.191678312227,38.8359019922071],[-121.190744318431,38.835913916136],[-121.190608744195,38.8359156079114],[-121.19040515464,38.8359181436879],[-121.190260134687,38.835919961457],[-121.190240049995,38.8359201784576],[-121.189648180753,38.8359268162078],[-121.189016512188,38.8359352875502],[-121.18900046593,38.8359354226856],[-121.188385351585,38.8359392281669],[-121.187445182324,38.8359414990304],[-121.186814911243,38.8359413183913],[-121.1840866728,38.8359446814488],[-121.184082916145,38.8359446825282],[-121.183156518241,38.8359553082135],[-121.182902620644,38.8359575458059],[-121.182522704607,38.8359609008351],[-121.182522806601,38.8360252944498],[-121.182350735374,38.8360316350829],[-121.1819364836,38.8360470896826],[-121.181021976612,38.8360950723018],[-121.180560364122,38.8361194969875],[-121.18017779602,38.8361396172369],[-121.180144981302,38.8361416099278],[-121.18010844249,38.8361438234674],[-121.180039113605,38.8361489359996],[-121.180009135186,38.8361515802404],[-121.179976942706,38.8361544147951],[-121.179969808412,38.8361550372055],[-121.179905589152,38.8361615587033],[-121.179900597754,38.836162072666],[-121.179831446205,38.8361700695909],[-121.179762459397,38.8361790012662],[-121.179693531058,38.8361889493212],[-121.179629780215,38.8361989888111],[-121.17962476809,38.8361997772123],[-121.179556204644,38.83621156756],[-121.179429848602,38.8362358008551],[-121.177910391,38.8366921077982],[-121.17791093215,38.8366058608084],[-121.177912374478,38.8363779557618],[-121.177912501471,38.8363578699123],[-121.177913492971,38.8362023316301],[-121.177914436844,38.8360539462526],[-121.177915603585,38.8358711142933],[-121.177915747957,38.8358480080021],[-121.177916700309,38.8356973709865],[-121.17791714764,38.8356283405386],[-121.177917615513,38.8355529807812],[-121.177918423632,38.8354224020311],[-121.177919734722,38.835216463768],[-121.177920291039,38.8351167616339],[-121.177921010541,38.8350105389811],[-121.177921358998,38.8349455032115],[-121.177922304063,38.8348046005856],[-121.177923492262,38.8345986614409],[-121.177923880671,38.8345347243384],[-121.177924750665,38.8343927227889],[-121.177924835977,38.8343777578699],[-121.177926044165,38.8341867843811],[-121.177927320106,38.8339808458451],[-121.177927629866,38.8339312970524],[-121.177928613591,38.8337749074292],[-121.177929889517,38.8335689688851],[-121.177929951182,38.8335590838379],[-121.177931182828,38.8333630441898],[-121.177931447821,38.8333204011862],[-121.177932602075,38.8331356057241],[-121.177932681841,38.8331241556029],[-121.177934246231,38.8328735421905],[-121.177936279007,38.8325490380899],[-121.177936963745,38.8324412636934],[-121.177945973853,38.8317547805167],[-121.177947479163,38.8316352454447],[-121.177948886013,38.8315211878812],[-121.177955051442,38.8310184309888],[-121.177958549315,38.8307326690821],[-121.177963099347,38.8303619955374],[-121.177964505583,38.8302464688628],[-121.17796763178,38.8299913218554],[-121.177972181717,38.8296206482843],[-121.177973276976,38.8295304921522],[-121.177975478617,38.8293522531706],[-121.177976731607,38.8292499747001],[-121.177981263897,38.8288793009786],[-121.177982065744,38.8288145155167],[-121.177985813692,38.8285086273682],[-121.177990285719,38.8281431568061],[-121.17799036344,38.8281379537446],[-121.177992636188,38.8279520402596],[-121.17799852309,38.8274717981768],[-121.177999121453,38.8274230889164],[-121.178008561461,38.8266522660095],[-121.17810476403,38.8254272282208],[-121.178656399365,38.8250520759812],[-121.182530286295,38.8219710181675],[-121.182573092623,38.8219359513046],[-121.182573474426,38.8216249454942],[-121.18256263379,38.8207238891321],[-121.182539626067,38.8200018392282],[-121.182519167018,38.8194824872539],[-121.182495963194,38.8180083420682],[-121.182376243181,38.8180108769907],[-121.181131006634,38.8180348373415],[-121.180149006727,38.8180537776313],[-121.180149010893,38.8180503726566],[-121.180137547494,38.8168316571995],[-121.180095324454,38.8159215089932],[-121.180075905701,38.8155296865301],[-121.180062120726,38.8151789286354],[-121.180059326451,38.8150286218753],[-121.18004820185,38.8144243746141],[-121.180048191902,38.8144237155106],[-121.180048154011,38.8144209143518],[-121.180083089264,38.8142798257841],[-121.179129547955,38.8143067840015],[-121.178242284684,38.8143295351616],[-121.177699650929,38.8143430769088],[-121.176472743361,38.8143717298799],[-121.176068100009,38.8143805031917],[-121.175681014079,38.8143885484456],[-121.175619902324,38.8143890483634],[-121.174958526971,38.8143937986425],[-121.174750694831,38.8143951505766],[-121.174696323594,38.8143955056803],[-121.17463581004,38.8143958720323],[-121.173750923711,38.8144010864812],[-121.173229787166,38.8143586874879],[-121.17305095547,38.8143441513918],[-121.173046922373,38.814039099895],[-121.173044891612,38.8139028851276],[-121.173041113821,38.8136513270106],[-121.17303539326,38.8132197839104],[-121.173030851545,38.812876999074],[-121.173030135564,38.812826907406],[-121.17302385714,38.8123950582434],[-121.173023273419,38.8123577362957],[-121.173023045467,38.8123441420995],[-121.173018762326,38.8120787131766],[-121.173014766317,38.8118429153564],[-121.173012100017,38.8116919501525],[-121.173007124131,38.8114166856916],[-121.172997009918,38.8108801326031],[-121.173000294822,38.8107365140525],[-121.173035154339,38.8092118949012],[-121.172624350555,38.8092187174285],[-121.172623683474,38.8092187401363],[-121.172198424535,38.808709709078],[-121.172881493189,38.8084647466963],[-121.173055148176,38.8084614249286],[-121.173095534037,38.8071041845746],[-121.173116580285,38.8064200372699],[-121.173120745776,38.8062836468486],[-121.173120832259,38.8062807367299],[-121.173028999577,38.806282993612],[-121.172989174461,38.8054254712565],[-121.173145746115,38.8054269155935],[-121.173168008987,38.8045505310542],[-121.173169361093,38.8045006462923],[-121.173210661707,38.8033359873074],[-121.173276118669,38.8017052607613],[-121.173304412826,38.8008984470089],[-121.173321443098,38.8002485130744],[-121.173351314088,38.7990523857626],[-121.17336674657,38.7980538110274],[-121.173367727282,38.7979815164153],[-121.173368453938,38.7979310779771],[-121.173370272029,38.7978018377464],[-121.173371633773,38.7977028000215],[-121.17340387688,38.7961182707352],[-121.173409729755,38.7954909387548],[-121.173410205009,38.7954409927926],[-121.173411771526,38.7952760255662],[-121.173411949304,38.7952577111562],[-121.173425670767,38.7937993921854],[-121.173427429999,38.7936117994439],[-121.173434620664,38.7928451733482],[-121.173435696851,38.7927314425627],[-121.173442993921,38.7919556455989],[-121.173445691981,38.7916691493432],[-121.173450988141,38.7911077715924],[-121.173455856255,38.7905922760847],[-121.173457895511,38.7903775550104],[-121.173465177738,38.7896029934826],[-121.173467454693,38.7893617753792],[-121.173471101936,38.788975469456],[-121.173472912141,38.7887834697058],[-121.1734733964,38.7887327411761],[-121.173478566643,38.7872809371793],[-121.17347876882,38.7872257993373],[-121.17347878207,38.7872231495608],[-121.173497961312,38.7865131618712],[-121.173500869789,38.7864077918505],[-121.173532880497,38.7852456599183],[-121.173533149548,38.7852360920912],[-121.173557901797,38.7850986534633],[-121.173574221559,38.7833287104089],[-121.175699404905,38.7833193514324],[-121.176803030383,38.7833112275023],[-121.177895695569,38.783301285509],[-121.178190177345,38.7832985648464],[-121.179098133396,38.7832884023591],[-121.179335104738,38.7832865078437],[-121.180537400404,38.7832798146998],[-121.180661705207,38.7832792640771],[-121.181816621811,38.7832740356704],[-121.181847087087,38.7814580873483],[-121.181847153432,38.7814553692966],[-121.182838946776,38.7814560384542],[-121.182828104919,38.780546164392],[-121.182817310403,38.7796352471221],[-121.182815971,38.7795258653395],[-121.18280563563,38.7786589830056],[-121.182795681165,38.7778230916717],[-121.182795535711,38.7778113241249],[-121.182776261104,38.7762553849157],[-121.182772934496,38.7759861593446],[-121.182746704288,38.7742311834639],[-121.184933588376,38.7742225036306],[-121.186310002611,38.7742170153489],[-121.186818679347,38.7742149778806],[-121.187360576501,38.7742128274908],[-121.187364084681,38.7742127971291],[-121.188056338859,38.7742111879135],[-121.188756996103,38.7742109513624],[-121.188828134606,38.7742109816525],[-121.189852617014,38.7742123142908],[-121.190879730439,38.7742136287661],[-121.191773861455,38.7742118939788],[-121.192032440477,38.7742119639997],[-121.1920362314,38.7741978485979],[-121.192042226572,38.7741734236601],[-121.192045711561,38.774156903398],[-121.192051681637,38.7741285103469],[-121.192347174052,38.7741291249006],[-121.193668892219,38.774131873588],[-121.194716229136,38.7741345302854],[-121.195198824814,38.7741355154336],[-121.195689277733,38.7741365255546],[-121.196688202779,38.7741364125712],[-121.197714898969,38.7741372517958],[-121.198770586876,38.7741396824903],[-121.19985499863,38.7741425761668],[-121.200937704725,38.774144294663],[-121.201359945716,38.7741439325742],[-121.202021352404,38.7741433733972],[-121.203652602504,38.7741365339535],[-121.204348246766,38.7741327089922],[-121.204867059775,38.7741290417968],[-121.205968322261,38.7741197055495],[-121.205996019155,38.7741194693646],[-121.206697540441,38.7741044669505],[-121.206670867221,38.7741135660647],[-121.206179358548,38.7742810880943],[-121.205449793762,38.7747778688628],[-121.204313119633,38.7755420868006],[-121.203948769177,38.7757978478554],[-121.203702192106,38.7759958440414],[-121.203700987519,38.7759969067088],[-121.203699960158,38.7759978058334],[-121.203698933105,38.7759986775004],[-121.203697905745,38.775999576625],[-121.203696878692,38.776000448292],[-121.203695851639,38.7760013199589],[-121.203694894739,38.7760021921071],[-121.203693867378,38.7760030912317],[-121.203298533801,38.7763468659018],[-121.203258567602,38.7763885501092],[-121.20325011618,38.7763977048509],[-121.20321954166,38.7764308448707],[-121.203181422745,38.7764735852008],[-121.203144244704,38.7765168811716],[-121.20310804323,38.7765606781096],[-121.203072748477,38.7766049480763],[-121.203038465371,38.7766497192528],[-121.20300515945,38.7766949364837],[-121.202972865484,38.7767406274685],[-121.202941584398,38.776786709835],[-121.202911280502,38.7768332382584],[-121.202882024258,38.7768801857637],[-121.202853746129,38.7769274969545],[-121.202826586732,38.7769751453375],[-121.202800439608,38.7770232400214],[-121.202775341372,38.7770716439594],[-121.202751256644,38.7771203843692],[-121.202728290962,38.7771694345162],[-121.202706374484,38.7772187664618],[-121.202685577056,38.777268408146],[-121.202665863912,38.7773183318709],[-121.202647200592,38.7773684824807],[-121.202629656946,38.7774188879157],[-121.20261316282,38.7774695476941],[-121.202597789294,38.7775203799257],[-121.202583465909,38.7775714115866],[-121.202570262513,38.7776226706166],[-121.202558110186,38.7776740467038],[-121.20254083057,38.777757213413],[-121.20252896002,38.777814742415],[-121.202518280236,38.7778724443539],[-121.202508826912,38.7779302645556],[-121.202500530205,38.7779881750808],[-121.202493495042,38.7780462041104],[-121.20248761681,38.7781042960065],[-121.202482965973,38.7781624237934],[-121.202480312622,38.778206656942],[-121.202480154994,38.7783147195757],[-121.202484486943,38.778422729064],[-121.202493303906,38.7785305711488],[-121.202506596576,38.7786381317485],[-121.202524350913,38.7787452970788],[-121.202546548153,38.778851953773],[-121.202573164836,38.778957989002],[-121.202604172823,38.7790632905936],[-121.202693422999,38.7792209046325],[-121.202827359083,38.7794574426749],[-121.202943356088,38.7796623198843],[-121.203355345992,38.7803452704043],[-121.203398071358,38.7804160801719],[-121.203482574744,38.7805561691423],[-121.203487795463,38.78055517522],[-121.204005259607,38.7814129553138],[-121.204006000135,38.781414182349],[-121.204177182372,38.7816979165018],[-121.204530279553,38.782283223983],[-121.204524681906,38.7822834053084],[-121.204494377188,38.7822844058979],[-121.204493798222,38.7822844156608],[-121.204437578337,38.7822860349985],[-121.204435964062,38.7822860788564],[-121.204380937494,38.7822876514242],[-121.204378094974,38.782287728054],[-121.204014017588,38.7822981385983],[-121.203698632373,38.7823071520125],[-121.203586403466,38.782310350148],[-121.203488001285,38.7823131624886],[-121.203171791259,38.7823221962738],[-121.202943227184,38.7823287279866],[-121.202714417202,38.7823352850209],[-121.202485414549,38.7823418128213],[-121.202436669604,38.7823432079394],[-121.202268378613,38.782348010498],[-121.202265974737,38.7823480763602],[-121.202256166142,38.7823483522115],[-121.2020268123,38.7823549041546],[-121.201482651607,38.78237045329],[-121.201412762841,38.7823724439674],[-121.201412376811,38.7823724550421],[-121.2014121311,38.7823724670818],[-121.201411674789,38.7824318593536],[-121.20140941869,38.7825421907865],[-121.201405136409,38.7827517477677],[-121.201404366177,38.7827828543505],[-121.201400960634,38.7829205689603],[-121.201396395748,38.783095922891],[-121.201395407193,38.7831339752843],[-121.201391593718,38.7832798975449],[-121.201386970765,38.783463543911],[-121.201386552192,38.7834820763526],[-121.201385335996,38.7835310286933],[-121.201382921416,38.7836304712418],[-121.201380907396,38.7837192347083],[-121.20137917458,38.7837954510101],[-121.201373571143,38.7840539183973],[-121.201373406645,38.7840623199441],[-121.201368316686,38.7843094225285],[-121.201363862665,38.7844873858767],[-121.201360275158,38.7846662888136],[-121.20135364284,38.7850132518189],[-121.201353591402,38.7850740747693],[-121.201353594156,38.7850894522376],[-121.201346087865,38.7854486287993],[-121.201344690873,38.7855168016997],[-121.201338139401,38.785831554975],[-121.201333461146,38.7860544683351],[-121.201331311577,38.7861584160817],[-121.201326253388,38.7864026630311],[-121.20132502765,38.7864618303134],[-121.201323690432,38.7865246764322],[-121.201321320035,38.7866357896447],[-121.201318975088,38.7867508846918],[-121.201311731798,38.7870991065835],[-121.201304324848,38.7874556476365],[-121.201296816208,38.7878149888717],[-121.201289439326,38.7881688390577],[-121.201283432965,38.788456877704],[-121.201281995529,38.7885255171248],[-121.20128150012,38.7885508865014],[-121.201283073156,38.7886623151491],[-121.201283079905,38.7886632762858],[-121.201283110328,38.7886652535952],[-121.20129788323,38.7886650806178],[-121.201297595322,38.7886657239408],[-121.20129477257,38.788671828042],[-121.201291949971,38.7886779184144],[-121.201291432193,38.788727150136],[-121.201283874631,38.7894548082454],[-121.201279559242,38.7895391485542],[-121.201278897661,38.789563692994],[-121.201256000295,38.7904122467867],[-121.201255943893,38.7904297656996],[-121.201253421052,38.7911870736469],[-121.201246287996,38.7920518271612],[-121.201241633383,38.7921101195785],[-121.20123553011,38.7921427546559],[-121.201232824044,38.7921540769035],[-121.201230149704,38.7921641362222],[-121.201229162335,38.7921676991932],[-121.201216863854,38.7921677381602],[-121.201204565528,38.7921677633971],[-121.201203901021,38.7922034976453],[-121.201203832784,38.7922064490953],[-121.201196743109,38.7925377704336],[-121.201127037983,38.7957929966108],[-121.201126776693,38.7958053242218],[-121.201107068529,38.7958058339407],[-121.201106033177,38.7958058542774],[-121.200022137901,38.7958337467296],[-121.199904731352,38.7958367684835],[-121.199789676497,38.795839723945],[-121.198307229301,38.7958778554583],[-121.198083910984,38.7958835903258],[-121.197908502867,38.7958881042263],[-121.197793412761,38.7958910574677],[-121.197530397086,38.7958978213633],[-121.197162171549,38.7959072897922],[-121.196493075704,38.7959244787194],[-121.196478404214,38.7959248577456],[-121.19616384517,38.7959329369233],[-121.195961322729,38.7959381389003],[-121.195706467216,38.7959446943005],[-121.195651414052,38.7959461115912],[-121.195450032306,38.7959512793887],[-121.195162893436,38.7959579531671],[-121.194601007186,38.7959723868192],[-121.194282499111,38.7959805570832],[-121.194010707931,38.7959875404501],[-121.193738934241,38.7959945233028],[-121.193227783503,38.7960076412525],[-121.193084859293,38.7960113026198],[-121.192767912521,38.7960194521214],[-121.192766877164,38.7960194723839],[-121.192737680088,38.7966874332574],[-121.192737490807,38.7966917431189],[-121.192737422282,38.7966931430886],[-121.192737323901,38.79669562751],[-121.192737112402,38.7967003491129],[-121.192737038578,38.7967022158612],[-121.192735405648,38.7967347854763],[-121.19273410152,38.7967569364105],[-121.192733765815,38.7967617807186],[-121.192733344196,38.7967680111458],[-121.192733303031,38.7967685463243],[-121.192732604415,38.796779086003],[-121.192732412863,38.796782050322],[-121.192731897917,38.7967887743754],[-121.19273154872,38.7967932616133],[-121.192731365427,38.7967954983069],[-121.192730914332,38.7968012342541],[-121.192730893827,38.7968014949789],[-121.192730317524,38.7968089874782],[-121.192730034359,38.7968122944068],[-121.192729731937,38.7968157522301],[-121.192729531412,38.7968179613442],[-121.192729146817,38.7968224757957],[-121.19272882389,38.7968261943439],[-121.192728098823,38.7968344272216],[-121.192727958098,38.7968360051776],[-121.192727320504,38.7968427146485],[-121.19272706096,38.7968454862767],[-121.192726682753,38.7968494378482],[-121.192726026992,38.7968562021123],[-121.192725389397,38.7968629115832],[-121.192724879971,38.7968676036551],[-121.192724782592,38.7968684542297],[-121.192724448978,38.7968715685896],[-121.192724292112,38.7968730228646],[-121.192724253597,38.7968733246538],[-121.192724037399,38.7968753689006],[-121.19272393815,38.7968763842205],[-121.192723309749,38.7968822836934],[-121.192722523859,38.7968896923564],[-121.192722309843,38.7968915444001],[-121.192721726036,38.7968966066613],[-121.192721240542,38.7969007359752],[-121.192720948093,38.7969033151565],[-121.192720169683,38.796910064838],[-121.19271939174,38.7969167733331],[-121.192718621277,38.7969228228469],[-121.192718525612,38.7969235224049],[-121.192715979859,38.7969437699858],[-121.192715079891,38.7969504089834],[-121.192714161289,38.7969571439603],[-121.192711371017,38.7969772937323],[-121.192711275507,38.7969779795615],[-121.192710399939,38.7969840146146],[-121.192709676718,38.7969889935272],[-121.192709429017,38.7969907217681],[-121.19270845903,38.7969973465489],[-121.192708042841,38.7970000072491],[-121.192707399456,38.7970041354652],[-121.192706358516,38.7970108284021],[-121.192705317264,38.7970175487965],[-121.192704634895,38.7970220199882],[-121.192704275855,38.7970242829197],[-121.19270318244,38.7970309617618],[-121.192702843126,38.7970330326123],[-121.192702071326,38.7970376542107],[-121.192701016737,38.7970440038061],[-121.192700677267,38.7970460883853],[-121.192700187008,38.7970490918172],[-121.192699998482,38.7970502438151],[-121.192699454502,38.7970533429825],[-121.192698891887,38.7970565381294],[-121.19269866734,38.797057772256],[-121.19269750375,38.7970644506103],[-121.192696696394,38.7970691131511],[-121.192696339848,38.7970711564221],[-121.192695589954,38.7970753937366],[-121.192695308568,38.7970769981744],[-121.192695158714,38.7970778346543],[-121.192694448271,38.7970816878069],[-121.192693924639,38.7970845399782],[-121.1926932892,38.7970879680265],[-121.192692690874,38.7970912178445],[-121.192691456954,38.7970979094396],[-121.192690990004,38.7971004050285],[-121.192690223189,38.7971045873058],[-121.192689180287,38.7971099072426],[-121.192688919094,38.7971112784131],[-121.192687614844,38.797117983249],[-121.19268631106,38.7971246468987],[-121.192685659169,38.7971279787234],[-121.192685305271,38.7971297886051],[-121.192685007433,38.7971312968195],[-121.192684970164,38.7971314887784],[-121.192684896094,38.7971318315101],[-121.192683818104,38.7971371512028],[-121.192682666357,38.7971427861696],[-121.192682276281,38.7971446919087],[-121.192681941797,38.797146337167],[-121.192680920022,38.7971513414636],[-121.192680436619,38.797153740829],[-121.192680065646,38.7971555094023],[-121.192679545753,38.7971580320828],[-121.192678638122,38.7971622545707],[-121.192678119319,38.7971646811497],[-121.192677786238,38.7971662028489],[-121.192676063368,38.7971742365712],[-121.19267402496,38.7971837921146],[-121.192667270931,38.7972146373516],[-121.192477798931,38.7980788230503],[-121.192475393229,38.7980898176713],[-121.192472879145,38.7981010861358],[-121.192470586965,38.7981113538634],[-121.192469921876,38.7981143011589],[-121.192467500653,38.7981251171836],[-121.192466928738,38.7981275845818],[-121.192463847881,38.7981408673947],[-121.192463552996,38.7981421147616],[-121.192461135981,38.7981525601091],[-121.192457652948,38.7981672680308],[-121.192455885037,38.798174628673],[-121.192454467293,38.798180508925],[-121.19245411697,38.7981820030439],[-121.192451264093,38.7981937496971],[-121.192450528516,38.798196723962],[-121.192440291472,38.7982376226827],[-121.192437996394,38.7982465997824],[-121.192436803359,38.7982512321794],[-121.192436050704,38.7982541651359],[-121.192434601299,38.7982597431105],[-121.192433244913,38.7982648549167],[-121.192431118484,38.7982728858286],[-121.192429651691,38.7982784499524],[-121.192427634888,38.7982860971903],[-121.192420493347,38.7983124225921],[-121.192418644103,38.7983192197437],[-121.192416869554,38.7983256192487],[-121.192414858206,38.7983327859792],[-121.192413194064,38.7983387331665],[-121.192409793577,38.7983508055271],[-121.192407216232,38.7983599179618],[-121.192399400063,38.7983869388936],[-121.19239814059,38.7983912413114],[-121.192395385622,38.7984005447286],[-121.192394254568,38.7984043537645],[-121.192392612643,38.7984098892101],[-121.192390351156,38.7984174523666],[-121.192387980508,38.7984253580104],[-121.192387305976,38.798427591287],[-121.192386413123,38.7984305095382],[-121.192383260809,38.7984408124717],[-121.192383169816,38.798441100166],[-121.192382386591,38.7984436347435],[-121.19236629292,38.7984950372611],[-121.192366002241,38.7984959139507],[-121.192357582612,38.798521997052],[-121.192353276772,38.798534996745],[-121.192353131432,38.7985354350898],[-121.192348952763,38.7985480512309],[-121.192331255543,38.7986000604349],[-121.192326721312,38.7986130859982],[-121.19231763998,38.7986387251388],[-121.192317567466,38.7986389305824],[-121.192316208333,38.7986427380311],[-121.19230166426,38.7986828241809],[-121.192298731568,38.7986907808332],[-121.192293918184,38.798703667155],[-121.192291746499,38.7987095009715],[-121.192289104954,38.7987165397478],[-121.192286717597,38.7987228251495],[-121.192285686569,38.7987255502209],[-121.192284185679,38.798729480252],[-121.19228304627,38.7987324791668],[-121.192280532675,38.7987390657474],[-121.192280406281,38.7987393806551],[-121.19227400662,38.7987559904653],[-121.192269651627,38.7987671362819],[-121.192269127418,38.7987684918921],[-121.192264230826,38.7987809794679],[-121.192260943351,38.798789276898],[-121.192250325055,38.7988158389735],[-121.192248827124,38.7988195081574],[-121.192244188614,38.7988308991385],[-121.192239550727,38.7988422352043],[-121.192229953856,38.7988653719171],[-121.192228583097,38.7988686575492],[-121.192225138031,38.7988769264225],[-121.192223064191,38.7988818684772],[-121.192220269728,38.7988884668327],[-121.19221747542,38.7988950514593],[-121.192216952613,38.7988962835103],[-121.192215366492,38.7988999932699],[-121.192211851559,38.798908234197],[-121.192211508869,38.7989090556049],[-121.192210463254,38.7989115197068],[-121.192200464103,38.79893454378],[-121.192189045762,38.7989604824409],[-121.192186164977,38.7989669566263],[-121.192183301578,38.7989734446625],[-121.192182581421,38.7989750597766],[-121.192178963245,38.7989831214963],[-121.192175291812,38.7989912377649],[-121.192171638234,38.7989993266979],[-121.192169802751,38.7990033642389],[-121.192167984812,38.7990074019019],[-121.192165754161,38.7990122467558],[-121.192162408341,38.7990195003078],[-121.192160555469,38.7990235239979],[-121.192156849568,38.7990315851066],[-121.192153863513,38.7990380585589],[-121.192153125966,38.7990396598221],[-121.192147839706,38.7990509227245],[-121.19214650933,38.7990537418212],[-121.192145556578,38.799055753483],[-121.192141780498,38.7990638141032],[-121.192137465155,38.7990730105503],[-121.191937988448,38.799493376594],[-121.191858876683,38.7996600832591],[-121.191372124307,38.8006744346731],[-121.191296997599,38.8008222680067],[-121.191214911861,38.8009678179492],[-121.191213927871,38.8009694861393],[-121.191202426207,38.8009888063303],[-121.191195255064,38.8010007013657],[-121.191190819894,38.8010080708718],[-121.191188585155,38.8010117211806],[-121.191181880311,38.8010227270219],[-121.191179091233,38.8010272933704],[-121.191175123145,38.8010337050387],[-121.191168348432,38.8010446829328],[-121.191167240223,38.8010464738262],[-121.191154659113,38.8010665965561],[-121.191142634988,38.8010855698558],[-121.191130470971,38.8011045009903],[-121.191105740957,38.801142223157],[-121.191101565133,38.8011483862383],[-121.191078364002,38.801182810152],[-121.1910547612,38.8012170665048],[-121.190978584156,38.8013228736238],[-121.190978576815,38.8013235188761],[-121.190868778124,38.8014758967938],[-121.190712342036,38.8016930154295],[-121.190607480342,38.8018385488469],[-121.19038411752,38.802148536173],[-121.190362367588,38.8021787275353],[-121.19036299607,38.802179006514],[-121.191644048304,38.8027441956245],[-121.191741589746,38.8027872311322],[-121.191735905883,38.8030341230676],[-121.19173019991,38.8032814130099],[-121.191720881912,38.8036921042963],[-121.191718384514,38.8038022140971],[-121.191711127139,38.8041226870903],[-121.191703264934,38.8044701213025],[-121.19170313155,38.8044756809658],[-121.191700135337,38.8046080571137],[-121.191700027145,38.8046129441894],[-121.191699527604,38.8046352791881],[-121.191689247833,38.8050888695305],[-121.19296976203,38.8050468369313],[-121.193686129553,38.8050233232093],[-121.193950202309,38.8050145568373],[-121.194684171949,38.8040394469786],[-121.19492873238,38.8037173377099],[-121.194946615731,38.8036937776822],[-121.195294837723,38.8032352112271],[-121.19532372843,38.8031971600379],[-121.195325562744,38.8031947700232],[-121.195330478005,38.8031883647788],[-121.195428536913,38.8031859137524],[-121.195630569678,38.8031808464715],[-121.195715254521,38.8031787281974],[-121.195721186879,38.8031785770633],[-121.196217940387,38.8031661307511],[-121.196268768786,38.8031648624042],[-121.196310260028,38.8031638177467],[-121.1963717076,38.8031622246763],[-121.196371314018,38.8031830775969],[-121.196368072985,38.8033518636905],[-121.196367948514,38.8033582197502],[-121.196355436816,38.8040119486637],[-121.196354366848,38.8040678080207],[-121.196351957012,38.8041940922371],[-121.196350466124,38.8042716693033],[-121.196347045733,38.8044501062243],[-121.196345705389,38.8045205722684],[-121.196344453974,38.8045862746695],[-121.196338767697,38.8048829099095],[-121.196337581915,38.8049443565095],[-121.196333270876,38.8051689881989],[-121.196331818751,38.8052446845375],[-121.196325494457,38.8055744729298],[-121.196325105813,38.8055948865251],[-121.196320795006,38.8058194907439],[-121.1963204166,38.8058389982396],[-121.196319648927,38.8058789742454],[-121.196318085338,38.8059614248932],[-121.196315254127,38.8061094542522],[-121.196314446403,38.8061514208078],[-121.196312658356,38.8062444144235],[-121.196310048764,38.806380596454],[-121.196308721226,38.8064499229976],[-121.196306743653,38.8065534735521],[-121.196306280959,38.806577332825],[-121.196304773678,38.8066563513957],[-121.196304302758,38.8066809382933],[-121.196302761478,38.8067614119919],[-121.196302497149,38.806775483256],[-121.196302327654,38.8067842691853],[-121.196288847504,38.8067846152571],[-121.19627454239,38.8067849830782],[-121.196277285623,38.8071322024311],[-121.19627802304,38.807226861097],[-121.196274285063,38.8075606627151],[-121.196273142614,38.8076617339365],[-121.196262825757,38.8080466336902],[-121.196259333069,38.8081770979723],[-121.196255760727,38.8083099506947],[-121.196246963015,38.8086380605707],[-121.196238045918,38.8090326083286],[-121.196194094905,38.8090320707578],[-121.196154957504,38.8090325962241],[-121.196106307798,38.8090332480564],[-121.196026786889,38.8090343177506],[-121.195946774525,38.8090353977179],[-121.195592694869,38.8090401678446],[-121.195487725807,38.8090415826505],[-121.194659942902,38.8090527060826],[-121.194648519137,38.8093315898902],[-121.194647569544,38.8093550064234],[-121.194641554167,38.8095018740664],[-121.194623713604,38.8100668433486],[-121.194623689215,38.8100674472927],[-121.194612679831,38.8102663438695],[-121.194491123604,38.8102679722837],[-121.194336305386,38.8103462295262],[-121.194323209672,38.8103528525807],[-121.194323162815,38.8103585364116],[-121.196341694841,38.8102487325112],[-121.197436220197,38.8101537662551],[-121.198103009004,38.8095765697688],[-121.198199286321,38.8094932352788],[-121.198212346729,38.809481915941],[-121.198830072493,38.8089471725395],[-121.198919454836,38.8088698035682],[-121.19928577194,38.8085526851465],[-121.199508486329,38.80836564099],[-121.199660162286,38.8082382710748],[-121.200176586755,38.8078045606135],[-121.200353255857,38.8076561905027],[-121.200445053492,38.8075790841376],[-121.200481616573,38.8075483750502],[-121.200520358464,38.8075158411509],[-121.200907507284,38.8071690810457],[-121.200906905119,38.8071883124092],[-121.200906818847,38.8071913049209],[-121.200895363979,38.8075610393551],[-121.200895030766,38.8075719522853],[-121.200895027989,38.8075721994033],[-121.20114050519,38.8075684510997],[-121.201385034726,38.807564709491],[-121.201385648991,38.8075646999849],[-121.201386052703,38.807564689031],[-121.201546129676,38.8075622473333],[-121.201631564945,38.8075609399309],[-121.201896645896,38.8075568854298],[-121.201926113048,38.8075564288844],[-121.202377561431,38.8075495210766],[-121.2023786145,38.807549500849],[-121.202426684885,38.8075487737693],[-121.20242729915,38.8075487642577],[-121.202741485295,38.8075440152947],[-121.203210613268,38.8075346855897],[-121.203529116064,38.80752835772],[-121.204445695704,38.807510118233],[-121.205250966513,38.807493938244],[-121.205308899833,38.8074930852444],[-121.205310313052,38.8074262992702],[-121.205310507727,38.8074167309077],[-121.205285178076,38.8072542434868],[-121.205284784746,38.8072517556953],[-121.205289673512,38.8069085432769],[-121.205318927374,38.8067622872947],[-121.205654403519,38.8067645822554],[-121.205643020594,38.8075164874246],[-121.205618098911,38.8091629358246],[-121.20561047873,38.8097067772525],[-121.205603675704,38.8102497180746],[-121.20560368012,38.8102524640709],[-121.205603925774,38.8102524657511],[-121.205632969889,38.8103480867181],[-121.205634479213,38.8103480695811],[-121.205796487997,38.8103460333614],[-121.207183154081,38.8103285553013],[-121.207678144408,38.8103211139231],[-121.208233457483,38.8103127498734],[-121.208245088746,38.8102168988604],[-121.20861698805,38.8097624498772],[-121.208764341076,38.8095823848378],[-121.208886889206,38.8096807151228],[-121.209155814138,38.8098965258974],[-121.209674119151,38.8095862587159],[-121.210098758464,38.8093320564463],[-121.210093375193,38.8096049687676],[-121.210082919732,38.8102807345674],[-121.210086745522,38.8102807056672],[-121.210799009625,38.8102784629719],[-121.214299615137,38.8102670204187],[-121.214721424368,38.8102663307663],[-121.214749027759,38.8102662977139],[-121.214913911139,38.8102660942805],[-121.215527641995,38.8102654905922],[-121.216140844926,38.8102650173963],[-121.216753552911,38.8102648671411],[-121.217366289942,38.8102652630421],[-121.218232598434,38.8102685984151],[-121.219246081593,38.8102735757726],[-121.219262470675,38.810273644751],[-121.219285668183,38.8102737320322],[-121.219393478503,38.8102741546008],[-121.219428941616,38.8102742830983],[-121.219473055409,38.8102744559892],[-121.219498797191,38.8102745603257],[-121.220251231928,38.8102767309285],[-121.222899442515,38.8102954404256],[-121.223637056968,38.8103129771567],[-121.224013065917,38.8103219154483],[-121.224059678895,38.8103230231912],[-121.22456151455,38.8103248506843],[-121.224831743093,38.8103258444446],[-121.225094952799,38.8103268044785],[-121.225220872363,38.8103272600771],[-121.225358162512,38.8103277639159],[-121.22562138978,38.8103287228738],[-121.225884599507,38.8103296811183],[-121.226154828236,38.8103306580716],[-121.226629483054,38.8103323916395],[-121.226720062309,38.8103327201318],[-121.226787408936,38.8103329625413],[-121.22707941394,38.8103340136606],[-121.227073450568,38.8103531133209],[-121.228341530968,38.8103604329699],[-121.228409262016,38.8103608280207],[-121.228644109948,38.810362181976],[-121.228730819014,38.8103617829773],[-121.22874553651,38.8115610276718],[-121.228756545411,38.8124599494763],[-121.228757609835,38.8125462483225],[-121.228768520434,38.8134364647012],[-121.228774360144,38.813912474321],[-121.228774864628,38.8139662710109],[-121.228775872383,38.8140755943362],[-121.22877820994,38.8143276477139],[-121.228780511425,38.8145765567233],[-121.228782467304,38.8147877614156],[-121.228782744347,38.8148172273947],[-121.228784780856,38.8150371784969],[-121.228786817527,38.8152571158659],[-121.22878885421,38.8154770532304],[-121.228790797505,38.8156878047384],[-121.228790890906,38.8156969905905],[-121.228793105184,38.815936150836],[-121.228796265586,38.8165896275866],[-121.228796277128,38.816593417086],[-121.228796310042,38.8166000899837],[-121.228797551195,38.816857778968],[-121.228797850823,38.8169191393987],[-121.22880052129,38.8174737995289],[-121.228800654587,38.8175003401007],[-121.228800408445,38.817531120659],[-121.228776629754,38.8175310039757],[-121.226405816029,38.8175467352555],[-121.224986093147,38.8175561500298],[-121.224974169785,38.8175889945281],[-121.224962246561,38.8176218252964],[-121.224956258696,38.8176382336399],[-121.224938242442,38.8176874583175],[-121.224932184522,38.8177038524626],[-121.224920086073,38.8177366545976],[-121.224889656315,38.8178185969202],[-121.224874907235,38.8178578892867],[-121.224845268637,38.8179364730767],[-121.224830396967,38.8179757371598],[-121.224815385041,38.8180149865751],[-121.224807870297,38.8180346112235],[-121.224777671492,38.8181130539595],[-121.224770104381,38.8181326507963],[-121.224736530484,38.8181246831214],[-121.224635249938,38.818381821346],[-121.224531175038,38.8186382758337],[-121.224523098439,38.8186579104424],[-121.224424360038,38.8188939912278],[-121.224323253107,38.819129457745],[-121.224211069713,38.8193838081753],[-121.22420241772,38.8194030819441],[-121.224185220812,38.8194414654374],[-121.22418513082,38.8194416707833],[-121.224176533557,38.8194607526986],[-121.224159196678,38.8194990940639],[-121.224159106686,38.8194992994097],[-121.22414606843,38.8195280998161],[-121.224132942717,38.8195568721771],[-121.224106673412,38.819614444235],[-121.224097828773,38.8196336755199],[-121.224071349572,38.8196911775188],[-121.224062542409,38.8197101893746],[-121.224062434718,38.8197104083319],[-121.224046330312,38.8197451607066],[-121.224044730385,38.8197486373871],[-121.224040650397,38.8197574383913],[-121.224035798267,38.8197678406233],[-121.224026831046,38.8197870436244],[-121.224008986582,38.8198252442785],[-121.224008896589,38.8198254496242],[-121.223999984398,38.8198444333141],[-121.223990947111,38.8198636221145],[-121.223963907965,38.8199209555906],[-121.223954800612,38.8199401301904],[-121.223945765399,38.819959126784],[-121.223936711283,38.8199782468187],[-121.223936621289,38.8199784521644],[-121.223927568966,38.8199974074529],[-121.223918516939,38.8200163352831],[-121.223918409396,38.8200165405115],[-121.223909339665,38.8200354819524],[-121.223909249671,38.8200356872981],[-121.22389100265,38.8200737754062],[-121.223881790563,38.8200928943812],[-121.223854191167,38.8201500867908],[-121.223844909013,38.820169191565],[-121.223835716698,38.8201881047216],[-121.223835626704,38.8201883100671],[-121.223826434534,38.8202072094942],[-121.223826326991,38.8202074147225],[-121.223817099717,38.8202263139143],[-121.223807747646,38.8202453907587],[-121.22379839542,38.8202644813312],[-121.223793764303,38.8202739239443],[-121.223779780948,38.8203024571282],[-121.22377035866,38.8203215335004],[-121.22374219961,38.8203785299264],[-121.223732724804,38.8203975922149],[-121.223713883021,38.8204354841035],[-121.223713775477,38.8204356893318],[-121.223704390951,38.8204545188147],[-121.223694846078,38.820473566902],[-121.223666284473,38.8205304507811],[-121.223656687382,38.820549457327],[-121.22364718013,38.8205682722554],[-121.223647072586,38.8205684774835],[-121.223637582879,38.8205872925283],[-121.223618300914,38.8206253050277],[-121.223599074124,38.8206630844863],[-121.223589389551,38.8206820629823],[-121.223579652324,38.8207010411255],[-121.223570022486,38.8207198277686],[-121.223569932791,38.8207200056564],[-121.223560302948,38.8207387922987],[-121.223560195403,38.8207389975268],[-121.223550565856,38.8207577567106],[-121.22354077626,38.820776707041],[-121.22353096896,38.820795670982],[-121.223521286899,38.8208144160826],[-121.223521215052,38.8208145666302],[-121.223511444039,38.8208334209738],[-121.223501727469,38.8208521109229],[-121.2234918678,38.820871047051],[-121.223491760255,38.8208712522789],[-121.223482025975,38.8208899558379],[-121.223452306975,38.8209467220894],[-121.223442484628,38.8209654525159],[-121.223422590628,38.8210032412147],[-121.223412716067,38.8210219301003],[-121.223402626259,38.8210410431696],[-121.223382807063,38.8210784067382],[-121.223382699517,38.8210786119661],[-121.223372754887,38.82109728665],[-121.223372647491,38.8210974781491],[-121.22336259531,38.82111635806],[-121.22335265082,38.8211350190134],[-121.223342653826,38.821153665885],[-121.22334254643,38.8211538573841],[-121.223332549281,38.8211725179837],[-121.223322337034,38.8211915890381],[-121.223302272962,38.8212288685769],[-121.223292098348,38.8212477064738],[-121.223291990951,38.8212478979729],[-121.223281834031,38.8212667222573],[-121.22326164737,38.82130397351],[-121.223230948852,38.8213604036404],[-121.223210479997,38.8213977765654],[-121.223200182938,38.8214165724461],[-121.223179536455,38.8214541363949],[-121.223169294579,38.8214726992354],[-121.223158819903,38.8214916861418],[-121.223148560466,38.821510248863],[-121.223138248375,38.8215288112312],[-121.223127721634,38.8215477428674],[-121.223086153703,38.8216223197051],[-121.223065192559,38.8216597579611],[-121.22305466833,38.8216784562011],[-121.223044233794,38.8216969765526],[-121.223033566756,38.8217158935122],[-121.22301253806,38.8217530841707],[-121.222991456993,38.8217902470155],[-121.222980845127,38.8218089309328],[-121.222491643018,38.8226665294949],[-121.222571791674,38.8226944568372],[-121.22219311077,38.8233600823566],[-121.221411908006,38.824733196823],[-121.221351483674,38.8248448406702],[-121.221373936238,38.8248444694261],[-121.222923129596,38.82481865067],[-121.224182018426,38.8247976554223],[-121.224182943776,38.8257485729596],[-121.224184096807,38.8269568567637],[-121.224185501835,38.8283977658389],[-121.224185550788,38.8284254454094],[-121.224185616654,38.8285094721241],[-121.224185643711,38.8285375497118],[-121.224186692194,38.8296090701433],[-121.224187817273,38.830779719993],[-121.224188747436,38.8317430762066],[-121.224189042562,38.8320537693465],[-121.224189074069,38.8320894807115],[-121.224188600012,38.8320894912758],[-121.224156403755,38.8320897980132],[-121.224145250975,38.8320903825665],[-121.22405195394,38.8320952788765],[-121.22223510028,38.8321906347221],[-121.221980763226,38.8322039796802],[-121.221968117427,38.8322046501353],[-121.221967766084,38.8322046752421],[-121.221511185149,38.8322286232946],[-121.221425387476,38.8322331146645],[-121.221423367627,38.832233224697],[-121.221391208761,38.8322349176272],[-121.221333916692,38.8322379111943],[-121.221340489898,38.8321281993681],[-121.221342058604,38.8321019722674],[-121.221321116387,38.8321020653176],[-121.221293731795,38.8321021838337],[-121.220710966322,38.8321047294469],[-121.220704646812,38.8321047557081],[-121.220700837554,38.8321047713469],[-121.220698344854,38.8321047820867],[-121.220649965385,38.832104993032],[-121.220553118685,38.8321054142735],[-121.220439332096,38.8321059139901],[-121.220319489427,38.8321064278736],[-121.220315908346,38.832106445031],[-121.220313643823,38.8321064572938],[-121.220274129218,38.8321066314644],[-121.219736490342,38.8321142529988],[-121.21972111093,38.8321144929574],[-121.219717792678,38.8321145530509],[-121.219629793947,38.8321164745725],[-121.219523086626,38.8321180918644],[-121.219370676091,38.8321207749684],[-121.217828714485,38.8321479416189],[-121.217825308167,38.8321480285251],[-121.217433328226,38.8321555215427],[-121.217429676329,38.8321555930534],[-121.216285316356,38.8321763138043],[-121.215009418855,38.8321930728895],[-121.214813254505,38.8321950974131],[-121.213741269932,38.8322043235695],[-121.21309966607,38.8322098378051],[-121.211631778179,38.8322256162901],[-121.211576934092,38.832226260135],[-121.210429517775,38.83224211079],[-121.209257697645,38.8322441091491],[-121.208545734633,38.8322452475543],[-121.208106012939,38.8322459446069],[-121.207574893182,38.8322479662857],[-121.205781300924,38.8322462088784],[-121.205735661133,38.8322462813148],[-121.203393850291,38.8322497859155],[-121.203393604561,38.8322497842306],[-121.203178641254,38.8322501087504],[-121.202194963563,38.8322516098394],[-121.201181339156,38.8322531438424],[-121.201181334528,38.8322535557049],[-121.201182013993,38.8330740262503],[-121.201182106101,38.8331907851666],[-121.20118283906,38.8340814702357],[-121.201177629804,38.8346511939052],[-121.201172109492,38.8351142622814],[-121.201165750826,38.835592564956],[-121.20116091689,38.8359601884141],[-121.20115860909,38.836156151765],[-121.201158123079,38.8361978321071],[-121.201155797982,38.8363953330726],[-121.201155369678,38.836431878864],[-121.20115489215,38.8364728041241],[-121.201154633423,38.8364942620276],[-121.20115264669,38.8367069504758],[-121.201151830399,38.8367936348383],[-121.201150381034,38.8372380860377],[-121.201150361442,38.8372460766478],[-121.201150300926,38.8372655176315],[-121.20115029734,38.8372673985897],[-121.20097730928,38.8373067944162],[-121.200395970737,38.8374344503172],[-121.200144002199,38.8375987093789],[-121.199837616772,38.837798455415],[-121.198772662249,38.8379751235421],[-121.198772447529,38.8379334383755],[-121.198770268097,38.8375178908091],[-121.198769700668,38.8374109454451]]]},"properties":{"OBJECTID":8,"CITY":"LOOMIS","CITY_CODE":"LO"}},{"type":"Feature","id":9,"geometry":{"type":"Polygon","coordinates":[[[-121.222250745954,38.8494598379192],[-121.222266039014,38.8493940096328],[-121.222279858396,38.8493280894999],[-121.222292343749,38.8492621604376],[-121.222303283408,38.8491961940027],[-121.222312783327,38.8491302990128],[-121.222320774118,38.8490643948238],[-121.22232732316,38.8489985359409],[-121.2223323976,38.8489327770992],[-121.222336031757,38.8488670356459],[-121.222338083881,38.8488014214433],[-121.222338696586,38.8487358516619],[-121.222337796936,38.8486704645526],[-121.2223354204,38.8486051774696],[-121.222331498712,38.848540017884],[-121.222326064996,38.8484750121433],[-121.222319119552,38.8484101332224],[-121.22231062806,38.848345464675],[-121.222300624003,38.8482808950131],[-121.222289073916,38.8482165348232],[-121.222276045168,38.8481524395105],[-121.222261435289,38.848088498479],[-121.222245346758,38.8480248223238],[-121.222227711367,38.8479613277047],[-121.222208529069,38.8478981245308],[-121.222187798155,38.8478351587356],[-121.222165623724,38.8477725121031],[-121.222141867278,38.847710102624],[-121.222116632762,38.8476480120744],[-121.222089884155,38.8475862690409],[-121.222061657484,38.8475248449349],[-121.22200726814,38.8474155222338],[-121.221850054892,38.8471146938473],[-121.221427192202,38.8465682171548],[-121.221041765437,38.8461228222818],[-121.221044825502,38.8460854842167],[-121.221044888119,38.8460846062576],[-121.221064078379,38.8458250086321],[-121.221046311061,38.8458249859317],[-121.221028543752,38.8458249623277],[-121.220796165452,38.8458246674409],[-121.220759402707,38.8458246272336],[-121.220696552041,38.8457314471483],[-121.220325777384,38.8451820074537],[-121.220325922051,38.8451752264379],[-121.220334523942,38.844755949631],[-121.220309107541,38.8446978664445],[-121.220284033768,38.8446405828488],[-121.220258958893,38.8445832983388],[-121.220212872844,38.8444778187392],[-121.220134485151,38.8442984213835],[-121.220108180309,38.8442380817336],[-121.219908804366,38.8433381021667],[-121.219893582654,38.8432694197374],[-121.219891524874,38.8432601113199],[-121.219888084482,38.8432600602951],[-121.219866564355,38.8432597509543],[-121.219822850048,38.8429479013238],[-121.21979044723,38.8426994357834],[-121.219788517767,38.8424146405694],[-121.219788278331,38.8422845082019],[-121.219787953081,38.8420982887131],[-121.219787947813,38.8420955157019],[-121.219787825576,38.8420235436365],[-121.219787837847,38.8420208518242],[-121.219787496702,38.8417560168262],[-121.219787073109,38.841455565013],[-121.219744572411,38.841383445323],[-121.219476457466,38.8409299630677],[-121.219482525997,38.8396227914189],[-121.2194779146,38.8393937340189],[-121.219654965139,38.8393915051682],[-121.219647558058,38.8388894124183],[-121.219645161699,38.8385384075582],[-121.219645196088,38.838500129358],[-121.219645619729,38.8380825964822],[-121.2196456294,38.8380673424714],[-121.219646022096,38.8380139504379],[-121.219648970659,38.8376095318166],[-121.219639231316,38.8361718209506],[-121.219639686227,38.8359113289889],[-121.219639776183,38.835859911491],[-121.219640357507,38.8358038162041],[-121.220191576988,38.8358137638933],[-121.220255744469,38.8358147161598],[-121.220324248062,38.8358157254159],[-121.220526282977,38.8358187143081],[-121.220542641227,38.8358189609859],[-121.220670679201,38.8358208495899],[-121.220670397455,38.835793704415],[-121.220664657566,38.8352604839949],[-121.220648094116,38.8337197261696],[-121.220638478519,38.8328244249299],[-121.220709047808,38.8328240748598],[-121.220708719143,38.8327948005297],[-121.220700847931,38.8321054032055],[-121.220700837579,38.8321047716033],[-121.22070464674,38.8321047557117],[-121.220710965775,38.8321047296276],[-121.221293731789,38.8321021838508],[-121.221321115862,38.832102065584],[-121.22134205882,38.8321019726114],[-121.22134048957,38.8321281990794],[-121.22133391688,38.8322379110859],[-121.221391208972,38.8322349175617],[-121.221423367264,38.8322332249558],[-121.221425387568,38.8322331150707],[-121.221511184613,38.8322286233104],[-121.22196776574,38.8322046753852],[-121.221968117318,38.8322046498116],[-121.22198076332,38.8322039795396],[-121.222235100509,38.8321906346485],[-121.224051954219,38.8320952791985],[-121.224145251211,38.8320903824307],[-121.224156403503,38.8320897983439],[-121.22418859951,38.832089491714],[-121.224189074172,38.8320894804691],[-121.224189042387,38.8320537693899],[-121.224188747732,38.8317430759376],[-121.224187816986,38.8307797203856],[-121.22418669203,38.8296090702833],[-121.224185643852,38.8285375495825],[-121.22418561629,38.8285094718673],[-121.224185550932,38.828425445144],[-121.224185501751,38.8283977654832],[-121.224184097029,38.8269568568413],[-121.224182944122,38.8257485727159],[-121.224182018286,38.8247976554195],[-121.222923129532,38.8248186505368],[-121.22137393669,38.8248444695483],[-121.221351484126,38.8248448406832],[-121.221411907742,38.824733196731],[-121.222193110448,38.8233600821741],[-121.222571792175,38.8226944567352],[-121.222491642714,38.8226665292621],[-121.222980844599,38.8218089308347],[-121.222991457228,38.8217902468159],[-121.223012538575,38.8217530841196],[-121.223033567234,38.8217158931391],[-121.223044234204,38.821696976145],[-121.223054668812,38.8216784557951],[-121.223065192881,38.8216597576637],[-121.223086153938,38.8216223193741],[-121.223127721459,38.8215477431158],[-121.223138248039,38.8215288116606],[-121.223148560988,38.8215102490472],[-121.223158819808,38.8214916860708],[-121.223169295153,38.8214726993151],[-121.22317953669,38.8214541362214],[-121.223200183453,38.8214165723858],[-121.223210480494,38.8213977763266],[-121.223230948933,38.8213604040864],[-121.223261646985,38.8213039731652],[-121.223281834199,38.8212667224595],[-121.223291991015,38.8212478975274],[-121.223292097901,38.8212477063497],[-121.223302273273,38.8212288689281],[-121.223322337535,38.8211915894654],[-121.223332548845,38.8211725180466],[-121.223342546062,38.8211538578093],[-121.223342654109,38.8211536657384],[-121.223352651174,38.8211350190127],[-121.223362595411,38.8211163584194],[-121.223372647994,38.8210974778284],[-121.22337275488,38.8210972866506],[-121.223382699263,38.8210786116422],[-121.223382807448,38.8210784069594],[-121.223402626103,38.8210410429577],[-121.22341271575,38.821021930178],[-121.223422591168,38.8210032411915],[-121.223442484669,38.820965452457],[-121.223452307554,38.8209467216753],[-121.223482025427,38.8208899562149],[-121.223491760479,38.8208712518699],[-121.223491867512,38.8208710471794],[-121.22350172716,38.8208521112333],[-121.22351144362,38.8208334211768],[-121.223521214846,38.8208145666202],[-121.223521286742,38.8208144157491],[-121.223530969236,38.8207956714097],[-121.223540776198,38.8207767071801],[-121.223550565734,38.8207577563468],[-121.2235601954,38.8207389972375],[-121.223560302433,38.8207387925469],[-121.223569932399,38.8207200055107],[-121.223570023014,38.8207198277375],[-121.223579651823,38.8207010406928],[-121.223589389805,38.8206820633855],[-121.22359907367,38.8206630848148],[-121.223618301253,38.820625305113],[-121.223637583183,38.8205872924374],[-121.223647072917,38.8205684774305],[-121.223647179959,38.820568271839],[-121.223656686961,38.8205494569468],[-121.22366628472,38.8205304507679],[-121.223694846179,38.8204735667137],[-121.2237043914,38.8204545187389],[-121.223713775307,38.8204356895058],[-121.223713883499,38.820435483922],[-121.223732725239,38.8203975926136],[-121.223742199203,38.8203785297452],[-121.223770358708,38.8203215330761],[-121.223779780972,38.8203024572465],[-121.22379376435,38.8202739235796],[-121.223798395545,38.8202644815265],[-121.223807747708,38.8202453908117],[-121.223817099719,38.8202263136087],[-121.223826326555,38.8202074148484],[-121.223826434747,38.8202072092644],[-121.223835627032,38.8201883102725],[-121.2238357168,38.8201881045654],[-121.223844909237,38.8201691911593],[-121.223854191281,38.8201500864588],[-121.22388179076,38.8200928941285],[-121.223891002688,38.820073775443],[-121.223909249857,38.8200356873403],[-121.223909339624,38.8200354816331],[-121.223918409105,38.8200165403726],[-121.223918517287,38.8200163356894],[-121.223927569343,38.8199974078254],[-121.2239366217,38.8199784520346],[-121.223936711457,38.8199782472283],[-121.223945765608,38.8199591265835],[-121.223954801124,38.8199401301381],[-121.223963907674,38.8199209557877],[-121.223990946542,38.8198636218481],[-121.223999984129,38.8198444335207],[-121.224008896257,38.8198254497604],[-121.224008986023,38.8198252440532],[-121.224026831236,38.8197870433366],[-121.224035798708,38.8197678410244],[-121.224040649914,38.8197574382665],[-121.224044730489,38.8197486375722],[-121.224046329999,38.8197451608598],[-121.224062434332,38.8197104079778],[-121.22406254266,38.8197101897819],[-121.224071349121,38.819691177383],[-121.22409782882,38.819633675719],[-121.224106673347,38.8196144446521],[-121.224132943019,38.8195568722077],[-121.22414606848,38.8195280994342],[-121.224159106711,38.8194992990494],[-121.224159196467,38.8194990942429],[-121.224176534055,38.8194607522747],[-121.224185130466,38.8194416708965],[-121.224185221383,38.8194414651968],[-121.224202417751,38.8194030817409],[-121.224211069221,38.8193838079351],[-121.224323253365,38.8191294572993],[-121.224424359771,38.8188939912036],[-121.224523098813,38.8186579101144],[-121.224531174796,38.8186382756851],[-121.22463524946,38.8183818210531],[-121.224736530212,38.8181246828134],[-121.224770104819,38.8181326510541],[-121.224777671275,38.8181130537477],[-121.224807870852,38.8180346109219],[-121.224815384614,38.8180149862343],[-121.224830397157,38.8179757367576],[-121.224845268198,38.8179364728211],[-121.224874907196,38.8178578892994],[-121.224889656435,38.8178185966164],[-121.224920086225,38.8177366543862],[-121.224932184007,38.8177038521323],[-121.224938242603,38.8176874582768],[-121.224956258779,38.8176382333011],[-121.22496224612,38.8176218254554],[-121.224974170294,38.8175889941107],[-121.224986093444,38.8175561501452],[-121.226405815974,38.8175467354063],[-121.228776630212,38.8175310037965],[-121.228800408628,38.8175311202258],[-121.228800654999,38.8175003398027],[-121.228800521426,38.8174737992101],[-121.228797850741,38.8169191395391],[-121.228797551348,38.8168577788362],[-121.228796310435,38.8166000897563],[-121.22879627687,38.8165934174442],[-121.228796266164,38.8165896272732],[-121.228793104815,38.8159361505259],[-121.228790891423,38.8156969901521],[-121.228790797603,38.81568780482],[-121.22878885413,38.815477053516],[-121.22878681801,38.8152571159825],[-121.228784780752,38.8150371784369],[-121.228782744804,38.8148172273819],[-121.228782466793,38.8147877614913],[-121.228780511013,38.8145765569337],[-121.228778210006,38.8143276472722],[-121.228775872871,38.8140755941131],[-121.22877486512,38.8139662708983],[-121.228774360495,38.8139124746034],[-121.228768520208,38.8134364651028],[-121.228757609973,38.812546248633],[-121.228756545971,38.8124599494216],[-121.228745537019,38.8115610276847],[-121.228730818657,38.8103617830044],[-121.228644109581,38.810362181965],[-121.228409262299,38.8103608283741],[-121.228341530695,38.8103604333554],[-121.227073450901,38.8103531133118],[-121.227079413437,38.8103340132878],[-121.226787408828,38.8103329625298],[-121.226720062471,38.810332720482],[-121.226629483266,38.8103323912688],[-121.226154828246,38.8103306577327],[-121.225884600052,38.8103296813218],[-121.225621389698,38.8103287231437],[-121.225358162082,38.8103277642539],[-121.225220871932,38.8103272602341],[-121.225094952894,38.8103268048905],[-121.224831742572,38.8103258440221],[-121.224561514561,38.8103248510204],[-121.224059678489,38.8103230229449],[-121.224013066387,38.8103219151374],[-121.223637056944,38.8103129771437],[-121.222899442582,38.8102954407266],[-121.220251232412,38.8102767310542],[-121.219498797111,38.8102745600815],[-121.219473055474,38.8102744555656],[-121.219428942175,38.8102742834345],[-121.219393478027,38.8102741550019],[-121.21928566857,38.8102737321862],[-121.219262470282,38.8102736447195],[-121.219246081414,38.8102735759947],[-121.218232597889,38.8102685984869],[-121.217366289745,38.8102652633995],[-121.216753553159,38.8102648672418],[-121.216140845062,38.8102650175958],[-121.215527641706,38.810265490203],[-121.21491391065,38.8102660938445],[-121.214749027637,38.8102662981425],[-121.214721424909,38.8102663304422],[-121.21429961523,38.8102670201565],[-121.21079901004,38.8102784627498],[-121.210086745196,38.8102807055699],[-121.210082919781,38.8102807345086],[-121.210093374865,38.8096049689408],[-121.21009875795,38.8093320564434],[-121.209674119614,38.8095862591064],[-121.209155814028,38.8098965254762],[-121.208886889492,38.8096807154927],[-121.208764340509,38.8095823847122],[-121.208616987676,38.8097624501836],[-121.208245088187,38.8102168990083],[-121.208233457499,38.8103127499414],[-121.207678143927,38.810321113603],[-121.207183154269,38.8103285548561],[-121.205796487955,38.8103460336535],[-121.20563447885,38.8103480699008],[-121.205632970271,38.8103480866103],[-121.205603926029,38.8102524658333],[-121.205603679639,38.8102524641481],[-121.205603675776,38.8102497181611],[-121.205610478711,38.8097067770909],[-121.205618098745,38.8091629361733],[-121.205643020094,38.8075164876408],[-121.205654403249,38.8067645819951],[-121.205318927545,38.8067622870375],[-121.205289673455,38.8069085435541],[-121.20528478516,38.8072517552892],[-121.205285177608,38.8072542435742],[-121.205310508031,38.8074167313243],[-121.205310313589,38.807426299417],[-121.205308899356,38.8074930856111],[-121.205250966436,38.8074939378541],[-121.204445695433,38.8075101185192],[-121.203529115929,38.8075283573815],[-121.203210612939,38.807534685413],[-121.202741485852,38.8075440156756],[-121.202427298592,38.8075487639684],[-121.202426684782,38.8075487741678],[-121.202378614912,38.8075495008165],[-121.20237756115,38.8075495215078],[-121.201926113116,38.8075564293341],[-121.201896645982,38.8075568854098],[-121.201631565512,38.8075609401546],[-121.201546129633,38.807562247441],[-121.201386053026,38.8075646892062],[-121.201385648764,38.8075646999401],[-121.201385034963,38.8075647092331],[-121.201140504671,38.8075684510059],[-121.200895027823,38.8075721992651],[-121.200895030597,38.8075719524358],[-121.200895363949,38.8075610393482],[-121.200906818984,38.8071913051142],[-121.200906905585,38.8071883119982],[-121.200907507425,38.8071690808871],[-121.200520358033,38.8075158411904],[-121.200481616085,38.8075483746994],[-121.200445053484,38.8075790844489],[-121.200353255663,38.8076561907653],[-121.200176586359,38.8078045607558],[-121.199660162319,38.808238270778],[-121.199508486525,38.8083656406898],[-121.199285771746,38.8085526850068],[-121.198919454541,38.8088698032931],[-121.198830073013,38.8089471728348],[-121.198212346355,38.8094819161251],[-121.19819928584,38.8094932350429],[-121.198103008616,38.8095765699782],[-121.197436220533,38.8101537662068],[-121.196341694919,38.8102487328686],[-121.194323163382,38.810358536669],[-121.19432320937,38.8103528522668],[-121.194336304962,38.8103462295493],[-121.194491123703,38.8102679722168],[-121.194612679408,38.8102663439842],[-121.194623689056,38.8100674469782],[-121.194623713163,38.8100668435379],[-121.1946415543,38.8095018744168],[-121.194647569076,38.8093550061626],[-121.1946485194,38.8093315900777],[-121.194659943103,38.8090527062151],[-121.195487725691,38.8090415825621],[-121.195592695182,38.80904016816],[-121.195946774138,38.8090353973582],[-121.196026787304,38.8090343179042],[-121.196106307544,38.8090332484969],[-121.196154957989,38.809032596023],[-121.196194095083,38.8090320704842],[-121.196238045778,38.8090326079802],[-121.196246962905,38.8086380608676],[-121.196255761075,38.8083099502817],[-121.196259333045,38.8081770975702],[-121.196262826187,38.8080466335162],[-121.196273142338,38.8076617339511],[-121.196274284786,38.8075606628237],[-121.196278023315,38.8072268613004],[-121.196277285582,38.8071322024252],[-121.196274542594,38.8067849829756],[-121.196288846987,38.8067846152946],[-121.196302327896,38.8067842689406],[-121.19630249743,38.8067754835698],[-121.196302761252,38.8067614123303],[-121.196304302944,38.8066809386874],[-121.196304773128,38.8066563516898],[-121.196306281103,38.8065773327774],[-121.196306744209,38.8065534736632],[-121.196308721739,38.806449922703],[-121.196310048768,38.8063805962945],[-121.196312658771,38.8062444143591],[-121.196314446725,38.8061514207124],[-121.196315253806,38.8061094539481],[-121.196318085196,38.8059614248144],[-121.196319649203,38.8058789738298],[-121.196320416507,38.8058389977934],[-121.196320794727,38.8058194903714],[-121.196325105253,38.8055948862756],[-121.196325494864,38.8055744726197],[-121.196331818552,38.8052446844505],[-121.196333270487,38.8051689885863],[-121.196337582401,38.8049443565594],[-121.196338767349,38.8048829102928],[-121.196344453718,38.8045862746739],[-121.19634570518,38.8045205720802],[-121.196347046167,38.8044501061094],[-121.196350466325,38.8042716691113],[-121.196351956747,38.8041940924133],[-121.196354367226,38.8040678082376],[-121.196355437196,38.804011948596],[-121.196367948789,38.8033582199084],[-121.19636807243,38.8033518639637],[-121.196371314333,38.8031830780336],[-121.196371707735,38.803162224757],[-121.196310260565,38.803163817574],[-121.196268768672,38.8031648619721],[-121.196217940414,38.8031661309292],[-121.195721186422,38.8031785774946],[-121.195715254218,38.8031787283051],[-121.195630569547,38.8031808463227],[-121.195428536773,38.8031859135546],[-121.195330477919,38.8031883648274],[-121.19532556294,38.8031947704573],[-121.195323728307,38.8031971604649],[-121.195294837987,38.8032352110037],[-121.19494661553,38.8036937774346],[-121.194928732169,38.8037173374148],[-121.194684172449,38.8040394467976],[-121.193950201955,38.8050145564196],[-121.193686129213,38.8050233234192],[-121.192969761556,38.8050468370833],[-121.191689247623,38.8050888692221],[-121.19169952729,38.8046352789575],[-121.191700027561,38.804612944441],[-121.191700134931,38.8046080568648],[-121.191703131825,38.8044756812748],[-121.191703265263,38.8044701209022],[-121.191711126852,38.8041226875249],[-121.19171838487,38.803802214096],[-121.191720882216,38.8036921045512],[-121.191730199514,38.8032814132526],[-121.191735905943,38.8030341232316],[-121.191741589386,38.8027872312465],[-121.191644048007,38.8027441952835],[-121.19036299659,38.8021790069309],[-121.190362367697,38.8021787277696],[-121.190384117821,38.8021485359288],[-121.190607480244,38.8018385490789],[-121.1907123421,38.8016930157029],[-121.190868777882,38.8014758968888],[-121.190978577321,38.8013235192466],[-121.190978584669,38.801322873347],[-121.191054760964,38.8012170662552],[-121.191078364264,38.8011828105873],[-121.191101565354,38.8011483863462],[-121.191105740982,38.8011422234921],[-121.191130470493,38.8011045008571],[-121.191142635126,38.8010855701253],[-121.191154658627,38.8010665969676],[-121.191167239766,38.8010464736296],[-121.191168348105,38.8010446831372],[-121.191175122854,38.801033705013],[-121.191179091768,38.801027292967],[-121.191181880332,38.8010227267682],[-121.19118858516,38.8010117211291],[-121.191190819894,38.8010080708996],[-121.191195255604,38.8010007017365],[-121.191202426458,38.8009888065427],[-121.19121392773,38.8009694864959],[-121.191214911495,38.8009678176589],[-121.191296997294,38.8008222683827],[-121.191372123862,38.8006744345388],[-121.191858877124,38.7996600835809],[-121.191937988458,38.799493376959],[-121.192137465612,38.7990730102483],[-121.192141780253,38.7990638140671],[-121.192145557012,38.7990557537922],[-121.192146508941,38.79905374148],[-121.192147839587,38.7990509227872],[-121.192153126347,38.7990396594784],[-121.192153864076,38.7990380582918],[-121.192156849152,38.7990315853142],[-121.192160555697,38.7990235236495],[-121.192162408882,38.7990195004742],[-121.192165753957,38.7990122471118],[-121.19216798488,38.7990074022334],[-121.192169802541,38.7990033643964],[-121.192171638621,38.7989993266875],[-121.192175291364,38.7989912376208],[-121.192178962833,38.798983121657],[-121.192182581883,38.7989750593829],[-121.192183301345,38.7989734445555],[-121.192186164556,38.7989669563149],[-121.192189046021,38.7989604826157],[-121.192200464157,38.7989345438252],[-121.192210463061,38.7989115195081],[-121.192211508764,38.798909055592],[-121.192211851955,38.7989082345495],[-121.192215365966,38.7988999931641],[-121.192216953096,38.798896283455],[-121.192217475952,38.7988950510464],[-121.19222027002,38.7988884668278],[-121.192223064251,38.7988818681957],[-121.19222513854,38.7988769267305],[-121.192228582633,38.7988686578311],[-121.192229954269,38.7988653718513],[-121.192239550341,38.7988422348189],[-121.19224418858,38.798830899427],[-121.192248827453,38.7988195081829],[-121.192250325469,38.7988158392953],[-121.19226094361,38.7987892769117],[-121.192264230291,38.798780979889],[-121.19226912798,38.7987684922378],[-121.192269651085,38.7987671364064],[-121.19227400626,38.7987559900369],[-121.192280405954,38.7987393803683],[-121.19228053271,38.7987390659323],[-121.192283045891,38.7987324788575],[-121.192284185154,38.7987294804522],[-121.192285686134,38.7987255503215],[-121.192286717531,38.7987228250419],[-121.19228910525,38.7987165397994],[-121.19229174674,38.7987095013612],[-121.192293918658,38.7987036668733],[-121.192298731067,38.7986907804265],[-121.192301663887,38.7986828241874],[-121.192316208259,38.7986427376516],[-121.192317567382,38.7986389308591],[-121.192317639946,38.7986387250559],[-121.192326720981,38.7986130862168],[-121.19233125521,38.798600059995],[-121.192348952392,38.7985480511473],[-121.192353131973,38.7985354350739],[-121.192353276257,38.7985349964343],[-121.192357582219,38.7985219974529],[-121.192366001693,38.7984959143667],[-121.192366292562,38.7984950371036],[-121.192382386012,38.79844363512],[-121.192383170025,38.7984411000125],[-121.192383260787,38.7984408123532],[-121.192386413643,38.7984305098766],[-121.192387305617,38.7984275917331],[-121.192387980295,38.7984253576693],[-121.192390350703,38.7984174524721],[-121.192392612467,38.7984098888642],[-121.192394254849,38.7984043533968],[-121.192395386033,38.7984005450182],[-121.192398140719,38.7983912415816],[-121.192399399551,38.7983869385913],[-121.192407216025,38.7983599179681],[-121.192409793552,38.7983508051926],[-121.192413194442,38.7983387332553],[-121.192414858763,38.7983327862253],[-121.192416869652,38.7983256190736],[-121.192418643874,38.7983192196512],[-121.192420492838,38.7983124225473],[-121.192427634825,38.7982860972374],[-121.192429651164,38.7982784499394],[-121.192431118871,38.7982728862296],[-121.192433245483,38.7982648550108],[-121.192434600996,38.7982597427763],[-121.192436050437,38.7982541654257],[-121.192436803281,38.7982512318998],[-121.192437996774,38.7982465996234],[-121.192440291845,38.7982376227218],[-121.192450528084,38.7981967242217],[-121.19245126412,38.798193750038],[-121.192454116764,38.7981820031183],[-121.192454467591,38.7981805091501],[-121.19245588478,38.7981746288699],[-121.192457652642,38.798167268134],[-121.19246113641,38.7981525598145],[-121.192463552915,38.7981421143763],[-121.192463847975,38.7981408677699],[-121.192466928739,38.7981275845866],[-121.192467500144,38.7981251173699],[-121.192469922013,38.7981143007948],[-121.192470587509,38.7981113540486],[-121.192472878812,38.7981010861193],[-121.192475393302,38.7980898179324],[-121.192477798775,38.7980788228633],[-121.192667270875,38.7972146372027],[-121.192674025352,38.7971837920305],[-121.192676063292,38.7971742367553],[-121.192677785794,38.7971662027222],[-121.192678119661,38.7971646807072],[-121.192678637629,38.7971622545597],[-121.192679545535,38.79715803201],[-121.192680065747,38.797155509481],[-121.192680436951,38.7971537408768],[-121.192680920077,38.7971513415142],[-121.192681941624,38.7971463368657],[-121.19268227573,38.7971446923289],[-121.192682666917,38.7971427860246],[-121.192683817643,38.7971371516387],[-121.192684895731,38.7971318311645],[-121.192684969847,38.7971314884338],[-121.19268500771,38.7971312968037],[-121.192685305728,38.797129788954],[-121.192685658984,38.7971279787832],[-121.192686311562,38.7971246472581],[-121.192687614425,38.7971179832911],[-121.1926889189,38.7971112787945],[-121.192689180829,38.7971099076318],[-121.192690223231,38.7971045869095],[-121.192690990226,38.7971004048219],[-121.192691457168,38.7970979098506],[-121.19269269128,38.7970912174774],[-121.192693288812,38.7970879684532],[-121.192693924066,38.7970845404105],[-121.19269444802,38.7970816881751],[-121.19269515833,38.7970778345247],[-121.192695308279,38.7970769977229],[-121.192695590124,38.7970753933636],[-121.192696339324,38.7970711561968],[-121.192696696379,38.7970691127173],[-121.192697503358,38.7970644507237],[-121.192698667085,38.7970577722757],[-121.192698891774,38.7970565377922],[-121.192699454158,38.797053342578],[-121.192699998181,38.7970502436333],[-121.192700187395,38.7970490917866],[-121.192700677382,38.7970460879625],[-121.192701016478,38.7970440038173],[-121.192702071708,38.7970376543472],[-121.192702843692,38.7970330326512],[-121.192703182635,38.7970309620185],[-121.192704276141,38.7970242830822],[-121.192704634539,38.7970220197905],[-121.192705317319,38.7970175488268],[-121.192706358342,38.7970108280839],[-121.192707399049,38.797004135267],[-121.192708043398,38.797000007282],[-121.192708459268,38.7969973461884],[-121.192709428978,38.7969907213469],[-121.192709676537,38.7969889933248],[-121.192710399618,38.7969840145292],[-121.192711275142,38.7969779791275],[-121.192711371572,38.7969772933061],[-121.192714161787,38.7969571440786],[-121.192715079791,38.7969504089668],[-121.192715979433,38.7969437701245],[-121.192718525547,38.7969235228028],[-121.192718620989,38.7969228225599],[-121.192719391912,38.7969167729174],[-121.192720169159,38.7969100647551],[-121.192720948027,38.7969033151623],[-121.192721240935,38.7969007360975],[-121.192721726425,38.7968966070081],[-121.192722310006,38.7968915443591],[-121.192722523281,38.7968896926742],[-121.192723309634,38.7968822836689],[-121.192723938399,38.7968763843906],[-121.192724037421,38.7968753688548],[-121.192724254035,38.7968733243989],[-121.192724291995,38.7968730228586],[-121.192724448948,38.7968715689835],[-121.192724782474,38.7968684541609],[-121.192724879624,38.7968676034783],[-121.192725389923,38.7968629114939],[-121.19272602673,38.7968562023552],[-121.192726682589,38.7968494374928],[-121.1927270613,38.7968454860407],[-121.192727320701,38.7968427148496],[-121.192727958669,38.7968360048181],[-121.192728098605,38.7968344274003],[-121.192728824084,38.7968261945419],[-121.192729147194,38.7968224760385],[-121.192729531145,38.7968179615555],[-121.192729732363,38.7968157521264],[-121.19273003409,38.7968122947376],[-121.192730317992,38.7968089876765],[-121.192730893465,38.7968014952226],[-121.192730914849,38.7968012341079],[-121.192731365618,38.7967954984583],[-121.192731548725,38.796793261876],[-121.192731897834,38.796788774178],[-121.192732412773,38.7967820506785],[-121.192732604142,38.79677908622],[-121.192733302856,38.7967685459504],[-121.192733344616,38.7967680111015],[-121.192733765313,38.7967617806443],[-121.192734101205,38.7967569360949],[-121.192735406017,38.7967347855341],[-121.192737038626,38.7967022155496],[-121.192737112766,38.7967003493838],[-121.192737324085,38.7966956273927],[-121.192737422507,38.7966931433729],[-121.19273749136,38.7966917429398],[-121.192737679578,38.7966874334039],[-121.192766876978,38.7960194726077],[-121.192767912154,38.7960194518755],[-121.193084858983,38.796011302359],[-121.193227783411,38.7960076413268],[-121.193738933998,38.7959945237337],[-121.194010707568,38.7959875400331],[-121.194282499493,38.7959805567251],[-121.194601007203,38.7959723868758],[-121.195162893395,38.7959579527193],[-121.195450031824,38.7959512793516],[-121.19565141432,38.7959461113202],[-121.195706467508,38.7959446944297],[-121.195961322196,38.7959381385359],[-121.196163844687,38.7959329369688],[-121.196478404527,38.7959248580694],[-121.196493075256,38.7959244784984],[-121.197162171785,38.7959072899439],[-121.197530396954,38.7958978215365],[-121.197793412241,38.7958910576553],[-121.197908503366,38.795888103996],[-121.198083911362,38.7958835901782],[-121.19830722923,38.7958778555023],[-121.199789676589,38.7958397243392],[-121.199904731863,38.7958367684556],[-121.200022137487,38.795833746667],[-121.201106033036,38.7958058542874],[-121.201107068197,38.7958058343818],[-121.201126776881,38.7958053240191],[-121.201127038534,38.7957929969038],[-121.201196743184,38.7925377702437],[-121.201203832759,38.7922064490269],[-121.201203901598,38.7922034972265],[-121.201204565406,38.7921677636937],[-121.201216863432,38.7921677383828],[-121.201229162762,38.7921676995661],[-121.201230150181,38.7921641360621],[-121.201232824468,38.7921540769072],[-121.201235530204,38.7921427548963],[-121.20124163292,38.7921101191596],[-121.201246287841,38.7920518273297],[-121.201253421227,38.7911870736373],[-121.201255943896,38.7904297655458],[-121.201256000205,38.7904122468835],[-121.201278897686,38.7895636926268],[-121.201279558943,38.789539148342],[-121.201283874233,38.7894548080211],[-121.201291432256,38.788727150001],[-121.201291949438,38.7886779180494],[-121.201294772391,38.7886718284124],[-121.201297595506,38.7886657243619],[-121.201297883605,38.7886650803928],[-121.201283110823,38.7886652535507],[-121.201283080082,38.7886632758468],[-121.201283073601,38.7886623154345],[-121.201281500158,38.7885508866464],[-121.201281995708,38.7885255168892],[-121.201283433004,38.7884568776047],[-121.201289439448,38.7881688392469],[-121.201296815679,38.7878149890794],[-121.201304324863,38.7874556478822],[-121.201311732312,38.7870991068971],[-121.201318974909,38.7867508846521],[-121.201321320541,38.7866357899841],[-121.201323690523,38.7865246765945],[-121.201325028156,38.7864618303521],[-121.201326253114,38.7864026626422],[-121.201331311661,38.7861584162559],[-121.201333460726,38.7860544680651],[-121.201338139247,38.7858315552608],[-121.201344690396,38.7855168014597],[-121.201346087802,38.7854486285545],[-121.201353594637,38.7850894521383],[-121.201353591194,38.7850740745159],[-121.201353643366,38.7850132518724],[-121.201360275177,38.7846662884405],[-121.201363863141,38.7844873855762],[-121.201368316459,38.7843094229035],[-121.201373406785,38.784062319915],[-121.20137357133,38.7840539182772],[-121.201379174805,38.7837954511551],[-121.201380907623,38.7837192345373],[-121.201382921733,38.7836304711048],[-121.201385335438,38.7835310283528],[-121.201386552645,38.7834820759727],[-121.201386970205,38.7834635435613],[-121.201391594257,38.7832798973179],[-121.201395406847,38.7831339755233],[-121.201396395775,38.78309592256],[-121.201400961207,38.7829205687676],[-121.20140436624,38.7827828541415],[-121.201405136749,38.7827517474787],[-121.201409418565,38.7825421905531],[-121.201411674752,38.7824318592334],[-121.201412130922,38.7823724672957],[-121.201412377367,38.7823724554772],[-121.201412763081,38.7823724437157],[-121.201482651798,38.782370453223],[-121.20202681269,38.7823549043078],[-121.202256166026,38.7823483524496],[-121.202265974417,38.7823480765976],[-121.202268378432,38.782348010232],[-121.202436669269,38.7823432078283],[-121.202485414436,38.7823418129314],[-121.202714417511,38.7823352847897],[-121.202943227494,38.7823287278438],[-121.203171790829,38.7823221966827],[-121.20348800133,38.782313162779],[-121.203586403407,38.7823103504086],[-121.203698632049,38.7823071517027],[-121.204014018057,38.7822981386406],[-121.204378094996,38.7822877277587],[-121.204380937641,38.7822876517426],[-121.204435964513,38.7822860792528],[-121.204437578692,38.7822860353583],[-121.20449379851,38.7822844160602],[-121.204494377575,38.7822844056133],[-121.204524681679,38.7822834051302],[-121.204530279823,38.7822832236645],[-121.204177181885,38.7816979164069],[-121.204006000689,38.7814141821056],[-121.204005259376,38.7814129553918],[-121.203487795734,38.7805551752801],[-121.203482574198,38.7805561691948],[-121.203398071766,38.7804160801856],[-121.203355345845,38.7803452702309],[-121.202943356502,38.7796623198498],[-121.202827359229,38.7794574424701],[-121.202693423279,38.7792209045755],[-121.202604172551,38.7790632903063],[-121.202563803603,38.7789227199784],[-121.202531257781,38.7787809114691],[-121.202506596498,38.778638131876],[-121.202489867346,38.7784946491011],[-121.202481100611,38.7783507345296],[-121.2024803128,38.7782066567478],[-121.202482965542,38.7781624241519],[-121.202487616695,38.7781042961591],[-121.202493495467,38.7780462045273],[-121.20250053021,38.7779881748902],[-121.202508827311,38.7779302647358],[-121.202518280065,38.7778724445018],[-121.202528959507,38.7778147426041],[-121.202540830493,38.7777572137564],[-121.202558110444,38.7776740470719],[-121.202570262292,38.7776226706519],[-121.202583465895,38.7775714113656],[-121.20259778907,38.7775203795894],[-121.202613163067,38.7774695478233],[-121.202629657257,38.7774188877143],[-121.202647200498,38.7773684825578],[-121.20266586415,38.7773183319427],[-121.202685577162,38.7772684083531],[-121.202706374602,38.7772187660838],[-121.202728290669,38.7771694341983],[-121.202751256625,38.7771203842957],[-121.202775341215,38.7770716438748],[-121.202800439399,38.7770232401416],[-121.202826587163,38.7769751454146],[-121.202853746136,38.7769274972685],[-121.202882024582,38.7768801856343],[-121.202911280628,38.7768332383661],[-121.202941583866,38.7767867099956],[-121.202972864942,38.7767406270729],[-121.203005158976,38.776694936685],[-121.203038465066,38.7766497190056],[-121.203072748982,38.7766049476724],[-121.203108043479,38.776560677865],[-121.203144244145,38.7765168809375],[-121.203181423167,38.7764735853128],[-121.203219541964,38.7764308447796],[-121.2032501161,38.7763977047878],[-121.203258567229,38.7763885500986],[-121.203298533952,38.7763468654742],[-121.203693866973,38.7760030911689],[-121.203694894425,38.7760021919026],[-121.203695851365,38.7760013200808],[-121.203696878505,38.7760004487405],[-121.203697905654,38.7759995764994],[-121.203698933106,38.7759986772331],[-121.203699960246,38.7759978058928],[-121.203700987697,38.7759969066265],[-121.203702191916,38.7759958437063],[-121.203948768868,38.7757978475226],[-121.204313119292,38.7755420864436],[-121.205449793692,38.7747778688984],[-121.2061793591,38.7742810882728],[-121.206670866707,38.7741135657129],[-121.206697540331,38.7741044668362],[-121.207019610744,38.7740100502912],[-121.207299784319,38.773989296029],[-121.207300134464,38.7739892704917],[-121.207300555946,38.7739892463426],[-121.207372209799,38.7739839409633],[-121.207884720123,38.7739460307224],[-121.208640528853,38.7739084031374],[-121.210277546885,38.7738268881122],[-121.210377742271,38.7738209930517],[-121.210447324658,38.7738158509677],[-121.210531278543,38.7738084579111],[-121.210572574272,38.7738044414098],[-121.210572846108,38.7737815007349],[-121.210572977893,38.7737696249607],[-121.210573025877,38.7737653009286],[-121.210573038982,38.7737641199273],[-121.210595658967,38.7737615277797],[-121.210640863237,38.7737561378217],[-121.210810652779,38.7737324001273],[-121.210979112286,38.7737034323835],[-121.21114597768,38.7736692796491],[-121.211310991685,38.7736299960397],[-121.21147389467,38.7735856410612],[-121.211634432637,38.7735362850706],[-121.211792356125,38.7734820047629],[-121.211836557991,38.7734657885316],[-121.211869335337,38.7734534199772],[-121.211932131104,38.7734290226729],[-121.211934422248,38.773428104886],[-121.211955844854,38.7734195178127],[-121.211957200772,38.7734189783643],[-121.21208994611,38.7733631933891],[-121.212220152678,38.7733038567731],[-121.212347667773,38.7732410386606],[-121.212472338638,38.7731748146014],[-121.213380244955,38.772674599704],[-121.213400273009,38.7726635587537],[-121.213440964643,38.7726411388039],[-121.213441830018,38.7726406230418],[-121.213442695244,38.7726401207923],[-121.213443719177,38.7726395241218],[-121.213444901829,38.7726388321297],[-121.213494468333,38.772611653338],[-121.213695035994,38.7725010310143],[-121.213696270968,38.7725003943294],[-121.213697347384,38.7724998385531],[-121.21369824683,38.7724993635607],[-121.213699128855,38.7724989028648],[-121.214235004986,38.7722036461994],[-121.215112852891,38.771719964092],[-121.215155714396,38.7716963501009],[-121.215544556015,38.7714821019876],[-121.216949205146,38.7707081185143],[-121.217533596647,38.7703861125584],[-121.217590624758,38.7703546850005],[-121.217591737388,38.7703540744771],[-121.217600366032,38.7703486352966],[-121.217608052976,38.7703423906634],[-121.217612381238,38.7703426937117],[-121.218112218549,38.7703779149125],[-121.218293948449,38.7703907272149],[-121.218378189427,38.770396662979],[-121.218457433481,38.7703960154412],[-121.21854178184,38.7703953202288],[-121.219013935362,38.7703914265616],[-121.219084076916,38.770390855194],[-121.219283714451,38.7703892052259],[-121.219357890005,38.7703885914539],[-121.219541671469,38.7703870812589],[-121.219611742821,38.7703865091006],[-121.219685899948,38.770385895896],[-121.219822269458,38.7703850413213],[-121.219909387201,38.7703845006661],[-121.22010284587,38.77038328795],[-121.220272504355,38.7703822312655],[-121.220383440679,38.7703815340242],[-121.22052168598,38.7703806777122],[-121.22066740405,38.7703797614948],[-121.220947998821,38.7703780071052],[-121.220953839589,38.7703779634202],[-121.221198038994,38.7703764443486],[-121.221393322942,38.7703752147009],[-121.221479055058,38.7703746770875],[-121.22199243231,38.7703714874166],[-121.222022687715,38.7703712919903],[-121.222426479181,38.7703687388904],[-121.222630724876,38.7703674572805],[-121.222663453462,38.7703672503214],[-121.222767514325,38.7703666020586],[-121.222806855793,38.7703663573531],[-121.2230864505,38.7703645901988],[-121.223101884933,38.7703644880906],[-121.223247777697,38.7703635833173],[-121.2232632294,38.7703634804023],[-121.22357888541,38.7703615010974],[-121.223630854275,38.7703611757052],[-121.223859480047,38.7703597387695],[-121.223946527525,38.7703591955161],[-121.22414007466,38.7703579766642],[-121.224262200915,38.7703572000551],[-121.224420669417,38.7703561994673],[-121.224551705523,38.7703553856857],[-121.224577874139,38.7703552172483],[-121.22487662258,38.7703533412934],[-121.224971737736,38.7703527403304],[-121.225437320358,38.7703498064071],[-121.22559563118,38.7703488031634],[-121.225682152756,38.7703482551004],[-121.225685590382,38.7703482365891],[-121.225987091717,38.7703463346979],[-121.226785693257,38.7703413045599],[-121.227045679108,38.7703396585189],[-121.228873962658,38.7703345459271],[-121.229892892469,38.7703330173084],[-121.23024729236,38.7703324706014],[-121.23231385866,38.7703280737573],[-121.232826354423,38.7703283862277],[-121.232867498193,38.7703284383143],[-121.232990966059,38.7703285127457],[-121.233005486624,38.7703285267067],[-121.233063116968,38.7703285507178],[-121.233095702603,38.770328573208],[-121.233191214449,38.7703286275953],[-121.233621597855,38.7703289157361],[-121.234096351208,38.7703292076518],[-121.234318874121,38.7703293431952],[-121.234489869342,38.7703294556396],[-121.235019692578,38.770329762782],[-121.235237128902,38.7703299044861],[-121.23545810885,38.7703300150678],[-121.235682594728,38.7703301753401],[-121.235903539015,38.7703302839382],[-121.236128552212,38.7703304197919],[-121.236412176172,38.7703305831067],[-121.236717934113,38.7703307813593],[-121.237073535232,38.7703309775714],[-121.237718759283,38.7703313442971],[-121.238210718003,38.7703316359712],[-121.238211629367,38.770331641952],[-121.23831533143,38.7703316909161],[-121.23865862107,38.7703319104984],[-121.238819953482,38.7703319802161],[-121.23901993894,38.7703321382421],[-121.239084391012,38.7703321760556],[-121.239177710615,38.7703322246608],[-121.239189461128,38.7703322467199],[-121.239322907269,38.7703323392739],[-121.239416088368,38.770332318311],[-121.239561424832,38.7703324875961],[-121.239654464538,38.770332452002],[-121.239799941245,38.7703326354208],[-121.239892841859,38.7703325852111],[-121.240070991506,38.7703328038494],[-121.240131253703,38.7703327181567],[-121.240350249094,38.7703329839132],[-121.240369700069,38.7703328508386],[-121.2406080072,38.7703329821198],[-121.240641291863,38.7703331719306],[-121.240846383374,38.7703331133633],[-121.240951293943,38.7703333597688],[-121.241084795222,38.7703332443505],[-121.241245880049,38.7703335424127],[-121.241323172549,38.7703333746225],[-121.241561548725,38.7703335043974],[-121.241799926054,38.7703336336904],[-121.242107472518,38.770333802402],[-121.242386042515,38.7703342478553],[-121.243693325666,38.7703350283501],[-121.243999890285,38.7703352135791],[-121.244237250107,38.7703353582675],[-121.244237460687,38.7703353596385],[-121.244610581033,38.7703355783527],[-121.244718953491,38.7703351438774],[-121.24494345797,38.7703352719474],[-121.245005104455,38.7703353026392],[-121.245102299812,38.7703353581758],[-121.247136727791,38.7703363920858],[-121.247259125377,38.7703364579137],[-121.247395658045,38.7703365332741],[-121.247391881231,38.7709969407182],[-121.247391821024,38.7710076358733],[-121.247390646795,38.771213163453],[-121.247390751493,38.7712811545382],[-121.247390839012,38.7713342346316],[-121.247391559104,38.7719375691161],[-121.247391626626,38.7719991752425],[-121.247391926472,38.7722444188514],[-121.247392000632,38.7722987619231],[-121.247392168034,38.7724503537906],[-121.247392229514,38.7725091589617],[-121.247392453487,38.7726786828065],[-121.247392540428,38.7727417169896],[-121.247392609998,38.7728214051893],[-121.247392764803,38.7729526491294],[-121.247392847181,38.7730293860461],[-121.24739284847,38.7730308959712],[-121.247393058729,38.77320661164],[-121.247393148566,38.7732694809738],[-121.247393263439,38.7733464099921],[-121.247393271925,38.7733506118678],[-121.247393369238,38.7734375768528],[-121.247393478713,38.7735449311966],[-121.247393512983,38.7735714982043],[-121.247393587151,38.7736342169836],[-121.247393716483,38.773742957947],[-121.247393838552,38.7738325870658],[-121.247393882246,38.7738781704348],[-121.247393925566,38.7739105177064],[-121.247393951455,38.7739346134769],[-121.247393945499,38.7739351765038],[-121.247394467376,38.7739421961346],[-121.247394834817,38.7739472787195],[-121.248255132108,38.7739463447553],[-121.248821087895,38.7739457245054],[-121.249668879985,38.7739447820291],[-121.249755172982,38.7739446802872],[-121.249815963844,38.773944619991],[-121.250089680592,38.773944329014],[-121.250092662528,38.7739443212497],[-121.250452900122,38.773943928831],[-121.25083085184,38.7739435126758],[-121.251024327067,38.7739432926251],[-121.251026483766,38.7739432921252],[-121.251310023208,38.773942979662],[-121.251312916534,38.7739429712949],[-121.251320230081,38.7739346706801],[-121.251354881084,38.7738952966887],[-121.25229500667,38.7728271630748],[-121.252428598725,38.7726753750875],[-121.252557037836,38.7727367510355],[-121.25258349386,38.7727493880923],[-121.252726593178,38.7728144276229],[-121.252740453276,38.7728207222733],[-121.252748780609,38.7728243461617],[-121.252869699726,38.7728771598051],[-121.252898942984,38.7728899246381],[-121.252909437191,38.7728943309319],[-121.252919931399,38.7728987372246],[-121.252938895375,38.7729066854245],[-121.25294944238,38.7729111055679],[-121.253016845113,38.7729393141918],[-121.253058963551,38.7729569402291],[-121.253118450114,38.7729808419847],[-121.253134796765,38.7729874003343],[-121.253142971105,38.7729906925779],[-121.25315114458,38.7729939577881],[-121.253167492388,38.7730005161405],[-121.253193533094,38.7730109674932],[-121.253220447081,38.7730217677024],[-121.253273776832,38.7730422657935],[-121.253286162781,38.7730470274661],[-121.2532985647,38.7730518027536],[-121.253310932239,38.7730565643051],[-121.253323334303,38.7730613260773],[-121.253383355873,38.7730843797823],[-121.253426597519,38.7731002687578],[-121.253444051542,38.7731066972477],[-121.25350859149,38.7731303979656],[-121.253547656826,38.7731447492231],[-121.253580806585,38.7731563858441],[-121.253690493059,38.7731948749916],[-121.253713279732,38.7732028755675],[-121.253731456642,38.7732089645154],[-121.253880120445,38.7732587022845],[-121.254021554543,38.7733037528449],[-121.254048246554,38.7733122577314],[-121.254092601866,38.7733256824321],[-121.25416381192,38.7733472427493],[-121.254217485998,38.773363486743],[-121.254270958434,38.7733788780618],[-121.254342634231,38.773399493509],[-121.254387625304,38.7734124419978],[-121.254414488724,38.7734197533012],[-121.254558702152,38.7734590408507],[-121.254892750184,38.7735425487958],[-121.254909582175,38.7735464181063],[-121.254907342219,38.7735493145513],[-121.254899726588,38.7735495818885],[-121.254357754907,38.7735682750649],[-121.254279866342,38.7735262836009],[-121.254181293228,38.7734731474407],[-121.253843545437,38.7732910889509],[-121.253778969116,38.7733645264054],[-121.253761892843,38.7733839545501],[-121.253728690815,38.7734224863105],[-121.25369632535,38.7734614630811],[-121.253694299821,38.7734639906098],[-121.253664868944,38.7735008853285],[-121.253634248243,38.7735407246538],[-121.253604535747,38.7735809815239],[-121.253575731739,38.7736216289141],[-121.253547834787,38.773662693843],[-121.253520847195,38.7737040664157],[-121.253488106714,38.7737553975225],[-121.253393041059,38.7739045236777],[-121.253370626269,38.7739396931685],[-121.253369983839,38.7739407043559],[-121.253500528627,38.7739405556008],[-121.253764633374,38.773940262618],[-121.253887618018,38.7739401332981],[-121.254442032606,38.7739395213791],[-121.254765332078,38.7739391531192],[-121.254778047964,38.7739391392532],[-121.255077126264,38.7739388065284],[-121.25549438328,38.7739383391122],[-121.255771871345,38.7739380318975],[-121.256574201557,38.7739371178054],[-121.256588005647,38.7739370413403],[-121.256588024014,38.773935283794],[-121.256610824986,38.7739352514271],[-121.256706841882,38.7739713447542],[-121.257054677557,38.7741021096653],[-121.257413609035,38.7742370355075],[-121.257837391546,38.7743963343874],[-121.257936345532,38.7744335292528],[-121.257937725772,38.7744340461854],[-121.258002005974,38.7744592940818],[-121.258118758826,38.7745051431227],[-121.258154585657,38.7745192117603],[-121.258197398322,38.7745360295398],[-121.258266168291,38.7745630357134],[-121.258267915068,38.7745637198494],[-121.258271338716,38.7745650597468],[-121.258272543323,38.7745655341117],[-121.258272998315,38.7745657162987],[-121.258276055149,38.7745669160138],[-121.258376811502,38.7745944291904],[-121.258491289116,38.7746264092171],[-121.258760002182,38.7747041886052],[-121.258774008486,38.774708355527],[-121.258917780533,38.7747517122983],[-121.258991245629,38.7747742723206],[-121.259095842476,38.7748069166073],[-121.259121924989,38.7748151569685],[-121.259274463233,38.7748640746637],[-121.25931249873,38.7748765092804],[-121.259426375302,38.7749141278057],[-121.259478460306,38.7749315673247],[-121.259708298266,38.7750104415654],[-121.259800112358,38.7750428253187],[-121.259992842684,38.775112381273],[-121.260184492374,38.7751837408345],[-121.260209981895,38.7751933627603],[-121.260274062416,38.7752178126171],[-121.260370565449,38.7752547564383],[-121.260645301171,38.7753631735014],[-121.260917444191,38.7754755265672],[-121.260987591111,38.7755053281776],[-121.261081672655,38.775545783926],[-121.261108195721,38.7755573077326],[-121.261613206189,38.7758344442671],[-121.261659161402,38.7758596699602],[-121.262119459946,38.7761122585502],[-121.26225289487,38.7761854770713],[-121.262336957105,38.7762316077746],[-121.262342607925,38.7762347184643],[-121.262344455947,38.7762357464259],[-121.262348328645,38.7762378584268],[-121.262572976721,38.7763611238222],[-121.262613613527,38.7763834315569],[-121.263102974814,38.7766519638962],[-121.263247817855,38.7767314446784],[-121.263363100439,38.7767947016323],[-121.26338688889,38.7768077589156],[-121.263426615593,38.7768298686947],[-121.263546754567,38.7768998644024],[-121.263663778931,38.7769730231207],[-121.263691897425,38.7769913934045],[-121.263797271019,38.7770630447543],[-121.263798003439,38.7770635575084],[-121.263805995622,38.7770691964938],[-121.263813952421,38.7770748073264],[-121.263815118891,38.777075638149],[-121.263829239643,38.7770857232152],[-121.263857530113,38.7771061675273],[-121.263882109593,38.7771242135208],[-121.263888237309,38.7771287424771],[-121.263895390374,38.7771340599187],[-121.263898315051,38.7771362613517],[-121.264007142627,38.7772205110182],[-121.2641121573,38.7773076742572],[-121.26416253231,38.7773517369208],[-121.264244508578,38.7774267674918],[-121.264349906384,38.777530136585],[-121.264450150965,38.7776365990643],[-121.264515282545,38.7777106857734],[-121.264604048755,38.7778187871127],[-121.264687596264,38.7779294084873],[-121.264723053599,38.7779794034575],[-121.264776140045,38.7780581912167],[-121.264776762061,38.778059142906],[-121.264794094943,38.7780859707594],[-121.264794595524,38.7780867568143],[-121.264795871945,38.7780887558937],[-121.264849330432,38.7781756604088],[-121.264858380836,38.7781909573969],[-121.264889065684,38.7782446157962],[-121.264890649944,38.7782474537627],[-121.264915266921,38.7782924511886],[-121.264915628238,38.7782931264511],[-121.264919860888,38.7783010757936],[-121.264921374949,38.7783039133152],[-121.264921890952,38.7783048778461],[-121.264936271541,38.77833229149],[-121.26497892118,38.7784179464201],[-121.264984105163,38.7784288396284],[-121.265000030203,38.7784629495451],[-121.265032310404,38.7785336558845],[-121.265037233286,38.7785444240135],[-121.265086116144,38.7786515103066],[-121.265088808417,38.778657389526],[-121.265138069611,38.7787653016156],[-121.265143489996,38.7787771575762],[-121.265159372423,38.7788119536876],[-121.265176403941,38.7788492687877],[-121.265185443658,38.7788690692955],[-121.26518578687,38.7788698264246],[-121.265284686575,38.779086408737],[-121.265291512674,38.7791013483683],[-121.265315371581,38.7791536039861],[-121.265315508869,38.7791539066574],[-121.265315835485,38.7791562708922],[-121.265315933124,38.7791569579982],[-121.265315982379,38.7791573150675],[-121.265316945108,38.779164282438],[-121.265316978514,38.7791645024697],[-121.265323396424,38.7792104963477],[-121.265342326281,38.7793459642111],[-121.265348466851,38.7793899518225],[-121.265370302299,38.7795464318087],[-121.26539364092,38.7797136159196],[-121.265394856071,38.7797267903064],[-121.265395502492,38.77973385117],[-121.265397393598,38.7797544586802],[-121.265400073228,38.7797837468759],[-121.265400293995,38.7797862194498],[-121.265403730683,38.7798236692115],[-121.265418073975,38.7799803477224],[-121.265439070476,38.7802096306558],[-121.265448040316,38.7803075534013],[-121.265459154778,38.7804287348126],[-121.265468234481,38.7805278384325],[-121.265470141494,38.780548692888],[-121.265519241415,38.7805483440601],[-121.265734933698,38.7805488165083],[-121.265734249223,38.7806677529898],[-121.265731918777,38.7810803869266],[-121.265727536283,38.781858385247],[-121.265725862481,38.7821565581877],[-121.265720560267,38.7830932113152],[-121.265719195106,38.7833376203027],[-121.265713186147,38.784400583536],[-121.265712586544,38.7845079466214],[-121.265708759129,38.7851863111136],[-121.265713712921,38.7854472357295],[-121.265713473329,38.7854857189714],[-121.265713026767,38.7855596370067],[-121.265712539164,38.7856407638046],[-121.265712214887,38.7856943627546],[-121.2657107157,38.7859414888666],[-121.265709716995,38.7861062405108],[-121.265709213657,38.7861888906317],[-121.265708717143,38.7862709912447],[-121.265708670767,38.7862771558275],[-121.265707219074,38.7865181182532],[-121.265706614717,38.7866191380356],[-121.265705459386,38.7868074211546],[-121.265704768504,38.7869219503212],[-121.265701515563,38.7874545631096],[-121.265700996183,38.7875405491619],[-121.265697346932,38.7881386361031],[-121.26569714746,38.7881715592207],[-121.265696949122,38.7882043724354],[-121.265695487838,38.7884461446741],[-121.265695353907,38.7884693744958],[-121.265694426019,38.7886883581738],[-121.2656942106,38.7887381001352],[-121.265693775085,38.7888398209684],[-121.265693725499,38.7888530972528],[-121.265693023676,38.7890178507357],[-121.26569232301,38.7891826033229],[-121.265691622331,38.7893473568086],[-121.265691438128,38.7893924025611],[-121.265691037235,38.7894855289998],[-121.265690921659,38.7895121093913],[-121.265690219832,38.7896768619645],[-121.265689536409,38.7898416155528],[-121.265689163351,38.7899287007135],[-121.265688835866,38.790006354616],[-121.265688518462,38.7900812482173],[-121.26568830301,38.7901326649502],[-121.265688185031,38.7901576939714],[-121.265688135181,38.7901711071898],[-121.265687433341,38.790335859754],[-121.26568673264,38.7905006132241],[-121.265686031944,38.7906653657911],[-121.265685330086,38.7908301192494],[-121.26568470308,38.7909774767575],[-121.265684629384,38.7909948718119],[-121.265683945945,38.7911596244814],[-121.26568313772,38.7913482808975],[-121.265683065297,38.7913655525358],[-121.265684179801,38.7915090219461],[-121.265683990933,38.7915528460378],[-121.265683865107,38.7915819795166],[-121.265681700434,38.7920924385947],[-121.265918986249,38.7921848165227],[-121.266363298005,38.7923577779156],[-121.266440057931,38.7923876583927],[-121.266562983651,38.7924355007164],[-121.26663983196,38.792465422159],[-121.266740894515,38.7925050802551],[-121.267365150251,38.7927500055557],[-121.267683647958,38.7928749787319],[-121.268392457454,38.7931500740475],[-121.268400303533,38.7931531171779],[-121.268398094679,38.7931564528142],[-121.268406796086,38.7931598301622],[-121.268470244567,38.7931844497362],[-121.268557614302,38.7932183496973],[-121.268758687856,38.7932963513029],[-121.268824931928,38.7933220585572],[-121.269076190958,38.7934195567006],[-121.269364124826,38.7935317012907],[-121.269406831403,38.7935483357757],[-121.269599429256,38.7936233456454],[-121.269641820669,38.7936398537364],[-121.269761115689,38.7936863112466],[-121.269802440886,38.7937024008613],[-121.269845881548,38.7937193145745],[-121.269908944822,38.7937438759778],[-121.269919132134,38.7937478526444],[-121.269959497589,38.7937635803123],[-121.270077621264,38.7938095760758],[-121.270116553707,38.7938247307165],[-121.270236670158,38.7938715217258],[-121.270273609799,38.7938859097348],[-121.270396069138,38.7939335936799],[-121.270430667608,38.7939470597207],[-121.270555572731,38.7939957066109],[-121.27058772424,38.7940082383136],[-121.270715023643,38.7940578198908],[-121.270744816836,38.794069416017],[-121.270781372616,38.7940836501008],[-121.270874230784,38.7941198206082],[-121.270901805229,38.7941305658246],[-121.271033035571,38.7941816816423],[-121.271058862681,38.7941917428785],[-121.27117431511,38.7942366910168],[-121.27121592068,38.7942528926943],[-121.271372979824,38.79431406933],[-121.271622267587,38.7944111648583],[-121.271962214173,38.7945435373059],[-121.272163693172,38.7946220165833],[-121.272202382148,38.7946370879109],[-121.272560747868,38.7947766307914],[-121.272746082544,38.7948488295311],[-121.272795115537,38.7948679185967],[-121.2729206706,38.7949168138362],[-121.272936450468,38.794922954082],[-121.273111300356,38.7949910361336],[-121.273126818789,38.7949970783203],[-121.273301931524,38.7950652716374],[-121.273317151822,38.7950712020229],[-121.273490710035,38.7951387952342],[-121.273506262927,38.7951448510989],[-121.273676046884,38.7952109645615],[-121.273692228091,38.7952172720789],[-121.273861732643,38.7952832736098],[-121.273878193643,38.7952896918597],[-121.274047454326,38.7953555960966],[-121.274064125307,38.7953620850019],[-121.274233176387,38.7954279182858],[-121.274250092768,38.7954345041935],[-121.274418968907,38.7955002541291],[-121.274436095132,38.7955069242035],[-121.274622027656,38.7955793434764],[-121.274807995092,38.7956517626669],[-121.274943879659,38.7957046742605],[-121.274956427451,38.7957095580124],[-121.274971357536,38.7957095413206],[-121.275553922919,38.7957089203968],[-121.27579638886,38.7957086760264],[-121.275812845476,38.7957086552331],[-121.275964639798,38.7957084891615],[-121.276243072042,38.795708193329],[-121.276380270104,38.7957080456501],[-121.276456079709,38.7957079684794],[-121.276457097443,38.7957079613072],[-121.276461290122,38.7957079604038],[-121.276465220354,38.7957079569641],[-121.276465852323,38.7957079609017],[-121.276564978659,38.79570785146],[-121.277017206079,38.7957073588832],[-121.280151357912,38.7957039279053],[-121.28207423585,38.7957018003278],[-121.284072573734,38.7956995151711],[-121.284148628638,38.7956994218785],[-121.284237018573,38.7956993351979],[-121.284253755924,38.7956993284524],[-121.284261246865,38.7956993196687],[-121.284289125663,38.7956992987059],[-121.284401620437,38.7956992235271],[-121.284639136239,38.795699067126],[-121.284876653471,38.7956988823201],[-121.285114205236,38.7956986972411],[-121.285351721034,38.7956985393826],[-121.285589238263,38.7956983531192],[-121.285826789753,38.7956981936077],[-121.286410808906,38.7956977478816],[-121.286603060475,38.7956976111047],[-121.287019845744,38.7956973149875],[-121.287204764355,38.7956971592182],[-121.287389682687,38.7956970310806],[-121.287574601017,38.7956969026486],[-121.287759519617,38.7956967468967],[-121.287812924895,38.7956967447138],[-121.288176304876,38.7956964466289],[-121.288351012148,38.7956963093226],[-121.291410130435,38.7956939272417],[-121.29144199125,38.795693901833],[-121.291455323887,38.7956939561576],[-121.291854285377,38.7956936159161],[-121.291911515248,38.7956935802165],[-121.29197681521,38.7956935252251],[-121.29240093522,38.7956931590205],[-121.293517918419,38.7956922437617],[-121.293526532993,38.7956922277029],[-121.293550096062,38.7956921926752],[-121.294725356106,38.7956882698749],[-121.294725636981,38.7956882715808],[-121.295083656659,38.7956871643726],[-121.295133799703,38.7956870155967],[-121.295224677346,38.7957893778381],[-121.295321990177,38.7958880511347],[-121.295425495473,38.7959827862503],[-121.29553493311,38.7960733464555],[-121.295650029058,38.7961595039459],[-121.295770493043,38.7962410434311],[-121.295896024316,38.7963177603687],[-121.296026307053,38.7963894609363],[-121.296027738639,38.7963902110551],[-121.296071278573,38.7964439379682],[-121.296102961947,38.7964830407682],[-121.296137021292,38.7965250678656],[-121.296182953297,38.7965817344544],[-121.296325915501,38.7967581077442],[-121.296326175851,38.796758439051],[-121.296361281921,38.7967709121133],[-121.296411061329,38.7967880461336],[-121.296421954994,38.7967916824004],[-121.296452610966,38.796801780729],[-121.296489600846,38.7968136336348],[-121.296628118185,38.7968547627344],[-121.29676866682,38.7968914283009],[-121.296791981102,38.7968970334387],[-121.296792873505,38.7968972451487],[-121.296808609953,38.796900924218],[-121.296808837346,38.796900979649],[-121.296831558858,38.7969062253341],[-121.296930719351,38.7969276121802],[-121.29696402391,38.7969342669551],[-121.296980589077,38.7969374978659],[-121.297049432345,38.7969501479297],[-121.297097913452,38.7969584314682],[-121.297124924076,38.7969627823382],[-121.297139796816,38.7969650966777],[-121.297178092543,38.7969708752956],[-121.297181666445,38.7969714050328],[-121.297203758235,38.79697455945],[-121.297271164461,38.7969835214123],[-121.297292594906,38.7969861492889],[-121.297324191609,38.7969898413786],[-121.297359383013,38.7969937065611],[-121.297381659354,38.7969960107112],[-121.297402254137,38.7969980443232],[-121.297442517385,38.7970017203472],[-121.297462448921,38.7970034193059],[-121.297482381401,38.7970050227715],[-121.297506154526,38.7970068413589],[-121.2975134826,38.7970073667694],[-121.297535504088,38.7970088999803],[-121.297540605298,38.7970092335403],[-121.297562820114,38.7970106580058],[-121.297585037435,38.7970119455454],[-121.297598135749,38.7970126707175],[-121.297624492341,38.7970140103134],[-121.297657268346,38.7970154445845],[-121.297684803244,38.7970164894919],[-121.297717970105,38.7970175143987],[-121.297764802683,38.7970933109858],[-121.29793139448,38.7973707456797],[-121.298091743022,38.7976504252627],[-121.298245797303,38.7979322629664],[-121.298393510918,38.7982161720491],[-121.298534838618,38.798502064875],[-121.298669735152,38.7987898538071],[-121.298798159882,38.7990794503345],[-121.298824091134,38.7991400040759],[-121.298792511591,38.7991931952665],[-121.298498073564,38.7996889817403],[-121.298475017188,38.799839533129],[-121.298458613233,38.7999906174906],[-121.298448880798,38.8001420538624],[-121.298445910174,38.8002635716865],[-121.298445902993,38.8002642995694],[-121.298445858434,38.8002795524199],[-121.298445863918,38.800280747045],[-121.29844584929,38.8002857307294],[-121.298449837476,38.8004525913911],[-121.298461921512,38.8006192135697],[-121.298482084267,38.8007853557178],[-121.298510297069,38.8009507789197],[-121.298546518582,38.8011152441812],[-121.298584414342,38.8012570547273],[-121.29862826707,38.8013978102463],[-121.298678028809,38.801537357289],[-121.298733644673,38.8016755441653],[-121.298798435207,38.8018193584667],[-121.298869565991,38.8019613263262],[-121.29894694894,38.8021012769304],[-121.299030493636,38.8022390421538],[-121.299120096989,38.8023744546945],[-121.299212953581,38.8025015264536],[-121.299298636588,38.8026316467377],[-121.299346630037,38.8027112252884],[-121.299416870747,38.8028386811499],[-121.299480317217,38.8029682995821],[-121.299536861062,38.8030998601232],[-121.299586404297,38.8032331378688],[-121.299628865092,38.8033679044073],[-121.299664168544,38.8035039286647],[-121.299692254727,38.8036409787556],[-121.299713075243,38.8037788210607],[-121.299768095706,38.8043335180174],[-121.299810218725,38.8047581708445],[-121.299810523491,38.8063345917419],[-121.299810742127,38.8064834502945],[-121.29981089731,38.8065353907216],[-121.299799956088,38.8072205344952],[-121.299797399289,38.8073804420373],[-121.299784318793,38.8081990805719],[-121.299784232157,38.8082863320399],[-121.299783973832,38.8085245414758],[-121.299764224852,38.8095944614667],[-121.299761176754,38.8097596939247],[-121.299756737938,38.8100001979388],[-121.29975639071,38.8100193210104],[-121.299756058288,38.810037057689],[-121.299752916966,38.8100370801914],[-121.299727492842,38.8100386566322],[-121.298718437815,38.8101011898998],[-121.298085415422,38.8101404082938],[-121.297889092447,38.8101525811095],[-121.29724228601,38.8101926593336],[-121.296969552732,38.8101931646766],[-121.296968990733,38.8101931747883],[-121.296230888585,38.810184737226],[-121.296050684191,38.8101852649963],[-121.296047152756,38.8104888075869],[-121.296441437262,38.8104887939072],[-121.296787341875,38.8104887742734],[-121.297024939275,38.8104960476678],[-121.297040746063,38.8104965280192],[-121.297165999662,38.810500347271],[-121.29946621008,38.8105706730307],[-121.299739789035,38.8105790227428],[-121.299700240926,38.811724089585],[-121.299676610445,38.8126177234022],[-121.299662207633,38.8131625004727],[-121.299661507748,38.8132050303411],[-121.299657171704,38.8132443815393],[-121.299627092411,38.8135170091427],[-121.299598535328,38.8137723198461],[-121.299575526123,38.8139774677715],[-121.299564583614,38.8140585717727],[-121.299557354056,38.814101282081],[-121.29954914252,38.8141438495305],[-121.299539915611,38.8141862739199],[-121.299529706454,38.8142285824754],[-121.299518480778,38.8142707470624],[-121.299506239115,38.8143127136299],[-121.299493052586,38.8143545096334],[-121.299478882915,38.8143961627697],[-121.299463664136,38.8144375897579],[-121.299440557175,38.8144958835234],[-121.299422990846,38.8145368017546],[-121.299404479564,38.8145774404107],[-121.299384988262,38.8146178524327],[-121.299364551729,38.8146580128047],[-121.299343170523,38.8146978647733],[-121.299320808408,38.8147374630739],[-121.29929750275,38.8147767547785],[-121.299273357198,38.81481573871],[-121.299248231272,38.8148544140204],[-121.299222196887,38.81489272799],[-121.299195219239,38.8149307065342],[-121.298823779532,38.8154392919434],[-121.298136689373,38.8163571201155],[-121.298126470263,38.8163718592158],[-121.29811663669,38.8163867375812],[-121.298107046137,38.8164017273238],[-121.298097912236,38.8164168846891],[-121.298089021632,38.8164321255057],[-121.298080517098,38.8164474515372],[-121.298072360978,38.8164629445376],[-121.298064556394,38.8164785216436],[-121.298057135311,38.816494210976],[-121.298050030059,38.8165099850991],[-121.298043274925,38.8165258703462],[-121.298036904987,38.8165418128754],[-121.298030955665,38.8165578408288],[-121.298025250517,38.8165739801669],[-121.298019966261,38.8165901770031],[-121.298015032933,38.8166064029868],[-121.298010518804,38.8166227414131],[-121.298006285355,38.8166391094634],[-121.298002473075,38.8166555070857],[-121.297999046877,38.8166719890229],[-121.297995970448,38.8166885010016],[-121.297993314912,38.8167050704786],[-121.297991010574,38.8167216420781],[-121.297989056006,38.8167382437191],[-121.297987487797,38.816754901749],[-121.297986305596,38.8167715350847],[-121.297985438355,38.8167882252787],[-121.297985064219,38.816804890525],[-121.29798496873,38.8168215583561],[-121.297985488573,38.8168436659224],[-121.296816825653,38.8170181316281],[-121.296089736901,38.8170156773701],[-121.295996192703,38.8173866226859],[-121.295990804119,38.8174079530157],[-121.29694971938,38.8175745358599],[-121.297112975677,38.8176064885966],[-121.29727382423,38.8176451976836],[-121.297431810151,38.8176905531723],[-121.297586485647,38.8177424262408],[-121.297737410004,38.8178006700938],[-121.297884155361,38.8178651190973],[-121.298026305531,38.817935590572],[-121.29816345601,38.8180118847942],[-121.298295219735,38.8180937841285],[-121.298421221288,38.8181810574978],[-121.298541103835,38.8182734568208],[-121.29865452566,38.8183707187929],[-121.29876116588,38.8184725685238],[-121.298860722173,38.8185787168211],[-121.29895291076,38.8186888619915],[-121.299037470983,38.818802692571],[-121.29911416304,38.8189198837071],[-121.299182767912,38.8190401043657],[-121.299243092023,38.8191630119534],[-121.299243469654,38.8191638385525],[-121.299286068663,38.8192650347672],[-121.299323052128,38.8193675727629],[-121.299355167243,38.8194742732567],[-121.299381200196,38.8195819838993],[-121.299401100094,38.8196904908754],[-121.299414829844,38.8197995822535],[-121.299537596137,38.8210622192547],[-121.299571831071,38.8214137007995],[-121.299559732751,38.8218276468393],[-121.299590242847,38.8234978425624],[-121.2979589803,38.8237224030186],[-121.297256979916,38.8237175954928],[-121.296557083481,38.8237839159907],[-121.296557080629,38.8237842042606],[-121.296556646187,38.8238227546237],[-121.296554552336,38.8239404333496],[-121.297255998263,38.8239998036853],[-121.297417335559,38.8240009029657],[-121.297957984302,38.8240045966991],[-121.298086341351,38.8240218208945],[-121.298317659677,38.8240528470138],[-121.299582096973,38.8242319199521],[-121.299580222327,38.8246681148168],[-121.299562251641,38.826214025574],[-121.299560690077,38.8263493632817],[-121.299501203391,38.8273845664415],[-121.299444343378,38.8283739422969],[-121.299444172024,38.8283770718793],[-121.299443854582,38.8283825203893],[-121.299427880136,38.8286605326319],[-121.299413264649,38.828770615136],[-121.299390573376,38.8288798570488],[-121.299359882402,38.8289878966645],[-121.29932129313,38.8290943751307],[-121.299274933386,38.8291989400594],[-121.299220956287,38.829301244619],[-121.299159541368,38.8294009493433],[-121.299090892256,38.8294977248203],[-121.299015236696,38.8295912489894],[-121.298932824205,38.8296812116328],[-121.298843929508,38.8297673161975],[-121.29846536313,38.8301131201959],[-121.298413309313,38.8301585389768],[-121.298350489017,38.8302188719193],[-121.298311164804,38.8302603864704],[-121.298295954408,38.8302773332598],[-121.298291516459,38.8302823730974],[-121.298285019766,38.8302898022905],[-121.298283243987,38.8302918789422],[-121.298278342048,38.8302976015592],[-121.298274701742,38.8303018777492],[-121.298263902116,38.8303147863301],[-121.298231412605,38.8303555736713],[-121.298221294013,38.830368912486],[-121.298215139548,38.8303771410358],[-121.298205512521,38.8303903864224],[-121.298184485432,38.8304204241232],[-121.298180406117,38.8304264679199],[-121.298134172228,38.8305002981712],[-121.298093411769,38.8305760758769],[-121.298090241181,38.8305824693031],[-121.298087141606,38.8305889027976],[-121.298083109202,38.830597309025],[-121.298080006437,38.8306039488053],[-121.298077855585,38.8306085493017],[-121.298076921689,38.8306106301357],[-121.298067749479,38.8306311142593],[-121.298041189234,38.8306971858952],[-121.298037688288,38.8307069403705],[-121.298036659397,38.8307097764823],[-121.298027042965,38.8307379191424],[-121.298025359902,38.8307430846236],[-121.298022080001,38.830753431422],[-121.298017746283,38.8307675051681],[-121.298015767009,38.8307742075905],[-121.298013786934,38.8307809910887],[-121.298004403552,38.8308157396271],[-121.297971056022,38.8308332767807],[-121.297924727704,38.8308569138319],[-121.297902237448,38.8308680778677],[-121.297896663747,38.8308707901177],[-121.297885269679,38.8308763500623],[-121.297879625314,38.8308791033255],[-121.297871866291,38.8308827906512],[-121.297846911245,38.8308946532908],[-121.297843296109,38.830896375578],[-121.297840650992,38.8308976082344],[-121.297834355303,38.8309005359367],[-121.297834162017,38.8309006311644],[-121.297828060765,38.8309034636455],[-121.297825026906,38.8309048732306],[-121.297802863917,38.8309149680594],[-121.297788281581,38.8309215934041],[-121.297764868853,38.8309319275178],[-121.297751259016,38.8309379281085],[-121.297723319541,38.8309499231323],[-121.29769522301,38.83096172621],[-121.297636097162,38.8309856011006],[-121.297623003616,38.8309907534503],[-121.297619585757,38.8309920922404],[-121.297616519653,38.830993267392],[-121.297589491412,38.8310036075406],[-121.297581404197,38.8310067027755],[-121.297544177724,38.8310204686265],[-121.297542962808,38.8310209144318],[-121.297484886514,38.8310414865989],[-121.2974458767,38.8310547065027],[-121.297406658903,38.8310675260386],[-121.297367218143,38.8310799460167],[-121.297327586801,38.8310919531191],[-121.297322271057,38.8310935002408],[-121.297287749771,38.8311035607677],[-121.297247723314,38.8311147555473],[-121.297146868634,38.8311409462331],[-121.297106224101,38.8311506957906],[-121.297065427005,38.8311600318003],[-121.297058988408,38.8311614486936],[-121.297051933314,38.8311630123062],[-121.297044967177,38.8311645485288],[-121.296621517996,38.8312567483033],[-121.296441633589,38.8312958868617],[-121.295909511503,38.8312941461822],[-121.295909028791,38.8313375295359],[-121.295908888856,38.8313499124124],[-121.295772931642,38.8313472902133],[-121.295614880678,38.8313422681534],[-121.295595142571,38.831341352092],[-121.295550737548,38.831339091878],[-121.295546474683,38.8313388741399],[-121.295544807834,38.8313387811508],[-121.295535948797,38.831338274284],[-121.295526089471,38.8313377063966],[-121.295521440043,38.8313374448724],[-121.29548411016,38.8313350905969],[-121.295471691477,38.8313343017808],[-121.295471129856,38.8313342569339],[-121.295466955208,38.8313339703588],[-121.295457114383,38.8313332791549],[-121.295448150478,38.8313326617361],[-121.295446783064,38.8313325714623],[-121.295433872819,38.831331641824],[-121.29542739984,38.8313311773465],[-121.295421892741,38.8313307592665],[-121.295420945164,38.8313307255922],[-121.295367485323,38.8313264473418],[-121.295366433477,38.8313263589809],[-121.295314083566,38.8313217712228],[-121.295366191668,38.8317296393803],[-121.295916554107,38.8317367516017],[-121.296066176688,38.8317386879602],[-121.296402636592,38.8318273192977],[-121.297204905268,38.8320386289384],[-121.297355840333,38.8320803029051],[-121.297503973996,38.8321277308784],[-121.297625762676,38.832171811127],[-121.297704498984,38.8322029310806],[-121.297782127101,38.8322357073371],[-121.297911109539,38.8322950153709],[-121.298036470712,38.8323588968534],[-121.298157948234,38.8324272141754],[-121.298187666836,38.8324449404523],[-121.298197455792,38.8324509031557],[-121.298212356424,38.8324600138357],[-121.29827613237,38.832500379921],[-121.298280911745,38.8325034709336],[-121.298290382574,38.8325096920668],[-121.298295108704,38.8325128097841],[-121.298297305921,38.832514250975],[-121.298409007819,38.8325915233579],[-121.298440899448,38.8326149059054],[-121.298497225745,38.8326578493926],[-121.298523073514,38.8326782422871],[-121.298549717404,38.8326997805168],[-121.298555760116,38.8327047602166],[-121.298556073253,38.8327050089527],[-121.298569845977,38.8327163776297],[-121.298590493309,38.8327337472362],[-121.298623406119,38.8327620917276],[-121.29864508971,38.8327812513543],[-121.298658990845,38.8327937334026],[-121.298667585955,38.8328015149758],[-121.298679658009,38.8328125995011],[-121.298703261431,38.8328345860061],[-121.298704930974,38.8328361609403],[-121.298716113501,38.8328468139686],[-121.298718791416,38.8328493841731],[-121.298794406401,38.8329246392649],[-121.298830836275,38.8329630967619],[-121.298841326521,38.8329744591098],[-121.298841726576,38.8329748876479],[-121.298852249885,38.8329864015449],[-121.298866331594,38.8330020702263],[-121.298884403157,38.833022526021],[-121.298891293546,38.8330304351272],[-121.298959359666,38.8331122625386],[-121.299023364724,38.8331960708021],[-121.299034569347,38.8332115013846],[-121.299088495819,38.8332896326175],[-121.299092854389,38.8332962768947],[-121.29909785151,38.8333039268202],[-121.299108900009,38.8333210600481],[-121.299118941953,38.8333368962186],[-121.299134129961,38.8333613985207],[-121.299155354004,38.8333968254617],[-121.299169076328,38.8334204549583],[-121.299169834724,38.8334218054718],[-121.299171664262,38.8334250291032],[-121.299172872056,38.8334271778188],[-121.299174078964,38.833429299502],[-121.299174235195,38.8334295752178],[-121.299178323673,38.833436862904],[-121.299182463172,38.8334442328793],[-121.299185359784,38.8334495088821],[-121.299188257814,38.8334547578664],[-121.299188429769,38.8334550742173],[-121.299188688775,38.8334555568581],[-121.299188946771,38.8334560250785],[-121.299189534106,38.8334570853724],[-121.299195498946,38.8334681050769],[-121.299201411617,38.8334790424849],[-121.299202980385,38.8334819627426],[-121.299204531133,38.8334848414505],[-121.299204687231,38.8334851306788],[-121.299213077017,38.8335011352528],[-121.299213352624,38.8335016864618],[-121.299220017691,38.8335147004681],[-121.299226682618,38.8335277288874],[-121.299226785526,38.8335279222998],[-121.299226992103,38.8335283487688],[-121.29926908516,38.8336310309317],[-121.299305579205,38.8337350153405],[-121.299432143315,38.8352040310088],[-121.299442790236,38.836027752842],[-121.299442737688,38.8360793621494],[-121.299441731367,38.8370648307578],[-121.299421953141,38.837176499165],[-121.299408754758,38.8372510813256],[-121.299390091167,38.8373564672932],[-121.299173766499,38.8383479840922],[-121.299158892579,38.8384250407833],[-121.299244307492,38.8391575679261],[-121.298959229137,38.8391595555005],[-121.29876518026,38.8391609106965],[-121.298665461415,38.8391615989369],[-121.294345330457,38.8391915842241],[-121.293486075244,38.8391975384072],[-121.29258896932,38.8392037368826],[-121.290968734269,38.8392153486877],[-121.290819434679,38.8392164141236],[-121.29078700863,38.8392166423358],[-121.290787072835,38.8392225598146],[-121.290748818372,38.839222765955],[-121.290737897762,38.8392228227184],[-121.290730893798,38.8392228619473],[-121.290727364168,38.8392228818432],[-121.290726223718,38.8392228883952],[-121.290710545345,38.8392229854829],[-121.290605455885,38.8392235790689],[-121.290515656073,38.8392241289825],[-121.290515666768,38.839224788504],[-121.290515742877,38.839231242089],[-121.290515767499,38.8392340836664],[-121.290515777097,38.8392348530904],[-121.290515828045,38.8392385191487],[-121.290515853755,38.8392412517242],[-121.290502827321,38.8392413226344],[-121.290484815059,38.8392414324676],[-121.290474369001,38.839241492104],[-121.290410517631,38.8392418580423],[-121.290363291454,38.8392421317884],[-121.290305181514,38.8392424633641],[-121.290076987673,38.8392437882906],[-121.289869931562,38.8392449671812],[-121.28984877554,38.8392450982431],[-121.289689086,38.839246016745],[-121.289620582969,38.8392464087678],[-121.289506784507,38.8392470580256],[-121.289427482818,38.8392475208406],[-121.289324447166,38.8392481123145],[-121.289234383812,38.8392486325995],[-121.289142144374,38.8392491665287],[-121.28904130323,38.8392497441503],[-121.288959842864,38.8392502069513],[-121.288848203061,38.8392508552604],[-121.288777522785,38.8392512604877],[-121.288655104037,38.8392519660567],[-121.288595202844,38.8392522993246],[-121.288462005007,38.839253076532],[-121.288412901183,38.8392533524018],[-121.288268923249,38.8392541867923],[-121.288230581087,38.83925440508],[-121.288075824207,38.8392552966259],[-121.288055055465,38.8392554027071],[-121.287882725159,38.8392564061386],[-121.287872472741,38.8392564532144],[-121.287689907288,38.8392575035407],[-121.287689626241,38.8392575018178],[-121.287507359108,38.8392585536861],[-121.287496544459,38.8392586107947],[-121.287324793645,38.8392596034387],[-121.287296774294,38.8392597613092],[-121.287142228312,38.8392606393919],[-121.287103675222,38.8392608695273],[-121.286959662838,38.8392616885709],[-121.286910277819,38.8392619755936],[-121.286777114637,38.8392627375691],[-121.286717143028,38.8392630829502],[-121.286594549161,38.8392637852736],[-121.286524043938,38.8392641902051],[-121.286411983671,38.839264833592],[-121.286330944842,38.8392652971391],[-121.286229418176,38.8392658816236],[-121.286137863017,38.8392664038583],[-121.286046852675,38.8392669293684],[-121.285944763909,38.8392675101505],[-121.285864304446,38.8392679769326],[-121.285751664795,38.8392686161218],[-121.28568173907,38.8392690105911],[-121.285558565666,38.8392697226731],[-121.285499173554,38.8392700574755],[-121.285365483817,38.8392708281089],[-121.285256917456,38.8392714504291],[-121.285172384685,38.8392719331175],[-121.285014678763,38.8392728294715],[-121.284979285546,38.8392730378053],[-121.284786186402,38.8392741421722],[-121.284772421486,38.8392742223088],[-121.284593104665,38.8392752328119],[-121.284530182774,38.8392756003411],[-121.284400005509,38.8392763365371],[-121.28433383618,38.8392767254015],[-121.284287931891,38.8392764696877],[-121.284206902162,38.8392760255075],[-121.284033362247,38.8392750797519],[-121.28401379015,38.8392749735664],[-121.283820676865,38.8392739339092],[-121.283778792614,38.8392736892585],[-121.283627546435,38.8392728812126],[-121.28352424141,38.8392722992217],[-121.283434434449,38.8392718274079],[-121.28326967166,38.8392709211255],[-121.283241321317,38.8392707732751],[-121.283048209334,38.8392697197294],[-121.282851427625,38.8392686423126],[-121.282835119835,38.8392685551746],[-121.282629385804,38.839267450055],[-121.282624471068,38.8392674061988],[-121.282413821157,38.8392662568339],[-121.282203172413,38.8392651061934],[-121.28201007645,38.8392640645345],[-121.281816981789,38.8392630081485],[-121.281623887126,38.8392619523425],[-121.281430791325,38.8392608953075],[-121.281237696673,38.8392598388597],[-121.281044602036,38.8392587811902],[-121.28084799532,38.8392577158773],[-121.280615527314,38.8392564417278],[-121.280608505742,38.839256398256],[-121.280048105023,38.8392484507832],[-121.278853812681,38.8392315024554],[-121.276927250718,38.8392210953768],[-121.276245557123,38.8392154233403],[-121.276041479943,38.8392137258863],[-121.275886885477,38.8392124472641],[-121.275879548448,38.8392123880271],[-121.275713702031,38.8392110111248],[-121.275708576381,38.8392109791747],[-121.275708259627,38.8392109772002],[-121.27570790947,38.8392109750176],[-121.275589739254,38.8392099356538],[-121.274470298205,38.8392140448515],[-121.274464996916,38.8392140667046],[-121.274451952455,38.8392140951625],[-121.274074675357,38.8392125765878],[-121.273620035003,38.8392107371508],[-121.270383805018,38.8391976143407],[-121.269884193475,38.8391954103254],[-121.269263456806,38.83919264789],[-121.268781240711,38.8391905061862],[-121.268521438106,38.8391893520333],[-121.268261634366,38.8391881963915],[-121.268046736289,38.8391871726033],[-121.268026758964,38.8391871566673],[-121.267916781382,38.8391866557017],[-121.267436689333,38.8391845227008],[-121.2669123086,38.8391821902846],[-121.266304878392,38.8391794680662],[-121.26577821567,38.8391771440501],[-121.265775477491,38.8391771537748],[-121.265251587019,38.8391799935231],[-121.264689863429,38.83918304375],[-121.26410001459,38.8391862293548],[-121.263608497846,38.8391888820404],[-121.262906343348,38.8391926678055],[-121.262327046252,38.839195801437],[-121.261741095424,38.8391989583741],[-121.261249577352,38.8392016010742],[-121.26047762005,38.8392057526714],[-121.260110013616,38.8392077232665],[-121.259949708848,38.8392085834688],[-121.259895110005,38.8392088807582],[-121.25651058982,38.8392260881167],[-121.256467173344,38.8392263039956],[-121.256227960671,38.83922703879],[-121.256196307677,38.8392271244609],[-121.256177557478,38.8392271828112],[-121.256030529027,38.8392276424156],[-121.255834854212,38.8392282290294],[-121.255639160823,38.8392288287083],[-121.25544348585,38.8392294290764],[-121.255247792454,38.8392300280961],[-121.255052117485,38.8392306269044],[-121.254856441501,38.8392312118632],[-121.254819838515,38.8392313203703],[-121.254819504485,38.8392313182281],[-121.254814659455,38.8392313285974],[-121.25481444867,38.8392313272455],[-121.254660749238,38.8392318108025],[-121.254465073107,38.8392324086148],[-121.254269380837,38.839233006895],[-121.254073704699,38.8392336040483],[-121.253880347616,38.8392341752229],[-121.253878012574,38.8392341872559],[-121.253677122662,38.8392348061179],[-121.253483580581,38.8392345646347],[-121.253294777271,38.8392343397685],[-121.253290037199,38.8392343372352],[-121.253096477692,38.8392341094097],[-121.252902935473,38.8392338804719],[-121.252709392236,38.8392336385927],[-121.252515832732,38.8392334097999],[-121.252322289365,38.8392331798876],[-121.252128747142,38.8392329505612],[-121.252004616904,38.8392327974963],[-121.252003773765,38.8392327920687],[-121.251784759699,38.8392325351306],[-121.251567114302,38.8392322586676],[-121.251565744626,38.8392322642597],[-121.251346729554,38.839231992976],[-121.251127715493,38.8392317347995],[-121.251097766346,38.8392316922252],[-121.250660141512,38.8392311636081],[-121.250151593495,38.8392305468431],[-121.249125844662,38.8392292777471],[-121.249118980485,38.8392292739298],[-121.247423302341,38.8392271730408],[-121.247337212291,38.8392271649671],[-121.247310914293,38.8392271594817],[-121.247243783511,38.8392271498273],[-121.247211781218,38.8392271488061],[-121.247211236403,38.8392271452764],[-121.247128376377,38.8392271300462],[-121.247128465619,38.8392518720352],[-121.247128569081,38.8392851672588],[-121.247055473086,38.839284885512],[-121.246982394511,38.8392845903187],[-121.246896219194,38.8392842516369],[-121.246876646722,38.8392841797338],[-121.245145678475,38.8392772862505],[-121.245052552893,38.8392769145626],[-121.244982124695,38.8392766353313],[-121.244886136676,38.8392762584238],[-121.243563572159,38.8392709785154],[-121.243503782553,38.8392707406182],[-121.243407794694,38.839270348977],[-121.241956346444,38.8392645412199],[-121.241812891571,38.8392639620056],[-121.241416040144,38.8392623745292],[-121.240569181445,38.8392589706277],[-121.240332302739,38.8392580122799],[-121.240176332832,38.8392573906642],[-121.24011462891,38.8392571385049],[-121.239896955096,38.8392562634213],[-121.239679280126,38.8392553888232],[-121.239496715076,38.8392546472224],[-121.239243931508,38.8392536239979],[-121.238991148956,38.8392526137435],[-121.238773475304,38.8392517239436],[-121.238555800372,38.8392508463401],[-121.238303017829,38.8392498354896],[-121.238085343053,38.8392489434922],[-121.23790277789,38.8392482128996],[-121.237685121399,38.8392473346868],[-121.23760344076,38.839247004186],[-121.237461335991,38.8392466347638],[-121.237201176508,38.8392459568878],[-121.236835794119,38.8392450135042],[-121.236601983749,38.8392444109469],[-121.236352093274,38.839243757195],[-121.233594926107,38.8392365464047],[-121.233530693932,38.8392363839827],[-121.233374562809,38.839235971993],[-121.232887176084,38.8392346913554],[-121.232832703648,38.8392345650525],[-121.232055911485,38.8392325085346],[-121.23165775496,38.8392314556795],[-121.231606477989,38.8392313229046],[-121.231610123063,38.8392919082819],[-121.231613769286,38.8393524945671],[-121.231660855974,38.8401349222582],[-121.231705856713,38.8408829009357],[-121.231707272009,38.8409062778615],[-121.231745824949,38.8414974066294],[-121.231748537288,38.8415632038383],[-121.231753725119,38.8416890029952],[-121.231754059443,38.841697078178],[-121.231756035052,38.8417449254707],[-121.231766601937,38.8420016457615],[-121.231687181126,38.8424594611477],[-121.231679467147,38.842503936263],[-121.231673326534,38.8425393731335],[-121.2316681852,38.8426121616507],[-121.23166339989,38.8426797218914],[-121.231636331426,38.842957034754],[-121.231612917761,38.8431968618693],[-121.231598592207,38.8433040103617],[-121.23156936928,38.8435224909438],[-121.231556743173,38.8436169236426],[-121.231538303608,38.8437408088783],[-121.231505834773,38.8439590067106],[-121.231473366734,38.8441772189501],[-121.231440914779,38.8443954168691],[-121.231440007109,38.8444014793326],[-121.231441702852,38.844616443634],[-121.231442786367,38.8447532678721],[-121.231443448493,38.8448364884392],[-121.231445180881,38.8450561619808],[-121.231446914577,38.8452758220127],[-121.231448647131,38.8454954820322],[-121.231450379697,38.8457151420468],[-121.231452112127,38.8459348155692],[-121.231453844714,38.8461544755741],[-121.231455579679,38.8463739166712],[-121.231457310916,38.8465938099907],[-121.231458799406,38.8467840593736],[-121.231459025104,38.8468134698593],[-121.231460758886,38.8470331298526],[-121.23146249138,38.847252803346],[-121.231464026198,38.8474485719381],[-121.231465302587,38.8476097541541],[-121.231466133336,38.8477147785011],[-121.231466982266,38.8478294137718],[-121.231468609969,38.8480490865544],[-121.231470237829,38.8482687458196],[-121.231471865699,38.8484884050799],[-121.231472567825,38.8485825276738],[-121.231473492281,38.8487080778402],[-121.231475120161,38.8489277379917],[-121.231476752927,38.8491501432134],[-121.231479371969,38.8495037836753],[-121.23089496117,38.849497665194],[-121.230524782513,38.8494937732774],[-121.230225721387,38.8494906395651],[-121.230011734875,38.8494883985244],[-121.230010155346,38.8494884015724],[-121.228859387183,38.8494902855989],[-121.228123104478,38.8494888029651],[-121.228112201419,38.8494887855017],[-121.227616734243,38.849487786311],[-121.227585492865,38.8494964201037],[-121.227134591281,38.8496209582503],[-121.227055009786,38.8496429316622],[-121.227002206354,38.8496580957556],[-121.226722955724,38.8497382865725],[-121.226371158112,38.8498393027991],[-121.22634289435,38.849842135363],[-121.226196988486,38.8498567747435],[-121.226214045802,38.8499607126052],[-121.226186257061,38.8499635068527],[-121.224222881881,38.8501605511385],[-121.223414123594,38.8502417017215],[-121.222542576955,38.8503291545837],[-121.221909667627,38.8503050926238],[-121.221987185665,38.8501479116092],[-121.222018394309,38.8500878466634],[-121.22204813104,38.8500275250091],[-121.222076465585,38.8499668921592],[-121.222103329437,38.8499058918003],[-121.222128723487,38.8498444428582],[-121.222152684114,38.8497823798115],[-121.222175177656,38.8497196204539],[-121.222196241931,38.8496559731475],[-121.222215841585,38.8495912998184],[-121.222234012579,38.8495256835909],[-121.222250745954,38.8494598379192]]]},"properties":{"OBJECTID":9,"CITY":"ROCKLIN","CITY_CODE":"ROC"}},{"type":"Feature","id":10,"geometry":{"type":"Polygon","coordinates":[[[-121.184202153474,38.725243767802],[-121.184194819848,38.7242716908367],[-121.184194712694,38.7242535116316],[-121.184194444389,38.7242249239922],[-121.184186373476,38.722971556306],[-121.184204514194,38.7229714916623],[-121.184201098055,38.7224437021031],[-121.184200073523,38.7222838096308],[-121.185486089419,38.7222776474654],[-121.185484539781,38.7216104022737],[-121.185723867825,38.7216097346663],[-121.186530028944,38.7216074960056],[-121.186788688865,38.7216067832767],[-121.186787279609,38.7217255511693],[-121.187763508135,38.7217271184524],[-121.187735591613,38.7217591334324],[-121.187715464362,38.7217812624684],[-121.187694814486,38.7218031132424],[-121.187673677034,38.7218246859995],[-121.18765205232,38.7218459532817],[-121.187506910445,38.7219863003039],[-121.187494921967,38.7219986282058],[-121.18748317664,38.7220111500287],[-121.187471675404,38.7220237833997],[-121.187460522469,38.7220366114286],[-121.187449648674,38.7220495512512],[-121.187439018344,38.7220626575376],[-121.187428736942,38.7220759035666],[-121.187418734054,38.722089316305],[-121.187409010621,38.7221028133798],[-121.187399635802,38.7221164776553],[-121.187390610225,38.722130254216],[-121.18738172359,38.7221441415889],[-121.187373326396,38.7221581422294],[-121.187365208031,38.722172282122],[-121.187357368808,38.7221865338091],[-121.187349879141,38.7222008703242],[-121.187342704293,38.722215263964],[-121.187335878061,38.722229824805],[-121.187329331598,38.7222444425253],[-121.187323134378,38.7222591725316],[-121.187317287342,38.7222739324506],[-121.187311789549,38.7222888046557],[-121.187306606263,38.7223037614435],[-121.187301738111,38.7223187478989],[-121.187297254252,38.7223338468859],[-121.187293120892,38.7223489483282],[-121.187289302039,38.7223641343535],[-121.187285798008,38.7223793775041],[-121.187282679525,38.7223946233557],[-121.1872799106,38.722409954036],[-121.187277456811,38.7224253143839],[-121.187275388258,38.7224407048906],[-121.187273635154,38.7224560976074],[-121.187272266972,38.7224715479406],[-121.187271214241,38.722487000484],[-121.187270547373,38.7225024282708],[-121.187270230378,38.7225179134286],[-121.187270229147,38.7225333733388],[-121.187270578418,38.7225488357047],[-121.187271278502,38.7225642730684],[-121.187272398875,38.7225797408366],[-121.187273765225,38.7225951554083],[-121.187275587228,38.7226105731723],[-121.187277690259,38.7226259379853],[-121.187280273962,38.7226421848825],[-121.187286153031,38.722673750026],[-121.187292698999,38.7227052374617],[-121.187299982281,38.7227366202228],[-121.187307967512,38.7227679255213],[-121.187316654695,38.7227991533572],[-121.187326080135,38.722830194145],[-121.18733620784,38.7228611300121],[-121.187347038127,38.7228919335006],[-121.187358535945,38.7229226043647],[-121.187370736973,38.7229530879345],[-121.187383675634,38.7229834393706],[-121.18741100917,38.7230424773852],[-121.187570621035,38.7233698188149],[-121.187598038494,38.7234246010869],[-121.1876266521,38.72347900729],[-121.187656426177,38.7235330920934],[-121.187687466821,38.7235867738593],[-121.187719599406,38.7236399964441],[-121.187752962572,38.7236928981172],[-121.187822828611,38.723796965982],[-121.187873631643,38.7238697882963],[-121.187962651137,38.7240033722393],[-121.188004818541,38.7240711638043],[-121.188418379071,38.7248000697275],[-121.188450320265,38.724860952067],[-121.188468754625,38.7248982067898],[-121.188486484224,38.7249357860981],[-121.188503475574,38.7249735524584],[-121.188519797837,38.7250115887345],[-121.188535381224,38.7250498669787],[-121.188550226045,38.7250883597335],[-121.188564331987,38.725127094457],[-121.188577699988,38.7251659887762],[-121.188590294683,38.7252050699041],[-121.188602186172,38.7252443383311],[-121.188566925084,38.7252440367778],[-121.188044822859,38.7252383241906],[-121.186817615978,38.7252378289624],[-121.186499350156,38.7252385906968],[-121.185482361967,38.7252290107077],[-121.18474861556,38.7252374766851],[-121.184358761386,38.7252419582572],[-121.184202153474,38.725243767802]]]},"properties":{"OBJECTID":10,"CITY":"ROSEVILLE","CITY_CODE":"ROS"}},{"type":"Feature","id":11,"geometry":{"type":"Polygon","coordinates":[[[-121.376977501943,38.8205388379386],[-121.376994423421,38.8165210794311],[-121.37700688319,38.8135630578511],[-121.377007894427,38.8133214767987],[-121.37700826238,38.8132374260086],[-121.377010461576,38.8127140644886],[-121.377022631062,38.8098230683996],[-121.377021665866,38.8098230769522],[-121.376411735376,38.8098240875226],[-121.374425486444,38.8098273695374],[-121.359990194196,38.8098502404742],[-121.359957484698,38.8098503073634],[-121.359772616336,38.8098506889046],[-121.359652798364,38.8098509482695],[-121.359617017924,38.8098510255913],[-121.359597136017,38.8098510669962],[-121.359421655819,38.8098514310937],[-121.359246193166,38.8098517950229],[-121.359070712965,38.8098521585902],[-121.359030580665,38.8098522391761],[-121.359003872549,38.8098522977268],[-121.358895232761,38.8098525218924],[-121.358744407447,38.8098528425674],[-121.358719770103,38.8098528850264],[-121.358695448602,38.809852929224],[-121.358558749466,38.8098532178171],[-121.358544289896,38.8098532477983],[-121.358542675465,38.8098532526118],[-121.358368833879,38.8098548186479],[-121.358182216466,38.8098565060419],[-121.358006690121,38.8098580896855],[-121.357750630748,38.8098604085262],[-121.357641352437,38.8098613831191],[-121.357362812709,38.8098638925562],[-121.357361865056,38.8098639010426],[-121.356845566837,38.8098688691445],[-121.356762260652,38.8098696709434],[-121.356746396214,38.8098698164873],[-121.356629062766,38.8098708690832],[-121.356497093278,38.8098720601464],[-121.356418508299,38.8098727642892],[-121.356207971367,38.8098746592108],[-121.356171434161,38.8098749784104],[-121.355997416628,38.8098765811113],[-121.355868974776,38.8098777086428],[-121.355786862127,38.8098784751723],[-121.35557630749,38.8098803825806],[-121.355566427758,38.8098804238718],[-121.355312211139,38.8098826926435],[-121.35529999631,38.809882871977],[-121.355159638275,38.8098841385252],[-121.35511569518,38.8098845398425],[-121.354840805509,38.8098870085801],[-121.354712135262,38.8098881610231],[-121.354630250822,38.8098889142734],[-121.354419696248,38.8098908058559],[-121.354412185335,38.8098908602155],[-121.354209141662,38.8098926970569],[-121.35416818189,38.8098930734144],[-121.353998586941,38.809894601605],[-121.353954117428,38.8098949995551],[-121.35378804988,38.8098964921402],[-121.353740053079,38.8098969115724],[-121.353525988593,38.8098988369242],[-121.353352901174,38.8099004133815],[-121.353311923971,38.8099007756103],[-121.353097877009,38.8099027002708],[-121.352883794942,38.8099046243412],[-121.352810720219,38.8099052880954],[-121.352669730285,38.8099065618439],[-121.352268556736,38.8099101603764],[-121.352234037504,38.8099104758617],[-121.352012146052,38.8099124646092],[-121.351884230226,38.8099136181289],[-121.351695664557,38.8099153116905],[-121.351673675506,38.8099155047335],[-121.351463120649,38.8099174046855],[-121.351340855635,38.8099185067814],[-121.351252565781,38.8099193042558],[-121.35114083036,38.8099203001983],[-121.351042011028,38.8099211897153],[-121.350940805074,38.8099220932707],[-121.350831456263,38.8099230747933],[-121.350740762232,38.8099238859006],[-121.350620901361,38.8099249732185],[-121.350540754347,38.8099256921111],[-121.350410346574,38.809926857533],[-121.350340729031,38.8099274841501],[-121.35019979165,38.8099287551948],[-121.350140686033,38.8099292894754],[-121.349989236714,38.8099306524749],[-121.349940660697,38.8099310808255],[-121.349756166427,38.8099327253775],[-121.34974070717,38.8099326937476],[-121.349691521531,38.8099326243133],[-121.349597150769,38.8099344436661],[-121.349467959184,38.8099369328877],[-121.349465765328,38.8099369755187],[-121.349460921273,38.8099370719543],[-121.3492756372,38.8099406472014],[-121.349275251044,38.8099406587676],[-121.349252873812,38.8099410825818],[-121.349110746922,38.8099438559032],[-121.349084964724,38.8099443567113],[-121.349061131605,38.8099447174109],[-121.348939649074,38.8099465902259],[-121.34885672962,38.8099472924159],[-121.3486636896,38.8099489285128],[-121.348619729133,38.8099492998162],[-121.348615183875,38.8099493429736],[-121.348470666614,38.809950619303],[-121.348461856974,38.809950693452],[-121.34830395047,38.8099520043025],[-121.348277626954,38.8099522135714],[-121.348146079306,38.8099532876775],[-121.348084604579,38.8099538350753],[-121.347988172161,38.8099546667436],[-121.347891564272,38.8099554973467],[-121.347830300355,38.8099560183342],[-121.347698541754,38.809957131938],[-121.347672393576,38.8099573557841],[-121.347514521633,38.8099587206743],[-121.347505501428,38.8099587935679],[-121.347356649683,38.8099600853501],[-121.34731247864,38.8099604549755],[-121.347198778232,38.8099613948953],[-121.347119438801,38.8099620610479],[-121.347040871429,38.8099627314867],[-121.346926416248,38.8099636943561],[-121.34688296462,38.8099640678634],[-121.346733376012,38.8099653409737],[-121.346725093404,38.8099653493069],[-121.346412473406,38.8099680252288],[-121.346154290346,38.8099702790992],[-121.346129616345,38.8099704834374],[-121.345709174801,38.8099740469522],[-121.345627834624,38.8099747420043],[-121.345452009919,38.8099762500789],[-121.345289891052,38.809977642931],[-121.345276939847,38.8099777484116],[-121.345101448896,38.809979216648],[-121.345049047227,38.8099796625711],[-121.344925975232,38.809980712176],[-121.344854673219,38.8099813122754],[-121.34475048414,38.8099821936111],[-121.344574992915,38.80998368851],[-121.344427001239,38.8099849402027],[-121.344399484261,38.8099851693157],[-121.344223993021,38.8099866636843],[-121.344131965401,38.8099874483729],[-121.344127192029,38.8099874900666],[-121.344048501773,38.8099881577876],[-121.343952788935,38.8099889627107],[-121.343921832268,38.8099892272005],[-121.343872729896,38.8099896363109],[-121.343719069808,38.8099909374583],[-121.343450954312,38.8099932115759],[-121.343392971969,38.809993707584],[-121.343360769346,38.8099939786103],[-121.343235065023,38.8099950390013],[-121.343229537009,38.8099950901206],[-121.343227624151,38.8099951067635],[-121.34307714027,38.8099963975626],[-121.343017104689,38.8099969092294],[-121.342919233312,38.8099977285506],[-121.342863128727,38.8099982074578],[-121.342806585469,38.8099986838558],[-121.342761308801,38.8099990592246],[-121.342603401832,38.8100003897832],[-121.34259606624,38.8100004581008],[-121.342559248159,38.8100007714293],[-121.342445459508,38.8100017473863],[-121.342385546745,38.810002259422],[-121.342366225142,38.810002424617],[-121.342287552399,38.8100030912444],[-121.342175027495,38.8100040329038],[-121.342173219917,38.8100040501255],[-121.342129627865,38.8100044210596],[-121.341980197136,38.8100056752139],[-121.341971720871,38.8100057507594],[-121.34196450836,38.8100057922751],[-121.341813813618,38.8100071077024],[-121.341787173965,38.8100073411683],[-121.34175398858,38.8100076199095],[-121.341655906485,38.8100084507018],[-121.341594168713,38.8100089657146],[-121.341543469298,38.8100093922466],[-121.341497982054,38.8100097659291],[-121.341397636157,38.810010611128],[-121.341340075037,38.8100110947703],[-121.341332950132,38.8100111504732],[-121.341204613341,38.8100122349275],[-121.341182150467,38.8100124232971],[-121.341122430701,38.8100129357761],[-121.341024243311,38.8100137654378],[-121.34091191126,38.8100147206975],[-121.340905944573,38.8100147692169],[-121.340866318602,38.8100151072642],[-121.340711623013,38.8100164122867],[-121.340708411561,38.8100164352466],[-121.340701391936,38.8100164915084],[-121.340550486967,38.8100177629146],[-121.340534306493,38.8100179181799],[-121.340490872473,38.8100182756666],[-121.340280353,38.8100200594433],[-121.340184955792,38.8100208767845],[-121.340065919936,38.8100218892504],[-121.340055619306,38.8100218993717],[-121.339960509214,38.8100220316765],[-121.339785046809,38.810022283833],[-121.339767832217,38.8100223095463],[-121.339754337808,38.8100223289453],[-121.339609566602,38.8100225630825],[-121.33943410394,38.8100228421667],[-121.339323990026,38.8100230259149],[-121.339309635695,38.8100230541005],[-121.339258623602,38.810023134615],[-121.339142859351,38.810023313507],[-121.339083161065,38.8100233994401],[-121.339043379711,38.810023461388],[-121.338907680979,38.8100236639003],[-121.338815238001,38.8100238104481],[-121.338732200892,38.8100239280954],[-121.338587236919,38.8100241324016],[-121.338556738351,38.8100241921253],[-121.338381258389,38.8100244420612],[-121.338359095205,38.8100244805657],[-121.338205795718,38.8100247192899],[-121.33813100613,38.8100248285817],[-121.338030315626,38.8100249824246],[-121.337902917052,38.8100251761498],[-121.337854853079,38.8100252453941],[-121.337679372857,38.8100255217275],[-121.337674863065,38.8100255234701],[-121.337243953873,38.8100261958022],[-121.337194240369,38.8100262690904],[-121.337105570337,38.8100263946189],[-121.337064578121,38.8100264627079],[-121.336991122216,38.8100265651484],[-121.336584429432,38.810027181051],[-121.336550860037,38.8100272364376],[-121.336408949328,38.8100274417361],[-121.336253017675,38.8100276765742],[-121.33623348677,38.8100277022564],[-121.336058006535,38.8100279761402],[-121.336025016312,38.810028020956],[-121.335882526427,38.81002823603],[-121.335796874574,38.8100283640874],[-121.335707063864,38.810028495755],[-121.335568785473,38.8100287070719],[-121.335531583626,38.8100287688435],[-121.335516369497,38.8100287916416],[-121.335356085967,38.8100290278376],[-121.335340748882,38.8100290636387],[-121.335180552828,38.8100293275524],[-121.335112730093,38.8100293924003],[-121.334884605892,38.8100297338403],[-121.334694560879,38.8100300183665],[-121.334656464399,38.8100300472739],[-121.334428410252,38.810030401949],[-121.334202286641,38.8100307260538],[-121.334200286174,38.8100307283161],[-121.33419672391,38.8100307353552],[-121.334026806262,38.8100310105978],[-121.333851343686,38.8100312675195],[-121.333844447268,38.8100312828845],[-121.333760182507,38.8100313212879],[-121.333675864977,38.8100313730571],[-121.333500403944,38.8100314647014],[-121.333442338142,38.8100314884548],[-121.333346315204,38.810031651294],[-121.333324924204,38.8100316795404],[-121.333149443819,38.8100319627589],[-121.333134054221,38.8100319842374],[-121.332973981109,38.8100322320842],[-121.332972015736,38.8100322345268],[-121.332970436392,38.8100322391864],[-121.332798500722,38.8100325147725],[-121.332698915646,38.8100326703437],[-121.33262303788,38.8100327972965],[-121.332470826259,38.8100330347025],[-121.332447557619,38.8100330657257],[-121.332272094774,38.8100333477195],[-121.332242701776,38.8100333984116],[-121.332096614382,38.8100336293474],[-121.331943016429,38.8100338718194],[-121.331921133988,38.8100339107102],[-121.331745671139,38.8100341919089],[-121.331570190742,38.8100344727414],[-121.33139472789,38.8100347534099],[-121.331219247491,38.8100350337123],[-121.330910244119,38.8100355194501],[-121.330863987456,38.8100355962129],[-121.330821977513,38.8100356562356],[-121.330776335118,38.8100357227729],[-121.33077500143,38.8100357288181],[-121.330739554387,38.8100357854361],[-121.330738361074,38.8100357922897],[-121.330737062479,38.8100357985367],[-121.330699316802,38.8100358418974],[-121.330501408097,38.810034495335],[-121.330439503545,38.8100340698398],[-121.330316685044,38.8100342404582],[-121.330156875249,38.8100344722112],[-121.329883494773,38.8100348586023],[-121.329654142252,38.8100351826829],[-121.329443583542,38.8100354912475],[-121.329233007414,38.8100357856002],[-121.329022448701,38.8100360934014],[-121.328923197131,38.8100362339325],[-121.328919863105,38.8100362283988],[-121.328811872569,38.8100363869906],[-121.328601313982,38.8100366802995],[-121.328390737846,38.8100369731251],[-121.328170562819,38.810037292425],[-121.327886021763,38.8100376919366],[-121.327861454525,38.8100377282561],[-121.327242430643,38.8100386065042],[-121.326776155072,38.810040023683],[-121.324077803753,38.8100429968606],[-121.321414538896,38.8100468400222],[-121.321405799927,38.8100468576134],[-121.321378003806,38.8100469011562],[-121.321284186608,38.8100476023692],[-121.32040278346,38.8100544207811],[-121.320402785166,38.8100542423051],[-121.320402808749,38.8100536108774],[-121.320403419155,38.8100044346988],[-121.320404719672,38.8099014147126],[-121.320405351558,38.8098518267684],[-121.320409034879,38.8095582526172],[-121.320410262591,38.8094610124009],[-121.320415273221,38.8090634435946],[-121.320415905092,38.8090138556466],[-121.320419696769,38.8087126072102],[-121.32042134425,38.8085824593714],[-121.320425203681,38.8082759528479],[-121.320426368402,38.8081834627257],[-121.320431008493,38.8078154654654],[-121.320432163884,38.807723950093],[-121.320432942877,38.8076626378423],[-121.320436966673,38.8073425947783],[-121.320438321115,38.8072357582289],[-121.320439175244,38.8071684190796],[-121.320425319908,38.8071585212793],[-121.320271637553,38.8070489102362],[-121.320036130484,38.8068809355754],[-121.319622004762,38.8065855460767],[-121.319497272775,38.8064965745575],[-121.319210932242,38.8062923422626],[-121.318884683901,38.8060596332281],[-121.318871839685,38.8060504688426],[-121.318865370854,38.8060516803073],[-121.318860818069,38.806052532307],[-121.318771097923,38.8060693604221],[-121.318691133694,38.8060843647305],[-121.318685332783,38.8060854565361],[-121.318517792792,38.8061168893957],[-121.318431570555,38.8061330650189],[-121.318191519162,38.806178103608],[-121.318072934679,38.8062003634501],[-121.317981456283,38.806217523876],[-121.317785667028,38.8062542542106],[-121.317632839416,38.8062829301699],[-121.31692778132,38.8064152038779],[-121.316740762749,38.8064502815574],[-121.316059836825,38.8065780238827],[-121.316049043538,38.8065800472366],[-121.315881817572,38.8066114232366],[-121.315230350642,38.80673362268],[-121.315220576826,38.8067354597522],[-121.314987289141,38.8067792272975],[-121.314357827802,38.8068972954438],[-121.314176027535,38.8069313975448],[-121.313419362498,38.8070733267652],[-121.313282158997,38.8070990688454],[-121.31264497479,38.8072185786131],[-121.312644328609,38.807216446685],[-121.312636809197,38.8071919907726],[-121.312634972215,38.8071859800209],[-121.31190490429,38.8048018735419],[-121.311867245364,38.80467900295],[-121.311777894416,38.8046957592035],[-121.311390606622,38.8047684140141],[-121.310529841042,38.8049299034557],[-121.309231539455,38.8051734835809],[-121.309225017769,38.8051747079245],[-121.308199389125,38.8053670935753],[-121.308151364002,38.8053761025116],[-121.308151140364,38.805377446691],[-121.308096722973,38.8056971620432],[-121.308044627577,38.8066148749324],[-121.308042043151,38.8066604696259],[-121.308029029578,38.8071827251043],[-121.308013869285,38.8080589745307],[-121.308013384029,38.8080871999165],[-121.307979719508,38.8080935072198],[-121.307978649489,38.8081854212301],[-121.30797314507,38.808657237249],[-121.307967354372,38.8091530510678],[-121.307965232038,38.8093350531254],[-121.307961849269,38.8096249219615],[-121.307960989074,38.809698878756],[-121.307959222939,38.8098496890385],[-121.307958177587,38.8099390631864],[-121.307957136775,38.8100279705507],[-121.30795698948,38.810041301216],[-121.307955879406,38.8101355215623],[-121.307780407531,38.8101366589368],[-121.307687831458,38.8101360110551],[-121.307665894996,38.8101361823517],[-121.307456287869,38.8101378022431],[-121.307424629265,38.8101380390917],[-121.30742463194,38.8101377645135],[-121.307365790107,38.8101381687653],[-121.307276851602,38.8101387916514],[-121.307092920269,38.8101400697495],[-121.307061734376,38.8101422177482],[-121.306932275846,38.8101430517009],[-121.306636804338,38.8101449540416],[-121.306531598446,38.8101456302718],[-121.305709799103,38.8101509081939],[-121.305144301912,38.8101545423544],[-121.304649579573,38.8101577187955],[-121.304205696503,38.8101605661318],[-121.304173406461,38.8101607708522],[-121.303263862051,38.8101665904148],[-121.303119328966,38.8101675081756],[-121.303059592869,38.810167836232],[-121.302862800778,38.8101689068938],[-121.302859731835,38.8101687099872],[-121.300702694493,38.8100333838177],[-121.300683614262,38.8100321842911],[-121.300721185546,38.8063528880829],[-121.300721497286,38.8063229729062],[-121.300729753986,38.8055940020724],[-121.300730827002,38.8054991636402],[-121.300730830782,38.8054987792308],[-121.300732977886,38.8053089925328],[-121.300750490708,38.8037636258514],[-121.300758446853,38.8030615907602],[-121.300764147118,38.8025568381461],[-121.30076593226,38.8024002751476],[-121.30076701679,38.8023042560026],[-121.300772312255,38.8018263837153],[-121.300784554676,38.8007205007674],[-121.300784558186,38.8007201438157],[-121.300785974732,38.8005939212634],[-121.300799207498,38.799397977165],[-121.300806936155,38.798727903246],[-121.300832787179,38.7964893444635],[-121.300841082889,38.7957615265531],[-121.300842169372,38.7956670725553],[-121.300196447721,38.7956693201934],[-121.295133591861,38.795686767067],[-121.29513379993,38.7956870154652],[-121.295083656878,38.7956871641699],[-121.294725637126,38.7956882717085],[-121.294725356435,38.7956882700037],[-121.29355009561,38.7956921923169],[-121.293526533276,38.7956922274576],[-121.293517918867,38.7956922436977],[-121.292400934771,38.7956931588584],[-121.291976815335,38.7956935256128],[-121.29191151492,38.7956935805304],[-121.291854285076,38.7956936159786],[-121.291455324404,38.7956939557622],[-121.291441991275,38.7956939018671],[-121.291410130582,38.7956939271328],[-121.288351012673,38.7956963089339],[-121.288176305142,38.7956964463492],[-121.287812924572,38.7956967445796],[-121.287759519695,38.7956967465494],[-121.28757460118,38.7956969028089],[-121.28738968294,38.7956970313161],[-121.287204764699,38.7956971595289],[-121.287019846182,38.795697314905],[-121.286603060725,38.7956976109546],[-121.286410808863,38.7956977477683],[-121.28582678955,38.7956981940061],[-121.285589238052,38.7956983529081],[-121.285351721362,38.7956985389979],[-121.285114204948,38.7956986971441],[-121.28487665317,38.7956988820463],[-121.284639136477,38.7956990666786],[-121.28440162006,38.7956992233674],[-121.284289125195,38.7956992989436],[-121.284261247083,38.7956993193345],[-121.284253755576,38.7956993280787],[-121.284237018238,38.7956993347525],[-121.284148629139,38.7956994214755],[-121.284072573614,38.7956995155222],[-121.282074236066,38.7957018003498],[-121.280151357733,38.7957039282051],[-121.277017205854,38.795707358616],[-121.276564978406,38.7957078510551],[-121.276465851865,38.7957079611456],[-121.276465220309,38.7957079572105],[-121.276461290351,38.7957079601835],[-121.276457097244,38.7957079615168],[-121.276456079598,38.7957079689058],[-121.276380269799,38.795708045716],[-121.276243071697,38.7957081929642],[-121.275964640273,38.7957084892744],[-121.2758128451,38.7957086548384],[-121.275796388311,38.795708675775],[-121.27555392326,38.7957089208032],[-121.274971357639,38.7957095411934],[-121.274956427248,38.7957095578114],[-121.274943880214,38.7957046740546],[-121.2748079951,38.7956517622815],[-121.274622027195,38.7955793433059],[-121.274436094756,38.7955069242513],[-121.274418969415,38.7955002544215],[-121.274250092523,38.79543450446],[-121.274233176894,38.7954279182918],[-121.274064125755,38.7953620845897],[-121.274047454783,38.7953555960319],[-121.273878194172,38.7952896920983],[-121.27386173305,38.7952832734747],[-121.273692228161,38.7952172716315],[-121.273676046641,38.7952109645682],[-121.273506262529,38.7951448508665],[-121.273490710068,38.7951387948484],[-121.273317151872,38.7950712019006],[-121.273301931498,38.795065271503],[-121.273126818365,38.7949970781574],[-121.273111300914,38.7949910360369],[-121.272936450169,38.7949229538821],[-121.272920670588,38.7949168139863],[-121.272795115965,38.7948679186894],[-121.27274608237,38.7948488292942],[-121.272560747965,38.7947766306302],[-121.272202381621,38.7946370874713],[-121.272163693297,38.7946220168389],[-121.271962213662,38.7945435376193],[-121.271622267591,38.7944111652388],[-121.271372979512,38.7943140695894],[-121.271215921069,38.7942528926936],[-121.271174314905,38.7942366913048],[-121.271058862614,38.7941917430429],[-121.271033035775,38.7941816817525],[-121.270901804712,38.7941305657216],[-121.270874230532,38.7941198206659],[-121.270781372916,38.7940836500187],[-121.270744816969,38.7940694160861],[-121.270715023489,38.7940578195389],[-121.27058772452,38.794008238119],[-121.270555572252,38.7939957068194],[-121.270430667428,38.7939470601596],[-121.270396068664,38.79393359355],[-121.270273610324,38.7938859094453],[-121.27023667019,38.7938715219093],[-121.270116553772,38.7938247310604],[-121.270077621579,38.7938095758149],[-121.269959497209,38.7937635799206],[-121.269919132358,38.7937478526939],[-121.269908945122,38.7937438756596],[-121.269845881532,38.7937193147465],[-121.269802441197,38.7937024011102],[-121.269761115233,38.7936863108104],[-121.269641820564,38.7936398541479],[-121.269599428798,38.7936233451934],[-121.269406831379,38.7935483360798],[-121.269364125224,38.7935317014926],[-121.269076191099,38.7934195570046],[-121.268824931609,38.7933220589907],[-121.268758687589,38.7932963516141],[-121.268557614005,38.7932183495305],[-121.268470244095,38.7931844495376],[-121.268406796126,38.793159830495],[-121.268398094104,38.7931564530644],[-121.268400303842,38.7931531169225],[-121.268392458017,38.7931500744003],[-121.267683647837,38.7928749788635],[-121.26736514981,38.7927500059438],[-121.26674089457,38.7925050806328],[-121.26663983163,38.7924654223842],[-121.266562983725,38.7924355003807],[-121.266440058447,38.792387658218],[-121.266363297997,38.792357777823],[-121.26591898682,38.792184816706],[-121.265681700297,38.7920924389882],[-121.265683865565,38.7915819796136],[-121.265683990934,38.7915528458213],[-121.265684180263,38.7915090215729],[-121.265683065156,38.791365552088],[-121.265683138222,38.7913482804914],[-121.265683945747,38.7911596247386],[-121.26568462928,38.7909948717402],[-121.265684703622,38.790977476583],[-121.265685330352,38.7908301188505],[-121.26568603142,38.7906653659586],[-121.265686732485,38.7905006130644],[-121.265687433546,38.790335860168],[-121.265688134605,38.7901711072693],[-121.265688185381,38.7901576935975],[-121.265688303447,38.7901326649592],[-121.265688518529,38.7900812483014],[-121.26568883566,38.7900063543684],[-121.265689163739,38.7899287008188],[-121.26568953657,38.7898416151941],[-121.265690220077,38.7896768621778],[-121.265690921123,38.7895121092702],[-121.265691037663,38.7894855291559],[-121.265691437773,38.789392402598],[-121.265691622165,38.7893473563603],[-121.265692323204,38.7891826034482],[-121.26569302424,38.7890178505339],[-121.265693725273,38.7888530976173],[-121.265693774629,38.7888398212329],[-121.265694210838,38.7887381000565],[-121.26569442616,38.7886883584274],[-121.265695353774,38.7884693743097],[-121.26569548835,38.7884461443735],[-121.265696949448,38.7882043721906],[-121.265697147874,38.7881715592713],[-121.265697347434,38.7881386365208],[-121.26570099604,38.787540549172],[-121.265701515376,38.7874545628394],[-121.265704768632,38.786921950285],[-121.265705459839,38.7868074208193],[-121.265706614245,38.7866191378945],[-121.265707218602,38.786518117982],[-121.265708671258,38.7862771557652],[-121.265708717356,38.7862709913845],[-121.265709214103,38.7861888904287],[-121.265709716519,38.7861062403168],[-121.265710715678,38.7859414892468],[-121.265712214407,38.7856943626377],[-121.265712539697,38.7856407636228],[-121.265713026373,38.7855596374137],[-121.26571347372,38.7854857190913],[-121.265713713125,38.7854472360236],[-121.265708758582,38.7851863113496],[-121.265712586634,38.784507946946],[-121.265713186282,38.7844005838264],[-121.265719195323,38.7833376207018],[-121.265720560666,38.7830932116951],[-121.265725862002,38.7821565580221],[-121.265727536721,38.7818583851033],[-121.265731919299,38.7810803869573],[-121.265734249281,38.7806677529129],[-121.265734933253,38.7805488160822],[-121.265519241362,38.7805483441788],[-121.265470141623,38.7805486925767],[-121.265468234554,38.7805278386918],[-121.26545915456,38.7804287345477],[-121.265448039836,38.7803075537573],[-121.265439070482,38.7802096310714],[-121.265418074304,38.7799803480421],[-121.265403730524,38.7798236690349],[-121.265400293455,38.7797862198805],[-121.265400073425,38.7797837471262],[-121.265397394026,38.7797544582608],[-121.265395501986,38.7797338516045],[-121.265394855752,38.7797267904035],[-121.265393641198,38.77971361585],[-121.265370302575,38.7795464315492],[-121.265348467211,38.7793899522598],[-121.265342326355,38.7793459643425],[-121.265323396275,38.7792104962791],[-121.265316977987,38.7791645020546],[-121.265316945177,38.7791642821703],[-121.265315982259,38.779157315073],[-121.265315933329,38.7791569577889],[-121.265315835184,38.7791562706782],[-121.26531550879,38.7791539070888],[-121.265315371597,38.7791536041652],[-121.265291512824,38.7791013486242],[-121.265284686117,38.7790864085989],[-121.265185786389,38.7788698267914],[-121.265185443408,38.7788690694821],[-121.265176404273,38.7788492688304],[-121.265159372355,38.778811953293],[-121.265143489615,38.7787771575786],[-121.2651380694,38.7787653019199],[-121.265088808935,38.7786573897277],[-121.265086115879,38.7786515100592],[-121.265037232918,38.7785444240204],[-121.265032310162,38.7785336561591],[-121.265000030269,38.7784629493202],[-121.264984105514,38.7784288398057],[-121.264978920967,38.7784179467163],[-121.264936271616,38.7783322911127],[-121.264921891409,38.7783048777769],[-121.264921375173,38.7783039134228],[-121.264919860975,38.7783010754983],[-121.264915628265,38.778293126608],[-121.2649152669,38.7782924515602],[-121.264890649641,38.778247454187],[-121.26488906529,38.7782446158178],[-121.264858381021,38.7781909577116],[-121.264849330603,38.7781756603326],[-121.264795872287,38.7780887554653],[-121.264794594987,38.7780867565565],[-121.264794094448,38.7780859707886],[-121.264776761578,38.7780591428458],[-121.26477613997,38.7780581915535],[-121.264723053974,38.777979403316],[-121.264687596292,38.7779294082441],[-121.264604048752,38.7778187873924],[-121.264515282544,38.7777106857795],[-121.2644501512,38.7776365990686],[-121.264349906335,38.7775301363622],[-121.264244508946,38.7774267678726],[-121.264162532151,38.7773517367169],[-121.264112157589,38.777307674293],[-121.264007142257,38.777220510652],[-121.26389831454,38.7771362613667],[-121.263895390642,38.77713405979],[-121.263888236827,38.7771287421891],[-121.263882109692,38.7771242136958],[-121.263857530298,38.7771061679193],[-121.263829239775,38.7770857233502],[-121.263815119406,38.7770756385187],[-121.263813952845,38.7770748073335],[-121.26380599525,38.7770691963046],[-121.263798002863,38.777063557595],[-121.263797271499,38.7770630449546],[-121.263691897693,38.7769913936417],[-121.263663778728,38.7769730233186],[-121.263546754779,38.7768998646546],[-121.263426615561,38.7768298685382],[-121.263386889102,38.7768077586449],[-121.263363100186,38.7767947016932],[-121.263247818061,38.7767314446533],[-121.263102974503,38.7766519634583],[-121.262613613191,38.7763834317772],[-121.262572977229,38.7763611236074],[-121.262348328195,38.7762378581784],[-121.262344456313,38.7762357466471],[-121.262342607778,38.7762347188964],[-121.262336957231,38.7762316075175],[-121.262252895058,38.7761854766874],[-121.262119459582,38.7761122588829],[-121.261659160901,38.7758596696487],[-121.261613206286,38.7758344440536],[-121.261108195169,38.7755573076518],[-121.261081672551,38.7755457842938],[-121.260987590687,38.775505327815],[-121.260917444678,38.7754755269445],[-121.260645301553,38.7753631731027],[-121.260370565259,38.7752547561605],[-121.260274062309,38.7752178122311],[-121.260209982435,38.7751933630151],[-121.260184492682,38.7751837407446],[-121.25999284214,38.7751123808201],[-121.259800112169,38.7750428254892],[-121.259708297937,38.7750104418155],[-121.259478460393,38.7749315673146],[-121.259426375055,38.7749141277232],[-121.259312498715,38.7748765092337],[-121.259274462867,38.7748640744822],[-121.259121925193,38.7748151566228],[-121.259095842527,38.7748069170373],[-121.258991245563,38.7747742727219],[-121.25891778092,38.7747517125142],[-121.258774007986,38.7747083557964],[-121.258760002531,38.7747041886196],[-121.258491288832,38.7746264094357],[-121.258376810944,38.7745944291285],[-121.258276054801,38.7745669161879],[-121.258272997967,38.7745657158937],[-121.258272543841,38.7745655345047],[-121.258271338588,38.7745650599906],[-121.258267914888,38.7745637200543],[-121.258266168106,38.7745630361331],[-121.258197398141,38.774536029546],[-121.258154585116,38.774519211551],[-121.258118759087,38.774505142963],[-121.258002005812,38.7744592943696],[-121.257937725252,38.7744340462772],[-121.257936345054,38.7744335294519],[-121.257837391608,38.7743963344087],[-121.257413608611,38.7742370359332],[-121.257054677799,38.7741021094697],[-121.256706842118,38.7739713444095],[-121.256610824976,38.7739352517667],[-121.256588023957,38.7739352842417],[-121.256588005593,38.7739370415394],[-121.256574201614,38.7739371178974],[-121.25577187118,38.773938031856],[-121.25549438366,38.7739383395108],[-121.255077126271,38.7739388068948],[-121.254778047977,38.7739391390477],[-121.254765332059,38.7739391535263],[-121.254442032035,38.7739395215352],[-121.25388761818,38.7739401334312],[-121.253764633428,38.7739402628244],[-121.253500528246,38.7739405556282],[-121.253369983977,38.7739407046408],[-121.253370626001,38.7739396927641],[-121.253393041611,38.7739045238565],[-121.253488106807,38.7737553979035],[-121.253520846939,38.7737040667275],[-121.253547835001,38.7736626938584],[-121.253575731825,38.7736216288822],[-121.253604536256,38.7735809816293],[-121.253634248582,38.7735407246412],[-121.253664868514,38.773500885375],[-121.253694299958,38.7734639903695],[-121.2536963259,38.7734614633789],[-121.253728690601,38.7734224865612],[-121.253761892467,38.7733839544699],[-121.253778968632,38.7733645267179],[-121.25384354522,38.7732910891535],[-121.254181293508,38.7734731475377],[-121.254279866223,38.7735262835842],[-121.254357754756,38.7735682753832],[-121.254899727067,38.7735495816259],[-121.254907341742,38.7735493147145],[-121.254909581977,38.7735464183736],[-121.254892750098,38.7735425483715],[-121.254558702495,38.7734590409511],[-121.254414488729,38.7734197537191],[-121.254387625677,38.7734124416831],[-121.254342633909,38.7733994938131],[-121.254270958248,38.7733788780382],[-121.254217485797,38.7733634866532],[-121.254163811841,38.7733472427006],[-121.254092602196,38.7733256824519],[-121.254048246931,38.7733122580135],[-121.25402155432,38.7733037524939],[-121.25388012012,38.7732587022049],[-121.253731456661,38.7732089645927],[-121.253713280179,38.7732028752752],[-121.253690493499,38.7731948753323],[-121.253580806259,38.7731563856718],[-121.253547657259,38.7731447493211],[-121.253508591113,38.7731303975977],[-121.253444051542,38.7731066967997],[-121.253426597754,38.7731002688393],[-121.253383356021,38.7730843799401],[-121.253323334748,38.7730613259754],[-121.253310932197,38.7730565643349],[-121.253298564723,38.7730518029186],[-121.25328616232,38.7730470275465],[-121.253273777312,38.7730422660148],[-121.253220446629,38.7730217675891],[-121.253193532769,38.7730109675756],[-121.253167492193,38.7730005164194],[-121.253151144764,38.7729939582368],[-121.253142970907,38.7729906928734],[-121.253134797339,38.7729874000518],[-121.253118449917,38.7729808418645],[-121.25305896388,38.7729569399571],[-121.253016845491,38.772939314462],[-121.252949442167,38.7729111053103],[-121.252938895188,38.7729066850863],[-121.252919931587,38.7728987370534],[-121.25290943708,38.7728943308941],[-121.252898942574,38.7728899247339],[-121.252869699256,38.7728771600195],[-121.252748780777,38.7728243457356],[-121.25274045287,38.7728207223769],[-121.252726593255,38.7728144272848],[-121.252583494201,38.7727493878079],[-121.252557038308,38.772736750799],[-121.252428598474,38.7726753752657],[-121.252295007032,38.7728271629498],[-121.251354880873,38.7738952970147],[-121.251320230407,38.773934670332],[-121.251312916984,38.7739429708922],[-121.251310022958,38.7739429796873],[-121.251026484279,38.7739432925561],[-121.251024326985,38.7739432923674],[-121.250830852008,38.7739435130353],[-121.250452899812,38.773943929121],[-121.250092662238,38.7739443211128],[-121.250089680522,38.773944329311],[-121.249815963871,38.7739446202928],[-121.249755173072,38.7739446805182],[-121.249668880137,38.7739447818294],[-121.248821087637,38.7739457246042],[-121.248255132653,38.7739463447598],[-121.247394834794,38.7739472785171],[-121.247394467627,38.773942196104],[-121.247393945561,38.7739351767823],[-121.247393951516,38.7739346138983],[-121.247393925813,38.7739105179008],[-121.247393882175,38.773878170166],[-121.247393838248,38.7738325868845],[-121.247393716591,38.7737429578414],[-121.247393586659,38.7736342168367],[-121.247393513543,38.7735714985515],[-121.247393478908,38.7735449311279],[-121.247393369383,38.7734375769655],[-121.247393272163,38.773350611663],[-121.247393263994,38.7733464102854],[-121.24739314829,38.7732694813601],[-121.247393059235,38.7732066119418],[-121.247392848602,38.7730308963516],[-121.247392847041,38.7730293860613],[-121.24739276438,38.7729526495658],[-121.247392609438,38.7728214052183],[-121.247392540467,38.7727417168991],[-121.247392453156,38.7726786827317],[-121.247392229635,38.7725091591994],[-121.24739216774,38.7724503539801],[-121.24739200006,38.7722987619517],[-121.247391926038,38.7722444188443],[-121.24739162665,38.771999174856],[-121.247391559311,38.7719375687157],[-121.247390838971,38.7713342345364],[-121.247390751588,38.7712811544819],[-121.247390646563,38.7712131637271],[-121.247391821161,38.7710076359189],[-121.24739188169,38.7709969407805],[-121.247395658589,38.7703365333855],[-121.247259125186,38.770336458166],[-121.247136727404,38.7703363920861],[-121.245102299684,38.770335358094],[-121.24500510404,38.7703353026288],[-121.244943457887,38.7703352723724],[-121.244718953841,38.7703351436592],[-121.244610581213,38.7703355780636],[-121.244237460114,38.7703353599255],[-121.244237249671,38.7703353585554],[-121.243999890347,38.7703352134045],[-121.243693326029,38.7703350287937],[-121.24238604303,38.7703342477388],[-121.242107472292,38.7703338022834],[-121.241799925626,38.7703336337184],[-121.24156154888,38.770333504396],[-121.241323172135,38.7703333745841],[-121.241245879851,38.7703335421609],[-121.24108479539,38.7703332442828],[-121.24095129398,38.7703333599545],[-121.240846383573,38.7703331132626],[-121.240641292153,38.7703331722657],[-121.24060800683,38.7703329819822],[-121.240369700236,38.7703328506713],[-121.240350249032,38.7703329842494],[-121.240131253347,38.7703327179529],[-121.24007099144,38.7703328040088],[-121.239892841533,38.7703325849743],[-121.239799941556,38.7703326356579],[-121.239654464794,38.7703324517358],[-121.239561424669,38.7703324875807],[-121.239416088055,38.7703323180078],[-121.239322907782,38.7703323390135],[-121.239189461184,38.7703322470707],[-121.239177710878,38.770332224977],[-121.239084391043,38.7703321762273],[-121.239019938846,38.7703321381614],[-121.238819953308,38.7703319802814],[-121.238658620847,38.7703319108175],[-121.238315331952,38.7703316908118],[-121.238211629543,38.7703316418828],[-121.238210717625,38.7703316358983],[-121.237718758792,38.7703313445536],[-121.237073535065,38.7703309775495],[-121.236717934104,38.7703307817392],[-121.236412176522,38.7703305832043],[-121.236128551675,38.7703304196708],[-121.235903538944,38.7703302842913],[-121.235682594772,38.7703301752643],[-121.235458108444,38.7703300150277],[-121.2352371292,38.7703299049218],[-121.235019692998,38.7703297628246],[-121.234489869396,38.7703294553979],[-121.234318873825,38.770329343638],[-121.234096351487,38.7703292074523],[-121.233621597407,38.7703289161501],[-121.233191214755,38.770328627695],[-121.233095702671,38.7703285733794],[-121.23306311707,38.7703285503132],[-121.233005487023,38.7703285265211],[-121.232990965595,38.7703285129509],[-121.232867497943,38.7703284384864],[-121.232826354047,38.7703283862552],[-121.232313858089,38.7703280735736],[-121.230247292028,38.7703324705274],[-121.22989289295,38.7703330169213],[-121.228873963082,38.7703345455201],[-121.22704567896,38.7703396580705],[-121.226785693141,38.7703413041546],[-121.225987091522,38.7703463342768],[-121.225685590041,38.7703482365352],[-121.225682152365,38.7703482547939],[-121.225595630701,38.7703488034713],[-121.225437320437,38.7703498067228],[-121.224971738269,38.7703527403009],[-121.224876622328,38.7703533409007],[-121.224577874526,38.7703552174802],[-121.224551705766,38.7703553859173],[-121.224420669356,38.7703561992678],[-121.224262201227,38.7703571998623],[-121.224140074592,38.7703579763279],[-121.223946527761,38.7703591951148],[-121.223859479964,38.7703597389809],[-121.223630854427,38.77036117578],[-121.223578885322,38.7703615009557],[-121.223263229504,38.7703634807385],[-121.223247777268,38.7703635832899],[-121.223101884996,38.7703644879622],[-121.223086450296,38.7703645906096],[-121.222806855217,38.7703663574084],[-121.222767514455,38.7703666020115],[-121.22266345347,38.7703672507446],[-121.222630725009,38.7703674572009],[-121.222426479132,38.7703687391032],[-121.222022687688,38.7703712921416],[-121.221992432223,38.7703714875323],[-121.221479055325,38.7703746771468],[-121.221393322906,38.7703752142558],[-121.22119803953,38.7703764442728],[-121.220953839036,38.7703779635237],[-121.220947998354,38.7703780067048],[-121.220667403568,38.7703797616422],[-121.220521686448,38.7703806779779],[-121.220383441236,38.7703815344742],[-121.220272504699,38.7703822309963],[-121.220102846423,38.7703832880469],[-121.219909387138,38.7703845006918],[-121.219822269132,38.7703850410592],[-121.2196859005,38.7703858956074],[-121.219611742392,38.770386509204],[-121.219541671127,38.7703870815812],[-121.219357889618,38.7703885917813],[-121.219283713967,38.7703892050504],[-121.219084076398,38.7703908553126],[-121.219013934978,38.7703914268994],[-121.218541782172,38.7703953202251],[-121.21845743346,38.7703960155098],[-121.218378188883,38.7703966627221],[-121.218293948102,38.7703907270927],[-121.218112218065,38.7703779151626],[-121.217612381732,38.7703426940849],[-121.217608053147,38.7703423903131],[-121.21784573898,38.770213984031],[-121.217846250567,38.7702137128809],[-121.217849831222,38.7702118560163],[-121.217850554609,38.7702114627245],[-121.217850784097,38.7702113269722],[-121.219690534104,38.7691975251751],[-121.220335226521,38.7688422446811],[-121.220346095954,38.7688362079],[-121.22034678409,38.7688358280859],[-121.220356965385,38.7688301711178],[-121.220362806072,38.7688269151806],[-121.220367658998,38.7688241743434],[-121.22037447081,38.7688203208142],[-121.220378476718,38.7688180548328],[-121.220380312097,38.7688170099606],[-121.220386153234,38.7688137128356],[-121.220389153242,38.768812016752],[-121.220391959296,38.7688104154748],[-121.220397748273,38.7688070768093],[-121.220399901415,38.7688058418529],[-121.220409343762,38.7688003995952],[-121.220410632049,38.768799666835],[-121.220415167811,38.7687970611644],[-121.220421380369,38.768793478205],[-121.220426693301,38.7687903697487],[-121.220432465189,38.7687869897771],[-121.220438237077,38.7687836098053],[-121.220449745628,38.7687768633541],[-121.220453346838,38.768774718221],[-121.220572492352,38.7687016379333],[-121.220578761866,38.7686976571822],[-121.220594445692,38.7686875886665],[-121.220599267588,38.7686844769053],[-121.220638499406,38.7686588732643],[-121.220644965572,38.7686545505835],[-121.220753763949,38.7685798217069],[-121.220759331684,38.7685758636947],[-121.220760073928,38.7685753469428],[-121.220766825925,38.7685705456291],[-121.220803861563,38.7685436915028],[-121.22081853573,38.7685329296868],[-121.220927658681,38.7684493470694],[-121.220933815319,38.7684444593711],[-121.22097599807,38.7684104041004],[-121.220996827812,38.7683932442699],[-121.221044886594,38.7683526929961],[-121.221051667361,38.7683468621197],[-121.221058465814,38.7683410176318],[-121.221065211807,38.7683351590616],[-121.221068806412,38.7683320115857],[-121.221130757054,38.7682768488181],[-121.221138852932,38.7682694340974],[-121.221167430341,38.7682430173781],[-121.221173188719,38.76823766018],[-121.221285485046,38.768127750296],[-121.221391907153,38.7680143147776],[-121.221398973591,38.7680064125889],[-121.22144806168,38.7679502846661],[-121.221451508338,38.7679462300156],[-121.221502350242,38.7678852809234],[-121.221568989043,38.7678006850926],[-121.221569113449,38.7678005348984],[-121.221590698999,38.7677719705196],[-121.221594846227,38.7677663965487],[-121.221611900687,38.7677432250747],[-121.221613752543,38.7677406700094],[-121.2216327359,38.7677143124101],[-121.221638720443,38.7677059086774],[-121.221639611072,38.7677046515027],[-121.221644901338,38.7676971904744],[-121.221646451471,38.7676949629019],[-121.2216509947,38.7676884579541],[-121.221718883971,38.7675873122151],[-121.221721773794,38.7675828556574],[-121.221744045369,38.7675476780588],[-121.221744331054,38.7675472131591],[-121.221795400694,38.7674623830275],[-121.221843478695,38.7673764880539],[-121.221844033877,38.7673754345767],[-121.2218949229,38.767276652793],[-121.22194185662,38.7671766778671],[-121.221944248075,38.767171284333],[-121.221948401456,38.76716193468],[-121.221952538201,38.7671525025362],[-121.221956586965,38.7671430972623],[-121.221959699829,38.7671358824922],[-121.221971905174,38.7671070766812],[-121.221972661506,38.7671052694094],[-121.222021311198,38.7669800771246],[-121.222024132541,38.7669722562853],[-121.222054193094,38.7668839001727],[-121.222056716768,38.766876036148],[-121.222083522599,38.7667870129112],[-121.222085676209,38.766779311164],[-121.222103835188,38.7667112229256],[-121.222119731066,38.7666448082907],[-121.222140280642,38.7665457445174],[-121.222157099152,38.7664462503614],[-121.222190101949,38.7662282903371],[-121.222197681203,38.7661782683314],[-121.222198190992,38.7661749491217],[-121.222199703274,38.7661649501884],[-121.222201064163,38.7661559662503],[-121.222201121123,38.7661555684661],[-121.222201117695,38.7661542778364],[-121.222201080945,38.7661464103813],[-121.222200996887,38.7661252246464],[-121.222199248833,38.7656851709623],[-121.222197989953,38.7653656000567],[-121.222367324194,38.7650048018122],[-121.222379120397,38.7649796865484],[-121.222386454017,38.7649312555455],[-121.222386550248,38.7649304735881],[-121.222386628943,38.7649296915133],[-121.222386764296,38.7649285391119],[-121.222386880613,38.7649275238816],[-121.222423189878,38.7646877005305],[-121.222423394922,38.7646865897856],[-121.222423561894,38.7646857533827],[-121.222423729766,38.7646848346067],[-121.222423897638,38.7646839158306],[-121.222425163441,38.7646756040153],[-121.222507647887,38.7641307516011],[-121.222526454807,38.7640145032809],[-121.222568593913,38.7637963571839],[-121.222577254631,38.7637564475686],[-121.222591348331,38.7636943731568],[-121.222598280878,38.763664969038],[-121.222601109407,38.7636532626817],[-121.222603515575,38.7636432971887],[-121.222606105195,38.7636325915119],[-121.222642103111,38.7634933646822],[-121.22264807606,38.7634715330166],[-121.22265402622,38.7634501817433],[-121.222655504917,38.7634448507306],[-121.222681873192,38.763353957155],[-121.222688278496,38.7633326775772],[-121.22269015241,38.7633264842296],[-121.222701842817,38.763288544534],[-121.222711470301,38.7632580463369],[-121.222715302197,38.7632459897205],[-121.222735675643,38.7631837376659],[-121.222737978791,38.7631767783196],[-121.222758650132,38.7631161483793],[-121.222761692461,38.7631073404512],[-121.22276833525,38.7630883965355],[-121.222828518949,38.7629252349892],[-121.222893729077,38.7627632617783],[-121.222903217734,38.7627406435759],[-121.223120464973,38.7622227796035],[-121.223154602219,38.7621413840636],[-121.22322483843,38.7619739653891],[-121.223317706577,38.7617525475454],[-121.223335044973,38.7617112131144],[-121.223399339091,38.7615579375201],[-121.223525801825,38.7612564657844],[-121.223645061667,38.760972176709],[-121.223705447452,38.7608282248391],[-121.223730059117,38.7607695432604],[-121.223739889385,38.7607461034828],[-121.223769344031,38.7606758800123],[-121.223788644532,38.7606298492934],[-121.223894237703,38.7603781044457],[-121.223961193977,38.7602184756865],[-121.223970123866,38.7601971854577],[-121.223999241484,38.760124592491],[-121.224026003642,38.7600514458714],[-121.224049853297,38.7599795354524],[-121.224071426379,38.7599071855978],[-121.224090709723,38.7598344404835],[-121.224107691562,38.7597613445268],[-121.224185812768,38.7594702170019],[-121.224186396854,38.7594632873256],[-121.224189296903,38.7594288996746],[-121.224192571378,38.7593762538088],[-121.224194654124,38.7593235450575],[-121.224195544546,38.7592708283361],[-121.224195277415,38.7592181313368],[-121.224193817963,38.7591654263674],[-121.224191200665,38.7591127685779],[-121.224187390752,38.7590601302758],[-121.224178872927,38.7589761014961],[-121.224076531603,38.7581066190361],[-121.224028498824,38.7576985758519],[-121.224017841704,38.7575920706879],[-121.22401354006,38.7575298730993],[-121.224010642018,38.7574676025156],[-121.224009598256,38.7574250329557],[-121.224009111908,38.7574053136179],[-121.224008949427,38.757343033864],[-121.224010041948,38.7572878745709],[-121.224010189938,38.7572807360305],[-121.224012833137,38.7572184475753],[-121.224016843057,38.7571562506369],[-121.224022255059,38.7570941179919],[-121.22402906914,38.7570320496402],[-121.224037214862,38.7569700725702],[-121.224046761758,38.7569082421661],[-121.224057710423,38.7568465035122],[-121.224070024589,38.7567849662043],[-121.224083704551,38.7567236027844],[-121.224098714939,38.7566624404754],[-121.224115125885,38.7566014797455],[-121.224132901719,38.7565407752752],[-121.224148193316,38.7564924110742],[-121.22415200797,38.756480271914],[-121.224172443736,38.7564200520344],[-121.224194243781,38.7563601433279],[-121.224217373036,38.7563005455593],[-121.224241831498,38.7562412587278],[-121.224267583797,38.756182310056],[-121.224294664699,38.756123727235],[-121.2243230739,38.7560655377217],[-121.224352706498,38.7560077133542],[-121.224383666791,38.755950337208],[-121.224553272867,38.7556773675186],[-121.224661660541,38.7555029534966],[-121.226091136292,38.752917522477],[-121.226262525558,38.7522099844648],[-121.226269124593,38.7521803719483],[-121.22626927351,38.7521795766089],[-121.226406941621,38.7521898306836],[-121.226754528507,38.7522157075974],[-121.226754462625,38.7522137025979],[-121.226751989849,38.7521314579511],[-121.226744481348,38.7518817302953],[-121.226767366835,38.7515102152796],[-121.226790933641,38.7511276110576],[-121.226774755793,38.750775332161],[-121.226773435594,38.7507467652394],[-121.22677310747,38.7507414633241],[-121.22672924844,38.7501000274277],[-121.226727871589,38.7500799039957],[-121.226727704696,38.7500775138865],[-121.226727658366,38.7500769369233],[-121.226727480207,38.7500739700846],[-121.226707021057,38.7496332971835],[-121.226705286173,38.7495961051374],[-121.226685621259,38.7494679842561],[-121.226678270183,38.7494200180261],[-121.226678122244,38.7494191108688],[-121.226654921527,38.7492678727775],[-121.226630683208,38.7487458663585],[-121.226593736968,38.7479509489585],[-121.226575093396,38.7475498438186],[-121.226570633025,38.7474537049915],[-121.226571053775,38.7474537077957],[-121.22658819634,38.7474540966461],[-121.226587743363,38.7474441532003],[-121.226550541061,38.7466438656202],[-121.226541673923,38.7464531260528],[-121.226541450127,38.7464479072096],[-121.22653994276,38.7464478697028],[-121.226523565876,38.7460931453967],[-121.226523198406,38.7460850148627],[-121.226500811102,38.7455993635999],[-121.226498113677,38.7455410623077],[-121.226497747108,38.7455328494],[-121.226455722916,38.7446215097662],[-121.22645539112,38.7446133245494],[-121.226436658651,38.7442076466429],[-121.226436412279,38.7441964414228],[-121.226436415413,38.7441961531164],[-121.22642460023,38.7437073319955],[-121.226422639714,38.7436264087714],[-121.226402481242,38.7435616341291],[-121.22639350548,38.7435212771054],[-121.226407734387,38.7434638300591],[-121.226410965052,38.7434537052191],[-121.226413024307,38.7434497372837],[-121.226411986968,38.7434483985701],[-121.226381242643,38.7432962450714],[-121.226377311637,38.7432917703838],[-121.226377243088,38.7432900125027],[-121.226376315846,38.743267255917],[-121.226365589301,38.7432670059141],[-121.226359356838,38.7431500819301],[-121.226339184529,38.7427721149812],[-121.226372016574,38.7426063808678],[-121.226327407207,38.741913809337],[-121.226317851163,38.7417655865187],[-121.226311055598,38.7416601644012],[-121.226291516249,38.7410837362408],[-121.226286881916,38.7409472303541],[-121.226269362833,38.7406768408872],[-121.22625442702,38.7404462029061],[-121.226246810034,38.7404163582771],[-121.226206321472,38.7402576454781],[-121.226205945675,38.7402567368001],[-121.226194279956,38.740078472638],[-121.226158960924,38.7395410693059],[-121.226117666394,38.7389599650677],[-121.226091398256,38.7385898519762],[-121.226086884044,38.7385261838715],[-121.226080864063,38.7384413891668],[-121.226080787614,38.7384403589158],[-121.226068565562,38.7382681733417],[-121.22605557905,38.7378728858305],[-121.226062438107,38.7377966758231],[-121.226071334093,38.7376975779601],[-121.226085057798,38.7375446362433],[-121.226081768856,38.7374118188939],[-121.226078151975,38.7370383145315],[-121.226078190489,38.7370347724789],[-121.226078257791,38.7370318072733],[-121.226078325093,38.7370288420678],[-121.226083343087,38.7365979769251],[-121.223937397816,38.736565409975],[-121.223734525676,38.7365637507959],[-121.223712406743,38.7365634105905],[-121.223603801351,38.7365625466049],[-121.223351148751,38.736560498717],[-121.222944353422,38.736557115995],[-121.222730789216,38.7365553559931],[-121.221433769493,38.7365446141661],[-121.221407021391,38.7365443934869],[-121.221397801528,38.736544317887],[-121.22138433991,38.7365442000915],[-121.220776004786,38.7365391687953],[-121.220773638433,38.736539152903],[-121.220768975992,38.7365391078604],[-121.22076348971,38.7365390572846],[-121.220760439744,38.7365390368009],[-121.220760054116,38.736539034211],[-121.220759458146,38.7365390302084],[-121.21885516949,38.7365235891221],[-121.218851681312,38.736523565638],[-121.218847766433,38.7362765110708],[-121.218845591579,38.7361392524299],[-121.218845044677,38.736104429742],[-121.218841321552,38.7358702550973],[-121.218841259776,38.7358663004724],[-121.218838476627,38.7356918297241],[-121.218838421229,38.7356888911541],[-121.218835631414,38.7355134318065],[-121.21883559234,38.7355106031855],[-121.218832506669,38.7353157826951],[-121.218832451573,38.7353128166673],[-121.218829816477,38.7351456237521],[-121.218829764094,38.7351424106045],[-121.218826657913,38.7349478645687],[-121.218826577958,38.7349423720732],[-121.218822147863,38.7346624171852],[-121.218822020999,38.7346548099702],[-121.218821279406,38.7346073819257],[-121.218817997945,38.7344016585691],[-121.218817955858,38.7343991045256],[-121.218814953252,38.7342095019387],[-121.218814920255,38.7342077168303],[-121.218811873218,38.7340173725274],[-121.218811859909,38.7340169880008],[-121.218811864127,38.7340166035921],[-121.218808823434,38.7338256826739],[-121.218808826146,38.733825435554],[-121.218808828256,38.7338252433497],[-121.218807458706,38.7337392026123],[-121.218805816306,38.7336348992779],[-121.218805783612,38.7336330867117],[-121.218802773739,38.7334409577651],[-121.218800883108,38.7333225384257],[-121.218799912986,38.7332623949557],[-121.218799693771,38.7332488283439],[-121.218798632801,38.7331825881887],[-121.218796956527,38.7330765821152],[-121.218796648875,38.7330566991562],[-121.218794886328,38.7329457771986],[-121.218793890201,38.7328848097582],[-121.218793569241,38.7328645422722],[-121.218790755995,38.7326864465919],[-121.21879052468,38.7326723856218],[-121.218787369299,38.7324727591596],[-121.218787277849,38.7324667173899],[-121.21869895717,38.7324644750664],[-121.218685533794,38.7324641375316],[-121.218653850196,38.732463361234],[-121.21840227426,38.7324571770229],[-121.218192511357,38.7324519742584],[-121.218101946891,38.7324497438199],[-121.217804913854,38.7324424144287],[-121.217519867289,38.7324353847968],[-121.21724708793,38.732428629447],[-121.217233103989,38.7324282605023],[-121.217191536864,38.7324272386334],[-121.216713059755,38.7324154418074],[-121.216712913174,38.7324064614645],[-121.216712805581,38.7324003097438],[-121.216709731299,38.7322081802541],[-121.216707634284,38.7320753842505],[-121.21670725121,38.7320512582329],[-121.216703251852,38.731806207464],[-121.216701432609,38.7316927724891],[-121.21670117194,38.7316766380983],[-121.216701096385,38.7316723538598],[-121.216700976705,38.7316657077808],[-121.216700713771,38.7316497793231],[-121.216697650736,38.731458226555],[-121.216697246362,38.7314328509718],[-121.216695434543,38.7313203359473],[-121.216695151664,38.7313030343646],[-121.216694574421,38.7312662892576],[-121.216694333551,38.7312515417197],[-121.216691470924,38.7310736378192],[-121.216691410781,38.7310695459032],[-121.2166905845,38.7310076459387],[-121.216689922632,38.7309594769832],[-121.216689924747,38.730959284779],[-121.216689785121,38.7309496729067],[-121.216688852462,38.7308815113893],[-121.216685316865,38.7306899005008],[-121.216683796117,38.730595538363],[-121.216683522311,38.7305790057152],[-121.216682211907,38.7304973863438],[-121.21667911301,38.7303043230292],[-121.216678006913,38.730235995579],[-121.216677752753,38.7302208635131],[-121.216677557524,38.7302083405262],[-121.216676207849,38.7301255126564],[-121.216676022291,38.7301137036895],[-121.216668557424,38.7296499945546],[-121.216668505747,38.7296467264893],[-121.216668361896,38.7296374990249],[-121.216668306895,38.729634532995],[-121.216666987611,38.7295521309541],[-121.216666767152,38.7295387153526],[-121.216666734816,38.7295368753276],[-121.216663078415,38.7292893554493],[-121.216662469459,38.7292363813802],[-121.216662162413,38.7292101277365],[-121.216662152741,38.7292078210478],[-121.216661304438,38.7291367768126],[-121.21665893361,38.7289364964679],[-121.216658081688,38.7288657817245],[-121.216656983169,38.7287760631325],[-121.216655418349,38.7286474857704],[-121.216654681571,38.728582236304],[-121.216654635938,38.7285784190833],[-121.216654386618,38.7285564770172],[-121.216653737485,38.7285039694909],[-121.21665151206,38.72831755732],[-121.216651486373,38.7283151132241],[-121.216651097438,38.7282819666152],[-121.216649084175,38.7281176884761],[-121.216648629965,38.728076138726],[-121.216646337178,38.7278862936195],[-121.216646162809,38.7278702833763],[-121.216643595034,38.7276544594353],[-121.216643597451,38.7276542397732],[-121.216643237534,38.7276232352235],[-121.21664194323,38.7275178632132],[-121.216641937186,38.7275168196998],[-121.216641156313,38.7274508010562],[-121.21664027753,38.7273761593723],[-121.216639799762,38.7273383439946],[-121.216639638391,38.727325931073],[-121.216637187601,38.7271154076565],[-121.216636727063,38.7270808051918],[-121.216636498607,38.7270633392128],[-121.216635049295,38.72693701432],[-121.21663461686,38.7269014509514],[-121.216633646227,38.7268224150755],[-121.216632911301,38.7267585935236],[-121.216632471918,38.7267220690145],[-121.216630773318,38.7265801727252],[-121.216630400117,38.7265503763151],[-121.216630316411,38.7265436480973],[-121.216628635043,38.7264017793825],[-121.216625839226,38.7261684619833],[-121.216625776373,38.7261646171858],[-121.216625417378,38.7261351229287],[-121.216621714433,38.7258265595266],[-121.216620487579,38.7257246204351],[-121.216620005602,38.7256855967933],[-121.216615709229,38.725330622298],[-121.216615304613,38.7252909401421],[-121.216615195227,38.725288138503],[-121.216614987329,38.7252703980627],[-121.216611442208,38.7249697990533],[-121.216611265134,38.7249556285959],[-121.216609870604,38.7248386678504],[-121.216608810583,38.7247502401053],[-121.216608689714,38.7247405185164],[-121.216606637669,38.7245718190472],[-121.216606528888,38.7245625918164],[-121.216604499516,38.7243934256815],[-121.216604347827,38.724380134109],[-121.216602932772,38.7242618551496],[-121.216602361675,38.7242150048561],[-121.216600188492,38.7240366112497],[-121.216599855505,38.7240095336274],[-121.216599676018,38.7239939901623],[-121.216598050672,38.7238581904202],[-121.216595757854,38.7236715580582],[-121.216595478958,38.7236491215087],[-121.216595465361,38.7236487644393],[-121.216595468987,38.7236484349461],[-121.216592794855,38.7234247841799],[-121.216592797575,38.7234245370599],[-121.216592787906,38.7234238230395],[-121.21659008569,38.723202725843],[-121.216590069071,38.7232010506822],[-121.21658938861,38.7231418427312],[-121.216587414311,38.7229804206197],[-121.216587215794,38.7229634216549],[-121.216584792201,38.7227631957913],[-121.216584786158,38.7227621522776],[-121.216582183401,38.7225479481562],[-121.21658218612,38.7225477010363],[-121.216582188537,38.7225474813741],[-121.216580731858,38.7224282135661],[-121.216580260501,38.7223898215632],[-121.216579622054,38.7223379456631],[-121.216576999688,38.7221239336222],[-121.216573904779,38.721870046736],[-121.216570405621,38.7215828208998],[-121.216570301683,38.7215747470122],[-121.216570160883,38.721563652296],[-121.21656810177,38.7213940191101],[-121.216568104792,38.7213937445323],[-121.216568029256,38.7213878676217],[-121.216568077904,38.72138344692],[-121.216569093011,38.7212912025251],[-121.216569297574,38.7212726136114],[-121.216571534154,38.7210709638287],[-121.216571813952,38.7210455379287],[-121.216571679952,38.7210354180815],[-121.216569568124,38.7208673909333],[-121.216569498783,38.7208625438073],[-121.216567736693,38.7207232557174],[-121.216562558028,38.7203131358351],[-121.216561345401,38.7202178832686],[-121.216555025654,38.7197171657257],[-121.216554331052,38.7196624336163],[-121.216551156715,38.7194110038072],[-121.216548810532,38.7192260598098],[-121.21654832018,38.7191830269612],[-121.216547668942,38.7191355033454],[-121.216547226476,38.7191008597948],[-121.216546025523,38.7190045500966],[-121.216545659193,38.7189789138808],[-121.216543584046,38.7188123423283],[-121.216543230558,38.7187887244957],[-121.216540978077,38.7186064172665],[-121.216540806469,38.7185965305721],[-121.216539768224,38.7185156955785],[-121.216539537101,38.7184968840405],[-121.21653836502,38.718404322799],[-121.216538372274,38.7184004784731],[-121.216536112715,38.7182220018366],[-121.216535940957,38.7182121288709],[-121.216533730349,38.7180435380984],[-121.216533429439,38.7180199206197],[-121.216532095892,38.7179149601754],[-121.216531523384,38.7178650618129],[-121.21653098803,38.7178277128397],[-121.21652926386,38.7176865851704],[-121.216528564007,38.7176355189047],[-121.216526493624,38.717466929073],[-121.216526122624,38.71744331112],[-121.216524840458,38.7173416461976],[-121.216524234125,38.7172884524261],[-121.216523698627,38.7172511171804],[-121.216522027208,38.7171099761324],[-121.216521344889,38.7170589099831],[-121.216519785103,38.7169315133288],[-121.216518921069,38.7168667023101],[-121.216517892242,38.7167850161166],[-121.2165168181,38.7166994852413],[-121.216515084315,38.716560828881],[-121.216514842025,38.7165430332787],[-121.216512283801,38.7163423396058],[-121.216512261596,38.7163411724133],[-121.216568366743,38.7163452172536],[-121.216588154165,38.7163466415101],[-121.21663865586,38.7163502777632],[-121.216759096524,38.7163589446064],[-121.216838018593,38.7163646262148],[-121.216931142171,38.7163713235483],[-121.21720461149,38.7163910182958],[-121.217245954909,38.7163940020919],[-121.217273009509,38.7163959420889],[-121.217509671011,38.7164129712656],[-121.217699840702,38.7164266658309],[-121.217725967181,38.7164285445429],[-121.217787430911,38.7164329681792],[-121.218073543688,38.716453569931],[-121.218076975899,38.7164538127465],[-121.218118021792,38.7164567667657],[-121.218165406704,38.716460175395],[-121.21832600055,38.7164717336601],[-121.21834874742,38.716473369778],[-121.218351496664,38.7164735667932],[-121.218355436609,38.7164738542116],[-121.218363229032,38.7164744147288],[-121.21850338737,38.7164845169676],[-121.218656363983,38.7164955291772],[-121.218925106347,38.7165148722327],[-121.219221779142,38.7165362150216],[-121.219490521813,38.7165555567671],[-121.219776705669,38.7165761547895],[-121.220048933287,38.7165957520888],[-121.220303019651,38.7166140323044],[-121.220555022186,38.7166321743906],[-121.220617431793,38.7166366715305],[-121.220781878931,38.7166484994193],[-121.221029679189,38.7166663239146],[-121.221256536151,38.7166826480149],[-121.221437111226,38.7166956404523],[-121.221483393217,38.7166989716716],[-121.221780049873,38.7167203215285],[-121.221927406454,38.7167309210041],[-121.222340145154,38.7167606132087],[-121.222341335864,38.7167607035711],[-121.222343487263,38.7169391792876],[-121.222343648234,38.7169533221678],[-121.222345621149,38.7171176548847],[-121.222347170669,38.7172469460469],[-121.222347755195,38.7172961167508],[-121.222348074162,38.7173230706902],[-121.222349889103,38.717474592344],[-121.222350248175,38.7175042925326],[-121.222352023021,38.7176530679351],[-121.222353538158,38.7177790911455],[-121.22235358409,38.7177829083666],[-121.222354156949,38.7178315435244],[-121.222354795493,38.7178853964856],[-121.222356308413,38.7180100192291],[-121.222358424839,38.7181884946969],[-121.222359412593,38.7182713475528],[-121.222360558799,38.7183669702802],[-121.222361435392,38.7184407469243],[-121.22236151663,38.7184477497193],[-121.222366282282,38.7184478640473],[-121.222374482055,38.7184480563168],[-121.222375229282,38.7185080060811],[-121.222376083997,38.7185837871434],[-121.222376849738,38.7186484601178],[-121.22237745315,38.7186991137732],[-121.222380339575,38.7189434841958],[-121.222381493147,38.7190400406015],[-121.222382068885,38.7190884149063],[-121.222382621571,38.7191356906644],[-121.22238479052,38.7193141802009],[-121.222385541302,38.7193786196636],[-121.222386171656,38.7194316213105],[-121.222386666158,38.7194729928197],[-121.222386889532,38.7194926555365],[-121.222389006079,38.7196711309877],[-121.222390797643,38.7198232016576],[-121.222391105112,38.7198496063194],[-121.22239135469,38.7198700792755],[-121.22239254358,38.7199714276478],[-121.22239322168,38.7200280817665],[-121.22239605435,38.7202677561816],[-121.222396069905,38.7202695411729],[-121.222780083967,38.7202786364758],[-121.223003497854,38.7202839363567],[-121.223503012445,38.7202957662355],[-121.223547849368,38.7202968352372],[-121.224140875296,38.7203108809223],[-121.224901229851,38.7203288975854],[-121.22525812147,38.7203373503618],[-121.225368120322,38.7203399522374],[-121.225475718617,38.7203425105206],[-121.225625210525,38.7203460486032],[-121.225642977143,38.7203464692632],[-121.226081297072,38.7203562456555],[-121.226081358979,38.720365060662],[-121.226081593621,38.7204015151021],[-121.226081588248,38.7204020093425],[-121.226081605153,38.7204052909005],[-121.226082489171,38.7205464538613],[-121.226083030318,38.7206337109614],[-121.22608319747,38.7206602519657],[-121.226083325589,38.7206807103656],[-121.226083488861,38.7207076083212],[-121.226083707944,38.7207406576425],[-121.226083815726,38.7207581502491],[-121.226084523433,38.7208720032676],[-121.22608493216,38.7209359735792],[-121.226085157788,38.7209716453538],[-121.226086118693,38.7211250833493],[-121.226086327331,38.7211590936927],[-121.226086599284,38.7212034018802],[-121.226087426253,38.7213369169015],[-121.226087665293,38.7213745795996],[-121.226087906187,38.7214136839489],[-121.226088512092,38.7215094952011],[-121.226089140873,38.7216080388545],[-121.226089189373,38.721614862936],[-121.226089333654,38.7216386715369],[-121.226090423596,38.721812485551],[-121.226090624265,38.7218456171266],[-121.226090809458,38.7218737234573],[-121.226090833292,38.7218779798837],[-121.226091125439,38.7219252675911],[-121.226081939232,38.7223833591644],[-121.226081899406,38.7223837982553],[-121.226081817366,38.7223848960995],[-121.226081687865,38.7223903597336],[-121.22608175052,38.7223991060945],[-121.225484301299,38.722404990457],[-121.225483759616,38.7224032294137],[-121.225483533383,38.7224014704766],[-121.225483202299,38.7223996833797],[-121.225482835568,38.7223979509643],[-121.225482468836,38.722396218549],[-121.225482032303,38.7223944582078],[-121.225481595471,38.7223927253244],[-121.22548108824,38.7223910194307],[-121.225480545959,38.722389313303],[-121.225479969226,38.7223875520258],[-121.225479391895,38.7223858456641],[-121.225478744464,38.7223841388343],[-121.225478061982,38.7223824317705],[-121.225477309102,38.7223807516965],[-121.225476762341,38.7223794574358],[-121.225476626322,38.7223790720905],[-121.225476075976,38.7223781073234],[-121.225475922134,38.722377749319],[-121.225475768292,38.7223773913145],[-121.225474979764,38.722375765922],[-121.225474086086,38.7223741398275],[-121.225473228354,38.7223724315936],[-121.225472264278,38.7223708324888],[-121.225471334952,38.7223692610758],[-121.225470300775,38.722367661503],[-121.2254692663,38.7223660893879],[-121.225468231824,38.7223645172729],[-121.225467056849,38.7223629716795],[-121.225465987025,38.7223614267882],[-121.225464811751,38.7223599086526],[-121.225463636179,38.7223584179748],[-121.225462390806,38.7223568993711],[-121.225461145133,38.7223554082252],[-121.225459829062,38.722353944069],[-121.225458477344,38.7223525345944],[-121.225457160675,38.7223511253538],[-121.225455773907,38.7223497156451],[-121.22545435149,38.722348360618],[-121.225452894323,38.7223469778991],[-121.225451471907,38.7223456228719],[-121.225449908992,38.7223442943664],[-121.225448380529,38.7223430210105],[-121.225446852366,38.7223417201968],[-121.225445253504,38.7223404738307],[-121.225443654643,38.7223392274644],[-121.225442020134,38.7223380357797],[-121.225440350576,38.722336843861],[-121.225438645668,38.722335679166],[-121.22543694076,38.722334514471],[-121.225435200504,38.7223333769997],[-121.2254334246,38.72233229421],[-121.225431648398,38.722331238878],[-121.225429872494,38.7223301560882],[-121.225428060943,38.72232912798],[-121.225426178395,38.7223281817769],[-121.225424331495,38.7223271808924],[-121.225422448947,38.7223262346893],[-121.225420565802,38.7223253434019],[-121.225418612856,38.7223244241885],[-121.225416694362,38.7223235601247],[-121.22541470547,38.7223227230506],[-121.225412751328,38.7223219136683],[-121.225410762137,38.7223211040519],[-121.225408737298,38.7223203491171],[-121.225406711862,38.7223196490978],[-121.225404651674,38.7223189213866],[-121.225402590889,38.722318248591],[-121.225400530104,38.7223175757954],[-121.225398468124,38.7223170128308],[-121.225396371691,38.7223163947167],[-121.225394239611,38.722315831284],[-121.225392106933,38.7223153227669],[-121.225390044356,38.7223148147178],[-121.225387876031,38.7223143608822],[-121.225385742457,38.7223139347383],[-121.225383573833,38.7223135083604],[-121.22538140491,38.7223131094402],[-121.22537923539,38.7223127654356],[-121.225377100323,38.7223124765806],[-121.225374895155,38.7223121872574],[-121.225372724738,38.722311925626],[-121.225370518973,38.7223116912184],[-121.225368312909,38.7223114842685],[-121.225366141298,38.7223113324682],[-121.225363969387,38.7223112081257],[-121.225361727078,38.7223111107728],[-121.225357592363,38.722310973323],[-121.225144677443,38.7223082332608],[-121.225051610945,38.7223019548588],[-121.224958389913,38.7222969934196],[-121.224864978397,38.722293431082],[-121.224803789786,38.7222922121386],[-121.224723746929,38.7222906200189],[-121.22430880528,38.7222027207624],[-121.224000080926,38.7221591916767],[-121.22398464647,38.7221570152125],[-121.2238407665,38.7221367346549],[-121.222906568747,38.7220447233554],[-121.22286272548,38.7220408324108],[-121.222818736023,38.7220374896662],[-121.222774704625,38.7220347781992],[-121.222730631585,38.722032670552],[-121.222686446803,38.7220311662549],[-121.222642255426,38.7220302660123],[-121.222598057754,38.7220299423664],[-121.222553852886,38.7220302776907],[-121.22250964172,38.7220311896116],[-121.222465459005,38.722032705822],[-121.22242126939,38.7220348535447],[-121.222377108825,38.7220375506414],[-121.222333081557,38.7220408801902],[-121.222319187082,38.7220421325728],[-121.222329370022,38.7221399851842],[-121.222341294694,38.7238962290311],[-121.222341367196,38.7239072408955],[-121.225438814564,38.7239294052907],[-121.225576651415,38.7239303941835],[-121.225579805995,38.7239304152426],[-121.225621901807,38.7239307237138],[-121.225866900236,38.7239636493299],[-121.225997336209,38.7239811877754],[-121.226042839256,38.7239872991121],[-121.226001188477,38.7244006479841],[-121.226000926833,38.7248889773345],[-121.2259870699,38.7253993485484],[-121.225986745308,38.7254114698774],[-121.225986069792,38.7254365224234],[-121.225983697838,38.725524103309],[-121.225982854171,38.7255549487474],[-121.225979134452,38.7256923326877],[-121.225977411521,38.7257556846431],[-121.225976247583,38.7257982532718],[-121.225974811266,38.7258513646398],[-121.22597384763,38.7258867950609],[-121.225970506132,38.7260248542866],[-121.225966810827,38.7262470341954],[-121.225966914587,38.7262616709519],[-121.225974128986,38.7266975332943],[-121.225981255749,38.7271269557202],[-121.225981659765,38.7271510543738],[-121.225988026204,38.7275359594093],[-121.226021660426,38.7275360739676],[-121.226025323578,38.7275360846765],[-121.226025189585,38.7275419601756],[-121.226024920884,38.7275779581551],[-121.22602468771,38.7276106886577],[-121.226024448502,38.7276423619184],[-121.226024337481,38.7276574091373],[-121.226024185833,38.7276794171394],[-121.226025031443,38.7277144889203],[-121.226025223945,38.7277225771098],[-121.226031843,38.7280004455916],[-121.226033410022,38.7280658927006],[-121.226052369227,38.7281873364888],[-121.226073917379,38.72832538325],[-121.226090762966,38.7284332752581],[-121.226104822821,38.7285233272835],[-121.226052945358,38.7285228713715],[-121.226082383138,38.7289815636694],[-121.226168156353,38.7289823554999],[-121.226203534728,38.7291784346055],[-121.226236697356,38.7293364945875],[-121.226254561434,38.7294216841192],[-121.226439893197,38.7294226042295],[-121.227902776496,38.7294298915253],[-121.227944035475,38.7294300837238],[-121.227972920237,38.7294302210231],[-121.228114714579,38.7294309311066],[-121.228305549805,38.7294318848525],[-121.228325600912,38.7294319770348],[-121.228437353878,38.729432528089],[-121.228444925605,38.7294325647151],[-121.228447764946,38.729432583598],[-121.228450464074,38.7294326015484],[-121.228453198255,38.7294326197319],[-121.228455932436,38.7294326379153],[-121.228458666617,38.7294326560987],[-121.228461400798,38.7294326742819],[-121.228464134979,38.7294326924652],[-121.228466869159,38.7294327106483],[-121.228469638394,38.7294327290645],[-121.228472372575,38.7294327472475],[-121.22847514181,38.7294327656636],[-121.228477911044,38.7294327840796],[-121.228480645523,38.7294327748046],[-121.228483379704,38.7294327929874],[-121.228486148938,38.7294328114032],[-121.228488883119,38.7294328295858],[-121.228491652354,38.7294328480015],[-121.228494351779,38.729432838493],[-121.22849708596,38.7294328566755],[-121.228499820141,38.7294328748578],[-121.228502554322,38.7294328930402],[-121.22885274592,38.7294346583566],[-121.229708927904,38.7294389457652],[-121.229879694535,38.7294398048621],[-121.230581725553,38.7294433233221],[-121.230582041035,38.7294433254144],[-121.230582321464,38.7294433272742],[-121.230679036019,38.729443817622],[-121.230853220253,38.7294447116786],[-121.231963159053,38.7294503487229],[-121.232067673058,38.7294508895463],[-121.233468088688,38.7294579952122],[-121.234882946697,38.7294651792206],[-121.235222026164,38.7294668932145],[-121.235221908992,38.7294533273239],[-121.235221612852,38.7294221585513],[-121.235221489484,38.7294091692746],[-121.23522063971,38.7293120659836],[-121.235217922644,38.7290021098277],[-121.235217902219,38.7289991165798],[-121.235215889255,38.7287688258079],[-121.235213954342,38.7285492173919],[-121.235213977769,38.7285486683512],[-121.235213895896,38.7285383429435],[-121.235211363283,38.7282471155412],[-121.23521014638,38.7281026142837],[-121.235209720649,38.7280525111523],[-121.235209014424,38.7279697839812],[-121.235206469792,38.7277237277885],[-121.235206785267,38.7277237298682],[-121.235208712875,38.7277237700354],[-121.235207663771,38.7275864917953],[-121.235206051641,38.7275864537078],[-121.235205736166,38.727586451628],[-121.235205717633,38.7275849137595],[-121.235205670295,38.7275795313351],[-121.235203635495,38.727338229035],[-121.235201824227,38.7271185390341],[-121.235201398349,38.7269770910139],[-121.235200713596,38.7267504336558],[-121.235198379798,38.726522282596],[-121.235196454036,38.7263360927348],[-121.235193513008,38.7260551600078],[-121.235191432108,38.7258556785942],[-121.235191335787,38.7258466986177],[-121.235190977157,38.725801772086],[-121.235190704793,38.7257683929521],[-121.235190095082,38.7256946320166],[-121.23518976334,38.7256537285167],[-121.23518572953,38.725158025782],[-121.235184472529,38.725004215372],[-121.235180449432,38.7244520554157],[-121.235180093631,38.7243970786256],[-121.235178387793,38.7241153851332],[-121.235177175795,38.7238953969799],[-121.235176033907,38.7236754092858],[-121.235174962421,38.723455394593],[-121.235173925993,38.7232353801283],[-121.235173495784,38.7231383894034],[-121.235172960504,38.7230185514609],[-121.235172960263,38.7230153112071],[-121.235172746661,38.7229650446992],[-121.235172029401,38.7227887345484],[-121.235170636994,38.7224550342973],[-121.235170030686,38.7223026560586],[-121.235170041306,38.722301667577],[-121.235228261058,38.7221485513234],[-121.235250733752,38.7220894413014],[-121.235380242946,38.7220903499384],[-121.235981734132,38.7220945052581],[-121.236259189015,38.7220964284091],[-121.236868197355,38.7221007384623],[-121.23718114014,38.7221029203214],[-121.237182717244,38.7221029444221],[-121.238940747561,38.7221153291596],[-121.23902821448,38.7221159441596],[-121.239095703027,38.7221164143203],[-121.239206057475,38.7221171930412],[-121.239543114389,38.722119567865],[-121.239735345297,38.7221209239839],[-121.23981471567,38.722121485327],[-121.239815281088,38.7221768616274],[-121.239815349455,38.7221835897153],[-121.239815510616,38.7221996821875],[-121.240309471385,38.7222029181302],[-121.240366515392,38.7222032916907],[-121.240635464523,38.7219313749383],[-121.240710656546,38.7218553505272],[-121.241260258409,38.7212996738533],[-121.241314631702,38.7212446980829],[-121.241320655536,38.7212386002259],[-121.241351376674,38.7212075382179],[-121.241382097932,38.7211764624728],[-121.241479912797,38.7210775605131],[-121.24154948668,38.7210072241878],[-121.241619060572,38.7209368740916],[-121.241635625785,38.7209201221012],[-121.241685657856,38.7208695387984],[-121.241686969016,38.7208682018417],[-121.241956386342,38.7205958045855],[-121.242085256586,38.7204655126158],[-121.242104042117,38.7204459604419],[-121.242108226887,38.7204413882749],[-121.242112429181,38.7204368162223],[-121.242116579192,38.7204322163681],[-121.242120676775,38.7204276024415],[-121.242128785048,38.7204183053706],[-121.242131606682,38.7204150149052],[-121.242132795592,38.7204136359553],[-121.242140428943,38.7204045005393],[-121.242153340025,38.7203885483952],[-121.242157480544,38.7203831933344],[-121.242166741071,38.7203710205149],[-121.242169781326,38.7203669488739],[-121.242170634783,38.72036580114],[-121.242177731877,38.7203560031842],[-121.242185472714,38.7203450012044],[-121.242219945114,38.7202907462562],[-121.242235705881,38.7202622773422],[-121.242237011769,38.7202597870355],[-121.242243097252,38.7202478817964],[-121.242246696844,38.7202406559358],[-121.242250173909,38.7202334155449],[-121.24225361607,38.720226161196],[-121.242256954107,38.7202188100577],[-121.242257026104,38.7202186320396],[-121.242275266658,38.7201745272606],[-121.242277432581,38.7201686238321],[-121.242281659571,38.7201567888304],[-121.242283106685,38.7201525557514],[-121.242285676704,38.7201449112682],[-121.242290955046,38.7201281541082],[-121.242291300432,38.7201269893248],[-121.242293081397,38.720121028462],[-121.242296250773,38.7201097632063],[-121.242296451287,38.7201090368326],[-121.242298057591,38.7201030199094],[-121.242301039602,38.7200912454243],[-121.242301112622,38.7200909713037],[-121.242303975321,38.7200788802521],[-121.242313574879,38.7200272089076],[-121.24231923974,38.7199751820946],[-121.242320956074,38.7199291844908],[-121.242320961059,38.7199254225374],[-121.242320960493,38.7199221822829],[-121.242320880787,38.7199164975937],[-121.242320413559,38.7198994694956],[-121.242319899421,38.7198884959664],[-121.242315331794,38.7198384756529],[-121.242307049282,38.7197884036142],[-121.242301514481,38.7197617452316],[-121.242296263573,38.7197364067711],[-121.242267572682,38.7195982203727],[-121.242267272585,38.7195967767753],[-121.242210309081,38.7193223014069],[-121.242185219933,38.7192014106967],[-121.242155629781,38.7190588385577],[-121.242149611442,38.7190298703874],[-121.242143593108,38.7190009022168],[-121.242138158314,38.7189747387532],[-121.242063513371,38.7187759229667],[-121.242046266769,38.7187299799443],[-121.24204338674,38.7187222998539],[-121.242042585758,38.718720166489],[-121.24204074518,38.7187152666259],[-121.242028321577,38.7186821650908],[-121.242024103638,38.7186684625712],[-121.242023344283,38.7186657116337],[-121.242023125824,38.7186648314941],[-121.242022655172,38.7186629474254],[-121.242022588291,38.7186626449311],[-121.24202196606,38.7186601832171],[-121.242021347191,38.7186574057379],[-121.242020746578,38.7186545597286],[-121.242020696929,38.7186542848066],[-121.242020146549,38.7186516588036],[-121.242020063605,38.7186512189055],[-121.242019518195,38.7186481261191],[-121.242019335515,38.7186471775639],[-121.242018938321,38.718644978188],[-121.242018497764,38.7186419135465],[-121.242018057645,38.7186388077183],[-121.242018009312,38.718638409236],[-121.242017017384,38.7186295195236],[-121.242016787555,38.7186264150694],[-121.242016410549,38.7186206735171],[-121.242016396094,38.7186203850952],[-121.242016303828,38.7186175286778],[-121.242016211854,38.7186146448025],[-121.24201618983,38.7186117751142],[-121.242016193046,38.7186114730779],[-121.242016444342,38.7185993924279],[-121.242016490207,38.7185983767166],[-121.242017003295,38.7185913366422],[-121.242017180014,38.7185895529129],[-121.242017859865,38.7185833102612],[-121.242018220742,38.7185806902126],[-121.242018428271,38.7185793048511],[-121.2420190142,38.7185752995557],[-121.242019646709,38.7185718574895],[-121.242021312605,38.7185635343396],[-121.242022195568,38.7185596133643],[-121.242023183529,38.718555706805],[-121.242023549067,38.7185542950162],[-121.2420253344,38.7185479222893],[-121.242026514688,38.7185440581763],[-121.242031970683,38.7185287163651],[-121.242033518392,38.7185249095725],[-121.242033806233,38.7185242112296],[-121.242035118236,38.7185211443101],[-121.242036805699,38.7185173796202],[-121.242037972101,38.7185148197548],[-121.242039279864,38.718512150974],[-121.242040587482,38.7185094959221],[-121.242041590173,38.7185074979119],[-121.24204169751,38.7185072926651],[-121.242044004749,38.7185029279103],[-121.242046006185,38.7184993025707],[-121.24204641684,38.7184985913004],[-121.242048024121,38.718495773448],[-121.242049790873,38.718492791879],[-121.242056937753,38.7184815938084],[-121.242058504285,38.7184793111548],[-121.242062401409,38.7184737622889],[-121.242065263425,38.7184699640836],[-121.242068195683,38.7184661526073],[-121.242070575778,38.7184631750457],[-121.242077942851,38.7184543399515],[-121.242080797997,38.7184511870053],[-121.242082624612,38.7184491669184],[-121.242085797529,38.7184457963702],[-121.242095664861,38.7184358654913],[-121.242098833393,38.7184329068105],[-121.242102001778,38.7184299618585],[-121.242104690728,38.7184276041587],[-121.242107344336,38.7184252736876],[-121.24210768051,38.7184249738268],[-121.242110174209,38.718422848259],[-121.242112808832,38.7184206549626],[-121.242115443308,38.718418475395],[-121.242138335349,38.7183999935178],[-121.242160255077,38.7183823016167],[-121.242247951696,38.7183115066273],[-121.242380459832,38.7182045239786],[-121.242391387102,38.7182053230319],[-121.24254079707,38.7182161980189],[-121.24262683218,38.7182224576964],[-121.242643026167,38.7182240462569],[-121.242651449838,38.7182246092613],[-121.242715319507,38.7182288431584],[-121.242854074352,38.7182380555129],[-121.242926326541,38.7182434286689],[-121.24344578564,38.718282103634],[-121.244150524592,38.7183288623915],[-121.244347965758,38.718341970197],[-121.244493936447,38.7183516532201],[-121.244493877799,38.7183423165234],[-121.244931592776,38.7183767453171],[-121.24540749917,38.7184141668833],[-121.24582907015,38.7184473202231],[-121.245959315134,38.7184575581893],[-121.246132023609,38.7184711474797],[-121.246217846728,38.7184776227899],[-121.246644441115,38.7185097897944],[-121.246871213335,38.718526900693],[-121.247098003189,38.718544011262],[-121.247251420504,38.7185555789461],[-121.247324775772,38.718561107545],[-121.247551548319,38.7185782171135],[-121.247715385115,38.7185905657247],[-121.24777832112,38.7185953125098],[-121.24813670985,38.71862233608],[-121.248170909621,38.7186249192863],[-121.248207998853,38.7186277134277],[-121.248239659508,38.7186301016691],[-121.248478253233,38.7186430709638],[-121.248516244045,38.7186451294346],[-121.249002504678,38.7186715644919],[-121.249037563624,38.7186741118153],[-121.24906528515,38.7186761173526],[-121.249125123594,38.7186804589167],[-121.24915837886,38.7186828709591],[-121.249322921486,38.7186948099692],[-121.249352902057,38.7186969810856],[-121.249838124611,38.7187321793034],[-121.250179521506,38.718756931075],[-121.250336796986,38.7187683411235],[-121.250529692055,38.7187823289123],[-121.250914887029,38.7188102584932],[-121.251283270596,38.7188369798942],[-121.251571519386,38.7188578696559],[-121.251618574391,38.7188612761995],[-121.251627820693,38.7188619536974],[-121.252094062338,38.7188957705872],[-121.252314907478,38.7189117754119],[-121.252718263827,38.7189410242842],[-121.252897307793,38.7189539989965],[-121.253006163118,38.7189618944941],[-121.25316261644,38.7189732404913],[-121.253345233072,38.718986470921],[-121.253791740156,38.7190188496107],[-121.253799918382,38.7190194376851],[-121.253800233531,38.7190194671721],[-121.25381359549,38.7190204181085],[-121.253957690018,38.7190304341125],[-121.253993451008,38.7190329158016],[-121.254053449497,38.7190370910905],[-121.254146932274,38.7190435960518],[-121.254184321885,38.7190461979927],[-121.254199628044,38.7190472574938],[-121.254206212861,38.719047711726],[-121.25434626212,38.7190574403707],[-121.254397574354,38.7190610104499],[-121.254421881965,38.7190627044343],[-121.254632735142,38.7190773637385],[-121.254654678565,38.719078891454],[-121.254678040595,38.7190805106595],[-121.254856933299,38.7190929321761],[-121.254884796065,38.7190948685785],[-121.254897983097,38.7190957908064],[-121.255083337892,38.7191086791075],[-121.255109817113,38.7191105241917],[-121.255131900751,38.7191120527172],[-121.255321353733,38.7191252140909],[-121.255329339504,38.7191257733621],[-121.255340144965,38.7191265154923],[-121.255365818655,38.7191283004274],[-121.25544569433,38.7191338520096],[-121.255543152797,38.7191406285001],[-121.255577250092,38.7191430029139],[-121.255585761309,38.7191435929991],[-121.255753989054,38.7191552719247],[-121.255795231549,38.7191581452032],[-121.255830152073,38.7191605660136],[-121.255991357094,38.7191717739153],[-121.256016768096,38.7191735432914],[-121.256050094927,38.719175857705],[-121.256208112884,38.7191868251871],[-121.256243296015,38.7191892750165],[-121.256294485912,38.7191928297412],[-121.256434938516,38.7192025859061],[-121.25646241612,38.7192044920003],[-121.256528404204,38.7192090888359],[-121.256673620336,38.7192191772992],[-121.256686702412,38.7192200849209],[-121.256708383202,38.7192215968346],[-121.256748364881,38.7192243793155],[-121.256783478095,38.7192268148031],[-121.256901777163,38.7192350280136],[-121.256933913113,38.7192372658947],[-121.2569927562,38.7192413498805],[-121.25712949627,38.7192508480156],[-121.257158935348,38.7192528900749],[-121.257226657286,38.7192576074548],[-121.257372539112,38.7192677404942],[-121.257379736892,38.7192682396598],[-121.257596965997,38.7192833325523],[-121.25761587984,38.7192846480991],[-121.257621186282,38.7192850115766],[-121.257809711966,38.7192981080261],[-121.25783060478,38.7192995597686],[-121.257850254225,38.7193009211732],[-121.258032720429,38.7193136077853],[-121.258054156221,38.7193150904203],[-121.258076992961,38.7193166781206],[-121.258139496338,38.7193210183426],[-121.258218181504,38.7193264917498],[-121.258291525327,38.719331587704],[-121.258312225536,38.7193330243982],[-121.258448773189,38.7193425197455],[-121.258476758822,38.7193444560693],[-121.258516828261,38.7193472385008],[-121.258539332345,38.7193487965239],[-121.258672237421,38.7193580349169],[-121.258895123874,38.7193735047763],[-121.258916629657,38.7193750014286],[-121.259161004342,38.7193919810424],[-121.259393102549,38.7194081128888],[-121.259405396669,38.7194089602533],[-121.259466113863,38.7194131785166],[-121.259468775856,38.719413360269],[-121.259548336874,38.7194188932834],[-121.259669000801,38.7194272697916],[-121.259678457832,38.719427920532],[-121.259799664618,38.7194363415584],[-121.259939575211,38.7194460625553],[-121.260522615453,38.7194865493786],[-121.260697184376,38.7194986734444],[-121.260826027057,38.7195076226078],[-121.260891980798,38.7195122030086],[-121.260959037872,38.7195168590507],[-121.261111347946,38.7195274402317],[-121.261201627181,38.7195337131456],[-121.261203431056,38.7195338344733],[-121.261482727741,38.7195532283783],[-121.261831866301,38.7195774733575],[-121.262011829637,38.719589973016],[-121.262141933554,38.7195990111188],[-121.262180987574,38.7196017171744],[-121.262552262998,38.719627501228],[-121.262568672734,38.7196286352883],[-121.263070245315,38.7196617676155],[-121.263297414614,38.7196767756674],[-121.263437120977,38.7196859968682],[-121.263442059891,38.7196863165557],[-121.263541905047,38.7196929229828],[-121.263565530916,38.7196944871515],[-121.263768916825,38.7197079291101],[-121.263811369861,38.7197107385683],[-121.263846519741,38.7197130623086],[-121.263995946365,38.7197229211754],[-121.264222958334,38.7197379264141],[-121.26444997054,38.7197529174796],[-121.264677000367,38.7197679082118],[-121.264854659107,38.719779647433],[-121.26486965085,38.7197806348823],[-121.264886551486,38.7197817579954],[-121.264886724458,38.719795557589],[-121.264886945307,38.7198149043445],[-121.264890495241,38.7201126860538],[-121.264890939831,38.7201494024842],[-121.264891763416,38.7202190043018],[-121.264892138495,38.7202505715986],[-121.264896155022,38.7205880355155],[-121.264896498369,38.7206175843229],[-121.264896937437,38.7206548361813],[-121.264900171729,38.7209254856962],[-121.264901538294,38.7210409486403],[-121.264901803591,38.7210627807783],[-121.264902669228,38.7211351013678],[-121.264903274335,38.7211868255358],[-121.26490405974,38.7212533378912],[-121.264905336125,38.7213605623532],[-121.264905403229,38.7213659448784],[-121.264907185659,38.7215158174501],[-121.264907655623,38.7215551701687],[-121.264909322033,38.7216959116554],[-121.264910861468,38.7218251879146],[-121.264912169751,38.7219344171324],[-121.264912571056,38.7219685383433],[-121.264914934983,38.7221673340356],[-121.26491615544,38.7222697938804],[-121.26491619492,38.7222727597773],[-121.264930041873,38.7222726415734],[-121.265094907028,38.7222713520715],[-121.265121040773,38.7222711469254],[-121.265153607221,38.7222708864139],[-121.265187698494,38.7222706218222],[-121.265377856179,38.7222691214228],[-121.265508349646,38.722268094205],[-121.265646099633,38.722267002939],[-121.265685203787,38.7222667012857],[-121.265996460037,38.7222642501468],[-121.266086674871,38.7222635440647],[-121.266125374105,38.7222634181892],[-121.266175202907,38.722263252867],[-121.26656401827,38.7222619635727],[-121.266625625066,38.7222617626846],[-121.266652546302,38.7222616720108],[-121.267124018062,38.7222601207445],[-121.26712678731,38.7222601107801],[-121.267147714396,38.7222600370414],[-121.267232351428,38.7222597616451],[-121.267232186478,38.7222485433213],[-121.267228742757,38.7220109952794],[-121.267228335544,38.7219824483627],[-121.267226348533,38.7218451648361],[-121.267224514887,38.7217185229059],[-121.267224104851,38.7216902505677],[-121.267223737783,38.7216646146308],[-121.267222281954,38.7215642677366],[-121.267220458923,38.7214382986334],[-121.267220325072,38.7214291674417],[-121.267219591508,38.7213778406513],[-121.267218635898,38.7213123295293],[-121.26721681288,38.7211863604241],[-121.267215697418,38.7211091367344],[-121.267215345905,38.7210853956133],[-121.267214990009,38.721060377589],[-121.267213167004,38.7209344084818],[-121.267212027523,38.7208561137112],[-121.26721132648,38.7208084392629],[-121.267210968467,38.7207836271724],[-121.267209503629,38.7206824564248],[-121.26720826437,38.7205968292856],[-121.267207680642,38.7205564873146],[-121.26720718822,38.7205225989473],[-121.267205693711,38.7204192037756],[-121.267202558423,38.7202027878849],[-121.267198720571,38.7199371460579],[-121.267202923914,38.7199374197487],[-121.267237549552,38.7199396155798],[-121.2672562372,38.719940804555],[-121.267370832645,38.7199480912386],[-121.267708068474,38.719969566011],[-121.267917678573,38.7199829026794],[-121.268088161933,38.7199937541364],[-121.268258645344,38.7200046053429],[-121.268429128807,38.7200154562987],[-121.268599612322,38.7200263070041],[-121.268770095889,38.7200371574588],[-121.268858245076,38.7200427656755],[-121.268877142931,38.720043969444],[-121.268940579508,38.720048007663],[-121.268971632218,38.7200499882404],[-121.269111063178,38.7200588576166],[-121.269281547042,38.7200696935908],[-121.269452030817,38.7200805430434],[-121.269622514644,38.7200913922453],[-121.269792998522,38.7201022411967],[-121.270092247388,38.7201212868535],[-121.27034595938,38.7201374229139],[-121.270359130125,38.7201382609001],[-121.270671129737,38.7201581129448],[-121.270671193394,38.7201621636481],[-121.270674255061,38.7203799519004],[-121.27067468978,38.7204110801821],[-121.270674925479,38.7204274201742],[-121.270677408226,38.7206042074797],[-121.270678197104,38.7206606420833],[-121.270678736329,38.7206986771312],[-121.270679223513,38.7207332382022],[-121.270680495502,38.720824632016],[-121.270680880154,38.7208520941147],[-121.270681435725,38.7208919553336],[-121.270682747073,38.7209846399988],[-121.27068275644,38.7209854363885],[-121.270684085964,38.7210797687482],[-121.270684808577,38.7211306972677],[-121.270686205929,38.7212303846905],[-121.270686559388,38.7212557596567],[-121.270687079043,38.7212922842977],[-121.270688810143,38.7214158500089],[-121.270689167824,38.7214408131062],[-121.27069047652,38.7215337586184],[-121.270690541389,38.7215394019903],[-121.270690615401,38.7215441529801],[-121.270690696249,38.7215499474807],[-121.270691202743,38.7215860464132],[-121.270691351555,38.7215971822486],[-121.270691960446,38.7216403938816],[-121.270692042138,38.7216461060084],[-121.270692290167,38.7216629540808],[-121.270692333122,38.7216656042099],[-121.270693243578,38.7217307031027],[-121.270694021285,38.7217865197892],[-121.270695755362,38.7219097971885],[-121.270696010791,38.7219276338556],[-121.270697588325,38.7219276163138],[-121.27190437793,38.721916442088],[-121.272101688385,38.7219146185923],[-121.272173850401,38.7219139455279],[-121.272182964966,38.7220235668167],[-121.272191585841,38.7222140537475],[-121.272191684796,38.7222163747109],[-121.27221678424,38.7222161889369],[-121.272270926834,38.7222157871937],[-121.272343999056,38.7222152570299],[-121.272432092526,38.7222146013564],[-121.272462064646,38.7222143774413],[-121.272477804425,38.722214256478],[-121.272498679759,38.7222140990706],[-121.272740665012,38.7222123075103],[-121.272921864675,38.722210971993],[-121.272953186364,38.72221074268],[-121.273003542969,38.7222103717856],[-121.2732550983,38.7222085018296],[-121.273266421052,38.7222084217364],[-121.273365994984,38.7222076862474],[-121.273404660806,38.7222073929765],[-121.273529299121,38.7222064710914],[-121.27379215965,38.722204519741],[-121.27382288534,38.722204300192],[-121.273832648218,38.7222042240085],[-121.273872505882,38.7222039243127],[-121.27405503769,38.7222025679047],[-121.27413680359,38.7222019674478],[-121.274317915575,38.7222006292017],[-121.274410198067,38.722199943312],[-121.27446800394,38.7221995085377],[-121.274580776061,38.7221986760644],[-121.274843654058,38.722196722441],[-121.274963980603,38.7221958269804],[-121.27510653204,38.7221947682219],[-121.275229172171,38.7221938594839],[-121.275462989475,38.7221921210521],[-121.275566822518,38.7221913553566],[-121.275638229666,38.7221908264496],[-121.275904613181,38.7221888373926],[-121.276145143401,38.722187057109],[-121.2761499635,38.722187018537],[-121.276395313805,38.7221851991624],[-121.276655369744,38.7221832650202],[-121.276723464215,38.7221827559784],[-121.276853693785,38.7221817830042],[-121.276913830745,38.7221813340832],[-121.277174149532,38.7221794004167],[-121.277262190338,38.7221787407476],[-121.277434468305,38.722177466166],[-121.277694769538,38.722175531222],[-121.277880105632,38.7221741450679],[-121.277955088421,38.722173582074],[-121.278215407151,38.7221716460709],[-121.278475725867,38.7221697094836],[-121.278736027044,38.7221677722032],[-121.278988055251,38.7221658927575],[-121.278998203669,38.7221658185358],[-121.27903674663,38.7221655363542],[-121.279179613536,38.7221644608222],[-121.27931589003,38.7221634402796],[-121.279541469091,38.7221617660157],[-121.279613822674,38.7221612268101],[-121.279876682868,38.7221592616727],[-121.280157088025,38.7221571714071],[-121.280193387488,38.7221569023791],[-121.280215524732,38.7221567376837],[-121.280359898899,38.7221556563209],[-121.280419965715,38.7221552051474],[-121.280473792765,38.722154797619],[-121.280700353315,38.7221531134599],[-121.280754180361,38.7221527058013],[-121.280771707811,38.722152581067],[-121.280963230975,38.7221511459691],[-121.281018565315,38.7221507338009],[-121.281231121489,38.722149140294],[-121.281246387923,38.7221490289381],[-121.281246947204,38.722416516878],[-121.281246958733,38.722424054624],[-121.281245314285,38.7224359070048],[-121.281276055245,38.722503620755],[-121.281283873196,38.7225208589345],[-121.281319140538,38.7225985411101],[-121.281332050958,38.722626959454],[-121.281332313816,38.7226495329161],[-121.28133232164,38.7226504940524],[-121.281335701377,38.7229320313364],[-121.28133671167,38.7230229290404],[-121.281341626463,38.7235048488958],[-121.281343859868,38.7237627912235],[-121.281345835525,38.7240775185048],[-121.28134617443,38.7241793684428],[-121.281347395376,38.7245549690809],[-121.281348630189,38.7249673931834],[-121.28134991408,38.7253749572218],[-121.281351233592,38.725782466551],[-121.281351311254,38.725799080118],[-121.28135132718,38.7258009749323],[-121.282004186391,38.7257964774484],[-121.282140696805,38.7257955373715],[-121.282263920853,38.7257946796915],[-121.282299834652,38.7257945998245],[-121.282310561389,38.7257945838069],[-121.282378672924,38.7257944559651],[-121.282380460714,38.7257944532944],[-121.282453777883,38.7257943164204],[-121.282463014772,38.7257943049034],[-121.282533071831,38.7257941752745],[-121.282536805143,38.7257941709037],[-121.282600569817,38.7257940572378],[-121.282615170213,38.7257940239571],[-121.282682966279,38.7257938939859],[-121.282683351851,38.72579389637],[-121.282781470233,38.7257937204214],[-121.282809636714,38.7257936748781],[-121.283035372208,38.7257932578605],[-121.283050883955,38.7257932301574],[-121.283065081114,38.7257932080579],[-121.283304558089,38.7257927655993],[-121.283305346759,38.7257927704716],[-121.283474170654,38.7257924678055],[-121.283531735131,38.7257919171675],[-121.28356363741,38.7257916199168],[-121.283723797678,38.7257900963485],[-121.283791265855,38.7257894557017],[-121.283797558653,38.7257893984429],[-121.283937613422,38.7257880662388],[-121.284070744315,38.7257868009751],[-121.284079701477,38.7257867189541],[-121.284151411629,38.725786035627],[-121.284153199556,38.7257860191999],[-121.284333184592,38.7257843287933],[-121.284352326011,38.7257841448201],[-121.284365227211,38.7257840184582],[-121.284579042919,38.7257819871664],[-121.28460903458,38.7257817053052],[-121.284619744616,38.7257816065922],[-121.284792841088,38.7257799553724],[-121.284876102647,38.7257791643248],[-121.284888740817,38.725779050013],[-121.285006656772,38.7257779232925],[-121.285031091864,38.7257776894545],[-121.285135861116,38.7257767012555],[-121.285146097949,38.725776599578],[-121.285400106909,38.725774196597],[-121.285407784533,38.7257741203214],[-121.285439213595,38.7257738196401],[-121.285449765895,38.7257737198789],[-121.285519547885,38.7257730512896],[-121.285529101065,38.7257729590976],[-121.285591994238,38.7257723578766],[-121.285596008103,38.7257723414053],[-121.28560401817,38.7257723220832],[-121.285650799583,38.7257721570743],[-121.285672919587,38.7257720736033],[-121.285681981351,38.7257720470219],[-121.285732198134,38.7257718756735],[-121.28575288073,38.7257718107969],[-121.285759926867,38.7257717855293],[-121.285786341151,38.725771687286],[-121.285811212873,38.7257716069999],[-121.285830020051,38.7257715442936],[-121.285840764585,38.7257715005995],[-121.285849738718,38.7257714734655],[-121.285855224904,38.7257714523189],[-121.28588710771,38.725771346527],[-121.285899377143,38.7257712984844],[-121.285959602229,38.725771092535],[-121.285970118787,38.7257710611556],[-121.286038020945,38.7257708337682],[-121.286050307904,38.7257707858175],[-121.286114055989,38.7257705740097],[-121.286129778317,38.7257705197312],[-121.286198136287,38.7257702813251],[-121.286203815259,38.7257702613482],[-121.286218555993,38.7257702147478],[-121.286275205363,38.7257700278234],[-121.286290331807,38.725769969857],[-121.286345105757,38.7257697850904],[-121.286361686996,38.7257697223343],[-121.28641705683,38.7257695411993],[-121.286435583591,38.7257694766699],[-121.286494511613,38.7257692761946],[-121.286502591921,38.7257692435127],[-121.286547865958,38.725769082601],[-121.286593981242,38.725768926845],[-121.286670279171,38.7257686683386],[-121.286687684131,38.725768610601],[-121.286701408357,38.725768557689],[-121.286853040284,38.7257680345592],[-121.28687666752,38.7257679601242],[-121.286881628201,38.7257679082391],[-121.286943644645,38.7257673420855],[-121.287033619445,38.7257665083739],[-121.287054618881,38.7257663079141],[-121.287207994947,38.7257648888714],[-121.287232131947,38.7257646664681],[-121.287363001198,38.7257634521804],[-121.287363004221,38.725763150143],[-121.287362870852,38.7257414562145],[-121.287362855244,38.7257377627981],[-121.287362562442,38.7256847227201],[-121.287362527653,38.7256776928406],[-121.287362333091,38.7256411016857],[-121.28736224523,38.7256253667767],[-121.287362210101,38.7256201217711],[-121.28736150804,38.725494160125],[-121.287360987683,38.7254008216377],[-121.287360868064,38.7253812559146],[-121.287360167244,38.7252551707058],[-121.287359634378,38.7251595804503],[-121.287359523281,38.7251391635307],[-121.287359123927,38.7250687545782],[-121.287358826594,38.7250161675541],[-121.28735829222,38.7249207283158],[-121.287358181399,38.7249002839379],[-121.287357576353,38.7247908947709],[-121.287356894109,38.7246699583528],[-121.28735680907,38.7246556925507],[-121.287356308593,38.7245656218768],[-121.287356171099,38.7245408387125],[-121.287543970056,38.7245391226966],[-121.287699727099,38.7245377039128],[-121.287842495677,38.7245363974031],[-121.287841794424,38.7244102710037],[-121.287841601983,38.7243769475575],[-121.287841388883,38.7243386812503],[-121.287840549919,38.7241895291012],[-121.287840373494,38.7241563567808],[-121.287839287646,38.7239635560263],[-121.287839087433,38.7239292577144],[-121.287839003864,38.723913083477],[-121.287985978002,38.723911733967],[-121.288014250948,38.7239114818709],[-121.288155160283,38.7239101910326],[-121.28857548671,38.7239063576824],[-121.288575461508,38.7239001104615],[-121.288574884467,38.7237965017297],[-121.288574828885,38.7237827715726],[-121.28857465911,38.7237559150109],[-121.288574517554,38.7237350036326],[-121.288573160337,38.7235323294898],[-121.288572934462,38.723497056206],[-121.288572220683,38.7233983619074],[-121.288572091996,38.7233709014851],[-121.288571730432,38.7233158838925],[-121.288571559424,38.7232891508907],[-121.288570659153,38.7231512430904],[-121.288570302082,38.7230975298572],[-121.288570066093,38.7230615151004],[-121.288569208792,38.7229315845852],[-121.288568849702,38.7228763198696],[-121.288568618892,38.7228415408276],[-121.288567957637,38.7227393457436],[-121.288567775966,38.7227119261846],[-121.288567245288,38.7226317407976],[-121.288567190561,38.7226231867858],[-121.288566325761,38.7224922539444],[-121.288565749653,38.7224043383905],[-121.288565529887,38.7223719621332],[-121.288564199712,38.7221683407813],[-121.288564168063,38.7221627388216],[-121.288564077435,38.7221490084481],[-121.288564024355,38.7221402896884],[-121.288563295974,38.7220272750918],[-121.288563267171,38.72202314224],[-121.288737275287,38.7220222871117],[-121.288746599722,38.7220222344447],[-121.288889742754,38.7220215330849],[-121.288984949502,38.7220210594766],[-121.289316315109,38.722019424174],[-121.28937538118,38.7220191269914],[-121.289386896385,38.7220190739636],[-121.289624965743,38.7220178959628],[-121.289654236311,38.7220177045001],[-121.289650421615,38.7215305609747],[-121.289720562751,38.7215356311467],[-121.28975273486,38.7215379562529],[-121.290246507401,38.7215736828454],[-121.290285176926,38.7215764869118],[-121.290448682169,38.7215883062341],[-121.290551283778,38.7215949199713],[-121.291149729466,38.7216334795983],[-121.291628672057,38.7216643454321],[-121.292704065678,38.7217336388731],[-121.293597394197,38.7217911869089],[-121.294262995235,38.7218340661059],[-121.294303997659,38.7218367045361],[-121.294900573319,38.7218751235734],[-121.296189305613,38.7219581204102],[-121.296473643665,38.7219764307994],[-121.298877947415,38.7221312098227],[-121.29919092393,38.7221513616662],[-121.299532730497,38.7221733617895],[-121.299560807198,38.7221751651694],[-121.2996305988,38.7221784835453],[-121.299666310653,38.7221809233781],[-121.299710114257,38.7221839063215],[-121.299711708098,38.7221840120519],[-121.299760818443,38.7221873702567],[-121.300583787359,38.7222434236788],[-121.300600828939,38.7222445836206],[-121.300651848529,38.7222480627973],[-121.300658679155,38.7222485296007],[-121.300886665107,38.722264045515],[-121.301114633498,38.7222795746046],[-121.301342619514,38.7222951033517],[-121.301563932583,38.7223101795798],[-121.301570605629,38.7223106316508],[-121.301781217382,38.7223249840028],[-121.301992932767,38.7223393975317],[-121.302027488928,38.7223417473039],[-121.302160634258,38.7223508136787],[-121.303025273971,38.7224096953594],[-121.303111550635,38.7224155683174],[-121.303239669467,38.7224243011999],[-121.303450124434,38.7224386221164],[-121.303660579352,38.7224529563802],[-121.303871034355,38.7224672902621],[-121.304020556289,38.7224774687778],[-121.304024724738,38.7224777546531],[-121.304277407678,38.722494949801],[-121.304489754579,38.7225094037439],[-121.304493870456,38.722509689287],[-121.30450238248,38.7225102757829],[-121.30471282043,38.7225245943036],[-121.304923275856,38.7225389262766],[-121.305138407788,38.7225535742052],[-121.305213983319,38.7225587224672],[-121.305387150366,38.7225705099234],[-121.306032459509,38.7226144356783],[-121.306206099741,38.7226262522006],[-121.307038939512,38.7226829366422],[-121.307211476655,38.7226946764192],[-121.308039273815,38.722751007769],[-121.308047453317,38.7227515508316],[-121.308185595152,38.7227606126258],[-121.308190184107,38.7227609145888],[-121.308720980662,38.7227957123047],[-121.308756676544,38.7227980531316],[-121.308828033265,38.7228027345435],[-121.308917833469,38.7228086241713],[-121.308946208055,38.7228104819704],[-121.30907669596,38.7228190440232],[-121.310948159619,38.7229417299241],[-121.313282926821,38.723094739753],[-121.313986236745,38.7231408180602],[-121.315009307743,38.7232078513468],[-121.315948972371,38.7232694136228],[-121.316950748385,38.7233350273232],[-121.31704321235,38.723341077365],[-121.317442581628,38.7233672353223],[-121.318216352897,38.7234041740443],[-121.318216431588,38.7234179180188],[-121.31821731805,38.7235266631035],[-121.318217470377,38.7235455287193],[-121.318218647747,38.7236897807291],[-121.318219964396,38.7238524314638],[-121.318222482612,38.7241622999773],[-121.318224294068,38.7243867513611],[-121.318229255437,38.724997865617],[-121.318229972433,38.7250858777257],[-121.318230030688,38.7250926056606],[-121.318231768607,38.7253082695393],[-121.318233931005,38.7255747772863],[-121.318234229197,38.7256113551735],[-121.318241155387,38.726463877914],[-121.318242611516,38.7266430875532],[-121.318244123016,38.7268293271626],[-121.3182451245,38.7269516928402],[-121.31825043082,38.7276055223627],[-121.318252725733,38.7278874905789],[-121.318253167967,38.727941972938],[-121.318253179222,38.727944458094],[-121.318253176723,38.7279447189451],[-121.318228727154,38.7279445752653],[-121.318140147854,38.727944054679],[-121.317916543841,38.7279427402427],[-121.317925168386,38.7291536200814],[-121.318236149589,38.7291534159782],[-121.318263002464,38.7291533952894],[-121.3182631991,38.7291786180456],[-121.318439672801,38.7291764558829],[-121.318770076799,38.7291723965452],[-121.318852274642,38.7291713826292],[-121.319013076654,38.7291694021773],[-121.319383150422,38.7291318948013],[-121.319385166405,38.729131865439],[-121.31944539909,38.7291311341332],[-121.319961584819,38.7291247835441],[-121.320063854261,38.7291235294469],[-121.320131081463,38.7291227014804],[-121.32016589585,38.7291222739244],[-121.320168096578,38.729356173537],[-121.320168238067,38.7293688881376],[-121.320168615899,38.7294045740365],[-121.320169853819,38.7295208862126],[-121.320180078386,38.7304820028668],[-121.320181162741,38.7305831976538],[-121.320181401277,38.7306077753465],[-121.320182569743,38.7307258582471],[-121.320187671418,38.7312414960515],[-121.32018814592,38.7312890862256],[-121.320190692158,38.7315492254249],[-121.320194123921,38.7319020183142],[-121.320194414398,38.7319321705968],[-121.320199001298,38.7324007808737],[-121.320200618595,38.7325654789658],[-121.320200642332,38.7325684996548],[-121.32020121862,38.7326274586722],[-121.320196059704,38.7336356604841],[-121.320291486995,38.7336356978463],[-121.322122080806,38.7336365086496],[-121.32212659922,38.7345811705768],[-121.322152791571,38.7400623420964],[-121.322152978815,38.7400997430646],[-121.320680160394,38.740118836391],[-121.318386740047,38.740148429609],[-121.318386785191,38.7401400547162],[-121.318392146891,38.739230557759],[-121.318392161617,38.7392290201116],[-121.318393831733,38.739047302712],[-121.31839563196,38.7388501675448],[-121.318395634721,38.7388498792359],[-121.318400362454,38.7383342306302],[-121.31840037731,38.7383326792535],[-121.318408338443,38.7374647300107],[-121.318408349224,38.737463604233],[-121.318408375255,38.7374608858915],[-121.318409549556,38.7373327665793],[-121.318414045782,38.736506274562],[-121.318414427443,38.7364334678311],[-121.318337013239,38.7364338093716],[-121.318336224328,38.73619586781],[-121.318336042105,38.7361398492743],[-121.318336035711,38.7361368561467],[-121.318335848928,38.7360831441855],[-121.318335410275,38.7359532305152],[-121.318300317076,38.7359531341721],[-121.316292958916,38.7359475286268],[-121.316210782743,38.7359472914937],[-121.316175654492,38.7359471943013],[-121.316080506672,38.7359469355431],[-121.316081038564,38.7360083382259],[-121.31608472028,38.7364278868829],[-121.316037493455,38.7364280890388],[-121.314862747313,38.7364331854025],[-121.314511964358,38.7364346969734],[-121.314506682989,38.7360020130958],[-121.314506095637,38.7359537906545],[-121.314498135032,38.735300590732],[-121.314498113197,38.7352992176254],[-121.314497782469,38.7352716737407],[-121.314484234775,38.7341939160772],[-121.314483964874,38.7341727980854],[-121.314484103334,38.7341493209848],[-121.314484256866,38.7341242787785],[-121.314487200676,38.7336329623613],[-121.314487073415,38.7336188748577],[-121.314487014449,38.7336122567565],[-121.314486684227,38.7335773811704],[-121.314477282551,38.7325696972107],[-121.314476888079,38.7325414939149],[-121.31447685956,38.7325389949267],[-121.314476842222,38.732537155034],[-121.314468167745,38.7318999047449],[-121.314467948515,38.7318771669353],[-121.314467918939,38.731874777779],[-121.31446493142,38.731573446391],[-121.314461508944,38.7312335592054],[-121.314461326846,38.7312160663901],[-121.314461306071,38.7312145834511],[-121.314457736155,38.7308790889158],[-121.314452040708,38.7303420560964],[-121.31445190798,38.7303303575391],[-121.314441550199,38.7293565253508],[-121.314419885609,38.7293565346259],[-121.313913979871,38.729358102212],[-121.313860690375,38.7293585833859],[-121.313807499157,38.7293597790653],[-121.313754265737,38.7293617158789],[-121.313701130592,38.7293643671981],[-121.313648058668,38.7293677328157],[-121.313595084751,38.7293718403972],[-121.31354220937,38.7293766350266],[-121.313508381193,38.7293801968221],[-121.313489467048,38.7293821718277],[-121.313436858047,38.7293884233424],[-121.31338441742,38.7293953897786],[-121.313332109581,38.7294031258449],[-121.313280041016,38.7294114948739],[-121.31322814082,38.729420578825],[-121.313176443781,38.7294304053641],[-121.313124985481,38.7294409197826],[-121.313073800972,38.7294521222888],[-121.31302285467,38.7294640675913],[-121.31297221774,38.7294766462735],[-121.312921854598,38.7294899130444],[-121.312920307986,38.7294903432379],[-121.312871800031,38.7295038955698],[-121.312822054303,38.7295185663922],[-121.312772687785,38.7295338984692],[-121.312723665422,38.7295498915937],[-121.312674986949,38.7295665732241],[-121.312626723002,38.7295838888603],[-121.312626371402,38.7295839966153],[-121.312578837996,38.7296018932109],[-121.312531367513,38.7296205315683],[-121.312484346608,38.7296398041406],[-121.312437775014,38.7296597383864],[-121.31239165326,38.7296802793903],[-121.312345980816,38.7297014820688],[-121.312300793795,38.7297232367981],[-121.312256125925,38.7297456810767],[-121.312211978,38.7297687325312],[-121.312168315496,38.7297923360382],[-121.312125207991,38.7298165469302],[-121.312082690538,38.7298413654154],[-121.312040728613,38.7298667363707],[-121.311999321951,38.7298926872548],[-121.31195850587,38.7299191908181],[-121.31191824505,38.7299462743112],[-121.311878715294,38.7299738838584],[-121.311859228448,38.7299879374123],[-121.311839741595,38.7300019909629],[-121.311801428053,38.7300307060807],[-121.311763740943,38.730059891715],[-121.311726714787,38.73008960299],[-121.311690384905,38.7301198126564],[-121.311654716243,38.7301505205069],[-121.311619779175,38.7301816995001],[-121.311585503592,38.7302133492207],[-121.311551994393,38.7302454977513],[-121.311519182265,38.7302780623024],[-121.311487101733,38.7303110979988],[-121.311455753327,38.730344549925],[-121.311396775906,38.7304110913943],[-121.311302812898,38.7305210309526],[-121.311261481607,38.7305626751666],[-121.311199793456,38.730627217656],[-121.311140919961,38.7306933534201],[-121.310702057957,38.7312045565404],[-121.310045393128,38.7319694387948],[-121.309634066313,38.7324485366782],[-121.309536255363,38.7325624747535],[-121.309527514993,38.7325726514264],[-121.309438444366,38.7326763852875],[-121.30934063279,38.7327903231962],[-121.309243601183,38.7329033320418],[-121.309242821034,38.7329042472925],[-121.309204543799,38.7329488196799],[-121.309088062662,38.733084490304],[-121.309017570783,38.7331666139631],[-121.309017942056,38.7332114301898],[-121.309026097681,38.734171588807],[-121.309026290856,38.7341950266974],[-121.309106854795,38.7341950121945],[-121.310079950114,38.7341948302353],[-121.310330494155,38.7341947820646],[-121.31080432431,38.7341947006743],[-121.311839420236,38.7341944878017],[-121.311989469688,38.7341944577881],[-121.312627933734,38.7341943153697],[-121.312675087118,38.7341943063922],[-121.312678315214,38.7346623736772],[-121.312689790773,38.7363258591685],[-121.312666174908,38.7363244012136],[-121.312614282954,38.7363212105443],[-121.312365440029,38.7363058964217],[-121.31215643593,38.7362930284436],[-121.311986955233,38.7362825912251],[-121.311982119989,38.7362822879575],[-121.311874271826,38.7362756484729],[-121.311761413154,38.7362687045715],[-121.311757628965,38.7362684761779],[-121.311680964911,38.736263765168],[-121.311678617272,38.7362636276727],[-121.31164659223,38.7362616528102],[-121.311624534598,38.7362622084351],[-121.311548437583,38.7362641184549],[-121.311115525951,38.7362750041188],[-121.310937319134,38.736278696418],[-121.310804558168,38.7362814501794],[-121.310803050308,38.736281482412],[-121.310784149143,38.7362819193289],[-121.310777731809,38.7362820734256],[-121.310621121674,38.7362857424987],[-121.310399977191,38.7363101167623],[-121.310330871658,38.7363177379366],[-121.310314376128,38.7363195620541],[-121.31029974076,38.7363211775504],[-121.309788976718,38.7363775353069],[-121.309390311302,38.7364215285405],[-121.309096058849,38.7364539913448],[-121.309089460612,38.7364547209218],[-121.309077913696,38.7364559976809],[-121.309076369442,38.7364561669722],[-121.309076618052,38.7365894708974],[-121.309076738433,38.7366601387971],[-121.30907722735,38.7367145116411],[-121.309077278571,38.7367309053045],[-121.309078025052,38.7370549051161],[-121.309078267813,38.7371617242546],[-121.309078273881,38.7371629050518],[-121.309078914463,38.7374544744826],[-121.309080065668,38.7379715448531],[-121.309080191755,38.7380271786715],[-121.309080197493,38.7380301992572],[-121.309080488001,38.7381772469272],[-121.309082102679,38.7390474774066],[-121.309082131199,38.7390752391891],[-121.309082185479,38.7391184059367],[-121.309082169784,38.7391344696844],[-121.309082158526,38.7391374352495],[-121.309082055135,38.7392546320245],[-121.309081463349,38.7399458404584],[-121.309081455634,38.7399538586028],[-121.309081335878,38.7400871877628],[-121.309081234813,38.7402023388073],[-121.309081291823,38.7402127188587],[-121.309096842693,38.740212591779],[-121.30999819469,38.7402054611636],[-121.3101987775,38.7402038803614],[-121.311399820555,38.7401997557778],[-121.311404308526,38.7401997412223],[-121.311404569254,38.7402452707037],[-121.311406224037,38.7405326584421],[-121.31140643817,38.740570320485],[-121.311406939323,38.7406562306592],[-121.311407714744,38.7407935192768],[-121.311408430168,38.7409170777627],[-121.311408777725,38.7409771887774],[-121.311409127932,38.7410406498726],[-121.311409843361,38.7411642083565],[-121.311410558793,38.7412877668393],[-121.311411256564,38.741411338946],[-121.311411972001,38.7415348974267],[-121.311412000807,38.7415409798875],[-121.311412121752,38.7415610947238],[-121.311412282123,38.7415898183623],[-121.311412997563,38.7417133768415],[-121.311413130852,38.7417376518723],[-121.311413695476,38.7418369352157],[-121.311414410788,38.7419605074219],[-121.311415108705,38.7420840657939],[-121.311415341835,38.7421233892481],[-121.311415824155,38.742207624269],[-121.311416521945,38.742331196368],[-121.3114172374,38.742454754841],[-121.311417952857,38.742578313313],[-121.311418630872,38.7426984940376],[-121.311418877678,38.7427418403946],[-121.31141961093,38.7428689961701],[-121.311420344186,38.7429961519446],[-121.311421350672,38.7431711713255],[-121.311422043171,38.7432934802458],[-121.311427489366,38.7437869742966],[-121.311427565055,38.7437936474148],[-121.311427868458,38.7438293328918],[-121.31143193606,38.7438293021097],[-121.311438072656,38.7438292424153],[-121.311577828791,38.7438279297841],[-121.311911517911,38.7438248289611],[-121.311918829313,38.7438247487481],[-121.311945532473,38.7438244677353],[-121.313734728072,38.7438059696226],[-121.313753015268,38.7438057757185],[-121.313770881599,38.7438055930524],[-121.313874608024,38.7438045313902],[-121.313875060014,38.7438303872175],[-121.313875496591,38.7438560232774],[-121.313876073782,38.7438888957568],[-121.313904877223,38.7439144386769],[-121.313934358684,38.7439405759785],[-121.313934267675,38.7441136940928],[-121.313934249941,38.744115533777],[-121.313934228368,38.7441177716017],[-121.313934215663,38.7441190895844],[-121.313934208384,38.7441198446786],[-121.313934204149,38.7441202840062],[-121.313935060366,38.7449516951773],[-121.313935411796,38.7453044287137],[-121.313936368462,38.7462272669265],[-121.313936403082,38.7462655045309],[-121.313937355734,38.7473488024283],[-121.313937395463,38.7474046965383],[-121.313938606531,38.7487703622088],[-121.313938651323,38.7488148194496],[-121.31393869872,38.7488735556604],[-121.313938723987,38.7488982144658],[-121.31393891657,38.7491273928228],[-121.313924186073,38.7496059939426],[-121.313880356849,38.7496056798977],[-121.313881217009,38.749845612596],[-121.31388242595,38.7501784841171],[-121.313883243303,38.7504046730602],[-121.313884477771,38.7507458100358],[-121.313928307698,38.750746124079],[-121.313940457215,38.7516064478583],[-121.313941126355,38.7516534350573],[-121.313941212138,38.7517554751502],[-121.313978032361,38.7517554731366],[-121.313979171969,38.7517554798732],[-121.314330962127,38.7517555406118],[-121.314762809734,38.7517556199349],[-121.315693237223,38.7517557691069],[-121.31642297752,38.7517558684615],[-121.31664084769,38.7517558884331],[-121.318290705494,38.7517561456404],[-121.318476664787,38.7517561669277],[-121.318546672254,38.7517583628987],[-121.318687423036,38.7517628139531],[-121.318772603516,38.7517624902102],[-121.319489992239,38.7517597518238],[-121.319931850688,38.7517580582862],[-121.320496798255,38.7517558893502],[-121.321106352511,38.7517535392658],[-121.321528326999,38.7517519430053],[-121.321537269329,38.7517519129058],[-121.321538496731,38.7517519063517],[-121.321666074554,38.7517514164478],[-121.32166740715,38.7517514105072],[-121.321668564422,38.7517514035418],[-121.322419372894,38.7517485128706],[-121.32242070549,38.7517485069213],[-121.322421862762,38.7517484999483],[-121.323007430028,38.7517462606927],[-121.323008762624,38.7517462547367],[-121.323009919896,38.7517462477579],[-121.323553370413,38.7517441582145],[-121.323554685477,38.7517441521501],[-121.323555860281,38.751744145268],[-121.323586053887,38.751744032932],[-121.323587386484,38.7517440269693],[-121.323597008747,38.7517425590503],[-121.32380195464,38.7517114198249],[-121.323906815648,38.7516954726914],[-121.323907972919,38.7516954657036],[-121.324303669339,38.7516951890742],[-121.324305001934,38.7516951831033],[-121.324306159205,38.7516951761116],[-121.324539109688,38.7516949944636],[-121.324540442283,38.75169498849],[-121.324541599553,38.7516949814959],[-121.325128937694,38.7516945267133],[-121.325130270289,38.7516945207329],[-121.32513142756,38.7516945137329],[-121.325499771943,38.751694224991],[-121.325605499149,38.7516941392184],[-121.325606831745,38.7516941332325],[-121.325607989015,38.7516941262278],[-121.325745626941,38.7516940472736],[-121.325746959536,38.7516940412862],[-121.325748116806,38.75169403428],[-121.326420422304,38.7516935173938],[-121.32642154451,38.7516935101775],[-121.326421754899,38.7516935113986],[-121.326422789313,38.7516935174025],[-121.326424242986,38.7517307334545],[-121.326425400257,38.7517307264417],[-121.326560694882,38.7517300013513],[-121.326562027477,38.7517299953545],[-121.326563184749,38.7517299883402],[-121.326901596233,38.7517282171209],[-121.326902928828,38.7517282111202],[-121.326904086099,38.7517282041025],[-121.32708065624,38.751727278443],[-121.327081988836,38.7517272724402],[-121.327083146107,38.7517272654208],[-121.327629689723,38.7517243646708],[-121.327631022318,38.7517243586617],[-121.327632179589,38.7517243516368],[-121.328186613019,38.7517214665156],[-121.328187945614,38.7517214605001],[-121.328189102885,38.7517214534697],[-121.328683236239,38.7517188484588],[-121.328738521732,38.7517185641426],[-121.328739854327,38.7517185581208],[-121.328741011986,38.7517185098979],[-121.328747502228,38.7517182041945],[-121.328748835341,38.7517181432566],[-121.328749993,38.7517180950336],[-121.328922844315,38.7517099094863],[-121.328923966909,38.7517098610587],[-121.328924177427,38.7517098485463],[-121.328925299763,38.7517098275768],[-121.328926456904,38.751709834268],[-121.329009895477,38.7517101382373],[-121.330057743533,38.7517138990973],[-121.330059075999,38.7517139067894],[-121.33006023314,38.7517139134693],[-121.330285336976,38.7517147047206],[-121.330459192317,38.7517153234452],[-121.330523800669,38.7517155588761],[-121.330630926106,38.7517159434024],[-121.330631206625,38.7517159450204],[-121.330632083247,38.7517159500766],[-121.330632293637,38.7517159512901],[-121.330632539091,38.7517159527058],[-121.330633415713,38.751715957762],[-121.330633696232,38.75171595938],[-121.33120473988,38.7517179885139],[-121.331206072346,38.7517179961927],[-121.331207229487,38.7517180028612],[-121.331923970649,38.7517205659466],[-121.331925303115,38.7517205736172],[-121.331926460257,38.7517205802785],[-121.332570019736,38.7517228553648],[-121.332571352202,38.751722863028],[-121.332572509344,38.7517228696828],[-121.332626650837,38.7517230437464],[-121.332627983303,38.7517230514089],[-121.332629140445,38.7517230580632],[-121.333165714635,38.7517249617],[-121.333167047101,38.7517249693564],[-121.333168204243,38.7517249760053],[-121.333466016641,38.7517260278186],[-121.333679320827,38.7517267859048],[-121.333680653293,38.7517267935552],[-121.333681810435,38.751726800199],[-121.333991404913,38.7517278908513],[-121.334022104882,38.751727998382],[-121.334065989512,38.7517281541026],[-121.334067321978,38.7517281617487],[-121.33407156496,38.7517281723661],[-121.334071279998,38.7517061619599],[-121.334717444051,38.7516998864572],[-121.334718706516,38.7516998799647],[-121.334719166796,38.7517294152695],[-121.334733263788,38.7517293999731],[-121.334734421058,38.7517293928774],[-121.334774467623,38.7517293615716],[-121.335252887569,38.7517289588429],[-121.335254220164,38.7517289527463],[-121.335255377434,38.7517289456454],[-121.335765129411,38.7517285555137],[-121.335776122901,38.7517285497868],[-121.335777455496,38.7517285436841],[-121.335779541986,38.7517285418964],[-121.335779298329,38.7517076850317],[-121.335780455599,38.7517076779256],[-121.336349532379,38.7517062655124],[-121.336350864974,38.7517062594032],[-121.336352022244,38.7517062522913],[-121.336818526739,38.7517050472939],[-121.336819859333,38.7517050411793],[-121.336865026383,38.7517049285752],[-121.337114583574,38.7517703211436],[-121.338138644837,38.7517678458094],[-121.338715980099,38.7517664414293],[-121.339292771705,38.7517650448119],[-121.339868704197,38.7517636404411],[-121.340445881472,38.7517622402868],[-121.341604637111,38.7517594014168],[-121.341603907423,38.7517264596541],[-121.341674183126,38.7517262542188],[-121.342250748963,38.7517245670271],[-121.342252081557,38.7517245608501],[-121.34276701581,38.7517230572275],[-121.342767836455,38.7517538027384],[-121.343349267576,38.7517455061826],[-121.343841126252,38.7517384851705],[-121.343855507054,38.7517381133978],[-121.343856612613,38.7517380098106],[-121.343868570199,38.7517361277954],[-121.343869624173,38.7517359140786],[-121.343870116095,38.751735807022],[-121.343870696059,38.751735659274],[-121.343871750412,38.7517354043702],[-121.343872804892,38.7517351357374],[-121.343873859245,38.7517348808336],[-121.343874421676,38.7517347329864],[-121.343874843468,38.7517346255333],[-121.343875951179,38.7517342885528],[-121.3438918412,38.7517281812027],[-121.34390583985,38.7517196980733],[-121.343914977802,38.7517117590323],[-121.343917013655,38.7517096424339],[-121.344138744056,38.7517111840668],[-121.344415093454,38.7517105487543],[-121.344684797537,38.7517099301785],[-121.345216806484,38.7517087043183],[-121.345682099462,38.7517076353437],[-121.346342087044,38.7517061235468],[-121.347511184428,38.7517034212553],[-121.34805313494,38.7517021559102],[-121.348114801153,38.7517020080469],[-121.348517288096,38.7517010828956],[-121.348517656152,38.7517010986915],[-121.348542466604,38.751701018292],[-121.348773035259,38.7517004863062],[-121.348831475243,38.7517003474175],[-121.349186147739,38.7516995223521],[-121.349229754124,38.7516994236433],[-121.34973206078,38.7516982439292],[-121.349952582686,38.7516977219539],[-121.350001203731,38.7516976098548],[-121.350476350438,38.7516965082006],[-121.350729993545,38.7516959092526],[-121.350772653173,38.7516958046673],[-121.351088786503,38.7516950602361],[-121.351526165609,38.7516940314224],[-121.351544102576,38.7516939943518],[-121.351950394475,38.7516930236365],[-121.351995315913,38.7516929175022],[-121.352264949733,38.7516922809191],[-121.352315534532,38.7516921650813],[-121.352714672538,38.7516912204131],[-121.353067311052,38.7516903858721],[-121.353086983857,38.7516903445098],[-121.353448704805,38.7516894907896],[-121.353868883242,38.7516884946143],[-121.354677924845,38.7516865707067],[-121.35549550534,38.7516846199325],[-121.355509381856,38.7516837771051],[-121.355510241942,38.7516836720439],[-121.355519444003,38.7516820618512],[-121.355520533503,38.7516817933073],[-121.355521535092,38.7516815517346],[-121.355522571746,38.7516813103566],[-121.355523995109,38.7516809612885],[-121.355525454158,38.7516805437699],[-121.355526561688,38.7516802204072],[-121.355539245495,38.7516755540919],[-121.355539896932,38.7516752556557],[-121.355552813755,38.7516680918248],[-121.355553625222,38.7516675471423],[-121.355554242961,38.7516670974921],[-121.355554401873,38.7516669748071],[-121.355555178399,38.7516664162009],[-121.355555937392,38.7516658574973],[-121.355556731451,38.7516652989884],[-121.355563445759,38.7516595972522],[-121.355564118209,38.7516589145005],[-121.355564808191,38.7516582318462],[-121.355565480517,38.7516575628236],[-121.355569856167,38.7516526032348],[-121.355570175357,38.7516522068455],[-121.355573192926,38.7516481321466],[-121.35557370833,38.7516473661446],[-121.355574188793,38.7516465862188],[-121.355574651599,38.7516458199246],[-121.355575131938,38.7516450537279],[-121.355575576963,38.7516443147944],[-121.355578451161,38.7516386466524],[-121.35557857625,38.7516383864824],[-121.355578826554,38.7516378524134],[-121.35557898733,38.751637523793],[-121.35557916713,38.7516370305217],[-121.355579310622,38.7516366743458],[-121.355579490174,38.7516362085326],[-121.355579813218,38.7516353865435],[-121.355579867183,38.7516352358163],[-121.355580118853,38.751634550728],[-121.355580334216,38.7516340027353],[-121.355580406584,38.7516337560022],[-121.355580568976,38.7516332489045],[-121.355580677527,38.751632878805],[-121.355580857949,38.7516323168885],[-121.355580948098,38.7516320427948],[-121.355581002312,38.7516318646095],[-121.355581219042,38.7516311655975],[-121.355582273844,38.7516269838915],[-121.355582310525,38.7516268056089],[-121.355582421936,38.7516261197418],[-121.355582848805,38.7516235134662],[-121.35558340946,38.7516158142092],[-121.355583548844,38.7516120393114],[-121.355585468763,38.7515587924067],[-121.355837281874,38.7515336645963],[-121.355838856024,38.7515460662691],[-121.355843268016,38.751558040608],[-121.355852115911,38.7515713388947],[-121.355864440641,38.7515828151883],[-121.355879653942,38.751591921719],[-121.355897029675,38.7515982238268],[-121.355910983846,38.7516009226309],[-121.355925313644,38.7516017995021],[-121.356199245018,38.751600903037],[-121.356539243882,38.7515997956136],[-121.356615042759,38.751599543107],[-121.356929670165,38.7515985135546],[-121.357077866245,38.7515980303261],[-121.357363685461,38.751597100862],[-121.358072017904,38.7515947740662],[-121.358212078291,38.751594313036],[-121.358233463884,38.7515921623217],[-121.358253532016,38.7515859886643],[-121.358268755047,38.7515777815088],[-121.358281441467,38.7515672568542],[-121.358291027008,38.7515548828173],[-121.358297085327,38.7515412097713],[-121.358298194917,38.7515367674798],[-121.358298748994,38.7515336538988],[-121.358299145402,38.7515305257163],[-121.358298837137,38.7514986024302],[-121.358351318882,38.7514980962898],[-121.358375937756,38.7514978617024],[-121.358551045279,38.7514975940267],[-121.35880407187,38.7514972074341],[-121.358804319577,38.7515242014164],[-121.35880609213,38.7515374216085],[-121.358811085617,38.7515501263422],[-121.358819112758,38.7515618391231],[-121.358829872494,38.7515721206602],[-121.358842961278,38.7515805853412],[-121.358857888213,38.7515869156959],[-121.35887409346,38.7515908743021],[-121.358890969235,38.751592312691],[-121.358892038591,38.7515923323282],[-121.359508074891,38.7515920131245],[-121.360053942595,38.7515917156319],[-121.360433120101,38.7515915130532],[-121.36043272832,38.7515668248753],[-121.362249555243,38.7515640821043],[-121.362552237454,38.7515615573462],[-121.362854817365,38.7515548989152],[-121.363906087762,38.7515245704164],[-121.364203882471,38.751517938659],[-121.364501777479,38.7515152300651],[-121.364795317403,38.7515135557155],[-121.364822472889,38.7515002080462],[-121.364924650723,38.7515009045407],[-121.36513498286,38.7515006000116],[-121.365340125661,38.7515022026106],[-121.365340726366,38.7515390426942],[-121.369163286888,38.7515249148446],[-121.37276477893,38.7515114847451],[-121.372766918131,38.7515114688476],[-121.373078126686,38.7515103083931],[-121.373078053002,38.7514828486012],[-121.373324853022,38.7514826713079],[-121.374117555146,38.7514821025794],[-121.374538378118,38.7515092633079],[-121.378401704166,38.7515064053387],[-121.379429207382,38.7515083620559],[-121.382374837632,38.751475500379],[-121.383072965868,38.7514768110075],[-121.383097441894,38.7514768587404],[-121.383099247975,38.7514768408818],[-121.383100983808,38.7514768363793],[-121.383104280148,38.7514768264423],[-121.383511255356,38.751477629845],[-121.383511274483,38.7514794697246],[-121.383512363963,38.7515965760047],[-121.383512767211,38.7516411035186],[-121.383752345552,38.7516407283877],[-121.383759095921,38.7516407230435],[-121.387362465493,38.7516351700786],[-121.387363096663,38.7516351734105],[-121.392608533631,38.7516268697849],[-121.392745421487,38.7516159571094],[-121.392774139145,38.7516161760224],[-121.393052111516,38.751618275435],[-121.393060825054,38.7516183347358],[-121.399961154468,38.7516702675036],[-121.40013907109,38.7516715991614],[-121.400247735502,38.7516724216486],[-121.400356417449,38.7516732441246],[-121.400496762569,38.7516742987173],[-121.400665036434,38.751675566026],[-121.401536923409,38.7516828388791],[-121.401546566071,38.7516829160637],[-121.401555577562,38.7516829899928],[-121.403216171251,38.7516832210882],[-121.403216147073,38.7516861041938],[-121.403215694234,38.7517547364657],[-121.403215015504,38.7518356693563],[-121.403214009209,38.7519556614613],[-121.403213864136,38.7519729600942],[-121.403216458962,38.7519729734377],[-121.403228346156,38.75534331014],[-121.403229127144,38.755563798804],[-121.403235883924,38.7574824026885],[-121.403253920815,38.758927926534],[-121.403258188287,38.7593536914611],[-121.403193051175,38.7593487845671],[-121.403187180483,38.7593483562196],[-121.402934672725,38.7593262384137],[-121.402683315887,38.7592971749573],[-121.402491927669,38.7592702736817],[-121.402301535008,38.7592393435434],[-121.400931970875,38.7590017204138],[-121.400703412749,38.7589652715461],[-121.400473394264,38.7589349741709],[-121.400449219462,38.7589321720099],[-121.400262696514,38.7589324440104],[-121.400226821332,38.7662007671497],[-121.400240362589,38.7691004162628],[-121.400241710778,38.7693898442786],[-121.400243918745,38.7698622929751],[-121.400244456571,38.7699774051446],[-121.40025337294,38.7718863393078],[-121.400253413929,38.7718939594745],[-121.400254526468,38.7721322981892],[-121.400260741039,38.7734609620215],[-121.400268247679,38.7750670398741],[-121.400268267477,38.7750688522895],[-121.400268434347,38.7751031498051],[-121.400279078958,38.7773814469825],[-121.400286847876,38.7790418126919],[-121.400286937632,38.7790602932521],[-121.400287007179,38.7790749294085],[-121.400291269898,38.7799861327372],[-121.400294780928,38.7807368463673],[-121.40029202708,38.7807368458721],[-121.400292004641,38.7807478294674],[-121.400281998518,38.7850179144541],[-121.400281950216,38.7850382066041],[-121.400281949351,38.7850403896114],[-121.400281934433,38.7850504808156],[-121.400281926276,38.7850535287523],[-121.400281898216,38.7850630981624],[-121.400281892782,38.7850679035063],[-121.400281860269,38.7850800815239],[-121.400281854659,38.7850828274218],[-121.400281823596,38.7850969138661],[-121.400281817986,38.7850996597639],[-121.400281783628,38.7851162175253],[-121.400281740064,38.7851317867054],[-121.400281710499,38.785141534593],[-121.400281705644,38.7851462712917],[-121.400281688411,38.7851566370765],[-121.400281678749,38.7851598634906],[-121.400281576934,38.7852010655966],[-121.40028157451,38.7852055139856],[-121.400281478306,38.7852439701937],[-121.400281459043,38.7852524961969],[-121.400281382803,38.7852865041066],[-121.400281371118,38.7852920508184],[-121.400281292447,38.7853263470377],[-121.400281271795,38.7853350377893],[-121.400281182474,38.7853705970798],[-121.400281159677,38.785377461779],[-121.400281071637,38.7854170301291],[-121.400281068056,38.7854216158083],[-121.400280968092,38.7854625982489],[-121.400280958144,38.7854679390251],[-121.400280855463,38.7855113241374],[-121.400280838624,38.7855154017517],[-121.400280768866,38.7855486408346],[-121.400280756834,38.7855542287334],[-121.40028074451,38.7855577709152],[-121.40028052457,38.7856504310767],[-121.400280467646,38.7856738260782],[-121.400280267832,38.7857557772287],[-121.400280211541,38.7857770166809],[-121.400279980964,38.7858792600698],[-121.400279971009,38.7858804407669],[-121.400279804063,38.7859543327909],[-121.400279760266,38.7859699294281],[-121.400279532984,38.7860697014985],[-121.400279509792,38.7860828543672],[-121.400279385246,38.7861371544228],[-121.400279278627,38.7861810063199],[-121.400279258384,38.7861917290587],[-121.400278057779,38.7867044422612],[-121.40027792495,38.7867576439006],[-121.400276732777,38.78726935486],[-121.40027658485,38.7873305882535],[-121.400275283889,38.787884325028],[-121.400275210769,38.7879179622465],[-121.400275070575,38.7880011630864],[-121.400275451102,38.7880350909699],[-121.400276529247,38.7881443981299],[-121.400284612614,38.7889686982378],[-121.400346353217,38.7952638585206],[-121.4003464559,38.7952745681564],[-121.40034662479,38.7953835410428],[-121.400357816347,38.8023583411028],[-121.402629609577,38.8023667262733],[-121.404840319501,38.8023779941723],[-121.409501597948,38.8024039575728],[-121.414094029257,38.8024128011999],[-121.418704411157,38.8024064230581],[-121.424775949967,38.8024065316184],[-121.432590445122,38.8024024948721],[-121.432802716843,38.8024021039083],[-121.437370471386,38.8024068586163],[-121.442012308448,38.8023975383338],[-121.446643825961,38.8023791964366],[-121.44664252637,38.8026003186959],[-121.446630091956,38.8061282365989],[-121.446630070587,38.8061309824102],[-121.441974160899,38.8061453085299],[-121.441977623073,38.8097779765347],[-121.442002213048,38.8124269119495],[-121.441890790342,38.8124526550005],[-121.44177858157,38.8125338066803],[-121.441605019964,38.8126065079589],[-121.441255181217,38.8126685856937],[-121.440985720923,38.8126939519688],[-121.440870494752,38.8126676956139],[-121.440776158113,38.8127030207033],[-121.440629447319,38.812699458513],[-121.440204122057,38.8127204476486],[-121.440016208404,38.8126900782053],[-121.439653432416,38.8126255296306],[-121.439447974557,38.8126481256632],[-121.439335097384,38.8126756715514],[-121.43923350779,38.8127004709944],[-121.439083987067,38.8126838501994],[-121.43898333677,38.8126296265858],[-121.43878599296,38.8126157674557],[-121.438389624855,38.8126408714302],[-121.438281485867,38.812681674507],[-121.43814516983,38.8126862324315],[-121.438013752849,38.8127636629741],[-121.437697087227,38.8126734923287],[-121.437396052261,38.8126616550536],[-121.437156892641,38.8126586840947],[-121.436910995436,38.8126112785623],[-121.436865076262,38.8126439245267],[-121.436769323205,38.8125919743779],[-121.436497898039,38.8125373871811],[-121.436235577508,38.8125252679023],[-121.436027781762,38.8125327714766],[-121.435311710792,38.812090467948],[-121.432581936148,38.8105493103861],[-121.432585933746,38.8111786111578],[-121.432664161936,38.8170153780775],[-121.432501666891,38.8239020186223],[-121.432495484207,38.8241642366791],[-121.42821063101,38.8241760395199],[-121.426284614255,38.8241812893487],[-121.426292723967,38.8238114412559],[-121.426361857752,38.820661945932],[-121.426392118608,38.8169853991845],[-121.424876922659,38.8170094027451],[-121.424776157847,38.8144234327421],[-121.424753024934,38.8135910037975],[-121.424698353855,38.811867753358],[-121.424524553753,38.8119115684392],[-121.424520994953,38.811913308193],[-121.423321869114,38.8125095676905],[-121.421995859885,38.8128669204084],[-121.42101995816,38.8130223940359],[-121.419589570434,38.8130675924385],[-121.419315197987,38.812992767822],[-121.419316509177,38.8131158463576],[-121.419345745534,38.8153332924484],[-121.420838675283,38.8153457159437],[-121.420843413668,38.8156085236997],[-121.420366270748,38.8161663104953],[-121.419905241601,38.8164087250302],[-121.419326214586,38.8165858541657],[-121.419114701547,38.8167674000221],[-121.41885422198,38.8170523313844],[-121.41862922846,38.8171093914791],[-121.418633569766,38.8171794065979],[-121.414085815091,38.8171491426068],[-121.404805599882,38.8170368563907],[-121.396443343584,38.8170695774474],[-121.395900276286,38.8170716833657],[-121.395704681528,38.8170724371088],[-121.395570178285,38.8170729592409],[-121.395569318285,38.8170729684955],[-121.39556543945,38.8170730169601],[-121.395419607986,38.8170745783392],[-121.395442823425,38.8182656871059],[-121.395459623122,38.8191278423521],[-121.395475127906,38.8199235532635],[-121.395495091884,38.8209482420717],[-121.395558202736,38.824189084256],[-121.395383863105,38.8241895225319],[-121.395325469048,38.8241896716805],[-121.395323011874,38.8241896726204],[-121.394849347863,38.8241908720118],[-121.390985546343,38.8242005837864],[-121.390794357209,38.8242010504088],[-121.390792461648,38.824201054198],[-121.386261997733,38.8242122595566],[-121.382660712425,38.824225140499],[-121.381816824231,38.8242281356089],[-121.381430615406,38.8242295122318],[-121.381044406567,38.8242308875708],[-121.376961902871,38.8242452831361],[-121.376961955985,38.8242332150927],[-121.376965052603,38.8234953886371],[-121.376976279494,38.820830530798],[-121.376976347779,38.8208147283767],[-121.376977501943,38.8205388379386]]]},"properties":{"OBJECTID":11,"CITY":"ROSEVILLE","CITY_CODE":"ROS"}}]}