{"type":"FeatureCollection","name":"County_Boundary","crs":{"type":"name","properties":{"name":"urn:ogc:def:crs:OGC:1.3:CRS84"}},"features":[{"type":"Feature","id":1,"properties":{"OBJECTID":1,"COUNTY":"Placer","SQ_ACRES":960769,"SQ_MILES":1501,"Shape__Area":41851926182.5947,"Shape__Length":1348877.19634982},"geometry":{"type":"Polygon","coordinates":[[[-120.005330177729,39.3158851357265],[-120.005307635134,39.3122842496807],[-120.00528879225,39.3087151708044],[-120.005280638795,39.3051706580237],[-120.005286628357,39.3016447839992],[-120.00519005867,39.2981158943995],[-120.005140421435,39.295124156356],[-120.005156254272,39.2945887868416],[-120.005257780379,39.2910478909767],[-120.00540022243,39.2874968698933],[-120.005405783959,39.287088560748],[-120.005470268192,39.2834857287632],[-120.00550469851,39.2813509192359],[-120.005543228023,39.2766348597291],[-120.005536162187,39.272968896513],[-120.00553552213,39.2693431641843],[-120.005515708148,39.2657296250151],[-120.00551971758,39.2620793590544],[-120.005523657578,39.2616370476707],[-120.00555239127,39.2584311163819],[-120.005606295477,39.2548264615747],[-120.005608463777,39.2546996179335],[-120.005684040434,39.251224214659],[-120.005685993528,39.2511199694948],[-120.005751323771,39.2476231595692],[-120.005754142068,39.2474532369998],[-120.005794769324,39.2440542940577],[-120.005793326075,39.2425437698734],[-120.005785137724,39.2403837849493],[-120.005753969665,39.2367381431119],[-120.00572955745,39.2330896888827],[-120.005703052755,39.2295267587737],[-120.005702097553,39.2293991889526],[-120.005701994388,39.2293846995181],[-120.005669476463,39.2293845706082],[-120.005676472311,39.2289727513646],[-120.005678335785,39.2288629159786],[-120.00568534928,39.2284510834756],[-120.005692345324,39.228039250639],[-120.005694296942,39.2279156985387],[-120.005695058804,39.2277823346205],[-120.005695452052,39.2277158524485],[-120.005696594124,39.2275189723218],[-120.005704473053,39.2272497453638],[-120.005709494663,39.2270273763977],[-120.005781319421,39.2270278753553],[-120.005782582123,39.2269180567009],[-120.005782617371,39.2269168075723],[-120.005796866064,39.226286104552],[-120.005802444719,39.2260389729952],[-120.005802627245,39.2260312317463],[-120.005803693971,39.225984067447],[-120.005730970185,39.2259835675542],[-120.005732218729,39.225928689024],[-120.005756366797,39.2248601814339],[-120.005769270677,39.2242890368081],[-120.005773927063,39.2240833323598],[-120.005774104239,39.2240751648283],[-120.005787885665,39.2234660124457],[-120.0057689338,39.2228456590986],[-120.002480413713,39.0673980407949],[-120.125433112617,39.0674229843252],[-120.1259608378,39.0674235060288],[-120.126295135347,39.0674233876718],[-120.126678325953,39.0674234225416],[-120.128224763814,39.0674247844974],[-120.128587546234,39.0674251998832],[-120.128848952216,39.0674264574025],[-120.129024812774,39.0674266439677],[-120.129200664767,39.0674258416973],[-120.129376561877,39.0674260003865],[-120.129552398952,39.0674271192487],[-120.129728284863,39.0674263446587],[-120.1299041115,39.0674265014211],[-120.13008001906,39.0674276206181],[-120.130255845677,39.0674277777507],[-120.130431706242,39.0674279621935],[-120.130783430003,39.0674282744614],[-120.132191085393,39.0674287321965],[-120.132894103165,39.0674282416145],[-120.133598127138,39.0674270204545],[-120.133774216213,39.0674265989217],[-120.133950305554,39.0674261230651],[-120.134126432179,39.0674255916756],[-120.134302560961,39.0674249780606],[-120.13462966479,39.0674250504354],[-120.134770689544,39.0674250276389],[-120.135123413963,39.0674247670662],[-120.135476322375,39.0674242335551],[-120.135618029792,39.0674236989564],[-120.135955550501,39.0674175071734],[-120.136533009623,39.0674063358242],[-120.136710046425,39.0674046347328],[-120.137245583578,39.0673934204189],[-120.137697296078,39.0673813590565],[-120.137977538553,39.0673776242274],[-120.138158996981,39.0673752779555],[-120.138454245768,39.0673716167917],[-120.138704876357,39.0673686164707],[-120.13870832952,39.0673685887181],[-120.139031303223,39.0673649579478],[-120.139327339455,39.0673621586202],[-120.139328925285,39.0673621569043],[-120.139330757225,39.067362158216],[-120.139613860461,39.0673595094172],[-120.139615693111,39.0673594837049],[-120.139617559687,39.067359486466],[-120.139618934114,39.067359480471],[-120.139760171103,39.0673580548266],[-120.139942696002,39.0673566832989],[-120.14012528662,39.0673554494908],[-120.140239724209,39.0673549688106],[-120.140241274669,39.0673549935489],[-120.140242683023,39.0673550160198],[-120.140245362374,39.0673549218132],[-120.14049052185,39.0673536972964],[-120.14049235379,39.0673536985899],[-120.14049411523,39.0673536996597],[-120.140495630162,39.067353668865],[-120.140637162522,39.0673530974433],[-120.140820375129,39.0673523401036],[-120.141187657367,39.0673517716949],[-120.141335587118,39.0673516861863],[-120.141706732391,39.0673515895132],[-120.142077451505,39.0673515668593],[-120.142225028591,39.0673515295636],[-120.142590214083,39.0673516648652],[-120.142591236109,39.0673516541205],[-120.142846183368,39.0673519537905],[-120.143048986784,39.0673524385556],[-120.143051065518,39.0673524167098],[-120.143052649484,39.0673524419444],[-120.143663936856,39.0673543246644],[-120.143664736144,39.0671853817056],[-120.143667263421,39.0666452987525],[-120.143666847829,39.0664016915085],[-120.143667173491,39.0662723439464],[-120.143668107915,39.0661479491268],[-120.143670901726,39.0657536461622],[-120.143671470657,39.0656163382567],[-120.143672200885,39.0652214797948],[-120.143671664222,39.0647633812543],[-120.143669421598,39.0642763081121],[-120.143666207817,39.0639915989622],[-120.143666187004,39.0639897028631],[-120.143661876739,39.0637508945397],[-120.143661865824,39.0637499879294],[-120.14366185517,39.0637490272615],[-120.143655365957,39.0634670113572],[-120.143655147448,39.0634592076577],[-120.143645041161,39.0630759592329],[-120.143633993991,39.0626519674183],[-120.143613795355,39.0601857555849],[-120.14615224042,39.0602032284334],[-120.146693790848,39.0602063485689],[-120.146884612511,39.0602075708244],[-120.147405738784,39.0602118180683],[-120.147600767194,39.0602137917033],[-120.147817800128,39.0602162525679],[-120.148307272006,39.0602226570679],[-120.148627326509,39.0602269730182],[-120.14892928194,39.0602310546941],[-120.149178363328,39.0602351203835],[-120.153034268056,39.0603344914592],[-120.152935860756,39.0528612849565],[-120.152964127704,39.0528450495062],[-120.153150353893,39.0457009497874],[-120.159868754446,39.0458072395289],[-120.159889710293,39.0458268912365],[-120.164977304252,39.045792585592],[-120.165565628594,39.0444839902256],[-120.166498477855,39.0417769388412],[-120.168022916703,39.0377086486606],[-120.171763722782,39.0377683961691],[-120.175589178827,39.0381212576404],[-120.176642906593,39.0381800740428],[-120.179510269089,39.0383400656039],[-120.183573579129,39.038377503339],[-120.183889128499,39.0346376314731],[-120.184111422175,39.0310194504852],[-120.193144456814,39.0306519642288],[-120.193576085929,39.0306499791294],[-120.202694988434,39.0305921570676],[-120.207483340685,39.0307543629503],[-120.212296698353,39.0308541389404],[-120.216891701666,39.0309015720674],[-120.221496131923,39.0308961563404],[-120.226224550021,39.0308872566401],[-120.230941340419,39.0308699955759],[-120.235564104748,39.0308699328184],[-120.240170346152,39.0308942077936],[-120.240303541574,39.0272683266683],[-120.240423215155,39.0236731342863],[-120.245131036252,39.0240350398325],[-120.249856975978,39.0245160786256],[-120.254678843714,39.0247041232419],[-120.259413960324,39.0247811499677],[-120.259381967999,39.0234660485662],[-120.265713212712,39.0233369598727],[-120.272653542873,39.0233837821617],[-120.281587767575,39.023308273376],[-120.290546114065,39.0232077452147],[-120.300055439123,39.0233387757983],[-120.309479994345,39.0232178339887],[-120.318953110896,39.0229621275927],[-120.328422389744,39.0227012576016],[-120.337863701594,39.0227510015434],[-120.347698580986,39.0227868333475],[-120.357325731155,39.0232559154159],[-120.366925066248,39.0237512454396],[-120.376042530105,39.0244960568558],[-120.378287155155,39.0245942249781],[-120.380524280633,39.0246927113205],[-120.384121341948,39.0248540486875],[-120.385278184664,39.0249069166253],[-120.394534204785,39.0254967615721],[-120.403747871434,39.0261098396416],[-120.413186459916,39.0269392346662],[-120.422620330052,39.0276797278493],[-120.427347709563,39.0279535872697],[-120.432090267842,39.0282144142487],[-120.435085645962,39.0283882640765],[-120.435089143747,39.0283861144698],[-120.435260585662,39.0282801617187],[-120.435481080802,39.0281977713241],[-120.435894848813,39.0280682972567],[-120.436343388433,39.0279345366773],[-120.436802025509,39.0277691367944],[-120.437029602814,39.0276240879324],[-120.437245797733,39.0274075399865],[-120.437463637056,39.0270285758883],[-120.437489958972,39.0268934043074],[-120.4375866691,39.026534236097],[-120.437624444094,39.0263362476357],[-120.437876658748,39.0258126354222],[-120.438012575548,39.0255833382896],[-120.438149799692,39.0252322918657],[-120.438363191993,39.0249411445632],[-120.438551303663,39.0247507462815],[-120.438735578371,39.0245666941456],[-120.438939272701,39.0244007530933],[-120.439410024253,39.0242226810203],[-120.439756117558,39.0241642086355],[-120.440354848594,39.0240784169951],[-120.440813489734,39.0240441043254],[-120.441329207658,39.0240077533111],[-120.441693080068,39.0238914872446],[-120.441875530116,39.0238332088481],[-120.442077469616,39.0236922294396],[-120.442320655472,39.0234782019381],[-120.44246732475,39.0231335937263],[-120.442547425627,39.0228287115432],[-120.442539366766,39.0225674131587],[-120.44252643609,39.0223468027777],[-120.442539425463,39.0221658099802],[-120.442695232461,39.0219146390932],[-120.442849816,39.0217848335524],[-120.443028457114,39.0215422609885],[-120.443092232074,39.0213409937079],[-120.443118970461,39.0210756843324],[-120.443159811725,39.0207757414265],[-120.443211080689,39.0205812543906],[-120.443292051334,39.0202862418128],[-120.443436269757,39.0200078099806],[-120.443698173535,39.0198063056899],[-120.443963632469,39.0195518472257],[-120.444312795285,39.019297764586],[-120.444564584515,39.0188606646303],[-120.444769203093,39.0184811818516],[-120.444845998442,39.0181899299265],[-120.44490084615,39.0178994003412],[-120.44491648371,39.0176567632611],[-120.444946350132,39.0174330177893],[-120.444949309091,39.0174104832181],[-120.444884298778,39.0171084129016],[-120.444871207273,39.0168418847464],[-120.444843877619,39.0165199399537],[-120.444817826062,39.016210343026],[-120.444639900667,39.0158869648831],[-120.444473862966,39.0155544894081],[-120.444370769496,39.0152106622553],[-120.444283875994,39.0148425005159],[-120.44419518945,39.0145720784107],[-120.444137125258,39.0143387550309],[-120.444124800493,39.0141673102363],[-120.44411341042,39.0139469131849],[-120.444100557479,39.0136808816941],[-120.444123708271,39.0132419093154],[-120.444151004681,39.0128594540954],[-120.444154336707,39.0125279779277],[-120.444190446363,39.0121994659349],[-120.444257891689,39.011671586098],[-120.44429568556,39.0113913747444],[-120.444347460771,39.0109134864083],[-120.444440801048,39.0105914229718],[-120.444613753491,39.0102423570754],[-120.444754693297,39.0099293324992],[-120.445057079575,39.0095941872441],[-120.445253073438,39.0093995436869],[-120.445556869494,39.0091411994617],[-120.445823701659,39.0089487644719],[-120.446137291003,39.0087299854262],[-120.446471993907,39.0085017097328],[-120.446978120261,39.0081941297743],[-120.447410462137,39.0079382363622],[-120.447796124523,39.0077404335308],[-120.448141015035,39.0075431286166],[-120.448424421881,39.0072585814622],[-120.448616248932,39.0070124137089],[-120.448741679106,39.0066993427581],[-120.448813421629,39.0063529590973],[-120.448838379986,39.0060680163994],[-120.448824606083,39.0056953391788],[-120.448760879006,39.0051364907347],[-120.448765949706,39.0047326192862],[-120.448834235746,39.0043413998876],[-120.448852075595,39.0038992247393],[-120.448845236916,39.0035104094794],[-120.448851411973,39.0031766355373],[-120.448860530367,39.0026327349921],[-120.4490739783,39.0021633964942],[-120.449218499313,39.0018635416226],[-120.449424650408,39.0011997562521],[-120.449538447547,39.0008273763776],[-120.449723353673,39.0005780117227],[-120.450008841717,39.0003851013565],[-120.450401479581,39.0000446351495],[-120.450689377661,38.9997347951206],[-120.450957795795,38.9994804426507],[-120.451280781993,38.9991944934726],[-120.451818074661,38.9987949255074],[-120.452246926684,38.9984552644465],[-120.452568567705,38.9981063774259],[-120.452572664659,38.9979314989838],[-120.452573474997,38.9978975940819],[-120.452823096702,38.9975218253758],[-120.453000887984,38.9971089076566],[-120.453241514307,38.9965402354176],[-120.453319343213,38.9960311078346],[-120.453285507545,38.9955058875885],[-120.453177119803,38.9950637647616],[-120.453000573487,38.9946294974487],[-120.452818465425,38.994122792597],[-120.45259308905,38.9936525319777],[-120.452459329278,38.9933445806101],[-120.452263076653,38.9929848009914],[-120.452117715516,38.992587773354],[-120.451973886865,38.992186727659],[-120.451833774539,38.9916719018559],[-120.451672818218,38.9911738524583],[-120.451450587804,38.9907424345826],[-120.451133775334,38.9902753765815],[-120.450804537312,38.9898747737292],[-120.450557205762,38.9894797368471],[-120.450505632736,38.989026613514],[-120.450712147271,38.9885517141423],[-120.45109070577,38.9880600726642],[-120.451556299489,38.9877801383776],[-120.452171867498,38.9874466405523],[-120.452848349829,38.9872432959744],[-120.453753869293,38.9870492773915],[-120.454508199031,38.9869078671566],[-120.455273767238,38.9868158128746],[-120.455772028566,38.986805560507],[-120.456410009155,38.9866793738344],[-120.457047924902,38.9865495861113],[-120.45751639532,38.9864108757301],[-120.458017161778,38.9862804189522],[-120.45850924234,38.9862095747879],[-120.458934891911,38.9860284402765],[-120.459292747973,38.9857252718393],[-120.459626259103,38.9853099556948],[-120.459946446463,38.9848939127829],[-120.460379544754,38.9838699528916],[-120.461245942081,38.9826932082545],[-120.461836198237,38.9819213626053],[-120.46227306719,38.9812715327587],[-120.462745778349,38.9804999968448],[-120.463224289203,38.9797104375833],[-120.463407331822,38.9793068555626],[-120.463765400013,38.9784618517229],[-120.464014015233,38.9779381086309],[-120.464280073662,38.9773804595907],[-120.464449050716,38.9770719017664],[-120.464854265261,38.976453226213],[-120.465122986974,38.9760564556683],[-120.465465995699,38.9756651128393],[-120.465885292016,38.9750989629215],[-120.466211540946,38.9747534508269],[-120.466563963774,38.9742825063305],[-120.466877471784,38.9737529394075],[-120.467165176796,38.9732451384137],[-120.467378213993,38.9729217768452],[-120.46827912596,38.9710083002609],[-120.469431791022,38.9692531784765],[-120.470025715981,38.9684910344324],[-120.470983711929,38.9675006816645],[-120.471800637508,38.9671398220956],[-120.472023558683,38.967041688087],[-120.472653317848,38.9663155091467],[-120.47294151588,38.9658958267948],[-120.473071569528,38.9654804671317],[-120.473199699414,38.9651037486638],[-120.47356261067,38.9647540015556],[-120.473962737584,38.9645823385031],[-120.474537172146,38.9643790150865],[-120.475024593435,38.9642257102648],[-120.475532865385,38.9640105303477],[-120.475542000121,38.9640044440221],[-120.476047458866,38.9636678978409],[-120.476570632532,38.9633022516974],[-120.477186668617,38.9626856350794],[-120.477908720316,38.9619062346518],[-120.478399760648,38.9612599385196],[-120.478784196802,38.9607703731033],[-120.479140198234,38.9603320359592],[-120.479519443042,38.9600415273689],[-120.479941862141,38.9600456440687],[-120.480115968839,38.9603593919142],[-120.480330194719,38.960539209736],[-120.480829246413,38.9606244579885],[-120.48114058872,38.9606318991995],[-120.481752414021,38.9605574961125],[-120.482209713808,38.960465311209],[-120.482689018943,38.9602009508675],[-120.483043673639,38.9598589211271],[-120.483304894664,38.9593363458646],[-120.483471414158,38.9587978167383],[-120.483652186008,38.9582341806963],[-120.483797431009,38.9577363478626],[-120.484046015998,38.9573551452032],[-120.48414001426,38.9572110961228],[-120.484562913764,38.9568411427685],[-120.485012782353,38.9562671125],[-120.485339549605,38.9557899846245],[-120.485388284776,38.9554281205205],[-120.485477380253,38.9550455815247],[-120.485678250696,38.9545689288708],[-120.485809370948,38.9541040830301],[-120.48596608878,38.9537481825462],[-120.486093768945,38.9535795516524],[-120.486337007542,38.9532564402902],[-120.486535333439,38.9530090881659],[-120.486716679076,38.952786065772],[-120.48704287726,38.9525289790052],[-120.48744116533,38.952333216667],[-120.487885930288,38.9521265504598],[-120.488387274414,38.9518459486453],[-120.488898493593,38.9515589092876],[-120.489511409496,38.9510624454286],[-120.48987326842,38.9505880122358],[-120.490135369618,38.9501985968307],[-120.490497916622,38.9497525939537],[-120.490773842654,38.9492122339035],[-120.49081517194,38.9484926340365],[-120.490737530733,38.9479234111029],[-120.490590475561,38.9474002477816],[-120.490364989906,38.9467766541688],[-120.490083826758,38.9461801572002],[-120.48988458971,38.9456654056518],[-120.489767913712,38.9451545264096],[-120.489839387336,38.9447770269712],[-120.490136547128,38.9443139472136],[-120.490591282794,38.9438722162309],[-120.491250268146,38.9433984199079],[-120.491610678956,38.9431502228266],[-120.492255635287,38.9427484915539],[-120.49264074887,38.9425372453809],[-120.493134803298,38.9423788999577],[-120.493793763224,38.9422196112682],[-120.494603830016,38.9420434082939],[-120.495614710317,38.9419604205906],[-120.496747108225,38.9418778399659],[-120.497565429475,38.9418576524304],[-120.498288187753,38.9418184846169],[-120.499131553626,38.941741323114],[-120.499940905902,38.9415980003594],[-120.5006823539,38.9414662368958],[-120.501671565827,38.9412095778321],[-120.502785442095,38.9407189459947],[-120.503700727062,38.9399000229087],[-120.504085397912,38.9393303560166],[-120.504161227372,38.938970864712],[-120.504169007458,38.9384148874663],[-120.504211309375,38.937972772178],[-120.504167720876,38.9375400436753],[-120.504262958763,38.9371471059845],[-120.504365433262,38.9366943946489],[-120.504534669369,38.9359917866002],[-120.504709685935,38.9354452916978],[-120.505010728803,38.9351419158613],[-120.505647223304,38.9347274804043],[-120.506368966969,38.9345907335518],[-120.507014163336,38.9345375822751],[-120.50757611045,38.934243040071],[-120.508257822088,38.934053287757],[-120.509491040692,38.9340988067349],[-120.509800678218,38.9340262096305],[-120.51006019438,38.93361439131],[-120.510315372203,38.9331360857866],[-120.510491625083,38.932643753717],[-120.510714553623,38.9322878444025],[-120.511122397401,38.931824041995],[-120.511581184535,38.931395272281],[-120.512275412709,38.9311550453082],[-120.513245797967,38.9311588270583],[-120.513869282771,38.9312391004346],[-120.514403476851,38.9313053507813],[-120.515064831278,38.9313889573908],[-120.515719775359,38.9312596210579],[-120.516074330753,38.931116205817],[-120.516359233925,38.9309526788746],[-120.516654779558,38.9307979651786],[-120.516893830316,38.930570580116],[-120.517108569598,38.9303422522067],[-120.51726596173,38.9300517345048],[-120.517490654549,38.9296901229042],[-120.517673698127,38.929352998612],[-120.518027749375,38.9290445260708],[-120.518388306169,38.9288823427068],[-120.518813975296,38.9288666171084],[-120.520466490599,38.9291390039818],[-120.521231921846,38.9293869134537],[-120.522104042656,38.9297827642788],[-120.5227351965,38.9301329280624],[-120.523689124193,38.9303524568685],[-120.524367571594,38.9304087926926],[-120.525084971781,38.9302842604463],[-120.525721007284,38.9299517677603],[-120.526215039669,38.929666354495],[-120.526734986236,38.9293501259349],[-120.527313794053,38.9291045309099],[-120.527882835764,38.9287684593821],[-120.528655985172,38.9285093884338],[-120.529327614105,38.9282645457049],[-120.529792373627,38.927939889181],[-120.53006616858,38.9274345082326],[-120.530293798415,38.9266846541045],[-120.530434884544,38.9260800782712],[-120.530619355631,38.9255652470874],[-120.531200576787,38.9250003642581],[-120.531892390999,38.924821257699],[-120.532850258211,38.9250521582662],[-120.533728362642,38.9253374916868],[-120.534709754394,38.9255091357882],[-120.535668683043,38.9256622268846],[-120.53624999168,38.9257594530558],[-120.536540580785,38.9258078164551],[-120.537387691975,38.9258342606651],[-120.538084893837,38.9259308480043],[-120.539011893874,38.9262658560876],[-120.539979016238,38.9266521383513],[-120.540748752398,38.926576280151],[-120.541381505018,38.9263024568703],[-120.542019455122,38.9258044982274],[-120.542095688434,38.9252971075381],[-120.541986426498,38.9245353484002],[-120.541905987144,38.9240716635805],[-120.541898730547,38.923223496996],[-120.542361503353,38.9223953087369],[-120.543279974491,38.921558353882],[-120.544851498327,38.9210839027736],[-120.546446756785,38.9203660312468],[-120.547764298467,38.920193276448],[-120.54884039825,38.9201598833726],[-120.549959049094,38.9200069485918],[-120.550408554857,38.9200327906842],[-120.550839312858,38.9202245409464],[-120.552074018253,38.9203965583331],[-120.552976256291,38.9200454547455],[-120.552986845321,38.9200364415737],[-120.554038598809,38.919137404835],[-120.55527052852,38.9172186902669],[-120.555977040108,38.9158020596912],[-120.556842475127,38.9150788303975],[-120.557573399619,38.9150755662878],[-120.55884107011,38.9155801272506],[-120.560264559895,38.915012957664],[-120.56241984847,38.9138337430726],[-120.564809628747,38.9133234946956],[-120.565540135171,38.9134234596336],[-120.565784360454,38.9135590569054],[-120.566841002345,38.9144874633516],[-120.567385810921,38.9145288039066],[-120.568272763592,38.9140879797219],[-120.569714399594,38.9137453911204],[-120.571046990071,38.9139962936429],[-120.571942313322,38.9140744608373],[-120.572755737084,38.9146178064337],[-120.574586805074,38.9158677153915],[-120.57609182863,38.9163782899444],[-120.576290055395,38.9163884332382],[-120.577398096909,38.9164482634185],[-120.578380603438,38.9167244847934],[-120.579130078817,38.9168927549029],[-120.579628568919,38.9171877125546],[-120.579801031882,38.9175861727512],[-120.579971227398,38.917918834077],[-120.580173569722,38.9190996282508],[-120.580858854461,38.9203033412968],[-120.583039204208,38.9211172467914],[-120.58367534648,38.9212176768132],[-120.585210237686,38.9218382858228],[-120.586656249951,38.9234194451035],[-120.587038222146,38.9238584732912],[-120.587253343937,38.9242537590887],[-120.587312143374,38.9245795915201],[-120.587236840359,38.9252455266934],[-120.586782872073,38.9257682644193],[-120.58562260516,38.9262557763793],[-120.58558881836,38.926296393933],[-120.585093684487,38.9266434735753],[-120.584461038984,38.926989180729],[-120.584207504295,38.9274484396354],[-120.58416052215,38.9280113241914],[-120.584443649368,38.9284693689674],[-120.584779935144,38.9288358436672],[-120.585959081511,38.9297731659543],[-120.586440189805,38.9301436202738],[-120.587058958744,38.9304923742691],[-120.587800799046,38.9309077309482],[-120.58850549379,38.9311263903999],[-120.58941642273,38.9313633374795],[-120.5902116414,38.9313971980745],[-120.591152372539,38.9314562946429],[-120.59175185663,38.9314337837553],[-120.592374963325,38.9314645847556],[-120.592895661346,38.931787583601],[-120.593261090237,38.932171425382],[-120.593489080669,38.9325466706422],[-120.593766302267,38.9330848900079],[-120.593858793593,38.9337528290784],[-120.593897958517,38.9344132302333],[-120.594180374223,38.9349488469737],[-120.594734864478,38.9354296965154],[-120.595384054102,38.9357362899899],[-120.596146878421,38.9357980852235],[-120.596274570993,38.9358147026614],[-120.596834933438,38.935887561411],[-120.597364646038,38.9360630563447],[-120.598108660934,38.9362816926619],[-120.598711142464,38.9363247602079],[-120.599375208091,38.9362386728178],[-120.5999792827,38.9361403535661],[-120.600663423828,38.9360274236991],[-120.6012235361,38.9358046360231],[-120.601870761219,38.935368225725],[-120.602926972623,38.9347224686017],[-120.6036367712,38.9344429463814],[-120.604577029811,38.9343176067716],[-120.605342857076,38.9343406849724],[-120.606505531001,38.9349193061456],[-120.607078775871,38.935360611354],[-120.607678070328,38.9360014575223],[-120.608033137797,38.9368273254794],[-120.608737287164,38.9379569708302],[-120.609324317196,38.9389904978577],[-120.610193064639,38.9400864009386],[-120.610858691708,38.9410425383609],[-120.61100842798,38.9412683559468],[-120.611561428664,38.942096011289],[-120.612325912557,38.9427604294978],[-120.612901259213,38.942906793735],[-120.613623139726,38.9429594719518],[-120.614068715552,38.94299147275],[-120.615645857563,38.9428716760998],[-120.617063180661,38.942940816023],[-120.617622437235,38.9429912355792],[-120.618062955973,38.9431295727554],[-120.618740227093,38.9433317662512],[-120.618752324312,38.9433353425166],[-120.619380577096,38.9432123021371],[-120.620161991299,38.943010338604],[-120.620989714082,38.9428535703725],[-120.621832544168,38.9428167337875],[-120.622506118215,38.9430249853314],[-120.6233240976,38.9435151846994],[-120.623919843445,38.944032710841],[-120.624768206207,38.9448487312988],[-120.625631911804,38.9449680393972],[-120.626183454748,38.9450347473463],[-120.626865769148,38.9450819611541],[-120.627582959018,38.9452333306193],[-120.628217907263,38.9454187951287],[-120.628965252053,38.9458134617849],[-120.629566341145,38.9461484577078],[-120.630450143974,38.9462862288899],[-120.631014691283,38.9463084972112],[-120.631762402383,38.9460233449089],[-120.632228195456,38.9457430858519],[-120.632599109205,38.9452711291045],[-120.632814794758,38.9449654918623],[-120.63299663073,38.9446152446691],[-120.633261959426,38.9442387085326],[-120.633492468956,38.9441892393573],[-120.633808919945,38.9440776728436],[-120.634274406924,38.943910899704],[-120.635066675114,38.9434590655744],[-120.635974100757,38.9432776828921],[-120.636407920957,38.9433364403451],[-120.636998951442,38.9436539112473],[-120.637809001797,38.9438921631414],[-120.638514995114,38.9440044216201],[-120.639436356434,38.9439746659043],[-120.640609074747,38.9438769341541],[-120.641519809489,38.9443175861016],[-120.6421817731,38.944899197765],[-120.643695568101,38.9459698542485],[-120.644589354789,38.9464551561971],[-120.645309039218,38.9467400163676],[-120.64637349214,38.9468998973652],[-120.647275072592,38.9472250876854],[-120.648537512027,38.9476643890741],[-120.64967845158,38.9481543060548],[-120.650505913148,38.9486080630571],[-120.651180585952,38.9486120946616],[-120.651405125171,38.9486084912355],[-120.652150336352,38.9485240038922],[-120.653277013154,38.948227615467],[-120.65417254949,38.9482175989596],[-120.654708815652,38.9486326978552],[-120.654906019821,38.9494144361762],[-120.654969382202,38.9500791245972],[-120.654974700161,38.9505388043206],[-120.65510217226,38.9508344694363],[-120.655106157037,38.9508431385373],[-120.655116732891,38.9508640764466],[-120.655154281284,38.9509128971152],[-120.655163904505,38.9508932089135],[-120.655286491573,38.9509307916599],[-120.655518080358,38.9510714596762],[-120.655875074878,38.9512848926853],[-120.656335860992,38.9514495712997],[-120.656828105223,38.9514741467476],[-120.657454694686,38.9514967554153],[-120.658002786816,38.951493438695],[-120.658561107289,38.9514903733395],[-120.659222263778,38.9515411068374],[-120.659791982481,38.9517147982708],[-120.659907308907,38.951865157849],[-120.660201225894,38.9523635844139],[-120.660396998035,38.952934311904],[-120.660862767538,38.953486424069],[-120.661189098117,38.9536768321299],[-120.661313779322,38.9537641922453],[-120.662080607133,38.9542122239957],[-120.662766569959,38.9546276862149],[-120.663510767089,38.9550663864487],[-120.664216965833,38.9555194195149],[-120.664954525053,38.955840828963],[-120.665784492042,38.9560720408387],[-120.666851038207,38.9562144290583],[-120.667725809492,38.9566355386222],[-120.668664142983,38.9571636162046],[-120.6692806957,38.9573791524616],[-120.669621661024,38.9574983589704],[-120.670827897256,38.9576992058554],[-120.672196358776,38.9578808285667],[-120.673455987697,38.9582496604512],[-120.67412706923,38.9588007617961],[-120.674258111606,38.9594392692338],[-120.674365638581,38.9602992572535],[-120.674608158408,38.961334555248],[-120.675261794587,38.961797246652],[-120.675264258978,38.9617990045282],[-120.675400875589,38.9618949151467],[-120.676411793522,38.9623023215161],[-120.677224883162,38.9628372249884],[-120.677676293562,38.9634738210621],[-120.678088313463,38.964065288821],[-120.678950462197,38.9650907784911],[-120.679980929786,38.9656788208131],[-120.681107515735,38.9660784622187],[-120.682359343625,38.9664059973207],[-120.683359905458,38.9667855438997],[-120.683938340454,38.9672366653361],[-120.684319259767,38.9678759392582],[-120.684444145294,38.968427421984],[-120.684429529469,38.9688570350003],[-120.684247769571,38.9691586583333],[-120.684023761027,38.9693635391058],[-120.684013314946,38.9693729494537],[-120.683907536458,38.9697408023284],[-120.683900740063,38.970179167178],[-120.683982243432,38.970752019466],[-120.684105549181,38.9713394584569],[-120.684181717441,38.9719800781367],[-120.684360970772,38.9727301406504],[-120.684738670178,38.9735429978319],[-120.685164813621,38.9744112667437],[-120.685333255309,38.9748572134019],[-120.685536933786,38.9753533990158],[-120.685588814238,38.9761209416049],[-120.685327132317,38.9783270843947],[-120.685322360555,38.9807465051323],[-120.685430024797,38.9821072854497],[-120.685639243753,38.982886626679],[-120.685806260343,38.9835265397008],[-120.68594236148,38.9840388221194],[-120.686067537358,38.9846261957195],[-120.686173339544,38.9851921241804],[-120.686102240929,38.9856283894202],[-120.685897694468,38.9860089691707],[-120.68576415138,38.9864370326156],[-120.685728034668,38.9870549630067],[-120.68600339124,38.9875890547754],[-120.686671798886,38.9881584192573],[-120.687185539146,38.9884026285396],[-120.687854176178,38.9886220266645],[-120.688567296517,38.9888069913238],[-120.68932759321,38.9889031519816],[-120.689987106201,38.9887693974099],[-120.690311166848,38.9885278719994],[-120.690873696491,38.9879120991338],[-120.69103072997,38.9877330897378],[-120.691173065738,38.9876239670984],[-120.691342672862,38.9874994986647],[-120.691529137715,38.9873366364096],[-120.691715415397,38.9869893174246],[-120.691939292315,38.9866064187412],[-120.692046776751,38.9864370392401],[-120.692117403716,38.9863372707818],[-120.692167606127,38.9862689897787],[-120.692235012093,38.9862103493075],[-120.692289267661,38.9861454923263],[-120.692376817607,38.9860152671927],[-120.692433418721,38.9859242928277],[-120.692517552148,38.9858209413892],[-120.692618881481,38.9857142954168],[-120.692729255014,38.9855902986734],[-120.692852461409,38.985422949112],[-120.692922541595,38.9853165286564],[-120.693088341655,38.9851518120692],[-120.693145898984,38.9851024510964],[-120.693206191178,38.9850574606496],[-120.693254647747,38.9850169781119],[-120.693295322957,38.9849863213368],[-120.693332026205,38.9849611670981],[-120.693396454356,38.9849303921537],[-120.693451676536,38.9849008049241],[-120.69351479005,38.9848744640355],[-120.69357540529,38.9848653680233],[-120.693616172712,38.9848478668894],[-120.693680644209,38.9848194266279],[-120.693767510926,38.9847833561068],[-120.693830685662,38.984751798356],[-120.693903039673,38.9847223751771],[-120.693939944667,38.9847092515465],[-120.69405583983,38.98465398203],[-120.694125646082,38.9846214822364],[-120.69422840435,38.9845707339107],[-120.694325940339,38.9845361556763],[-120.694416874225,38.984493128133],[-120.694489397227,38.9844640911934],[-120.694561899988,38.9844265553566],[-120.694647599779,38.9843869150689],[-120.69473995207,38.9843356649271],[-120.694796671368,38.9842973060233],[-120.694850826489,38.9842568317572],[-120.694907544904,38.9842281120135],[-120.694984167834,38.9841750375349],[-120.695051521173,38.9841400384049],[-120.695186186672,38.9840914046055],[-120.695223133397,38.9840893464617],[-120.695318138681,38.9840640764519],[-120.695413203571,38.9840336166825],[-120.69555182764,38.9839821149622],[-120.695706382237,38.9839214009797],[-120.695903322296,38.9838231001839],[-120.696017016285,38.9837668427775],[-120.69611488933,38.9837137587025],[-120.69623256515,38.9836619116656],[-120.696309349762,38.9836162808545],[-120.696440266858,38.9835532407678],[-120.696455979788,38.9835617099004],[-120.696490542771,38.9835284843702],[-120.696492159334,38.9835266357087],[-120.696546489217,38.9834650723776],[-120.696622540802,38.9833664052746],[-120.696677012641,38.9833219794668],[-120.696718004917,38.9833045887931],[-120.696789464411,38.9832739456628],[-120.696847745393,38.9832442811685],[-120.696910054191,38.9832042269689],[-120.696976510005,38.9831528221815],[-120.6970323715,38.9831055557641],[-120.697112023214,38.9830502623398],[-120.697177015481,38.983011528184],[-120.697230137462,38.9829716178747],[-120.697317654825,38.9829228378716],[-120.697405270199,38.9828668918749],[-120.697510161734,38.9827936183888],[-120.697603901305,38.9827700621945],[-120.697692641479,38.9827236849014],[-120.697768222505,38.9826792469489],[-120.697850204072,38.9826483920201],[-120.697949019011,38.9826281600459],[-120.698094232194,38.9825777732248],[-120.698353590444,38.9824520459755],[-120.698526702947,38.9823767341354],[-120.698698199371,38.9823109044527],[-120.69884903062,38.9822284229342],[-120.698901833781,38.9822058082746],[-120.698982349792,38.9821704053235],[-120.699164496085,38.9820878336694],[-120.699348112664,38.9819912179988],[-120.699581052012,38.9818448720788],[-120.699696211073,38.9817698166487],[-120.699775612778,38.981716441258],[-120.699824641427,38.9816808779838],[-120.699919486758,38.9816371754348],[-120.699988143127,38.9815980139594],[-120.700053867914,38.9815709851827],[-120.70010251003,38.9815507677919],[-120.700174685574,38.9815249641813],[-120.700203643972,38.9815113921958],[-120.700278331986,38.9814867418528],[-120.700434818626,38.9814660254175],[-120.700641735385,38.9814465590286],[-120.70064928575,38.9814568861458],[-120.700693515931,38.9814508443033],[-120.70076384692,38.9814393267633],[-120.70084583629,38.9814271149087],[-120.700949733368,38.9814154501587],[-120.701018494059,38.9814089953772],[-120.701076914582,38.9814022873485],[-120.701113266937,38.9813961024986],[-120.701239058392,38.9813819897266],[-120.701304098183,38.9813654152912],[-120.701363860111,38.9813527082702],[-120.701406811545,38.9813396497452],[-120.701458928963,38.9813217499487],[-120.701487654237,38.9813093552858],[-120.701598016387,38.9812808459118],[-120.701677268079,38.9812586357826],[-120.701753682513,38.9812434231394],[-120.701790000933,38.9812332825501],[-120.701865078903,38.9812180558329],[-120.701933538946,38.9812087132349],[-120.702012340151,38.9811976740864],[-120.702134821178,38.9811837162474],[-120.702206973275,38.9811745245624],[-120.7023485664,38.9811600930211],[-120.702414030429,38.9811587910222],[-120.702485752326,38.9811596723468],[-120.702571522356,38.9811619192482],[-120.702625111904,38.981167322077],[-120.702711879766,38.9811766091706],[-120.702831881282,38.9811827798241],[-120.702899503369,38.9811865531976],[-120.703001465615,38.9811922208805],[-120.70310216125,38.9811978455344],[-120.703202430741,38.9812094800658],[-120.703389640535,38.9812094236042],[-120.703577709647,38.9812123693508],[-120.703685472095,38.9812182370631],[-120.703799083219,38.9812371866487],[-120.703945144413,38.9812689925751],[-120.70406212962,38.9812919886693],[-120.704225870495,38.98131322654],[-120.704341504909,38.9813292321998],[-120.704469425998,38.9813564687049],[-120.704568373816,38.98137495255],[-120.704722478046,38.9813998439394],[-120.704864976868,38.9814263916968],[-120.704972579477,38.981441099211],[-120.705120203327,38.9814548237498],[-120.705203912643,38.9814639380176],[-120.705366289127,38.9814770578042],[-120.70553912044,38.9815072367769],[-120.705649604307,38.9815298571641],[-120.705771130276,38.9815527920956],[-120.705902219016,38.9815837975457],[-120.705990897829,38.9816137269561],[-120.706113839821,38.9816573827813],[-120.706306492343,38.9817293288598],[-120.706463049519,38.9817934047536],[-120.706625479488,38.9818614999209],[-120.706811553957,38.9819527324765],[-120.707016204156,38.9820304676549],[-120.7071153595,38.9820859687366],[-120.707204493317,38.9821431161964],[-120.707289845432,38.9821992053313],[-120.707384922773,38.9822583953137],[-120.707448548865,38.9823001009872],[-120.707556636701,38.9823673987148],[-120.707644871424,38.9823947407075],[-120.707882026259,38.9824728900939],[-120.707965253999,38.9825027574787],[-120.708055483225,38.9825403911566],[-120.708140877828,38.9825826127852],[-120.708269418129,38.9826513458395],[-120.708367694015,38.9827030737278],[-120.708476892062,38.9827501170531],[-120.708550990805,38.982784743339],[-120.708625159853,38.9828184919357],[-120.708739069427,38.9828627862328],[-120.708796092682,38.9828845358808],[-120.708871983046,38.9829155573286],[-120.70896960799,38.9829585725551],[-120.709037879669,38.9829925293769],[-120.70912995129,38.9830526738088],[-120.70925573011,38.9831263447411],[-120.709339943292,38.9831698154975],[-120.70943022771,38.9832372987858],[-120.709483057713,38.9832807504035],[-120.709572603045,38.9833367194265],[-120.709666586866,38.9833952917457],[-120.70973145191,38.9834627408354],[-120.709803679788,38.9835346095241],[-120.709831917301,38.9835644157404],[-120.709885416944,38.9836233077617],[-120.709962219169,38.9836951450478],[-120.710022148393,38.9837738524326],[-120.710103918558,38.9838646374598],[-120.710154472464,38.9839500790692],[-120.71023640009,38.9840148329635],[-120.710299858676,38.9840620552609],[-120.710362195988,38.9841283497996],[-120.71043687423,38.9842415733181],[-120.710525398389,38.9843518481799],[-120.710604520427,38.9844161040415],[-120.71070089269,38.9844972741909],[-120.710832226841,38.9846004161888],[-120.71098689856,38.9847204027834],[-120.711159490663,38.9848456121006],[-120.711422913353,38.9849988484427],[-120.711615340003,38.9851285605631],[-120.711761314813,38.9852257397688],[-120.711856368531,38.9852866555387],[-120.711965376179,38.9853426190475],[-120.712046398221,38.9853837451665],[-120.712181406103,38.9854649296906],[-120.712269982467,38.9855086663529],[-120.712339552279,38.9855391209583],[-120.712446482949,38.9855796269726],[-120.712532966164,38.9856068629279],[-120.712727978656,38.9856737447267],[-120.712797144959,38.9856839008413],[-120.712974503511,38.9857115095289],[-120.71322656573,38.9857602382202],[-120.713538607868,38.9858250063954],[-120.713838509084,38.9858938407132],[-120.71404444371,38.9859309359223],[-120.714193269304,38.9859585023889],[-120.714371032021,38.9859833673231],[-120.714470888741,38.9859871609961],[-120.714504157146,38.9859880778814],[-120.71457821141,38.9859925749179],[-120.714776015208,38.9860104385232],[-120.714889031402,38.9860259109687],[-120.715034680846,38.9860210379776],[-120.715180896932,38.9860412145724],[-120.715277018717,38.9860627608649],[-120.715478780155,38.986097253302],[-120.715518000336,38.9861017510381],[-120.715777800953,38.9861662936069],[-120.715987098338,38.9862062225797],[-120.716077340713,38.9862260834728],[-120.716136137943,38.9862356844914],[-120.716251942333,38.986261374213],[-120.716307987533,38.9862626236928],[-120.716436316678,38.986277740907],[-120.716513641359,38.9862784284376],[-120.716552932125,38.9862829257003],[-120.71676385053,38.9863228170795],[-120.717054641918,38.9863820142791],[-120.717369432614,38.9864527342062],[-120.71762081734,38.9865177835492],[-120.717768110374,38.9865660889579],[-120.717846213113,38.9865957828092],[-120.718037425275,38.9866494870387],[-120.718106666756,38.9866691151192],[-120.718183325567,38.9866988757308],[-120.718240560728,38.9867151029334],[-120.718333819978,38.9867472706155],[-120.718394049606,38.9867671425824],[-120.718463447843,38.9867839846573],[-120.718553766,38.9868134007451],[-120.718579364468,38.9868220846625],[-120.71863042622,38.9868450827838],[-120.718726577338,38.9868865905099],[-120.718776158746,38.9869096812901],[-120.718819565561,38.9869376196491],[-120.718852028831,38.9869753371341],[-120.718887556497,38.9870148730936],[-120.718923393187,38.9870420965585],[-120.718939702464,38.9870576821163],[-120.71895852391,38.9870967738708],[-120.71897643438,38.9871122932522],[-120.719029475791,38.9871835061853],[-120.719083821906,38.9872642347839],[-120.719114133948,38.9873333849279],[-120.719195457407,38.9874381365573],[-120.719251661033,38.9875095481371],[-120.719277895439,38.9875610237412],[-120.719352881474,38.9876796007768],[-120.719395509246,38.9877488034087],[-120.719452583362,38.9878538647403],[-120.719523091475,38.9879730509959],[-120.719543058324,38.9880364572563],[-120.719581520488,38.9880908133242],[-120.719583737285,38.9881960398214],[-120.71960448635,38.9883622963182],[-120.719658289435,38.988621348431],[-120.71966031226,38.9888035727027],[-120.71967919129,38.9889818641112],[-120.719680351026,38.9891320323732],[-120.719683261483,38.9892066470618],[-120.719674431332,38.9893215561209],[-120.719672601652,38.9894014189283],[-120.719714339584,38.9895199868531],[-120.719720005569,38.9896056719771],[-120.719707576524,38.9896782791737],[-120.719722070643,38.9898421595184],[-120.719728854212,38.9899477929692],[-120.719752323749,38.9900589380509],[-120.719770850677,38.9901202967888],[-120.719776617887,38.9901867596169],[-120.719786158209,38.9903795021041],[-120.719800285826,38.9904662415489],[-120.719823945844,38.9905706874935],[-120.719840541909,38.9906434759561],[-120.71987851824,38.9907385238904],[-120.719913847027,38.9908749797209],[-120.719958736194,38.9910509478276],[-120.719967246043,38.9911994390976],[-120.719986478605,38.9912782711994],[-120.720003571738,38.9913430467104],[-120.720020473053,38.9914106481655],[-120.72005426732,38.9914781343934],[-120.720075380193,38.9915287840653],[-120.72011917981,38.9915838850894],[-120.720152645386,38.9916325560102],[-120.720223683843,38.9917147584917],[-120.720245358912,38.9917343291184],[-120.720305701816,38.9917930985288],[-120.72036597484,38.9918537627196],[-120.720422946221,38.9918945915036],[-120.720425851683,38.9918974244588],[-120.720501002594,38.9919408692999],[-120.720596804062,38.991996376658],[-120.720679471507,38.9920425950802],[-120.720812553811,38.992112791766],[-120.720954100777,38.9922170494715],[-120.721093923323,38.9923252152632],[-120.721183348149,38.9924085254156],[-120.721275448992,38.9924975480212],[-120.721358240698,38.9925896270296],[-120.721448721896,38.992680719187],[-120.721546140732,38.9927832014608],[-120.721624895642,38.9928669698115],[-120.721698593102,38.9929345908741],[-120.721801731428,38.9930438909671],[-120.721904623374,38.9931571424904],[-120.721984713905,38.9932449353331],[-120.72206116344,38.9933415020665],[-120.722129090976,38.9934286387728],[-120.722166630511,38.9934875695564],[-120.722209027396,38.9935425723691],[-120.722264370711,38.9936348711355],[-120.722317403175,38.9937157476124],[-120.722343061666,38.9937691936771],[-120.722363615568,38.9938314525922],[-120.722410528233,38.993936620619],[-120.72245104586,38.9940217536096],[-120.722470195894,38.9941053620153],[-120.722517489294,38.9942049870743],[-120.722560947405,38.994316349841],[-120.722607990905,38.9945158738552],[-120.72263567479,38.9947548115636],[-120.722632992462,38.9950599803743],[-120.722613709483,38.9951693376751],[-120.722605245101,38.9952055203072],[-120.722595462434,38.9952622019999],[-120.722577494134,38.9953024814614],[-120.722570101901,38.9953455419222],[-120.722516826949,38.9954333253709],[-120.722484355383,38.995483607423],[-120.722334677477,38.9956582902024],[-120.722133578493,38.9959096011421],[-120.722071089615,38.9959930821933],[-120.722036780658,38.9960457323532],[-120.7220013454,38.9960925212345],[-120.721978598621,38.996155760894],[-120.721957367329,38.9961974333421],[-120.721925410507,38.9962835558114],[-120.721909259043,38.9963635370493],[-120.721871973407,38.9964309830755],[-120.721843176455,38.9964765537212],[-120.721821826895,38.9965481568028],[-120.721839865895,38.996636778535],[-120.721851785167,38.9967154470705],[-120.721872794418,38.9968129981856],[-120.721896928394,38.9968924593653],[-120.721954551755,38.9970116673055],[-120.722021294066,38.9971374016979],[-120.722086395827,38.9972721788045],[-120.722092366237,38.9973002266383],[-120.722116390947,38.9973808406683],[-120.722152704508,38.9974532684524],[-120.722181397792,38.9975111687271],[-120.722226892007,38.997579907867],[-120.722294426703,38.9976422434784],[-120.722351576524,38.9976950178494],[-120.72250220101,38.9977981378453],[-120.722640632157,38.9978846195638],[-120.722766670436,38.9979793142064],[-120.722967134569,38.9981034928159],[-120.723223311853,38.9982801832879],[-120.723403290589,38.9984261879385],[-120.723598382517,38.9985615935156],[-120.723805530572,38.9986841411196],[-120.723998992138,38.9987889646422],[-120.724092427807,38.9988572669984],[-120.724167579577,38.998930586311],[-120.724271334905,38.999019954741],[-120.724391849454,38.9990952537783],[-120.724512186734,38.9991784321696],[-120.724621835025,38.9992630312752],[-120.724779609177,38.9993720754325],[-120.724878678372,38.9994423064726],[-120.725072105022,38.9995805463442],[-120.725208604034,38.9996653018874],[-120.725368828091,38.9997752234265],[-120.725511132723,38.999861991782],[-120.725666657955,38.999965133256],[-120.725809680076,39.0000923306514],[-120.725943721848,39.0002062488684],[-120.726046500852,39.0002884920551],[-120.726195511916,39.0003928805129],[-120.726296894436,39.0004559677324],[-120.726386568346,39.0004968763146],[-120.726516601356,39.0005420984073],[-120.72660457523,39.0005875460817],[-120.726701174995,39.0006563484588],[-120.726891958599,39.0007422441569],[-120.726950854838,39.0008156316526],[-120.727011878769,39.0008450494977],[-120.727052203049,39.0008571610421],[-120.727121045512,39.0008627470489],[-120.727170455874,39.0008666647144],[-120.72723622392,39.0008768019319],[-120.72731675725,39.0008976738977],[-120.727422441627,39.000936807],[-120.727528000792,39.0009849182999],[-120.727633339467,39.0010374750311],[-120.727732584092,39.0010981492229],[-120.727798921721,39.0011531365984],[-120.727866586161,39.0012204128257],[-120.727983594163,39.0012836421959],[-120.728004734685,39.0013273704512],[-120.728005887778,39.0013297723368],[-120.728023836246,39.0013670402244],[-120.728045269966,39.0014081364262],[-120.728082841965,39.0014658294002],[-120.728122939001,39.0015455463698],[-120.728164338623,39.0016194007223],[-120.728220474691,39.0017016271473],[-120.728271226466,39.0017720960511],[-120.728320658589,39.0018297544815],[-120.728370039906,39.0018804642918],[-120.728427531179,39.0019244245012],[-120.728466329649,39.0019529682324],[-120.72857571499,39.0020429428221],[-120.728686184528,39.002143171917],[-120.728788518924,39.0022338657578],[-120.72890083171,39.0023647611023],[-120.728979108693,39.0024271819962],[-120.729069169125,39.0024978326721],[-120.729136743184,39.0025427818665],[-120.729201292247,39.0026093097364],[-120.729232622556,39.002657926616],[-120.729281256916,39.0027091504145],[-120.729349843692,39.0027585584656],[-120.729407222284,39.0028383265611],[-120.729557059527,39.0028883470175],[-120.729693558664,39.0029992667073],[-120.72973200216,39.0030103684571],[-120.729787978809,39.0030093582039],[-120.729802531547,39.003014212619],[-120.729862067835,39.003032546471],[-120.729915035685,39.0030462228807],[-120.729990734619,39.0030581155334],[-120.730099572983,39.0030707812243],[-120.730233563941,39.0030919033777],[-120.730376833143,39.0031098317916],[-120.730486081487,39.003105475649],[-120.730575327162,39.0031018077218],[-120.730672422877,39.0031039651656],[-120.730776627274,39.0030904092483],[-120.730889085944,39.0030679635316],[-120.730985587155,39.0030463051301],[-120.731140543053,39.0029873603237],[-120.731249047793,39.0029262065006],[-120.731309462196,39.0028718614463],[-120.731355719437,39.0028455912545],[-120.731467841251,39.0028025728859],[-120.731577960225,39.0027435787757],[-120.731642563251,39.002689168356],[-120.731685538609,39.0026456723836],[-120.731748248164,39.0026105465984],[-120.7318424436,39.0025544267096],[-120.731935160178,39.0025062270117],[-120.731974966441,39.0024785124054],[-120.732011738309,39.0024610633773],[-120.732098633042,39.0024275187983],[-120.732168030787,39.0023981505268],[-120.732253359469,39.0023713989798],[-120.732303739212,39.0023507473999],[-120.732352613393,39.0023335128877],[-120.732400471689,39.0023081930864],[-120.732452859857,39.002271553625],[-120.732507031998,39.0022257349736],[-120.73254710748,39.0021967608899],[-120.732593880618,39.0021690957695],[-120.732624390493,39.0021456466231],[-120.732682942383,39.0020929545438],[-120.732752247616,39.0020116845547],[-120.732811925024,39.0019669410268],[-120.732898758439,39.001917000813],[-120.732997235322,39.0018477188283],[-120.733096599272,39.0017621880747],[-120.733160671489,39.0016861881693],[-120.733202091163,39.0016350671998],[-120.733228916366,39.0016090245575],[-120.733261925945,39.0015657754827],[-120.733302583745,39.0015041016063],[-120.733351033886,39.0014495424922],[-120.733365569517,39.001427814987],[-120.733419885039,39.0013640102399],[-120.733466881994,39.0013139390657],[-120.733533889346,39.0012409908256],[-120.733595971782,39.0011876510756],[-120.733661042406,39.0011285489492],[-120.733713621607,39.0010772473323],[-120.733815260504,39.0010199716227],[-120.73391522605,39.0009696238697],[-120.734002607698,39.0009283125912],[-120.734037472932,39.0009091943905],[-120.734088387149,39.000893957997],[-120.734150900025,39.0008637443215],[-120.7342319854,39.0008163497695],[-120.734286569316,39.0007847867271],[-120.734350504406,39.0007557416044],[-120.734400208781,39.0007392558402],[-120.734474031491,39.0007033709669],[-120.73450330877,39.0006887497529],[-120.734549318672,39.0006662929013],[-120.734606514144,39.0006382176924],[-120.734659167509,39.0006182222726],[-120.734712036801,39.0005958948437],[-120.734760735999,39.0005746473578],[-120.734804833977,39.0005626592612],[-120.734845272353,39.0005447545698],[-120.734899591994,39.0005200814531],[-120.734974533505,39.0004934889875],[-120.735022895242,39.0004792407221],[-120.735100398803,39.0004550382662],[-120.735172823893,39.0004471749794],[-120.735225800079,39.0004247935236],[-120.735286552538,39.0004084273716],[-120.735356339157,39.0004005073886],[-120.735425943289,39.0003949206148],[-120.735495954435,39.0003823072956],[-120.735575807766,39.0003663682208],[-120.735644167053,39.0003595587419],[-120.735720926714,39.0003494078442],[-120.735801217789,39.000346407239],[-120.73588685027,39.0003458538468],[-120.735934398463,39.0003456834468],[-120.735992780802,39.0003457405347],[-120.736048398644,39.0003469207901],[-120.736087988532,39.0003430394777],[-120.736165494521,39.0003423156979],[-120.736256053228,39.0003477463724],[-120.736341024461,39.0003566327095],[-120.736432736562,39.0003644650499],[-120.736520586964,39.0003698120764],[-120.736609625877,39.0003775332893],[-120.736693212698,39.0003851952907],[-120.736759815285,39.0004018724807],[-120.736835516521,39.0004234539266],[-120.736918214263,39.0004592532331],[-120.736976198614,39.0004816586876],[-120.737027050662,39.0005073914089],[-120.737101425607,39.0005441985658],[-120.737139224924,39.0005637759263],[-120.73720701415,39.0005968871244],[-120.737302796774,39.0006528198532],[-120.737353225176,39.0006984018084],[-120.737436422717,39.0007575206337],[-120.737473556898,39.0007828855055],[-120.737534133878,39.0008356344481],[-120.737608414111,39.0009014666679],[-120.737692899206,39.0009733132977],[-120.737738922889,39.0010034142669],[-120.73779444523,39.0010337289823],[-120.737802365526,39.0010513894219],[-120.737869844056,39.0011296969144],[-120.737964196569,39.0011770456624],[-120.737998675363,39.0011835429724],[-120.738048067701,39.0012043448012],[-120.738103618571,39.0012310613282],[-120.73819931719,39.0012760351805],[-120.738248114143,39.0013025964745],[-120.738294407914,39.0013116389191],[-120.738373771775,39.0013271894087],[-120.738443763694,39.0013413761073],[-120.738544896849,39.0013538675672],[-120.738637309011,39.0013579992783],[-120.73873873706,39.0013519029112],[-120.738817803234,39.0013407046328],[-120.738937493289,39.0013407367325],[-120.739000571615,39.0013419972549],[-120.739085669127,39.0013378932182],[-120.739167136713,39.0013302073329],[-120.73922810194,39.001325567137],[-120.739269378539,39.0013159360972],[-120.739335166657,39.0013033026817],[-120.739397505999,39.0012847550813],[-120.739480184727,39.0012782352884],[-120.739634175884,39.0012719655906],[-120.739741670739,39.0012601130513],[-120.739830922919,39.001242076284],[-120.73991827819,39.0012298128544],[-120.740001713332,39.0012163258173],[-120.740079927154,39.0012015470478],[-120.740147103865,39.0011900264419],[-120.740217513693,39.0011727738697],[-120.740318394338,39.0011479424189],[-120.740415374572,39.0011346844844],[-120.740506048268,39.0011177878488],[-120.740612130506,39.0010953467297],[-120.740713875033,39.0010634663359],[-120.740796185757,39.0010498845892],[-120.740861933383,39.0010395013216],[-120.740935229332,39.001022252495],[-120.7410378208,39.0009961758074],[-120.741108642968,39.0009893618166],[-120.741137650209,39.0009829201465],[-120.741184940062,39.0009814537624],[-120.741222618434,39.0009821637433],[-120.741310800386,39.0009768283114],[-120.741351818494,39.0009717795166],[-120.741404472445,39.0009704539033],[-120.741447768592,39.0009689172233],[-120.741527192122,39.0009692809051],[-120.741595633094,39.000971723246],[-120.741645055537,39.0009750033344],[-120.741714837006,39.0009891578616],[-120.741768976413,39.000998337748],[-120.741827666294,39.0010029539713],[-120.741862059612,39.0010082960114],[-120.741867012394,39.0010118370468],[-120.741888331748,39.0010251381647],[-120.74191972942,39.001032727197],[-120.741983483413,39.0010514022192],[-120.742051883006,39.0010760321305],[-120.742115788919,39.0011040460355],[-120.742143519654,39.0011080529137],[-120.74218663096,39.0011298275184],[-120.742238847949,39.0011541176644],[-120.742299052187,39.0011784940456],[-120.742347314975,39.0012015323804],[-120.742412866602,39.0012260214061],[-120.742464656602,39.0012525862095],[-120.742501070787,39.0012730252646],[-120.742543119566,39.0012912466771],[-120.74257348528,39.0013173873004],[-120.742630078312,39.0013370009021],[-120.742698917271,39.0013766006397],[-120.742733162118,39.001392348444],[-120.742772054593,39.0014139403391],[-120.742827741631,39.0014509276466],[-120.742874001126,39.0014877293735],[-120.742904928834,39.0015079721322],[-120.742943876976,39.0015283843414],[-120.742973144886,39.001550943494],[-120.743024477514,39.0015993607431],[-120.743070525258,39.0016580195424],[-120.743119833968,39.0017213542435],[-120.743184373072,39.0018010548405],[-120.743217682424,39.0018120138317],[-120.743221373451,39.0018559365101],[-120.743284284131,39.0019262272049],[-120.743331007294,39.0019765730281],[-120.743365482658,39.0020289822586],[-120.743394974482,39.0020984744298],[-120.743432495653,39.0021875765329],[-120.743458847381,39.0022396521247],[-120.743481916565,39.0022962222051],[-120.743506239673,39.0023436072415],[-120.743532280384,39.0024470580952],[-120.743542543252,39.0024895128584],[-120.743548637062,39.0025627058576],[-120.743549083536,39.0026288637754],[-120.743556276293,39.0026836976225],[-120.743551667839,39.0027769588479],[-120.743548271482,39.0028712773346],[-120.743544381223,39.0029200328127],[-120.74353973223,39.0029936865066],[-120.743541900117,39.0030560736512],[-120.743521302956,39.003159844783],[-120.743505570839,39.0032274201029],[-120.743493408093,39.00328819672],[-120.74347537948,39.0032946475188],[-120.743449811122,39.0033472881849],[-120.743440759153,39.0033854433999],[-120.743422787666,39.0034403354818],[-120.743432553698,39.0035148041842],[-120.743428482461,39.0036035403804],[-120.743422691767,39.0036562565857],[-120.743402439332,39.0037187306628],[-120.743391653229,39.0037891882718],[-120.743384885269,39.0038394505891],[-120.743383024836,39.0039602569579],[-120.74337459678,39.0040327175628],[-120.743381207162,39.004070766979],[-120.74337910004,39.0040963641839],[-120.743416698742,39.0041572389393],[-120.743441962907,39.0041933201589],[-120.743463769191,39.0042159626304],[-120.743490906026,39.0042475611609],[-120.74351706457,39.0042669279229],[-120.74354432713,39.0042974286538],[-120.743569184457,39.0043167273093],[-120.743606130999,39.0043429386287],[-120.743634858718,39.004362306051],[-120.743673911404,39.0043729430515],[-120.743704813057,39.0043768188753],[-120.743737963906,39.0043829154362],[-120.743766834055,39.0043823205045],[-120.743815872274,39.0043775771621],[-120.743848844403,39.0043659323196],[-120.74387013619,39.0043540795037],[-120.743902609028,39.0043368551654],[-120.743924060432,39.0043238778904],[-120.743963149253,39.0042967569258],[-120.743997422182,39.0042672767125],[-120.744012080025,39.0042564226398],[-120.744037348518,39.0042345897591],[-120.74405651818,39.0042193355116],[-120.744079040308,39.004189646568],[-120.744110568145,39.004142260333],[-120.744122515584,39.0041135006325],[-120.74413555171,39.0040769262332],[-120.744148695867,39.0040302751191],[-120.744158221293,39.003981278584],[-120.74416328764,39.0039456344981],[-120.744179875167,39.0038933635285],[-120.744211334024,39.0038379302564],[-120.74421559682,39.0038357238791],[-120.744241454304,39.0038014851006],[-120.744270595551,39.0037627500109],[-120.744297361801,39.0037318301593],[-120.744328287431,39.0036807435322],[-120.744347994173,39.0036530143518],[-120.744401811678,39.0036168660898],[-120.744443448228,39.0035928752609],[-120.744508676656,39.0035602690234],[-120.744564544142,39.0035375838618],[-120.744636725143,39.0035117942099],[-120.744698920919,39.0034914709828],[-120.744801378225,39.0034571783826],[-120.744941765007,39.0034303523857],[-120.745050152281,39.0034358592854],[-120.745145708218,39.0034435062987],[-120.745228495934,39.0034557951374],[-120.745320796695,39.003473375799],[-120.745390724776,39.0034903856327],[-120.745441659663,39.0034967832068],[-120.745476579272,39.0035103130382],[-120.745526206151,39.0035220516524],[-120.74558125224,39.0035337657297],[-120.745675138683,39.0035542741137],[-120.745794986575,39.0035754187787],[-120.74595661947,39.0036258468322],[-120.746121201753,39.0037045363571],[-120.746327624589,39.0038073742806],[-120.746462391956,39.0039262466638],[-120.746552237911,39.0040080844315],[-120.74668034237,39.0041395718263],[-120.746768106516,39.0042914672499],[-120.746784261094,39.0043412619537],[-120.746791518038,39.0043846453485],[-120.746788814469,39.0044241322244],[-120.746787629381,39.0044871967259],[-120.746784714465,39.0045445856341],[-120.746780637461,39.0045860623134],[-120.746784690276,39.0046554437824],[-120.746780680003,39.0048026992056],[-120.74678079379,39.0049277008307],[-120.746780222796,39.0050197154131],[-120.746772515307,39.0051312323479],[-120.746760838928,39.0052163713066],[-120.746745266692,39.0053009196708],[-120.746741383701,39.0053891642285],[-120.746740094217,39.0054681264186],[-120.746719346014,39.0055288658974],[-120.746689022757,39.0056136672437],[-120.746640154942,39.0057102424557],[-120.746595898139,39.0057848429856],[-120.746552857516,39.0058444641093],[-120.746542463239,39.0058988606814],[-120.74651325618,39.00597027347],[-120.746432831001,39.0061198371624],[-120.746383326491,39.0063200409971],[-120.746334170927,39.0065243955727],[-120.746260119269,39.0067612978236],[-120.746237372123,39.0069051928155],[-120.746201000781,39.0070254357136],[-120.746154901205,39.0071086399972],[-120.746120099988,39.0072296682707],[-120.746040025123,39.0073672620201],[-120.745963497227,39.0074694709032],[-120.745904436518,39.007577029281],[-120.745851087672,39.0076641086948],[-120.74585007085,39.0076898014499],[-120.745827657812,39.0077550806732],[-120.745827496591,39.0077880865292],[-120.745827095778,39.0078584633328],[-120.745841885968,39.0080032849847],[-120.745838816014,39.0080515006516],[-120.745840389179,39.0081038295369],[-120.745830153302,39.0081452398496],[-120.74583457985,39.008217344372],[-120.745820116742,39.0082490150933],[-120.745783463112,39.008295578074],[-120.74574331026,39.0083430097022],[-120.745673820712,39.0084531467487],[-120.745642845597,39.0085228933608],[-120.745612454236,39.0085914921527],[-120.745578948829,39.0087008634877],[-120.74556152644,39.0088172182083],[-120.74552788529,39.0088874577166],[-120.745504458622,39.0089463554383],[-120.745508955882,39.0089985239192],[-120.745512535693,39.0090468102953],[-120.74552144138,39.0091024588224],[-120.745526081777,39.0091147561247],[-120.74556095184,39.0091869137562],[-120.745599731447,39.0092190903081],[-120.74563862946,39.009267550735],[-120.745658625851,39.0093060738784],[-120.745699087928,39.009344652546],[-120.745741067676,39.0093650684598],[-120.745802949255,39.0093905862438],[-120.745909958161,39.0094317760758],[-120.745990604319,39.0094471161201],[-120.746056851356,39.009456617084],[-120.746146369422,39.0094837782131],[-120.746249762069,39.0095045253077],[-120.746346332293,39.0095269845313],[-120.746414276599,39.0095480634648],[-120.74648357548,39.0095661370003],[-120.746558455563,39.0095751810176],[-120.746630787839,39.009580984833],[-120.746719888672,39.0095918566153],[-120.746813462029,39.00959670865],[-120.746879922792,39.0096001418393],[-120.746972568747,39.0095997105921],[-120.747105131795,39.0095950409194],[-120.747225716802,39.0095949370363],[-120.747328815468,39.0095865996081],[-120.747380917289,39.0095840021771],[-120.747446669923,39.0095737250987],[-120.747527519703,39.0095536414782],[-120.747567303452,39.009540998509],[-120.747657376661,39.009510881157],[-120.747708557208,39.0094966308849],[-120.747762788521,39.0094930399247],[-120.747829859926,39.0094858246746],[-120.747958937807,39.0094732351811],[-120.748220851461,39.0094364515634],[-120.748571006664,39.0094214595417],[-120.749009153391,39.0093784393129],[-120.749261059508,39.0093422882477],[-120.749399565873,39.0093199124476],[-120.749465919576,39.0093154616316],[-120.749522677885,39.0093062679424],[-120.749579172889,39.009296027215],[-120.74962555503,39.0092864202657],[-120.74967130859,39.009274609169],[-120.749696100542,39.0092618585958],[-120.749718886881,39.0092490324318],[-120.749813811575,39.0092151491418],[-120.749909886283,39.0091838863258],[-120.749970643866,39.0091574346845],[-120.749981749908,39.0091484093865],[-120.749996389766,39.0091364840635],[-120.750019966622,39.0091188328079],[-120.750066256369,39.0090565551179],[-120.750088199358,39.0090316914457],[-120.750114351931,39.0089797421796],[-120.750137884925,39.0089425653611],[-120.750155156108,39.0089032077489],[-120.750162765867,39.0088668492801],[-120.750163520669,39.0088440105625],[-120.750163628872,39.0088398376906],[-120.750179059983,39.0088250099141],[-120.750216455276,39.0087921009077],[-120.750264408525,39.0087412918773],[-120.750294635614,39.0087077023044],[-120.750334320165,39.0086547720145],[-120.750355590465,39.008598157522],[-120.750384060171,39.0085184977645],[-120.75040218335,39.0084567961516],[-120.750416509604,39.0084127932153],[-120.750425969219,39.0083873009353],[-120.750440202831,39.0083484872902],[-120.75047205546,39.0082666123669],[-120.750502608676,39.0081945815286],[-120.7505216011,39.0081414021592],[-120.750548895729,39.0080664803858],[-120.750570569659,39.0080488635642],[-120.750600314226,39.0080227104627],[-120.750635789571,39.0080008207899],[-120.750669328635,39.0079690243735],[-120.750683675019,39.007931858818],[-120.750692776869,39.0078667647695],[-120.75070135117,39.0078335752895],[-120.750741458797,39.0077605207034],[-120.750764434031,39.0076850309075],[-120.750787048624,39.0076360364497],[-120.750798718007,39.0076269351325],[-120.750837832491,39.0075602962331],[-120.750890264574,39.0074629611335],[-120.750920317275,39.0073913095168],[-120.750986338241,39.0072597944715],[-120.7509971756,39.0072379422834],[-120.751028404337,39.0071894527846],[-120.751066940402,39.0071376631293],[-120.751104445381,39.0070824577702],[-120.75111543007,39.0070462723684],[-120.75113495798,39.0069766772911],[-120.751139881264,39.0069449036392],[-120.751146091402,39.006874094543],[-120.751157057544,39.0068329934343],[-120.751188649633,39.0067278011127],[-120.751191110134,39.0067120106731],[-120.751199595937,39.0066758263975],[-120.751223823311,39.006591150482],[-120.751251780535,39.006524555784],[-120.751272407928,39.0064704054937],[-120.751278412663,39.0064272465964],[-120.751298900802,39.0063150430328],[-120.751297432945,39.0062025491077],[-120.75129596389,39.0061160867973],[-120.751318726159,39.006024694893],[-120.751312653806,39.0060197692419],[-120.751313774194,39.0059861150969],[-120.751323294947,39.0059391495998],[-120.75133168886,39.0059161729422],[-120.751350903544,39.0058682680903],[-120.75136417472,39.0058481167993],[-120.751394413153,39.0058058492564],[-120.751418753499,39.0057826588497],[-120.751437082712,39.0057670655521],[-120.751512109447,39.0057035844931],[-120.751578024514,39.0056579379374],[-120.751669977866,39.0055985653949],[-120.751779915768,39.0055231560798],[-120.751906377257,39.0054508076318],[-120.752023280607,39.0053835460177],[-120.752128932989,39.0053316787494],[-120.752271518635,39.0052709535617],[-120.752391679757,39.0052205604632],[-120.752534793456,39.0051658264287],[-120.752765377958,39.0051603875946],[-120.752858904433,39.0051555123383],[-120.753032423687,39.0051669535514],[-120.753082793622,39.0051805645119],[-120.753196862939,39.0052223728595],[-120.75327091716,39.0052461223466],[-120.753400507271,39.0052859262835],[-120.753545512397,39.0053357819163],[-120.753782342499,39.0054335767025],[-120.753858936194,39.0054690245993],[-120.753887624712,39.0054908053434],[-120.753893176369,39.0054953405887],[-120.753923307732,39.0055251010282],[-120.753964114975,39.005570187969],[-120.753982395286,39.005609446291],[-120.753987135051,39.0056802222122],[-120.753981367223,39.005744033204],[-120.753983405204,39.0057843123938],[-120.753974154875,39.0058360316145],[-120.753963098948,39.0058663117837],[-120.753972251368,39.0059383016233],[-120.753973629367,39.0060041116583],[-120.753984483343,39.0060754061587],[-120.753995116127,39.0061332689522],[-120.7539952985,39.0061789384025],[-120.754007074492,39.0062318708943],[-120.754033294006,39.0062979746123],[-120.754056215447,39.0063435296506],[-120.75407523419,39.0063748180705],[-120.754115621899,39.0064157543551],[-120.754147557264,39.0064430897886],[-120.754201466864,39.0064916952945],[-120.754260627814,39.0065378847775],[-120.754319095214,39.0065794540241],[-120.754359974312,39.0066145186767],[-120.754405339801,39.0066646805132],[-120.754437634097,39.0067076166886],[-120.754467270276,39.0067555507439],[-120.754495778677,39.0068116829507],[-120.754543725594,39.0068881787341],[-120.754577672385,39.00693420833],[-120.754604318147,39.0069781282373],[-120.754644809437,39.0070433131971],[-120.754669384207,39.0070989086819],[-120.754701083792,39.0071396977975],[-120.754753750798,39.0071869158214],[-120.754856955889,39.0072704286242],[-120.754911566477,39.0073152789739],[-120.754960954066,39.0073568598293],[-120.755035755942,39.0074053314932],[-120.755066190872,39.0074228745803],[-120.755118448342,39.0074533919318],[-120.755179026638,39.0074791115224],[-120.755214593864,39.0074960229114],[-120.755267647632,39.007519271855],[-120.755290252037,39.0075388186611],[-120.755303180383,39.0075491995531],[-120.755326313329,39.0075537027866],[-120.755373464345,39.0075562941328],[-120.755442017962,39.0075567789417],[-120.755503524355,39.007553646835],[-120.755608518222,39.0075453223684],[-120.755694844455,39.0075338054672],[-120.755773117176,39.0075218583105],[-120.755854739028,39.0075036313257],[-120.755926404432,39.007489183665],[-120.756013797661,39.0074669955436],[-120.756145543389,39.0074364383639],[-120.756259826192,39.0074081937482],[-120.756407667317,39.0073689384502],[-120.756497449463,39.0073469403473],[-120.756689719145,39.0072909412752],[-120.756776546099,39.007268883483],[-120.756893185895,39.0072367092083],[-120.756921765474,39.0072286391562],[-120.75701386949,39.0072026833091],[-120.757141233322,39.0071690303853],[-120.75728870195,39.0071248815325],[-120.757426723192,39.0070855751307],[-120.757561966495,39.0070420928324],[-120.757712739402,39.0069900982222],[-120.757815834084,39.0069535495679],[-120.757889293928,39.0069250049067],[-120.75795434762,39.0068961236985],[-120.758026875953,39.0068645211564],[-120.758155079613,39.0068069851099],[-120.75826722532,39.0067560059001],[-120.758368321819,39.0067168813092],[-120.75850755931,39.0066563056333],[-120.758650590669,39.0066021398357],[-120.758752930322,39.0065644011886],[-120.758848445637,39.0065324665233],[-120.758924460138,39.0065087269965],[-120.758980395541,39.0064940963382],[-120.759065184735,39.0064717268429],[-120.759151522066,39.0064533964523],[-120.759248147397,39.0064364666377],[-120.759329966395,39.0064229494225],[-120.759381382561,39.0064150941083],[-120.759452335435,39.0064030530113],[-120.759554464593,39.0063863464387],[-120.759659478505,39.0063717300347],[-120.75979456099,39.0063473829039],[-120.75986329942,39.0063411947714],[-120.759972360464,39.0063315916346],[-120.760054781655,39.0063239012605],[-120.760168657798,39.0063066327015],[-120.760301121968,39.0062890402471],[-120.760403255655,39.0062771385652],[-120.760541383951,39.0062597160376],[-120.760571281721,39.0062567115647],[-120.760683470045,39.0062453553929],[-120.760822319709,39.0062269518847],[-120.760929469813,39.0062239998411],[-120.761020880601,39.0062214298347],[-120.761099735786,39.0062183694289],[-120.761128402932,39.0062233430086],[-120.761192909723,39.0062256490359],[-120.761225233307,39.0062268162967],[-120.761433571962,39.0061934712882],[-120.76145348364,39.006187971115],[-120.761495006133,39.0061762752872],[-120.761561989738,39.0061557057046],[-120.761694128902,39.0061244869942],[-120.761763875583,39.0061049079709],[-120.761886779497,39.0060825434387],[-120.762047057904,39.0060703800101],[-120.762125271771,39.0060657462722],[-120.762170704647,39.0060679598441],[-120.762240155646,39.0060733107432],[-120.762275067336,39.0060794756713],[-120.762330125486,39.0060988993062],[-120.762374396857,39.0061253193622],[-120.762391271241,39.0061365107912],[-120.762455017938,39.0061863971762],[-120.762518867067,39.0062445777101],[-120.762575058566,39.0062999037734],[-120.762622273554,39.0063472260418],[-120.762673410355,39.0063957152213],[-120.762712146503,39.0064206762879],[-120.762758815262,39.0064549760029],[-120.762823481352,39.0064885335094],[-120.762893685939,39.0065274211725],[-120.76295949535,39.0065539607593],[-120.762998773644,39.0065740669483],[-120.763069339383,39.0065862402459],[-120.763135766674,39.0066015273239],[-120.763212510691,39.0066065163319],[-120.763291636383,39.0066000797106],[-120.763321443498,39.0065962492147],[-120.763415917654,39.0065774813321],[-120.763472826195,39.0065634759976],[-120.763519058323,39.0065441129542],[-120.76358372952,39.0065208545027],[-120.763659174049,39.0064913660032],[-120.763716619198,39.0064647901129],[-120.763774825794,39.0064247389025],[-120.763833547563,39.0063773883607],[-120.76388104306,39.0063258824578],[-120.763958033907,39.0062197956751],[-120.763995496251,39.0061725221428],[-120.764068928406,39.0060525024201],[-120.764112806958,39.0059440316414],[-120.764141770277,39.0058532527777],[-120.764155064084,39.0057851544149],[-120.764156214269,39.0057131378651],[-120.764154068176,39.0056646196286],[-120.764166615238,39.0056131274594],[-120.764195440092,39.0055889108026],[-120.76420780448,39.0054893329525],[-120.764220375861,39.0053273946572],[-120.764195177932,39.0051253748652],[-120.76417059034,39.0049771833267],[-120.764159661366,39.0048571476509],[-120.764141205009,39.0047388438733],[-120.764104737322,39.0046099972281],[-120.764088940836,39.0045410135606],[-120.76407524211,39.0044990729628],[-120.764038521206,39.0044433226822],[-120.764007794168,39.0043990328149],[-120.763982652007,39.0043614465987],[-120.763957196486,39.0043277292651],[-120.763911785951,39.004285946693],[-120.763873704119,39.0042517115322],[-120.763825223123,39.0042083584411],[-120.763782554346,39.0041688013952],[-120.763721723995,39.004135340967],[-120.763691861982,39.004130328305],[-120.763660443969,39.0041216467306],[-120.763614955981,39.0041085588672],[-120.763568918788,39.0040945876454],[-120.763537301073,39.0040691528499],[-120.763512403686,39.0040417848168],[-120.763470343494,39.0040157454227],[-120.763445228254,39.0039968330309],[-120.763418750983,39.0039742537849],[-120.76338910338,39.0039398052985],[-120.763390138396,39.0038945614663],[-120.76337855751,39.0038644238788],[-120.763363114546,39.0038316920341],[-120.763356198281,39.0037822996581],[-120.763344863666,39.0037541971889],[-120.763334131953,39.003719729714],[-120.763316542562,39.0036709105127],[-120.763297790811,39.0036422625936],[-120.763286357121,39.0036198430593],[-120.763266334731,39.0035995017689],[-120.76324257787,39.0035693177524],[-120.763208002977,39.0035277589717],[-120.763189642959,39.0034867859092],[-120.763173875109,39.003456603833],[-120.763154647482,39.0034230074088],[-120.763148677541,39.0033899364799],[-120.76314820049,39.0033648602159],[-120.763147976464,39.0033272645539],[-120.763151822637,39.0032843020079],[-120.763171529729,39.0032399700111],[-120.763188410275,39.0032145014854],[-120.763221985777,39.0031760557112],[-120.763271920343,39.0031299860623],[-120.763299462486,39.0030944700013],[-120.763331945221,39.0030561774629],[-120.763374408934,39.0030166737312],[-120.763426637223,39.0029741978741],[-120.763476730119,39.0029371085308],[-120.76354169261,39.0028889459898],[-120.763582620779,39.0028627984478],[-120.763639037273,39.0028263806973],[-120.76369264606,39.0027874888797],[-120.763706815453,39.0027781659721],[-120.763763354691,39.0027488064832],[-120.763832294778,39.0027268554412],[-120.763918680452,39.0027094563502],[-120.763998509805,39.0026967103106],[-120.764041590482,39.0026923898635],[-120.764108367291,39.0026915335989],[-120.764159128317,39.0026948453419],[-120.764195642332,39.0026978274992],[-120.764276480001,39.0027140777243],[-120.764329734516,39.0027217268199],[-120.76435757305,39.0027277341101],[-120.764410199624,39.0027451804717],[-120.764451476376,39.0027595684522],[-120.764504874051,39.0027832574153],[-120.764564236092,39.0028201623614],[-120.764596743634,39.0028430242468],[-120.76463262338,39.0028702887212],[-120.76467711432,39.0029062403366],[-120.764719037134,39.0029441954003],[-120.764756633817,39.0029941329342],[-120.764804582054,39.0030276219773],[-120.76486450015,39.0030427012291],[-120.764963804331,39.0030918381076],[-120.765058824642,39.0031404618896],[-120.765121432479,39.0031748747424],[-120.76520939521,39.0032204856193],[-120.76529295086,39.0032544889208],[-120.765407042264,39.0033033425279],[-120.765487379113,39.0033544473287],[-120.765525783247,39.003378277791],[-120.765574963568,39.0034037062997],[-120.765605931538,39.0034260299359],[-120.765622683216,39.0034422720393],[-120.765667697184,39.0034744935358],[-120.7657040754,39.0035257638311],[-120.765715356111,39.0035610603486],[-120.765730341519,39.0035887616137],[-120.765779298564,39.0036523025737],[-120.76581586807,39.0037107688147],[-120.765831784855,39.0037425449487],[-120.765868158866,39.0038203413375],[-120.765887501808,39.0038817557507],[-120.765900964366,39.0039272360982],[-120.765920922305,39.0039573657892],[-120.765938231485,39.0039981768096],[-120.765952162731,39.0040430026326],[-120.765980703845,39.0041097867547],[-120.766022430663,39.0042065882425],[-120.766041276093,39.004293618106],[-120.766040034464,39.0043345758122],[-120.766039130349,39.0044088193873],[-120.76603682161,39.0044686313382],[-120.766042268768,39.0045560408796],[-120.766040848624,39.0046073222938],[-120.766034093963,39.0046617869449],[-120.766021283106,39.0047184397622],[-120.766012478899,39.0047632174796],[-120.765994438673,39.0048291503608],[-120.765953471912,39.0049464674161],[-120.765942236051,39.0050177734799],[-120.765940391392,39.005054962493],[-120.765904474195,39.0051227663692],[-120.765873324766,39.0052017698097],[-120.765839760486,39.0052719049887],[-120.765807072084,39.0053523480119],[-120.765766457918,39.005449374305],[-120.765742318934,39.0055077746751],[-120.765711028682,39.0055806529335],[-120.765667251851,39.0056773988184],[-120.765593472271,39.0058013700378],[-120.765559537104,39.0058624666429],[-120.765508675342,39.0059861041176],[-120.765463780759,39.0060600741898],[-120.76541123496,39.0061530196863],[-120.765371995156,39.0062357815139],[-120.765339353007,39.0063377815318],[-120.765332076338,39.0063493750852],[-120.765301952829,39.0063956556287],[-120.765244153749,39.0064810495917],[-120.76518842743,39.0065666294722],[-120.765170874586,39.006598407593],[-120.765144629321,39.006668565213],[-120.765079068998,39.006763048309],[-120.765033599753,39.0068214962467],[-120.764963786685,39.00690555453],[-120.764932130062,39.0069428400184],[-120.764880998355,39.0069949663629],[-120.76482393481,39.0070481568447],[-120.764769003595,39.0070981842129],[-120.764712160559,39.0071568681693],[-120.764613794118,39.0072616854242],[-120.764552330889,39.0073269935119],[-120.764505011462,39.0073642767114],[-120.764500668523,39.0073893297485],[-120.764452976798,39.0074277630737],[-120.76433772126,39.0075261944014],[-120.764269237972,39.0075762696575],[-120.764215173662,39.0076168596789],[-120.764187283784,39.0076358815697],[-120.76455663937,39.0076088800411],[-120.764505969691,39.0076567136721],[-120.764395321827,39.0077370842702],[-120.764335278631,39.007800649589],[-120.764280812423,39.0079087468272],[-120.764203778371,39.0080444632524],[-120.764133857098,39.0081648770678],[-120.764097452771,39.0082483136245],[-120.764057440184,39.0083752512907],[-120.764025242889,39.0085383407473],[-120.76402293836,39.0086180750264],[-120.764023926566,39.0087128105523],[-120.76403757309,39.0088062118828],[-120.764075851652,39.0089362867158],[-120.764133553716,39.009072745334],[-120.764168630049,39.0091523005491],[-120.764214180783,39.0092084867636],[-120.76430531111,39.0092676701424],[-120.764446969353,39.0093236136548],[-120.7645787834,39.009352733598],[-120.764740032854,39.0093711255394],[-120.764911022275,39.0093344527981],[-120.765117025193,39.0092901057062],[-120.765348475161,39.0092114546947],[-120.765582544277,39.0091358788435],[-120.765806608122,39.0090447229796],[-120.766016813557,39.0089560154528],[-120.766171451981,39.0089052446212],[-120.766320219488,39.0088328421623],[-120.766471081795,39.0087654591771],[-120.766668412582,39.0086873100111],[-120.766866635533,39.0085964136494],[-120.767044770899,39.0085129244015],[-120.767236944727,39.0084075331376],[-120.767388230015,39.0083227573409],[-120.767536757822,39.0082123863959],[-120.767684454001,39.0080981486705],[-120.767830216771,39.0079939402143],[-120.767967130765,39.0079087233396],[-120.767973814294,39.0079048668718],[-120.768148340938,39.0078041344713],[-120.768229649569,39.007771328348],[-120.768400245243,39.0077165087895],[-120.768565366662,39.0076667799358],[-120.768730434615,39.0076181214942],[-120.768950491585,39.0075707440778],[-120.769147106942,39.0075375766893],[-120.769273675548,39.0075230830119],[-120.769451444819,39.0075040092642],[-120.769608143557,39.0074842315587],[-120.769707507128,39.0074839081814],[-120.769941462593,39.0075258950878],[-120.770091237802,39.0075532344692],[-120.770228419368,39.007592386151],[-120.770344187864,39.0076141767584],[-120.770476881031,39.0076239806245],[-120.770612737527,39.0076258949276],[-120.77073399625,39.0075939060654],[-120.770784799481,39.0075493109329],[-120.770852170288,39.0074840070056],[-120.770896623041,39.0073966162731],[-120.770915853445,39.0073085611452],[-120.770902037333,39.0071817406071],[-120.770893997465,39.0071359613571],[-120.77085689538,39.007042932305],[-120.770645243615,39.006864580521],[-120.770559495018,39.0067688675297],[-120.770484713776,39.0066364743533],[-120.77046464545,39.0065760000012],[-120.770478760853,39.006514981082],[-120.770495462609,39.0064834679862],[-120.770516008032,39.0064564992268],[-120.770530219508,39.0064396783772],[-120.770543315018,39.0064273495086],[-120.77057779879,39.0063993746801],[-120.770607320371,39.0063713600753],[-120.770643804965,39.0063355385012],[-120.770673389015,39.0063120427175],[-120.770697311301,39.0062964234843],[-120.770775769472,39.0062674838568],[-120.770847371559,39.0062564319162],[-120.770929375625,39.006244280652],[-120.771001756374,39.0062410632372],[-120.771110100933,39.006230054692],[-120.771268691668,39.006205585571],[-120.771481050481,39.0061755048081],[-120.771632670483,39.0061632783161],[-120.771827343383,39.0061160260082],[-120.771956883051,39.0060923478376],[-120.772044302805,39.006074294127],[-120.772134700507,39.0060550365679],[-120.772246006645,39.0060233394452],[-120.772333807516,39.0059995370814],[-120.772394331165,39.0059768742197],[-120.772467684526,39.005942868668],[-120.772520525247,39.0059258510927],[-120.772577230002,39.0059031352752],[-120.772725299013,39.0058418520037],[-120.772866348647,39.0057590758158],[-120.773000769818,39.0056831217616],[-120.773146176387,39.0056048264321],[-120.773274713548,39.005532229123],[-120.773375667995,39.0054732912148],[-120.773433624134,39.005439274254],[-120.773536139227,39.0053724712866],[-120.773601953894,39.0053317124345],[-120.77367929705,39.0052796520113],[-120.773747024992,39.0052422223495],[-120.77383415826,39.0051867638797],[-120.773913767927,39.0051358254021],[-120.773961602524,39.0051264015944],[-120.774027406877,39.0050922885762],[-120.77408359848,39.0050605176666],[-120.774138717588,39.0050276642328],[-120.774215944439,39.0049822889556],[-120.774308985657,39.0049300906267],[-120.774388496173,39.0048869222298],[-120.77446246142,39.0048449170921],[-120.774575269206,39.0047791413833],[-120.774653735053,39.0047414818293],[-120.774808681359,39.004648537458],[-120.774899249269,39.0046029723382],[-120.774975340796,39.0045641749432],[-120.775054071557,39.004525390843],[-120.775186804057,39.0044602916962],[-120.775289333144,39.004407807677],[-120.775438067654,39.0043127520414],[-120.775562853268,39.0042400857689],[-120.775715423829,39.0041613544683],[-120.775839898599,39.0040985011953],[-120.77598491916,39.0040177126407],[-120.776086154648,39.0039575537057],[-120.776196310893,39.0038841420115],[-120.776293380119,39.0038165523748],[-120.776393843651,39.0037358582213],[-120.77645865304,39.0036756865382],[-120.776503402682,39.0036226088443],[-120.776558462515,39.0035553182209],[-120.776616650757,39.0034933471059],[-120.776737214477,39.0033674162672],[-120.776804825627,39.0032957274734],[-120.776901102897,39.003194447663],[-120.777017702246,39.003055500577],[-120.777094225748,39.0029669893006],[-120.777198279507,39.0028554797341],[-120.777274775705,39.002737859829],[-120.777323162215,39.0026646364197],[-120.777344250504,39.0026397172955],[-120.777388714713,39.0025929382928],[-120.77743486512,39.002552424941],[-120.777490685797,39.0025011099977],[-120.77757968675,39.0024338598538],[-120.777647000412,39.0023956686289],[-120.777711320116,39.0023596847602],[-120.777748007482,39.0023383618324],[-120.777932083232,39.0022567591058],[-120.778074613234,39.0021935028315],[-120.778255937863,39.0021356922866],[-120.778394589259,39.0020942668708],[-120.7785326456,39.0020486340028],[-120.778647209825,39.0020060907587],[-120.778767550666,39.0019621944155],[-120.778836026722,39.0019289851449],[-120.778974760944,39.001858232765],[-120.779134682876,39.0017720080972],[-120.779235760668,39.0017185855886],[-120.779329300662,39.001671688721],[-120.779406725542,39.0016327790203],[-120.779464917466,39.0016061753455],[-120.779584468521,39.0015620770913],[-120.779701712306,39.0015283900376],[-120.779817176654,39.0014998735931],[-120.779921511373,39.0014729161704],[-120.780040568698,39.0014534581819],[-120.780130371877,39.0014354648817],[-120.780287878664,39.001399493477],[-120.780385169035,39.0013800405058],[-120.78047824923,39.0013618208881],[-120.780699792372,39.0013143686081],[-120.78074414437,39.0013159041635],[-120.780788505376,39.0013168487848],[-120.780832913259,39.0013171488125],[-120.780877313505,39.0013168856608],[-120.780921688573,39.0013160050901],[-120.780966021177,39.0013145051176],[-120.781010293488,39.0013124152876],[-120.781054541555,39.0013097206616],[-120.781098730302,39.0013063794296],[-120.781142858289,39.0013024753634],[-120.781186874527,39.0012979520715],[-120.781230758692,39.0012928498835],[-120.781274531323,39.0012871158593],[-120.781318137232,39.0012808034776],[-120.78136164847,39.0012738855635],[-120.781404977056,39.0012663756116],[-120.781448103378,39.0012582725158],[-120.781491081677,39.0012495777449],[-120.781533823986,39.0012403038927],[-120.781576364935,39.0012304513216],[-120.781618670356,39.0012199926467],[-120.781660738164,39.0012089819021],[-120.781702569994,39.0011973911764],[-120.781744129563,39.0011852489201],[-120.781785383182,39.0011724998243],[-120.781826364321,39.0011592118093],[-120.781867037643,39.0011453583787],[-120.781907422322,39.0011309658604],[-120.781947429011,39.0011159927784],[-120.781987111269,39.0011004802351],[-120.782026484996,39.0010844437129],[-120.782065446556,39.0010678668127],[-120.78210406406,39.0010507502469],[-120.782142251585,39.0010331219472],[-120.78218006156,39.0010149545336],[-120.782217475064,39.0009962739353],[-120.782254438964,39.0009770813993],[-120.782290954873,39.0009574174846],[-120.782327074541,39.0009372268751],[-120.782362709741,39.0009165374784],[-120.782397842227,39.0008954031602],[-120.782432562527,39.0008737293685],[-120.782466761891,39.0008515960507],[-120.782500476284,39.0008290603419],[-120.782542292452,39.0007998676461],[-120.782742165126,39.0006247003886],[-120.782846378731,39.000537998303],[-120.782952503478,39.0004527440753],[-120.783060537501,39.000368979124],[-120.783170446415,39.0002866886693],[-120.78328215931,39.0002059007951],[-120.783395675752,39.0001266407178],[-120.783510941437,39.0000489781375],[-120.783627939052,38.9999729128684],[-120.783746581098,38.9998984304773],[-120.783866954629,38.9998255715095],[-120.783988848597,38.9997543896135],[-120.784112401282,38.9996849006434],[-120.784237402607,38.9996171014997],[-120.784363993181,38.9995510071596],[-120.784491997739,38.9994866716462],[-120.784621448611,38.9994240952924],[-120.78475227657,38.9993632755691],[-120.784884412315,38.9993042144511],[-120.785017873696,38.9992468139189],[-120.785152591673,38.9991910606345],[-120.785244768975,38.9991544695376],[-120.785288492337,38.9991370907643],[-120.785425574273,38.9990850547448],[-120.785563853154,38.9990350491352],[-120.785703223004,38.9989870602128],[-120.785843650159,38.9989410317652],[-120.786057854107,38.9989063167368],[-120.78627129961,38.9988686825013],[-120.786483914364,38.9988281697525],[-120.786695523113,38.9987847631551],[-120.786906159325,38.9987384621627],[-120.78711571953,38.9986893071458],[-120.787324165348,38.9986373130267],[-120.787531428697,38.9985824763998],[-120.787737436537,38.9985248811989],[-120.787942120572,38.9984644014905],[-120.788145443548,38.9984011891514],[-120.788347334583,38.9983352020086],[-120.78854763736,38.9982664654714],[-120.788547742882,38.9982664386403],[-120.788746507234,38.998195008192],[-120.788943716519,38.9981208431258],[-120.7892838692,38.9979849356643],[-120.789446726719,38.9979027510896],[-120.789607758268,38.9978182814689],[-120.789766855762,38.9977316356],[-120.789923984072,38.9976428419557],[-120.790079143469,38.9975518843299],[-120.790232207831,38.9974588461079],[-120.79038319704,38.9973637121886],[-120.79053202033,38.9972665239811],[-120.790678661983,38.9971673227732],[-120.790823083474,38.9970661333993],[-120.790965216419,38.9969629713742],[-120.791104989725,38.9968578756093],[-120.791242435916,38.9967509023082],[-120.791377415548,38.9966420365181],[-120.791509927009,38.9965313728283],[-120.791639934503,38.9964189117768],[-120.791767404079,38.9963046809483],[-120.791892227224,38.9961887476961],[-120.792014474599,38.9960710983468],[-120.792133970048,38.9959517725239],[-120.792250870753,38.9958308961946],[-120.792364983054,38.9957083844724],[-120.79247632334,38.9955843600621],[-120.792584944455,38.9954588388351],[-120.792690704673,38.9953318049146],[-120.792846740887,38.9951350482745],[-120.792937560553,38.9950360475935],[-120.792986596985,38.9949854379317],[-120.793036763018,38.9949355408823],[-120.793088010196,38.9948862865699],[-120.793140370827,38.9948377437987],[-120.793193809594,38.9947899527432],[-120.793248291616,38.9947428598854],[-120.793303852436,38.994696547577],[-120.793360401354,38.9946509860468],[-120.793417994441,38.9946062047042],[-120.793476610705,38.9945622159431],[-120.793536164008,38.9945190612135],[-120.793596670306,38.9944766848214],[-120.793658148517,38.9944351284041],[-120.793720527051,38.9943944605903],[-120.793783805935,38.9943546120071],[-120.793847948899,38.994315678677],[-120.793913027538,38.9942775919684],[-120.793978900309,38.9942403927575],[-120.794045602076,38.99420413546],[-120.794113097069,38.9941687512333],[-120.794181350175,38.9941343361119],[-120.794250450761,38.9941007946204],[-120.794320202335,38.9940682760791],[-120.794390695878,38.9940366580013],[-120.794461909915,38.9940060491759],[-120.794533777984,38.9939763525141],[-120.79460631412,38.9939476933891],[-120.794679466176,38.9939200154024],[-120.794753217996,38.9938933183856],[-120.794827585961,38.9938676574637],[-120.794902481655,38.9938430046927],[-120.794977957733,38.9938193867435],[-120.795053909372,38.9937967899171],[-120.795130370959,38.9937752289834],[-120.795207324984,38.9937547154722],[-120.795284683464,38.9937352637882],[-120.795362481277,38.9937168598764],[-120.795440683321,38.9936995313016],[-120.795519288921,38.9936832501273],[-120.795598193017,38.9936680846376],[-120.795677467446,38.9936539517882],[-120.795757003441,38.9936409342402],[-120.795836837492,38.9936289909275],[-120.795916934744,38.9936181350029],[-120.795997260115,38.9936083931312],[-120.796077777129,38.9935997379066],[-120.796158469631,38.9935921691619],[-120.796239320311,38.9935856867178],[-120.796320344398,38.9935803456879],[-120.796563868283,38.9935709037249],[-120.796726417196,38.9935701672055],[-120.796813423158,38.9935585991468],[-120.796867243566,38.9935524135689],[-120.796921139113,38.9935469702089],[-120.796975233063,38.9935422847548],[-120.797029366387,38.9935383402477],[-120.797083542069,38.9935350970774],[-120.797137826837,38.9935326370168],[-120.797192169911,38.9935308910707],[-120.797246517708,38.9935298875151],[-120.797300887803,38.9935296112157],[-120.79735528156,38.9935301180444],[-120.797409661591,38.9935313661721],[-120.797463925176,38.9935332860672],[-120.797518210118,38.9935359890666],[-120.79757241187,38.9935394452608],[-120.797626496477,38.9935436146584],[-120.797680532723,38.9935485258985],[-120.79773441607,38.9935542166419],[-120.797788181581,38.9935605935541],[-120.79784175793,38.9935677099546],[-120.7978952167,38.9935755656817],[-120.79794848768,38.9935841482988],[-120.798001535348,38.9935934421234],[-120.798054359003,38.9936034885916],[-120.798106959809,38.9936142192449],[-120.798159336834,38.9936256890306],[-120.798211456154,38.9936378561563],[-120.79826324619,38.9936507207843],[-120.798309920181,38.9936623929158],[-120.798337522382,38.993669831149],[-120.798364942636,38.9936776512945],[-120.798392181616,38.9936858137185],[-120.798419271422,38.993694399836],[-120.798446109543,38.9937033275058],[-120.798472765964,38.9937126226761],[-120.7984992051,38.9937222732677],[-120.798525426723,38.9937322927926],[-120.798551466631,38.9937426807191],[-120.798577201094,38.9937533808141],[-120.798602719198,38.9937644498546],[-120.798627966709,38.9937758863802],[-120.798652997639,38.9937876368925],[-120.79867777643,38.9937997559817],[-120.798702251174,38.9938121728398],[-120.798726437996,38.9938249579057],[-120.798750320742,38.9938380425425],[-120.798773916055,38.9938514665629],[-120.798797224605,38.9938651903331],[-120.798820245708,38.993879254388],[-120.79884291128,38.9938935886538],[-120.798865253149,38.9939082907596],[-120.798887274574,38.9939232364108],[-120.798908972296,38.9939385499022],[-120.798930314945,38.9939541065821],[-120.798951300193,38.9939699757985],[-120.798971929215,38.9939860881918],[-120.798992236634,38.9940025125902],[-120.799012116926,38.9940192082644],[-120.799031640764,38.9940361606278],[-120.79905077306,38.9940533963467],[-120.799069550498,38.9940708626445],[-120.799087899899,38.9940885857947],[-120.799105893541,38.9941065926701],[-120.799123460988,38.9941248158752],[-120.79914060204,38.9941432671205],[-120.799157351524,38.9941619350532],[-120.799173675993,38.9941808859973],[-120.799189538029,38.9942000114556],[-120.799205045236,38.9942193656928],[-120.799220057233,38.9942389211343],[-120.799234712535,38.9942586792088],[-120.799248802458,38.9942786233496],[-120.799262502211,38.9942987697785],[-120.799275774642,38.9943191307256],[-120.79928855325,38.9943396109075],[-120.799300907759,38.9943602515852],[-120.799312800089,38.9943811199362],[-120.799324197196,38.9944021219229],[-120.79933513468,38.9944232687237],[-120.799345611808,38.9944446035761],[-120.799355594887,38.994466002705],[-120.799365153423,38.994487588453],[-120.799374181653,38.9945092660329],[-120.799382714704,38.9945310745471],[-120.799390788786,38.9945529891429],[-120.799398368598,38.9945750490974],[-120.799405418574,38.9945971729602],[-120.799412062236,38.9946194295749],[-120.79941814192,38.9946417209163],[-120.799423744862,38.9946641451844],[-120.799428818668,38.9946865919257],[-120.79943343376,38.994709129436],[-120.799437520414,38.9947317164547],[-120.799441112783,38.9947543812628],[-120.799444212969,38.9947770680243],[-120.799446749631,38.9947997624898],[-120.799448826409,38.9948225486134],[-120.799450376829,38.9948453293103],[-120.799451434138,38.9948681184373],[-120.799451998318,38.994890916895],[-120.799452033374,38.9949137369255],[-120.799451559629,38.9949365372954],[-120.799450575441,38.9949593468177],[-120.79944908151,38.9949821240566],[-120.799447077851,38.9950048681115],[-120.799444581549,38.9950275926724],[-120.799441558418,38.9950502712598],[-120.799424631333,38.995368308093],[-120.799414880881,38.9956865288147],[-120.799412131028,38.9960048352112],[-120.799416420199,38.9963230772226],[-120.799427679476,38.9966411712514],[-120.799445963686,38.99695902146],[-120.79947111524,38.9972765307212],[-120.799527469218,38.9977953861611],[-120.799522650526,38.9978222337559],[-120.799518395603,38.997849128605],[-120.799514771402,38.9978760713986],[-120.799511780945,38.9979030882948],[-120.799509352636,38.9979301118869],[-120.799507556901,38.9979572104705],[-120.799506323561,38.9979843013377],[-120.799505724186,38.9980113852262],[-120.799505722532,38.9980384887903],[-120.799506390645,38.9980655848439],[-120.799507585369,38.9980926728121],[-120.799509414518,38.9981197267785],[-120.799511843019,38.9981467725083],[-120.799514869007,38.9981737838554],[-120.799518495263,38.9982007329196],[-120.799522720422,38.9982276322997],[-120.799527579326,38.9982544697418],[-120.799533038731,38.9982812313892],[-120.799539061467,38.9983079303725],[-120.799545719351,38.9983345530172],[-120.799552942652,38.9983610580624],[-120.799560730218,38.9983874454962],[-120.799569171386,38.9984137576821],[-120.799578194624,38.99843992361],[-120.79958778281,38.998465999862],[-120.799597918877,38.9984919033764],[-120.799608672312,38.998517689826],[-120.799620010569,38.9985433039184],[-120.799631879165,38.998568758606],[-120.79964436513,38.9985940962283],[-120.79965734798,38.9986192047287],[-120.79967093157,38.9986441554503],[-120.799685081988,38.9986689056996],[-120.799699763434,38.9986934560081],[-120.799715010097,38.9987178328551],[-120.799730789873,38.9987419548259],[-120.799747100221,38.9987659038786],[-120.799763978557,38.9987895839991],[-120.799781317522,38.9988130625514],[-120.799799258864,38.9988362869403],[-120.799817626906,38.998859267968],[-120.79983656154,38.9988819944631],[-120.799856011989,38.998904465001],[-120.799875959072,38.9989266532569],[-120.799896386201,38.9989485842855],[-120.799917310192,38.99897021952],[-120.799938697372,38.998991570325],[-120.799960581186,38.9990126388471],[-120.799982858002,38.999033408702],[-120.800005685269,38.9990538544842],[-120.800028940854,38.9990739614208],[-120.800052658444,38.9990937857165],[-120.800076769507,38.9991132834201],[-120.800101359437,38.999132457213],[-120.800126344681,38.9991512638905],[-120.800151808791,38.9991697466569],[-120.800177596416,38.9991878750814],[-120.800203829675,38.999205664837],[-120.800230456625,38.9992230469175],[-120.800257440303,38.9992401587841],[-120.800284819313,38.9992568341622],[-120.800312555757,38.9992731294198],[-120.800340685433,38.9992890440245],[-120.800369139065,38.9993045781631],[-120.800397951314,38.9993197303908],[-120.800436718404,38.9993392429465],[-120.800588926924,38.9993867238655],[-120.800742086575,38.9994321143106],[-120.800896319023,38.9994754560727],[-120.800985813921,38.9994991836668],[-120.801051451351,38.9995165960114],[-120.80120747936,38.9995557133651],[-120.801364406752,38.9995926568121],[-120.80152207445,38.9996274787677],[-120.801680517744,38.9996601399514],[-120.801839701789,38.9996906517135],[-120.801999519871,38.9997189742137],[-120.802159903441,38.9997451319703],[-120.802320887329,38.9997691127264],[-120.802482365775,38.9997908883643],[-120.802644268819,38.999810430234],[-120.80280666525,38.9998278345395],[-120.802969381672,38.9998429760694],[-120.803132382953,38.9998558832911],[-120.803295666341,38.999866649872],[-120.803459198316,38.9998751403273],[-120.80362283941,38.9998814081799],[-120.803786622887,38.9998854654835],[-120.803950444109,38.9998872859367],[-120.804114302863,38.9998868812496],[-120.804298865506,38.9998837374633],[-120.804532279808,38.9999032415143],[-120.804766169032,38.9999195786998],[-120.805000324448,38.9999327324605],[-120.805234761728,38.9999426615132],[-120.805469358691,38.9999494204609],[-120.80570406105,38.9999530087462],[-120.805938853551,38.9999533703548],[-120.806173558831,38.999950545812],[-120.806408159799,38.9999445196277],[-120.806642603292,38.9999352930598],[-120.806876835738,38.9999228916878],[-120.807110630374,38.9999072726487],[-120.807344126379,38.9998884652995],[-120.807577148045,38.9998664804562],[-120.807809623299,38.9998413453129],[-120.808041519557,38.9998130045831],[-120.808272693877,38.9997815117643],[-120.80850314693,38.9997468938958],[-120.808732667174,38.9997090956635],[-120.809140957662,38.9996337735206],[-120.809184955601,38.9996290611044],[-120.809228822623,38.9996237563239],[-120.809272594726,38.9996178469342],[-120.809316200351,38.9996113313028],[-120.809359675726,38.9996042521442],[-120.809402948852,38.9995965654777],[-120.809446109495,38.9995882884379],[-120.809488998141,38.9995794320074],[-120.80953173832,38.9995699965482],[-120.809574242738,38.9995599550414],[-120.809616509332,38.9995493615218],[-120.809658574341,38.9995381893321],[-120.809700332942,38.9995264238874],[-120.809741819313,38.9995140925651],[-120.809783032983,38.9995012232895],[-120.809824010206,38.9994877885026],[-120.809864627237,38.999473800454],[-120.809904901391,38.999459259321],[-120.809944885752,38.9994441665474],[-120.80998451013,38.9994285079023],[-120.810023756091,38.9994123498663],[-120.81006269356,38.9993956535136],[-120.810101218871,38.9993784042713],[-120.810139311492,38.9993606559857],[-120.810177079233,38.9993423827309],[-120.810214363732,38.9993235955023],[-120.810251268851,38.9993042971633],[-120.810287723948,38.9992845005065],[-120.810323713109,38.9992642594255],[-120.810359270272,38.9992434778679],[-120.810394343934,38.999222197652],[-120.810428913338,38.9992004861354],[-120.810462999241,38.9991782759613],[-120.810496652683,38.9991556217069],[-120.810529679729,38.9991325213919],[-120.810562239683,38.9991089766438],[-120.810594314512,38.9990849611519],[-120.810625763874,38.9990605131242],[-120.810656725823,38.9990356618999],[-120.810687097849,38.9990103929185],[-120.810716913442,38.9989847056216],[-120.810746154805,38.9989586286575],[-120.810774769304,38.9989321335605],[-120.810802844919,38.998905275285],[-120.810830276115,38.998878013113],[-120.810857113946,38.9988504007209],[-120.810883308058,38.9988224114683],[-120.810908875315,38.9987940725554],[-120.810933813167,38.9987653983716],[-120.81095815951,38.9987364010161],[-120.810981754313,38.9987070536296],[-120.811004773514,38.9986773985504],[-120.811027077691,38.9986474190397],[-120.811048699583,38.9986171595777],[-120.811069657932,38.9985866041393],[-120.811089951341,38.9985557671254],[-120.811109511931,38.9985246343296],[-120.811128407801,38.9984932758188],[-120.811146604119,38.9984616344794],[-120.811164099707,38.9984297805719],[-120.811193498548,38.9983722491854],[-120.811368642691,38.9980510892417],[-120.8115365753,38.9977275769904],[-120.811697258621,38.9974018346027],[-120.811850658584,38.9970739023015],[-120.811996665357,38.9967439321518],[-120.812135315305,38.9964119641921],[-120.81226655128,38.9960781762483],[-120.812390320496,38.9957426236637],[-120.812506532345,38.9954054145491],[-120.812705605743,38.9947639245238],[-120.812732018846,38.994699620654],[-120.812747264291,38.9946654642165],[-120.812763280799,38.9946315219509],[-120.812780032601,38.9945977925913],[-120.812797553617,38.9945643188271],[-120.812815811078,38.99453105798],[-120.812834837526,38.9944980662391],[-120.812854545005,38.9944653562212],[-120.812875022863,38.9944329009082],[-120.812896217535,38.9944007276824],[-120.812918110098,38.9943688633781],[-120.812940702175,38.9943372800831],[-120.812964027442,38.9943060348985],[-120.812988051754,38.9942750986462],[-120.813012738859,38.9942444988851],[-120.813038123626,38.9942142215552],[-120.81306417142,38.9941843356746],[-120.813090916876,38.9941547722244],[-120.813118306889,38.9941256000344],[-120.813146288589,38.9940968050514],[-120.813174950869,38.9940683872799],[-120.813204291179,38.9940403611084],[-120.813234189249,38.9940127388245],[-120.813264695413,38.9939855479687],[-120.813295846133,38.9939587483702],[-120.813327551383,38.9939324075818],[-120.813359865882,38.9939064982318],[-120.813392771613,38.9938809931082],[-120.813426197239,38.9938560158118],[-120.813460213185,38.9938314283168],[-120.813494749734,38.9938073263116],[-120.813529875904,38.9937837249138],[-120.813565486419,38.9937605680937],[-120.813601581289,38.9937379243215],[-120.813638196537,38.9937157795489],[-120.813675330995,38.9936941346644],[-120.813712913324,38.9936729754268],[-120.813750945857,38.9936523694292],[-120.813789460679,38.9936322620412],[-120.813828425917,38.9936126952815],[-120.813867838349,38.9935936547018],[-120.813907629633,38.9935751540205],[-120.813947832806,38.9935572197005],[-120.813988449687,38.9935398121192],[-120.81402944521,38.9935229570458],[-120.814070782213,38.9935066676154],[-120.814112496225,38.9934909595054],[-120.814154589092,38.9934757912914],[-120.814196987894,38.9934612433138],[-120.81423972932,38.9934472618904],[-120.814282743426,38.9934338183797],[-120.814326063213,38.9934210104178],[-120.814369655005,38.9934087809028],[-120.814413518546,38.9933971451477],[-120.814457617617,38.9933861289104],[-120.814501988665,38.9933756929207],[-120.814546559689,38.9933658625723],[-120.814591368315,38.9933566661768],[-120.814636411531,38.9933480766753],[-120.814681587077,38.9933400650979],[-120.814726927041,38.9933327146565],[-120.814772432359,38.9933259695027],[-120.814818104185,38.9933198296483],[-120.814863905103,38.9933143235418],[-120.81490980167,38.9933094490409],[-120.814955811622,38.9933051810999],[-120.814994076324,38.9933021514798],[-120.815001881442,38.9933015444001],[-120.81504806306,38.9932985403709],[-120.816256579061,38.993125103695],[-120.817881209354,38.9928954948133],[-120.818752003953,38.9928429432443],[-120.820335742555,38.9927342737835],[-120.821485182975,38.9926554171612],[-120.822716123341,38.992452195616],[-120.82367024553,38.9922461370895],[-120.824826010986,38.9918263085985],[-120.825871303851,38.9911348162375],[-120.826746549068,38.9904924857594],[-120.827511038324,38.9895845897473],[-120.827919054546,38.9887396516762],[-120.828168490842,38.9877961404628],[-120.828223459902,38.9870608528061],[-120.82822834912,38.9866627135302],[-120.828229494812,38.9865699637255],[-120.828230966774,38.9864532038713],[-120.828261357679,38.986181116866],[-120.828212286695,38.9858034549509],[-120.828269488882,38.9855526311709],[-120.828353895523,38.9852811570618],[-120.828276417614,38.9850289229656],[-120.828224248976,38.9849026563222],[-120.828201340062,38.9846090808709],[-120.828232426804,38.9843161452261],[-120.828292254897,38.9838977706738],[-120.828269972112,38.9835832765355],[-120.828273426815,38.9833528502504],[-120.828222819923,38.9831428183547],[-120.828214445194,38.9829927592345],[-120.828201786954,38.9827654942874],[-120.828257924315,38.982619434079],[-120.828267472677,38.9820329356891],[-120.828195583681,38.9815289328004],[-120.828342761662,38.9808786841125],[-120.828477206283,38.9802431345612],[-120.828468435299,38.9801266283026],[-120.828465120297,38.9800546485839],[-120.828463355625,38.9799825889662],[-120.828463244028,38.9799105180534],[-120.828464716018,38.979838449561],[-120.828467788456,38.9797664106866],[-120.828472443095,38.9796943877326],[-120.828478697041,38.9796224628554],[-120.828486533872,38.9795505818339],[-120.828495950389,38.9794788680629],[-120.828506948888,38.9794072521935],[-120.828519491759,38.9793358446613],[-120.828533650332,38.979264589425],[-120.828549354183,38.9791935569488],[-120.82856660103,38.9791227454073],[-120.828585427337,38.9790521830956],[-120.828605796416,38.9789819246004],[-120.828627674311,38.9789119290377],[-120.828651094523,38.9788422643132],[-120.828676056825,38.9787729439378],[-120.828702524725,38.978704010788],[-120.828730500793,38.978635448672],[-120.828759946466,38.9785672860303],[-120.828790933539,38.978499578541],[-120.828823389302,38.9784323254714],[-120.8288572819,38.9783654985711],[-120.828892678065,38.9782991804946],[-120.828929472077,38.9782334125209],[-120.828967736405,38.9781681395201],[-120.829007396974,38.978103443631],[-120.829048492087,38.9780393117237],[-120.829091019002,38.977975769896],[-120.829134906384,38.9779128741876],[-120.829180121462,38.9778505819236],[-120.829226768343,38.9777889491061],[-120.829274740617,38.9777279890784],[-120.829324001839,38.9776677420141],[-120.829374625601,38.9776081545958],[-120.829426537177,38.9775493485969],[-120.829479738626,38.9774912690796],[-120.829534194157,38.9774339165833],[-120.829589920435,38.9773774002862],[-120.829646899885,38.9773216659542],[-120.829705078992,38.9772667391743],[-120.829764475966,38.9772126354436],[-120.829825073065,38.9771593807089],[-120.829886816967,38.9771069888474],[-120.829949706987,38.977055501293],[-120.830013708035,38.9770048762485],[-120.830078872066,38.9769551827048],[-120.830145075378,38.9769064329308],[-120.830212354652,38.9768585723368],[-120.830280709216,38.9768117117284],[-120.830350101671,38.9767658092851],[-120.830420499498,38.9767208772916],[-120.830521861029,38.9766670434062],[-120.83062201394,38.9766118107642],[-120.830720959617,38.9765551649677],[-120.830818624658,38.9764971476263],[-120.830914976541,38.9764377710295],[-120.831010012955,38.9763770351576],[-120.8311037166,38.9763150092113],[-120.83119601637,38.9762516654524],[-120.831286877215,38.9761870296591],[-120.83137635198,38.97612111678],[-120.831464317658,38.9760539670264],[-120.83155077151,38.9759856065012],[-120.831635715814,38.9759160370323],[-120.831719130508,38.9758452854497],[-120.831800946145,38.9757733636727],[-120.831881161806,38.9757003275529],[-120.831959760404,38.9756261634082],[-120.832036617576,38.97555092405],[-120.832111891181,38.9754746254802],[-120.832185458898,38.9753972664746],[-120.8322573016,38.9753188873864],[-120.83232732975,38.9752395287634],[-120.832395686429,38.9751591929449],[-120.83246215842,38.9750779318509],[-120.832526903836,38.9749957461694],[-120.832589729476,38.9749126636965],[-120.832650738552,38.974828725111],[-120.832709898533,38.9747439436034],[-120.832767135095,38.974658347261],[-120.832822486339,38.9745719355677],[-120.832875879154,38.9744848032914],[-120.832933035692,38.9743869993818],[-120.832937821586,38.9742693112802],[-120.832942304052,38.9742064029143],[-120.832948227823,38.9741435783683],[-120.832955521838,38.9740808774716],[-120.832964185176,38.9740182857996],[-120.832974218068,38.9739558592122],[-120.832985619594,38.9738935832848],[-120.832998408449,38.9738315140622],[-120.833012530409,38.9737696500994],[-120.833028037175,38.9737080054281],[-120.833044877496,38.9736466083639],[-120.83306308578,38.9735854718641],[-120.833082661341,38.9735246373638],[-120.833103497304,38.9734640767635],[-120.83312577164,38.973403845902],[-120.833149305953,38.9733439844332],[-120.833174135528,38.9732844521682],[-120.83320033078,38.9732253182825],[-120.833227821997,38.9731665406339],[-120.833256573445,38.973108186433],[-120.833286653177,38.9730502581628],[-120.833318009748,38.9729927958486],[-120.833350661148,38.9729357582268],[-120.833384516475,38.9728792687138],[-120.833419666625,38.9728232038911],[-120.833456004558,38.9727676861121],[-120.833493598354,38.9727127160582],[-120.833532469449,38.9726582534011],[-120.833572490714,38.9726043788501],[-120.833613681053,38.9725510655658],[-120.833656092644,38.9724983690264],[-120.83369965579,38.9724462461886],[-120.833744403523,38.9723947937814],[-120.833790283635,38.9723439581258],[-120.833837332414,38.9722937783237],[-120.833885443445,38.9722442686239],[-120.833934685741,38.9721954432299],[-120.833985007152,38.9721473151322],[-120.834036405857,38.9720999248528],[-120.834088885037,38.9720532192675],[-120.834142442442,38.9720072650209],[-120.834196901283,38.971962074756],[-120.834252438097,38.9719176511403],[-120.8343090513,38.9718740202835],[-120.834366497843,38.9718311536232],[-120.834444090683,38.9718059801859],[-120.834518516341,38.9717830687532],[-120.834593399995,38.9717611492766],[-120.834668811327,38.9717402656971],[-120.834744715959,38.971720403255],[-120.834821079068,38.9717015742134],[-120.834897847785,38.9716837654295],[-120.834975056729,38.9716669772489],[-120.835052635737,38.9716511954545],[-120.835130549528,38.9716364602344],[-120.835208797662,38.9716227986114],[-120.835287379876,38.9716101565263],[-120.83536626157,38.9715986030039],[-120.835445407685,38.9715880944482],[-120.835524835284,38.971578646345],[-120.83560438606,38.9715702706244],[-120.835684182125,38.9715629811202],[-120.83576413691,38.9715567787681],[-120.835844249293,38.9715516617546],[-120.835924519249,38.9715476318809],[-120.836004826093,38.9715446591103],[-120.83608523677,38.9715428134835],[-120.836165699344,38.9715420251094],[-120.836246163741,38.9715423214162],[-120.836326625822,38.9715437438051],[-120.836407106125,38.9715462366239],[-120.836487498699,38.9715497862004],[-120.836567837722,38.9715544199042],[-120.836648053504,38.9715601649678],[-120.836728199129,38.9715669516495],[-120.836808186902,38.9715748493454],[-120.836887962341,38.9715838025549],[-120.836967580173,38.9715938523669],[-120.837046970217,38.9716049151951],[-120.837126167332,38.9716170472458],[-120.837205046897,38.9716302472745],[-120.837283592984,38.9716445016089],[-120.8373619293,38.9716597970701],[-120.837439860616,38.9716761452229],[-120.837517458698,38.9716935332707],[-120.837594618053,38.9717119196189],[-120.837671408173,38.9717313599189],[-120.837747724748,38.9717518107864],[-120.837823602162,38.9717732869803],[-120.837899006021,38.9717957746441],[-120.837973866397,38.9718192451521],[-120.838048235679,38.9718437413716],[-120.838121989953,38.9718692188224],[-120.838195147877,38.9718956659796],[-120.838267761664,38.9719231365203],[-120.838339656789,38.9719515755489],[-120.83834491771,38.9719546488603],[-120.838350214182,38.9719577360402],[-120.838355618837,38.9719607008721],[-120.838361057636,38.9719636246018],[-120.838366587562,38.97196648077],[-120.838372118591,38.9719691991069],[-120.838377738205,38.9719718642718],[-120.838383429108,38.9719744751911],[-120.83838924484,38.9719770044703],[-120.838395027075,38.9719794649445],[-120.838400897433,38.9719818298983],[-120.838406770288,38.9719841128923],[-120.838412749272,38.9719863284744],[-120.838418782915,38.9719884482022],[-120.838424817916,38.9719904850579],[-120.838430905729,38.9719924683845],[-120.8384370669,38.9719943416286],[-120.838443264253,38.9719961197349],[-120.838449461337,38.9719978437826],[-120.838455767551,38.9719994581046],[-120.838462039351,38.9720009891974],[-120.838468382646,38.9720024534337],[-120.838474727757,38.9720038068735],[-120.838481143445,38.9720050790327],[-120.838487561409,38.9720062827437],[-120.838494016708,38.9720073913285],[-120.838500472667,38.9720083891052],[-120.838506999916,38.9720093326363],[-120.838513494332,38.9720101668271],[-120.838520043186,38.9720109186753],[-120.838526575155,38.9720115739552],[-120.838533161326,38.9720121613051],[-120.838539731987,38.9720126385865],[-120.838546303279,38.9720130068616],[-120.83855287664,38.9720133192994],[-120.838559521953,38.9720135369562],[-120.838566115322,38.972013684723],[-120.838572711153,38.9720136820588],[-120.838579324751,38.9720136516428],[-120.838585940369,38.9720134978195],[-120.83859252249,38.9720132751909],[-120.838599159255,38.9720129576087],[-120.838605691672,38.972012528171],[-120.838612278512,38.9720120172913],[-120.838618884018,38.9720114237121],[-120.838625420476,38.9720107474592],[-120.838631939812,38.9720099890506],[-120.83863292751,38.9720098619632],[-120.83863846166,38.9720091477813],[-120.838644950688,38.9720081962709],[-120.838651474744,38.9720071496112],[-120.838657896523,38.9720060055315],[-120.838664335357,38.9720048066649],[-120.838674237648,38.9720026945731],[-120.838713818941,38.9720022930117],[-120.838743120364,38.9720023934137],[-120.838772485437,38.9720029061673],[-120.838801773619,38.972003815456],[-120.838831036806,38.9720051235992],[-120.838860259572,38.9720068565701],[-120.838889422029,38.9720089601146],[-120.838918613964,38.9720114486421],[-120.838947658399,38.9720143465146],[-120.838976660769,38.9720176286566],[-120.839005587154,38.9720213226587],[-120.839034436872,38.9720253996845],[-120.839063138365,38.9720298599213],[-120.839091800103,38.9720347044509],[-120.839120313631,38.9720399312909],[-120.839148732272,38.9720455968306],[-120.839177004743,38.9720515906456],[-120.839248401831,38.9721061934054],[-120.839284163168,38.9721349850794],[-120.839319318926,38.9721642517996],[-120.8393537812,38.9721940053034],[-120.83938758505,38.972224218913],[-120.839420661225,38.9722548928395],[-120.839453078058,38.972286012449],[-120.839484784745,38.9723175790373],[-120.83951578084,38.9723495493561],[-120.839546084334,38.972381952415],[-120.839575570822,38.9724147734605],[-120.839604366775,38.9724479714102],[-120.839632381936,38.9724815606809],[-120.83965968628,38.9725155671964],[-120.839686211407,38.9725498686504],[-120.839711956908,38.9725845605375],[-120.839736887673,38.9726196019666],[-120.839761039502,38.9726549914932],[-120.83978441189,38.9726906894719],[-120.839806970452,38.9727266811457],[-120.839828731805,38.9727630090242],[-120.839849609176,38.9727996154847],[-120.839869796412,38.9728365033603],[-120.839888993929,38.9728736426382],[-120.839907448005,38.9729110763147],[-120.839925018965,38.9729487354289],[-120.839941777226,38.9729866188808],[-120.83995765308,38.9730247548061],[-120.839972715742,38.9730630745232],[-120.839986878209,38.9731016050943],[-120.840000156855,38.973140333169],[-120.840012607525,38.9731792313753],[-120.840024140431,38.9732182853049],[-120.840034827573,38.9732574677467],[-120.840044596727,38.973296819424],[-120.840053519166,38.9733362869916],[-120.840061508151,38.9733758812973],[-120.840068581182,38.9734155908039],[-120.840074843467,38.9734553336742],[-120.84008015336,38.9734952319243],[-120.840084566429,38.9735351338512],[-120.840088099973,38.9735751108006],[-120.840090681335,38.9736151593459],[-120.840092417312,38.9736552418114],[-120.840093240745,38.9736953007695],[-120.84009318259,38.9737354194141],[-120.840092210007,38.9737754884058],[-120.840090359497,38.9738155342349],[-120.840087593437,38.9738555988704],[-120.840083984726,38.9738956001531],[-120.840079427421,38.9739355235134],[-120.840069820876,38.9739604024199],[-120.840060775425,38.9739854112443],[-120.840052238001,38.9740105485571],[-120.840044350286,38.9740357608134],[-120.840036953512,38.9740610878742],[-120.840030170219,38.9740865174466],[-120.840023913163,38.9741120207325],[-120.84001828829,38.9741376123018],[-120.840013224971,38.9741633058655],[-120.840008688775,38.9741890190962],[-120.840004766756,38.9742147925022],[-120.840001442523,38.974240640335],[-120.83999866157,38.9742665079961],[-120.839996479083,38.9742924086481],[-120.839994876583,38.9743183430081],[-120.839993871838,38.9743442833242],[-120.839993447553,38.9743702285232],[-120.839993603699,38.9743961804066],[-120.839994287666,38.9744221096207],[-120.839995605163,38.9744480451474],[-120.839997486683,38.9744739322385],[-120.839999982131,38.9744998245458],[-120.840003025903,38.9745256403322],[-120.84000663234,38.9745514202823],[-120.840010907386,38.9745771789656],[-120.840015676963,38.9746028335639],[-120.840021045436,38.9746284247579],[-120.840026977239,38.9746539395802],[-120.840033491989,38.9746793782261],[-120.840040606299,38.9747047129323],[-120.840048248403,38.9747299564975],[-120.840056492612,38.9747550817333],[-120.840065265042,38.9747800897052],[-120.840074602637,38.9748049798804],[-120.840084504479,38.9748297378345],[-120.840094937765,38.974854322699],[-120.840105935776,38.9748788167897],[-120.840117534912,38.9749031114568],[-120.840129644993,38.9749272868851],[-120.840142287405,38.9749512351763],[-120.840155476991,38.9749750366607],[-120.840169180701,38.9749986657827],[-120.840183379389,38.9750220935218],[-120.840198161895,38.9750453216638],[-120.840213439379,38.9750683484224],[-120.840229249225,38.9750911462411],[-120.84024559003,38.9751137304216],[-120.840262390958,38.9751361272857],[-120.840279724913,38.9751582546742],[-120.840297519904,38.9751801388974],[-120.840315845158,38.9752017815458],[-120.840350254322,38.9752403353575],[-120.840372214371,38.975255959969],[-120.840394478259,38.9752712848909],[-120.840417082201,38.975286283456],[-120.840440024587,38.9753009835769],[-120.84046339473,38.9753153582141],[-120.840486946375,38.9753294328436],[-120.840510890445,38.9753431546092],[-120.84053508527,38.9753565761555],[-120.840559637885,38.9753696453936],[-120.840584441712,38.9753823864878],[-120.840609532494,38.9753948015957],[-120.840634910703,38.9754068618922],[-120.840660576322,38.975418568278],[-120.840686493123,38.9754299483207],[-120.840712627412,38.9754409449262],[-120.840739065965,38.975451615717],[-120.840765687357,38.9754619045271],[-120.840792543547,38.975471810072],[-120.840844386053,38.9754897222887],[-120.841473607182,38.9756898004513],[-120.842108946295,38.9758816988424],[-120.842746380633,38.9760639476041],[-120.843590689251,38.9762884365158],[-120.843611664552,38.9762944387294],[-120.843625981392,38.9762988098907],[-120.843640155913,38.9763033445064],[-120.843654255319,38.9763080972995],[-120.84366824657,38.9763130418151],[-120.843682094113,38.9763181641861],[-120.843695850621,38.9763234901617],[-120.843709463421,38.9763289939928],[-120.843722985611,38.976334675306],[-120.843736328554,38.976340519707],[-120.843749563358,38.9763465549298],[-120.843762724407,38.976352795731],[-120.843775601196,38.9763591985772],[-120.84378840514,38.9763657511532],[-120.843801083621,38.9763724952803],[-120.84381358287,38.9763794015946],[-120.84382588648,38.9763864852492],[-120.843838081239,38.9763937326911],[-120.843850079455,38.9764011421486],[-120.843861952883,38.9764087017213],[-120.84387355936,38.9764164235114],[-120.843885056544,38.9764243361125],[-120.84389637745,38.9764323712897],[-120.84390746604,38.9764405681276],[-120.843918429129,38.976448888046],[-120.84392914329,38.976457397389],[-120.843939697344,38.976466028568],[-120.843950037987,38.9764747945679],[-120.843960166357,38.9764836963006],[-120.843970114327,38.9764927611109],[-120.843979850259,38.9765019472417],[-120.843989408774,38.976511255037],[-120.843998717868,38.9765207117105],[-120.844007814226,38.9765302617692],[-120.844016696937,38.9765399610615],[-120.844025367831,38.9765497681628],[-120.844033789759,38.9765596962185],[-120.844041998716,38.976569732072],[-120.84404995986,38.9765798888913],[-120.844057744468,38.9765901133285],[-120.844065262139,38.9766004990835],[-120.84407254905,38.9766109510172],[-120.844079572198,38.9766215111455],[-120.844086363924,38.9766321779877],[-120.844092907565,38.9766429117377],[-120.844099205458,38.9766537106169],[-120.844105288534,38.9766646596195],[-120.844111124928,38.9766756602282],[-120.844116678631,38.9766867265002],[-120.844121984947,38.9766978876158],[-120.8441270792,38.9767091006814],[-120.844131855686,38.9767204069909],[-120.84413642055,38.9767317382269],[-120.844147696929,38.9767467605271],[-120.844159257783,38.9767616081678],[-120.84417119061,38.9767762946306],[-120.844183443481,38.9767908194],[-120.844196014542,38.9768051545285],[-120.844208976041,38.9768193286621],[-120.84422215162,38.976833327437],[-120.844235698954,38.9768471785451],[-120.844249567462,38.976860798599],[-120.844263701046,38.9768742302861],[-120.844278190684,38.9768874862217],[-120.844292965253,38.9769005395724],[-120.844307988072,38.9769133746585],[-120.84432340313,38.9769260091259],[-120.84433903138,38.976938452008],[-120.844354944065,38.9769506517585],[-120.84437114241,38.9769626750577],[-120.844387591026,38.976974426957],[-120.844404360361,38.9769859757253],[-120.844421343533,38.9769972932734],[-120.844438611649,38.977008407335],[-120.844456130272,38.9770192355838],[-120.844473864804,38.9770298470476],[-120.844491883801,38.9770402135772],[-120.844510117569,38.9770503624094],[-120.844528532822,38.9770602112294],[-120.84454723185,38.9770698574514],[-120.844566146779,38.9770792166156],[-120.844585276697,38.9770883445702],[-120.844604587644,38.9770972004365],[-120.844624113117,38.9771057827448],[-120.844643819618,38.9771140929645],[-120.84466370579,38.9771221436951],[-120.84468380739,38.9771299361921],[-120.84470405448,38.9771374418328],[-120.844724517233,38.9771446748273],[-120.844745123881,38.9771516479772],[-120.844765877391,38.9771583207702],[-120.84478682832,38.9771647072218],[-120.844807855277,38.9771708196412],[-120.844829043862,38.9771766462649],[-120.844850378884,38.977182198654],[-120.844871858679,38.9771874371511],[-120.844901266589,38.97719409939],[-120.84498891983,38.9771971663998],[-120.84507662991,38.9771990113496],[-120.845164428022,38.977199703019],[-120.845252282235,38.9771991464941],[-120.845340154501,38.9771974098677],[-120.845428012079,38.977194518942],[-120.845515818201,38.9771903922691],[-120.845603572698,38.9771851109309],[-120.845691224278,38.9771786347781],[-120.845778682955,38.9771709611171],[-120.845866074027,38.9771621209211],[-120.845953272886,38.9771521111532],[-120.846040244193,38.9771409044357],[-120.846126971348,38.9771285276325],[-120.846213399639,38.9771150090316],[-120.84629958399,38.9771003068345],[-120.846385434408,38.9770844895212],[-120.846470917633,38.9770674729769],[-120.84655604778,38.9770493825711],[-120.846640775857,38.9770301079061],[-120.846725011681,38.9770097291728],[-120.846808843614,38.976988206706],[-120.846892165289,38.9769656223382],[-120.847046479065,38.9769203997908],[-120.847219726125,38.9768726175935],[-120.847391900965,38.9768225460813],[-120.847562845968,38.9767702242405],[-120.847732524906,38.9767156787459],[-120.847900938467,38.9766589375386],[-120.848067944696,38.9765999992195],[-120.848233542484,38.9765389313533],[-120.848397557054,38.9764756925764],[-120.848560093671,38.9764103388933],[-120.84872104436,38.9763429088831],[-120.848880269463,38.9762734020724],[-120.849037839831,38.9762018615124],[-120.849193630153,38.9761282562405],[-120.849347589439,38.9760526695461],[-120.849499697144,38.9759750868186],[-120.849649971302,38.9758956055434],[-120.84979829046,38.9758140992991],[-120.850004017457,38.9756959661205],[-120.850121994241,38.9756296610777],[-120.850238358655,38.9755617750835],[-120.850353059073,38.9754924310599],[-120.850466148766,38.9754215466524],[-120.85057755528,38.975349177008],[-120.850687296652,38.9752753484362],[-120.85079521432,38.9752000882062],[-120.850901396217,38.9751233827762],[-120.851005806848,38.9750452858561],[-120.851108340456,38.974965771181],[-120.851209100083,38.9748849613977],[-120.851307946506,38.9748027587379],[-120.851404915062,38.974719261756],[-120.851499934673,38.9746344409259],[-120.851593040005,38.9745483650645],[-120.851684194353,38.9744610203005],[-120.851706218894,38.9744391459306],[-120.851773293892,38.9743724749857],[-120.851860441781,38.9742827022133],[-120.851945533743,38.9741917270863],[-120.852028532638,38.9740996339299],[-120.85210951092,38.9740063676055],[-120.852188359729,38.973912022542],[-120.852265150835,38.9738165859374],[-120.852339742555,38.9737201122564],[-120.852412204381,38.9736225868723],[-120.852482465944,38.9735240793677],[-120.852583880817,38.9733742810246],[-120.852713307576,38.973262928214],[-120.85284168945,38.9731487910128],[-120.852976743611,38.9730244776831],[-120.853108835398,38.9728984043344],[-120.853237609298,38.9727707882017],[-120.853362818205,38.9726417088459],[-120.853484282961,38.972511397854],[-120.853601825922,38.9723799219584],[-120.853715233924,38.9722474033998],[-120.853824436425,38.9721139234796],[-120.853929325522,38.9719795901593],[-120.85402981374,38.9718443899761],[-120.854125915044,38.9717084600196],[-120.854217561593,38.9715717861187],[-120.854304803965,38.9714343822952],[-120.854387731703,38.9712962079976],[-120.854466362841,38.9711572913408],[-120.854540836761,38.9710175787483],[-120.854675169852,38.9707414142319],[-120.854723968359,38.9706733671661],[-120.854771001269,38.9706045891765],[-120.854816288216,38.9705350795572],[-120.854859915296,38.9704648670861],[-120.854901830102,38.9703939098068],[-120.854942068226,38.9703222909563],[-120.854980663318,38.9702499279821],[-120.855017652777,38.9701768635972],[-120.855052999712,38.9701030956383],[-120.855086738778,38.9700286938192],[-120.855118942562,38.9699535228151],[-120.8551495385,38.9698777170524],[-120.855178668447,38.9698012112591],[-120.855206295779,38.9697240582306],[-120.855232386959,38.9696461909695],[-120.855257045483,38.969567704191],[-120.855280237364,38.9694885588219],[-120.855302032586,38.969408780777],[-120.855322431794,38.9693283304227],[-120.855341450259,38.9692472628663],[-120.855359001958,38.9691656169034],[-120.855375279516,38.9690833277601],[-120.855390193716,38.9690004891568],[-120.855403780537,38.9689170888349],[-120.855416075985,38.968833112734],[-120.855427006485,38.9687486150874],[-120.855436608745,38.9686636097704],[-120.855444918528,38.9685780980357],[-120.855451987122,38.9684921200287],[-120.855457654599,38.9684057174216],[-120.855462080665,38.968318862955],[-120.855465140803,38.9682316923457],[-120.855466940176,38.9681441255443],[-120.855466850737,38.9679905121494],[-120.855477069762,38.9679359389847],[-120.855486237902,38.9678811221463],[-120.855494582956,38.9678261053169],[-120.855501911091,38.9677708856898],[-120.855508326847,38.9677154931226],[-120.855513796792,38.9676599254851],[-120.855518283089,38.9676042391636],[-120.855521786206,38.9675484053332],[-120.855524376565,38.9674924940577],[-120.855525948936,38.9674365187174],[-120.855526501041,38.9673804774879],[-120.855526068905,38.9673244265811],[-120.855524651595,38.9672683524737],[-120.855522249831,38.9672122822006],[-120.855518790958,38.9671562844187],[-120.85551427792,38.9671002483428],[-120.855508777557,38.9670443944562],[-120.855502220093,38.9669886130605],[-120.855494605796,38.9669329591146],[-120.855485952224,38.9668774174752],[-120.855476239116,38.9668220996577],[-120.85546546898,38.9667669219004],[-120.855453585799,38.9667119944662],[-120.855440662501,38.9666573036568],[-120.855426644858,38.9666028489388],[-120.85541153197,38.9665486861604],[-120.855395375561,38.9664948284427],[-120.85537808886,38.9664412893469],[-120.855359707422,38.9663880827358],[-120.855340227604,38.9663352914586],[-120.855319669924,38.9662828598589],[-120.855297980639,38.9662308288502],[-120.855275175237,38.9661792400269],[-120.855251273117,38.966128107093],[-120.855226272409,38.9660774030016],[-120.855191464575,38.9660111281285],[-120.854507818172,38.9650326236497],[-120.854281703634,38.9645348080335],[-120.853985184071,38.9634615538774],[-120.853922503851,38.9619941157879],[-120.852892009683,38.9610679424693],[-120.852353632464,38.9603981089469],[-120.852284298884,38.9602497983063],[-120.852119010621,38.9599496746049],[-120.852121499136,38.9595632775366],[-120.852522027633,38.9590937144409],[-120.855309526004,38.9577087951554],[-120.857349284504,38.9568103039714],[-120.858365784037,38.9560201400723],[-120.858403160348,38.9556359933841],[-120.858347535556,38.9551368093724],[-120.858248429868,38.9548220205187],[-120.858306076617,38.9545944179089],[-120.858239571538,38.9543343747853],[-120.858354818893,38.9541814394512],[-120.858610814575,38.9539450999139],[-120.858627076444,38.9538284018197],[-120.858627275198,38.9538269487701],[-120.858759147729,38.9534842460304],[-120.858827859184,38.9531359678197],[-120.858818794762,38.9529090558607],[-120.859029469808,38.9527832257217],[-120.859048624824,38.9525356934043],[-120.859054008106,38.9524076296877],[-120.858947606603,38.952166020654],[-120.859209483059,38.9518717690614],[-120.859434685931,38.95167661905],[-120.860145869718,38.951575255668],[-120.860789235229,38.9516422976782],[-120.861278594293,38.9517449547547],[-120.861613986145,38.9518732361289],[-120.861892318379,38.9520531051355],[-120.862073279162,38.9522402180616],[-120.862628023551,38.9525050720761],[-120.862660068692,38.9527920982877],[-120.863122874667,38.9532071936605],[-120.863740200318,38.9535354698109],[-120.864812158967,38.9538139430906],[-120.86536877071,38.9538766122895],[-120.865837824031,38.9538406389378],[-120.86633036057,38.9537920956838],[-120.866622232355,38.9538465777807],[-120.867009238584,38.953886580377],[-120.86710376466,38.9539012856492],[-120.867469309428,38.9539583359518],[-120.868097893187,38.9541182699739],[-120.86845707162,38.9542107886909],[-120.869052749661,38.9542951152337],[-120.869558386337,38.9543370990101],[-120.869941582296,38.9542754510002],[-120.870682201033,38.9542079342512],[-120.871277209869,38.9541720079469],[-120.872054513939,38.9541615578945],[-120.872744971292,38.9541664628603],[-120.873743243404,38.9543053276901],[-120.874471836032,38.9544148312818],[-120.874990835671,38.9545602811837],[-120.875492586977,38.954705699034],[-120.875663773341,38.9547555461628],[-120.876216607254,38.9549700499287],[-120.876615027334,38.9550716684079],[-120.877136397581,38.9552000788026],[-120.877567027442,38.9553478636611],[-120.878121679214,38.9555903450242],[-120.878552977367,38.9558084030049],[-120.878891202285,38.9559341072085],[-120.879260026799,38.9561076243841],[-120.879536447705,38.9562330612586],[-120.879720533413,38.9563561519253],[-120.881696961011,38.9578970205747],[-120.883019940976,38.9587877108588],[-120.883172739897,38.9588894617589],[-120.884101008233,38.959137433703],[-120.88529300865,38.9594316416544],[-120.885846348563,38.9595475084392],[-120.886782649834,38.9596130769837],[-120.887373664897,38.9595380910326],[-120.887894460997,38.9595987166217],[-120.888383591563,38.9594951549162],[-120.888540878807,38.9594209487917],[-120.889683732611,38.959321837734],[-120.890500732247,38.9590355429287],[-120.890920912789,38.9589414460193],[-120.891286761496,38.9588603132784],[-120.891422887772,38.9587985750071],[-120.891574312968,38.9587300622843],[-120.892078436932,38.9585778177077],[-120.893430603518,38.9576490299163],[-120.894277295505,38.9566828850474],[-120.89468421178,38.9562537709717],[-120.896232731585,38.9551885537171],[-120.897376401433,38.9544342854537],[-120.899091683942,38.9534570684939],[-120.900239517118,38.9531157166285],[-120.901127372879,38.9530199186805],[-120.901549792786,38.9530664291007],[-120.902220938736,38.9531800211117],[-120.903810724373,38.9534349389843],[-120.904618314879,38.9536075098734],[-120.905745152678,38.9538152473505],[-120.90733408646,38.9540472343996],[-120.908745242039,38.9542742526013],[-120.910324653855,38.954576819079],[-120.911687613571,38.9547557202244],[-120.912484276553,38.9549527246474],[-120.913104542017,38.955144863664],[-120.913930139089,38.955392571788],[-120.914014591862,38.9554491863305],[-120.914443493129,38.9556551299906],[-120.915355201017,38.9560818476129],[-120.916166634652,38.9565165081975],[-120.91667834877,38.9569808716344],[-120.917013396833,38.9572802295662],[-120.917432017498,38.9575388584579],[-120.917891635666,38.957722309491],[-120.918347447911,38.9578879292345],[-120.918748067435,38.9580520461326],[-120.919417335215,38.958282171907],[-120.920057961688,38.9585619768461],[-120.920707330151,38.9589748494668],[-120.921338420358,38.959412990053],[-120.922118634528,38.9600346237266],[-120.922825249676,38.9605866739663],[-120.923483461047,38.9609568431581],[-120.924157495826,38.9612790168864],[-120.924744729915,38.9614875654047],[-120.925329279818,38.9615856559836],[-120.926030157641,38.961664289582],[-120.926702010679,38.9617575768296],[-120.927278973534,38.9619134455143],[-120.927298580933,38.9619192695737],[-120.927909250378,38.9620210194398],[-120.928537698779,38.9620961292196],[-120.929685888007,38.962131722361],[-120.930350790898,38.9621430112424],[-120.930472530135,38.962144816434],[-120.931160355234,38.96213802267],[-120.931762881781,38.9620966657081],[-120.932369693822,38.9620999818352],[-120.932690032247,38.9621474322398],[-120.932875123935,38.9622633351096],[-120.933045798243,38.9624421959128],[-120.933198278545,38.9626217816115],[-120.933379676791,38.962845486082],[-120.933545777425,38.9630479740193],[-120.933684519242,38.9632127968552],[-120.93387503853,38.9633680440357],[-120.933980063693,38.9634828143958],[-120.934178710888,38.9636496402196],[-120.934354039373,38.9637533285078],[-120.93478942068,38.9639143301226],[-120.935227894681,38.9641178249322],[-120.935622025716,38.9643067303453],[-120.936028160962,38.9644165624891],[-120.936570093067,38.9643814501631],[-120.93694529058,38.9642896738332],[-120.937387514901,38.9641565074442],[-120.937682462393,38.96407061426],[-120.938128603818,38.9639880348998],[-120.938200426282,38.9639786809014],[-120.938306511155,38.9639596986561],[-120.93843224192,38.9639371197444],[-120.938462053858,38.9639298545545],[-120.938667814871,38.963879419121],[-120.939035283807,38.963878361866],[-120.939319205663,38.9638357504314],[-120.939526331737,38.9637574677663],[-120.939785321811,38.9636425456709],[-120.939813748962,38.9635996650797],[-120.939956849436,38.9633961169477],[-120.94006690597,38.9632807432147],[-120.940335485826,38.9629698424382],[-120.940450927669,38.9627151580996],[-120.940643466105,38.9623167357987],[-120.940736701438,38.9620580462911],[-120.940771198694,38.961721659525],[-120.940682119487,38.9614098918328],[-120.94061685666,38.9611167663861],[-120.94056917577,38.9605859965613],[-120.940504343776,38.9602828792501],[-120.94040470485,38.9599412758471],[-120.940222498224,38.9596318175675],[-120.940104258745,38.9593878300915],[-120.939984989464,38.9591209164584],[-120.939753094446,38.9587594218841],[-120.939484452196,38.9584141904919],[-120.939300792335,38.9581436559638],[-120.939175653805,38.9578545145294],[-120.939022251259,38.9574740027548],[-120.938930467654,38.9572511239769],[-120.938929415175,38.9572485882077],[-120.938879761893,38.9571282449547],[-120.938771821781,38.956908679157],[-120.938639684752,38.9565668596268],[-120.93841279566,38.9561703269169],[-120.938051898916,38.9557842694788],[-120.937662649835,38.9554693201264],[-120.937240222124,38.9550664134011],[-120.936983432664,38.9547697796058],[-120.936688506397,38.9544038161533],[-120.936373256433,38.9538548922857],[-120.93630606981,38.9535274213141],[-120.936231400293,38.9531174460131],[-120.936214437601,38.9526655044833],[-120.936234558459,38.9521022221766],[-120.93633071683,38.9516158489613],[-120.936394878744,38.9512158480357],[-120.93637549511,38.9505898564559],[-120.936277436943,38.9500489024218],[-120.936221493541,38.9496051036702],[-120.936151177617,38.9491959372455],[-120.936140951184,38.948869398345],[-120.936198449752,38.9485267556773],[-120.936307572869,38.9481370235142],[-120.936426727611,38.947669148881],[-120.936547866848,38.9472588222626],[-120.936776917441,38.9468724648531],[-120.937067162047,38.9463633147662],[-120.937248467338,38.9459079531272],[-120.937443418007,38.9453184625599],[-120.937581995249,38.9446657106287],[-120.937692055163,38.9440833257701],[-120.937754755058,38.9432561691012],[-120.937653532006,38.9425154699994],[-120.937478215237,38.9417942225356],[-120.93737020779,38.9413661217671],[-120.937342718052,38.9412576783294],[-120.937239853444,38.9407374683382],[-120.937229966653,38.9404701912397],[-120.93722162387,38.9402360866017],[-120.937265911791,38.9395679055656],[-120.937363705567,38.9390505172654],[-120.93750442675,38.9385708658074],[-120.937643617505,38.9380735709834],[-120.937836570073,38.9375501851057],[-120.938191794038,38.9369437032323],[-120.938591787069,38.9362961088662],[-120.938988654496,38.9358547918345],[-120.939393105866,38.9355031733821],[-120.939925214754,38.9352528909524],[-120.940852572886,38.9350592572599],[-120.941701747844,38.9351805317247],[-120.942745374139,38.9355153121172],[-120.943456546878,38.9357554573082],[-120.944203340689,38.9359223008649],[-120.944504939243,38.9359741634781],[-120.945310774087,38.9361076770892],[-120.946241936515,38.936488692883],[-120.947171129461,38.9368728130897],[-120.947843072413,38.9372281010825],[-120.948680552216,38.937704688772],[-120.949468864865,38.9381402138743],[-120.950102938691,38.9383617178398],[-120.951176471679,38.9385343198479],[-120.952138058437,38.9385831302198],[-120.953128318409,38.9385903141142],[-120.953880160306,38.9385947417831],[-120.954590054465,38.9386051860435],[-120.955723388185,38.9386203612655],[-120.956541000829,38.9386879983331],[-120.957408800169,38.9388075668059],[-120.958121509998,38.9388551136287],[-120.958946217981,38.9388085086403],[-120.959652770867,38.9386741227084],[-120.959669237223,38.9386685031577],[-120.960282414352,38.938458807763],[-120.96080265124,38.9381056233151],[-120.961307787177,38.9375033214329],[-120.961479351351,38.937293026356],[-120.961771215916,38.9369371134934],[-120.96231495021,38.9363461906524],[-120.962919033599,38.93582807846],[-120.963732632584,38.9352368910445],[-120.964475730232,38.9347224810286],[-120.965083026825,38.9342641388235],[-120.965648168784,38.9338631684676],[-120.965709625885,38.9338293069604],[-120.966318845228,38.9334913885374],[-120.967084342822,38.9332325937553],[-120.967924859446,38.9330609034056],[-120.968742600782,38.933002305428],[-120.969401612479,38.9330132250342],[-120.970054622324,38.9330501738363],[-120.970630608938,38.9330503017524],[-120.971052922526,38.9330236385903],[-120.971387841959,38.9328679088879],[-120.971773437104,38.9326406806506],[-120.972170463665,38.93248332817],[-120.972338920653,38.9324529345722],[-120.972344154829,38.9324519924981],[-120.972403032795,38.9324394141],[-120.972482543957,38.9324015624838],[-120.97256334521,38.9323572139812],[-120.972651752275,38.9323083198877],[-120.972772079043,38.9322111030757],[-120.972875501481,38.93211222607],[-120.972978768324,38.9320240027465],[-120.973110951151,38.9318981942342],[-120.973250475639,38.9317752242878],[-120.973421239103,38.9316338565103],[-120.973611636038,38.9314840119874],[-120.973822733936,38.9313321803355],[-120.97402787047,38.9311791975185],[-120.974250978806,38.9310231871513],[-120.974487340302,38.930889124204],[-120.974738052822,38.9307618603413],[-120.974974620497,38.9306522923643],[-120.97536462799,38.9305269399101],[-120.975698381372,38.9304382996762],[-120.975984760197,38.9303752735213],[-120.976262697162,38.9303125300475],[-120.976646747007,38.9302294639969],[-120.976977186656,38.9301680590205],[-120.977378420396,38.9300854173473],[-120.97775956496,38.9300012788451],[-120.978166141754,38.9299062965139],[-120.978605832943,38.9298089953389],[-120.979023913697,38.929727977932],[-120.979414728782,38.9296702535963],[-120.979738604972,38.9296249024401],[-120.98015845866,38.9295720429582],[-120.980568284587,38.9295050073694],[-120.981059091868,38.9294195405486],[-120.981402335381,38.9293816311014],[-120.981766932229,38.9294210971491],[-120.982218603089,38.9294733789839],[-120.982710543678,38.9295270130013],[-120.983038503463,38.9295448597354],[-120.983334518698,38.92955207397],[-120.983700336283,38.929527275051],[-120.984097616606,38.9294289502756],[-120.984503325786,38.9292488125581],[-120.984897381248,38.9290402055152],[-120.985292287482,38.9288235584913],[-120.985700188832,38.9286494493777],[-120.986126982197,38.9285284467182],[-120.986497225755,38.9284603588846],[-120.98686601421,38.9284055204913],[-120.987215375828,38.928381706932],[-120.987603992426,38.9283613087559],[-120.98799418142,38.9283514681811],[-120.988319733767,38.9283577861426],[-120.98860974822,38.9283466056819],[-120.988960990095,38.9282919378612],[-120.989268443945,38.928206517805],[-120.989457501467,38.9281453041465],[-120.989605621,38.9281050440087],[-120.989761519898,38.928054169079],[-120.989893556483,38.928010088679],[-120.99000523134,38.9279591042261],[-120.990094175849,38.9279194270473],[-120.990229002441,38.9278547215027],[-120.990320117937,38.9277785146505],[-120.990398862035,38.9277268043747],[-120.990510468923,38.9276335848285],[-120.990608520333,38.9275739967664],[-120.990674490144,38.927518248381],[-120.990769910547,38.927450701193],[-120.990829626921,38.9274020652564],[-120.990915069143,38.9273440973193],[-120.990978964888,38.9273031868723],[-120.991056066582,38.9272729901919],[-120.99115786186,38.9272392192467],[-120.991280688295,38.9272135108756],[-120.991391428996,38.927229409088],[-120.991533562293,38.9272538992771],[-120.991615954139,38.9272769660676],[-120.991725681304,38.9272986219356],[-120.991845536681,38.9273026264413],[-120.991922961056,38.9272621074941],[-120.991995374945,38.9271658838198],[-120.992026339639,38.9270821246171],[-120.992028855202,38.9270089380164],[-120.992031703582,38.9268455483276],[-120.992013973277,38.926338868436],[-120.992055498447,38.9259224403232],[-120.992078086905,38.9255249060844],[-120.992110400351,38.9252495977283],[-120.992219587371,38.924791523467],[-120.992323456738,38.9243910129899],[-120.992462477647,38.9241588898185],[-120.99263513509,38.9238676892063],[-120.992901164498,38.9236081620815],[-120.993422022825,38.9232289717954],[-120.993803569085,38.9229810963347],[-120.994353353068,38.9226561926496],[-120.994822094457,38.922396655716],[-120.995189478942,38.9221900360594],[-120.995513752167,38.9219966621489],[-120.995922851921,38.9217108207138],[-120.996215448345,38.9214205680667],[-120.996520545697,38.9211335252847],[-120.996778247177,38.9207800583796],[-120.997039006999,38.9204014375859],[-120.997307437523,38.9200941952182],[-120.997706417522,38.9197147597356],[-120.997990603252,38.9194663885654],[-120.998264270437,38.9193206809724],[-120.99871409639,38.9191585582633],[-120.999230570032,38.9189986550083],[-120.999667891575,38.9188854921331],[-121.00029264419,38.9188139752671],[-121.001026579048,38.9188619919577],[-121.001474607744,38.9190294178838],[-121.002044883784,38.9192750254536],[-121.00259610576,38.9194809526733],[-121.003107335327,38.919726542367],[-121.003691218961,38.9199600942073],[-121.004255380631,38.9201189478736],[-121.004830498976,38.9202409856341],[-121.005265829079,38.920237240454],[-121.005612544901,38.9201580440419],[-121.006174236019,38.9199789998739],[-121.006603139951,38.9197535382455],[-121.007112103706,38.9194359705132],[-121.007379621663,38.9191905921278],[-121.007784658356,38.9188791095023],[-121.00844040761,38.9183041155441],[-121.00902563566,38.9179078856915],[-121.009431833037,38.9175851494645],[-121.009917704147,38.9172150063953],[-121.010454237311,38.9168865379902],[-121.011060132579,38.9166325516825],[-121.011802807096,38.9164782771745],[-121.012596828737,38.9164480320853],[-121.01327216393,38.9165078590931],[-121.013769770316,38.9165738359031],[-121.014148650355,38.9166240591367],[-121.014439515048,38.9166870455426],[-121.014775453239,38.9167593924027],[-121.015404225417,38.9169404873562],[-121.016189703686,38.9171820529582],[-121.016894237696,38.9174057387892],[-121.017388757308,38.9175786034036],[-121.017858869396,38.9176991960102],[-121.018445206104,38.9177397879556],[-121.018960171043,38.9177384203916],[-121.019570913074,38.9177196251563],[-121.020273512675,38.9175956872275],[-121.020896404097,38.9174706345404],[-121.021513611291,38.9173753797828],[-121.021930570641,38.9173642222666],[-121.022578523345,38.9173563233898],[-121.023193532419,38.917200821531],[-121.023833106239,38.9168562965821],[-121.024245739983,38.9165483634219],[-121.024664943387,38.9161329788319],[-121.025049506091,38.9157262538843],[-121.025445531627,38.9152880998677],[-121.025781681582,38.9149816079205],[-121.026289371775,38.9147326789157],[-121.026512728886,38.9147103562251],[-121.026758329136,38.9147089789604],[-121.026996158739,38.9146642319853],[-121.027226729014,38.9146208238351],[-121.027476324777,38.9145791950447],[-121.027786049035,38.9145434773879],[-121.028073222322,38.9145143804812],[-121.028254795702,38.9145016739142],[-121.028568209143,38.9145045665985],[-121.028975833701,38.9144729309689],[-121.029211339194,38.9144515009314],[-121.029452748775,38.9144171582481],[-121.029737099564,38.9143861670011],[-121.030005899664,38.914312564639],[-121.030305776963,38.9141895462124],[-121.030802013349,38.9140287853277],[-121.030993641539,38.9139411374715],[-121.031191943648,38.9138665883052],[-121.031538851416,38.9138332578069],[-121.031829692342,38.9138054723046],[-121.032750271008,38.913829771925],[-121.032959139976,38.9138025109475],[-121.033211851925,38.9137509830649],[-121.03358090059,38.9137177476311],[-121.034092364102,38.9136433238353],[-121.034372988662,38.9136404636863],[-121.034645972219,38.9135791053648],[-121.034990738652,38.9135375638367],[-121.035190749643,38.9135412825277],[-121.035605798016,38.9136145271797],[-121.035854969842,38.91373288529],[-121.035996588955,38.9138228638044],[-121.036031796995,38.9140307528017],[-121.036218031883,38.9144874702283],[-121.036314368729,38.914638007218],[-121.036399479067,38.9148077279364],[-121.036550143692,38.9149953728772],[-121.036780925213,38.9152365700164],[-121.036793374475,38.9152516381556],[-121.036806775283,38.9152665231794],[-121.036820985838,38.9152812221115],[-121.036836008068,38.9152957628959],[-121.036851771609,38.9153100620657],[-121.036868241479,38.9153241481601],[-121.036885064861,38.9153380173566],[-121.036902489279,38.9153516996328],[-121.036920408626,38.915365111226],[-121.036938646894,38.9153783056343],[-121.036957275571,38.9153912834495],[-121.036976048274,38.9154040156041],[-121.036995105307,38.9154165302871],[-121.037014305212,38.9154287992998],[-121.037033614564,38.9154408214646],[-121.037053032196,38.9154525976726],[-121.037072418971,38.9154640988437],[-121.037091879056,38.9154753816968],[-121.037111307915,38.9154864165372],[-121.037130634428,38.915497175749],[-121.037149927804,38.915507742789],[-121.037169157586,38.9155178975826],[-121.037188427181,38.915527668013],[-121.037207736211,38.9155370820056],[-121.037227121176,38.9155460840057],[-121.037246547461,38.9155546755286],[-121.037266048569,38.9155629370329],[-121.037285625588,38.9155707883463],[-121.0373054181,38.9155783108052],[-121.037325180076,38.9155854492194],[-121.037345052606,38.9155922588115],[-121.037365105239,38.9155987131295],[-121.037385303762,38.9156047839619],[-121.037405611308,38.9156105538875],[-121.03742609973,38.9156159964735],[-121.03744669831,38.9156210543771],[-121.037467372472,38.915625811097],[-121.037491486266,38.9156308440258],[-121.037944347398,38.9157134823762],[-121.037960652519,38.9157164316797],[-121.03796408829,38.9157170781212],[-121.037968053053,38.9157175775845],[-121.037976997769,38.9157188876132],[-121.037993273287,38.9157213835086],[-121.038009368852,38.9157241391779],[-121.038025285993,38.9157271267056],[-121.038041059681,38.9157303184527],[-121.038056654935,38.915733742959],[-121.038072070613,38.9157373993143],[-121.038087342838,38.9157412598893],[-121.038102472007,38.9157453805436],[-121.038117315716,38.9157497177569],[-121.038132087254,38.915754275095],[-121.038146679595,38.9157590363573],[-121.038161092587,38.9157640979402],[-121.038175362298,38.9157693511316],[-121.038189417843,38.9157748358866],[-121.038203329375,38.9157805662988],[-121.038217097259,38.9157865153442],[-121.038230686723,38.9157926962488],[-121.038244132344,38.9157991101996],[-121.038257398403,38.9158057550994],[-121.03827048548,38.9158126732959],[-121.038283429289,38.9158197822006],[-121.038296229255,38.9158271241517],[-121.038308886363,38.91583471177],[-121.038321362561,38.9158425447411],[-121.038333696265,38.9158505963552],[-121.038345885957,38.9158588936273],[-121.038357933156,38.9158674095426],[-121.038386631887,38.9158764613182],[-121.038415793033,38.9158851736619],[-121.038445416735,38.915893451078],[-121.038475396405,38.9159014152089],[-121.038505803308,38.9159089981741],[-121.038536532105,38.9159161441471],[-121.038567652376,38.9159229095593],[-121.038599095316,38.9159292659132],[-121.038630789265,38.9159352252292],[-121.038662805095,38.9159407484528],[-121.038695003104,38.9159458479427],[-121.038727487077,38.9159505236556],[-121.038760188789,38.9159547894422],[-121.038793070567,38.9159586170625],[-121.038826065899,38.9159619789395],[-121.038859206522,38.9159649158764],[-121.038892528351,38.9159674155572],[-121.038925998323,38.91596944978],[-121.038959491178,38.9159710715647],[-121.038993129857,38.9159722287732],[-121.039026828315,38.9159729738482],[-121.039060638017,38.9159732531602],[-121.039094488261,38.9159730931524],[-121.0391283973,38.9159725083901],[-121.03916241758,38.9159714578646],[-121.039196391361,38.915970008742],[-121.039230406242,38.9159680788621],[-121.039264462253,38.9159657511092],[-121.039298524199,38.9159629846512],[-121.039332556163,38.9159597918045],[-121.039366576581,38.9159561736222],[-121.039400603127,38.915952102322],[-121.039434547241,38.9159476456419],[-121.039468461725,38.9159427364496],[-121.03950231145,38.9159374140951],[-121.039536097934,38.9159316515638],[-121.039569783718,38.9159254899883],[-121.039603404913,38.9159189026395],[-121.039636890815,38.9159119159611],[-121.03967029483,38.9159045033668],[-121.039703528368,38.9158966497106],[-121.039736679092,38.9158884386003],[-121.03976969587,38.9158798137573],[-121.039802541974,38.9158707622659],[-121.039835252405,38.9158613393707],[-121.039867827553,38.9158515162458],[-121.039900231282,38.9158413214223],[-121.039932466459,38.9158307134821],[-121.039974947567,38.9158160990566],[-121.039996223733,38.9158101232289],[-121.040017467855,38.9158038732558],[-121.040038574651,38.9157973743948],[-121.0400595787,38.9157906278323],[-121.040080446941,38.9157836053672],[-121.040101160914,38.9157763077482],[-121.040121771786,38.9157687885514],[-121.040142228389,38.9157609942009],[-121.040162617623,38.9157529794685],[-121.040182763437,38.9157447158741],[-121.040202808047,38.9157361757622],[-121.040222715715,38.9157274435238],[-121.040242451419,38.9157183801295],[-121.040262012383,38.9157091909642],[-121.04028140178,38.9156997265031],[-121.04030065329,38.9156900545923],[-121.040319715755,38.9156801207553],[-121.04033856866,38.9156699923911],[-121.040357302126,38.9156596567299],[-121.040376536459,38.9156486945595],[-121.04038163707,38.9156457843516],[-121.040399884651,38.91563496539],[-121.040417995508,38.9156239380881],[-121.040435897158,38.9156126901361],[-121.040453625769,38.915601275887],[-121.040471145777,38.9155896815341],[-121.040488458348,38.915577906186],[-121.040505631866,38.9155659242804],[-121.040514487398,38.9155595855396],[-121.040522561812,38.915553789911],[-121.040539282986,38.9155414880494],[-121.04055064664,38.9155329321297],[-121.040555831108,38.9155290207921],[-121.040572134335,38.9155164136731],[-121.040588299889,38.9155036684776],[-121.04060425587,38.9154907296573],[-121.040619967745,38.9154776780094],[-121.040635505825,38.9154645159156],[-121.04065083512,38.915451187231],[-121.040665990267,38.9154377742243],[-121.040680900508,38.9154242222572],[-121.040685812894,38.9154196221754],[-121.040701512774,38.915404895623],[-121.040708062132,38.9153987982118],[-121.040722449495,38.9153849401219],[-121.040736626966,38.9153709974154],[-121.040750489229,38.9153569980532],[-121.040764246904,38.9153428870146],[-121.040777794309,38.9153287192849],[-121.040791132964,38.9153144678493],[-121.040804260973,38.9153001876477],[-121.040817213681,38.9152858231153],[-121.040829885786,38.915271401312],[-121.040842419109,38.9152569234073],[-121.040854706056,38.9152424155414],[-121.040866817723,38.9152279071299],[-121.040878719499,38.9152133141026],[-121.040890444113,38.9151987745689],[-121.040901854275,38.91518412253],[-121.040913088794,38.9151694969701],[-121.040924146894,38.9151548699545],[-121.040934995513,38.9151402132824],[-121.040945561635,38.91512555428],[-121.040955917157,38.915110948496],[-121.0409660624,38.9150962869226],[-121.040975996281,38.9150816497321],[-121.040985648428,38.9150670390471],[-121.040995089577,38.9150524257209],[-121.041004284384,38.9150378653185],[-121.041015249299,38.9150198041519],[-121.041161064428,38.9147841376498],[-121.041319137544,38.9145594189719],[-121.041445631361,38.9143280685986],[-121.041499989119,38.9142667869758],[-121.041546665205,38.9141132868792],[-121.041575569961,38.9137790363731],[-121.041591177008,38.9137580764304],[-121.04160514094,38.9137338614668],[-121.041617760857,38.9137050777156],[-121.041629270541,38.913672687475],[-121.041639726528,38.9136375425728],[-121.041649293408,38.913600605638],[-121.041658098841,38.9135627561115],[-121.041666271673,38.9135249563279],[-121.041673941036,38.9134879767298],[-121.041681139686,38.9134519536247],[-121.041687834914,38.9134168326887],[-121.041693955648,38.9133826682918],[-121.041699535703,38.9133494327845],[-121.041704540488,38.9133171258818],[-121.041708971512,38.91328572147],[-121.041712862236,38.9132552180227],[-121.041716178105,38.9132256981395],[-121.041718884849,38.9131970525275],[-121.041721050176,38.913169390755],[-121.041722641016,38.9131426855223],[-121.041723620885,38.9131169914843],[-121.041723988265,38.913092335656],[-121.041723780795,38.9130686633919],[-121.041722960872,38.9130461122216],[-121.041721494249,38.9130245710509],[-121.041719524901,38.9130037960178],[-121.041716987391,38.9129835091024],[-121.041713989539,38.9129634111895],[-121.041710535843,38.9129432545652],[-121.04170677289,38.9129226016932],[-121.041702631808,38.9129012583101],[-121.041698223876,38.9128789253289],[-121.041693515931,38.9128553258965],[-121.041688438781,38.9128304603436],[-121.041683061277,38.9128044391487],[-121.041677241647,38.9127773431267],[-121.041670977997,38.9127492272175],[-121.041664164698,38.9127202283902],[-121.041659400441,38.9127008024161],[-121.04165679908,38.9126903736501],[-121.041648847376,38.91265977263],[-121.041640166275,38.9126285349611],[-121.041630964539,38.9125967425446],[-121.041621276451,38.9125645893587],[-121.041611276889,38.9125321047727],[-121.041601137003,38.9124995091181],[-121.0415909287,38.9124668570421],[-121.041580753501,38.9124343160499],[-121.041570891275,38.9124019965572],[-121.041561410894,38.9123700928274],[-121.04155241688,38.9123385498656],[-121.041543872417,38.9123075322351],[-121.041535989289,38.9122770687088],[-121.041528800543,38.9122471883883],[-121.041522375826,38.9122180278852],[-121.041516715503,38.9121895601755],[-121.041511992555,38.9121618695685],[-121.04150817245,38.912135036862],[-121.041505220902,38.912108953664],[-121.041502996906,38.9120836440382],[-121.041501466166,38.9120590004936],[-121.041500524936,38.9120350203734],[-121.041500032883,38.9120115926099],[-121.041499885814,38.9119886622899],[-121.04150004761,38.9119662570439],[-121.041500379478,38.9119442369879],[-121.041501237564,38.9119223582067],[-121.041502763969,38.9119004299773],[-121.041505279048,38.9118781261066],[-121.041509031775,38.9118552828785],[-121.041514342507,38.9118315741],[-121.04152146058,38.9118068090303],[-121.041530705195,38.9117806614667],[-121.041542326856,38.9117529397767],[-121.041556287155,38.9117237553564],[-121.041572480484,38.9116932433724],[-121.041590796269,38.9116616506633],[-121.041611164995,38.9116290865667],[-121.041633370028,38.9115957961464],[-121.041657339595,38.9115619707043],[-121.041682859719,38.9115278291997],[-121.041709788311,38.9114935614543],[-121.041737946326,38.9114592759032],[-121.041767196088,38.9114248353737],[-121.041797253328,38.9113904555438],[-121.041828049947,38.9113560556708],[-121.041859266279,38.9113217403292],[-121.041890796999,38.9112875383812],[-121.041922396173,38.9112534739273],[-121.041953853218,38.9112196001883],[-121.041985094002,38.9111860273662],[-121.042016223917,38.9111528923668],[-121.042047138032,38.9111201952268],[-121.042077831086,38.9110881548247],[-121.042108303847,38.9110567999961],[-121.042138555645,38.9110262658726],[-121.042168618775,38.9109966374059],[-121.04219849404,38.9109679407293],[-121.042228218617,38.9109399842547],[-121.042257795096,38.9109125761094],[-121.042287297893,38.9108854141999],[-121.042316623522,38.9108583057799],[-121.042345881444,38.9108310859829],[-121.042374968481,38.9108034539559],[-121.042403922986,38.9107752163187],[-121.042432607661,38.9107462079751],[-121.042460633227,38.9107164797752],[-121.042487754868,38.9106860585333],[-121.042513443444,38.9106550200752],[-121.042537348434,38.9106233633183],[-121.042559222363,38.9105911411821],[-121.042578748922,38.9105582952075],[-121.042595578027,38.9105248774696],[-121.042609639666,38.9104907783829],[-121.042621351346,38.9104562482348],[-121.042630994487,38.9104214533083],[-121.042639162524,38.9103865093008],[-121.042646061313,38.9103518845791],[-121.042652039508,38.9103177189521],[-121.042657407882,38.91028448165],[-121.04266251623,38.9102523133916],[-121.042667642509,38.9102213804308],[-121.042672932967,38.9101913551385],[-121.042678322777,38.9101617432812],[-121.04268388862,38.9101321598998],[-121.042689600634,38.9101020831206],[-121.042695465181,38.9100712120911],[-121.04270137987,38.9100391874058],[-121.042707349498,38.9100056532438],[-121.042713130756,38.9099705247187],[-121.042718535353,38.909934596687],[-121.042723342717,38.9098986637394],[-121.042727295743,38.909863493139],[-121.042730316392,38.909829741909],[-121.042732256207,38.9097979872134],[-121.0427331435,38.9097686950566],[-121.042733007687,38.9097422494692],[-121.042731952228,38.9097188449991],[-121.0427301933,38.9096980987358],[-121.042727878984,38.9096794614409],[-121.04272515436,38.9096626063765],[-121.042722200239,38.9096471224131],[-121.042719092136,38.9096326254826],[-121.042715868344,38.9096188411222],[-121.042712603661,38.9096055239984],[-121.042709372135,38.9095923990417],[-121.042706101904,38.9095794935888],[-121.0427027219,38.9095668620104],[-121.042699268287,38.909554558659],[-121.042695633452,38.9095426114779],[-121.042691817785,38.9095309916412],[-121.042687822098,38.9095198099677],[-121.042683538755,38.9095090106158],[-121.042679004696,38.9094986758726],[-121.042674219052,38.9094886138366],[-121.042669290575,38.9094787974747],[-121.042664185006,38.9094691165935],[-121.042658936509,38.9094595174195],[-121.042653583836,38.9094498624321],[-121.042648162316,38.9094400969666],[-121.042642637727,38.9094301937137],[-121.042637116103,38.9094200706625],[-121.042631490268,38.9094098089136],[-121.042625831316,38.9093994378815],[-121.042620206967,38.909389066233],[-121.042614618347,38.9093786957792],[-121.042609063954,38.9093683526342],[-121.042603648739,38.9093581205458],[-121.042598373079,38.9093479715889],[-121.042593306927,38.9093379342676],[-121.042588520613,38.9093280091608],[-121.042584015617,38.9093180863695],[-121.042579897587,38.9093081127087],[-121.042576201876,38.9092980317119],[-121.042572966106,38.9092877896342],[-121.042570260547,38.909277305972],[-121.042568192047,38.9092665239464],[-121.042566761309,38.9092553913105],[-121.042566039018,38.9092437969329],[-121.042566025888,38.9092316876659],[-121.042566899872,38.9092190352441],[-121.042568589794,38.9092057309721],[-121.042571310052,38.909191694632],[-121.042574884233,38.9091768400855],[-121.042579629736,38.90916114472],[-121.042585408125,38.9091444425286],[-121.04259228901,38.9091267872382],[-121.04260020126,38.9091081521366],[-121.042609076488,38.9090885636879],[-121.042618807092,38.9090680489346],[-121.042629357377,38.9090466895655],[-121.042640621308,38.9090245675916],[-121.042652491708,38.9090017641136],[-121.042664861813,38.9089784151911],[-121.042677979008,38.9089543030375],[-121.042691954243,38.9089292375725],[-121.04270710483,38.9089029457283],[-121.042723715412,38.9088751829974],[-121.042742003712,38.9088456223381],[-121.042762217815,38.9088139081294],[-121.04278478603,38.9087796592057],[-121.042809819194,38.9087424368328],[-121.042837435562,38.9087013374666],[-121.042867437812,38.9086552594676],[-121.042899911476,38.9086031602819],[-121.042934802107,38.9085438601652],[-121.042972051926,38.9084763406095],[-121.043011497167,38.9083998326876],[-121.043028812635,38.9083667206918],[-121.043302543945,38.9080964890462],[-121.043339377411,38.908059913181],[-121.043368055208,38.9080286522727],[-121.04339084334,38.9080014898143],[-121.04341022028,38.9079771002312],[-121.043428168121,38.9079544565709],[-121.043445147135,38.9079332869402],[-121.043461229108,38.9079134838205],[-121.043476556566,38.907894909644],[-121.043491237425,38.9078774283596],[-121.04350519978,38.9078609853216],[-121.043518658789,38.9078454435593],[-121.043531685874,38.907830722578],[-121.043544385879,38.9078166574723],[-121.04355676225,38.9078032491714],[-121.043568955571,38.9077903330638],[-121.043581001193,38.9077779382695],[-121.043592972831,38.9077658996266],[-121.043604973508,38.9077542729383],[-121.043617039291,38.9077429485896],[-121.043629314986,38.9077317908326],[-121.043641763324,38.9077208272891],[-121.043654456865,38.907709892788],[-121.043667397503,38.9076989323889],[-121.04368048026,38.9076878641466],[-121.043693811544,38.9076765781237],[-121.043707287556,38.9076649905829],[-121.043720909023,38.9076530474753],[-121.043734782705,38.9076406127399],[-121.043748804438,38.9076276296638],[-121.043763080617,38.9076139892103],[-121.043777753778,38.9075996384966],[-121.043792964538,38.9075844957945],[-121.043808750105,38.9075684523995],[-121.043825320696,38.9075514812104],[-121.043842748895,38.9075335008404],[-121.043861175306,38.9075144304622],[-121.043880636408,38.9074942154195],[-121.043900952529,38.9074731830678],[-121.043921732214,38.9074516328951],[-121.043942864215,38.9074299486762],[-121.043963924445,38.9074084557578],[-121.043984730904,38.9073874832787],[-121.044004964071,38.9073673835721],[-121.044024336645,38.9073485137407],[-121.044042670825,38.907331062416],[-121.044060180957,38.9073148673942],[-121.044077113993,38.9072996568282],[-121.044093757999,38.907285102451],[-121.044110431771,38.9072709059781],[-121.044127350378,38.9072567655699],[-121.044144871025,38.9072423562297],[-121.044163241109,38.9072274583663],[-121.044182711754,38.9072117470118],[-121.044203035571,38.9071953552694],[-121.044224067404,38.9071785305977],[-121.044245491042,38.9071613794081],[-121.044267125602,38.9071441479649],[-121.044288829375,38.9071269990694],[-121.044310213907,38.9071100952975],[-121.04433113487,38.9070937084399],[-121.04435134552,38.9070778382711],[-121.044370951572,38.9070625117867],[-121.044389955974,38.9070475100894],[-121.044408535447,38.9070327247203],[-121.044426692585,38.9070179629057],[-121.044444605614,38.9070030900724],[-121.044462205711,38.9069879939418],[-121.044479705636,38.9069724582415],[-121.044497178361,38.9069563727588],[-121.04451465772,38.9069397936281],[-121.044532178314,38.9069227202329],[-121.044549809353,38.9069052360255],[-121.044567621953,38.9068873686176],[-121.044585756392,38.9068691470895],[-121.044604104723,38.9068506246093],[-121.044622843364,38.9068318864107],[-121.044641970021,38.9068129315738],[-121.044661274215,38.9067939781921],[-121.044680644992,38.9067752172484],[-121.044699834928,38.90675678455],[-121.044718632769,38.9067388702561],[-121.044736891483,38.9067217758657],[-121.044754365942,38.9067055525196],[-121.044770876397,38.9066904482943],[-121.044786174299,38.9066765971868],[-121.04480064924,38.9066638375303],[-121.044814198902,38.9066519756896],[-121.044827071046,38.9066408506347],[-121.044839479998,38.9066302154742],[-121.044851567828,38.9066198803816],[-121.044863478947,38.906609652847],[-121.044875426116,38.9065993165969],[-121.044887553371,38.9065887070462],[-121.044899964847,38.9065777971219],[-121.044912805334,38.906566451975],[-121.044926106385,38.9065547259195],[-121.044940047024,38.9065425105137],[-121.044954697564,38.9065298072359],[-121.044970164034,38.9065165340724],[-121.044986551722,38.9065026639594],[-121.04500393173,38.9064882254085],[-121.045022161512,38.9064732722043],[-121.045040994074,38.9064579942129],[-121.045060354928,38.9064425286618],[-121.045080033184,38.9064270386862],[-121.045099745341,38.9064116850234],[-121.045119418043,38.9063966067124],[-121.045138837742,38.9063819929935],[-121.045157829613,38.906367897387],[-121.045176358293,38.9063542916747],[-121.045194527893,38.906341150585],[-121.045212306885,38.9063284180026],[-121.045229694816,38.9063159560845],[-121.04524676388,38.9063037122697],[-121.045263479102,38.9062916295137],[-121.045279877311,38.906279627037],[-121.045296027694,38.9062677045067],[-121.04531200357,38.906255725586],[-121.04532783993,38.9062437464189],[-121.045343605192,38.906231737837],[-121.045359405386,38.9062197034131],[-121.045375312392,38.9062076140074],[-121.045391466838,38.9061954725757],[-121.045407832219,38.9061832499892],[-121.045424621406,38.9061708930392],[-121.045442009987,38.9061583770404],[-121.045460177323,38.906145482741],[-121.045479404666,38.9061321304659],[-121.045499940963,38.9061181564899],[-121.045521998644,38.9061034544462],[-121.0455458255,38.9060878605997],[-121.045571562507,38.9060712661949],[-121.045599493221,38.9060535915744],[-121.045629087452,38.9060350792359],[-121.045659886751,38.9060157812729],[-121.045691500906,38.9059960773702],[-121.045723362784,38.9059761277408],[-121.045754944844,38.9059561496805],[-121.045785785734,38.9059364114798],[-121.045815354829,38.9059171024819],[-121.045843334804,38.9058984128798],[-121.045869827604,38.9058804786476],[-121.045895151028,38.9058633321236],[-121.045919516404,38.9058468633291],[-121.045943237385,38.9058312415061],[-121.045966594924,38.9058164950865],[-121.045989801529,38.9058025978851],[-121.046013205388,38.9057896374438],[-121.046037020144,38.9057775029009],[-121.046061458966,38.9057660329395],[-121.04608684255,38.9057548725274],[-121.046113314811,38.9057436940115],[-121.046141127685,38.9057321967508],[-121.046170599599,38.9057201085777],[-121.04620180681,38.905707074256],[-121.046235035059,38.905692765493],[-121.046270460631,38.9056770197664],[-121.046307869656,38.9056601362253],[-121.046346938798,38.9056425806906],[-121.046387382763,38.9056247337092],[-121.046428843265,38.9056070878436],[-121.046471103812,38.9055900521338],[-121.046513842611,38.9055740635857],[-121.046556666808,38.9055596135789],[-121.04659942976,38.9055469756894],[-121.046641750189,38.9055360368807],[-121.046683451018,38.9055265893927],[-121.046724294016,38.9055183429817],[-121.046764139735,38.9055110352411],[-121.046802604707,38.9055044585221],[-121.046839517033,38.9054983627655],[-121.046874634828,38.9054924721132],[-121.046907853086,38.9054866208395],[-121.046939527954,38.9054806469977],[-121.046970044859,38.9054745267198],[-121.046999755761,38.9054681520786],[-121.047029297361,38.9054614192816],[-121.047058947877,38.90545430268],[-121.047089239833,38.9054466426712],[-121.047120522187,38.9054384691407],[-121.04715318374,38.9054295924784],[-121.047187332071,38.9054199865367],[-121.047222897912,38.9054094858802],[-121.047259881985,38.9053980364587],[-121.047298286151,38.9053854995457],[-121.047338041959,38.9053718205244],[-121.047379255001,38.9053568633197],[-121.047421786527,38.9053405709371],[-121.04746556767,38.9053228338008],[-121.047510209972,38.9053037298101],[-121.047555185119,38.9052834483335],[-121.047599962104,38.9052621219609],[-121.047644014528,38.9052398833207],[-121.047686950924,38.9052169490307],[-121.04772813957,38.9051933959027],[-121.047767048712,38.9051694123801],[-121.047803397091,38.9051450790462],[-121.047837325385,38.9051203952532],[-121.047869045646,38.9050952825581],[-121.047898874109,38.9050696318386],[-121.047927060881,38.9050433640613],[-121.047953989105,38.9050164535346],[-121.047979874664,38.9049887939172],[-121.048004997303,38.904960331643],[-121.048029569289,38.9049309720525],[-121.048053622859,38.9049009766742],[-121.048077050699,38.9048705239117],[-121.048099742113,38.9048398723219],[-121.048121660723,38.9048092414301],[-121.04814262682,38.9047788775166],[-121.048162672046,38.9047490006635],[-121.048181618648,38.9047198832936],[-121.048199462475,38.9046916632131],[-121.04821648897,38.9046642058199],[-121.048232946236,38.9046372374656],[-121.048249118145,38.9046105685793],[-121.048265323143,38.9045840107736],[-121.0482819884,38.904557263937],[-121.048299290931,38.9045301105961],[-121.04831751541,38.9045023873124],[-121.048336874202,38.9044739057305],[-121.048357119616,38.9044449088714],[-121.048377681954,38.9044157497351],[-121.048398172895,38.9043867548779],[-121.048418093858,38.9043583049099],[-121.048437055703,38.904330615569],[-121.048454593744,38.9043042055826],[-121.048470215086,38.9042792898405],[-121.048483669699,38.9042561140484],[-121.048495066124,38.9042343223341],[-121.04850488755,38.9042134781053],[-121.048513507203,38.9041930907161],[-121.048521231068,38.9041726968984],[-121.048528574207,38.904151804464],[-121.048535684276,38.9041299776784],[-121.048543130882,38.9041066977717],[-121.048551162474,38.9040816649711],[-121.048559815151,38.9040548525442],[-121.048569087131,38.904026479398],[-121.048578974986,38.9039966292892],[-121.048589337813,38.9039654920581],[-121.048600277562,38.9039332892621],[-121.048611722031,38.9039000743652],[-121.048623599116,38.9038660656989],[-121.04863587158,38.9038313746717],[-121.048648609076,38.9037961378908],[-121.048661633317,38.9037604097543],[-121.048675014317,38.9037242998451],[-121.048688646431,38.9036878622546],[-121.048702490932,38.9036512336046],[-121.048716514364,38.9036144154231],[-121.048730713762,38.9035775428226],[-121.048745018471,38.9035407260373],[-121.048759390907,38.9035041025994],[-121.048773897308,38.9034678919722],[-121.048788538507,38.9034322040738],[-121.048803239305,38.9033972301832],[-121.048818068958,38.9033631366347],[-121.04883302605,38.9033301153111],[-121.048848106079,38.9032983301413],[-121.048863238765,38.9032678634345],[-121.048878706139,38.9032386625416],[-121.048894335858,38.9032104242474],[-121.048910272293,38.9031829578383],[-121.048926621418,38.9031560984131],[-121.048943388056,38.9031295721336],[-121.048960679738,38.9031032699679],[-121.048978551618,38.9030768617319],[-121.048997059325,38.9030502397709],[-121.049015836532,38.9030232082939],[-121.049034618822,38.902995710183],[-121.049053060574,38.902967466933],[-121.04907080937,38.9029384495363],[-121.049087517317,38.902908463254],[-121.049102939192,38.9028773952696],[-121.049116690268,38.9028451325268],[-121.049128562145,38.9028114814276],[-121.049138795978,38.9027767727775],[-121.049147741942,38.9027412031359],[-121.049155852478,38.9027049951238],[-121.049163405616,38.9026684807483],[-121.049170818793,38.9026318273884],[-121.049178476462,38.9025953408937],[-121.049186725778,38.9025592709523],[-121.049195810502,38.9025238393796],[-121.049205519974,38.9024889354428],[-121.049215504117,38.9024545274504],[-121.049225483112,38.9024205032036],[-121.049235037986,38.9023867241403],[-121.049243922014,38.9023531035579],[-121.049251785475,38.9023195836418],[-121.049258280453,38.9022859714557],[-121.049263229814,38.9022522358214],[-121.049266844559,38.902218462249],[-121.049269582,38.9021846815045],[-121.049271929464,38.9021510074829],[-121.049274275871,38.9021174983195],[-121.049277040532,38.9020842673534],[-121.049280573542,38.9020513444738],[-121.049285367199,38.9020188165891],[-121.049291734763,38.9019867952704],[-121.049299503572,38.9019550872116],[-121.049308430686,38.9019235814163],[-121.04931833926,38.9018921385989],[-121.049328917197,38.9018606462966],[-121.049339918111,38.9018289925841],[-121.049351207329,38.9017969024829],[-121.049362327151,38.9017642884669],[-121.049373418581,38.9017311246614],[-121.049384482386,38.9016974399016],[-121.049395760825,38.901663482117],[-121.049407569033,38.9016293088389],[-121.049420114671,38.9015951686146],[-121.049433712181,38.901561256809],[-121.049448570639,38.9015276300864],[-121.049465002612,38.901494537851],[-121.049483078461,38.9014620635611],[-121.049502727503,38.9014302336656],[-121.049523668405,38.9013989629806],[-121.049545656758,38.9013682504088],[-121.049568411966,38.9013379558169],[-121.049591723843,38.901308105415],[-121.049615346797,38.9012786143119],[-121.04963900143,38.9012494252684],[-121.049662440667,38.9012205641939],[-121.049685908947,38.9011921159699],[-121.049709334921,38.9011642430784],[-121.049732962281,38.901137086251],[-121.049756963688,38.9011108387929],[-121.049781373419,38.9010856099943],[-121.049806329901,38.9010615667536],[-121.049832004641,38.9010389023662],[-121.049858434155,38.9010176450581],[-121.049885796987,38.9009975485368],[-121.049913991171,38.9009783921458],[-121.049943127495,38.9009597371447],[-121.049973103552,38.9009413097197],[-121.050004100145,38.9009227807123],[-121.050035981041,38.9009038192751],[-121.050068961238,38.9008841253579],[-121.05010286767,38.9008634497953],[-121.050137559724,38.9008418752231],[-121.050172894563,38.9008195644396],[-121.05020851686,38.900796706437],[-121.050244356022,38.9007734934333],[-121.050280056294,38.9007500603629],[-121.050315511006,38.9007266243754],[-121.050350507716,38.9007032945486],[-121.050384796785,38.9006802886669],[-121.050418696703,38.9006574994202],[-121.050452417712,38.9006349825803],[-121.050486206025,38.9006126041199],[-121.050520414398,38.9005903669188],[-121.050555290652,38.9005681892151],[-121.050591113751,38.9005460741867],[-121.050628133377,38.9005238869321],[-121.050666522879,38.9005016829202],[-121.05070607023,38.9004796261866],[-121.050746350997,38.900457987143],[-121.050787150443,38.9004368739473],[-121.050827974958,38.9004165573484],[-121.050868504586,38.9003972545574],[-121.050908491218,38.9003791554442],[-121.050947439674,38.9003624757908],[-121.05098524249,38.9003474066155],[-121.051022150714,38.9003335382512],[-121.051058588782,38.9003206002847],[-121.051095020296,38.9003082379364],[-121.051131940675,38.9002960453332],[-121.051169776991,38.9002836403689],[-121.051208886407,38.9002706962226],[-121.051249765136,38.9002568331527],[-121.051292732354,38.9002418060102],[-121.051337401181,38.9002257494766],[-121.051383380932,38.900208824329],[-121.051429998987,38.90019141067],[-121.051476903857,38.9001736695979],[-121.051523563101,38.9001558445207],[-121.051569552653,38.9001381788303],[-121.051614201388,38.9001209409316],[-121.051657260396,38.9001042945642],[-121.051698732675,38.9000881019147],[-121.051738619634,38.9000721711021],[-121.051777064491,38.9000563105005],[-121.051814105171,38.9000403564545],[-121.051849849155,38.9000241170467],[-121.051884441169,38.9000073736356],[-121.051917846515,38.8999899619733],[-121.051950226489,38.8999717176079],[-121.051981737906,38.8999527256035],[-121.052012435284,38.8999328746921],[-121.052042438234,38.8999123595454],[-121.052071957716,38.8998911818835],[-121.05210099416,38.8998693957651],[-121.052129791585,38.8998470311076],[-121.052158350049,38.8998241698947],[-121.0521868805,38.8998008147468],[-121.05221527354,38.8997771287383],[-121.052243603634,38.8997529746365],[-121.052271797456,38.8997284905846],[-121.052299923453,38.899703731195],[-121.052327809067,38.8996786680342],[-121.052355625749,38.8996534124109],[-121.052383199813,38.8996279340806],[-121.052410565085,38.8996022900766],[-121.052437707999,38.8995762874933],[-121.052464609283,38.8995498153615],[-121.052491257592,38.8995226006128],[-121.052517601389,38.8994945311143],[-121.052543644313,38.8994653339196],[-121.052569350582,38.8994349258533],[-121.052594725445,38.8994030862349],[-121.052619734605,38.899369706676],[-121.05264437435,38.8993349790407],[-121.052668711043,38.8992992867575],[-121.052692669162,38.8992629328187],[-121.052716281199,38.899226247223],[-121.052739577361,38.8991895581487],[-121.05276262314,38.8991531418085],[-121.052785239709,38.8991173535072],[-121.052807597834,38.8990824423867],[-121.052829626848,38.899048433998],[-121.05285129331,38.89901532897],[-121.052872632538,38.8989830726347],[-121.052893573421,38.8989516373859],[-121.05291411787,38.8989209664819],[-121.05293426549,38.8988910896497],[-121.052953981652,38.8988619237238],[-121.052973232157,38.8988334395965],[-121.052992055242,38.8988053637022],[-121.05301055951,38.8987775059322],[-121.053028642594,38.898749588873],[-121.053046378092,38.8987213671751],[-121.053063840349,38.8986925396385],[-121.053080996991,38.8986629402319],[-121.053097923093,38.8986322128055],[-121.053114618596,38.8986002753759],[-121.053131047497,38.8985673204453],[-121.053147308802,38.8985337046801],[-121.053163328528,38.8984997022563],[-121.053179138424,38.8984656990228],[-121.053194732964,38.8984320228667],[-121.053210108846,38.898398921512],[-121.053225366998,38.89836678047],[-121.053240396922,38.898335845691],[-121.053255414079,38.8983059540624],[-121.053270243501,38.8982769122654],[-121.05328520513,38.8982485030822],[-121.053300267673,38.898220479408],[-121.053315538962,38.8981926222982],[-121.053331125735,38.8981647947819],[-121.053347031643,38.8981367230115],[-121.053432656995,38.8981295946809],[-121.053464009002,38.8980605409014],[-121.053476814951,38.8979988056254],[-121.053486418788,38.8979426461567],[-121.053493176507,38.8978917356598],[-121.053497829543,38.8978458053915],[-121.053500733141,38.8978045843662],[-121.053502417777,38.8977678021236],[-121.053503450029,38.8977351605686],[-121.053504221249,38.897706361081],[-121.053504666123,38.8976808544738],[-121.053504864961,38.8976580648168],[-121.053504648306,38.897637385318],[-121.05350399003,38.89761826801],[-121.053502896243,38.8976000814032],[-121.053501165645,38.8975822725009],[-121.053498840829,38.8975642407414],[-121.053495752471,38.8975455423986],[-121.05349204296,38.8975259606105],[-121.053487572022,38.8975054672082],[-121.0534824472,38.8974839513536],[-121.053476528566,38.897461358754],[-121.053469887545,38.8974376071066],[-121.053462489507,38.8974126132455],[-121.053454335966,38.8973863501554],[-121.053445461879,38.8973587901926],[-121.053435932364,38.8973302374942],[-121.053425886005,38.8973010202192],[-121.053415457446,38.8972714160436],[-121.053404675844,38.8972419189043],[-121.053393750373,38.8972127503266],[-121.053382813516,38.8971843501331],[-121.053371863915,38.8971569930911],[-121.053361141136,38.8971309559289],[-121.053350543306,38.8971061837624],[-121.053340001534,38.897082482335],[-121.053329552228,38.8970597150043],[-121.053319022716,38.8970376893713],[-121.053308450583,38.8970162670014],[-121.05329773118,38.8969952551484],[-121.05328686864,38.8969745169073],[-121.053275792956,38.8969539417968],[-121.053264504501,38.8969335018915],[-121.053253072488,38.896913280639],[-121.053241566129,38.8968933614863],[-121.053229985869,38.8968737975912],[-121.053218292537,38.8968546733203],[-121.053206700207,38.8968360156421],[-121.053195099764,38.8968178804257],[-121.053183561598,38.8968003493263],[-121.053172122895,38.8967833136364],[-121.053160748246,38.8967666622554],[-121.053149406034,38.8967502588883],[-121.053138131586,38.896734047966],[-121.053126857143,38.8967178370426],[-121.053115619161,38.8967015723602],[-121.053104347659,38.8966851416358],[-121.053093114396,38.8966684373443],[-121.053081919444,38.8966515405684],[-121.053070725962,38.8966345338919],[-121.053059604268,38.8966174178876],[-121.053048587527,38.8966003856208],[-121.053037708073,38.8965835193377],[-121.053026931757,38.8965668728151],[-121.053016326626,38.896550530392],[-121.053005892319,38.8965345190929],[-121.05299559358,38.8965189755693],[-121.0529853578,38.8965038983292],[-121.052975258308,38.8964892348158],[-121.052965150339,38.8964751207891],[-121.05295493052,38.8964615274786],[-121.052944738332,38.8964484560205],[-121.05293436251,38.8964360146055],[-121.052923874477,38.8964241209312],[-121.052913165911,38.8964128579003],[-121.052902310179,38.8964021702537],[-121.052891164761,38.8963921117862],[-121.052879801452,38.8963825722703],[-121.052868184541,38.8963736361009],[-121.052856314003,38.8963652185919],[-121.052844119919,38.8963573759311],[-121.052831532354,38.8963500787198],[-121.052818340662,38.8963432162315],[-121.052804231982,38.8963366480784],[-121.052788890457,38.896330372588],[-121.05277207083,38.896324194066],[-121.052753386926,38.896318110267],[-121.052732632661,38.8963119276171],[-121.05270948946,38.8963055885644],[-121.052683749798,38.8962990076319],[-121.052669600895,38.8962955427777],[-121.05265594045,38.8962921909113],[-121.05262655254,38.896285224385],[-121.052596321895,38.8962780852176],[-121.052565707338,38.8962708609314],[-121.052535233733,38.8962635278741],[-121.05250570846,38.896256230464],[-121.052477554162,38.8962489162889],[-121.052451261948,38.8962416722353],[-121.052426338078,38.8962345222098],[-121.052402255091,38.8962275979527],[-121.052378449288,38.8962208957719],[-121.052354394712,38.8962145212929],[-121.052329385518,38.8962084966916],[-121.052302894992,38.896202897856],[-121.052274359099,38.8961978328025],[-121.052243321382,38.8961932960075],[-121.052209924661,38.896189124667],[-121.052174415935,38.8961852108809],[-121.052137114777,38.8961813644569],[-121.052098232813,38.8961774501794],[-121.052058090336,38.896173223808],[-121.052016933626,38.8961686314923],[-121.051974976543,38.896163456954],[-121.051932607103,38.8961575646151],[-121.051890034057,38.8961511210441],[-121.051847537193,38.8961442393341],[-121.051805430589,38.8961371409681],[-121.051763956422,38.8961299927881],[-121.051723464073,38.8961229625109],[-121.051684092765,38.8961162431672],[-121.05164636856,38.896109894004],[-121.051610215212,38.8961042720633],[-121.051575776661,38.8960991307697],[-121.051542808527,38.8960944681314],[-121.051511203967,38.896090256251],[-121.051480826493,38.8960863561765],[-121.051451533889,38.8960827126943],[-121.051423222735,38.8960792141492],[-121.051395719343,38.8960758311968],[-121.051368847263,38.8960724822171],[-121.051342292932,38.8960690799668],[-121.051315670116,38.896065540213],[-121.051288626454,38.8960618321527],[-121.051260815291,38.896057843046],[-121.051231776677,38.8960535700407],[-121.051201232772,38.896048927084],[-121.051168797717,38.8960438020161],[-121.051134225982,38.8960381928318],[-121.051098042851,38.8960321308429],[-121.051060916951,38.896025704388],[-121.051023547685,38.8960190281842],[-121.050986498712,38.8960121086332],[-121.050950610451,38.8960050327752],[-121.050916374776,38.895997916339],[-121.050884528722,38.8959908184954],[-121.050855527601,38.8959837438635],[-121.050828987126,38.8959766352542],[-121.050804136089,38.8959694025892],[-121.050780377264,38.8959618770285],[-121.05075704433,38.8959539702497],[-121.05073354395,38.8959455674983],[-121.050709138267,38.8959364987848],[-121.050683231278,38.8959266763589],[-121.050655262704,38.8959160136628],[-121.050625441981,38.8959045394321],[-121.050594015489,38.8958923646873],[-121.0505612979,38.8958794937981],[-121.050527603243,38.8958660653653],[-121.050493178564,38.8958520543776],[-121.050458373241,38.8958376285545],[-121.050423502759,38.895822817499],[-121.050388724307,38.8958076774504],[-121.050354263547,38.8957924030469],[-121.050320173935,38.8957770487801],[-121.050286468237,38.8957617805226],[-121.050253324393,38.8957466546837],[-121.050220842076,38.8957318900987],[-121.050188881467,38.8957175973394],[-121.050157721952,38.8957038327431],[-121.050127465862,38.8956907890406],[-121.050097659328,38.8956783535148],[-121.050068090939,38.8956663865995],[-121.05003851711,38.8956549133323],[-121.050008657603,38.8956437683585],[-121.049978022856,38.8956328359654],[-121.049946541748,38.8956220894448],[-121.049913793504,38.8956114415732],[-121.049879676563,38.8956007284546],[-121.049844435743,38.8955900052421],[-121.049808562452,38.8955792498233],[-121.049772512432,38.8955685208776],[-121.049736674897,38.8955577657286],[-121.04970153974,38.895546989281],[-121.049667493551,38.8955362487495],[-121.049634993542,38.8955254929159],[-121.049604354796,38.8955147811143],[-121.049575508187,38.8955041100783],[-121.049548031059,38.8954935331124],[-121.049521710949,38.8954830755082],[-121.04949630312,38.8954727622936],[-121.049471561294,38.8954626473126],[-121.049447025965,38.8954527808643],[-121.04942262718,38.8954431353497],[-121.049398049567,38.8954338451295],[-121.049373240724,38.8954246908534],[-121.049348394376,38.8954157551873],[-121.049323354059,38.8954069278412],[-121.049298312596,38.8953981004805],[-121.049273236546,38.8953892737323],[-121.049248301463,38.895380337319],[-121.049223369735,38.8953712369616],[-121.049198581961,38.8953618900247],[-121.049173798191,38.8953521584255],[-121.049148847713,38.8953418768019],[-121.049123520592,38.8953307956861],[-121.049097712669,38.8953188592704],[-121.049071286618,38.8953058195814],[-121.049044034865,38.8952915091532],[-121.049015818593,38.8952757917131],[-121.04898653326,38.8952585537912],[-121.048956315785,38.8952400739877],[-121.048925407682,38.895220654281],[-121.048894085435,38.8952006536935],[-121.048862485655,38.8951804598338],[-121.04883088328,38.8951603749546],[-121.048799451762,38.8951407040822],[-121.04876846686,38.895121860289],[-121.048737993637,38.8951040639302],[-121.048707685753,38.8950870932511],[-121.04867705243,38.8950707514415],[-121.048645642037,38.895054759127],[-121.048612930653,38.8950388120164],[-121.048578536593,38.8950226592348],[-121.048541898348,38.8950060484353],[-121.048502563907,38.8949887290671],[-121.048460291121,38.894970533378],[-121.048416126448,38.8949518293922],[-121.048371259756,38.8949330367606],[-121.048326915885,38.8949146321789],[-121.048284282764,38.8948970938452],[-121.048244652469,38.8948808701801],[-121.048209285932,38.8948664111529],[-121.048179299852,38.8948542619513],[-121.0481557112,38.8948445813562],[-121.048137356848,38.8948376211155],[-121.048122707021,38.8948321740989],[-121.048107937177,38.8948251882395],[-121.048100595154,38.8948198280676],[-121.048092719674,38.8948122950308],[-121.048083732466,38.8948038456734],[-121.048072244134,38.8947932073432],[-121.048057931095,38.8947782890741],[-121.048046570141,38.8947633949701],[-121.048028859294,38.8947451542427],[-121.048009870665,38.8947252273535],[-121.047990161234,38.8947040323808],[-121.047970285764,38.8946820666656],[-121.047950909556,38.8946596653888],[-121.047932514728,38.8946373270992],[-121.047915590825,38.8946154260807],[-121.047900066545,38.8945939491374],[-121.047885697293,38.8945728248969],[-121.047872377947,38.8945519831286],[-121.047859758436,38.8945313948399],[-121.047847734559,38.8945109213383],[-121.047836095369,38.8944905608966],[-121.047824561873,38.8944702283466],[-121.047813027968,38.8944498408362],[-121.047801532416,38.8944293446281],[-121.047790142101,38.8944087384683],[-121.047778966461,38.8943879421706],[-121.047768003928,38.8943669007667],[-121.047757432031,38.8943456148094],[-121.047747284921,38.8943240305238],[-121.047737635166,38.894302066521],[-121.047728553103,38.8942797215755],[-121.047719930811,38.8942571344451],[-121.047711627739,38.8942343841601],[-121.047703569769,38.8942115818269],[-121.04769558181,38.8941888890768],[-121.047687555175,38.8941664158321],[-121.04767938501,38.8941442441181],[-121.04767092582,38.8941225637369],[-121.047662144165,38.8941013753153],[-121.047652936956,38.8940804572853],[-121.04764348537,38.8940595381541],[-121.047633754701,38.8940383689851],[-121.047623856506,38.8940165398757],[-121.04761375957,38.8939938857029],[-121.047603643534,38.8939700773031],[-121.047593440967,38.8939448132188],[-121.047583260142,38.8939179285689],[-121.047573202256,38.8938896998615],[-121.047563300149,38.8938604291716],[-121.047553544895,38.8938306101265],[-121.047544145267,38.8938004921873],[-121.047535095019,38.8937705410752],[-121.047526494972,38.8937410612237],[-121.047518375714,38.8937124366725],[-121.047510768151,38.8936849415525],[-121.047503498161,38.8936584933552],[-121.047496426922,38.8936328702202],[-121.047489276946,38.8936079608637],[-121.047481910524,38.8935834605501],[-121.047474082431,38.8935592591611],[-121.047465692611,38.8935350810983],[-121.047456425199,38.8935108399894],[-121.047446212433,38.8934863451862],[-121.04743509007,38.8934615951797],[-121.04742323143,38.8934366463451],[-121.047410778878,38.8934115421913],[-121.047397870194,38.8933863243879],[-121.04738464545,38.8933610355244],[-121.047371247035,38.8933357173081],[-121.047357811369,38.8933104267132],[-121.047344516755,38.8932851922279],[-121.047331324471,38.8932601504738],[-121.047318375921,38.8932353305378],[-121.047305668491,38.8932108414089],[-121.047293305949,38.8931867677225],[-121.047281324082,38.893163191755],[-121.047269756007,38.8931402227882],[-121.047258671287,38.893117917249],[-121.047248068043,38.8930963291769],[-121.047237842482,38.8930753757384],[-121.047227928015,38.8930548644935],[-121.047218079457,38.8930346826212],[-121.047208297841,38.8930146670644],[-121.047198412864,38.8929946227315],[-121.047188246599,38.8929744932088],[-121.047177733962,38.8929540599418],[-121.047166769255,38.8929332103512],[-121.047155388251,38.892912027614],[-121.047143728576,38.8928906506975],[-121.047131859402,38.8928690792676],[-121.047119886107,38.8928475358122],[-121.047107981992,38.8928259920216],[-121.047096146776,38.8928046406888],[-121.047084588718,38.8927835114488],[-121.047073201074,38.8927627412667],[-121.047062022216,38.8927422196446],[-121.04705084079,38.8927218898948],[-121.047039516118,38.8927016688813],[-121.047027911353,38.8926814455712],[-121.047015815503,38.892661136252],[-121.047003124426,38.8926406842135],[-121.046989663227,38.8926199790115],[-121.046975293907,38.8925989096034],[-121.046959873589,38.892577556801],[-121.046943439898,38.8925558659563],[-121.046925849166,38.8925338908472],[-121.046907033374,38.8925116318166],[-121.046886955704,38.8924891696442],[-121.046865510836,38.8924664494113],[-121.046842628097,38.8924434975652],[-121.046818307126,38.8924203411294],[-121.046792513372,38.8923970636049],[-121.046765385532,38.8923736381993],[-121.046736957888,38.8923501733022],[-121.04670733609,38.892326699509],[-121.046676519774,38.8923032438432],[-121.04664464844,38.8922798056457],[-121.04661175557,38.8922565527601],[-121.046577913769,38.8922334010949],[-121.046543189931,38.8922104340818],[-121.04650769013,38.8921877363748],[-121.046471483925,38.8921652788134],[-121.046434571344,38.8921431451823],[-121.046397161797,38.8921213651261],[-121.046359219201,38.8920999644753],[-121.046320850366,38.8920789729343],[-121.046282159458,38.8920584454121],[-121.04624311297,38.8920382158653],[-121.046203675508,38.8920182587778],[-121.046163922239,38.8919982990861],[-121.046123748647,38.8919783080042],[-121.046083154991,38.8919580945403],[-121.046042214653,38.8919376025383],[-121.046000788408,38.8919166407628],[-121.045959054116,38.8918950989593],[-121.045917044495,38.8918731161366],[-121.04587497013,38.8918507201489],[-121.045832970146,38.8918280238508],[-121.045791183715,38.8918051364943],[-121.045749924451,38.8917822255203],[-121.045709228811,38.8917592371738],[-121.045669374688,38.8917363377024],[-121.045630395637,38.8917137751336],[-121.045592360764,38.8916914680523],[-121.045555163388,38.8916696345059],[-121.04551883736,38.8916483288278],[-121.045483203344,38.8916277711716],[-121.045448367395,38.8916079615074],[-121.045414187461,38.8915890905646],[-121.045380661285,38.8915712403084],[-121.045347645588,38.8915545212762],[-121.045314831666,38.8915385723704],[-121.045281730976,38.8915230328182],[-121.045247996393,38.8915075700349],[-121.04521314167,38.8914918241663],[-121.045176821172,38.8914753518264],[-121.045138546401,38.8914578751248],[-121.045097935978,38.8914389512817],[-121.04505478386,38.8914183867078],[-121.045009578825,38.8913962673977],[-121.044963124878,38.8913729837416],[-121.044916157478,38.891348708448],[-121.044869445281,38.8913238027899],[-121.044823756068,38.8912985217268],[-121.044779790021,38.8912730890328],[-121.044738351476,38.8912478698814],[-121.044700000704,38.8912230337456],[-121.04466452748,38.8911984401603],[-121.044631441087,38.8911739760861],[-121.044600534323,38.8911494479277],[-121.044571212719,38.8911246571061],[-121.044543249867,38.891099466625],[-121.044516136963,38.8910736515804],[-121.044489474738,38.8910470708524],[-121.044462931873,38.8910195027965],[-121.044436229629,38.8909905874594],[-121.044409095383,38.8909599388112],[-121.044381358287,38.8909270608458],[-121.044352705841,38.8908917041441],[-121.044322863083,38.890853399772],[-121.044300358257,38.8908233657304],[-121.044270389894,38.8907370055692],[-121.044248955579,38.8906640049247],[-121.044234917114,38.8906027643335],[-121.044226922866,38.8905518699661],[-121.044223975345,38.8905098045941],[-121.044224584129,38.8904750181075],[-121.044227678824,38.8904461007869],[-121.044232102905,38.8904215331943],[-121.044236801418,38.8904000435772],[-121.044241556544,38.8903809427478],[-121.044246459482,38.8903637927107],[-121.044251588789,38.8903482382506],[-121.044256984521,38.8903337013101],[-121.044262686472,38.89031988041],[-121.044268702801,38.8903062548892],[-121.044275143899,38.8902923310533],[-121.044282050348,38.8902778344569],[-121.044289315329,38.8902627362938],[-121.044296870095,38.8902470909546],[-121.044304674756,38.8902310359512],[-121.04431266019,38.8902146535995],[-121.044320720793,38.8901979961854],[-121.044328816661,38.8901812021216],[-121.044336845573,38.8901642435407],[-121.044344767712,38.8901473381365],[-121.044352548851,38.8901304595012],[-121.044360223254,38.8901137169271],[-121.044367825489,38.8900971115993],[-121.044375247683,38.890080778669],[-121.044382595128,38.8900647748585],[-121.044389798288,38.8900491275245],[-121.044396854923,38.8900339177309],[-121.044403904487,38.8900191475248],[-121.044410843256,38.8900048151527],[-121.044417814057,38.8899907578222],[-121.044424920664,38.8899770592702],[-121.044432165633,38.889963443838],[-121.04443972573,38.8899499679339],[-121.044447531697,38.8899364670224],[-121.04445572453,38.8899229143339],[-121.044464412539,38.8899092278742],[-121.044473593405,38.889895408525],[-121.044483301382,38.8898815664794],[-121.044493570683,38.8898677290456],[-121.044504508516,38.8898538962035],[-121.044516041914,38.8898401790668],[-121.044528241988,38.8898266043461],[-121.044541176378,38.8898131996244],[-121.044554810521,38.8898000493034],[-121.044569109083,38.8897871233622],[-121.044583825028,38.8897744476993],[-121.04459888961,38.8897620767053],[-121.044614231306,38.8897499287101],[-121.044629640776,38.8897380551476],[-121.044645010438,38.8897264839632],[-121.04466012975,38.8897151845976],[-121.044675035584,38.8897041582549],[-121.044689868109,38.8896932682469],[-121.04470480518,38.8896824899084],[-121.044720097129,38.8896714667322],[-121.044735988713,38.8896602565856],[-121.04475272956,38.8896486407952],[-121.044770496322,38.8896365127023],[-121.044789501381,38.8896236803546],[-121.044809992136,38.8896100908281],[-121.044831792685,38.8895958805168],[-121.044854617992,38.8895811578911],[-121.044878361351,38.8895660572109],[-121.044902811519,38.8895507713379],[-121.044927753444,38.8895354336424],[-121.044952904397,38.8895201526141],[-121.044978158098,38.8895052021589],[-121.045003335894,38.8894905808094],[-121.045028262635,38.8894763691101],[-121.045053042837,38.889462595848],[-121.045077394169,38.8894493397869],[-121.045101494801,38.889436467253],[-121.045125096618,38.8894240843186],[-121.045148234603,38.889412247128],[-121.045170875667,38.8894008445973],[-121.045192946069,38.8893899599063],[-121.045214730856,38.8893794836826],[-121.045236476381,38.8893692692983],[-121.04525857162,38.8893591938195],[-121.045281158827,38.8893491367906],[-121.04530465982,38.8893390187907],[-121.045329324033,38.8893286355577],[-121.045355432885,38.8893179758879],[-121.045383164709,38.8893068079075],[-121.045412130797,38.8892953203191],[-121.045441872083,38.8892836192644],[-121.045471825026,38.889271864984],[-121.045501532078,38.8892601366057],[-121.045530462396,38.8892486486944],[-121.045558123856,38.8892374800951],[-121.045584057028,38.8892267639766],[-121.04560780553,38.8892165785771],[-121.045629683276,38.8892069823313],[-121.045649971881,38.8891979496232],[-121.045669130451,38.8891894571942],[-121.045687507813,38.8891814529523],[-121.045705386786,38.8891739932736],[-121.04572322413,38.8891669719956],[-121.045741372158,38.8891604208389],[-121.045760041021,38.8891543135996],[-121.045779337885,38.889148567372],[-121.045799051747,38.8891431002429],[-121.045819043902,38.8891378543163],[-121.04583931618,38.8891326935689],[-121.045859623072,38.8891276159862],[-121.045879929196,38.8891225095644],[-121.045900132631,38.8891172383302],[-121.045920092396,38.8891118281542],[-121.045940089689,38.8891061984598],[-121.045960336228,38.8891003780114],[-121.045981147402,38.8890943153418],[-121.046002734553,38.8890880671405],[-121.046025343938,38.8890815795707],[-121.046049255629,38.8890748558307],[-121.046074681707,38.8890678976593],[-121.046101833111,38.8890607058853],[-121.046130392484,38.8890533067332],[-121.046159937256,38.8890457498895],[-121.046190011745,38.8890380613456],[-121.046220296753,38.8890303186642],[-121.046250266677,38.8890225184347],[-121.046279533126,38.8890147403557],[-121.046307781074,38.8890070088715],[-121.04633458715,38.8889993475378],[-121.046360232954,38.8889917316376],[-121.046385070035,38.888984164055],[-121.046409451401,38.8889765386749],[-121.046433727472,38.8889688565696],[-121.046458215941,38.8889610662896],[-121.046483303296,38.8889531439767],[-121.046509377188,38.8889450648811],[-121.046536543606,38.888936747888],[-121.046564765353,38.8889283017024],[-121.046593760819,38.8889197519425],[-121.046623250695,38.8889111242462],[-121.046652984543,38.8889025264711],[-121.046682648501,38.8888939821703],[-121.046712064681,38.8888855187145],[-121.046740882005,38.8888772701647],[-121.046768992877,38.8888691797827],[-121.046796399953,38.8888612214641],[-121.04682338632,38.8888532596903],[-121.046850125608,38.8888452409292],[-121.046876727636,38.8888370561696],[-121.046903475064,38.888828515834],[-121.046930473193,38.8888196757411],[-121.04695793397,38.8888102898766],[-121.046985929645,38.8888003858598],[-121.047014422573,38.8887900201394],[-121.047043060534,38.8887793258664],[-121.047071701114,38.8887685216963],[-121.047100129968,38.8887576887566],[-121.047128065965,38.8887469887101],[-121.047155401592,38.8887365305873],[-121.047181781938,38.8887264763477],[-121.047207207825,38.888716936811],[-121.047231713065,38.8887078834257],[-121.047255615713,38.8886992377162],[-121.047279092828,38.8886908623929],[-121.047302461365,38.8886827609539],[-121.047325862263,38.8886748246426],[-121.047349578661,38.8886669999221],[-121.047373856724,38.888659153672],[-121.04739883862,38.8886512573264],[-121.047424488595,38.8886433123939],[-121.047450702522,38.8886352612633],[-121.047477267935,38.8886271310231],[-121.047504222091,38.88861889405],[-121.04753128259,38.8886105489311],[-121.047558415251,38.8886020656564],[-121.047585480212,38.8885934728103],[-121.047612369501,38.8885847415802],[-121.047639086962,38.8885758431684],[-121.04766556032,38.8885667517576],[-121.047691826066,38.8885574108891],[-121.047717848511,38.888547903155],[-121.047743628349,38.8885380907211],[-121.04776913177,38.8885280021402],[-121.047794392571,38.8885176097608],[-121.047819341597,38.8885069130167],[-121.047844189008,38.8884958847998],[-121.047869041235,38.8884845827394],[-121.047894036603,38.8884730070672],[-121.047919352237,38.8884611871617],[-121.047945162609,38.8884491785061],[-121.047971537598,38.8884369276174],[-121.047998652079,38.8884245458385],[-121.048026647044,38.888412006395],[-121.048055169486,38.8883994154065],[-121.048083904722,38.8883867720985],[-121.048112426758,38.8883742099221],[-121.048140385644,38.8883617791666],[-121.048167463654,38.888349533989],[-121.048193308147,38.8883375534865],[-121.048217496173,38.8883259161809],[-121.048239817585,38.8883146482813],[-121.048260482159,38.888303751506],[-121.048279702721,38.8882931717412],[-121.048297864967,38.8882828580896],[-121.04831521629,38.8882727576209],[-121.048332144337,38.8882628455799],[-121.048338802076,38.8882589189337],[-121.048348753206,38.8882530957913],[-121.048365537669,38.8882434032941],[-121.048382671433,38.8882337947356],[-121.048400226294,38.8882242454774],[-121.048418273323,38.8882146993436],[-121.048436812079,38.8882051031764],[-121.048455844154,38.8881955101425],[-121.048475508573,38.8881858682254],[-121.048495771143,38.8881761483158],[-121.048516666804,38.8881663236719],[-121.048538232064,38.8881564225204],[-121.048560396573,38.8881463614012],[-121.048583161065,38.8881360853643],[-121.048606419545,38.8881256764261],[-121.048630137391,38.8881150514189],[-121.048654246557,38.8881041269017],[-121.048678673669,38.8880929590314],[-121.048703457522,38.8880814913678],[-121.048728455556,38.8880696957168],[-121.048753771644,38.8880578206794],[-121.048779510683,38.8880458662126],[-121.048805632099,38.8880341076637],[-121.048832242415,38.8880226819418],[-121.048859442353,38.8880117286114],[-121.048887267767,38.8880014110304],[-121.048915784066,38.8879919234301],[-121.048945096191,38.8879833486512],[-121.04897513567,38.8879755491944],[-121.049005868992,38.8879683590169],[-121.049037371659,38.8879614769295],[-121.04906953952,38.8879548471241],[-121.049102374299,38.8879481687092],[-121.049135843691,38.887941357635],[-121.049170022781,38.8879340577532],[-121.049204735571,38.8879262414976],[-121.049239910664,38.887917989366],[-121.049275266094,38.8879093540083],[-121.049310623776,38.8879006357742],[-121.049345771205,38.8878917788716],[-121.049380496084,38.8878830563435],[-121.04941458525,38.88787454753],[-121.04944786207,38.8878664446839],[-121.049480182913,38.8878587997857],[-121.049511514329,38.8878516143645],[-121.049542101417,38.8878448345682],[-121.049571980687,38.8878384886238],[-121.049601294963,38.8878324128323],[-121.049630182984,38.887826662383],[-121.049658714992,38.8878211567678],[-121.049687070761,38.8878158136716],[-121.049715422794,38.8878106633335],[-121.049743878281,38.8878057066294],[-121.04977296361,38.8878009739877],[-121.049802888178,38.8877964950474],[-121.049833932845,38.8877923000312],[-121.049866520239,38.8877884203202],[-121.049900893986,38.8877849119585],[-121.049937370316,38.8877818324842],[-121.049976159734,38.8877791286595],[-121.050016807703,38.8877767418127],[-121.05005892841,38.8877745597793],[-121.050101891342,38.8877724945227],[-121.050145311432,38.887770378029],[-121.050188555921,38.8877682042282],[-121.050231207026,38.8877657516865],[-121.050272739482,38.8877629062029],[-121.050312767194,38.8877596628233],[-121.050351675464,38.8877559994706],[-121.050389920382,38.8877519450962],[-121.050428065958,38.8877475610646],[-121.050466531374,38.8877428778265],[-121.050505842641,38.8877379537317],[-121.050546562574,38.8877327672486],[-121.050589076997,38.8877274296359],[-121.050633842673,38.8877219193954],[-121.050680892734,38.8877163449045],[-121.050730156511,38.8877107326111],[-121.050781388103,38.8877051102349],[-121.050834656327,38.8876995035608],[-121.050889822116,38.8876939682083],[-121.050946742627,38.8876885831901],[-121.051005382107,38.8876833500137],[-121.051065600358,38.8876783224878],[-121.051127118001,38.8876733595897],[-121.051189725138,38.8876682965389],[-121.051253004078,38.8876629911851],[-121.051316708829,38.8876573054819],[-121.051380526949,38.8876510711117],[-121.051444213247,38.8876441761625],[-121.051507454837,38.8876363991604],[-121.051570040011,38.8876277104508],[-121.051631935705,38.8876180827377],[-121.051693386322,38.8876075999988],[-121.051754425331,38.8875963453916],[-121.051815123052,38.8875843185894],[-121.051875723936,38.8875716864532],[-121.051936191447,38.8875584225588],[-121.051996773461,38.8875446100095],[-121.052057464318,38.8875304136261],[-121.052117845627,38.8875158299978],[-121.052177633106,38.8875009126643],[-121.052236298626,38.8874858483152],[-121.052293489122,38.8874706620028],[-121.052348817791,38.8874554884164],[-121.052401792539,38.8874404055315],[-121.052451952392,38.8874254915778],[-121.052499159089,38.887410828316],[-121.052543587357,38.887396279334],[-121.052585557128,38.8873817112038],[-121.052625385643,38.8873669328165],[-121.052663497366,38.8873518377213],[-121.052700244861,38.8873362657269],[-121.052735947671,38.8873200257415],[-121.052770993365,38.887303011913],[-121.05280573418,38.8872850883707],[-121.052840275814,38.8872663676893],[-121.052874859695,38.8872470707573],[-121.052909450153,38.8872272792673],[-121.052944360062,38.8872072155905],[-121.052979659406,38.8871869911091],[-121.05301548474,38.8871668249557],[-121.053052010139,38.8871468023327],[-121.053089234209,38.8871271142215],[-121.053127121568,38.8871077342069],[-121.053165250804,38.8870887129115],[-121.053203445511,38.8870699669153],[-121.053241356831,38.8870514654494],[-121.053278877574,38.8870332076413],[-121.053315622394,38.8870152191832],[-121.053351345397,38.8869974413162],[-121.053385941687,38.8869798740883],[-121.053419340177,38.8869624889934],[-121.053451718306,38.8869452054938],[-121.053483110339,38.8869281337809],[-121.053513656833,38.8869111930163],[-121.053543393902,38.8868943546657],[-121.053572497508,38.886877648991],[-121.053601072858,38.8868609660367],[-121.053629190298,38.8868443901608],[-121.05365706261,38.8868277834538],[-121.053684971359,38.886811122982],[-121.053713196213,38.8867943551648],[-121.053741986811,38.8867773441939],[-121.053771553691,38.8867601206114],[-121.053802250595,38.8867425215275],[-121.05383421546,38.8867245759919],[-121.053867592679,38.8867061743664],[-121.053902061188,38.8866875356618],[-121.053937024829,38.8866687622352],[-121.053972020028,38.8866501277956],[-121.054006520936,38.8866317352733],[-121.05403992721,38.8866138284366],[-121.054071674449,38.8865963756673],[-121.054101339173,38.8865797564097],[-121.054128529605,38.8865641332464],[-121.054153671733,38.8865493718048],[-121.054177188057,38.886535339485],[-121.054199571796,38.8865218736311],[-121.054221318423,38.8865088152088],[-121.054242885052,38.8864960291961],[-121.054264803616,38.8864833018985],[-121.054287529356,38.8864705523329],[-121.054311417119,38.8864576212206],[-121.054336572171,38.8864444805878],[-121.054362925356,38.8864311298712],[-121.054390405215,38.8864175684888],[-121.054418941439,38.8864037958681],[-121.054448605116,38.8863898405147],[-121.054479184555,38.8863756718771],[-121.054510715449,38.8863612929475],[-121.054543092218,38.8863467551196],[-121.054576102045,38.8863321125189],[-121.054609428804,38.8863174733868],[-121.054642859353,38.8863029161712],[-121.054676007248,38.8862885494435],[-121.05470872848,38.8862744540161],[-121.054740672,38.8862607639744],[-121.054771555838,38.8862475328831],[-121.054801271727,38.8862348409454],[-121.054829929473,38.8862225791431],[-121.054857984998,38.8862106151454],[-121.054885581724,38.8861988257924],[-121.054913141979,38.8861870910922],[-121.054940879851,38.8861752614315],[-121.054969217657,38.8861632177184],[-121.054998404261,38.8861507953064],[-121.055028650138,38.8861379427515],[-121.055059813942,38.8861247138597],[-121.055091719826,38.8861112432394],[-121.055124048948,38.8860975832543],[-121.055156623183,38.8860839531805],[-121.055189127521,38.8860703774853],[-121.055221418362,38.8860569928418],[-121.05525324689,38.8860439602936],[-121.055284369828,38.8860311976831],[-121.055315066542,38.8860187604348],[-121.055345655439,38.8860065421252],[-121.055376453052,38.8859944903704],[-121.055407637123,38.8859824147197],[-121.055439770487,38.8859702909161],[-121.055472889888,38.8859579561918],[-121.055507454006,38.885945330487],[-121.055543568444,38.8859323606036],[-121.055580950872,38.8859191271308],[-121.055619214895,38.8859057350387],[-121.055657969165,38.8858924018715],[-121.055696756165,38.885879206797],[-121.055735224489,38.8858663109275],[-121.055772878216,38.8858538210483],[-121.05580940017,38.8858419246771],[-121.055844402696,38.8858306483973],[-121.055877850502,38.8858200459785],[-121.055909851086,38.8858100083834],[-121.055940438962,38.8858004539103],[-121.055969649873,38.8857913819498],[-121.055997557458,38.8857826291344],[-121.056024230141,38.8857742509764],[-121.056049670486,38.8857660547019],[-121.056074018733,38.8857580693787],[-121.056097697452,38.8857502434822],[-121.056120988969,38.8857424964207],[-121.056144384633,38.8857348051557],[-121.056168307434,38.8857271731208],[-121.056193108047,38.8857194941517],[-121.056219245944,38.88571171522],[-121.056247140696,38.8857039235152],[-121.056277075665,38.885695873585],[-121.056308842608,38.8856875358093],[-121.056342337963,38.8856786363694],[-121.056377354165,38.8856690078114],[-121.056413541448,38.8856584274724],[-121.056450764065,38.8856467014545],[-121.056488741009,38.8856336373837],[-121.056527266249,38.8856190389903],[-121.056566129147,38.8856027964549],[-121.056605010633,38.8855851531377],[-121.056643590895,38.8855664082497],[-121.056681583947,38.8855469180344],[-121.056718703045,38.8855270089992],[-121.056754629903,38.8855069524405],[-121.056789076719,38.885487241527],[-121.056821761259,38.8854680370355],[-121.056852395594,38.8854496681681],[-121.056881367791,38.8854321642006],[-121.056909027807,38.885415473017],[-121.056935765565,38.8853995707537],[-121.056961930651,38.8853844332192],[-121.056987944488,38.8853700079753],[-121.057014197001,38.8853562711571],[-121.05704103699,38.8853431706375],[-121.057086558071,38.8853228899812],[-121.057211790639,38.8852793932021],[-121.057255771126,38.8852640153694],[-121.057303072967,38.8852472094748],[-121.057353236123,38.8852292447611],[-121.057405307639,38.8852104450351],[-121.057458546246,38.8851910781627],[-121.057512173475,38.8851715225219],[-121.05756530824,38.8851520718752],[-121.05761724085,38.8851331339904],[-121.057667161256,38.8851149482529],[-121.057714538321,38.8850977572112],[-121.057759970197,38.8850815675173],[-121.057804442224,38.8850662204895],[-121.057848834808,38.8850515601977],[-121.057894062253,38.8850374823371],[-121.05794111215,38.8850238318435],[-121.057990826601,38.8850105596806],[-121.058044157427,38.8849974267061],[-121.058101668167,38.8849843545962],[-121.058162656907,38.8849713385599],[-121.058226035955,38.8849582589692],[-121.058290680042,38.8849451355354],[-121.058355536489,38.8849319029734],[-121.058419514964,38.8849185542549],[-121.058481600031,38.8849049973736],[-121.058540630703,38.8848912508602],[-121.058595764831,38.8848772808731],[-121.058647143025,38.8848630885563],[-121.058694939335,38.8848486744231],[-121.058739470395,38.8848341518533],[-121.0587809828,38.884819439963],[-121.058819789738,38.884804651202],[-121.058856208956,38.8847898151723],[-121.058890486294,38.8847749077397],[-121.058922865017,38.8847600119572],[-121.058953699687,38.8847450757403],[-121.058983269209,38.8847301022485],[-121.059011821749,38.8847150655629],[-121.059039671583,38.8846999961561],[-121.059067134879,38.8846848686588],[-121.059094494022,38.8846696844555],[-121.059121995207,38.884654392385],[-121.05914999033,38.8846389673662],[-121.059178832328,38.8846232185584],[-121.059208877495,38.8846068758674],[-121.059240514417,38.884589667658],[-121.059274045305,38.8845714035787],[-121.059309912119,38.8845517853978],[-121.059348419128,38.8845305543101],[-121.059389970132,38.8845075081716],[-121.059434797624,38.8844824984075],[-121.059482841149,38.8844560857935],[-121.059533899058,38.8844288741082],[-121.059587803208,38.8844015484832],[-121.059636028392,38.8843813436647],[-121.059674051336,38.8843647086163],[-121.059827894243,38.8843040582132],[-121.059974145603,38.884251584178],[-121.060186829131,38.8841675735639],[-121.060412792682,38.8840835050167],[-121.060572423381,38.8839996424441],[-121.060882621291,38.883868720504],[-121.061151178526,38.883765004211],[-121.061286996427,38.8836378631261],[-121.061394929312,38.8834487671341],[-121.061432219542,38.8832163182503],[-121.061570072406,38.882927097432],[-121.061588645588,38.88271792115],[-121.06158554552,38.8824659243204],[-121.061566751678,38.8822663312401],[-121.061465057315,38.8819914887003],[-121.061312002342,38.8816686424692],[-121.061227554916,38.8814712651989],[-121.061121781636,38.8813031529781],[-121.061006057631,38.881172937376],[-121.060856069442,38.8810143805372],[-121.06064752765,38.8808391493021],[-121.060524703651,38.8807012973545],[-121.060387637231,38.8805726104734],[-121.060227682588,38.8804187786159],[-121.059996514758,38.8802172764369],[-121.059733973584,38.8800717577641],[-121.059585562527,38.8799643144861],[-121.059501319342,38.879783799016],[-121.05939720106,38.8796690253934],[-121.059218879817,38.8795122146347],[-121.059064852093,38.8793727346847],[-121.058859477642,38.8791420844573],[-121.058706977911,38.8789749096911],[-121.058525911172,38.8788214801544],[-121.058426384788,38.8787076221033],[-121.058307515256,38.8785662843787],[-121.058206109986,38.8783690421683],[-121.058150551277,38.8783067524696],[-121.058029563297,38.8781159686552],[-121.057056884971,38.8769406262727],[-121.056390022923,38.8760809922862],[-121.056110665125,38.8756800060322],[-121.05593513248,38.8755684944152],[-121.055765062514,38.875297072292],[-121.055765181319,38.8750952153294],[-121.055720532911,38.8748415345231],[-121.055623094719,38.8745951970501],[-121.05550532522,38.8743693711856],[-121.055427440772,38.8741293420303],[-121.055371339071,38.8739102784144],[-121.055375957878,38.8737240546082],[-121.055375723462,38.8734986619482],[-121.05536284765,38.8731804336394],[-121.055337803703,38.8730112149833],[-121.055213800715,38.872839708289],[-121.055066497901,38.8726479937433],[-121.054937571034,38.8725245294216],[-121.054810458536,38.8723704071675],[-121.054773952905,38.8722125998479],[-121.054765735712,38.8720223184351],[-121.054673751607,38.8718708699687],[-121.054559999945,38.8717237759908],[-121.054437760404,38.8715784525226],[-121.05432142104,38.8714622836696],[-121.054172915679,38.8712504028737],[-121.054127441508,38.8711595801302],[-121.054054510139,38.8710494768897],[-121.053938969419,38.8708786412203],[-121.053845627223,38.8707265224322],[-121.05378354622,38.8706246074482],[-121.053798533917,38.8700267895606],[-121.053749100953,38.8698034404738],[-121.053663944179,38.8696197263843],[-121.053623099798,38.8695664506981],[-121.05355155805,38.8694918364478],[-121.053461755813,38.8694063642868],[-121.053432566773,38.8693219892548],[-121.053388152419,38.8692124195674],[-121.053367165779,38.8691267103881],[-121.053360634393,38.8690395819619],[-121.053327043036,38.8688716931615],[-121.053324749092,38.8687881137093],[-121.053295044511,38.8686844296276],[-121.053275524671,38.8685756671432],[-121.053254885708,38.8684269678836],[-121.053243380065,38.8683072038212],[-121.053232057501,38.8681947179382],[-121.053218994625,38.8680943550061],[-121.053178501026,38.8679726529937],[-121.053110764493,38.8678368054052],[-121.053067777768,38.8677756867016],[-121.053053648719,38.867710464264],[-121.053064171065,38.867484993255],[-121.053089560199,38.8673562764143],[-121.053115240172,38.8672347827716],[-121.053143637351,38.8671387116596],[-121.05319500227,38.8670507917119],[-121.053264897698,38.8669613748947],[-121.053335122472,38.8668840699197],[-121.05341453877,38.8667654859433],[-121.053493385717,38.8666263014541],[-121.053500991031,38.8665220986606],[-121.053527695509,38.866363157715],[-121.053541615126,38.8662648821],[-121.05360170744,38.8661175816372],[-121.053661634531,38.865964239161],[-121.053714043355,38.8658400530312],[-121.053788701045,38.865696193622],[-121.053863126315,38.8656225478091],[-121.053949293613,38.8655269467152],[-121.05403244811,38.8653938943157],[-121.054102799839,38.865322713438],[-121.054189628053,38.8652513377535],[-121.054285865131,38.865145933508],[-121.054362418779,38.8650759290789],[-121.054459631415,38.8650080152086],[-121.054625952194,38.8649016699353],[-121.054755489823,38.8648091669747],[-121.054844353085,38.8647377803295],[-121.054943491429,38.8646650212804],[-121.055008418725,38.8646266656522],[-121.05513071438,38.864574168004],[-121.055267536838,38.8645226666917],[-121.05540032839,38.8644785190662],[-121.0555007377,38.8644553625567],[-121.055656795893,38.8644338391883],[-121.055731026184,38.8644327944677],[-121.055848500343,38.8644311396908],[-121.055994395261,38.8644158217041],[-121.056111242906,38.8643900242544],[-121.056210992458,38.8643451136845],[-121.056298412233,38.8643003497769],[-121.056489139245,38.8641913441141],[-121.056548308693,38.8641711745176],[-121.056629783021,38.8641350117918],[-121.056752579218,38.8641055006604],[-121.056857250636,38.8640919335798],[-121.056969973292,38.8640698640237],[-121.057017015987,38.8640583283736],[-121.057098161147,38.8640124697059],[-121.057185728821,38.8639749830284],[-121.057305865969,38.863926199895],[-121.057385527867,38.8639021320451],[-121.057479300863,38.8638681829131],[-121.057566149688,38.863805372607],[-121.057659370785,38.863752114949],[-121.057734097359,38.8637002992075],[-121.057855552133,38.8636261257936],[-121.057967173466,38.8635677998357],[-121.058097698021,38.8635248938621],[-121.05821203827,38.863491880191],[-121.058303663609,38.8634555787277],[-121.058403330046,38.8634167341842],[-121.058483980801,38.863355191029],[-121.05853010325,38.8633122603389],[-121.058574061512,38.8632657697041],[-121.058666511305,38.8631883397566],[-121.058721020858,38.8631513535844],[-121.058807986257,38.8630982083221],[-121.058885701824,38.8630088785273],[-121.058886669809,38.8629702506243],[-121.058929781134,38.8628947552478],[-121.059008329046,38.8628380821724],[-121.059095386767,38.8627885357001],[-121.059155103869,38.862718858537],[-121.059165686306,38.8626571044884],[-121.059178687934,38.8626061891089],[-121.059233855214,38.8625220865642],[-121.059289887142,38.8624681419148],[-121.059342288476,38.8624311383929],[-121.059376468679,38.8624041190825],[-121.059414281573,38.8623600775405],[-121.059505397274,38.8623117167754],[-121.059598569578,38.8622644978219],[-121.059647456698,38.8622196115544],[-121.059965481658,38.8618086379343],[-121.060469128479,38.8614158039511],[-121.061226461931,38.86095060061],[-121.061604835529,38.8603144163693],[-121.061728292244,38.8598512571449],[-121.061733194713,38.859480010715],[-121.061733887229,38.8594275686346],[-121.06169788589,38.8590872960744],[-121.061529425891,38.8585278127334],[-121.06137777166,38.8582596496254],[-121.061090480946,38.8580793884712],[-121.060514337196,38.8578401424912],[-121.06031928808,38.8577253485415],[-121.060198040666,38.8575059511606],[-121.06014877525,38.8573195119499],[-121.060028920204,38.8569949545648],[-121.060001550172,38.8567197494748],[-121.060087385398,38.8564858804128],[-121.060007007018,38.856307262597],[-121.059795132172,38.8559011457999],[-121.059628565353,38.8553065254297],[-121.059597546227,38.8551957753329],[-121.059550994628,38.8548071427244],[-121.059269399092,38.8541981906363],[-121.059052209805,38.8534118184715],[-121.058768374275,38.8529727145729],[-121.058219249108,38.8522564755915],[-121.058028436441,38.8518262236947],[-121.05776518693,38.8513953850697],[-121.057536306665,38.8507140589941],[-121.057478767115,38.8503738577042],[-121.057579359659,38.8498084484802],[-121.05750156942,38.8494357346353],[-121.057488255237,38.8488775026136],[-121.05765716901,38.8486200346529],[-121.057725861418,38.848119089292],[-121.057880096689,38.8474084950275],[-121.058166874826,38.8468446215275],[-121.058532296395,38.8465887448036],[-121.058945364657,38.8466406121927],[-121.059215206389,38.8465700012453],[-121.05956069271,38.8462573373269],[-121.060069404496,38.8461158605673],[-121.060634108455,38.8457867877523],[-121.062148034735,38.8451124340442],[-121.064475495738,38.8445672495729],[-121.065543040491,38.8444532299908],[-121.066897587897,38.843973707583],[-121.067339387289,38.843756585862],[-121.068656166093,38.8437671471883],[-121.06994761864,38.8433115778447],[-121.071706457655,38.8430804245179],[-121.073782321707,38.8425820875559],[-121.075170044616,38.8419556035232],[-121.076280357153,38.8409590985648],[-121.077301077347,38.8396185959947],[-121.078101634866,38.8383253802003],[-121.08012254892,38.837213452157],[-121.081740644911,38.8357305078992],[-121.082658562105,38.835051177664],[-121.084357018162,38.8346232115435],[-121.08564477,38.8344371796134],[-121.086844103188,38.8338091020337],[-121.088306814665,38.8322022370939],[-121.089338175064,38.8300035078368],[-121.089633134983,38.8290004840334],[-121.090304549927,38.8279758858302],[-121.090154759994,38.8274352620335],[-121.08944515353,38.8265469749724],[-121.088180375342,38.8254493112976],[-121.087717682971,38.8251939251257],[-121.087602639343,38.8251289025837],[-121.087253227534,38.8249339384673],[-121.08675983584,38.8245383995178],[-121.086270696959,38.8241564839808],[-121.085720656586,38.8237284772713],[-121.085142117178,38.8233360503548],[-121.084853425527,38.8230609890306],[-121.084420569732,38.8226033625459],[-121.084282040725,38.8221820509574],[-121.08405786232,38.821466653511],[-121.083920004947,38.8209282294045],[-121.083905054923,38.8199773097303],[-121.083941986291,38.8196309734343],[-121.084150810897,38.8192244274848],[-121.084274117305,38.8187804658607],[-121.084257985136,38.8179917972119],[-121.08418891786,38.8174951054044],[-121.084274460353,38.8172577297475],[-121.084573007883,38.8164246126544],[-121.08475295554,38.8162834029845],[-121.085163276608,38.8161054817812],[-121.08548736747,38.8159485193819],[-121.085780978495,38.8158361854374],[-121.086310544013,38.8158042966763],[-121.086690954497,38.8157656318249],[-121.087220503642,38.8154588647232],[-121.08743029712,38.8152505546064],[-121.087812765001,38.8150540347102],[-121.08870478157,38.8146722298899],[-121.090140093725,38.8144839857444],[-121.09046112033,38.8144937217293],[-121.09078619654,38.8143954335556],[-121.090991963364,38.8143582434043],[-121.091430301976,38.8143203182424],[-121.091782470894,38.8142990450053],[-121.09205614701,38.8143034909398],[-121.092278976518,38.8143071271625],[-121.092662840885,38.8142774492568],[-121.092982745112,38.8142375497679],[-121.093568635678,38.8141885765695],[-121.094329579555,38.8141740272897],[-121.094885429762,38.8142101038118],[-121.095553359844,38.814333659073],[-121.095817325009,38.814414468617],[-121.096162230275,38.8146138489641],[-121.096596176086,38.8148552755493],[-121.096825015111,38.8150075629797],[-121.096933664484,38.815365304475],[-121.097132792131,38.8157154021837],[-121.097325113477,38.816187148572],[-121.097465521939,38.8165318730254],[-121.097630440879,38.8168813742592],[-121.09782957492,38.8172316626104],[-121.097793093956,38.8174787930805],[-121.097965280523,38.8176707576583],[-121.098151240182,38.8178811165787],[-121.098383427939,38.8181191569655],[-121.098850986378,38.8181312699778],[-121.099114070099,38.8181445423533],[-121.099435457862,38.8181272350554],[-121.099964019553,38.8179646777701],[-121.100155469632,38.8178832597418],[-121.100494256419,38.817738972435],[-121.10073281973,38.8175401975507],[-121.100965992843,38.8174899106845],[-121.101170978855,38.8174481657405],[-121.10162004429,38.8167706328492],[-121.101767499011,38.8166289268506],[-121.10180545173,38.8166114533891],[-121.102004039999,38.8165201198242],[-121.102476367098,38.8162259396727],[-121.102797176055,38.8162537364811],[-121.103230406096,38.8166212001556],[-121.103724878744,38.8169310032205],[-121.104248267502,38.817110701738],[-121.104626386801,38.8172565182418],[-121.10488892836,38.8172429720737],[-121.10509351563,38.8172326581696],[-121.105679877069,38.8171474899216],[-121.105914857183,38.8170926763708],[-121.106298018415,38.8169772727796],[-121.10665103878,38.8166766387822],[-121.10683224428,38.8162921373377],[-121.106865955079,38.8161260174914],[-121.107102761929,38.8159226575432],[-121.107309436373,38.8157457839622],[-121.107549839832,38.8153982585188],[-121.107727876651,38.8150586842717],[-121.107736527308,38.8145092226977],[-121.107622591883,38.8143586902211],[-121.107392090366,38.8141972950874],[-121.107130490698,38.8140669086563],[-121.106782719808,38.8138810500631],[-121.10640563426,38.8136541588641],[-121.106229981588,38.8135972011305],[-121.105939683462,38.8134438547608],[-121.105385796806,38.813254647512],[-121.104397491065,38.8129998094088],[-121.104017543425,38.8129981692466],[-121.10360950751,38.8128608792396],[-121.103345825283,38.8127574072646],[-121.103084626821,38.812735235314],[-121.102449095629,38.8123419325135],[-121.102130042565,38.8121070178763],[-121.101928313747,38.8118199573671],[-121.101728175095,38.8116183362677],[-121.101323650798,38.8112736052144],[-121.100802428837,38.8108598961507],[-121.100513021694,38.8106434680139],[-121.100165591546,38.8104306257271],[-121.09987885519,38.8101421335155],[-121.099678262155,38.8096972373337],[-121.099653135231,38.8094670928673],[-121.099634233431,38.8088811160637],[-121.09984794062,38.8082178022259],[-121.099794936057,38.8079691531062],[-121.099969341369,38.8078458090274],[-121.100256623586,38.8076772609593],[-121.100413877402,38.8075918434315],[-121.100618903446,38.8070590603838],[-121.100750518489,38.806714248623],[-121.100750279173,38.8065250472679],[-121.100874474593,38.806139592562],[-121.100554280476,38.8059947604592],[-121.100350332838,38.8058877619436],[-121.100230459476,38.8057955290944],[-121.09980123872,38.8054643038445],[-121.099541132025,38.8052168220976],[-121.099342671389,38.804956803203],[-121.099202788241,38.8045716082788],[-121.099239096373,38.8039909188787],[-121.099275807978,38.8035861139134],[-121.099455118107,38.8032826164534],[-121.099749693708,38.8030216138925],[-121.100255284792,38.8025162045462],[-121.100784298807,38.8023086406599],[-121.101096107078,38.8020051503298],[-121.101410100117,38.8015258226794],[-121.101416179436,38.801183581086],[-121.101538367022,38.8008837565427],[-121.101950072049,38.8005885612296],[-121.102310827131,38.8000177119632],[-121.102347039897,38.7995813782295],[-121.102312082615,38.7995041103174],[-121.102062987311,38.7989414236841],[-121.101780454975,38.7984592386681],[-121.101583548957,38.7978658702458],[-121.10152936171,38.7976442607432],[-121.101676947495,38.7974889629162],[-121.1020887249,38.7973199185454],[-121.103087618534,38.7969983107457],[-121.10393697502,38.7968001265118],[-121.104026365541,38.7967792600305],[-121.104378725306,38.7967355981138],[-121.104670424351,38.7966995684842],[-121.105112211855,38.7965176185021],[-121.105119330272,38.7960941860528],[-121.104976625048,38.7957899829239],[-121.10489181865,38.7954913061858],[-121.104867430804,38.7952656170785],[-121.105052140727,38.7946019051811],[-121.105181280996,38.7938199339384],[-121.105363092176,38.7935255901618],[-121.105541180413,38.7933122251135],[-121.105981338629,38.7927696559695],[-121.106255704861,38.7924362614468],[-121.106346349243,38.7922034398016],[-121.106469950652,38.791791035299],[-121.106507217454,38.7912014543347],[-121.106456466181,38.7907725231264],[-121.106436749393,38.7900378993224],[-121.10632563957,38.7898054465276],[-121.106040191335,38.789207010959],[-121.105838434028,38.7889288805597],[-121.105582507004,38.7885642724707],[-121.105355637261,38.7880515220236],[-121.105219495427,38.7873689979434],[-121.105109745421,38.7868896887454],[-121.10497752442,38.7859684848736],[-121.105398294948,38.785290445358],[-121.105582032689,38.784698752223],[-121.10588570674,38.7841945371734],[-121.106504749094,38.7835108257116],[-121.107188303352,38.7827874604557],[-121.10751509629,38.7823963606394],[-121.107903443183,38.7819250567034],[-121.108259391156,38.7815163028545],[-121.108649216997,38.7809234417096],[-121.109188835396,38.7800671519705],[-121.109280383338,38.7796901972381],[-121.109556942839,38.778753103878],[-121.109890008147,38.7781413227586],[-121.110109508188,38.777140111057],[-121.11022727773,38.776979769427],[-121.110625646413,38.7761211813974],[-121.11078534892,38.7758361347958],[-121.111010241349,38.7754517142502],[-121.111308842272,38.7751366452741],[-121.111572840536,38.7749967526055],[-121.112220964272,38.7746422315167],[-121.11239722104,38.7745730627287],[-121.113043955093,38.7742591127753],[-121.113344675095,38.7737728959366],[-121.113734570797,38.7730268194198],[-121.114242723071,38.7723637499699],[-121.114830594522,38.7720533222214],[-121.115418006249,38.7718555296568],[-121.116208879871,38.7717241709914],[-121.117174861781,38.7716857187911],[-121.118639081389,38.7715651193808],[-121.119315274898,38.7713462051904],[-121.119756007453,38.7710920553218],[-121.120383182728,38.7701560310595],[-121.120681992931,38.7697507879082],[-121.121042021422,38.7690718208416],[-121.121378051418,38.7680634797376],[-121.121620298741,38.7674059170036],[-121.121806872932,38.766853982163],[-121.121885015883,38.766422298257],[-121.121934866738,38.7661486796095],[-121.12203107105,38.7656005364935],[-121.122243760809,38.7650633527786],[-121.122372082761,38.7641147839604],[-121.122587696116,38.7634109665367],[-121.122795980895,38.7629457209405],[-121.12300963221,38.7624715910425],[-121.122814747506,38.7617791422184],[-121.122818178967,38.7615719275541],[-121.12305617007,38.7613279594411],[-121.123383022363,38.7609908855983],[-121.123591005109,38.760759815214],[-121.123710792814,38.7605050124528],[-121.123833286381,38.7602411127179],[-121.123922954861,38.7600083242022],[-121.123926060067,38.7597561278666],[-121.123902812199,38.7595079615085],[-121.123624625371,38.7591008261806],[-121.123389521432,38.7586842117822],[-121.123134264319,38.7581984659037],[-121.123131661,38.7581934758759],[-121.123105663822,38.7580263773727],[-121.122993474248,38.7575965499108],[-121.122917476178,38.7568654570686],[-121.122926213074,38.7563700348854],[-121.123021594869,38.7558129050541],[-121.123113781216,38.7555890885509],[-121.123060803565,38.7551242303021],[-121.123034375683,38.7549210458453],[-121.123083821554,38.7543947090089],[-121.123138536997,38.7537964115425],[-121.12323064325,38.7533652986633],[-121.123400097936,38.7530602902877],[-121.123712102534,38.7524990570366],[-121.124130000849,38.7520237210684],[-121.124749214084,38.7515741214712],[-121.12554166259,38.7512263556608],[-121.126071533682,38.7510546034161],[-121.126834834234,38.750792118997],[-121.127483199325,38.7505366476286],[-121.128477368847,38.7503228177199],[-121.129035778312,38.7502507257855],[-121.129650879186,38.7499901872426],[-121.129860264726,38.749786301525],[-121.129986771857,38.7491936475753],[-121.129994044957,38.7485270280556],[-121.130026434138,38.7483157184507],[-121.130281131932,38.7476315667039],[-121.130544782307,38.746931856876],[-121.130764040156,38.74592168134],[-121.130822022464,38.7457649065286],[-121.131064749792,38.7452011583615],[-121.131214626353,38.7450594059387],[-121.13174740547,38.7446443815996],[-121.13230198062,38.744166688782],[-121.132897079382,38.7438158047457],[-121.133100234447,38.7434764066644],[-121.133510911925,38.7417846707723],[-121.133609110506,38.7412095126102],[-121.133736471574,38.7408281097928],[-121.1339752827,38.7402918413187],[-121.134305131384,38.7395492307727],[-121.134543611784,38.7391836221145],[-121.135044593575,38.7387140294741],[-121.135728740751,38.7379545309138],[-121.136497446069,38.7373765645722],[-121.13702772853,38.737015566387],[-121.137706135134,38.7365849573775],[-121.138295684175,38.7361753777301],[-121.138857476995,38.7358193008873],[-121.139181591949,38.7356173213259],[-121.139442375734,38.7355061484516],[-121.139914608993,38.7353044959884],[-121.140650034547,38.7350820269364],[-121.141294690202,38.7349029831637],[-121.141968549757,38.7346974603494],[-121.142358021375,38.7345955246329],[-121.14281963673,38.7344767392561],[-121.143377680459,38.7343505080506],[-121.144113537049,38.7339476361554],[-121.144908936352,38.7335458030125],[-121.145880210832,38.7329485352539],[-121.146646629544,38.7324065133051],[-121.14747541895,38.7317753701797],[-121.148357850377,38.7313478184706],[-121.148477209395,38.7311875593956],[-121.148344375388,38.7302032422937],[-121.148174549807,38.7297500309717],[-121.148097229813,38.7290369590552],[-121.148058400838,38.7286902661346],[-121.148052396469,38.7281667796476],[-121.148071252492,38.7268109161893],[-121.14799913891,38.7258096348986],[-121.147789873593,38.7254281064615],[-121.147656102325,38.7251824004674],[-121.147140557922,38.7244714341149],[-121.146737981636,38.7239874021546],[-121.146306290074,38.7235931677965],[-121.146080743333,38.7231120010007],[-121.145799164393,38.7224047279122],[-121.1456620829,38.721708650078],[-121.145436128933,38.721110417327],[-121.145421461469,38.7202181336945],[-121.145343701496,38.7194690003878],[-121.145063163127,38.7187527263909],[-121.144775170877,38.7184327534819],[-121.144662297818,38.7183488548454],[-121.143993533322,38.7178526341463],[-121.143705756278,38.7175912872974],[-121.143506357309,38.7173403411537],[-121.143227312668,38.7163536738461],[-121.143646455282,38.7156035127513],[-121.143769141628,38.7153081246808],[-121.143976082443,38.7150770658093],[-121.14439684405,38.7142638110351],[-121.144546177291,38.7140138736134],[-121.144901574716,38.7136050604796],[-121.14526153415,38.7129619638397],[-121.145440861638,38.7126945063526],[-121.145493066365,38.7115599680912],[-121.145839396597,38.7113942439263],[-121.146308422846,38.71122596237],[-121.146661608279,38.7111460166455],[-121.170332106817,38.7129627688288],[-121.171713733199,38.7130675044462],[-121.172559753639,38.7131316339309],[-121.17339169978,38.7131946830426],[-121.173791774156,38.7132250069557],[-121.174468291887,38.7132751877392],[-121.17465315291,38.71328890171],[-121.174999343748,38.7133145685784],[-121.17548569504,38.713350635492],[-121.176094872783,38.7133959072696],[-121.17610875829,38.7133969392501],[-121.17675838208,38.7134483300522],[-121.176900215479,38.7134595512163],[-121.177808192103,38.713531373103],[-121.181010230093,38.7137696696001],[-121.181254642963,38.7137878575321],[-121.183303289107,38.7139402592464],[-121.183703159861,38.7139692843977],[-121.18386174586,38.7139807942144],[-121.183984016387,38.7139896726201],[-121.18409905563,38.7139980198429],[-121.18436299767,38.7140171890485],[-121.184380875128,38.7140184823459],[-121.184988307435,38.714062582432],[-121.185011403376,38.7140642546475],[-121.185733665832,38.714116682043],[-121.1860107757,38.7141367921969],[-121.186303295225,38.7141580251214],[-121.186388603938,38.7141642119209],[-121.186537052512,38.7141749874952],[-121.187292585911,38.7142298214137],[-121.18766274471,38.7142566886409],[-121.187987150693,38.7142802280419],[-121.188374417879,38.7143083253924],[-121.188496514914,38.7143171843056],[-121.188730448119,38.7143340335711],[-121.189303184563,38.7143752601989],[-121.189360618082,38.7143794229229],[-121.189652229048,38.7144005320271],[-121.189854260164,38.7144151516059],[-121.189876865675,38.7144167923981],[-121.190009905851,38.7144264261564],[-121.190451140195,38.7144584763493],[-121.191171869849,38.7145107636303],[-121.191873041606,38.7145616596958],[-121.192083144482,38.7145769082076],[-121.192587959382,38.7146135400078],[-121.193070413898,38.714648544662],[-121.193917763107,38.7147100291055],[-121.194356216154,38.7147418396817],[-121.194766023808,38.714771568632],[-121.194901797222,38.714781422054],[-121.195621026795,38.7148336018612],[-121.19596998761,38.7148589225354],[-121.196662132304,38.7149089999915],[-121.197679566372,38.7149826042847],[-121.197865997602,38.7149961001637],[-121.198907178934,38.7150713957505],[-121.199618168394,38.7151228352541],[-121.200231277013,38.715167169329],[-121.200909120655,38.7152161885469],[-121.201838871191,38.7152834277939],[-121.202339757231,38.7153196467999],[-121.202462138293,38.7153284929414],[-121.202652880092,38.7153422846301],[-121.202680055798,38.7153442426311],[-121.203468219765,38.7154012268659],[-121.204157661116,38.7154510625768],[-121.204803308697,38.7154977371653],[-121.205877266723,38.715575351568],[-121.206115725001,38.7155925804819],[-121.207194029019,38.7156705007101],[-121.20936712011,38.7158274513392],[-121.209843639307,38.7158618519568],[-121.210130166585,38.7158825442285],[-121.2107412914,38.7159266722122],[-121.210915803462,38.7159392695734],[-121.212575949557,38.7160590995825],[-121.21287190021,38.7160804679676],[-121.214882550194,38.7162255855101],[-121.214985093382,38.7162329805217],[-121.215488960062,38.7162686817402],[-121.215773902233,38.7162888691419],[-121.216083464734,38.7163108015338],[-121.216214588184,38.716320090428],[-121.216450954529,38.7163368316676],[-121.216512262043,38.7163411728625],[-121.21693114174,38.7163713233964],[-121.217245955323,38.7163940016523],[-121.217509671583,38.7164129712612],[-121.217787431063,38.7164329683158],[-121.218073544008,38.7164535696711],[-121.21832600027,38.7164717335794],[-121.218355418672,38.7164738399539],[-121.218363229705,38.7164744007036],[-121.218503387809,38.7164845028504],[-121.218656364377,38.7164955290218],[-121.218925105876,38.716514872505],[-121.219221779137,38.7165362151142],[-121.219490522103,38.7165555563942],[-121.219776706163,38.7165761549212],[-121.220048933196,38.7165957516765],[-121.220303019739,38.7166140321484],[-121.220555021949,38.716632174632],[-121.22061743217,38.7166366715156],[-121.220781879167,38.7166484989855],[-121.221029678648,38.7166663239119],[-121.221256536074,38.7166826482379],[-121.221437110925,38.7166956407223],[-121.221483393604,38.7166989721203],[-121.221780049853,38.7167203215755],[-121.2219274066,38.7167309210329],[-121.222341336195,38.716760703475],[-121.222628432287,38.7167813280969],[-121.223826358643,38.7168673906609],[-121.225672137412,38.7169999876803],[-121.22570721177,38.7170025011188],[-121.225954086429,38.7170219426853],[-121.226060687048,38.7170303423634],[-121.226996651304,38.7170975580313],[-121.227105152663,38.7171053522912],[-121.227196403554,38.7171119053835],[-121.227370923185,38.7171244221428],[-121.228101463261,38.7171768737666],[-121.228592378568,38.7172121164706],[-121.229185718913,38.7172547108179],[-121.229399954555,38.7172700974706],[-121.229494218709,38.7172768606645],[-121.229674358924,38.7172897959764],[-121.230162999552,38.7173248664645],[-121.230651639522,38.7173599339857],[-121.231279883455,38.7174050284022],[-121.231484943773,38.7174197458807],[-121.23189586896,38.7174492409327],[-121.232012846811,38.7174576362795],[-121.233063453024,38.717533016916],[-121.233245083714,38.7175460529259],[-121.233325443915,38.7175518147775],[-121.234088758122,38.7176065731996],[-121.234088898841,38.7176065335878],[-121.234229727027,38.7176166346407],[-121.234394197091,38.7176284294207],[-121.234473016541,38.7176340848101],[-121.234630078696,38.7176453501807],[-121.235288691523,38.7176925998248],[-121.235334818111,38.7176959111446],[-121.235364798209,38.7176980583431],[-121.235448538135,38.7177040608222],[-121.235449887192,38.7177041516969],[-121.235480637114,38.717706358895],[-121.235548827887,38.717711257006],[-121.235562294826,38.7177122250444],[-121.235694472164,38.7177217042364],[-121.23603388449,38.7177460592822],[-121.236035914827,38.7177462095925],[-121.237368819496,38.7178418084566],[-121.237469390049,38.717849019238],[-121.239107827244,38.7179665000632],[-121.239164319939,38.7179705508343],[-121.239772032847,38.7180141185593],[-121.239772028596,38.7180145167332],[-121.240838487069,38.718092210033],[-121.240927638825,38.71809871064],[-121.240960805205,38.7181011249907],[-121.242380459611,38.7182045239592],[-121.242540797169,38.7182161981966],[-121.242626831976,38.7182224573202],[-121.242643025929,38.7182240459496],[-121.242651450227,38.7182246090651],[-121.242715319443,38.7182288432038],[-121.242854074564,38.7182380553634],[-121.242926326329,38.7182434287951],[-121.243445785124,38.7182821038679],[-121.24415052515,38.718328862512],[-121.244347966194,38.7183419706174],[-121.244493936137,38.7183516530416],[-121.244493877671,38.7183423165449],[-121.244931592601,38.7183767452752],[-121.245407499515,38.7184141667761],[-121.245829069647,38.71844732041],[-121.245959315385,38.7184575582181],[-121.246132023375,38.7184711475525],[-121.246217847201,38.7184776224591],[-121.246644441147,38.718509789546],[-121.246871212908,38.718526900987],[-121.247098003185,38.7185440112031],[-121.247251420606,38.718555579047],[-121.247324775316,38.7185611073438],[-121.247551548553,38.7185782174621],[-121.247715385668,38.7185905658006],[-121.247778320902,38.7185953127161],[-121.248136710246,38.7186223364571],[-121.248170909123,38.7186249194007],[-121.248239659745,38.7186301019589],[-121.248479093518,38.7186481697959],[-121.248490830141,38.7186486989911],[-121.248650831011,38.7186558454345],[-121.248737855541,38.7186597316352],[-121.249002504866,38.718671564348],[-121.24915837846,38.7186828707908],[-121.249322921861,38.7186948097121],[-121.249352902506,38.7186969812214],[-121.249838124185,38.718732179009],[-121.250179521778,38.718756930668],[-121.250336796435,38.7187683409787],[-121.250529691575,38.7187823289947],[-121.25091488688,38.7188102587791],[-121.251283270129,38.718836979661],[-121.25157151903,38.7188578697096],[-121.25161857408,38.7188612760311],[-121.251627820684,38.7188619537098],[-121.252094062818,38.7188957709376],[-121.252314907929,38.7189117758411],[-121.252718263571,38.7189410238988],[-121.252897307452,38.7189539989112],[-121.253006162741,38.7189618946103],[-121.253162616713,38.7189732408433],[-121.253345233309,38.7189864705999],[-121.253799918437,38.7190194380957],[-121.253800233222,38.7190194671479],[-121.253813595017,38.7190204179733],[-121.254146932098,38.7190435961648],[-121.254199627579,38.7190472575262],[-121.25434626191,38.7190574408188],[-121.254678041101,38.7190805110702],[-121.254897982983,38.7190957908251],[-121.255131900537,38.7191120527057],[-121.255329339168,38.7191257736132],[-121.255365818339,38.719128300602],[-121.255445694268,38.7191338521036],[-121.255585761525,38.7191435925728],[-121.255830151563,38.7191605662005],[-121.256050094949,38.7191758572908],[-121.256294486359,38.7191928299476],[-121.25652840455,38.7192090890121],[-121.256708382641,38.7192215965499],[-121.256748364334,38.7192243788817],[-121.256783478394,38.7192268146946],[-121.256992756077,38.7192413500673],[-121.257226657339,38.7192576076133],[-121.257621185867,38.7192850117903],[-121.257809711632,38.7192981083608],[-121.258032720615,38.7193136080952],[-121.258139495844,38.7193210325086],[-121.258218181784,38.7193264916043],[-121.25844877291,38.719342520108],[-121.258672237387,38.7193580350365],[-121.258916630057,38.7193750012679],[-121.259161004295,38.7193919812805],[-121.259393102361,38.7194081130246],[-121.259405397057,38.7194089599949],[-121.259468775472,38.7194133601418],[-121.259669001257,38.7194272698247],[-121.259939575129,38.7194460622625],[-121.26052261526,38.7194865492638],[-121.260697184611,38.7194986737788],[-121.260826027403,38.7195076228545],[-121.260959038188,38.7195168587039],[-121.261203430649,38.7195338345236],[-121.261482727327,38.7195532284653],[-121.261831866751,38.719577473442],[-121.262011829456,38.7195899726413],[-121.262141933154,38.7195990111587],[-121.262180988016,38.7196017172509],[-121.262568672543,38.7196286349154],[-121.263070244851,38.7196617676855],[-121.263297414801,38.7196767756064],[-121.263437121479,38.7196859970807],[-121.263442059602,38.7196863167266],[-121.263541905436,38.7196929227857],[-121.263768916899,38.7197079287758],[-121.263995945846,38.7197229209182],[-121.264222958649,38.719737926027],[-121.264449970539,38.7197529171715],[-121.264677000922,38.7197679079883],[-121.264886550931,38.7197817578479],[-121.265309677676,38.7198101954518],[-121.265330833989,38.7198116204444],[-121.265425791635,38.7198180020277],[-121.266006153976,38.7198570030198],[-121.266058046289,38.7198604890385],[-121.267088717819,38.7199297510877],[-121.267198720815,38.7199371461024],[-121.267237549625,38.7199396157268],[-121.267370833145,38.7199480909767],[-121.267708068071,38.7199695655605],[-121.267917678524,38.7199829031081],[-121.268088161366,38.7199937537495],[-121.268258645401,38.7200046050484],[-121.268429128338,38.7200154560895],[-121.268599612477,38.7200263068874],[-121.268770095518,38.7200371574274],[-121.268858244624,38.7200427653451],[-121.268940579761,38.7200480077241],[-121.268971631813,38.7200499881135],[-121.269111062906,38.7200588577629],[-121.2692815474,38.7200696931449],[-121.269452030649,38.7200805426827],[-121.2696225151,38.7200913919772],[-121.269792998452,38.7201022410138],[-121.270092247133,38.7201212866351],[-121.270345958885,38.7201374369353],[-121.270359112817,38.7201382881476],[-121.270671130073,38.7201581125917],[-121.270698311722,38.72015983575],[-121.271219783053,38.720193015997],[-121.271766159869,38.7202277790903],[-121.27202876118,38.7202470157646],[-121.273233175139,38.7203352711189],[-121.273813159257,38.7203777594776],[-121.274389974729,38.720420017903],[-121.275547040117,38.7205047827219],[-121.275692990858,38.7205154698605],[-121.276704756537,38.7205895670686],[-121.277862457178,38.720674353259],[-121.27820499094,38.720699427588],[-121.279020108967,38.7207591140609],[-121.280177903665,38.720843877693],[-121.280739209882,38.720884965911],[-121.280756757202,38.7208862548975],[-121.281265455298,38.7209234855197],[-121.281332284769,38.7209283752691],[-121.281406278539,38.7209337354892],[-121.281911092358,38.7209703076792],[-121.282479218319,38.7210114422943],[-121.283048237727,38.7210526490146],[-121.283617275042,38.7210938530501],[-121.283901793299,38.7211144612244],[-121.284186313015,38.7211350542943],[-121.284755351512,38.7211762662598],[-121.285324076004,38.7212174320536],[-121.285607982755,38.7212379908279],[-121.28589315045,38.7212586251374],[-121.286401648598,38.7212954337719],[-121.28664713137,38.721313213972],[-121.28693469907,38.7213340244409],[-121.287323985134,38.721362201536],[-121.2874993453,38.7213748941236],[-121.288099018745,38.7214182967512],[-121.288742546378,38.7214648615801],[-121.288981026312,38.7214821128133],[-121.289371679158,38.7215103869],[-121.289623310409,38.721528596658],[-121.28965042159,38.7215305608848],[-121.289720562356,38.7215356309371],[-121.290285177286,38.7215764868483],[-121.290448682617,38.7215883060413],[-121.29055128411,38.7215949200902],[-121.291149729384,38.7216334795728],[-121.2916286724,38.7216643449929],[-121.292704065292,38.7217336387005],[-121.294900573227,38.7218751236507],[-121.296473643738,38.7219764307664],[-121.298877947234,38.7221312093996],[-121.299190923622,38.7221513619265],[-121.299560806933,38.7221751653507],[-121.299630599367,38.7221784831494],[-121.299710113969,38.7221839064511],[-121.299711707988,38.7221840124705],[-121.299760818285,38.7221873702006],[-121.300583787718,38.7222434234876],[-121.300658679083,38.7222485299741],[-121.300886665638,38.7222640456836],[-121.301114633761,38.7222795743468],[-121.301342619224,38.7222951035669],[-121.301570605945,38.7223106314449],[-121.301781217274,38.7223249840203],[-121.301992933245,38.7223393978148],[-121.3021606344,38.7223508140111],[-121.303111550807,38.7224155685319],[-121.303239669845,38.7224243012195],[-121.303450124577,38.7224386218923],[-121.303660579253,38.7224529565969],[-121.303871034023,38.7224672900189],[-121.304024725248,38.7224777545759],[-121.304489755028,38.7225094040771],[-121.304502382856,38.7225102761863],[-121.304712820848,38.7225245944649],[-121.304923276041,38.7225389259778],[-121.305138407631,38.7225535743102],[-121.305213983471,38.7225587224925],[-121.30603245982,38.7226144353868],[-121.306206099286,38.7226262524235],[-121.307038939414,38.7226829369079],[-121.307211477087,38.7226946764865],[-121.308039273607,38.7227510074414],[-121.308047452997,38.7227515508267],[-121.308185594693,38.7227606126036],[-121.308720980189,38.7227957124347],[-121.30891783334,38.7228086240997],[-121.310948159657,38.7229417299719],[-121.313282927062,38.723094739848],[-121.313986236773,38.7231408183224],[-121.315009307566,38.7232078514137],[-121.316950748832,38.7233350271983],[-121.317442582007,38.7233672356789],[-121.318216431067,38.7234179179175],[-121.320939684614,38.7236151101679],[-121.32094774076,38.7236156933626],[-121.326040427936,38.723984297935],[-121.326784780361,38.7240381569804],[-121.327424326918,38.7240844144576],[-121.327617592415,38.7241216033032],[-121.327799940749,38.7241343168309],[-121.32972912388,38.7242689371837],[-121.329760003995,38.7242710930794],[-121.330258712234,38.7243058814689],[-121.331898395195,38.7244202588218],[-121.332071760948,38.7244323508302],[-121.332208993029,38.7244419273741],[-121.334250185964,38.7245842712269],[-121.334250177194,38.7245832414464],[-121.335171341396,38.7246475755859],[-121.335387076905,38.724662637876],[-121.336818062938,38.7247625560813],[-121.336874303726,38.7247665019045],[-121.336944437108,38.724771309989],[-121.337014569475,38.7247761045117],[-121.337426641753,38.7248042704912],[-121.337971395175,38.7248414850534],[-121.338199588789,38.7248570798676],[-121.338339451634,38.7248666371309],[-121.3386106633,38.7248851674755],[-121.338707507203,38.7248917880341],[-121.339075547058,38.724916924165],[-121.339473398129,38.7249441099507],[-121.340485368207,38.725013244059],[-121.341488564126,38.7250817564599],[-121.342430071764,38.725146052867],[-121.343734282001,38.7252351156285],[-121.344601596187,38.7252943341113],[-121.344809141471,38.7253085082614],[-121.345812487027,38.7253769984828],[-121.346036252211,38.7253922781152],[-121.346107068527,38.7253971115302],[-121.347010523091,38.7254587670328],[-121.347030088291,38.7254600996812],[-121.348402324589,38.7255537495231],[-121.348450825648,38.7255570561645],[-121.349130937034,38.7256034639762],[-121.349398389053,38.7256217137411],[-121.349398624839,38.7256227177653],[-121.349714455017,38.7256444101736],[-121.349728643625,38.7256453824984],[-121.349760417097,38.7256475650978],[-121.349838713488,38.7256529462656],[-121.350219616103,38.7256791073716],[-121.350266734504,38.7256823370401],[-121.350709853537,38.7257127719963],[-121.350729506161,38.7257141171219],[-121.350763470342,38.7257164495447],[-121.351192419551,38.7257459105624],[-121.351244704299,38.7257494984564],[-121.351659676722,38.7257780003031],[-121.351685407089,38.7257797648181],[-121.351721385022,38.7257822307363],[-121.351886544506,38.7257935742643],[-121.351886929503,38.7257936043431],[-121.351942402562,38.7257974151396],[-121.352245570782,38.7258182344201],[-121.352413899248,38.7258297867825],[-121.352492336341,38.7258351669425],[-121.3534924342,38.725903819377],[-121.353513015504,38.7259052385751],[-121.354186929983,38.725951499292],[-121.354529860201,38.7259750321342],[-121.354588171292,38.7259790358326],[-121.354761931184,38.7259909591446],[-121.355350911332,38.7260313866149],[-121.355350912083,38.7260313037363],[-121.355528426166,38.7260429584723],[-121.355627342047,38.7260494529755],[-121.35572464778,38.7260558285425],[-121.355899288586,38.7260672874742],[-121.356248604859,38.7260902056411],[-121.356513632376,38.7261075885922],[-121.356597922515,38.7261131218618],[-121.356772563717,38.7261245668668],[-121.35712188171,38.7261474815098],[-121.357269336524,38.7261571543894],[-121.357417528161,38.7261668726041],[-121.357419069462,38.7261669766367],[-121.35747118152,38.7261703958998],[-121.357680768851,38.7261841465921],[-121.357848439308,38.7261951387682],[-121.35800563419,38.7262054547139],[-121.358162829118,38.7262157704465],[-121.358288581453,38.7262240183546],[-121.358414333826,38.7262322652256],[-121.358540087378,38.7262405119666],[-121.358679800311,38.7262496726768],[-121.358805552774,38.7262579191237],[-121.358945284168,38.7262670805167],[-121.35907452283,38.7262755513409],[-121.35923171806,38.726285866526],[-121.35935396727,38.7262938867219],[-121.359598501536,38.7263099143121],[-121.359720750829,38.7263179341216],[-121.360111987961,38.72634358461],[-121.360251702448,38.7263527434335],[-121.360426361953,38.726364196546],[-121.360601021523,38.7263756484948],[-121.36077568229,38.7263871010878],[-121.360950324722,38.7263985524155],[-121.36112498446,38.7264100035754],[-121.361299644246,38.7264214553732],[-121.361501858503,38.7264347189223],[-121.36167651956,38.726446170159],[-121.362011721549,38.7264681410398],[-121.363301586371,38.7265573451948],[-121.363899857435,38.7265987270449],[-121.364501771641,38.7266403455821],[-121.364712282551,38.7266548985234],[-121.367085633938,38.7268189805122],[-121.367848020377,38.7268716723233],[-121.367916719491,38.7268764259169],[-121.368986943158,38.7269503789091],[-121.369089572025,38.7269574722044],[-121.369271077938,38.7269700203863],[-121.369867323916,38.7270112225764],[-121.373770234148,38.7272808364762],[-121.377091162098,38.7275101532936],[-121.37852335418,38.7276090133451],[-121.383132299667,38.7279270431674],[-121.383167106767,38.7279293561596],[-121.383398739502,38.727944715378],[-121.385301466165,38.7280708968674],[-121.387438198391,38.7282125621424],[-121.389332127684,38.7283380967657],[-121.391505611285,38.7284821183144],[-121.39248795039,38.7285471968978],[-121.393067070275,38.7285853206705],[-121.394377314443,38.7286715530908],[-121.398216482898,38.7289241667545],[-121.399778770394,38.7290269397307],[-121.401765753912,38.7291574615242],[-121.410957635861,38.7297608354811],[-121.411045350511,38.7297665942791],[-121.411133047923,38.7297723529232],[-121.41897126386,38.7302862733588],[-121.419574746502,38.7303258154948],[-121.424834518739,38.7306703605852],[-121.429516881299,38.7309768591543],[-121.434261845796,38.7312872774039],[-121.436353404759,38.7314240448573],[-121.43635988703,38.7314244745446],[-121.436897252887,38.7314596088886],[-121.438968605968,38.7315949959493],[-121.438995515897,38.7315967593943],[-121.439083163873,38.7316024831359],[-121.439144813604,38.7316066388038],[-121.43917083001,38.7316083852761],[-121.444727607516,38.7319823905686],[-121.444731899889,38.7319826858843],[-121.448265445403,38.7322203704601],[-121.448700962708,38.7322490765518],[-121.448701645556,38.7322491212375],[-121.451266244833,38.7324180985378],[-121.451286181923,38.7324194153428],[-121.451459363481,38.7324308197594],[-121.451480299615,38.7324321953079],[-121.454477104761,38.7326295880382],[-121.454518539164,38.7326323233702],[-121.455321187346,38.7326851776426],[-121.455529811921,38.7326989117141],[-121.457494845743,38.7328282642298],[-121.457528764416,38.7328304957793],[-121.457670428451,38.7328398219434],[-121.457699879837,38.7328417577886],[-121.459722421891,38.7329748701216],[-121.459744479194,38.732976318767],[-121.460688187152,38.7330384285874],[-121.460697875975,38.7330390637088],[-121.462649437882,38.7331674572105],[-121.46266205248,38.7331682840949],[-121.466042522122,38.7333905907524],[-121.466196873224,38.7334007333437],[-121.466463808999,38.733418285336],[-121.466518069381,38.733421857333],[-121.46660545917,38.7334276140289],[-121.466657179,38.7334310094177],[-121.466710334634,38.7334345077785],[-121.470650354229,38.73369346471],[-121.470721310975,38.7336981271205],[-121.471188225204,38.733728813541],[-121.471228100861,38.7337314393997],[-121.472337606723,38.733804328689],[-121.472379935855,38.7338071022451],[-121.473457485636,38.7338778859589],[-121.473531754796,38.7338827670848],[-121.473785220578,38.7338994176785],[-121.473807945238,38.7339009072146],[-121.474170545113,38.7339247247669],[-121.474203343945,38.7339268778937],[-121.474730320032,38.7339614879476],[-121.474801172648,38.7339661473891],[-121.475804581879,38.7340320430663],[-121.475835417267,38.7340340634383],[-121.476271324715,38.7340626812096],[-121.476359697908,38.7340684890439],[-121.476754643224,38.7340944210459],[-121.477788330601,38.7341622757157],[-121.477850038311,38.7341663290756],[-121.479233874589,38.7342571783321],[-121.479305376282,38.7342618649604],[-121.47969631152,38.7342875220984],[-121.479768443253,38.7342922527075],[-121.484300772885,38.7345896184688],[-121.48430160625,38.7351254892782],[-121.484303431153,38.7362841522052],[-121.484304736835,38.7363338178203],[-121.484334733561,38.7374704052069],[-121.484354568146,38.7418415594005],[-121.484322163177,38.7435558038289],[-121.484315959967,38.7436376455875],[-121.484306272573,38.7437648623282],[-121.484306945279,38.7438485607475],[-121.48430912079,38.7441411210871],[-121.484311206415,38.7444340233595],[-121.484313152153,38.7447267060879],[-121.48431316877,38.7447269530057],[-121.484313166981,38.7447271998418],[-121.484315055397,38.7450206516699],[-121.484316853666,38.7453143220077],[-121.484318581442,38.7456081974292],[-121.48432030843,38.7459021836507],[-121.484321107772,38.7460387414611],[-121.484327811077,38.7463040276017],[-121.484330720761,38.7464201923227],[-121.484353756277,38.7473907301129],[-121.484356776879,38.7475279572303],[-121.484357148654,38.7476652680709],[-121.484357468462,38.7478026066068],[-121.484357717198,38.7479400691484],[-121.484357965941,38.7480775307879],[-121.484358179377,38.7482151021778],[-121.484358409867,38.7483527015697],[-121.484358621561,38.7484903549302],[-121.484358834399,38.7486280091953],[-121.484359028238,38.7487657453557],[-121.484359293402,38.7489034818317],[-121.484359521859,38.749041203729],[-121.484359821236,38.7491789817953],[-121.484360155525,38.7493167050611],[-121.484360508025,38.7494544554332],[-121.484360929844,38.7495921655718],[-121.484361440057,38.7497299022277],[-121.484361932452,38.749867557723],[-121.484362530791,38.7500051992735],[-121.484363216956,38.7501427871594],[-121.484365896879,38.7505956972317],[-121.484367131606,38.7507664988612],[-121.484368972354,38.7510108518443],[-121.484371386965,38.7513019167189],[-121.484283412466,38.7513034618199],[-121.484191737499,38.7513050859013],[-121.484188124363,38.7513051797507],[-121.48411142633,38.7513064586286],[-121.483804594447,38.751311657239],[-121.48372798029,38.7513132659623],[-121.483023688347,38.751325906177],[-121.482832078027,38.751329459607],[-121.48203214128,38.7513448666007],[-121.481859449784,38.7513483244868],[-121.481855925428,38.7513483907324],[-121.481856077564,38.7513538832381],[-121.481679774144,38.7513574211258],[-121.481679639376,38.751351915184],[-121.481676096417,38.7513520083678],[-121.481503299895,38.751355506696],[-121.481326873161,38.7513590705234],[-121.481153603128,38.7513624977471],[-121.481150096027,38.7513625640485],[-121.481150232003,38.7513680564831],[-121.480973508258,38.7513714815103],[-121.480973337684,38.7513660024341],[-121.480969830584,38.75136606873],[-121.480796719328,38.7513693312682],[-121.480620084902,38.7513724948989],[-121.48044359141,38.7513755769106],[-121.480267117113,38.7513785488314],[-121.480090730295,38.751381355112],[-121.479914396975,38.7513840802842],[-121.479738187843,38.7513866543957],[-121.479736925626,38.7513866757639],[-121.479561979305,38.7513891453605],[-121.479560734338,38.751389167705],[-121.479385894549,38.7513915411187],[-121.4793846842,38.7513915492024],[-121.479209862756,38.7513937719846],[-121.479208653558,38.7513937800715],[-121.479033920242,38.751395906589],[-121.479032675182,38.7513959415398],[-121.478858047243,38.7513979727712],[-121.478856837946,38.7513979943674],[-121.478682387022,38.7513998882932],[-121.478680983302,38.7513999090142],[-121.478506532871,38.7514017342102],[-121.478505306311,38.7514017566261],[-121.478330873939,38.7514034708297],[-121.478329629176,38.7514034652343],[-121.478155320691,38.7514050707233],[-121.478154057423,38.7514050785561],[-121.477978557589,38.7514066099549],[-121.477167572344,38.7514124050101],[-121.476356952697,38.7514161780538],[-121.475547606927,38.7514183304905],[-121.474734235835,38.7514243455061],[-121.473917332191,38.7514336883195],[-121.473099155333,38.751444502469],[-121.47305387989,38.7514451203143],[-121.472684945269,38.7514501723947],[-121.472281291849,38.7514556825427],[-121.471464689379,38.7514668085434],[-121.470649527173,38.7514777560915],[-121.469835415999,38.7514887306442],[-121.469659633187,38.7516504310686],[-121.469663544368,38.7552121825865],[-121.469663395504,38.7553544199206],[-121.469663746181,38.7589728022058],[-121.469673088711,38.7624952275693],[-121.469686182894,38.7660933736294],[-121.46968510852,38.7697054862388],[-121.469676133255,38.7715071234984],[-121.469661709665,38.7733007177045],[-121.469660204575,38.7734649447661],[-121.469648668821,38.7763533205842],[-121.469653668264,38.7806468021634],[-121.469705492824,38.7951998837702],[-121.469811003921,38.7951997070033],[-121.469810506695,38.7952569840798],[-121.469810352961,38.7952776056004],[-121.469772811918,38.797187901735],[-121.469748930349,38.8015202623948],[-121.469795725174,38.8061301992919],[-121.46979169922,38.8096869838515],[-121.46978672972,38.8140619885149],[-121.469819333723,38.8140621643648],[-121.469775198917,38.8242159380558],[-121.469774619414,38.824352461903],[-121.469711852802,38.8387876599269],[-121.469696329495,38.8423692312465],[-121.469680714274,38.8459534918301],[-121.46967997246,38.8461188195047],[-121.46962284755,38.8592543248696],[-121.46961677387,38.8605997586188],[-121.469619811426,38.8640649254347],[-121.46962238721,38.8678224447833],[-121.469622484946,38.8679317600026],[-121.469623956413,38.8715927271317],[-121.469601001358,38.8750153749642],[-121.469600037316,38.8751116143744],[-121.469560622592,38.8787105818281],[-121.469524044506,38.8823949588487],[-121.469494532468,38.8860925185597],[-121.469477314594,38.8896817264176],[-121.469483973915,38.8935032604609],[-121.469481640777,38.8968022646972],[-121.469480280113,38.8970739085531],[-121.469434139244,38.9011003437923],[-121.469366066367,38.9045059154744],[-121.469346396642,38.9054404414766],[-121.469344644507,38.9055243196211],[-121.469343941089,38.9055573497992],[-121.469332124477,38.9061509824477],[-121.469301893855,38.9079129585016],[-121.469266899671,38.911351079323],[-121.469242223482,38.9148871648242],[-121.469229927932,38.9183983717602],[-121.469229526004,38.9186165567903],[-121.469228400155,38.9195806289912],[-121.469228080805,38.9225004554015],[-121.469230111632,38.925961859179],[-121.465592952027,38.925956961496],[-121.461049272203,38.9259114253823],[-121.456517585571,38.9258700794109],[-121.453374140066,38.9258750949372],[-121.452003818044,38.9258850686126],[-121.451656739877,38.9258874151162],[-121.428261122339,38.9260422398254],[-121.426151079214,38.9260559603814],[-121.425028068871,38.9260632657916],[-121.423903756484,38.9260705277899],[-121.414657775854,38.926130091902],[-121.414656180646,38.9262659229001],[-121.414640241383,38.9297974610398],[-121.414639814428,38.9298662977197],[-121.414639225543,38.9299591059605],[-121.414586946063,38.9334506444329],[-121.414428282426,38.9407849172718],[-121.414427467222,38.9409518069851],[-121.414475162406,38.9477130033428],[-121.41447473528,38.9480887333266],[-121.414474781442,38.9499497376741],[-121.414449845579,38.9553836161268],[-121.414476522172,38.9590080293956],[-121.414365907287,38.9590090097838],[-121.414547196762,38.9701002192513],[-121.414575714382,38.9721173817574],[-121.414577781885,38.9721482146399],[-121.414580230645,38.9723331060105],[-121.414672497155,38.9771183802718],[-121.414668722152,38.9773393490057],[-121.414566342086,38.9847913846993],[-121.414598733398,38.9883647379084],[-121.414761699493,38.9918445901466],[-121.414863703237,38.9919765200002],[-121.414961987809,38.9964450764412],[-121.414970231611,38.9975827810026],[-121.41497243467,38.9979980761109],[-121.414968880902,38.9979981132116],[-121.414783699025,38.9980006421416],[-121.414459797148,38.9980551670905],[-121.412093276732,38.9985428536139],[-121.410107553389,38.9986394340295],[-121.408103988968,38.99875631898],[-121.406808530834,38.9994779842632],[-121.40680496068,38.9994799705155],[-121.406616844571,38.9996854322512],[-121.406897987371,38.9998181851525],[-121.406794751873,38.9999263818107],[-121.406425366485,39.0003135054983],[-121.40642193984,39.0003170987222],[-121.406316856747,39.0004272350231],[-121.40600130218,39.0008128741618],[-121.405882638967,39.0011114299098],[-121.405623749779,39.0013670939223],[-121.40484338139,39.0016975820256],[-121.404297797818,39.0019670996898],[-121.403950617282,39.0022007118025],[-121.403501986516,39.0025861711333],[-121.403107067791,39.0028109968825],[-121.402720499973,39.0031365408829],[-121.402313950442,39.0035818931992],[-121.402009557831,39.0038622896002],[-121.401991258955,39.0040394544726],[-121.401996666648,39.0042641475519],[-121.401057703386,39.0047850588443],[-121.400546252693,39.0052399011823],[-121.399557508993,39.0059243476193],[-121.39929690933,39.0061675225361],[-121.39926024214,39.0062211252739],[-121.399112538949,39.0064370937811],[-121.398887469604,39.006924268851],[-121.397945839754,39.0072301956019],[-121.397686529555,39.0073471328674],[-121.397390566213,39.0075902575816],[-121.397258395067,39.0078121534446],[-121.39723643675,39.0083644785037],[-121.39591267362,39.009425374792],[-121.395916434784,39.0095787358637],[-121.395916551316,39.0095815922255],[-121.395493509307,39.009958160978],[-121.392556496385,39.010616577947],[-121.391326683536,39.0114002506353],[-121.391323816938,39.0114020752321],[-121.38923606865,39.0126986965763],[-121.387827612921,39.0141368045637],[-121.386261909731,39.0143715465137],[-121.384171567145,39.014329211646],[-121.384181408553,39.0145171076794],[-121.384561972173,39.0145009141814],[-121.384640140636,39.0160117948966],[-121.385445383743,39.0167022626121],[-121.384886680544,39.0176242833937],[-121.3826303473,39.0188194530776],[-121.379060033861,39.0201533048483],[-121.377187022541,39.0210083059966],[-121.377029678307,39.0213287715339],[-121.375263890741,39.0249250219209],[-121.373721471322,39.0264370104822],[-121.372317179112,39.0278036154326],[-121.36750951232,39.0304973019149],[-121.366640537264,39.0309841441518],[-121.362400407382,39.0320118285252],[-121.361412436803,39.031597972836],[-121.360243100147,39.0307277388273],[-121.359982750865,39.0299062592355],[-121.358825598553,39.0296283316985],[-121.358820435875,39.0296270402682],[-121.358734161029,39.0296064111947],[-121.354351909631,39.0307385720806],[-121.353737475781,39.0309013445605],[-121.349712444308,39.0334481934361],[-121.34900446107,39.0339183668464],[-121.346585597916,39.0348970696827],[-121.34505357618,39.035361442162],[-121.344716400093,39.0354639716726],[-121.34368085268,39.0357795458319],[-121.34335888558,39.035908338175],[-121.341245145645,39.0366579027204],[-121.340490470148,39.0370284433777],[-121.340420050118,39.037062916558],[-121.336418246698,39.0389917863899],[-121.335662578744,39.0393500708767],[-121.33473213891,39.0397893716262],[-121.331080673125,39.0424766244338],[-121.330593450261,39.0427874860929],[-121.330316395966,39.0429642106245],[-121.328526732963,39.0440974240665],[-121.325627633936,39.0448224218275],[-121.322742313955,39.0438230291243],[-121.321636069818,39.0440041640524],[-121.321525579001,39.0440222751345],[-121.321327189749,39.0442032803998],[-121.321324170682,39.0442059807429],[-121.32131047452,39.0445073961236],[-121.320887628358,39.0448772984437],[-121.319892101757,39.0458219171389],[-121.319687922282,39.0472727342074],[-121.319058816352,39.0487996559895],[-121.318804758705,39.048948781401],[-121.318637003867,39.0490472279433],[-121.316318863453,39.0495295538271],[-121.316274801643,39.0495122166475],[-121.315878072052,39.0496223035323],[-121.315717189852,39.0493950181655],[-121.31565904702,39.0493079626292],[-121.315536443556,39.0493577391018],[-121.315513538854,39.049370234776],[-121.313749921448,39.0503326659733],[-121.309011174139,39.0522596079193],[-121.305802494042,39.0523219815449],[-121.30467907714,39.0523437873452],[-121.302545828767,39.0485253340082],[-121.30253329532,39.0485107333553],[-121.302495009637,39.0484865608701],[-121.30245626084,39.0484629612569],[-121.302416907359,39.0484398805163],[-121.302377127117,39.048417317911],[-121.302336812118,39.048395329549],[-121.302296034875,39.04837394289],[-121.30225475809,39.0483530739293],[-121.302213088099,39.0483328350108],[-121.302170955258,39.0483131419364],[-121.302128359024,39.0482940496553],[-121.302085334311,39.0482755322508],[-121.302041986867,39.0482576444081],[-121.301998175139,39.0482403303259],[-121.301954076767,39.0482236180938],[-121.301909513292,39.0482075624965],[-121.301864591271,39.0481921362449],[-121.301819382868,39.0481772848176],[-121.301773779829,39.048163090446],[-121.301727924256,39.0481495530802],[-121.301681745945,39.0481366452729],[-121.301635279275,39.0481243951571],[-121.301588560335,39.0481127750214],[-121.301541447037,39.0481017831133],[-121.30149422212,39.0480914508556],[-121.301446708316,39.0480818294361],[-121.301398923743,39.0480728387857],[-121.30135095682,39.0480645334863],[-121.301302754681,39.0480568852937],[-121.301254404836,39.0480499235603],[-121.301205871758,39.048043619245],[-121.301157121667,39.0480380000718],[-121.301108223885,39.0480330655556],[-121.301059213591,39.0480287627556],[-121.301009985668,39.0480250901405],[-121.300960681932,39.0480220764875],[-121.300911265697,39.0480196927486],[-121.300861807691,39.0480179132228],[-121.300812274143,39.0480167647336],[-121.30076269882,39.0480162204572],[-121.300713081996,39.0480162524684],[-121.300663495028,39.0480168882213],[-121.300613938448,39.048018073667],[-121.300564446102,39.0480198909879],[-121.300515052843,39.0480222034608],[-121.30046569059,39.0480251196827],[-121.300416533159,39.0480285866447],[-121.300367440642,39.0480326161194],[-121.300318555257,39.0480371963485],[-121.300269839012,39.048042313591],[-121.300221329628,39.0480480086131],[-121.300173059728,39.0480542536836],[-121.300125032223,39.0480611046746],[-121.300077243923,39.04806853364],[-121.300029626125,39.0480765951208],[-121.299982424892,39.0480852905951],[-121.299935356649,39.0480946733131],[-121.299888564376,39.0481047711601],[-121.299842045209,39.0481156399733],[-121.299770308329,39.0481342101472],[-121.299596119111,39.0481578490895],[-121.299507662233,39.0481686296783],[-121.299418970585,39.0481781466681],[-121.299329938512,39.0481864534753],[-121.299240780221,39.0481933856269],[-121.299151421564,39.0481990814107],[-121.299061864857,39.0482035408403],[-121.298972214094,39.0482067627391],[-121.298882505339,39.0482087220992],[-121.298792703684,39.0482094448358],[-121.298702879593,39.0482089322735],[-121.298613101237,39.0482071839217],[-121.298523336276,39.0482041995858],[-121.298433688675,39.0481999807924],[-121.298344159337,39.0481945536726],[-121.298254747368,39.048187892096],[-121.298165523997,39.0481800370309],[-121.298076522863,39.0481709751673],[-121.297987781215,39.048160678803],[-121.297899262692,39.0481492035736],[-121.297811073112,39.04813648075],[-121.297723211799,39.048122578795],[-121.297635714563,39.0481074988261],[-121.297548617772,39.0480911852094],[-121.297461918308,39.048073719906],[-121.297375654824,39.0480550499984],[-121.297289860567,39.0480352018135],[-121.297204535809,39.0480141483276],[-121.297119820132,39.0479920273161],[-121.297035574507,39.0479686460559],[-121.296951903851,39.0479441430146],[-121.296868878376,39.0479185447419],[-121.296786462746,39.0478916870675],[-121.296704692905,39.0478637900222],[-121.294804503104,39.0471067503503],[-121.294726762378,39.0470810455837],[-121.294683812393,39.0470658482947],[-121.294641220505,39.0470500765992],[-121.29459905746,39.0470337029987],[-121.294557288325,39.0470167552092],[-121.294515910789,39.0469992332172],[-121.294474997633,39.0469811374636],[-121.294434441421,39.0469624672985],[-121.294394385133,39.0469432506141],[-121.294354790636,39.046923488081],[-121.294315626142,39.0469031236529],[-121.294276993093,39.0468822957781],[-121.294238859083,39.0468608943544],[-121.294201188908,39.0468389741223],[-121.294164086547,39.0468165348112],[-121.294127517056,39.0467936050378],[-121.294091446327,39.0467701296428],[-121.29405594402,39.0467461901271],[-121.294021009519,39.0467217324352],[-121.293986679242,39.0466968117414],[-121.293952916502,39.0466713998969],[-121.293919792364,39.0466455531869],[-121.293887237197,39.0466191874089],[-121.293855284543,39.0465924144747],[-121.293823933543,39.0465652046509],[-121.293793310365,39.0465375334781],[-121.293763289439,39.0465094812743],[-121.293733924731,39.0464809654868],[-121.293705232733,39.0464520699973],[-121.293677213724,39.0464227668807],[-121.293649867432,39.0463930831623],[-121.293623193859,39.0463630188423],[-121.293597228536,39.0463326020637],[-121.293572006397,39.0463018051116],[-121.293547439369,39.0462706553798],[-121.293523614975,39.0462391804253],[-121.29350051588,39.0462073810445],[-121.293478123607,39.0461752562247],[-121.293456473977,39.0461428052827],[-121.293435531758,39.0461100856613],[-121.293415367577,39.0460770815732],[-121.293395945749,39.0460437801902],[-121.293377264992,39.0460101941173],[-121.293283146998,39.0458614299314],[-121.293217405439,39.0457519923735],[-121.293153891075,39.0456416629078],[-121.29309274484,39.0455304414917],[-121.293033897413,39.0454183277087],[-121.292977311812,39.0453053222386],[-121.292923059666,39.0451914237177],[-121.292871140342,39.0450765789939],[-121.292821555332,39.0449608691578],[-121.292774338328,39.0448441583853],[-121.29272837535,39.0447289092094],[-121.292683085586,39.0446167135513],[-121.29263932532,39.0445065036708],[-121.292597528353,39.044397293946],[-121.292558546385,39.0442881283185],[-121.292522706227,39.0441783232115],[-121.292490470402,39.0440671400179],[-121.292462091104,39.0439541946985],[-121.292437641448,39.0438391048293],[-121.292417157244,39.0437218688284],[-121.292400391255,39.0436024869984],[-121.292387129344,39.043481231005],[-121.292330915153,39.0432890641484],[-121.290935390858,39.0387668983778],[-121.290886687829,39.0385812283949],[-121.29084980013,39.0384253131689],[-121.290816263933,39.0382686769053],[-121.290785973334,39.0381115117493],[-121.290758750168,39.0379538427446],[-121.290734506679,39.0377957801666],[-121.290713118156,39.0376374331646],[-121.290694424632,39.03747885572],[-121.290693828452,39.0374575167028],[-121.29069266949,39.0374362012858],[-121.290691051693,39.0374149110028],[-121.290688905487,39.0373936724564],[-121.290686265525,39.0373724858575],[-121.290683167343,39.0373513784487],[-121.290679539599,39.0373303227693],[-121.290675418976,39.0373093469698],[-121.290670804597,39.0372884231176],[-121.290665767537,39.0372676056977],[-121.290660166255,39.0372468406969],[-121.2906540704,39.0372262096179],[-121.2906475507,39.0372056858648],[-121.290640502325,39.0371852408723],[-121.290632995174,39.03716493092],[-121.290625029258,39.037144755107],[-121.290616532964,39.0371247129973],[-121.290607613972,39.0371047791209],[-121.290598200409,39.0370849791656],[-121.290588326376,39.037065368292],[-121.290577994735,39.0370458915643],[-121.290567203165,39.037026549869],[-121.290555917622,39.037007397952],[-121.290544277269,39.0369883808064],[-121.290532072224,39.0369695791335],[-121.290519478315,39.0369509678786],[-121.290506460286,39.0369324918734],[-121.290492982404,39.0369142590051],[-121.290479080122,39.0368961893118],[-121.290464717104,39.0368783357233],[-121.290450000758,39.0368606997947],[-121.290434825092,39.036843253854],[-121.290419224216,39.0368260521612],[-121.290403234207,39.0368090679098],[-121.290386853919,39.0367923001916],[-121.290370084219,39.0367757778396],[-121.290352925116,39.036759499953],[-121.290335375446,39.0367434674254],[-121.290317472459,39.0367276516554],[-121.29029918006,39.0367120812511],[-121.290280566731,39.0366968386088],[-121.290261564279,39.0366818125056],[-121.290242207066,39.0366670319787],[-121.290222565009,39.036652551506],[-121.29020256765,39.0366383706582],[-121.290182216966,39.0366244074678],[-121.290161545351,39.0366107720385],[-121.290140590597,39.0365973817199],[-121.290119315192,39.0365842912367],[-121.290097754934,39.0365715017076],[-121.29007590956,39.0365590392563],[-121.290053746106,39.0365468505302],[-121.290031296933,39.0365349339245],[-121.29000859817,39.0365233725396],[-121.289985648933,39.0365121393438],[-121.289962381625,39.0365011789717],[-121.289938933154,39.0364905463098],[-121.289915166053,39.0364802423221],[-121.289891254749,39.0364702662695],[-121.28986709325,39.03646059048],[-121.289842646345,39.0364512705928],[-121.289818056392,39.0364422786475],[-121.289793215955,39.0364336157909],[-121.289768231043,39.0364253078935],[-121.289743031732,39.0364173013774],[-121.289717618635,39.0364096502986],[-121.289692095705,39.0364023552908],[-121.289666357833,39.036395415713],[-121.289640441096,39.0363888047588],[-121.289614449166,39.0363825509874],[-121.289588279256,39.0363766528709],[-121.289561963713,39.0363711097059],[-121.289535504821,39.0363659242085],[-121.289508970753,39.0363610940919],[-121.289482293625,39.0363565928167],[-121.289455540751,39.0363525036737],[-121.289428697957,39.036348742795],[-121.289401745325,39.0363453379864],[-121.289374735707,39.0363423174971],[-121.289347687864,39.0363396535144],[-121.289320531328,39.0363373465094],[-121.289293334256,39.0363353959969],[-121.289266063755,39.0363338567294],[-121.289238860415,39.0363326466842],[-121.289211512295,39.0363318213234],[-121.289184231055,39.0363313531103],[-121.289156946238,39.0363312416149],[-121.289129587386,39.0363314864075],[-121.28910226021,39.0363321430863],[-121.289074964378,39.0363331296698],[-121.28904762888,39.036334500678],[-121.289020396066,39.0363362290523],[-121.288993194043,39.0363383422814],[-121.288966024246,39.0363408124467],[-121.288938957122,39.0363436408792],[-121.288911885272,39.0363468251218],[-121.288884915813,39.036350395557],[-121.288858012355,39.0363542952077],[-121.288831247385,39.0363585524434],[-121.288804512931,39.0363632215587],[-121.288777916622,39.0363681671784],[-121.28875142217,39.0363735521395],[-121.288725064174,39.0363792667464],[-121.28869884377,39.036385312808],[-121.288672726045,39.0363917162366],[-121.288646780029,39.0363985044798],[-121.288620936962,39.0364056230657],[-121.288595300798,39.036413072629],[-121.28856983804,39.0364208529651],[-121.28854454726,39.0364289910919],[-121.288519395235,39.0364374597802],[-121.288494484491,39.0364462866825],[-121.288469712781,39.0364554162213],[-121.288422841049,39.0364739114118],[-121.288339194519,39.0364871848388],[-121.288283558458,39.0364950276637],[-121.288227787761,39.0365021282205],[-121.288171850078,39.0365084872123],[-121.288115883431,39.0365140487269],[-121.288059784735,39.0365188409624],[-121.288003552293,39.0365229179607],[-121.28794729231,39.0365261713649],[-121.287891004847,39.036528710181],[-121.287834689568,39.0365304533283],[-121.287778347365,39.0365314269375],[-121.287721978241,39.0365316310086],[-121.287665685861,39.0365310950033],[-121.28760943702,39.0365297898905],[-121.287553196459,39.0365276614025],[-121.287497033675,39.0365248054568],[-121.287441001055,39.0365211818345],[-121.287385082023,39.0365168309738],[-121.287329258788,39.0365116842995],[-121.287273584485,39.0365057421368],[-121.287218058561,39.0364990594359],[-121.287162751476,39.0364916366279],[-121.287107593046,39.0364834462576],[-121.28705268812,39.036474515092],[-121.286997967096,39.0364648724344],[-121.286943500684,39.0364543790824],[-121.286889287217,39.0364432007869],[-121.286835397427,39.0364313109548],[-121.286781762566,39.0364186542126],[-121.286728417022,39.0364052568963],[-121.286675430966,39.036391148264],[-121.286622769146,39.036376273147],[-121.286570465116,39.0363607407568],[-121.286518556945,39.0363444414205],[-121.286467025312,39.0363274588015],[-121.286415889259,39.0363097371628],[-121.286365162707,39.0362913855958],[-121.286314903342,39.0362722963495],[-121.286265036425,39.0362525500454],[-121.286215669921,39.0362320932929],[-121.286166838219,39.0362109524286],[-121.28611836491,39.0361892101537],[-121.286070498834,39.0361667031333],[-121.286023131057,39.0361435811467],[-121.285976297522,39.0361198309016],[-121.285930034183,39.0360954382048],[-121.285884305359,39.0360703902263],[-121.285839181236,39.0360447144231],[-121.285794661263,39.0360184657457],[-121.285750711622,39.0359915611071],[-121.285707366402,39.0359640565712],[-121.285664731595,39.0359359798146],[-121.285622737025,39.0359073024807],[-121.285581310799,39.0358780520565],[-121.285540629365,39.0358482566508],[-121.28550062281,39.0358178617832],[-121.28546125594,39.0357869212909],[-121.285422669375,39.0357554648651],[-121.285384826175,39.0357234904781],[-121.285347623814,39.0356909704756],[-121.285311164526,39.0356579613395],[-121.285275485834,39.0356244074464],[-121.285240585466,39.0355904195907],[-121.28520643077,39.0355559137913],[-121.285173089331,39.0355209463179],[-121.284298973931,39.035495344183],[-121.283929620745,39.035529567539],[-121.283671353343,39.0355490956742],[-121.283412840341,39.0355650245359],[-121.283154083488,39.0355772991799],[-121.282895257224,39.0355859215785],[-121.282636256217,39.035590917208],[-121.282377326235,39.0355923164086],[-121.282118399189,39.0355901169594],[-121.281859577624,39.03558434832],[-121.281600826097,39.035575092252],[-121.281342451458,39.0355635316946],[-121.281084396288,39.0355481555294],[-121.280826325381,39.03552739687],[-121.280568714157,39.0355030153569],[-121.280312120161,39.0354756198241],[-121.278729739009,39.0352840866938],[-121.277135756168,39.0350986922948],[-121.276929065389,39.0351011169417],[-121.276755113626,39.0351004490395],[-121.276581221461,39.0350973371737],[-121.27640739062,39.0350917273029],[-121.276233795569,39.0350837295167],[-121.276060331179,39.0350732341569],[-121.275887209585,39.0350602821808],[-121.275714359038,39.0350448884588],[-121.275541885411,39.0350270932887],[-121.275369753598,39.0350068297889],[-121.275198103423,39.0349842069357],[-121.275026971546,39.0349591429794],[-121.274856392941,39.0349317210204],[-121.274686436048,39.0349019144607],[-121.274517137862,39.0348697217316],[-121.274348532182,39.0348352277285],[-121.274180655133,39.0347984029505],[-121.274013612381,39.0347591949072],[-121.273847366743,39.0347177394027],[-121.273682060853,39.0346739832767],[-121.273517693292,39.0346279535504],[-121.273354264945,39.0345796781605],[-121.273191845715,39.0345292125002],[-121.273030503772,39.0344765560979],[-121.27287024115,39.0344217368979],[-121.272711128317,39.0343647553443],[-121.272553269235,39.0343056120907],[-121.272396594052,39.0342443616594],[-121.272241278614,39.034180978127],[-121.272087252506,39.0341155709658],[-121.27193465635,39.0340480572779],[-121.271783453213,39.0339785476459],[-121.271633716147,39.0339070155053],[-121.271485476945,39.0338335151129],[-121.271338808368,39.0337580478304],[-121.27119374365,39.0336806399967],[-121.271050318307,39.0336013206681],[-121.270908567871,39.0335201170989],[-121.270768561369,39.0334370567536],[-121.270630351925,39.0333521408717],[-121.27049392254,39.0332654504318],[-121.270359360398,39.0331769319337],[-121.27022671691,39.033086640659],[-121.270095993823,39.0329946315786],[-121.269967295663,39.0329008494995],[-121.269840621003,39.0328054331542],[-121.269811847215,39.0327722753748],[-121.26978232975,39.0327395516538],[-121.269752069165,39.0327072079416],[-121.269721135636,39.0326752717037],[-121.269689492792,39.0326437976649],[-121.269657140913,39.0326127588003],[-121.269624046226,39.0325821819238],[-121.269590311803,39.0325520406547],[-121.269555939396,39.0325223890558],[-121.269520858543,39.0324932275859],[-121.269485173479,39.0324645289706],[-121.269448850424,39.0324363209247],[-121.26941188823,39.0324086025396],[-121.269374287477,39.0323814296726],[-121.269336081659,39.0323548025331],[-121.26929734296,39.0323286657189],[-121.269257965701,39.0323030744211],[-121.26921805383,39.032278029291],[-121.269177572707,39.0322535292098],[-121.269136559001,39.0322296023342],[-121.269095010115,39.0322062765744],[-121.269052962707,39.0321834692793],[-121.269010382149,39.0321612901379],[-121.268967372086,39.0321396569195],[-121.268923827709,39.0321186527474],[-121.268879819765,39.0320982492368],[-121.268835384337,39.0320784195874],[-121.268790483898,39.0320592185167],[-121.268743401159,39.0320399496795],[-121.268683773394,39.0320184588993],[-121.268631800393,39.0319988431147],[-121.268580293592,39.0319784888122],[-121.26852925113,39.0319574644474],[-121.268478638499,39.031935756291],[-121.26842856108,39.031913337979],[-121.268378983956,39.0318902354183],[-121.268329941759,39.0318664506286],[-121.268281433651,39.0318420646843],[-121.268233496573,39.0318169679111],[-121.268186093856,39.0317912438608],[-121.268139366146,39.0317649186421],[-121.268093138429,39.0317379389056],[-121.268047584843,39.0317103309703],[-121.268002567931,39.0316820957753],[-121.267958329974,39.0316532600678],[-121.267914663339,39.0316237973196],[-121.267871705786,39.0315937894758],[-121.26782938742,39.0315631820455],[-121.267787744651,39.0315320284097],[-121.267746847315,39.0315002767574],[-121.267706659061,39.0314679800124],[-121.267125440444,39.031026687079],[-121.266517993732,39.0305009283488],[-121.265893979426,39.0301447853039],[-121.26525169749,39.030080959017],[-121.264320898118,39.0300355171334],[-121.264056658475,39.0298552558575],[-121.261243546051,39.0289585796831],[-121.260309323497,39.0288482270797],[-121.258879237666,39.0292445130294],[-121.258368786768,39.0292719911389],[-121.257945564651,39.0283350658476],[-121.257912878145,39.0282627505281],[-121.256968171808,39.0280791539002],[-121.255757062704,39.0279747955738],[-121.255570827334,39.0279587782184],[-121.253508734206,39.0277817919288],[-121.25169020471,39.0280868638349],[-121.250749574484,39.0282554699415],[-121.249910183871,39.0284973500022],[-121.249506324237,39.0282379539165],[-121.24887845664,39.0276505999349],[-121.248447783929,39.0263949034554],[-121.24775601308,39.0252105059443],[-121.247349897822,39.0247483591624],[-121.24701414611,39.0245456575635],[-121.247017353925,39.0242933592448],[-121.247017354805,39.0242932763696],[-121.247016512384,39.0242929961568],[-121.246604546288,39.0242299513556],[-121.246183490546,39.024141171228],[-121.245857548165,39.023774738188],[-121.245424604514,39.0234637089332],[-121.245028746126,39.0232935356976],[-121.243877401281,39.0228822586224],[-121.24340914189,39.0226493059712],[-121.242978796127,39.0223900443615],[-121.242712151471,39.0220537526357],[-121.242386398018,39.0216622672642],[-121.242078583953,39.0213168371089],[-121.241786823973,39.0209385050596],[-121.241678953352,39.020798559349],[-121.241474724967,39.0205845059023],[-121.241246833083,39.0203779590426],[-121.240852272547,39.0203783533195],[-121.240530093262,39.0205190122063],[-121.240346401495,39.0209543556963],[-121.240316784475,39.0210245672276],[-121.240031265266,39.0213898855933],[-121.23967367596,39.0216710645955],[-121.239065233579,39.0220087632614],[-121.238635750176,39.022346309593],[-121.238277643543,39.0227401179597],[-121.237775427381,39.023021773338],[-121.23709298507,39.0231913959169],[-121.236697639423,39.0232763177595],[-121.235942763251,39.0233334535213],[-121.235367451822,39.023390198262],[-121.234719860589,39.0235310670294],[-121.23396379751,39.0237839776644],[-121.233171805004,39.0239522659991],[-121.232704682566,39.0238119782276],[-121.232274418571,39.0234473186107],[-121.232023575147,39.0232228911261],[-121.231808488547,39.0230545507451],[-121.231341643796,39.0228861409854],[-121.230874546601,39.0227737723417],[-121.23026475311,39.0224369425077],[-121.229942615134,39.0221562433169],[-121.229477870493,39.0216790098762],[-121.228941631048,39.0211735136523],[-121.228843939683,39.0210773376134],[-121.228579011154,39.020816398362],[-121.228453948373,39.0206931584436],[-121.22826271542,39.0205176929093],[-121.227977712489,39.0201900864861],[-121.227586265668,39.0196559970404],[-121.227443985944,39.0194591893869],[-121.226803758252,39.018615330336],[-121.226089835966,39.0180523773306],[-121.225878578289,39.0175457295507],[-121.225597454462,39.0168136180882],[-121.224885898327,39.0160528313369],[-121.224708837414,39.0157710229159],[-121.223895043399,39.0144178094373],[-121.223360348881,39.0138489483898],[-121.222578053642,39.0123254691188],[-121.221715614875,39.0119466245802],[-121.22124053544,39.0116107568969],[-121.220852358379,39.0115118899462],[-121.22031305309,39.0115345041189],[-121.219543789167,39.0116265575872],[-121.219416979009,39.0116585207051],[-121.218576565616,39.0118702516472],[-121.217790360375,39.012084151367],[-121.21698093773,39.0123442969214],[-121.21595709706,39.0125341528408],[-121.215185484453,39.0126429389614],[-121.214833161323,39.0126849934492],[-121.214324749382,39.0127455991729],[-121.213591689232,39.0128623229338],[-121.212567504853,39.0128883275113],[-121.212130278697,39.0127727065162],[-121.211987184713,39.0125433898374],[-121.211737144572,39.0121134207116],[-121.211298723804,39.012083625542],[-121.210640757573,39.0120532194859],[-121.210212524998,39.0120519914214],[-121.21016520517,39.0120518354254],[-121.209615988834,39.0120788094065],[-121.208405768817,39.0122466031019],[-121.208002680906,39.0122738480729],[-121.207638745869,39.0121296846676],[-121.207164120023,39.0120422935807],[-121.206578696117,39.0120116988614],[-121.206174548869,39.0120959634509],[-121.205987886404,39.0123238913843],[-121.205953763487,39.0123757208599],[-121.205875313622,39.0124949072183],[-121.205648326747,39.0129510463735],[-121.205496741822,39.0132645552564],[-121.205417937,39.0136068977252],[-121.205303503613,39.0138620077204],[-121.205302890412,39.0138633494574],[-121.20518836817,39.0141482509564],[-121.205113248262,39.0142621325875],[-121.205182839483,39.0144907094238],[-121.205250589333,39.0148334201146],[-121.205320252609,39.01506194238],[-121.205022571199,39.0153458967006],[-121.204764256381,39.0154588295089],[-121.204141360171,39.0154560312466],[-121.203517471457,39.0155102271877],[-121.203040191182,39.0155650382521],[-121.20263664889,39.0155916851094],[-121.20234172651,39.0157043899129],[-121.202155866933,39.0158746264307],[-121.20178684649,39.0160439914894],[-121.201564451707,39.0162140307654],[-121.201195960986,39.0163548539926],[-121.200808521301,39.0165278112145],[-121.200753441129,39.0165523932002],[-121.200128218688,39.0167206264271],[-121.199699169561,39.0168343251041],[-121.199411847038,39.0169402100132],[-121.199049887498,39.0170910801984],[-121.198731303373,39.0170851001375],[-121.19848804642,39.0170446543972],[-121.198354718205,39.0170225391442],[-121.197931184936,39.0167852605463],[-121.197711650062,39.0165957369461],[-121.19746007505,39.0162238568258],[-121.197115080443,39.0160887702218],[-121.196518449121,39.0158425230547],[-121.195814521581,39.0158120461577],[-121.195076701859,39.0156881901699],[-121.194479509734,39.0155759558944],[-121.193657820759,39.0154024685255],[-121.192865268904,39.0154185071557],[-121.192436459083,39.0153564434026],[-121.191924762377,39.0151705944897],[-121.191561884685,39.0149166891817],[-121.191389147949,39.0146995796332],[-121.19046226682,39.0137899044731],[-121.189991298815,39.0133276798194],[-121.189317051452,39.0127015639173],[-121.188925330714,39.0124203201397],[-121.188652485991,39.0122391806875],[-121.188179769042,39.0121529749172],[-121.187672740515,39.0121678649564],[-121.18705518507,39.0122726790143],[-121.186790897572,39.0123616407682],[-121.186356134909,39.0125075156718],[-121.185826660899,39.0128338464586],[-121.18523661042,39.0134847006141],[-121.18506310529,39.0137774359409],[-121.184905658774,39.0140416712511],[-121.184661039488,39.0146200872426],[-121.184605799566,39.0151324981196],[-121.184363507982,39.0158752160914],[-121.183910668635,39.0162437578751],[-121.182890828961,39.0169957955622],[-121.182475313875,39.0172855661452],[-121.182221894854,39.0175287227856],[-121.182109298183,39.0184680466364],[-121.181758934778,39.0191869628235],[-121.181086834044,39.0199730875156],[-121.180697296084,39.0200322961029],[-121.179286203356,39.0200683850389],[-121.178990943635,39.019953063239],[-121.178389468354,39.0195503646766],[-121.177654709041,39.0191224207424],[-121.17712053284,39.0188514991241],[-121.176491946423,39.0187692657129],[-121.175863594602,39.0187850874691],[-121.175115870296,39.0188018443698],[-121.174624282432,39.0187619242402],[-121.17406603033,39.0187368516643],[-121.17319593882,39.0189691610372],[-121.172508338675,39.0191059953292],[-121.172027553638,39.0192019261344],[-121.171028272916,39.0195961335625],[-121.170111267673,39.0203160889544],[-121.169418747471,39.0208712082308],[-121.169155348383,39.0215074788885],[-121.168274829615,39.0221950446433],[-121.167258237133,39.0224215280026],[-121.166531702931,39.0224468669995],[-121.165949750576,39.0225729125181],[-121.165226798617,39.0232295803226],[-121.164996531087,39.0243215012782],[-121.16463983364,39.0249273683003],[-121.164123454677,39.0252103913046],[-121.163472200548,39.0253808788508],[-121.162710157566,39.0254086022802],[-121.16180758547,39.0257219825258],[-121.160895261824,39.0258265971175],[-121.160185468819,39.0255440088718],[-121.159447893523,39.0255771872726],[-121.158753979643,39.0263243377099],[-121.158533224985,39.0266649109024],[-121.157421342296,39.026873938964],[-121.156364085027,39.026964893568],[-121.155236993306,39.0271079710549],[-121.154463848752,39.0274624333651],[-121.154180723411,39.0275906851817],[-121.153463083542,39.0279157641373],[-121.153019649823,39.0285200190057],[-121.153021168493,39.0285726138895],[-121.153043027446,39.0293300939644],[-121.152931015552,39.0298595692784],[-121.152353654031,39.0310430023028],[-121.151887074567,39.0321169361417],[-121.151377210794,39.0329174726179],[-121.150715171477,39.0334271484811],[-121.149764926019,39.0338451473007],[-121.149077225461,39.0341475039641],[-121.148026524036,39.0343069142163],[-121.146986684618,39.0345405347775],[-121.145161728814,39.0353069421499],[-121.143935411326,39.0360705002219],[-121.142779137588,39.0371799678023],[-121.141681309561,39.0383767080437],[-121.140684884602,39.0390826407393],[-121.139844810977,39.0393356834018],[-121.13908764784,39.0392353302751],[-121.138249496312,39.0388142838571],[-121.137581506154,39.0383567608041],[-121.136499807124,39.0375881339542],[-121.136323637593,39.0375406146126],[-121.136054215172,39.0374283415626],[-121.13581770306,39.0373313594774],[-121.135673085003,39.0372085328724],[-121.135528365981,39.0370189252877],[-121.135409917666,39.0367625675329],[-121.135304744402,39.0366909701729],[-121.135114148366,39.0365939156487],[-121.134910375806,39.0364917927873],[-121.134778873539,39.0363792226119],[-121.134614538277,39.0362769803507],[-121.134469896405,39.0361131283253],[-121.134417176425,39.0359643749978],[-121.134371063473,39.0357589130292],[-121.134340766249,39.0354894514883],[-121.134338217677,39.035352164361],[-121.134329848496,39.034913196192],[-121.134146729789,39.0346397982121],[-121.133454472982,39.0344187686639],[-121.133060770336,39.0342932346224],[-121.132806839131,39.0343118843199],[-121.132436563238,39.0342343019843],[-121.131869202644,39.0343116299005],[-121.131825223927,39.034297654674],[-121.131509696472,39.0341971100799],[-121.130823402676,39.0340908327951],[-121.130609116842,39.0338826046633],[-121.130476701043,39.0338913911965],[-121.129953617589,39.0334162887026],[-121.129455036011,39.0331769103324],[-121.129362243691,39.033152986697],[-121.129050420247,39.0330726168065],[-121.128734711601,39.0330991983898],[-121.128105848636,39.0329963010321],[-121.127853297573,39.0330089359113],[-121.127597750207,39.0329130853678],[-121.127222036065,39.032903626657],[-121.12697915863,39.0327854627575],[-121.126726294624,39.0328177268063],[-121.126494070021,39.032737919575],[-121.125800857219,39.0325949854784],[-121.125660036901,39.0326116132681],[-121.125495768589,39.0325599099821],[-121.125228267381,39.0325600991954],[-121.124957848437,39.0322234785939],[-121.125020971778,39.0319868982205],[-121.125341570421,39.0316264877972],[-121.126072717289,39.031161928367],[-121.126366583197,39.0310673389375],[-121.126789381131,39.0303061007902],[-121.126820108128,39.0300810007899],[-121.126661595278,39.0294624768683],[-121.126578706031,39.0294010608285],[-121.126415437999,39.0292800870055],[-121.126355567295,39.0291219681068],[-121.126065971496,39.028945073291],[-121.125338165817,39.0289524899165],[-121.124935921603,39.0291032962608],[-121.124554921623,39.0289762086481],[-121.124314907582,39.0287958099649],[-121.124286552647,39.0287542712555],[-121.124127561157,39.0285213205655],[-121.123636746615,39.0280112011084],[-121.123515000442,39.0277216340131],[-121.123389743181,39.0274228972253],[-121.123407597573,39.0271832850627],[-121.123408433414,39.0264893983229],[-121.123437128007,39.0259851899231],[-121.123306778129,39.0255349219143],[-121.1232994156,39.025509686643],[-121.123390916638,39.0251987682251],[-121.123545835915,39.0250371006823],[-121.1236681024,39.0246236345733],[-121.123007502707,39.02419881198],[-121.122469834938,39.0241097498919],[-121.121797016801,39.0241976293154],[-121.121437662821,39.024283585476],[-121.12118738107,39.0242859544673],[-121.121027544104,39.0243782060751],[-121.120858295615,39.0243494554629],[-121.120324113386,39.0231399923923],[-121.120312168356,39.0228885132512],[-121.120173323055,39.0226624097043],[-121.120132745419,39.0224687901768],[-121.119954938022,39.0222593062876],[-121.119885220145,39.022011427503],[-121.119800463284,39.0219625408551],[-121.119362688757,39.0214506877486],[-121.119335747323,39.0212789193684],[-121.119242892339,39.0211453693367],[-121.119165687183,39.0211206768684],[-121.119113199896,39.0211038864852],[-121.118908111761,39.0209374986337],[-121.118665520796,39.020579791891],[-121.118197705958,39.0203308211015],[-121.118102090547,39.020221331837],[-121.117916002658,39.0201352112594],[-121.117918049713,39.0200922803864],[-121.117435383518,39.0198916322269],[-121.117237214335,39.0198599256305],[-121.116983049951,39.0199208256843],[-121.116819888742,39.0199215113107],[-121.116230514767,39.0196518399023],[-121.116096855848,39.0194460901869],[-121.115902106816,39.0193180803568],[-121.115643429579,39.0192075702893],[-121.115507228529,39.0191493116127],[-121.115390890714,39.0190282394152],[-121.115208407151,39.0188596264732],[-121.11464612671,39.0185666484152],[-121.114466449256,39.018548422507],[-121.114138215363,39.0185117677889],[-121.113494322794,39.0184657627006],[-121.112833223364,39.0181888280629],[-121.112288382266,39.017921000771],[-121.111752649221,39.0178087135586],[-121.111526711229,39.0178981824151],[-121.110570329498,39.0180933685915],[-121.109468940476,39.0182982023649],[-121.109114087755,39.0183744901167],[-121.108683044614,39.0182477354707],[-121.108332528164,39.0181275000784],[-121.107854120742,39.0178544343368],[-121.107708266826,39.0176689559123],[-121.107486374486,39.0172829641942],[-121.107187902217,39.0169296100106],[-121.106731032421,39.0166355885635],[-121.106309661251,39.0164966803504],[-121.106167348096,39.0163659535948],[-121.105991439241,39.0160997583498],[-121.105972648733,39.0156052375516],[-121.105991255957,39.0152685104313],[-121.105897825403,39.0149487988932],[-121.105988253455,39.0144348236755],[-121.106109115388,39.01378491194],[-121.105955381032,39.0133070939059],[-121.105722140763,39.0125835916748],[-121.105173909336,39.0120099303254],[-121.104749777451,39.0118578698146],[-121.104651715474,39.0118416008934],[-121.104580888343,39.0118286727616],[-121.104510354302,39.0118147576589],[-121.104440149937,39.0117998846956],[-121.104370203336,39.0117840794453],[-121.104300656859,39.0117673159762],[-121.104231474257,39.0117495390559],[-121.104162619953,39.0117309141757],[-121.104094199959,39.0117112763872],[-121.104026213691,39.0116907635232],[-121.103327341534,39.0116170393254],[-121.102560884048,39.0116609613321],[-121.101870231766,39.0117747424572],[-121.101858240403,39.0117767094385],[-121.101626728144,39.0118149597949],[-121.101170340899,39.0119286623055],[-121.100539064952,39.012086471772],[-121.100389285329,39.0121239922449],[-121.099057724882,39.0127508928936],[-121.098395766256,39.0129485991258],[-121.097922140057,39.0130551132635],[-121.097921539437,39.0130635653029],[-121.097504678455,39.0131650660412],[-121.096804357626,39.0130911960646],[-121.096640374912,39.01273214338],[-121.096360427099,39.0117678800542],[-121.096552952406,39.0116903317404],[-121.096521936981,39.0116577580788],[-121.096436698177,39.0115965351752],[-121.096273115222,39.0115020415625],[-121.096159008993,39.0114688780487],[-121.096030721315,39.0114246062461],[-121.09600530109,39.0114197279153],[-121.095830735515,39.0113861624023],[-121.095671699201,39.0113739305534],[-121.09537147714,39.0113628948338],[-121.094252143734,39.011811585695],[-121.093334759067,39.0121800376813],[-121.093099081325,39.0122572852765],[-121.0927929306,39.0125332424771],[-121.092597803404,39.0127228121938],[-121.092392900396,39.0129225611972],[-121.092161445684,39.0131177506856],[-121.091971509226,39.0133331992716],[-121.091821912687,39.0134960336277],[-121.091675214536,39.0136716173299],[-121.091535307638,39.0138720094915],[-121.091408880529,39.0140009612025],[-121.091295386844,39.0141917690825],[-121.091167208148,39.0143557579657],[-121.091089931171,39.0145246204434],[-121.090995137807,39.0147227819991],[-121.090925162852,39.0148903833384],[-121.090830181205,39.0149878917716],[-121.090623566588,39.0150594576947],[-121.09040975857,39.0150854674148],[-121.090143887993,39.0150706361571],[-121.089964785149,39.0149292632935],[-121.089936815168,39.0147884800205],[-121.089902240776,39.0146247858406],[-121.089863701363,39.0144437067344],[-121.089813848079,39.0142610698456],[-121.089772265402,39.0140840164372],[-121.089675405959,39.0139329200316],[-121.089508397092,39.0137792428158],[-121.089306785057,39.0136835772972],[-121.089128782232,39.0136049283621],[-121.08881017677,39.0135858239911],[-121.088429409582,39.0135451702786],[-121.088110904315,39.0134799740973],[-121.08784559207,39.0134167719667],[-121.087626478483,39.0133466689855],[-121.08729848466,39.0131997868798],[-121.086963676031,39.013065700785],[-121.086641568258,39.0129471465388],[-121.086197167488,39.0127537388423],[-121.085752007647,39.0125647576738],[-121.08548359867,39.0124473486716],[-121.085186974921,39.012263595345],[-121.084936533854,39.0120277845718],[-121.084620709558,39.0117297715187],[-121.084447055947,39.0115264025193],[-121.084348792534,39.0113353087345],[-121.084261557567,39.011061581338],[-121.084223796283,39.0108215228264],[-121.084203145467,39.0107036017037],[-121.084144800833,39.010599319249],[-121.084061818207,39.0105223978122],[-121.083998041804,39.0104435273699],[-121.083925568018,39.0104275935235],[-121.083897920727,39.0103881916235],[-121.083895076343,39.0103877710562],[-121.082935249676,39.0102414664991],[-121.082418624054,39.0101021048401],[-121.08232361164,39.0100764096042],[-121.080603161064,39.0094136338734],[-121.080475477416,39.0090279477936],[-121.080647790873,39.0078012153054],[-121.080651221054,39.0077781767328],[-121.080789362248,39.0072376995173],[-121.080818108924,39.0071269629814],[-121.080755243278,39.0069810279243],[-121.080713380504,39.0068846448427],[-121.08026380568,39.0068555308204],[-121.079832104916,39.0068280391491],[-121.079413448258,39.0067582383699],[-121.079411957944,39.0068675972338],[-121.079161102811,39.006831880132],[-121.078814856965,39.0067188102343],[-121.07842080094,39.0065719566583],[-121.078026597902,39.0063959529561],[-121.077523239634,39.0062107897533],[-121.077470769785,39.0061914958718],[-121.077223716656,39.0061045931995],[-121.076914580931,39.0060178295044],[-121.076642142328,39.0059885403519],[-121.076521101594,39.0059920977894],[-121.076307215261,39.0060365195217],[-121.076145893961,39.0060847217772],[-121.075860218452,39.0061908098963],[-121.075549585743,39.0063161964445],[-121.075189279866,39.0064316995136],[-121.074878842063,39.006498788786],[-121.074717477246,39.0065177852509],[-121.074494237557,39.0065074719392],[-121.07429592456,39.0064681393242],[-121.074072976786,39.0063802269462],[-121.07386356974,39.00629437135],[-121.073577421407,39.0061750916044],[-121.072969658886,39.0059790556304],[-121.072460606877,39.005850996038],[-121.071764778439,39.0057315916912],[-121.071143081893,39.0056219743685],[-121.070583326511,39.0055124209894],[-121.070226517589,39.0054307508823],[-121.070004711906,39.0053409866081],[-121.069683883527,39.0053013127865],[-121.069489338917,39.0052850677185],[-121.069255908969,39.0052685530248],[-121.069168405932,39.0052561285364],[-121.069007733677,39.0052372434698],[-121.068863261611,39.0052120615944],[-121.068727417025,39.0052012953222],[-121.068551588214,39.0051990244121],[-121.068302207105,39.0052099630239],[-121.068088085976,39.005223792238],[-121.067922534006,39.005245533159],[-121.067840128133,39.0052576700031],[-121.067765851711,39.0052805393914],[-121.067465013346,39.0053961928146],[-121.067002704679,39.0055923130832],[-121.066490976521,39.0058342767336],[-121.065983845687,39.0060957290145],[-121.065693075774,39.0062934394589],[-121.065435946771,39.0064806678089],[-121.0653439603,39.0065787149377],[-121.065229759638,39.0066799746901],[-121.064960217182,39.0071064529508],[-121.064820004614,39.007362539909],[-121.064778927296,39.0074376683941],[-121.064748634224,39.0074930303728],[-121.064699642802,39.0075758529127],[-121.0639571977,39.0081480740409],[-121.063777307502,39.0084726811855],[-121.063638986917,39.0087222468206],[-121.062756253437,39.0091571752698],[-121.062679346974,39.0092800271608],[-121.062362593113,39.0097855597868],[-121.061779851322,39.0100578230646],[-121.061345280735,39.0100852685195],[-121.061240178475,39.0100806314004],[-121.061066083333,39.0100714029224],[-121.060975429787,39.0100599766536],[-121.060814930801,39.0100472177821],[-121.060456814419,39.0099624046595],[-121.059960854862,39.0098551420524],[-121.059553235156,39.0097958202124],[-121.059080501453,39.0097472844312],[-121.058725563092,39.0097229022601],[-121.058388423328,39.0097258339869],[-121.057977144668,39.0097538948036],[-121.0573477024,39.0097889752133],[-121.057281778521,39.0097892110322],[-121.056111159199,39.0098013818211],[-121.054410609849,39.0097576030951],[-121.053314651397,39.0099692415041],[-121.051827390215,39.0107223422524],[-121.050555872718,39.0119284521991],[-121.049375762782,39.0125354156422],[-121.048311882481,39.0127836114208],[-121.045908244998,39.0127161130119],[-121.0454886232,39.0129595638625],[-121.044783710995,39.013266850469],[-121.044341497094,39.0135016534125],[-121.043697888005,39.01368891684],[-121.043272651701,39.0138988542877],[-121.042148621151,39.0140446938757],[-121.041552169484,39.0143358006895],[-121.041030491261,39.0149574321523],[-121.038552482775,39.0149197188468],[-121.038516599444,39.0149442874947],[-121.038467163114,39.0149793568557],[-121.038418492202,39.015015119],[-121.038370656719,39.0150515204525],[-121.038323657467,39.015088587347],[-121.038277493474,39.015126306163],[-121.038232201873,39.0151646636946],[-121.0381877811,39.015203604975],[-121.038144231563,39.0152431849634],[-121.038101589793,39.0152833499084],[-121.038059856192,39.0153240700846],[-121.038019064209,39.0153653484721],[-121.037979144212,39.0154072106226],[-121.037940202808,39.0154496294899],[-121.037902292508,39.0154925649679],[-121.037865289765,39.0155360160372],[-121.037829249032,39.015579969635],[-121.03779422169,39.0156243838443],[-121.037760209096,39.0156693289474],[-121.037727210641,39.015714679715],[-121.037695226528,39.0157605064198],[-121.037664258487,39.0158067667346],[-121.037634374816,39.015853448612],[-121.037605506629,39.0159005226549],[-121.037577723195,39.015947990337],[-121.037551027203,39.0159958237536],[-121.037525346871,39.0160440367266],[-121.037500822124,39.0160926150977],[-121.037477350131,39.0161414778376],[-121.037454964813,39.0161906783804],[-121.037433737145,39.0162401776737],[-121.037413560924,39.0162899730386],[-121.03739454292,39.0163400257183],[-121.037376647536,39.0163903210049],[-121.037359875929,39.0164408589085],[-121.03734426122,39.01649166673],[-121.037329771589,39.0165426216848],[-121.03731644075,39.0165937925202],[-121.0373042333,39.0166451501152],[-121.037293202517,39.0166966831987],[-121.037283332038,39.0167483213657],[-121.037274568173,39.016800106515],[-121.037267035053,39.0168519973304],[-121.037260626435,39.016903993835],[-121.037255413139,39.0169560686863],[-121.037251326068,39.0170082078],[-121.037248470485,39.0170603985326],[-121.037246811161,39.0171125991517],[-121.037246225517,39.0171648221576],[-121.037246870398,39.0172170832611],[-121.037248660342,39.0172692979721],[-121.037251647881,39.0173215099679],[-121.037255831479,39.0173736624791],[-121.037263035885,39.0174419038938],[-121.037300965666,39.01752341453],[-121.037330153025,39.0175902448203],[-121.037357857563,39.0176574205055],[-121.037384062165,39.01772492613],[-121.037408678494,39.017792803307],[-121.037431829098,39.0178609566539],[-121.037453356555,39.0179294127989],[-121.037473402297,39.0179981314701],[-121.037491895711,39.0180671246974],[-121.037508803068,39.0181363246354],[-121.037524157473,39.0182057594863],[-121.037537960834,39.0182753734106],[-121.037550143074,39.0183451388032],[-121.037560810058,39.018415083566],[-121.037569855308,39.0184851392524],[-121.037577315232,39.0185553458033],[-121.037583224794,39.0186255944988],[-121.037587479684,39.0186959124056],[-121.037590220969,39.0187662862747],[-121.037591306797,39.018836701421],[-121.037590842439,39.0189071442999],[-121.037588795687,39.0189775200508],[-121.03758512926,39.0190479373746],[-121.037579898325,39.0191182453758],[-121.037573049015,39.019188498564],[-121.037564597857,39.0192586700486],[-121.037554671654,39.0193286915077],[-121.037543056977,39.0193986314478],[-121.037529894878,39.0194683928356],[-121.037515151655,39.0195379907077],[-121.03749886251,39.019607383913],[-121.037480955673,39.0196765844703],[-121.037461539631,39.0197455121945],[-121.037440542052,39.0198142205411],[-121.037418000801,39.0198826422549],[-121.037406641797,39.0199414762041],[-121.037394478884,39.0199972557674],[-121.037381086489,39.0200529152598],[-121.037366428405,39.0201083994269],[-121.037350542142,39.0201636671368],[-121.037333426153,39.020218747205],[-121.03731504559,39.0202735690729],[-121.037295471668,39.0203281612564],[-121.037274599484,39.0203825093744],[-121.037252533513,39.0204365737493],[-121.037229273961,39.0204903390668],[-121.037204823124,39.0205438062461],[-121.037179179239,39.0205969347314],[-121.037152378493,39.0206496959923],[-121.037124456302,39.0207021182486],[-121.037095343141,39.0207541333576],[-121.037065107561,39.0208057959387],[-121.037033681594,39.0208570081324],[-121.037001169917,39.0209078005326],[-121.036967468022,39.0209581299323],[-121.036932749529,39.0210080527205],[-121.036896842714,39.0210574575672],[-121.036859920424,39.021106372927],[-121.036821844073,39.0211547985543],[-121.036782683692,39.0212026800721],[-121.036742509732,39.0212500171611],[-121.036701215379,39.0212968512789],[-121.036658909898,39.0213430454908],[-121.036615555404,39.0213886679504],[-121.036571223688,39.0214337048361],[-121.036525843314,39.0214781438441],[-121.036479347075,39.0215218312648],[-121.036431178693,39.0215642291632],[-121.036381616051,39.0216056254211],[-121.03633097346,39.0216461766903],[-121.036279459474,39.0216860882979],[-121.036227318554,39.0217254730759],[-121.036174515125,39.0217643991973],[-121.036121085535,39.0218028264215],[-121.036066957048,39.0218407532451],[-121.03601192423,39.0218779995889],[-121.035956090222,39.0219145392784],[-121.035899439055,39.0219503577659],[-121.035841882955,39.0219854552246],[-121.035783579913,39.0220197635916],[-121.035724477403,39.0220533238724],[-121.035664575793,39.0220861090419],[-121.035604016347,39.0221180923403],[-121.0355426936,39.0221493008215],[-121.03548067798,39.0221796512837],[-121.035196982284,39.0224516087337],[-121.034919615464,39.0227291782776],[-121.034648977854,39.02301137409],[-121.034385361103,39.0232973905282],[-121.034128985615,39.0235866510891],[-121.033879818788,39.0238788402347],[-121.033637851163,39.0241747408131],[-121.033402739959,39.0244737464217],[-121.033173766322,39.0247742024907],[-121.032951870646,39.0250769411839],[-121.032737129099,39.0253816334444],[-121.032529646784,39.025688115319],[-121.032428728527,39.0258434525308],[-121.032329391446,39.0259963865778],[-121.032136254814,39.0263065157268],[-121.031950199518,39.026618707895],[-121.031771116952,39.0269331405906],[-121.03159882924,39.0272500736269],[-121.031433332307,39.0275697259176],[-121.031274517714,39.0278922623543],[-121.03112238707,39.0282176550489],[-121.030977008642,39.0285460694586],[-121.030838455185,39.0288772584659],[-121.030706908377,39.0292109497322],[-121.030614401325,39.0294649208422],[-121.030526104877,39.0297069827992],[-121.03041425263,39.0318666431341],[-121.03044624511,39.0325184668134],[-121.030553617783,39.0329411913456],[-121.030469006852,39.0346662437175],[-121.030459874386,39.0356324237578],[-121.030419472719,39.0367404041855],[-121.03038932752,39.036800055815],[-121.030367143662,39.0368413764604],[-121.03034401259,39.0368824414721],[-121.030319971032,39.0369231835881],[-121.030294982825,39.0369636286329],[-121.030269082592,39.0370037786957],[-121.030242307874,39.0370435917463],[-121.030214621892,39.0370830539646],[-121.030186024079,39.0371222067863],[-121.030156550066,39.0371610631201],[-121.030126238075,39.0371994467075],[-121.030095049697,39.0372375473176],[-121.030062986411,39.0372752568542],[-121.030030119055,39.0373125479785],[-121.02999637605,39.0373495020756],[-121.029961829355,39.0373860098344],[-121.02992644203,39.0374221538291],[-121.029890216549,39.0374578376837],[-121.029853291903,39.0374931184102],[-121.029815493307,39.0375279377961],[-121.029776961474,39.0375623114265],[-121.029737660773,39.0375962263916],[-121.029697593121,39.0376296268508],[-121.029656792048,39.0376625950643],[-121.029615293128,39.0376950637603],[-121.029573027826,39.0377269765115],[-121.029530135146,39.0377583894297],[-121.029486475133,39.0377893157628],[-121.029442187711,39.0378196602794],[-121.029397223028,39.037849436077],[-121.029351595718,39.0378786712047],[-121.029305360449,39.037907338189],[-121.029258500649,39.0379353819367],[-121.029211049063,39.0379628576745],[-121.0291630074,39.0379897248753],[-121.029114410695,39.0380159559028],[-121.029065206603,39.0380415773469],[-121.029015484028,39.0380665079661],[-121.028965223553,39.038090816066],[-121.028914478682,39.038114475065],[-121.028863216857,39.0381374162228],[-121.028811434843,39.0381597070792],[-121.028759204994,39.0381812941826],[-121.028706561962,39.0382021778213],[-121.028653471111,39.0382223568051],[-121.02860000307,39.0382418191097],[-121.028546050238,39.0382605773509],[-121.028491721758,39.0382785909967],[-121.028437085778,39.0382958606149],[-121.02838207338,39.0383123577023],[-121.028326719606,39.0383281384065],[-121.028271023099,39.0383431333465],[-121.028215055861,39.0383573989779],[-121.028158816536,39.0383708659199],[-121.028102307065,39.0383835612152],[-121.028045561718,39.038395513077],[-121.027988616271,39.0384066398219],[-121.02793139799,39.0384170228244],[-121.027874016587,39.0384265801167],[-121.027816432798,39.0384353951547],[-121.027758755008,39.0384433985721],[-121.027700877901,39.0384506048055],[-121.0276429043,39.0384570129106],[-121.027584801843,39.0384626244192],[-121.027526639858,39.0384674381077],[-121.027468383671,39.0384714554884],[-121.027410102785,39.0384746627271],[-121.027309700223,39.0384811966937],[-121.027246487173,39.0384897581542],[-121.027084542075,39.0385062690969],[-121.027028788122,39.038515153079],[-121.026962743369,39.0385234844358],[-121.026858610365,39.0385388715153],[-121.026748199483,39.0385409286379],[-121.026671565771,39.0385396290785],[-121.026590903493,39.0385471110984],[-121.026464587087,39.0385510116496],[-121.026369359328,39.0385563808393],[-121.026197690617,39.0385566760291],[-121.026081897721,39.0385557911561],[-121.025947895375,39.0385732610929],[-121.025775976213,39.0385904273824],[-121.025620179226,39.0386027579824],[-121.025451292413,39.0386119311608],[-121.025358319355,39.0386209985502],[-121.025281211127,39.0386235382387],[-121.025176819628,39.0386359279738],[-121.025004199312,39.0386476917847],[-121.024883897827,39.0386572021956],[-121.02475653739,39.0386678615069],[-121.024640894208,39.0386791674058],[-121.024483479214,39.0386938730276],[-121.024318977605,39.0387093001779],[-121.024210933588,39.0387209854958],[-121.02404675288,39.0387361690049],[-121.023914491703,39.0387498620167],[-121.02378945913,39.0387628325584],[-121.023655569394,39.0387669413949],[-121.023530333875,39.0387690640486],[-121.023442488239,39.0387688215601],[-121.023311324569,39.0387642213448],[-121.023133446012,39.038771737428],[-121.022942562563,39.0387725397109],[-121.022913783147,39.0387708974939],[-121.022823349764,39.0387974750955],[-121.022622608453,39.0388211914094],[-121.022365061378,39.0388457217786],[-121.022237379011,39.0388618260744],[-121.022141284459,39.038880144861],[-121.022033780456,39.0388973524993],[-121.021926178578,39.0389100970692],[-121.021805998165,39.038926002603],[-121.02168326369,39.0389471730398],[-121.021569529301,39.0389756963752],[-121.021497171321,39.0390088913741],[-121.021400832769,39.0390474452792],[-121.021335334648,39.0390760842899],[-121.02123763821,39.0391185122302],[-121.02117924238,39.039149133327],[-121.021098352963,39.0391920320604],[-121.021031627045,39.0392330173061],[-121.020969102172,39.0392731873632],[-121.020916377901,39.0393099244313],[-121.02085266428,39.039357196128],[-121.020818690933,39.0394103185914],[-121.020778324091,39.0394904908369],[-121.020750250291,39.0395550592183],[-121.020738868974,39.0396104309673],[-121.020729628691,39.039699459342],[-121.020734279072,39.0397807513228],[-121.020740142925,39.039852058036],[-121.020753442163,39.0399432244678],[-121.020750975051,39.0400224521327],[-121.020753868286,39.0400907951486],[-121.020753396506,39.0401988439923],[-121.020763561119,39.0402786030304],[-121.020777297993,39.0403929496318],[-121.02078743357,39.0404697976195],[-121.020803311446,39.0405515136631],[-121.020850953385,39.040663467687],[-121.020888468024,39.0407617717744],[-121.020946478651,39.0408879137289],[-121.020983596747,39.0409639307392],[-121.021022491837,39.0410566590054],[-121.021054449021,39.0411520469801],[-121.021104057501,39.0412721453042],[-121.021153019954,39.04136249954],[-121.021204891121,39.0415151022944],[-121.021240441352,39.0416996669236],[-121.021247029485,39.0417987957861],[-121.021228370337,39.0419158909015],[-121.021188475285,39.0420357733939],[-121.021139097885,39.0421792455041],[-121.021102679413,39.0423303507504],[-121.021067330769,39.0424703163617],[-121.021045918629,39.0425980017875],[-121.02101254689,39.0426992940364],[-121.020979235234,39.0428038399209],[-121.020934748572,39.0429196062785],[-121.020891773495,39.0430431006059],[-121.020842229885,39.0431934909761],[-121.020817595916,39.0433147646179],[-121.020766378724,39.0434537319229],[-121.020731307575,39.0435531287296],[-121.020667687434,39.0438378695913],[-121.020907638248,39.0443542280549],[-121.02077823889,39.0450417957487],[-121.020513762683,39.0457519251939],[-121.019862098835,39.0461137977765],[-121.018680669761,39.047042938904],[-121.017926881698,39.047322222186],[-121.016986163076,39.0473455943637],[-121.016957455353,39.0473462035544],[-121.016883553589,39.0473478323841],[-121.015876536018,39.0472639015579],[-121.01411085624,39.0473024134301],[-121.01335685312,39.0485161639623],[-121.013078320489,39.0492077597414],[-121.013088137001,39.0499188771185],[-121.013206779371,39.0505459558869],[-121.013240635696,39.0507421381675],[-121.013296573805,39.0508801562687],[-121.013502153045,39.0511946313623],[-121.013638117679,39.0514403631375],[-121.013692821869,39.0515684300796],[-121.013480598729,39.0519156702418],[-121.013216945984,39.0521322075607],[-121.012870725827,39.052317207276],[-121.012561888727,39.0525159235509],[-121.012249246979,39.0525326606841],[-121.01149734066,39.0524311662927],[-121.011219313601,39.0522488662168],[-121.010958332211,39.0520311498954],[-121.0108428031,39.0518407827736],[-121.010738840132,39.0515586329739],[-121.010346046717,39.0513864501713],[-121.009820094755,39.0512224716649],[-121.009527332875,39.0513038448988],[-121.00915386429,39.0513844763174],[-121.008745616824,39.0516352236464],[-121.008550200104,39.0518064733888],[-121.008311577505,39.0520602828037],[-121.008128168939,39.0523824136548],[-121.008121190198,39.0526443992471],[-121.008118385982,39.0531542419494],[-121.008387741682,39.0540187594906],[-121.008435322068,39.0543508467661],[-121.008352688314,39.0550311643831],[-121.008368728157,39.055404995705],[-121.00835763783,39.0558552075631],[-121.008336481841,39.0562193314145],[-121.008248076559,39.0567608200991],[-121.007821624918,39.0573809852174],[-121.007306137338,39.0578901423403],[-121.007172700814,39.0578843923009],[-121.007167927101,39.0580390302306],[-121.007071811156,39.058200029664],[-121.006942968425,39.058328815198],[-121.006753239535,39.0587986757176],[-121.007072578847,39.0599748460359],[-121.006996765021,39.0612301373264],[-121.006955763723,39.0612580167108],[-121.00556701057,39.0616332993719],[-121.00466693061,39.0618186836041],[-121.004109965856,39.061967094943],[-121.003460676604,39.0622161219864],[-121.00294648907,39.0625643574487],[-121.002863098826,39.0626208285349],[-121.002853337239,39.0626274314844],[-121.002801327239,39.0626878637423],[-121.00263290585,39.0628835813113],[-121.002386070671,39.0632762527524],[-121.002382903088,39.0636013168865],[-121.002456593518,39.0638960380141],[-121.002897799715,39.0649740508181],[-121.002950605412,39.0650336499469],[-121.002998762051,39.0651082029041],[-121.003043409326,39.0652069716468],[-121.003078587025,39.0652928080985],[-121.003134542372,39.0654189958917],[-121.003162481484,39.0654985920637],[-121.003221927683,39.0656194826609],[-121.003247649517,39.0657290452766],[-121.003264495533,39.0658535256051],[-121.003302794239,39.0659904361388],[-121.003329002181,39.0661531098084],[-121.003330058245,39.0662783064576],[-121.003336041564,39.0664363855962],[-121.003340398198,39.0665598528107],[-121.003333923752,39.0666795751854],[-121.003321753475,39.0668460945492],[-121.003314048802,39.0669455686717],[-121.00330670484,39.0670394450062],[-121.003283746451,39.0671165194546],[-121.003250705446,39.0672216534772],[-121.003222018929,39.0673027969286],[-121.003199541276,39.0674658506699],[-121.003143045896,39.0676132090879],[-121.00308930493,39.0677275849099],[-121.003018935864,39.0678345140319],[-121.002941594118,39.0679263628362],[-121.002857944101,39.06802834496],[-121.002787399765,39.0681301922915],[-121.00270054387,39.0682397810699],[-121.002662446001,39.0682762513197],[-121.002518786925,39.0683021787598],[-121.002298866574,39.0683706206844],[-121.00228222556,39.0683691872754],[-121.002246451126,39.0683856593701],[-121.00219508727,39.0684061160123],[-121.002154188164,39.0684138388573],[-121.002128864544,39.0684186472854],[-121.002032378613,39.0684240266903],[-121.001985340683,39.0684424067727],[-121.0019128238,39.068466691179],[-121.001836932368,39.0684779314025],[-121.001742968269,39.068461804353],[-121.001603866019,39.0684317537849],[-121.001461080699,39.0684156471003],[-121.001375023806,39.0684083748232],[-121.001203127312,39.0683884220594],[-121.001121290601,39.0683791263047],[-121.000988933105,39.0683503949477],[-121.000827705215,39.0683382771583],[-121.000707831108,39.0683335694665],[-121.000575134901,39.068333942686],[-121.000372846199,39.0683284730917],[-121.000214021588,39.0683207408032],[-121.0000507137,39.0683161545087],[-120.999828352212,39.0683178171514],[-120.999632622329,39.0683168241435],[-120.999478712603,39.0683177825336],[-120.999305360292,39.0683161017619],[-120.99910223302,39.0683200974887],[-120.998867837324,39.0683308531235],[-120.99863028385,39.0683456451053],[-120.998419906358,39.0683492746628],[-120.998209217381,39.0683549885407],[-120.997999967252,39.0683585720744],[-120.997861056371,39.0683574329382],[-120.99769959557,39.0683568267761],[-120.997519178653,39.0683664933604],[-120.997378158898,39.0683749733032],[-120.997303007935,39.06838610704],[-120.997211159773,39.0684172519509],[-120.997123450858,39.0684495585206],[-120.997080728026,39.0684641017049],[-120.997014361283,39.068486734197],[-120.997017975266,39.0684728428379],[-120.99697546929,39.0685019409308],[-120.99685867714,39.0685980327784],[-120.996780737739,39.0686542581785],[-120.996752504667,39.0686804583158],[-120.996706654668,39.0687417372827],[-120.996689567223,39.0687692963865],[-120.996673007348,39.0688119086024],[-120.996670868952,39.0688484107369],[-120.996661318643,39.0689158786527],[-120.996655142846,39.0689490793863],[-120.99665522843,39.0690200626514],[-120.996654177028,39.0690619840229],[-120.996653687108,39.0691190128538],[-120.996671115865,39.0692065660254],[-120.996693143022,39.069287842585],[-120.996719631394,39.0693401342574],[-120.996748750156,39.0693957701652],[-120.996778495088,39.0694643176942],[-120.996830318383,39.0695409353491],[-120.996877894902,39.0696164740988],[-120.996933124556,39.0696813967518],[-120.996998826496,39.0697356725987],[-120.997098814749,39.0698264071556],[-120.997156250566,39.0698773992001],[-120.997229767623,39.0699395132722],[-120.99730493009,39.0699973297597],[-120.997398840491,39.0700695866433],[-120.997490866823,39.0701256264312],[-120.997597788207,39.0701895653539],[-120.997706998816,39.0702385032179],[-120.997811386807,39.0702960219949],[-120.997902588311,39.0703618849371],[-120.998026710453,39.0704599107718],[-120.998109878113,39.0705396530682],[-120.998162437253,39.0706142449017],[-120.998236724536,39.0706991567034],[-120.998278049944,39.0707735420373],[-120.998341760699,39.0709101779141],[-120.998387243276,39.0710057429511],[-120.998424191748,39.0711255363137],[-120.998464950922,39.0712499749863],[-120.998506704324,39.0713788158509],[-120.998547981647,39.0715338218284],[-120.998578287264,39.0716426842497],[-120.998602736934,39.0717546539982],[-120.998601241512,39.0718778512606],[-120.998588747541,39.0719767343625],[-120.998575477421,39.0720607009703],[-120.998571104005,39.0720885073863],[-120.998555834733,39.0721469470546],[-120.998486517322,39.0721712568414],[-120.998392184521,39.0722756430965],[-120.99825270132,39.0723941952849],[-120.998072795564,39.0724442183192],[-120.997752079819,39.0725918561632],[-120.997369341375,39.0727436552],[-120.997104104939,39.0728888585135],[-120.996827249784,39.0730311324383],[-120.996464333665,39.0731857900746],[-120.99613516214,39.073355483029],[-120.99586074179,39.0734723208346],[-120.995532507309,39.0735707638187],[-120.995166606211,39.0736995801639],[-120.994684533444,39.0738896987063],[-120.994399867316,39.0740033690904],[-120.994194759434,39.0741134423365],[-120.99405907979,39.0741990153536],[-120.993919935106,39.0743276977119],[-120.993885469945,39.0743558757981],[-120.993779737523,39.0744015062583],[-120.993645828043,39.0744368439059],[-120.99349994655,39.0744420376682],[-120.993259069734,39.0744363056126],[-120.993076467731,39.0744672410593],[-120.992789370104,39.0745756694528],[-120.992574871367,39.0746893650286],[-120.992457877084,39.074820790207],[-120.992345605507,39.0750089602822],[-120.992263630278,39.0751030142702],[-120.992223613083,39.075137596096],[-120.992141383528,39.0751975155551],[-120.991971502572,39.0753170876036],[-120.991872740177,39.0754124240905],[-120.991797659021,39.0754996725408],[-120.991695106014,39.0756534091095],[-120.991643019938,39.0757437392025],[-120.991521092506,39.0759368771951],[-120.99144334101,39.0760731173627],[-120.991335148704,39.0762417696108],[-120.991242527098,39.0764400211846],[-120.991204823603,39.0765866031369],[-120.991211131594,39.0767595693585],[-120.991258295718,39.0769184450177],[-120.991296358973,39.0769939856296],[-120.991373692723,39.0770801902388],[-120.991474799437,39.0771965038736],[-120.991593532139,39.0773046500984],[-120.991702063607,39.0773943927643],[-120.991839589632,39.0774766969071],[-120.992036793246,39.0775640204198],[-120.992274263108,39.0776490276925],[-120.992428661487,39.077694461866],[-120.992651256634,39.0777477895493],[-120.992739726412,39.077752178217],[-120.992787103843,39.0777723856025],[-120.992894195733,39.0778000565111],[-120.993014892855,39.0778395970123],[-120.993205748649,39.0779027818589],[-120.993315176812,39.0779395607847],[-120.99347772458,39.0779991782492],[-120.993620205913,39.0780577709287],[-120.993838481132,39.0781426092904],[-120.994150931468,39.07827911439],[-120.994382876917,39.0784135242974],[-120.994565140665,39.0785585439714],[-120.994765645229,39.0787265393964],[-120.994862047512,39.07882240686],[-120.995004722703,39.0789494008459],[-120.995128263043,39.0790620055002],[-120.995317276096,39.0792529385816],[-120.995429434997,39.0793955130959],[-120.995532315059,39.0795440480559],[-120.995677404534,39.0797693117733],[-120.995764748693,39.0799253459642],[-120.995795241056,39.0800433267233],[-120.995854298665,39.0802612311929],[-120.995894678506,39.0803925050893],[-120.995894264105,39.0805348230695],[-120.995876063341,39.0806171270178],[-120.995823727875,39.0807699265804],[-120.995761439209,39.0808718407399],[-120.995704754691,39.080941263723],[-120.995623270947,39.0810378233143],[-120.995550550266,39.0810976622004],[-120.995431768458,39.0812032633308],[-120.995356717022,39.0812585514162],[-120.995265836,39.081302169792],[-120.995169358072,39.0813454650896],[-120.995050694988,39.0813855222663],[-120.994911326946,39.0814049424224],[-120.994775461704,39.0814157710498],[-120.994572802964,39.0814189389225],[-120.994293530762,39.0814333905884],[-120.994142433463,39.0814649554182],[-120.993968506571,39.0815039851812],[-120.99373460298,39.0815636951297],[-120.993600576871,39.0816435432036],[-120.99339553031,39.0817476562126],[-120.993204629198,39.0818132831632],[-120.993071745831,39.0818473110816],[-120.992850975448,39.0818678662863],[-120.992558740563,39.081884481106],[-120.992324791012,39.0819126367052],[-120.992112044531,39.0819139284572],[-120.99187724989,39.081924694889],[-120.991606503835,39.081946407506],[-120.991451125168,39.0819618139247],[-120.991317662398,39.0819720827442],[-120.991206769242,39.0819685693017],[-120.991051837784,39.0820143212034],[-120.990857301577,39.0821371665583],[-120.990816028895,39.0821926882484],[-120.990755002198,39.0823216862033],[-120.990604979678,39.0825198519864],[-120.990527233915,39.0826574915085],[-120.990469932386,39.0827746865065],[-120.990403472519,39.082844763746],[-120.990278277377,39.0829323727406],[-120.990170545584,39.0830060194303],[-120.990052755134,39.0830906725159],[-120.989928625724,39.083239415193],[-120.989843066467,39.0833516696225],[-120.989727888036,39.0834803618394],[-120.989623918916,39.0836260113267],[-120.989531832314,39.0837142091249],[-120.989431829632,39.0837793275835],[-120.989288425973,39.0838662840195],[-120.989165747588,39.0839797251886],[-120.989032161918,39.0841414839507],[-120.988916534798,39.0843088613153],[-120.988797775484,39.0845351947921],[-120.988669170693,39.084747741041],[-120.988596002411,39.0848753136417],[-120.988511329771,39.0850633616665],[-120.988478350361,39.0851892512979],[-120.988490188815,39.0852879605382],[-120.988563845724,39.0854000437765],[-120.988645367783,39.0855042033464],[-120.988699361333,39.0856486688671],[-120.988755981944,39.0857349701537],[-120.988797905762,39.0858684841707],[-120.988791952252,39.0860140765782],[-120.988794741524,39.0861666096192],[-120.988794915321,39.0861915172595],[-120.988795290915,39.0862983918444],[-120.988794348272,39.0863841668544],[-120.988583782584,39.0872434372305],[-120.988460728878,39.0876416552461],[-120.988462784354,39.0879171449703],[-120.988152471548,39.0887459213759],[-120.988114180886,39.0890214447374],[-120.988183610055,39.0890819909074],[-120.988226376342,39.0893563788769],[-120.988240805683,39.0895696709551],[-120.988185525291,39.0902081414456],[-120.988210459437,39.0904803422145],[-120.988123114455,39.0908129682497],[-120.98804342186,39.0910538360989],[-120.988004818401,39.0911440337232],[-120.987818283124,39.0916244353377],[-120.987741632192,39.0920468081247],[-120.987622472492,39.0924108455958],[-120.987506376336,39.092563032832],[-120.987390070961,39.0928062183159],[-120.987312947665,39.0929582771091],[-120.987159645348,39.093171650311],[-120.987083273077,39.0933844555285],[-120.98708524831,39.0938695958132],[-120.987013567452,39.0943554971538],[-120.987055405009,39.0946282015831],[-120.987099534874,39.094991953968],[-120.987219363084,39.0952640726246],[-120.987378652443,39.0955662722832],[-120.987419664551,39.095687367016],[-120.987460019765,39.0957780860138],[-120.987470059508,39.0961726527148],[-120.987400952212,39.0964464260092],[-120.987253005541,39.0966298325135],[-120.98717812743,39.0966911303511],[-120.986998333708,39.0971175767665],[-120.986966684851,39.0972583321624],[-120.986929884385,39.0974216146722],[-120.986932318056,39.0975126088962],[-120.986861812308,39.0977558897741],[-120.986946748618,39.0980138379764],[-120.986985619296,39.0981861533897],[-120.987054853751,39.0984308399853],[-120.987153744316,39.0987160945364],[-120.987250820114,39.0989287032458],[-120.987269098036,39.0989689525987],[-120.987270225272,39.0989713794827],[-120.987371965603,39.0991954789278],[-120.987560393738,39.0997204884734],[-120.987604401291,39.1000833329317],[-120.987608682602,39.1004765042896],[-120.987609948328,39.1005975006362],[-120.98753660886,39.1010216861316],[-120.987464954909,39.1014018415614],[-120.9873471223,39.1014772105768],[-120.987210711327,39.1015530766949],[-120.98719891472,39.1024615457777],[-120.987194105718,39.1024676273812],[-120.987191379565,39.1024709261979],[-120.987188548595,39.1024741970776],[-120.987169250896,39.1024928932772],[-120.987150372756,39.1025118417636],[-120.987131842536,39.102531039212],[-120.987113802022,39.1025505156825],[-120.987096182265,39.1025701606677],[-120.98707901559,39.1025901393119],[-120.987062304355,39.1026102867723],[-120.987045978809,39.1026306294702],[-120.987030213121,39.1026511968461],[-120.987014831567,39.1026719873739],[-120.986999942063,39.1026929740636],[-120.986985577364,39.1027141301729],[-120.986971597957,39.1027355094447],[-120.986958144512,39.1027570581466],[-120.986945146124,39.1027788026896],[-120.986932639016,39.1028007163618],[-120.986920587752,39.1028227709278],[-120.986909097491,39.1028450510843],[-120.986898063873,39.1028674162865],[-120.986887521139,39.1028899785426],[-120.986877468918,39.1029126828952],[-120.986867944619,39.1029355008407],[-120.986858946673,39.1029584611942],[-120.986850440798,39.1029815357304],[-120.986842425851,39.1030047235385],[-120.986834937646,39.1030280267316],[-120.986827977364,39.1030514435181],[-120.986821544611,39.1030749207422],[-120.986815604344,39.1030984833245],[-120.98681019082,39.1031221612921],[-120.986805305238,39.1031458708724],[-120.986800946801,39.103169667914],[-120.986797152146,39.1031934968799],[-120.986793885036,39.1032173853829],[-120.986791075336,39.1032413057871],[-120.986788830177,39.1032652860499],[-120.98678714689,39.1032892702929],[-120.986785992692,39.1033132870597],[-120.986785366828,39.1033373084164],[-120.986785270841,39.1033613073494],[-120.986785666963,39.1033853375841],[-120.986786662329,39.1034093459979],[-120.986788187586,39.1034333310872],[-120.98679020574,39.1034572925307],[-120.986792788843,39.1034812048283],[-120.986795935366,39.1035050940928],[-120.986799541648,39.1035289323966],[-120.986803712124,39.1035526936202],[-120.986808412494,39.1035764315192],[-120.986813643164,39.1036000370891],[-120.986819402959,39.1036235923006],[-120.986825657199,39.1036470968526],[-120.986832476421,39.1036704693764],[-120.986839826727,39.1036937357035],[-120.986847706934,39.1037168976252],[-120.986856046535,39.1037399536279],[-120.98686495152,39.103762849678],[-120.986874352507,39.1037856671537],[-120.986884319267,39.1038082976531],[-120.986894710726,39.1038308228326],[-120.986905633287,39.1038531598334],[-120.986917086935,39.1038753906364],[-120.98692900037,39.1038974074161],[-120.986941445679,39.1039192630501],[-120.986954421692,39.1039409584289],[-120.98696778814,39.1039624382806],[-120.986981686849,39.1039837299628],[-120.986996044985,39.1040048328426],[-120.987010935757,39.1040257214298],[-120.987026287887,39.1040463671775],[-120.987042065518,39.1040668517554],[-120.987058304906,39.1040870655692],[-120.987075041104,39.1041070638777],[-120.987092203991,39.1041268181439],[-120.987109828223,39.1041463304705],[-120.987127877987,39.1041655987445],[-120.987146390665,39.1041845962634],[-120.987173431115,39.1042110821751],[-120.987232484827,39.1042686007187],[-120.987289982775,39.1043265723844],[-120.987346166921,39.1043852181921],[-120.987401070736,39.1044446231182],[-120.987454696586,39.1045047025011],[-120.987506973932,39.1045654566311],[-120.987557937843,39.1046268587878],[-120.987607483908,39.1046888522112],[-120.987655680679,39.1047515753345],[-120.98770235401,39.1048148347581],[-120.987747609088,39.1048787133779],[-120.987791375775,39.10494318356],[-120.987833723448,39.1050082450073],[-120.98787451454,39.1050738145464],[-120.987913851158,39.1051399480194],[-120.987951631575,39.1052065625639],[-120.987987889329,39.1052736575716],[-120.98802266023,39.1053412351564],[-120.988055802495,39.10540926436],[-120.988087459854,39.105477720305],[-120.988117488955,39.1055466008481],[-120.988145927551,39.1056158531655],[-120.988172810733,39.1056854487341],[-120.9881980672,39.1057554409902],[-120.988221733177,39.105825722142],[-120.988243773189,39.1058963468372],[-120.98826418843,39.1059672313041],[-120.98828297734,39.1060384034579],[-120.988300143384,39.106109782249],[-120.988315684642,39.1061814208141],[-120.988329566441,39.1062532368722],[-120.988341753693,39.1063252580471],[-120.988352353158,39.1063973762575],[-120.988361329002,39.1064696713724],[-120.98836857677,39.1065420893337],[-120.98836956865,39.1065516536923],[-120.98837077095,39.1065612198761],[-120.988372115084,39.1065707323355],[-120.98837374092,39.1065802751659],[-120.988375579116,39.1065897648838],[-120.988377629286,39.1065992285124],[-120.988379890274,39.1066086660419],[-120.988382364368,39.1066180792937],[-120.988385049678,39.1066274385221],[-120.988387983576,39.1066367179254],[-120.988391058537,39.1066459976512],[-120.988394450657,39.1066552540018],[-120.988398019696,39.1066644290047],[-120.988401766025,39.1066735776174],[-120.988405725501,39.1066826181699],[-120.988409895384,39.106691661448],[-120.988414279582,39.1067005957751],[-120.988418874972,39.1067094778801],[-120.988423681938,39.1067183618199],[-120.988428667766,39.1067271094743],[-120.988433865197,39.1067357760817],[-120.988444759182,39.1067528136275],[-120.988450101979,39.1067611796962],[-120.988452926254,39.1067658311685],[-120.988455642992,39.1067705636892],[-120.988458218474,39.106775309399],[-120.988460723046,39.1067800815205],[-120.988463085783,39.1067849073663],[-120.98846534331,39.1067897322996],[-120.988467528372,39.1067946115587],[-120.988469538469,39.1067995163272],[-120.988471476486,39.1068044483982],[-120.988473308509,39.1068094345042],[-120.988474999482,39.106814419387],[-120.98847658369,39.1068194312714],[-120.988478063472,39.1068244683761],[-120.988479401035,39.1068295051482],[-120.988480667288,39.1068345962563],[-120.98848179249,39.1068396861412],[-120.988482812484,39.1068447751135],[-120.98848369104,39.1068498898861],[-120.988484463989,39.1068550316703],[-120.988485130584,39.1068601716313],[-120.988485655718,39.1068653391941],[-120.988486057542,39.1068704777598],[-120.988486389611,39.1068756427473],[-120.988486597586,39.1068808336854],[-120.988486628657,39.1068860239902],[-120.988486554918,39.1068911854584],[-120.988486411039,39.1068963192915],[-120.988486125325,39.106901506849],[-120.988485699716,39.1069066931933],[-120.988485166984,39.1069118506809],[-120.988484530199,39.1069170072661],[-120.988483787047,39.1069221629289],[-120.988482866991,39.1069273179584],[-120.988481948889,39.1069324171496],[-120.988480853896,39.1069375148067],[-120.988479546928,39.106942638553],[-120.988478204904,39.106947707041],[-120.98847675844,39.10695280165],[-120.988475170554,39.106957840078],[-120.988473513286,39.1069628788052],[-120.988471643685,39.1069678877634],[-120.988469775638,39.1069728688073],[-120.988467731086,39.1069778212937],[-120.988465616408,39.1069827452443],[-120.98846332638,39.1069876406473],[-120.988460947713,39.1069925082549],[-120.988458499691,39.10699737436],[-120.988455928731,39.1070021853454],[-120.988453291185,39.1070067200805],[-120.988451811078,39.1070091513624],[-120.988450261232,39.1070115270852],[-120.9884486771,39.1070138745828],[-120.988447058283,39.1070162217797],[-120.988445333087,39.1070185689548],[-120.988443572848,39.1070208599708],[-120.98844177831,39.1070231236625],[-120.988439912861,39.1070254137659],[-120.988438013898,39.1070276215976],[-120.988436043254,39.1070298288075],[-120.988434038324,39.1070320077924],[-120.98843203378,39.1070341597538],[-120.988429924026,39.1070363108028],[-120.988427779602,39.1070383795699],[-120.988425565422,39.1070404747588],[-120.98842331543,39.107042486755],[-120.98842103151,39.1070445263845],[-120.988418747219,39.1070465110565],[-120.988416322662,39.1070484395574],[-120.988413899261,39.1070503680684],[-120.98841147509,39.1070522695459],[-120.988408946108,39.1070541421867],[-120.988406418103,39.1070559463681],[-120.98840381996,39.1070577229145],[-120.988401186181,39.1070594847374],[-120.988398518117,39.1070612183353],[-120.98839581614,39.1070628975855],[-120.98839304288,39.1070645482899],[-120.988390271549,39.1070661449573],[-120.98838749946,39.1070677136905],[-120.988384587875,39.1070692532862],[-120.988381711362,39.1070707661592],[-120.988378800562,39.1070722508071],[-120.988375889777,39.107073653474],[-120.988372874939,39.1070750552383],[-120.988369860115,39.1070763750215],[-120.98836684569,39.1070776668805],[-120.98836376074,39.1070789581278],[-120.988360642289,39.1070801662023],[-120.988357523825,39.1070813751776],[-120.988354370704,39.1070825009702],[-120.988351183285,39.1070835994384],[-120.988349092385,39.1070843497634],[-120.988347002242,39.1070851280225],[-120.988344876644,39.1070858789473],[-120.988342785716,39.107086712154],[-120.988340694402,39.1070875723839],[-120.988338672456,39.1070884332155],[-120.988336650869,39.1070893499055],[-120.988334663979,39.1070902659955],[-120.988332676112,39.1070912505446],[-120.988330724458,39.1070922092821],[-120.988328770682,39.1070932355679],[-120.988326852747,39.1070942621646],[-120.988324969868,39.1070953440197],[-120.988323087375,39.1070963988513],[-120.988321238781,39.1070975089314],[-120.988319460327,39.1070986466465],[-120.988317646032,39.1070997840507],[-120.988315866792,39.1071009767133],[-120.988314158078,39.1071021699877],[-120.988312413894,39.1071034179087],[-120.988310773763,39.1071046667322],[-120.988309100104,39.1071059152649],[-120.988307460345,39.107107219046],[-120.988305891098,39.1071085243396],[-120.988304285637,39.1071098554448],[-120.988302750688,39.1071111880626],[-120.988301250808,39.107112575038],[-120.988299750915,39.1071139629141],[-120.98829835546,39.1071154057497],[-120.988296926105,39.1071167933367],[-120.988295530637,39.107118237073],[-120.988294206464,39.1071197084544],[-120.988292880749,39.1071212068492],[-120.988291625546,39.1071227067564],[-120.988290370742,39.1071241787394],[-120.988289150222,39.1071257600278],[-120.988287965158,39.1071272875701],[-120.98828681515,39.1071288703709],[-120.98828573491,39.1071304258491],[-120.988284655028,39.1071320371858],[-120.988283646071,39.10713362121],[-120.988282635185,39.107135259271],[-120.988281660514,39.1071368715202],[-120.988280755595,39.1071385384279],[-120.988279816378,39.1071401780114],[-120.988279016669,39.1071418458318],[-120.988278182276,39.1071435133512],[-120.988277452694,39.1071452097075],[-120.988276689212,39.1071468508153],[-120.988276030526,39.1071486027408],[-120.988275336398,39.1071503264313],[-120.988274747867,39.107152024011],[-120.988274158949,39.1071537486141],[-120.988273641314,39.1071555017632],[-120.988273122922,39.107157226978],[-120.988272674656,39.1071589807288],[-120.988272262038,39.1071607483021],[-120.988271884105,39.1071625161763],[-120.988271542218,39.1071642699489],[-120.988271235389,39.1071659978997],[-120.988270962473,39.1071677801982],[-120.988270761238,39.1071695631185],[-120.988270594688,39.1071713463396],[-120.988270464365,39.1071731028482],[-120.98827036834,39.1071748866811],[-120.988270307,39.1071766708148],[-120.988270317728,39.1071784285469],[-120.988270326914,39.1071802132925],[-120.988270407382,39.1071820265839],[-120.988270523719,39.1071837573044],[-120.988270674342,39.10718551625],[-120.988270860419,39.1071873025299],[-120.988271081567,39.1071890620872],[-120.988271338955,39.1071907940313],[-120.988271666084,39.1071925815346],[-120.988272028669,39.1071943152921],[-120.988272426722,39.107196075483],[-120.988272825161,39.1071978086505],[-120.988273328798,39.1071995436315],[-120.988273797763,39.1072012774108],[-120.988274372324,39.1072029850792],[-120.988274981183,39.107204720072],[-120.9882755573,39.1072063998263],[-120.988276237071,39.1072081084074],[-120.988276953082,39.1072097893752],[-120.988277704922,39.1072114715547],[-120.988278491858,39.10721312521],[-120.988279313465,39.107214780067],[-120.988280170914,39.1072164352349],[-120.988281064989,39.1072180357661],[-120.988282028433,39.107219636899],[-120.988282992647,39.1072212650653],[-120.988283992331,39.1072228385848],[-120.988285026687,39.1072244133061],[-120.988286096897,39.1072259874374],[-120.988287238019,39.1072275351571],[-120.988288379925,39.1072290279291],[-120.988289590416,39.1072305762504],[-120.988290803248,39.1072320417101],[-120.988292086206,39.1072335357056],[-120.988293404235,39.1072350029785],[-120.988294653293,39.1072364417256],[-120.988296006406,39.1072378813752],[-120.988297395759,39.1072392934116],[-120.988298821338,39.1072406787353],[-120.988300317443,39.1072420646708],[-120.988301778493,39.1072433953478],[-120.988303310455,39.1072446996132],[-120.98830484203,39.1072460309019],[-120.988306410231,39.1072473075539],[-120.988308013118,39.1072485845067],[-120.988309686928,39.1072498341471],[-120.988311361112,39.1072510576648],[-120.988313070393,39.1072522526585],[-120.988314781216,39.1072534206387],[-120.988316526711,39.1072545898205],[-120.988318307689,39.1072557034548],[-120.988320090222,39.1072567891749],[-120.988321907028,39.1072579040208],[-120.988323759716,39.107258935395],[-120.988326628137,39.1072604980963],[-120.988351282541,39.1072739478333],[-120.988365441153,39.1072820606418],[-120.988379384281,39.1072903643702],[-120.988393114635,39.1072988311148],[-120.988406665347,39.1073074890903],[-120.988419967072,39.1073163358938],[-120.988433089154,39.1073253739285],[-120.988445998463,39.1073345749794],[-120.988458693844,39.1073439390367],[-120.98847117491,39.1073534931238],[-120.988483406592,39.1073631828832],[-120.9884954598,39.1073730629833],[-120.988507264408,39.1073831048884],[-120.988518819233,39.1073933103903],[-120.988530125843,39.1074036506739],[-120.98854118384,39.1074141536635],[-120.988552027908,39.10742481966],[-120.988562588306,39.1074355931043],[-120.988572934389,39.1074465565791],[-120.988582997202,39.1074575995776],[-120.988592845686,39.1074688335074],[-120.988602375816,39.1074801745845],[-120.988611693571,39.1074916507548],[-120.988620726102,39.1075032622874],[-120.988629475361,39.107514953344],[-120.98863797562,39.1075268341308],[-120.988646228821,39.1075387686299],[-120.988654127441,39.1075508369894],[-120.988661812928,39.1075630125081],[-120.98866914382,39.107575322788],[-120.988676263894,39.1075876591672],[-120.98868306407,39.1076001297076],[-120.988689580974,39.1076126797726],[-120.988695813807,39.1076253652104],[-120.988701729469,39.1076380749247],[-120.988707396901,39.1076509203227],[-120.98871274716,39.1076637899972],[-120.988717777906,39.1076767668098],[-120.988722526152,39.1076897691005],[-120.988727026566,39.1077028791509],[-120.988731137739,39.1077160398798],[-120.988735001866,39.107729253421],[-120.988738548806,39.1077424921395],[-120.988741776989,39.1077558659307],[-120.988744688026,39.1077691811168],[-120.988747351617,39.1077825770394],[-120.988749661794,39.1077960248523],[-120.98875168988,39.1078094693184],[-120.988753400379,39.1078229668862],[-120.988754794089,39.1078364617074],[-120.988755869083,39.1078500078188],[-120.988756627274,39.1078635520844],[-120.98875710336,39.1078770939042],[-120.988757261885,39.1078906870242],[-120.988757068152,39.1079042509643],[-120.988756592327,39.1079178115577],[-120.988755834396,39.1079313697052],[-120.988754759675,39.1079449251063],[-120.988753333865,39.1079584504365],[-120.988751624805,39.1079719724102],[-120.988749599328,39.1079854655146],[-120.988747291757,39.1079989552722],[-120.98874466818,39.1080123873357],[-120.988741728198,39.1080257896292],[-120.988738470666,39.1080391612418],[-120.988734897514,39.1080524481366],[-120.98873107694,39.1080657328862],[-120.988726870602,39.1080789863635],[-120.988722418412,39.1080921278002],[-120.988717684102,39.1081052676916],[-120.988712598341,39.1081183216536],[-120.988707231656,39.1081312902978],[-120.988701790878,39.1081445889263],[-120.988696595988,39.1081579158123],[-120.988691716305,39.1081713562407],[-120.988687153026,39.108184826439],[-120.988682907293,39.1081983273179],[-120.98867897678,39.1082119408386],[-120.988675328385,39.1082255559043],[-120.988672031823,39.1082392298757],[-120.988669015438,39.1082529603298],[-120.988666316987,39.1082666944414],[-120.988663900255,39.1082804580223],[-120.988661870056,39.108294279909],[-120.988660086891,39.1083081309643],[-120.988658690274,39.1083219583444],[-120.988657540678,39.1083358157939],[-120.988656779184,39.1083497027344],[-120.988656299013,39.1083635659883],[-120.988656100962,39.1083774307874],[-120.988656255531,39.1083912995449],[-120.988656726905,39.1084051701483],[-120.9886575513,39.1084190167859],[-120.988658656645,39.1084328658594],[-120.988660046039,39.1084466624415],[-120.988661752612,39.1084604347469],[-120.98866388196,39.1084742377447],[-120.988666258759,39.108487960006],[-120.988668917653,39.108501685614],[-120.988671929608,39.1085153034735],[-120.988675259501,39.1085289249906],[-120.988678872287,39.1085424940059],[-120.988682802666,39.1085560099194],[-120.988687051767,39.1085694745428],[-120.988691618447,39.1085828869652],[-120.988696503106,39.1085962192623],[-120.988701671431,39.1086094450108],[-120.988707121109,39.1086226452708],[-120.988712891078,39.1086357654255],[-120.988718977856,39.1086488063457],[-120.988725348315,39.1086617398161],[-120.988732037897,39.108674594072],[-120.988738975317,39.1086873405674],[-120.988746266558,39.108700007248],[-120.98875380524,39.1087125940922],[-120.988761627987,39.1087250464633],[-120.98876973403,39.1087374184078],[-120.988778193522,39.1087496555797],[-120.988786831471,39.1087617852902],[-120.988795824026,39.108773780238],[-120.988805064407,39.1087856683257],[-120.988820340732,39.10880436272],[-120.988822404019,39.108807977865],[-120.988823776148,39.1088105987408],[-120.98882514829,39.1088132187157],[-120.988826414808,39.1088158666035],[-120.988827610027,39.1088185679266],[-120.988828770189,39.1088212139914],[-120.988829859438,39.1088238864683],[-120.988830913204,39.1088266144926],[-120.988831896841,39.1088293139815],[-120.988832774482,39.1088320675058],[-120.988833616281,39.1088348207193],[-120.988834387951,39.1088375453973],[-120.988835122596,39.1088403526362],[-120.988835752814,39.1088431040156],[-120.988836347561,39.1088459100417],[-120.988836906853,39.1088486887338],[-120.988837290019,39.1088514929257],[-120.988837707484,39.1088543244417],[-120.988838020123,39.1088571280222],[-120.988838332762,39.1088599316027],[-120.988838503947,39.1088627618847],[-120.988838710217,39.108865564543],[-120.988838739975,39.1088684197247],[-120.988838699978,39.1088712202482],[-120.988838694268,39.1088740489965],[-120.988838548273,39.1088769035555],[-120.988838332536,39.1088797025555],[-120.988838115257,39.1088825285688],[-120.988837792753,39.1088853545708],[-120.98883740089,39.1088881790707],[-120.988836937729,39.1088909759257],[-120.98883647417,39.1088938007049],[-120.988835869968,39.1088965954364],[-120.988835231068,39.1088993907679],[-120.988834522425,39.1089021305405],[-120.988833778311,39.1089049249599],[-120.988832927458,39.1089076634996],[-120.988832042676,39.1089104296728],[-120.988831086609,39.1089131673004],[-120.988830061172,39.1089159043266],[-120.988829036518,39.1089185864052],[-120.98882786887,39.1089213221986],[-120.988826667707,39.1089239757202],[-120.988825396786,39.1089266556639],[-120.988824089266,39.1089293073627],[-120.988822678076,39.1089319311359],[-120.988821300415,39.1089345551999],[-120.988819678427,39.1089371221912],[-120.988818195939,39.1089397183197],[-120.988816573181,39.1089422582776],[-120.988814881064,39.1089447967334],[-120.988813153093,39.1089473357792],[-120.988811355778,39.1089497913419],[-120.988809522223,39.1089522745179],[-120.988807583853,39.1089547288576],[-120.98880568211,39.1089571285605],[-120.988803603457,39.1089595276306],[-120.988801596129,39.1089618714637],[-120.988799447747,39.1089642140739],[-120.988797230778,39.1089665011351],[-120.988795047724,39.1089687614635],[-120.988792760614,39.1089710208899],[-120.988790472733,39.1089732532827],[-120.988788044595,39.1089754286044],[-120.988785617999,39.1089775769126],[-120.988783156346,39.1089796699625],[-120.988780622623,39.1089817894142],[-120.988778056542,39.1089838266043],[-120.988775418777,39.1089858631728],[-120.988772817638,39.1089878451045],[-120.988770040759,39.1089898255125],[-120.988767299736,39.1089917242502],[-120.98876452327,39.1089935947529],[-120.988761677819,39.1089954376308],[-120.988758833166,39.1089972246603],[-120.98875588213,39.1089990116683],[-120.988752932278,39.1090007158045],[-120.988749912285,39.1090023923058],[-120.988746857605,39.1090040685063],[-120.988744860863,39.1090056709969],[-120.988742863722,39.1090073014116],[-120.98874086541,39.1090090137973],[-120.988738938011,39.1090106997709],[-120.988737080754,39.1090124133794],[-120.988735222711,39.1090141819354],[-120.988733435183,39.1090159520036],[-120.988731647668,39.1090177211711],[-120.988729965338,39.1090195741324],[-120.98872828265,39.1090213712354],[-120.98872663422,39.1090232794449],[-120.988725021645,39.1090251870644],[-120.988723513899,39.1090270415393],[-120.988721971453,39.1090289776944],[-120.988720498377,39.1090309144509],[-120.988719060744,39.1090328794423],[-120.988717693253,39.1090348720686],[-120.988716360447,39.1090368649955],[-120.988715063097,39.1090388852566],[-120.988713870947,39.1090409073307],[-120.988712642569,39.1090429561174],[-120.988711485089,39.1090450604731],[-120.988710433608,39.1090471107935],[-120.988709346655,39.1090492157607],[-120.988708365315,39.1090512937159],[-120.988707418647,39.1090533728726],[-120.98870650665,39.109055534311],[-120.988705630495,39.1090576960602],[-120.988704859952,39.1090598307974],[-120.988704089009,39.1090619934587],[-120.988703352367,39.1090641834442],[-120.98870272208,39.1090663752527],[-120.988702091807,39.1090685661603],[-120.98870153129,39.1090707306461],[-120.988701041672,39.109072950701],[-120.988700552453,39.1090751428316],[-120.988700204675,39.1090773091618],[-120.988699783643,39.1090795847657],[-120.988699505608,39.1090818066549],[-120.988699227572,39.1090840285442],[-120.988699054749,39.1090862513457],[-120.988698881926,39.1090884741472],[-120.988698779245,39.1090907245836],[-120.988698747477,39.1090929486081],[-120.988698715709,39.1090951726325],[-120.988698788768,39.1090974245926],[-120.988698863369,39.1090996495394],[-120.988699043569,39.1091018483749],[-120.988699222611,39.1091041282806],[-120.988699508025,39.1091063280284],[-120.988699828894,39.1091085551103],[-120.988700149006,39.1091107542581],[-120.98870057663,39.1091129552389],[-120.988701002725,39.1091151823322],[-120.988701535962,39.109117356301],[-120.988702086541,39.1091195304202],[-120.988702706491,39.1091217051409],[-120.988703380783,39.1091238803326],[-120.988704055074,39.1091260555244],[-120.988704834977,39.1091282037043],[-120.988705649952,39.1091303251615],[-120.988706465685,39.1091324745528],[-120.988707387029,39.1091345969322],[-120.988708343059,39.1091367196123],[-120.988710295671,39.1091406355981],[-120.988718380795,39.1091520461129],[-120.988724214744,39.1091606092125],[-120.988729766199,39.1091691968894],[-120.988735210859,39.1091778944496],[-120.988740337953,39.1091866433098],[-120.988745321268,39.1091955008319],[-120.988750093771,39.1092043835528],[-120.988754724423,39.1092133208989],[-120.988759071409,39.1092223647933],[-120.988763135488,39.10923146209],[-120.988767163341,39.1092405860992],[-120.988770874384,39.1092497893428],[-120.988774408132,39.1092590189767],[-120.988777729514,39.1092683017237],[-120.988780838541,39.1092776366831],[-120.988783700503,39.1092870253557],[-120.988786315042,39.1092964118832],[-120.988788823197,39.1093058794693],[-120.988791049242,39.1093153446097],[-120.988793064076,39.1093248628732],[-120.988794865772,39.1093344072166],[-120.988796421214,39.1093439485241],[-120.988797870644,39.1093535447679],[-120.98879896745,39.1093631370536],[-120.988799886959,39.1093727557299],[-120.988800594873,39.1093823734727],[-120.988801057302,39.109392015213],[-120.988801341278,39.1094016833339],[-120.988801380926,39.1094112943824],[-120.988801172364,39.1094209582333],[-120.988800753004,39.1094305653023],[-120.988800157118,39.1094402257954],[-120.98879931459,39.1094498291958],[-120.988798225395,39.1094594583855],[-120.988796960471,39.1094690851507],[-120.988795448893,39.1094786557241],[-120.988793725744,39.1094882235624],[-120.988791792554,39.1094977625531],[-120.988789612323,39.1095072723752],[-120.98878725675,39.1095167527496],[-120.98878465375,39.1095262309788],[-120.988781805264,39.1095356521254],[-120.988778816109,39.1095450450257],[-120.988775581866,39.1095543529191],[-120.988772101354,39.1095636586774],[-120.988768479799,39.1095728812316],[-120.988764577288,39.1095821013501],[-120.988760498663,39.1095912649871],[-120.988756174565,39.1096003706406],[-120.988751710568,39.1096093940009],[-120.988746999157,39.1096184143151],[-120.988742078874,39.1096273238104],[-120.988736982875,39.1096361489001],[-120.988731676448,39.1096449721652],[-120.988726159234,39.1096536566671],[-120.98872043239,39.1096622834961],[-120.988714529417,39.1096708547442],[-120.9887084172,39.1096793412959],[-120.988702129254,39.1096877443427],[-120.988695630893,39.1096960635836],[-120.988688956816,39.1097042984188],[-120.988682109721,39.1097124218448],[-120.98867505067,39.1097204884782],[-120.988667853287,39.1097284440032],[-120.988660444333,39.1097363157122],[-120.988652826918,39.109744047777],[-120.98864506923,39.1097517236707],[-120.988637136598,39.1097592611116],[-120.988629029394,39.1097667150571],[-120.988620747629,39.1097740846067],[-120.988612326762,39.109781316014],[-120.988603695893,39.1097884347902],[-120.988594924366,39.1097954433383],[-120.988536604242,39.1098440902356],[-120.98857616481,39.1099712670065],[-120.988546278435,39.1099760879761],[-120.988531365908,39.1099985295823],[-120.98847767257,39.1102018112469],[-120.988469135672,39.1102319702109],[-120.988463527133,39.1102495502054],[-120.988457531261,39.1102671268405],[-120.988451148458,39.110284591112],[-120.988444380664,39.1103019691623],[-120.988437224022,39.1103192879849],[-120.98842964846,39.1103364671394],[-120.988421684051,39.1103535870658],[-120.988413335409,39.110370567625],[-120.988404599859,39.1103874340184],[-120.988395443859,39.1104041868561],[-120.988385937168,39.1104207997162],[-120.988376042771,39.1104373542586],[-120.988365799637,39.110453712985],[-120.988355169968,39.1104699314226],[-120.988344154135,39.110486064529],[-120.98833278955,39.1105020027198],[-120.988321038444,39.1105177997207],[-120.988308971344,39.1105334561434],[-120.988296520406,39.1105489452736],[-120.988283717633,39.1105642935144],[-120.988270602349,39.1105794192258],[-120.988257101301,39.1105943506009],[-120.988243249585,39.1106091401955],[-120.988229117705,39.110623790423],[-120.988214637857,39.1106381907863],[-120.988199807702,39.110652424147],[-120.988184662736,39.1106664340568],[-120.988169239161,39.1106802766848],[-120.988153430619,39.1106938691272],[-120.988137342311,39.1107072942775],[-120.988120976166,39.110720498099],[-120.988104331053,39.1107334787798],[-120.988087300973,39.1107462092745],[-120.988070098655,39.1107587734095],[-120.988052511,39.1107710324005],[-120.988034680565,39.1107831253205],[-120.988016606634,39.1107949404527],[-120.987998253722,39.1108065333442],[-120.987979623166,39.1108178913942],[-120.987960748714,39.1108289995802],[-120.987941595875,39.1108398440893],[-120.987922235357,39.1108504129226],[-120.987902631701,39.1108607598256],[-120.987882785306,39.1108708568742],[-120.987871195742,39.1108753427459],[-120.987863718909,39.1108781607189],[-120.987856173902,39.1108808132369],[-120.987848557582,39.1108834390097],[-120.987840873873,39.1108859254601],[-120.987833191721,39.1108883029157],[-120.987825404381,39.1108905965761],[-120.987817583913,39.1108927809407],[-120.987809731127,39.1108947992605],[-120.987801807042,39.1108967899343],[-120.987793849442,39.1108986983356],[-120.987785824068,39.1109004133576],[-120.987777799479,39.1109020734316],[-120.987769741775,39.110903623309],[-120.987761614343,39.1109050356452],[-120.987753489238,39.1109063660201],[-120.987745329476,39.1109076132117],[-120.987737136997,39.1109087222825],[-120.98772891062,39.110909695024],[-120.987720650354,39.1109106116156],[-120.987712426733,39.1109113915892],[-120.98770416884,39.1109120613562],[-120.987695878602,39.1109126479599],[-120.987687623852,39.1109130979356],[-120.987679265444,39.1109134380033],[-120.987670944077,39.110913694609],[-120.987662659341,39.1109138154976],[-120.987654341503,39.1109138252886],[-120.987646025223,39.1109137260848],[-120.987637744815,39.1109135443098],[-120.987629466365,39.1109132256159],[-120.987621154813,39.1109127958244],[-120.987612914192,39.1109122576402],[-120.987604641214,39.1109116371935],[-120.98759636905,39.110910878917],[-120.987588168987,39.110910011357],[-120.987547418186,39.1109080369491],[-120.987506587444,39.1109066393039],[-120.987465750014,39.1109057902291],[-120.987424868883,39.110905490304],[-120.987384016523,39.1109056852033],[-120.98734315476,39.1109064565769],[-120.987302285919,39.110907803544],[-120.987261478975,39.110909673551],[-120.987220664939,39.1109121200522],[-120.987144130857,39.1109181284043],[-120.987140323806,39.1109181503006],[-120.987136728742,39.11091814611],[-120.987133134451,39.1109180878725],[-120.98712954056,39.1109180017107],[-120.987125981755,39.1109178879259],[-120.987122425665,39.1109176651569],[-120.987118833733,39.1109174420764],[-120.987115313129,39.1109171637599],[-120.987111723155,39.1109168037608],[-120.987108167881,39.110916443162],[-120.987104614936,39.1109160006023],[-120.987101131763,39.1109155307207],[-120.987097580004,39.1109150052891],[-120.986851768625,39.1108907932337],[-120.986768030848,39.110892811785],[-120.986758547099,39.110893004175],[-120.986749947134,39.1108930123517],[-120.986741383441,39.1108929100333],[-120.986732820921,39.1108927257434],[-120.986724261517,39.1108924045445],[-120.986715702142,39.1108920004633],[-120.986707110042,39.1108914591617],[-120.986698624729,39.1108908088784],[-120.986690142546,39.1108900207854],[-120.986681660367,39.1108891516117],[-120.986673179774,39.1108881716415],[-120.986664736997,39.1108870541629],[-120.986656366309,39.1108858283022],[-120.986647996794,39.11088452047],[-120.98663962771,39.1108831018313],[-120.986631297972,39.1108815195717],[-120.986623073092,39.1108798823673],[-120.986614851316,39.1108781091547],[-120.986606665427,39.1108762524704],[-120.986598517327,39.1108742600794],[-120.986586644536,39.1108713830844],[-120.986574736243,39.110868643616],[-120.986562753906,39.1108660683661],[-120.986550698681,39.1108636573448],[-120.986538606023,39.1108614378867],[-120.986526406191,39.1108593544317],[-120.98651427376,39.1108574093972],[-120.986501997911,39.1108556279784],[-120.986489720472,39.1108540384343],[-120.986477368989,39.1108526131085],[-120.986465033646,39.1108513527848],[-120.986452625814,39.1108502287653],[-120.986440196336,39.1108493243737],[-120.986427766442,39.110848529886],[-120.986415333031,39.1108479002293],[-120.986402863344,39.110847462146],[-120.986390353898,39.1108472165064],[-120.986377878335,39.1108471080954],[-120.986365366125,39.1108471363],[-120.986352885841,39.1108473575713],[-120.986340367367,39.1108477424717],[-120.986327882763,39.1108482655013],[-120.986315430854,39.1108490086311],[-120.986302976971,39.1108498895788],[-120.986290555428,39.1108509347684],[-120.98627816661,39.1108521171765],[-120.986265739945,39.1108535199727],[-120.986253381848,39.1108550602988],[-120.986241056089,39.1108567648669],[-120.986228800042,39.1108586078759],[-120.986216540078,39.1108606436403],[-120.986204349838,39.1108628169448],[-120.986192191936,39.1108651544912],[-120.986180100645,39.1108676854061],[-120.986168079066,39.1108703547619],[-120.986156055525,39.1108731610349],[-120.986144170293,39.1108761603986],[-120.986132317774,39.1108792978817],[-120.986118976267,39.1108830530449],[-120.986077251367,39.1108899947831],[-120.986052138389,39.1108937304966],[-120.986026995062,39.1108970821613],[-120.986001750658,39.110900143756],[-120.985976475518,39.1109028483251],[-120.985951099676,39.1109052367014],[-120.985925727011,39.1109073224005],[-120.985900290082,39.1109090507826],[-120.985874823574,39.110910422149],[-120.985849360632,39.1109114638148],[-120.985823867325,39.1109122034125],[-120.985798343298,39.1109125850839],[-120.985772860016,39.1109126247653],[-120.985747381458,39.1109123347561],[-120.985721907817,39.1109117015446],[-120.985696474743,39.1109107389542],[-120.985671044849,39.1109094736865],[-120.985645655897,39.1109078529172],[-120.985620306756,39.110905874835],[-120.985595069099,39.1109035409638],[-120.985569870067,39.1109009326514],[-120.985544711591,39.110897995861],[-120.985519663057,39.1108947302951],[-120.985494690565,39.1108910807048],[-120.985469794487,39.1108871020475],[-120.98544504185,39.1108828777885],[-120.985420329814,39.1108782412692],[-120.985395798607,39.1108733324466],[-120.985371377332,39.1108680957498],[-120.985347103412,39.1108625017751],[-120.985322902781,39.1108566354628],[-120.985298884193,39.1108504121743],[-120.985275045266,39.1108439174738],[-120.985256249507,39.1108396621134],[-120.985237378883,39.1108357087981],[-120.985218400296,39.1108319464302],[-120.985199347644,39.1108284302591],[-120.985180184284,39.110825215821],[-120.985160912959,39.1108221923303],[-120.98514163691,39.1108194985214],[-120.985122287183,39.1108170238857],[-120.98510282716,39.110814822158],[-120.985083364744,39.1108128681512],[-120.985063827105,39.1108111603309],[-120.985044286297,39.1108097542782],[-120.98502467064,39.1108085682893],[-120.985005017528,39.1108076558421],[-120.984985394021,39.1108070175201],[-120.984965697978,39.1108065992819],[-120.984945961365,39.1108065104134],[-120.984926292543,39.1108066131206],[-120.984906584695,39.1108070181842],[-120.984886908382,39.1108076433363],[-120.984867227729,39.1108085711468],[-120.98484757978,39.1108097181551],[-120.984827926347,39.110811166911],[-120.984808341046,39.1108128640017],[-120.984788786891,39.1108148082042],[-120.984769263883,39.1108169995188],[-120.98474973809,39.1108194655777],[-120.984730313571,39.1108222072867],[-120.984710956427,39.1108251693963],[-120.984691666272,39.11082837893],[-120.984672442316,39.1108318908353],[-120.984637695851,39.1108388378491],[-120.98389436122,39.1110277916022],[-120.983506729111,39.1111183798811],[-120.983117305618,39.1112035963643],[-120.982727070874,39.111278891972],[-120.982336024594,39.1113444585825],[-120.981944103878,39.1114021082312],[-120.981551150796,39.1114531016781],[-120.981157080682,39.1114984282524],[-120.981146590456,39.1114999294],[-120.981137939538,39.111501061932],[-120.981129254359,39.1115020842553],[-120.981120569202,39.1115030245971],[-120.981111817058,39.111503798589],[-120.981103065691,39.1115045185337],[-120.981094281218,39.1115051282797],[-120.981085462484,39.111505627817],[-120.981076680006,39.1115060186624],[-120.981067829748,39.1115062981055],[-120.981059015357,39.1115064958802],[-120.981050166704,39.111506583446],[-120.981041321191,39.1115065332023],[-120.981032475702,39.1115064009769],[-120.981023597108,39.111506158553],[-120.981014755537,39.1115058344706],[-120.981005950636,39.1115053728716],[-120.980997111461,39.1115048019646],[-120.980988309335,39.1115041475977],[-120.980979474091,39.1115033839329],[-120.98097070979,39.1115025118793],[-120.980961948239,39.1115015290395],[-120.980953186726,39.1115004633173],[-120.980944428327,39.111499261587],[-120.980935740495,39.1114979775906],[-120.980927090088,39.1114965840118],[-120.980918475159,39.1114951357878],[-120.980909863759,39.1114935227309],[-120.980901322927,39.1114918274079],[-120.980892819506,39.1114900234033],[-120.980884317668,39.1114881095031],[-120.980875885995,39.1114861412609],[-120.980867493305,39.1114840355223],[-120.980859205856,39.1114818487215],[-120.980850920744,39.1114795799594],[-120.980842708146,39.1114771739939],[-120.980834566102,39.1114746866631],[-120.980826426408,39.1114721164702],[-120.980818429343,39.1114694385151],[-120.980810432718,39.1114666497537],[-120.980802543243,39.1114638078745],[-120.980794725894,39.1114608558152],[-120.980786945569,39.1114578220978],[-120.980752375722,39.1114475525652],[-120.980717552137,39.1114377195391],[-120.98068244166,39.1114282966038],[-120.980647149518,39.1114192837777],[-120.980611674167,39.1114107080738],[-120.980575981296,39.1114025430664],[-120.980540106758,39.1113947881676],[-120.980504050153,39.1113874713015],[-120.980467845425,39.1113805639361],[-120.980431458614,39.1113740955037],[-120.980394996118,39.1113680651327],[-120.980358314553,39.1113624724701],[-120.980321592378,39.1113572911485],[-120.980284722818,39.1113525481619],[-120.980247740182,39.111348269936],[-120.980210680677,39.1113444315623],[-120.980173580558,39.1113410045291],[-120.980136368908,39.1113380152431],[-120.980099150929,39.111335465525],[-120.980061854531,39.1113333826721],[-120.980024587658,39.1113317387996],[-120.979987243937,39.1113305329773],[-120.979949929727,39.1113297670364],[-120.979912573341,39.1113294403497],[-120.979875280749,39.1113295817717],[-120.979837981848,39.11133016096],[-120.979800782971,39.1113311815472],[-120.979763541929,39.111332640488],[-120.979726434818,39.1113345951778],[-120.979689392691,39.1113369351051],[-120.979652378537,39.1113397410263],[-120.979615534544,39.1113430159871],[-120.979578789427,39.1113467314364],[-120.97954210967,39.1113508861802],[-120.979505563475,39.1113554817161],[-120.979469186295,39.1113605453813],[-120.979432944988,39.111366049859],[-120.979396837255,39.1113719942285],[-120.979360935157,39.1113783529947],[-120.979325168152,39.1113852066205],[-120.979289640311,39.1113924749367],[-120.97925435318,39.1114002111095],[-120.979219201152,39.1114083610625],[-120.979184288664,39.1114169797631],[-120.979149652337,39.1114260134786],[-120.979115220875,39.111435514738],[-120.979081029743,39.1114454297983],[-120.979047184508,39.1114558154388],[-120.979013544915,39.1114666145772],[-120.978980180702,39.1114778827782],[-120.97894716358,39.1114895386889],[-120.978914386382,39.1115016363256],[-120.978881990182,39.1115141760229],[-120.978849869749,39.1115271577604],[-120.978818060172,39.1115405539183],[-120.978786667434,39.1115543924511],[-120.978755551242,39.1115686189784],[-120.978724817201,39.1115832875777],[-120.978694428701,39.1115983709019],[-120.97866328474,39.1116145196646],[-120.97862493987,39.1116314008534],[-120.978597917397,39.1116428064572],[-120.97857054701,39.1116538801827],[-120.978542970145,39.1116646773217],[-120.978515080455,39.1116751149616],[-120.978486948848,39.1116852477767],[-120.978458574946,39.11169502171],[-120.978429959115,39.111704491719],[-120.978401101757,39.1117136298792],[-120.978372003262,39.1117224091672],[-120.978342697161,39.1117308298766],[-120.978313184988,39.111738946074],[-120.978283536519,39.1117466502635],[-120.978253611449,39.1117540493231],[-120.978223515787,39.1117610892266],[-120.97819335436,39.1117677177397],[-120.97816295141,39.1117740144029],[-120.978132448204,39.1117799660392],[-120.978101738942,39.1117855320825],[-120.978070894362,39.111790698738],[-120.978039983994,39.1117955359836],[-120.978008938517,39.1117999594288],[-120.977977791812,39.1118040252257],[-120.977946546596,39.1118077054704],[-120.977915235243,39.1118110004464],[-120.977883823055,39.1118139107506],[-120.977852382886,39.1118164361203],[-120.977841725913,39.1118173039854],[-120.977831102052,39.1118182811475],[-120.977820477358,39.1118193961379],[-120.977809919657,39.1118206765775],[-120.977799325279,39.1118220945313],[-120.9777888357,39.1118236224103],[-120.977778360317,39.1118252882493],[-120.977767919191,39.1118270642964],[-120.977757528883,39.1118290047501],[-120.977747172429,39.1118310833361],[-120.977736847917,39.11183327211],[-120.977726593114,39.1118355984294],[-120.977716371007,39.1118380628709],[-120.977706252905,39.1118406921852],[-120.977696169086,39.1118433497269],[-120.977686153779,39.1118462276858],[-120.977676240945,39.1118492164507],[-120.977666362769,39.1118522874996],[-120.977656552743,39.1118555240083],[-120.977646847501,39.1118588713433],[-120.977637209448,39.1118623706163],[-120.977627640349,39.1118659795007],[-120.977617431482,39.1118700088986],[-120.977599986769,39.1118771883544],[-120.977582679952,39.1118845879329],[-120.977565615844,39.1118922364807],[-120.977548724696,39.1119000793329],[-120.977531990332,39.111908115447],[-120.977515428148,39.1119163999123],[-120.977499057032,39.1119249058678],[-120.977482929405,39.1119336067463],[-120.977467045281,39.1119425016471],[-120.977451299401,39.1119516725297],[-120.977435761584,39.1119610091965],[-120.977420503098,39.1119705411008],[-120.977405417585,39.1119802664095],[-120.977390576717,39.1119901866519],[-120.977375978947,39.1120003288412],[-120.977361625836,39.1120106650637],[-120.977347480787,39.1120211670708],[-120.97733361546,39.1120318372927],[-120.977319960105,39.1120427012439],[-120.977306618016,39.1120537328032],[-120.977293484339,39.112064986006],[-120.97728063236,39.112076350685],[-120.977268058154,39.1120879385166],[-120.977255763334,39.1120996378044],[-120.977243714707,39.1121115050136],[-120.977231944672,39.1121235386267],[-120.977220454776,39.1121357116306],[-120.97720927929,39.1121480531541],[-120.977198383944,39.1121605340686],[-120.977187733285,39.1121731270365],[-120.977177397814,39.1121859146571],[-120.977167413404,39.1121988152639],[-120.977157708369,39.1122118282285],[-120.977148283863,39.112224953561],[-120.977139175341,39.1122382185991],[-120.977130381633,39.1122516242336],[-120.977121867704,39.1122651143019],[-120.977113740679,39.1122787176713],[-120.977105859498,39.1122924331047],[-120.977098363703,39.1123062068717],[-120.977091149596,39.1123200930171],[-120.977084285408,39.1123340912385],[-120.977077702923,39.1123481207585],[-120.977071507356,39.1123622626791],[-120.977065626243,39.112376490239],[-120.977060097752,39.1123908028721],[-120.977054849432,39.1124051729163],[-120.977049989215,39.1124195733906],[-120.977045444205,39.1124340874386],[-120.977041215612,39.1124486312881],[-120.977037373578,39.1124632325809],[-120.977033848701,39.1124778925103],[-120.977030641385,39.1124925831522],[-120.977027819472,39.1125073312274],[-120.97702531512,39.1125221100152],[-120.977023232405,39.1125369195273],[-120.97702139633,39.1125517861568],[-120.977019947597,39.1125666561832],[-120.977018817219,39.1125815019747],[-120.977018072998,39.1125964331339],[-120.977017645978,39.1126113400482],[-120.977017605518,39.112626304406],[-120.977017849118,39.1126412172015],[-120.977018444217,39.1126561330796],[-120.977019461358,39.112671051758],[-120.977020761362,39.1126860017456],[-120.977022414829,39.1127008989776],[-120.977024420198,39.1127157713682],[-120.977026742366,39.1127306474378],[-120.977029453437,39.1127454989902],[-120.977032482101,39.1127602992743],[-120.977035828747,39.112775101446],[-120.977041972194,39.1127987424692],[-120.977045644375,39.1128129438979],[-120.977047431717,39.1128209775085],[-120.97704904175,39.1128290374918],[-120.977050476409,39.1128371499905],[-120.977051698306,39.1128452615243],[-120.977052778751,39.1128533988443],[-120.977053612511,39.1128615619285],[-120.977054270536,39.1128697225708],[-120.977054751251,39.1128779095857],[-120.977055090501,39.1128861232877],[-120.977055184264,39.1128942798824],[-120.977055100731,39.1129024619491],[-120.977054806371,39.1129106691936],[-120.9770543347,39.1129189028108],[-120.977053688465,39.112927052916],[-120.977052900776,39.1129352288075],[-120.977051830573,39.1129434292481],[-120.977050654384,39.1129516017325],[-120.977049233462,39.1129597450439],[-120.977047599789,39.1129678864895],[-120.977045827016,39.11297597086],[-120.977043876934,39.1129840816031],[-120.977041750336,39.1129921637714],[-120.977039413703,39.1130002161701],[-120.977036900957,39.11300821207],[-120.977034212461,39.1130162064284],[-120.977031313152,39.1130241448845],[-120.977028272793,39.1130320812026],[-120.977024986946,39.1130399604134],[-120.977021560829,39.1130477834395],[-120.977017959352,39.1130555779009],[-120.977014181762,39.1130633158633],[-120.977010263903,39.113070997641],[-120.977006100165,39.1130786493346],[-120.977001796548,39.1130862178202],[-120.976997316024,39.113093784754],[-120.976992696777,39.11310126849],[-120.976987831289,39.1131086671842],[-120.976982859815,39.1131160379219],[-120.976977715347,39.1131232963325],[-120.976972358519,39.1131305258537],[-120.976966897251,39.1131377004052],[-120.97696126143,39.1131447905435],[-120.976955486146,39.1131517686487],[-120.9769494638,39.1131587184609],[-120.976943372523,39.1131655568585],[-120.976937071588,39.1131723393635],[-120.976930665878,39.1131790101396],[-120.976924084794,39.1131856532513],[-120.976917328806,39.1131921560913],[-120.97691046877,39.1131985769381],[-120.976903433024,39.1132049133613],[-120.976896293255,39.1132111659897],[-120.976889013607,39.1132173354096],[-120.976881524354,39.1132233651541],[-120.976873966507,39.1132293402431],[-120.97686626843,39.1132351762652],[-120.976858395787,39.1132409287745],[-120.976850453809,39.113246597793],[-120.976842372745,39.1132521286556],[-120.976834115958,39.1132575759951],[-120.976825791396,39.1132629119298],[-120.976817361629,39.1132681658609],[-120.976808758114,39.11327327953],[-120.976800086034,39.1132782565624],[-120.976791274099,39.1132831485845],[-120.976782358116,39.113287958613],[-120.976773338139,39.1132926028653],[-120.976764249231,39.1132971357027],[-120.97675498499,39.1133015579934],[-120.976745689209,39.1133058421703],[-120.976736287873,39.113309988485],[-120.976726818347,39.1133140522195],[-120.976717175464,39.1133179486685],[-120.976707497921,39.1133217628315],[-120.976697787306,39.1133253848137],[-120.976687937969,39.1133289235969],[-120.976678054778,39.1133323242459],[-120.9766680668,39.113335614066],[-120.976657975985,39.11333873812],[-120.976647888304,39.113341725265],[-120.976637694692,39.1133446006701],[-120.976627469918,39.1133473118386],[-120.97661713959,39.1133498851447],[-120.97660681241,39.113352320641],[-120.976583363461,39.1133578815196],[-120.976560015755,39.1133637180537],[-120.976536874496,39.1133699122467],[-120.97651379978,39.1133763826919],[-120.97649089681,39.1133832113926],[-120.97646812977,39.1133903160535],[-120.976445534084,39.1133978059935],[-120.976423110173,39.1134055722084],[-120.976400857631,39.1134136426224],[-120.976378777628,39.113422016345],[-120.976356869774,39.1134307203996],[-120.976335132132,39.1134397286435],[-120.976313637951,39.1134490137919],[-120.976292350605,39.113458629577],[-120.976271235784,39.113468549572],[-120.976250397967,39.1134787458655],[-120.976229731128,39.1134892733822],[-120.976209308139,39.1135000507806],[-120.97618912822,39.1135111321077],[-120.976169189057,39.1135225173432],[-120.976149459069,39.1135341512556],[-120.976130005668,39.113546090292],[-120.976110866271,39.1135583059525],[-120.976091969568,39.1135707714854],[-120.97607328048,39.1135835136097],[-120.976054903836,39.1135965602724],[-120.97603684199,39.1136098286123],[-120.976019058278,39.1136233750638],[-120.97600151652,39.1136371425533],[-120.975984289143,39.1136511605453],[-120.975967375757,39.1136654560632],[-120.975950810701,39.1136799735534],[-120.975934524182,39.1136947412317],[-120.975918552853,39.1137097035648],[-120.975902929451,39.1137249157946],[-120.975887619677,39.1137403505935],[-120.975872660924,39.113755981263],[-120.975844185241,39.1137873363356],[-120.975840278592,39.1137918335208],[-120.975836475195,39.1137964676471],[-120.975832777004,39.1138011035979],[-120.975829184003,39.1138058224532],[-120.975825661533,39.1138105419277],[-120.975822278941,39.1138153446114],[-120.975818966477,39.1138201758383],[-120.975815794672,39.1138250362278],[-120.975812692213,39.1138299792072],[-120.975809729661,39.113834923415],[-120.975806838016,39.1138399222987],[-120.975804051173,39.1138449509311],[-120.97580143969,39.1138500081299],[-120.97579886366,39.1138550926666],[-120.975796427495,39.1138602613133],[-120.975794132798,39.1138654032746],[-120.975791942121,39.1138706290311],[-120.975789858225,39.1138758277975],[-120.975787878752,39.1138810824351],[-120.9757860045,39.1138863379966],[-120.975784271673,39.1138916497542],[-120.975782644066,39.1138969624356],[-120.975781121678,39.1139022760409],[-120.975779704859,39.1139076464284],[-120.975778464208,39.1139129895341],[-120.975777328373,39.1139183614878],[-120.975776264226,39.113923734071],[-120.975775304896,39.1139291355021],[-120.975774521317,39.1139345384763],[-120.975773844128,39.1139399414838],[-120.975773271754,39.1139453733393],[-120.975772806148,39.1139507791055],[-120.975772515903,39.1139562134382],[-120.975772262701,39.1139615652141],[-120.975772183648,39.1139670293288],[-120.975772281155,39.1139724391385],[-120.975772380197,39.1139778228358],[-120.975772653457,39.1139832341886],[-120.975773069719,39.1139885927436],[-120.975773555732,39.1139940059645],[-120.975774219074,39.1139993117345],[-120.975775240377,39.1140066521583],[-120.975790989944,39.1140972687946],[-120.975808785857,39.1141876835766],[-120.975828593826,39.1142778691755],[-120.975850450483,39.1143678520377],[-120.975874390135,39.1144575793104],[-120.975900271725,39.1145470497542],[-120.975928237146,39.114636207857],[-120.975979995238,39.1147863426542],[-120.975989780213,39.114814052588],[-120.975998456856,39.1148405167682],[-120.976006530608,39.1148671684461],[-120.976014038525,39.1148939241639],[-120.976020981346,39.114920812757],[-120.976027288537,39.1149478336062],[-120.976032994046,39.1149749581812],[-120.976038063563,39.1150021600549],[-120.976042639321,39.1150294395752],[-120.976046507757,39.1150568507226],[-120.976049846993,39.115084311278],[-120.976052550233,39.1151118491324],[-120.976054619037,39.1151394363719],[-120.976056121221,39.1151671015195],[-120.976057026011,39.1151947334955],[-120.97605729402,39.1152224968173],[-120.976056999309,39.1152502281727],[-120.976056069406,39.1152779809791],[-120.976054504688,39.1153057291139],[-120.976052340634,39.1153334981136],[-120.976049612688,39.1153612360374],[-120.976046251107,39.1153889674981],[-120.976042289801,39.1154166666674],[-120.976037731094,39.115444332665],[-120.976032537206,39.1154719390331],[-120.976026816449,39.1154995128484],[-120.976020426239,39.1155269979047],[-120.976013473691,39.1155544239708],[-120.976005887534,39.1155817615924],[-120.975997738285,39.1156090122893],[-120.975989027115,39.1156361751708],[-120.975979718959,39.1156631958754],[-120.97596977719,39.115690128135],[-120.975959307812,39.1157169188266],[-120.975948206367,39.1157435940597],[-120.975936578871,39.1157700998103],[-120.975924389075,39.115796463688],[-120.975911568005,39.1158226571592],[-120.975898219336,39.1158487081607],[-120.975884310708,39.1158745353281],[-120.97586990992,39.1159002482641],[-120.975854877899,39.1159257079114],[-120.975839319811,39.1159509989757],[-120.975823236868,39.1159760376847],[-120.975806592025,39.116000906595],[-120.975569946452,39.1163337493905],[-120.975542436012,39.1163701650601],[-120.975440967479,39.1165045112023],[-120.975437577979,39.1165097804748],[-120.975435668856,39.1165125645779],[-120.975433725436,39.116515321353],[-120.975431713041,39.1165180495947],[-120.97542962975,39.1165207222593],[-120.975427510613,39.1165233946089],[-120.975425322098,39.1165260663492],[-120.975423063843,39.1165286825225],[-120.975420770133,39.1165312713577],[-120.97541840745,39.1165338316594],[-120.975416008559,39.1165363366887],[-120.97541354029,39.1165388411085],[-120.975411002672,39.1165412629381],[-120.975408464664,39.1165437117909],[-120.975405822617,39.1165460777487],[-120.975403145129,39.1165484154676],[-120.975400431795,39.1165507528716],[-120.975397649865,39.1165530356195],[-120.975394797052,39.1165552618895],[-120.975392016321,39.1165574617659],[-120.97538905947,39.1165596051408],[-120.975386102618,39.1165617485157],[-120.975383076028,39.1165638363236],[-120.975380015543,39.1165658688793],[-120.975376990151,39.1165678738156],[-120.975373824472,39.1165698234661],[-120.975370624912,39.1165717169636],[-120.975367425339,39.1165736113619],[-120.97536415643,39.116575422269],[-120.975360852471,39.1165771779138],[-120.975357513809,39.1165789341546],[-120.975354210645,39.1165806348519],[-120.975350768363,39.1165822793726],[-120.975347325706,39.1165838698366],[-120.975343884623,39.1165854314857],[-120.975340373023,39.1165869114351],[-120.975336827137,39.1165883631556],[-120.975333281655,39.1165897869519],[-120.97532970267,39.1165911284727],[-120.97532608823,39.1165924426553],[-120.97532243835,39.1165937285988],[-120.97531875537,39.1165949043427],[-120.975315109031,39.1165960254539],[-120.975311321219,39.11659717325],[-120.975307603984,39.1165982387839],[-120.975303889092,39.1165992223571],[-120.975300102913,39.1166001773765],[-120.975296319076,39.1166010504352],[-120.975292499394,39.1166019231788],[-120.975288645832,39.1166027397695],[-120.975284828131,39.1166034755948],[-120.975280940705,39.1166041549523],[-120.97527705406,39.116604780263],[-120.975273203666,39.1166053779645],[-120.975269283923,39.1166058930754],[-120.975265399273,39.1166063805669],[-120.975261481134,39.1166067848821],[-120.975257562216,39.1166071630645],[-120.975253644872,39.116607512432],[-120.97524969326,39.1166077524906],[-120.975245778289,39.1166079379165],[-120.975241828268,39.11660806808],[-120.975237914888,39.1166081436109],[-120.975233965271,39.1166082458501],[-120.975230035733,39.1166082392576],[-120.975226106238,39.1166081497834],[-120.975222196039,39.1166080055243],[-120.975218320934,39.1166078336456],[-120.975214341388,39.1166076067958],[-120.97521046786,39.116607325923],[-120.975206560452,39.1166069888971],[-120.975202688112,39.1166066260533],[-120.975198853221,39.1166061527287],[-120.97519494703,39.1166056517508],[-120.975191078636,39.1166050961506],[-120.97518724418,39.1166045129207],[-120.975183482602,39.1166038483498],[-120.975179615843,39.1166030999727],[-120.97517585506,39.1166023804543],[-120.974716225933,39.1165331260692],[-120.974713735218,39.1165323077898],[-120.974711244099,39.1165315174345],[-120.974708682445,39.1165307264591],[-120.974706119213,39.1165300444777],[-120.974703591062,39.1165293357779],[-120.974700957295,39.1165286531764],[-120.974698392863,39.1165280540663],[-120.974695792945,39.1165275095985],[-120.974693121337,39.1165269645006],[-120.974690521016,39.1165264479569],[-120.974687884066,39.1165259851447],[-120.974685176177,39.1165255496364],[-120.974682538431,39.1165251417715],[-120.97467986364,39.1165248164628],[-120.974677154172,39.1165244899484],[-120.974674409598,39.1165241919538],[-120.97467173362,39.1165239486157],[-120.974669022156,39.1165237599199],[-120.974666311458,39.1165235982575],[-120.97466359959,39.1165234374857],[-120.974660850689,39.1165233583694],[-120.974658137229,39.1165233074923],[-120.974655388689,39.1165232833334],[-120.974652674447,39.1165232865027],[-120.974649923954,39.1165233172809],[-120.97464720812,39.1165234303448],[-120.974644457584,39.1165235440045],[-120.974641740954,39.1165237120157],[-120.974639058204,39.1165239361799],[-120.9746362714,39.1165241585285],[-120.974633587867,39.1165244367391],[-120.97463083416,39.1165247692872],[-120.974628149427,39.1165251303692],[-120.974625429209,39.1165255460936],[-120.97462274485,39.1165259612322],[-120.974620058525,39.1165264322088],[-120.974617372965,39.1165269302187],[-120.974614721689,39.1165274564576],[-120.974612069631,39.116528036743],[-120.974609452249,39.1165286182341],[-120.97460679899,39.1165292813908],[-120.97460414534,39.1165299715708],[-120.97460156182,39.1165306902949],[-120.974599013741,39.116531437258],[-120.974596428269,39.1165322109191],[-120.974593878611,39.1165330668761],[-120.974591327797,39.1165339228229],[-120.974588812424,39.1165348070088],[-120.974586296255,39.116535746142],[-120.97458385062,39.1165366858952],[-120.974581368344,39.1165376802806],[-120.974578957367,39.1165387023195],[-120.974576509749,39.1165397789906],[-120.974574132666,39.1165408562816],[-120.97457175363,39.1165419885099],[-120.974569411988,39.11654309404],[-120.974567067206,39.116544336478],[-120.974564829195,39.1165455528277],[-120.974562520258,39.1165467955808],[-120.974560279904,39.1165480938909],[-120.974558040705,39.1165493922113],[-120.974555871637,39.1165507190757],[-120.974553701021,39.1165520729532],[-120.974551583956,39.1165534822557],[-120.974549464951,39.1165549455947],[-120.974547435765,39.1165563556697],[-120.974545369937,39.1165578203769],[-120.974543373443,39.1165593685756],[-120.974541377354,39.1165608888502],[-120.974539486862,39.1165624641065],[-120.974537560511,39.1165640399485],[-120.974535704291,39.1165656443345],[-120.974533847692,39.116567274843],[-120.97453206121,39.1165689347964],[-120.974530274349,39.1165706208724],[-120.974527161684,39.1165737790615],[-120.974520011867,39.1165831620546],[-120.974513071296,39.1165926297687],[-120.97450634114,39.1166021813134],[-120.974499821399,39.1166118166885],[-120.974493511655,39.116621564719],[-120.974487413123,39.1166313416327],[-120.974481560852,39.1166412026921],[-120.974475881981,39.1166511481576],[-120.974470414681,39.1166611774639],[-120.974465192878,39.1166712638826],[-120.974460216963,39.1166813803904],[-120.974455451072,39.1166916077522],[-120.97445093146,39.1167018381799],[-120.974446587575,39.1167121521333],[-120.974442489951,39.1167225502328],[-120.97443863706,39.1167329784113],[-120.974434996928,39.1167434084601],[-120.974431566056,39.1167539223297],[-120.974428416918,39.1167644666037],[-120.974423875918,39.1167811219993],[-120.974381151897,39.1169880910218],[-120.974343013733,39.117194770617],[-120.974309534345,39.1174010794495],[-120.974280675584,39.1176070991685],[-120.974256508342,39.1178129682367],[-120.97423688848,39.1180187403437],[-120.974221955499,39.118224607707],[-120.974211603404,39.1184306252513],[-120.974205199206,39.1186780040785],[-120.974194284718,39.1187209094357],[-120.974186932239,39.1187465742307],[-120.974178982721,39.1187721788208],[-120.97417047129,39.118797613606],[-120.974161397915,39.118822960567],[-120.974151762222,39.118848165647],[-120.974141563818,39.118873255869],[-120.974130768044,39.118898148947],[-120.974119446157,39.1189229554162],[-120.974107562759,39.1189475641556],[-120.974095082754,39.1189720027841],[-120.974082111369,39.1189962722268],[-120.974068579211,39.1190203727742],[-120.974054484788,39.1190442476568],[-120.974039865436,39.1190679539589],[-120.974024684963,39.1190914355068],[-120.974009048955,39.1191147481833],[-120.973992816773,39.1191377808426],[-120.973976094365,39.1191606443248],[-120.973958846307,39.1191832293106],[-120.973941074141,39.1192055889657],[-120.973922880756,39.1192277259967],[-120.973904093901,39.1192495560063],[-120.973884850756,39.1192711892088],[-120.973865119774,39.1192924883908],[-120.973844932489,39.119313591666],[-120.973824256195,39.119334361811],[-120.97380309128,39.1193548519814],[-120.973781507501,39.1193750366649],[-120.973759399226,39.1193949428596],[-120.973736942639,39.1194145432865],[-120.973713961961,39.1194338373],[-120.973690562825,39.1194527979015],[-120.973666744825,39.1194714530148],[-120.973642544619,39.1194897471069],[-120.973617890859,39.119507735405],[-120.973592854475,39.1195253915063],[-120.973567398881,39.1195426862601],[-120.973541562225,39.1195596209026],[-120.973515342192,39.1195761954132],[-120.97348877424,39.1195924371304],[-120.973461789378,39.1196083184202],[-120.973434457798,39.1196237840447],[-120.973406812571,39.1196389460051],[-120.97337882139,39.1196537193333],[-120.973350483871,39.1196680508728],[-120.973321834672,39.1196820229098],[-120.973292873042,39.1196956075096],[-120.97326356429,39.1197088043667],[-120.973233980098,39.1197216150127],[-120.973204155216,39.1197339559703],[-120.97317398356,39.1197459650429],[-120.973143570822,39.1197575314498],[-120.973112917532,39.1197686984386],[-120.973081988053,39.1197794512809],[-120.973050888214,39.1197897494673],[-120.973019442413,39.1197996599193],[-120.972987826058,39.1198091292266],[-120.972955969754,39.1198181576789],[-120.972923977947,39.1198268002492],[-120.972891746597,39.1198349740402],[-120.972859308443,39.1198427342943],[-120.972826772588,39.1198500540443],[-120.972794030334,39.1198569323332],[-120.97276108359,39.119863397105],[-120.972728071917,39.1198693946343],[-120.9726948924,39.1198749240146],[-120.972661611323,39.1198800398831],[-120.972628196688,39.119884715832],[-120.972594648137,39.1198888969037],[-120.972200592376,39.1200169550012],[-120.971079515097,39.1201361036025],[-120.970700792063,39.1203197327406],[-120.970502634692,39.1204805977651],[-120.970132588689,39.1207266604365],[-120.970001725603,39.1208025015763],[-120.96932829308,39.1211946567803],[-120.96898616368,39.1215201282985],[-120.968924600851,39.1215573955131],[-120.968466620504,39.1218353258356],[-120.967850431716,39.1222893240192],[-120.967660566978,39.1224706042587],[-120.967648122826,39.1224827138285],[-120.967635958835,39.1224949628115],[-120.967624073441,39.1225073791218],[-120.967612432716,39.1225199894859],[-120.967601143086,39.1225327128645],[-120.967590133211,39.1225456035808],[-120.967579367242,39.1225586613176],[-120.967568987061,39.1225718323763],[-120.967558816094,39.1225851701487],[-120.967548996224,39.122598620936],[-120.967539456515,39.1226122111374],[-120.967530231661,39.1226259410599],[-120.967521322042,39.1226397845812],[-120.967512728842,39.12265373991],[-120.967504416198,39.1226678076298],[-120.967496487991,39.1226820021736],[-120.967488841483,39.1226963100195],[-120.967481510041,39.1227107431746],[-120.967474530893,39.1227252073748],[-120.967467866587,39.1227398121975],[-120.967461519502,39.1227544738809],[-120.967455557051,39.1227692488768],[-120.967449877116,39.1227840813273],[-120.967444547123,39.1227990267834],[-120.96743953434,39.1228140300012],[-120.967434874245,39.1228290372412],[-120.967430563712,39.1228441836095],[-120.967426570783,39.1228593607163],[-120.967422927797,39.122874650829],[-120.967419637922,39.1228899161392],[-120.967416665243,39.1229052401122],[-120.96741404293,39.1229206482662],[-120.967411773306,39.1229360604428],[-120.967409891842,39.1229515030816],[-120.967408325262,39.1229670043626],[-120.967407112964,39.1229824799508],[-120.967406217101,39.1229979871683],[-120.967405673956,39.1230134966067],[-120.967405517802,39.123029037398],[-120.967405678518,39.123044580093],[-120.967406227012,39.1230601000944],[-120.967407075794,39.1230756488793],[-120.967408276913,39.1230911467294],[-120.967411519404,39.1231201994371],[-120.967457068327,39.1234655726862],[-120.967716372276,39.124003020032],[-120.967912163559,39.124431029508],[-120.967925242804,39.1244818347357],[-120.967931363269,39.1245092930771],[-120.96793688506,39.1245368010763],[-120.967941770764,39.1245643863301],[-120.967946055847,39.124592075278],[-120.967949705643,39.1246197865333],[-120.967952721319,39.1246475192056],[-120.967955135191,39.1246753573635],[-120.967956879893,39.1247031616741],[-120.967958025167,39.1247309877086],[-120.967958535505,39.1247588910083],[-120.967958412166,39.1247867058202],[-120.967957652732,39.124814597887],[-120.967956295469,39.1248424017833],[-120.967954267824,39.1248702547035],[-120.967951641942,39.1248980473771],[-120.967948381565,39.1249258074109],[-120.967944487099,39.124953506881],[-120.967939995143,39.1249811740385],[-120.967934867953,39.1250087797212],[-120.967929108223,39.1250362978268],[-120.967922715965,39.1250637274544],[-120.967915724295,39.1250910977256],[-120.96790813559,39.1251183248783],[-120.967899878099,39.1251454911597],[-120.967891057844,39.125172543454],[-120.967881640158,39.1251994796529],[-120.967871590729,39.1252262733266],[-120.967860943091,39.1252529247717],[-120.967849663328,39.1252794598138],[-120.967837856687,39.1253057992046],[-120.96782538362,39.125331994862],[-120.967812347049,39.1253580476962],[-120.967798750075,39.1253839036812],[-120.967784556848,39.1254095624994],[-120.967769802074,39.125435023557],[-120.96776613553,39.1254410595162],[-120.967754451045,39.1254602874474],[-120.967738538047,39.1254853824014],[-120.967722065472,39.1255102237563],[-120.967705031322,39.1255348691512],[-120.967687401729,39.1255592615299],[-120.967669281525,39.1255834297475],[-120.967650636395,39.1256073473743],[-120.967631394679,39.1256310110732],[-120.967611663887,39.1256544244981],[-120.967591373909,39.1256775572987],[-120.967570592555,39.1257004389035],[-120.967467393725,39.125819742271],[-120.96736688798,39.125940414414],[-120.967269147015,39.1260624568747],[-120.967174171655,39.1261858138121],[-120.967081997745,39.1263104864509],[-120.966992660845,39.1264363372762],[-120.966906126624,39.1265634209447],[-120.966822571668,39.1266916849727],[-120.966741856527,39.1268210164211],[-120.966658334284,39.1269614174179],[-120.966520969965,39.1271845692976],[-120.966515122564,39.1271938813566],[-120.966509425881,39.1272025352986],[-120.966503520307,39.1272110783821],[-120.966497472907,39.1272195913805],[-120.966491146071,39.1272279928954],[-120.966484714443,39.1272362835731],[-120.966478071572,39.1272445453525],[-120.966471219075,39.1272526674382],[-120.966464226289,39.1272607333265],[-120.966457024627,39.1272686874553],[-120.966449683476,39.1272765304394],[-120.966442059776,39.1272843168665],[-120.966434368711,39.1272919639592],[-120.966426467191,39.1272995281069],[-120.966418391503,39.1273069799016],[-120.966410175552,39.1273142944186],[-120.966401749935,39.1273215512225],[-120.966393185226,39.1273286698581],[-120.966384498783,39.1273356495783],[-120.9663756362,39.1273425727832],[-120.966366619134,39.127349302729],[-120.966357426323,39.1273559491362],[-120.966348094024,39.1273624843981],[-120.966338623801,39.1273688806011],[-120.966329013329,39.1273751386254],[-120.966319299628,39.1273812578982],[-120.966309411337,39.1273872936422],[-120.966299348497,39.1273931638768],[-120.966289217135,39.1273988947663],[-120.966278946668,39.127404488388],[-120.966268572971,39.1274099432579],[-120.966257989242,39.1274152863573],[-120.966247372068,39.1274204642964],[-120.966236616957,39.127425504077],[-120.966225757461,39.1274304050956],[-120.966214829813,39.1274351415471],[-120.96620283873,39.1274403073084],[-120.966191056125,39.1274456118512],[-120.966179342405,39.1274511097937],[-120.966167802667,39.1274567326988],[-120.966156365759,39.1274625213768],[-120.966145068886,39.1274684626443],[-120.966133875659,39.1274745138369],[-120.966122854993,39.1274807872758],[-120.966111973823,39.1274871709575],[-120.966101266424,39.1274936940143],[-120.966090629133,39.1275003266992],[-120.966080199097,39.127507181938],[-120.966069944803,39.1275141207143],[-120.966059793747,39.12752119734],[-120.966049817618,39.1275284133513],[-120.966040015273,39.1275357678372],[-120.966030352017,39.1275432604903],[-120.966020897621,39.1275508658031],[-120.96601158347,39.1275586092934],[-120.966002479361,39.1275664636523],[-120.965993513173,39.127574457069],[-120.965984758564,39.1275825352421],[-120.965976176583,39.1275907518799],[-120.965967769937,39.1275990799796],[-120.965959609172,39.1276075201666],[-120.965951552052,39.1276160702794],[-120.965943739644,39.12762473337],[-120.965936103373,39.1276334529756],[-120.965928676738,39.127642311374],[-120.965921458975,39.1276512815319],[-120.965914416956,39.127660335228],[-120.965907620055,39.1276694739782],[-120.965900998898,39.1276786962668],[-120.965894588166,39.1276880033019],[-120.965888386716,39.1276973941727],[-120.965882431541,39.127706870108],[-120.965876650953,39.1277164295715],[-120.965871117049,39.1277260461754],[-120.965865792427,39.1277357466152],[-120.965860714081,39.1277455321195],[-120.965855776431,39.1277553458975],[-120.9658511182,39.1277652720605],[-120.965846672355,39.1277752280335],[-120.965842436594,39.1277852128952],[-120.965838446701,39.1277953107457],[-120.965834702758,39.1278054369018],[-120.965831168888,39.1278155928476],[-120.965827882858,39.1278258059444],[-120.965824806506,39.1278360758539],[-120.965821976486,39.1278463479469],[-120.965819358048,39.1278567047972],[-120.965817020649,39.1278670632377],[-120.96581486018,39.1278774241473],[-120.965812944845,39.1278878692108],[-120.965811311339,39.1278982618181],[-120.965809453466,39.1279120569016],[-120.9658067604,39.1279322706336],[-120.965804393054,39.1279471323598],[-120.96580167378,39.1279619360119],[-120.965798601761,39.1279767374381],[-120.965795284633,39.1279914529087],[-120.965791544608,39.1280061385046],[-120.965787486954,39.1280207933572],[-120.965783078133,39.1280354171693],[-120.965778389126,39.1280499015621],[-120.965773348951,39.1280643549142],[-120.965767991133,39.1280787784236],[-120.965762316882,39.1280930892191],[-120.965756291859,39.1281073419505],[-120.96574998624,39.1281214831866],[-120.965743328704,39.1281355654474],[-120.965736390587,39.128149535312],[-120.965729101287,39.1281634750362],[-120.965721495962,39.1281772741223],[-120.965713610042,39.1281909617126],[-120.96570537415,39.1282045362913],[-120.96569685728,39.1282180254966],[-120.965688024385,39.1282313740634],[-120.965678911643,39.1282446390685],[-120.965669482874,39.128257763435],[-120.965659773523,39.1282707754047],[-120.965649749697,39.1282836197227],[-120.965639481139,39.1282963519614],[-120.965628896541,39.1283089444621],[-120.965618032517,39.1283214245758],[-120.965606889516,39.128333682398],[-120.96559546438,39.1283458548358],[-120.965583796458,39.1283578611578],[-120.965571778209,39.1283696995097],[-120.965559585026,39.1283813984732],[-120.965547112852,39.1283928760454],[-120.965534396354,39.1284042136138],[-120.965521364578,39.1284154384768],[-120.965508124765,39.1284264146497],[-120.965494641023,39.1284372237954],[-120.965480911787,39.1284478938274],[-120.96546693903,39.128458368908],[-120.965452757829,39.1284686232222],[-120.965438331555,39.1284787095978],[-120.965423662142,39.1284885748993],[-120.965408784256,39.128498300514],[-120.965393733832,39.1285077227986],[-120.96537836696,39.1285170332674],[-120.965362863373,39.1285261218036],[-120.96534718605,39.1285349889798],[-120.965331230894,39.1285436347737],[-120.965315135893,39.1285521144624],[-120.965298868722,39.128560344877],[-120.965282395066,39.1285682995876],[-120.965265781172,39.1285761152158],[-120.965248924548,39.1285836818451],[-120.965231930039,39.1285910274317],[-120.965214833499,39.1285981522937],[-120.965197493073,39.1286050281461],[-120.965180050812,39.1286116697622],[-120.965162434816,39.1286180900174],[-120.96514475209,39.1286242484199],[-120.965126844335,39.1286302129341],[-120.965108869286,39.1286358750504],[-120.965090721265,39.128641342839],[-120.965072506697,39.1286465361639],[-120.9650541369,39.1286515082918],[-120.96503566472,39.128656204737],[-120.965017090508,39.1286606804568],[-120.964998449357,39.128664908736],[-120.964979671128,39.1286688610246],[-120.964960826721,39.1286725929058],[-120.964941948913,39.1286760776436],[-120.964922970287,39.1286792587849],[-120.964903890014,39.1286821930782],[-120.964884742815,39.1286848790297],[-120.96486559883,39.1286873451893],[-120.96484635287,39.128689507742],[-120.964827111268,39.1286914514137],[-120.96480780277,39.1286930656637],[-120.964788497104,39.1286944862441],[-120.964769126052,39.1286956323705],[-120.964749758256,39.1286964767243],[-120.964730358979,39.1286971009783],[-120.964710963313,39.1286974784171],[-120.964600480762,39.1286994637375],[-120.964490082924,39.12870293167],[-120.964379768258,39.1287078290489],[-120.964269574131,39.1287142102594],[-120.964159605029,39.1287220483019],[-120.964049756508,39.1287312872956],[-120.963940167625,39.1287420672128],[-120.963830840812,39.1287542214111],[-120.963721809532,39.1287678339713],[-120.963613144734,39.1287828775969],[-120.963504812872,39.128799351991],[-120.963396845928,39.1288172844654],[-120.963289352636,39.1288365949072],[-120.963182296361,39.1288573361447],[-120.963075714487,39.1288794823855],[-120.962969673295,39.1289030882737],[-120.962864177858,39.1289280439471],[-120.962813895699,39.1289406679891],[-120.962759259721,39.1289544064437],[-120.962654957083,39.1289821734022],[-120.9625513031,39.1290112919664],[-120.962448334774,39.1290417624672],[-120.962346051309,39.1290736389528],[-120.962244522882,39.1291068679957],[-120.962143749899,39.1291414216739],[-120.96204373427,39.1291773270332],[-120.96194461441,39.1292145312535],[-120.961846322033,39.1292531157106],[-120.961748891541,39.1292929428763],[-120.961652393813,39.1293340692391],[-120.961556828846,39.1293764948009],[-120.961462232911,39.1294201910587],[-120.961368675767,39.1294651334107],[-120.961276087648,39.1295113464633],[-120.961184573418,39.1295587779998],[-120.961094134259,39.1296074262316],[-120.961004840291,39.129657320614],[-120.96091665802,39.1297083788704],[-120.960829620204,39.1297606544475],[-120.96074376504,39.129814066608],[-120.960659161506,39.1298686438965],[-120.960575774173,39.1299243571716],[-120.960493676298,39.1299811800618],[-120.960412829305,39.1300391401537],[-120.960333343123,39.1300981555476],[-120.960255144084,39.1301582805438],[-120.960178341346,39.1302194071102],[-120.960102931801,39.1302815892751],[-120.960028918175,39.1303447991379],[-120.959956335136,39.1304090388121],[-120.959885217867,39.1304741969033],[-120.959815603713,39.1305403296026],[-120.959721724496,39.13063337534],[-120.959388605049,39.1310281246177],[-120.959250125018,39.1311379891084],[-120.958874031093,39.1314363555814],[-120.95877593004,39.1315142882885],[-120.958479129639,39.1317499573004],[-120.957717029275,39.1327457423722],[-120.956264482091,39.1326761919014],[-120.956017689735,39.1326638237581],[-120.95497901384,39.1331227600773],[-120.954751358315,39.1332230891364],[-120.954008354386,39.1339073591229],[-120.954001129888,39.1339476326456],[-120.953996981346,39.1339683267548],[-120.953994195511,39.1339803286731],[-120.953991162565,39.1339923013494],[-120.953987847822,39.1340042435717],[-120.953984287937,39.1340161016152],[-120.953980410732,39.1340279847416],[-120.953976322751,39.1340397281419],[-120.953971989171,39.134051496367],[-120.953967339951,39.1340630978003],[-120.953962443233,39.1340746961136],[-120.953957266673,39.1340862099369],[-120.953951879267,39.1340976669154],[-120.953946210863,39.1341090393934],[-120.953940332425,39.1341203000795],[-120.953934137492,39.1341315300003],[-120.953927698228,39.1341426207948],[-120.953872807478,39.1342376870635],[-120.953820056557,39.1343334580697],[-120.953769446257,39.1344298806709],[-120.953720976944,39.1345270089262],[-120.953674718501,39.1346247326555],[-120.953594733761,39.1348073331324],[-120.953565024457,39.134875577634],[-120.953545255065,39.1349178521085],[-120.953524501972,39.1349598429855],[-120.953502836527,39.135001496851],[-120.953480222833,39.1350428944627],[-120.953456663244,39.135083954761],[-120.953432226012,39.1351246774568],[-120.953406877594,39.1351650622485],[-120.953380547848,39.1352050805788],[-120.953353411394,39.1352447358152],[-120.953325346815,39.1352840250662],[-120.953296406543,39.1353229226758],[-120.953266573241,39.1353614275868],[-120.953235899768,39.1353994853184],[-120.953204384898,39.135437178741],[-120.953172031412,39.1354743979701],[-120.953138803055,39.1355111697065],[-120.951893055213,39.1366610985847],[-120.951880120067,39.1366727345147],[-120.951870475743,39.1366811054461],[-120.951860658864,39.1366892550095],[-120.951850596833,39.1366973203889],[-120.951840430432,39.1367052469936],[-120.951830054392,39.136713034779],[-120.951819469884,39.1367206828545],[-120.951808781391,39.1367281660329],[-120.951797847418,39.1367355091689],[-120.95178681063,39.1367426865173],[-120.951775599246,39.1367497803152],[-120.951764249192,39.1367567080034],[-120.951752690327,39.1367634410239],[-120.951741027078,39.1367700361703],[-120.951729191203,39.1367764928293],[-120.9517172506,39.1367827566566],[-120.951705137799,39.1367888531717],[-120.951692919457,39.1367948118022],[-120.951680528902,39.1368006040212],[-120.951668034777,39.1368062034187],[-120.951655437839,39.1368116370281],[-120.951642666375,39.1368169042053],[-120.951629790527,39.1368220335078],[-120.951616813836,39.1368269420857],[-120.951603732775,39.136831711888],[-120.951590513845,39.1368362615338],[-120.951577261099,39.136840673038],[-120.951563835385,39.1368448910969],[-120.951550377826,39.1368489160775],[-120.951536780429,39.136852775838],[-120.951523151187,39.1368564425202],[-120.951509384833,39.1368599160792],[-120.951495620163,39.1368631977619],[-120.951481716425,39.1368663403571],[-120.951467781643,39.1368692358277],[-120.951453744049,39.1368719655097],[-120.951439707739,39.1368745303387],[-120.951425533574,39.1368768741098],[-120.951411398108,39.1368790263374],[-120.951397194528,39.1368810130881],[-120.95138288895,39.1368827791032],[-120.951368549959,39.1368843799532],[-120.951354249665,39.1368857892596],[-120.951339880916,39.1368869781318],[-120.951325480724,39.1368879469022],[-120.951311084131,39.1368887508403],[-120.951296618256,39.1368893901918],[-120.951282189936,39.1368898370884],[-120.95126776643,39.1368900371825],[-120.95125330911,39.1368900991347],[-120.951238855448,39.1368899142739],[-120.951224440485,39.1368895378695],[-120.951209992109,39.1368889963],[-120.951195546991,39.1368882349406],[-120.951181176027,39.1368873093829],[-120.951166807164,39.1368861640251],[-120.951152475444,39.1368848541364],[-120.951138148539,39.1368832974452],[-120.951123894218,39.1368816044692],[-120.951109712554,39.1368796923273],[-120.951095464349,39.136877586795],[-120.951081324243,39.1368752903429],[-120.951067257536,39.1368728026592],[-120.951053228386,39.1368701225208],[-120.951039273378,39.1368672790851],[-120.951025354772,39.1368642431844],[-120.951011564341,39.136860988617],[-120.950997811454,39.1368575424957],[-120.950984148502,39.1368539602459],[-120.95097056012,39.1368501858743],[-120.950957078694,39.136846219672],[-120.950943672226,39.1368420352257],[-120.950930373042,39.136837714807],[-120.950917147273,39.1368332022561],[-120.950904029202,39.1368285258091],[-120.950891091343,39.1368236320643],[-120.950878191384,39.1368186008226],[-120.950865468523,39.1368134063088],[-120.95085282062,39.136807993551],[-120.950840280029,39.1368024430196],[-120.95082790073,39.1367967029482],[-120.950815629672,39.1367908404267],[-120.950803520348,39.1367847586399],[-120.95079155355,39.136778582639],[-120.950779695667,39.1367721607721],[-120.95076990189,39.1367668826767],[-120.95075996422,39.1367617131952],[-120.95074992001,39.1367567076179],[-120.950739731906,39.1367518106544],[-120.950729471219,39.1367470499727],[-120.950719068124,39.1367424537734],[-120.950708591302,39.1367379929447],[-120.950698077725,39.1367336705216],[-120.950687315771,39.1367294818986],[-120.950676586072,39.1367254584276],[-120.950665747921,39.1367215718166],[-120.95065480323,39.1367178491095],[-120.950643748944,39.1367142623511],[-120.950632659085,39.1367108122072],[-120.950621460374,39.1367075259463],[-120.950610223765,39.1367043771797],[-120.950598914157,39.1367013926185],[-120.950587462167,39.136698570738],[-120.95057604242,39.13669591491],[-120.950564514246,39.1366933941404],[-120.950552950072,39.1366910388096],[-120.950541346443,39.1366888479859],[-120.9505296714,39.1366867925532],[-120.950517992743,39.1366849028508],[-120.950506242244,39.136683177364],[-120.950494453045,39.1366816434177],[-120.950482627932,39.1366801911282],[-120.950470763691,39.1366789592038],[-120.95045886232,39.1366778909064],[-120.950446993605,39.1366769607377],[-120.950435051503,39.1366762208966],[-120.9504231432,39.1366756200954],[-120.950411161497,39.1366752105225],[-120.950399212876,39.1366749102538],[-120.950387261397,39.1366748027487],[-120.95037530863,39.1366748600939],[-120.950363316406,39.1366750819459],[-120.950351323708,39.1366754137011],[-120.950339432603,39.136675993213],[-120.950327470484,39.1366766810926],[-120.950315574889,39.136677563261],[-120.950303659928,39.1366785812885],[-120.950291777206,39.1366797653687],[-120.950279945258,39.1366811138665],[-120.950268112422,39.1366826001914],[-120.950256346137,39.1366842790037],[-120.950244612506,39.1366860959447],[-120.950232913042,39.1366881050817],[-120.950221280529,39.1366902796829],[-120.950209646385,39.136692564177],[-120.950198115062,39.1366950135571],[-120.95018661755,39.1366976010765],[-120.950175153033,39.1367003816822],[-120.950163790581,39.1367033001406],[-120.950152463109,39.136706355848],[-120.950141238044,39.1367096043653],[-120.950130046033,39.1367129639887],[-120.950118991883,39.1367165437677],[-120.950107972772,39.1367201788154],[-120.9500969859,39.136723979916],[-120.950086137303,39.1367279732486],[-120.95007542777,39.1367321056677],[-120.95006478716,39.1367363486147],[-120.950054215472,39.1367407020896],[-120.950043710677,39.1367453030095],[-120.950033380472,39.1367499874805],[-120.950023155032,39.1367547837029],[-120.950012961444,39.1367597721008],[-120.950002943201,39.1367648710834],[-120.949993028567,39.1367700818071],[-120.949983216753,39.1367754574172],[-120.949973509704,39.1367809447789],[-120.949963977587,39.1367865706494],[-120.949954549092,39.1367923073602],[-120.949945223817,39.1367981819346],[-120.949936037619,39.1368041946951],[-120.949926991299,39.1368102915957],[-120.94991808364,39.1368165546065],[-120.949909350559,39.1368229020696],[-120.949900721869,39.136829386506],[-120.949892267756,39.1368359553948],[-120.949883954263,39.1368426363581],[-120.949875742848,39.1368494542739],[-120.949867743022,39.1368563569754],[-120.949859881517,39.1368633708298],[-120.949852159489,39.1368704958477],[-120.949844647507,39.1368777317632],[-120.949837276559,39.1368850518295],[-120.949830008477,39.136892455703],[-120.949822986284,39.1368999716977],[-120.949816103995,39.1369075700314],[-120.949809396685,39.1369152257946],[-120.949802828852,39.1369229927216],[-120.949796471051,39.1369308714471],[-120.949790289813,39.1369387787881],[-120.949784282337,39.1369468255291],[-120.949778450268,39.1369549008751],[-120.94977279279,39.1369630597733],[-120.949767346902,39.1369713034576],[-120.949762039736,39.1369796312722],[-120.949756980102,39.1369879604135],[-120.949749849443,39.137000445642],[-120.949717041908,39.1370609172345],[-120.949685498598,39.1371217848774],[-120.94965546554,39.137182995832],[-120.949626732168,39.1372446301849],[-120.949599542122,39.1373067180579],[-120.949573826362,39.1373693128841],[-120.949549724491,39.1374323618676],[-120.949527029205,39.1374957253069],[-120.949505774438,39.1375593773824],[-120.949485997648,39.1376232887026],[-120.949467626698,39.1376874874474],[-120.949450803921,39.1377518929178],[-120.949435352706,39.1378165575777],[-120.949421414231,39.1378814007177],[-120.949408953811,39.1379464211251],[-120.949397972982,39.1380115935892],[-120.949388434776,39.1380769150749],[-120.949380447956,39.1381423063825],[-120.949373862941,39.1382082589526],[-120.949345581078,39.1384696905044],[-120.949325072487,39.1386161374966],[-120.949301287171,39.1387623081335],[-120.949274230613,39.1389080655275],[-120.949243863077,39.1390534354445],[-120.949210259776,39.1391983374792],[-120.949173349002,39.1393427691816],[-120.949133201728,39.1394866239819],[-120.949089820692,39.1396298721723],[-120.949043238247,39.1397725149416],[-120.948993423205,39.1399144700243],[-120.948940373665,39.1400557085708],[-120.948884198383,39.1401961504765],[-120.948824825629,39.140335795091],[-120.948762290915,39.1404745868741],[-120.948696667486,39.1406125003553],[-120.948627954673,39.1407494238129],[-120.948556047512,39.1408854130522],[-120.948481192857,39.1410203594823],[-120.948403215277,39.1411542344901],[-120.948322291732,39.1412870396643],[-120.948310799392,39.1413058827136],[-120.948299763128,39.1413247848264],[-120.948289183207,39.1413438838414],[-120.948278987925,39.1413631782118],[-120.948269251049,39.1413825307661],[-120.948259969005,39.141402026156],[-120.94825110829,39.1414216613769],[-120.948242704736,39.1414414385536],[-120.948234758405,39.1414612757059],[-120.948227303221,39.1414812253912],[-120.948220234625,39.1415013172975],[-120.94821369384,39.1415214680138],[-120.948207540474,39.1415417051036],[-120.948201878645,39.1415620286044],[-120.948196673639,39.1415824391043],[-120.948191926287,39.1416028807556],[-120.948187672371,39.1416234367628],[-120.948183841055,39.1416439695521],[-120.948180537137,39.1416645890759],[-120.948177655756,39.1416852673624],[-120.948175267148,39.1417059491895],[-120.948173372782,39.1417266913264],[-120.948171900201,39.1417474651927],[-120.948170885691,39.1417682422868],[-120.948170435645,39.1417890253694],[-120.948170374669,39.1418097840314],[-120.948170770195,39.1418305738346],[-120.948171695497,39.1418513684129],[-120.948173044961,39.1418721127608],[-120.948174887201,39.1418928606494],[-120.948177189463,39.1419135586308],[-120.9481799845,39.1419342601528],[-120.948183238403,39.1419549117572],[-120.948186952757,39.1419754846297],[-120.948191125588,39.1419960337068],[-120.948198883168,39.1420292194472],[-120.948206676614,39.1420624055102],[-120.948211082696,39.142083918839],[-120.948215028759,39.1421054820749],[-120.94821844423,39.1421270954824],[-120.9482214032,39.1421486777487],[-120.948223831099,39.142170420091],[-120.948225800599,39.1421921033474],[-120.948227275362,39.1422138370989],[-120.948228256961,39.1422355934321],[-120.948228709938,39.1422573450009],[-120.948228704098,39.1422790654074],[-120.948228204275,39.1423008633426],[-120.948227140033,39.1423225742097],[-120.948225689042,39.1423443086176],[-120.948223708685,39.1423660103267],[-120.948221201663,39.1423876532354],[-120.948218252771,39.1424092921614],[-120.948214811187,39.1424308437647],[-120.948210825185,39.1424523634343],[-120.948206415063,39.1424738522543],[-120.948201477545,39.1424952534387],[-120.948196082791,39.1425165946465],[-120.948190195718,39.1425378233097],[-120.948183815147,39.1425590186962],[-120.948176943841,39.1425800727237],[-120.948169615282,39.1426010676752],[-120.948161828717,39.1426219765168],[-120.948153550674,39.1426427160651],[-120.948144781077,39.1426633692011],[-120.948135519198,39.1426839070896],[-120.94812587143,39.1427043324914],[-120.948115731781,39.1427246156224],[-120.948105101053,39.1427447024364],[-120.948049891888,39.1428436341965],[-120.948006772857,39.1429167536132],[-120.947961968846,39.142989281254],[-120.947915517686,39.1430611625036],[-120.947867454816,39.1431324256072],[-120.947817778007,39.1432029867601],[-120.947766526157,39.1432728751395],[-120.94771369778,39.1433420348747],[-120.947659256182,39.143410521488],[-120.947603310573,39.1434782260534],[-120.947545825104,39.1435451473447],[-120.947486800175,39.1436112583366],[-120.94742630593,39.1436765875869],[-120.947364306935,39.1437411059455],[-120.947300874944,39.1438047338779],[-120.947236010736,39.1438674966139],[-120.947169677268,39.1439293956187],[-120.947102018805,39.1439903763362],[-120.947032927028,39.1440504098593],[-120.946962544945,39.1441095263044],[-120.946890766964,39.1441676688611],[-120.946817733469,39.1442248108663],[-120.946743338765,39.1442809801921],[-120.946667691677,39.1443360940355],[-120.946590823349,39.1443902364579],[-120.946512703858,39.1444432414232],[-120.946433398662,39.1444952194283],[-120.946352912036,39.144546116456],[-120.946271207395,39.1445959033452],[-120.946188460957,39.1446445555587],[-120.946104497247,39.144692125563],[-120.946019526874,39.1447385323759],[-120.94593341142,39.144783748619],[-120.945846326714,39.1448277758781],[-120.945758235353,39.144870639939],[-120.945669104599,39.1449122864503],[-120.945579110283,39.1449527169981],[-120.945488076579,39.1449919299919],[-120.945396214425,39.1450299003086],[-120.945303418586,39.1450666251934],[-120.945209760003,39.1451020800603],[-120.945115309674,39.1451362367207],[-120.945020067185,39.1451691230965],[-120.94492406922,39.1452006845628],[-120.944827278364,39.1452309478065],[-120.944729838047,39.1452599150232],[-120.944631675814,39.1452875576287],[-120.944598283674,39.145292115947],[-120.944576417086,39.1452947190575],[-120.944554519892,39.1452970471157],[-120.944532556296,39.1452990178167],[-120.944510561275,39.1453007684123],[-120.944488500606,39.1453021886843],[-120.944466408162,39.1453033347941],[-120.944444321792,39.145304151229],[-120.944422168216,39.1453046643528],[-120.944400019881,39.1453049036492],[-120.944377874905,39.1453048402728],[-120.944355735586,39.1453044751452],[-120.944333564494,39.1453038358554],[-120.94431143262,39.1453028942172],[-120.944289306822,39.145301622904],[-120.94426718355,39.1453001047656],[-120.944245136918,39.1452982575905],[-120.944223129076,39.1452961368917],[-120.944201160871,39.1452936859207],[-120.944179197493,39.1452909890462],[-120.944157343899,39.1452879904618],[-120.944135495226,39.1452846621921],[-120.944113826484,39.1452810607748],[-120.94409216183,39.1452771855198],[-120.944070607702,39.1452730364895],[-120.944049129058,39.1452685584123],[-120.944027723923,39.145263806225],[-120.944006429301,39.145258781163],[-120.943985315364,39.1452535099874],[-120.943964241874,39.145247854494],[-120.943943347066,39.1452420096249],[-120.943922527355,39.1452358618317],[-120.943901889123,39.1452294147798],[-120.943881395719,39.1452227212901],[-120.943861011672,39.1452157549158],[-120.943840807974,39.1452084874712],[-120.943820784548,39.1452010018372],[-120.943800942199,39.1451932439681],[-120.943781208077,39.1451852114028],[-120.943761690894,39.1451769069269],[-120.943742353227,39.1451683572287],[-120.943723231356,39.1451595347089],[-120.943704289016,39.1451504660661],[-120.94368552735,39.1451411522117],[-120.943667015766,39.1451315937741],[-120.943648683714,39.1451217892137],[-120.943630602886,39.1451117409814],[-120.942035798337,39.1450546493801],[-120.942032255674,39.1450557433763],[-120.941511002818,39.1452132454197],[-120.941497220875,39.1452175410835],[-120.941483543292,39.1452219755285],[-120.94146996728,39.1452266577372],[-120.941456601313,39.1452314517581],[-120.941443268333,39.1452364379664],[-120.941430037329,39.1452416449154],[-120.941416980091,39.1452469912753],[-120.94140399014,39.1452525571606],[-120.94139121097,39.1452582627926],[-120.941378568898,39.1452641615566],[-120.941365995325,39.1452701987768],[-120.941353595126,39.1452764015305],[-120.941341263761,39.1452827976978],[-120.941329245739,39.1452893606684],[-120.94131729736,39.1452960630067],[-120.941305521951,39.1453029579017],[-120.941293885604,39.1453099918933],[-120.941282423788,39.1453171914292],[-120.941271134162,39.1453245582899],[-120.941260021033,39.1453320366593],[-120.941249079717,39.1453397075752],[-120.941238313309,39.1453475188141],[-120.941227792412,39.1453554683139],[-120.941217339262,39.1453635292368],[-120.94120716591,39.1453717566595],[-120.941197167479,39.1453801235045],[-120.941187342826,39.1453886288606],[-120.941177691939,39.1453972736287],[-120.941168321658,39.1454060308505],[-120.941159126312,39.1454149265942],[-120.941150069288,39.1454239335008],[-120.941141293624,39.1454330798949],[-120.941132726427,39.145442366016],[-120.941124369692,39.1454517360272],[-120.941116188296,39.1454612175373],[-120.941108251647,39.1454708111762],[-120.941100560161,39.1454804890202],[-120.941093043194,39.14549033331],[-120.941085806485,39.1455002359976],[-120.94107878099,39.1455102496089],[-120.941071964785,39.1455203480008],[-120.941065393341,39.145530557621],[-120.941059104469,39.1455408256601],[-120.941052989592,39.1455512177987],[-120.941047120271,39.1455616680204],[-120.941041531772,39.1455722162844],[-120.941036153722,39.1455828493397],[-120.941031021241,39.1455935395774],[-120.9410261355,39.1456042861072],[-120.941021530771,39.1456151180687],[-120.941017135752,39.1456260068874],[-120.941010927779,39.1456426188266],[-120.940957358015,39.1457866499208],[-120.94092011002,39.1458792062971],[-120.940880647958,39.145971193925],[-120.940839113716,39.1460626402159],[-120.940795544361,39.1461534644239],[-120.940749831899,39.1462436925934],[-120.94070211985,39.1463332431428],[-120.940652335663,39.1464221703654],[-120.940600552672,39.1465103668175],[-120.940546734228,39.1465978844155],[-120.940490952912,39.1466845886822],[-120.940433208662,39.1467705606942],[-120.940373465683,39.1468557181429],[-120.940311866241,39.1469400632179],[-120.940248233441,39.1470235105271],[-120.940182850609,39.1471061455223],[-120.940115506536,39.1471878563737],[-120.940046342347,39.14726864436],[-120.939975322583,39.147348482129],[-120.939902484258,39.1474273700137],[-120.939827896445,39.147505253684],[-120.939751525605,39.1475821319309],[-120.939673443113,39.1476579513462],[-120.939593647405,39.1477327389389],[-120.939512175162,39.1478064400846],[-120.939359112942,39.1479391051704],[-120.939247627646,39.1480318376369],[-120.939134048133,39.1481230131419],[-120.939018446055,39.1482127143116],[-120.938900855755,39.1483008883],[-120.938781279242,39.1483874783632],[-120.938768195739,39.1483969151337],[-120.93875531949,39.1484065727038],[-120.938742688313,39.1484163982648],[-120.938730265952,39.1484264176129],[-120.938718123786,39.1484365773439],[-120.938706154995,39.1484469026122],[-120.938694465978,39.1484573961873],[-120.938682986198,39.1484680556261],[-120.93867175117,39.1484788271981],[-120.938660760821,39.1484897928838],[-120.938650085371,39.1485008992684],[-120.938639583687,39.1485121450685],[-120.93862932752,39.1485235291349],[-120.938619456819,39.1485350545422],[-120.93860972518,39.1485467190495],[-120.938600308454,39.1485585233554],[-120.93859113765,39.1485704389048],[-120.938582282151,39.1485824681307],[-120.93857367058,39.1485946644372],[-120.938565340042,39.14860694528],[-120.938557290118,39.1486193385831],[-120.938549520809,39.1486318443464],[-120.938542031375,39.1486444346356],[-120.938534858418,39.1486571377114],[-120.93852793137,39.1486699529319],[-120.938521318891,39.148682853895],[-120.938514988602,39.1486958394053],[-120.938509008756,39.1487089100837],[-120.938503239364,39.1487220655579],[-120.938497787273,39.148735278872],[-120.938492685627,39.1487485773544],[-120.93848782872,39.1487619888721],[-120.938483325815,39.1487754027085],[-120.938479102774,39.1487889019721],[-120.938475160767,39.1488024857729],[-120.938471571593,39.1488160727826],[-120.938468298563,39.1488297176222],[-120.938465308131,39.1488434199862],[-120.938462632688,39.1488571801697],[-120.938460239511,39.1488709429205],[-120.938458198341,39.1488847638272],[-120.938456439437,39.1488985873014],[-120.938454996679,39.1489124686054],[-120.938453836607,39.148926324553],[-120.938453099515,39.1489402122756],[-120.938452573718,39.1489541289467],[-120.938452399583,39.1489680497174],[-120.938452543996,39.1489819454578],[-120.938452970271,39.1489958707888],[-120.938453713923,39.1490097719798],[-120.938454809671,39.1490236484457],[-120.938456188425,39.1490375554135],[-120.938459708218,39.149063838463],[-120.938468856536,39.149128698368],[-120.938475549965,39.1491855991018],[-120.938480902201,39.149242516464],[-120.938484984511,39.149299558309],[-120.938487760745,39.1493565891746],[-120.93848926712,39.149413662543],[-120.938489469308,39.1494707528769],[-120.938488401717,39.1495278028325],[-120.938486029194,39.1495848418192],[-120.938482353325,39.1496418410233],[-120.938477443185,39.1496987461184],[-120.938471230085,39.1497555853081],[-120.938463714453,39.1498123297677],[-120.93845485966,39.1498689530381],[-120.938444772565,39.1499254272623],[-120.938433382178,39.1499817797221],[-120.93842072634,39.1500379558069],[-120.938406872564,39.1500939282029],[-120.938391683155,39.150149697459],[-120.938375261849,39.1502052897432],[-120.938357610263,39.1502605969631],[-120.938338657423,39.150315645499],[-120.938318474239,39.1503704900489],[-120.938297060044,39.1504250206975],[-120.938274417541,39.1504792113431],[-120.938250580609,39.1505331172473],[-120.938225442927,39.1505866527586],[-120.938199182943,39.1506398771565],[-120.938171693165,39.1506927056798],[-120.938143011348,39.1507451665986],[-120.938113135596,39.1507972319671],[-120.938082084085,39.1508488469958],[-120.938049946209,39.1509000683522],[-120.938016528871,39.1509508104955],[-120.937982023675,39.1510011039969],[-120.937946398647,39.1510509206367],[-120.93790965231,39.1511002045455],[-120.937871783405,39.1511490394933],[-120.937832830613,39.151197315022],[-120.937792755668,39.1512451136637],[-120.937777540096,39.1512625767657],[-120.937763018584,39.1512785083638],[-120.937748146289,39.1512942989315],[-120.937732924429,39.1513098673993],[-120.937717387317,39.1513252402054],[-120.937701467103,39.1513403897055],[-120.937685196166,39.1513553170948],[-120.937668612291,39.151370048843],[-120.937651678113,39.1513845305565],[-120.937634430664,39.1513987616714],[-120.937616869093,39.1514127989357],[-120.937599029377,39.1514265579932],[-120.937580840108,39.151440094049],[-120.937562302098,39.1514533530569],[-120.937543521373,39.1514663630085],[-120.937524426973,39.1514791493836],[-120.937505089106,39.1514916596688],[-120.937485438376,39.1515038923311],[-120.937465510644,39.151515847697],[-120.937152934639,39.1516127886406],[-120.93651389011,39.1518109612104],[-120.931385293515,39.1534055994374],[-120.931379729219,39.1534073601814],[-120.931374234979,39.153409232376],[-120.931368738751,39.1534111595065],[-120.931363313013,39.1534131692631],[-120.931357921151,39.153415234284],[-120.931352528052,39.1534173812743],[-120.931347274842,39.153419612427],[-120.931342020802,39.1534218985263],[-120.931336836095,39.1534242672411],[-120.931331684843,39.1534267191439],[-120.931326604911,39.1534291987262],[-120.931321593154,39.1534317609135],[-120.931316616009,39.1534344062994],[-120.931311707448,39.1534371072674],[-120.931306869785,39.1534398638387],[-120.931302101441,39.1534427039263],[-120.931297366157,39.1534456533243],[-120.931292701852,39.1534485763452],[-120.931288142322,39.153451610234],[-120.931283580397,39.1534547260816],[-120.93127916077,39.153457843232],[-120.93127477419,39.1534610705935],[-120.931270458181,39.153464298601],[-120.93126624579,39.1534676374657],[-120.931262068841,39.1534710045824],[-120.931257995523,39.1534744816557],[-120.931254029048,39.1534779326804],[-120.931250059756,39.1534814935878],[-120.931246268204,39.1534850840503],[-120.93124247468,39.1534887285479],[-120.931238821467,39.1534924292846],[-120.931235202131,39.1534961852857],[-120.931231688386,39.1534999981087],[-120.931228281089,39.1535038110055],[-120.931224941968,39.1535077065076],[-120.931221708847,39.1535116318086],[-120.931218544323,39.1535156117912],[-120.931215486983,39.1535196197819],[-120.931212498213,39.1535236842556],[-120.931209613904,39.1535278037392],[-120.93120680131,39.1535319247804],[-120.931204093178,39.1535361008315],[-120.931200694446,39.1535416444158],[-120.931013050394,39.1540308956999],[-120.931011103576,39.1540360678965],[-120.931009261207,39.154041296004],[-120.931007559995,39.1540465245034],[-120.931005999504,39.1540517822192],[-120.931004508414,39.1540570414716],[-120.93100315923,39.1540623281494],[-120.931001914902,39.1540676437152],[-120.931000811705,39.1540729614745],[-120.930999814548,39.1540783063308],[-120.930998922657,39.1540836530522],[-120.930998171501,39.1540890280892],[-120.930997560753,39.1540943764846],[-120.930997021298,39.1540997543615],[-120.930996622592,39.1541051596534],[-120.930996329574,39.1541105388865],[-120.930996177699,39.1541159194124],[-120.930996166545,39.1541213291547],[-120.930996261093,39.1541267119375],[-120.930996462077,39.1541320956952],[-120.930996840069,39.1541374810742],[-120.930997287475,39.1541428670889],[-120.930997876026,39.1541482543963],[-120.930998535978,39.1541535874034],[-120.93099937136,39.1541589499449],[-120.931000313178,39.1541643134612],[-120.931001361855,39.1541696500286],[-120.931002551348,39.1541749329315],[-120.931003810992,39.1541802444044],[-120.931005248065,39.1541855295748],[-120.931006825534,39.1541907890043],[-120.931008439712,39.1541959929149],[-120.931010265183,39.1542012266882],[-120.931012127336,39.1542064067441],[-120.931014129911,39.1542115592576],[-120.931016273194,39.1542167418882],[-120.931018489881,39.1542218143817],[-120.931020810691,39.1542268878287],[-120.931023274618,39.1542319085331],[-120.931025878545,39.1542369296187],[-120.931028555019,39.1542418973153],[-120.931031372324,39.1542468104465],[-120.931034296473,39.1542516975295],[-120.931037291617,39.1542565573351],[-120.931040427565,39.1542613643767],[-120.931043635242,39.1542661720752],[-120.931049750721,39.1542745748302],[-120.931844280238,39.1553713741999],[-120.9318556679,39.1553880367677],[-120.931861836101,39.1553976354397],[-120.931867790938,39.1554073411664],[-120.931873533419,39.1554170872911],[-120.931879062537,39.1554269404707],[-120.931884380251,39.1554368475705],[-120.931889449158,39.1554468334733],[-120.931894269218,39.1554569008812],[-120.931898913766,39.1554670207362],[-120.931903274036,39.1554771929437],[-120.93190749308,39.1554874458397],[-120.931911357668,39.1554977243202],[-120.931915081044,39.1555080825885],[-120.931918521285,39.1555184941208],[-120.931921749821,39.1555289028147],[-120.931924730679,39.155539392124],[-120.931927498989,39.1555499344423],[-120.931930018886,39.1555605294417],[-120.931932293199,39.1555710663384],[-120.93193431982,39.1555816847513],[-120.931936133906,39.1555923552726],[-120.931937665699,39.1556030232106],[-120.931938985351,39.1556137171349],[-120.931940094441,39.1556244091324],[-120.931940919673,39.155635125559],[-120.931941497648,39.1556458946772],[-120.931941830025,39.1556566065937],[-120.93194195026,39.1556673444965],[-120.931941787793,39.155678106839],[-120.93194137815,39.155688839893],[-120.931940792651,39.1556995713377],[-120.931939908254,39.1557103270739],[-120.931938882382,39.1557210265613],[-120.931937451989,39.1557316953202],[-120.931935878883,39.1557423897998],[-120.931934060913,39.1557530550121],[-120.931931996187,39.1557636630119],[-120.931929684623,39.1557742957796],[-120.931927126711,39.155784844312],[-120.931924322791,39.1557953626656],[-120.931921343015,39.1558058794098],[-120.931918081025,39.1558163115905],[-120.93191457417,39.1558267145035],[-120.931910854858,39.1558370875447],[-120.931906855237,39.1558474030664],[-120.931902679432,39.1558576620215],[-120.931900560186,39.1558625299541],[-120.931898371931,39.1558673702285],[-120.931896042201,39.1558721542538],[-120.931893607597,39.1558769102929],[-120.931891066976,39.155881637434],[-120.931888456202,39.1558863360056],[-120.931885706675,39.1558909513263],[-120.931882850709,39.155895565673],[-120.931879889869,39.1559001520331],[-120.931876858548,39.1559046548664],[-120.931873686816,39.1559091843422],[-120.931870446169,39.1559136032787],[-120.931867099082,39.1559180212411],[-120.931863647557,39.1559223823924],[-120.931860091565,39.1559266885343],[-120.931856429541,39.155930966679],[-120.931852697787,39.1559351883303],[-120.931848826123,39.1559393267202],[-120.931844920171,39.1559434368685],[-120.931840908596,39.1559474919967],[-120.931836756295,39.1559515179094],[-120.931832570944,39.1559554336108],[-120.931828279154,39.1559593483381],[-120.931823919606,39.1559631525365],[-120.931819454434,39.1559669017148],[-120.93181495341,39.1559706496639],[-120.93181027819,39.1559742861101],[-120.931805534368,39.1559778678748],[-120.931800754366,39.1559813934532],[-120.931795940472,39.1559848646678],[-120.93179098743,39.1559882787535],[-120.931785964302,39.1559915831899],[-120.931780836736,39.1559948308152],[-120.931775674541,39.1559979961424],[-120.931770478453,39.1560011071057],[-120.931765142061,39.1560041609296],[-120.931759772197,39.1560071324659],[-120.931754331446,39.156010047498],[-120.931748822923,39.156012852902],[-120.931743279364,39.1560156030308],[-120.931737701926,39.156018297895],[-120.931731949134,39.1560208812455],[-120.931726197157,39.1560234105498],[-120.931720411737,39.156025855765],[-120.931714556967,39.156028219265],[-120.931708667596,39.1560304986654],[-120.931702708466,39.1560327233736],[-120.931696716288,39.1560348378705],[-120.93169069023,39.1560368971027],[-120.931684594101,39.1560388457848],[-120.931623563103,39.1560585796943],[-120.931563049927,39.1560791146986],[-120.931502982434,39.1561004771649],[-120.931443361029,39.1561226400709],[-120.931384326451,39.1561456317325],[-120.931325738366,39.1561693968123],[-120.931267739092,39.1561939357132],[-120.931181135218,39.1562325467049],[-120.931173541984,39.1562355528089],[-120.931168932025,39.1562372403022],[-120.931164249914,39.1562389550621],[-120.93115953591,39.1562405596213],[-120.931154821594,39.1562421083222],[-120.931150037519,39.1562436023308],[-120.931145254683,39.1562450143696],[-120.931140401695,39.1562463978381],[-120.931135515658,39.1562476710953],[-120.931130630043,39.1562489164286],[-120.931125709787,39.1562500803644],[-120.931120790796,39.1562511605288],[-120.931115803627,39.1562521580877],[-120.931110781,39.1562531282949],[-120.931105794321,39.1562540168502],[-120.931100738332,39.1562548209879],[-120.931095719026,39.1562555714078],[-120.93109059411,39.1562562659062],[-120.931085576463,39.1562569064323],[-120.931080490311,39.1562574093957],[-120.931075368716,39.1562578841067],[-120.931070283816,39.1562583041993],[-120.931065129172,39.1562586686986],[-120.93106001204,39.1562589245337],[-120.931054859887,39.1562591241926],[-120.931049743272,39.1562592692224],[-120.931044593187,39.1562593319646],[-120.931039479049,39.1562593130548],[-120.931034366912,39.1562592383079],[-120.931029220148,39.1562590812628],[-120.931024108922,39.1562588695886],[-120.931018964227,39.1562585756267],[-120.931013854662,39.1562582540587],[-120.9310087479,39.1562578235086],[-120.931003641248,39.1562573091765],[-120.930998605986,39.1562567414446],[-120.930993502137,39.1562561181301],[-120.930988468945,39.1562554134816],[-120.930983436595,39.1562546529853],[-120.930978406642,39.1562538105299],[-120.930973411805,39.1562529413691],[-120.930968488046,39.1562519629507],[-120.930963461414,39.1562509007079],[-120.930958540473,39.1562498124063],[-120.930953655492,39.156248641552],[-120.930948807616,39.1562473890564],[-120.930943924704,39.1562460812854],[-120.930939113197,39.1562447192139],[-120.930934338386,39.1562433025241],[-120.930929564827,39.1562418029637],[-120.930924862332,39.1562401950464],[-120.930920196125,39.1562385595337],[-120.930915566192,39.1562368973263],[-120.930910937103,39.1562351792713],[-120.930906379078,39.1562333528595],[-120.930901857749,39.1562314718292],[-120.930897373115,39.1562295361807],[-120.93089295873,39.1562275462212],[-120.930888581462,39.1562254737196],[-120.930884240876,39.1562233475006],[-120.930879899556,39.156221193347],[-120.930875665928,39.1562189572978],[-120.93087150369,39.1562166678491],[-120.930867376991,39.1562143237714],[-120.930863252702,39.1562118968338],[-120.930859233696,39.1562094708605],[-120.930855285345,39.1562069635533],[-120.93085137527,39.1562043737147],[-120.930847535019,39.1562017574889],[-120.930843729886,39.1561991145579],[-120.93083996345,39.1561963611718],[-120.930836301126,39.1561936096402],[-120.930832711785,39.1561907758952],[-120.930829157575,39.1561879145443],[-120.929880947149,39.1555939879026],[-120.929871232547,39.1555879944021],[-120.92986134115,39.1555821380169],[-120.929851305395,39.1555764163416],[-120.929841196983,39.1555708318354],[-120.929830945342,39.1555653838512],[-120.929820585941,39.1555600988399],[-120.929810049025,39.1555549221087],[-120.929799508869,39.155549883183],[-120.929788719807,39.1555450059359],[-120.929777893954,39.1555402661867],[-120.929766924462,39.1555356899822],[-120.929755917036,39.1555312503641],[-120.929744731263,39.1555269739723],[-120.929733543421,39.1555228344958],[-120.929722176483,39.1555188312121],[-120.929710771937,39.155515019472],[-120.929699260025,39.1555113445823],[-120.92968770977,39.1555078333019],[-120.929676015862,39.1555044864667],[-120.929664285176,39.1555012762283],[-120.929652480281,39.1554982292702],[-120.929640568755,39.1554953470967],[-120.929628653593,39.1554926288507],[-120.929616682297,39.155490102879],[-120.929604639936,39.1554876852621],[-120.929592505562,39.1554854604915],[-120.929580334423,39.1554833714167],[-120.929568125252,39.1554815018091],[-120.929555913261,39.1554797420828],[-120.929543628939,39.1554781744824],[-120.929531305849,39.1554767984147],[-120.929518980688,39.1554755592619],[-120.929506582869,39.1554744572776],[-120.929494181739,39.1554735741778],[-120.929481778101,39.1554728568175],[-120.929469336527,39.1554722760432],[-120.92945689363,39.1554718592174],[-120.929444446645,39.1554716360441],[-120.929431998337,39.1554715768193],[-120.929419545969,39.1554717094455],[-120.929407092672,39.1554719798981],[-120.929389519079,39.155472642116],[-120.926754790368,39.1552892089046],[-120.926745276723,39.1552885998082],[-120.926735762157,39.1552881276379],[-120.926726209636,39.1552877929539],[-120.926716654291,39.1552875681519],[-120.926707063318,39.1552874799567],[-120.926697539684,39.1552875293153],[-120.926687978841,39.155287743194],[-120.926678417165,39.1552880120184],[-120.926668887683,39.155288446902],[-120.926659392002,39.15528901813],[-120.926649859521,39.1552897268551],[-120.926640360082,39.1552905457919],[-120.926630857408,39.1552915016335],[-120.926621424797,39.1552925680273],[-120.926612025959,39.1552937725671],[-120.926602588023,39.1552951136819],[-120.926593220148,39.1552965653489],[-120.926583884904,39.1552981542507],[-120.926574583857,39.1552998533747],[-120.926565315426,39.1553016906342],[-120.926556080783,39.1553036651391],[-120.926546949753,39.1553057505048],[-120.926537817479,39.1553079178393],[-120.926528753599,39.1553103056194],[-120.926519722436,39.1553127486541],[-120.926510725457,39.1553153028119],[-120.926501832441,39.1553180209864],[-120.926492972451,39.1553208502735],[-120.926484251939,39.1553237907514],[-120.926475493894,39.1553268407921],[-120.926466840208,39.1553300287273],[-120.926458255838,39.1553333001813],[-120.926449775093,39.1553366815956],[-120.926441361996,39.155340256422],[-120.926433054502,39.1553438871735],[-120.926424745354,39.1553476269169],[-120.926416574922,39.1553514517184],[-120.926408544729,39.1553554138438],[-120.926400547152,39.1553595141048],[-120.926392618889,39.1553636978848],[-120.926384829384,39.1553679640207],[-120.926377109503,39.1553723695337],[-120.92636945854,39.1553768846879],[-120.926361981762,39.1553815113524],[-120.926354610998,39.1553861669193],[-120.926347272453,39.1553909867441],[-120.926340038354,39.1553958624835],[-120.926332979585,39.1554008506448],[-120.926326060729,39.1554059211729],[-120.926319175633,39.1554111307483],[-120.926312464413,39.1554163959761],[-120.926305823254,39.1554217717567],[-120.926299356704,39.1554272311243],[-120.926292995334,39.1554327743409],[-120.926286737986,39.155438401396],[-120.926280620963,39.1554440837951],[-120.926274177443,39.1554503127334],[-120.926227617936,39.155497141509],[-120.926182001354,39.1555445834385],[-120.926137539429,39.1555926395704],[-120.926094160831,39.1556412831236],[-120.92605186749,39.1556905393422],[-120.926010658721,39.155740301015],[-120.92597060545,39.1557906219483],[-120.925931638247,39.1558415024052],[-120.925893895638,39.1558928878065],[-120.925853093551,39.1559507539717],[-120.925840247777,39.1559698571477],[-120.925827822934,39.155989129059],[-120.925815819447,39.1560085417821],[-120.925804235312,39.1560281511539],[-120.925793143531,39.1560478740637],[-120.925782402096,39.1560677659606],[-120.925772223166,39.1560877999688],[-120.925762428571,39.1561079744488],[-120.925753127886,39.1561282363556],[-120.925744246567,39.1561486940111],[-120.925735824141,39.1561691829162],[-120.925727892053,39.1561898420974],[-120.925720418448,39.1562105595514],[-120.925713400898,39.1562314190387],[-120.925706875793,39.1562523100847],[-120.925700772035,39.1562733428446],[-120.925695197321,39.156294435428],[-120.925690080346,39.1563155592508],[-120.925685419441,39.1563368242065],[-120.92568125138,39.1563580945992],[-120.925677577671,39.1563794235952],[-120.925674360108,39.1564008126448],[-120.925671637307,39.156422233275],[-120.925669406955,39.1564436854644],[-120.925667634755,39.1564651418707],[-120.925666356149,39.1564866307478],[-120.925665535271,39.1565081517655],[-120.925665243867,39.1565297046833],[-120.925665375598,39.1565512056406],[-120.92566607191,39.1565727126953],[-120.925667226375,39.156594223967],[-120.925668805121,39.1566156841895],[-120.925670948462,39.1566371496086],[-120.925673479471,39.1566585366149],[-120.925676612113,39.1566799282577],[-120.925680132001,39.1567012694112],[-120.925684181878,39.1567225325608],[-120.925688657194,39.1567437446717],[-120.925693626212,39.156764906372],[-120.925699089764,39.1567859627153],[-120.925705013043,39.1568069962627],[-120.925711432438,39.1568278965399],[-120.925723449225,39.1568634022149],[-120.925724630756,39.1568669004353],[-120.92572537007,39.1568692684729],[-120.925726074662,39.1568716370919],[-120.92572670944,39.156874031194],[-120.925727272883,39.1568763985138],[-120.925727765355,39.1568787913063],[-120.92572825739,39.1568812129231],[-120.925728678863,39.1568836329896],[-120.925729030919,39.1568860524172],[-120.925729311244,39.1568884711847],[-120.925729591145,39.1568909178758],[-120.925729801628,39.156893363928],[-120.925729906095,39.1568957810769],[-120.925730009405,39.156898198215],[-120.92573004245,39.1569006705617],[-120.925730041223,39.1569031137645],[-120.925729933543,39.1569055568883],[-120.925729826286,39.1569079720885],[-120.925729648031,39.1569104145628],[-120.925729399626,39.1569128284639],[-120.925729080222,39.1569152696391],[-120.925728726533,39.1569176825711],[-120.925728336554,39.1569201230967],[-120.925727876425,39.156922535049],[-120.925727346878,39.1569249463625],[-120.925726816585,39.1569273306424],[-120.925726144732,39.1569297406461],[-120.925725474446,39.1569321236375],[-120.925724768705,39.1569344792759],[-120.925723956127,39.1569368600567],[-120.925723145102,39.156939214726],[-120.925722262784,39.1569415399107],[-120.92572131061,39.1569438932809],[-120.925720323829,39.1569461634507],[-120.925719299937,39.1569485152599],[-120.925718208297,39.1569507565369],[-120.92571704409,39.1569530521004],[-120.925715845995,39.1569552932985],[-120.925714578496,39.1569575329569],[-120.925713273961,39.1569597731753],[-120.925711936311,39.1569619842605],[-120.925710562036,39.1569641688827],[-120.925709083647,39.1569663516457],[-120.925707604922,39.1569684803522],[-120.925706091502,39.1569706078385],[-120.925704471628,39.1569727352458],[-120.925702853758,39.1569748068164],[-120.925701164143,39.1569768786274],[-120.925699405535,39.1569789218759],[-120.925697646193,39.15698093719],[-120.925695852553,39.1569829251616],[-120.925693954464,39.1569848572176],[-120.925692054794,39.1569868171866],[-120.925690121262,39.1569887209887],[-120.925688117143,39.1569906250419],[-120.925686079149,39.156992473829],[-120.925684005302,39.1569943213853],[-120.925681861702,39.156996114246],[-120.925679719258,39.1569979071173],[-120.92567754064,39.1569996438005],[-120.925675257881,39.157001380426],[-120.925673009508,39.1570030624136],[-120.925670657433,39.1570047155191],[-120.92566833932,39.1570063419104],[-120.925665988079,39.1570079400691],[-120.925663565517,39.1570095105447],[-120.925661073214,39.157011025424],[-120.925658582493,39.1570125123901],[-120.92565612689,39.1570139726528],[-120.925653494682,39.1570154042631],[-120.925650898764,39.1570168082799],[-120.925648374255,39.1570181579996],[-120.925645638447,39.1570194778467],[-120.925642973623,39.1570207713204],[-120.925640275334,39.157021982505],[-120.925637575479,39.1570232207019],[-120.925634771174,39.1570244029829],[-120.92563200398,39.1570255036246],[-120.925629235642,39.1570266033546],[-120.925626362007,39.1570277030164],[-120.925623561362,39.157028720468],[-120.92562065394,39.1570296828832],[-120.925617747689,39.1570306444083],[-120.925614806817,39.1570315236336],[-120.925611866368,39.1570323749352],[-120.92560892633,39.1570331992138],[-120.925554735362,39.1570483245184],[-120.92550085053,39.1570641670221],[-120.925447376719,39.1570807538168],[-120.925394246885,39.1570980041066],[-120.925341598644,39.157115999338],[-120.925289292414,39.1571347112001],[-120.925237397596,39.1571541412331],[-120.925185952048,39.1571742348318],[-120.925134989656,39.1571950463624],[-120.925084509672,39.157216548792],[-120.925034478954,39.1572387147891],[-120.924978500955,39.1572645872057],[-120.924968519804,39.1572692177427],[-120.924961205565,39.1572724188055],[-120.924953823591,39.1572755084345],[-120.924946442129,39.1572784881592],[-120.924938920762,39.1572813846138],[-120.924931400654,39.1572841981976],[-120.924923777342,39.157286873895],[-120.9249160847,39.1572894669724],[-120.924908393727,39.157291950156],[-120.924900597572,39.1572943494884],[-120.924892732923,39.1572966112541],[-120.924884870689,39.1572987901596],[-120.924876904094,39.157300831168],[-120.924868973467,39.1573027896253],[-120.924860939213,39.1573046381198],[-120.924852836052,39.1573063760704],[-120.924844770647,39.1573079900454],[-120.924836636322,39.1573094943772],[-120.924828467596,39.1573109019964],[-120.924820264674,39.1573121993914],[-120.924812064578,39.1573133869033],[-120.924803796001,39.1573144359476],[-120.924795563366,39.1573154042423],[-120.924787261839,39.1573162610922],[-120.924778962392,39.1573169810255],[-120.924770629496,39.1573176177681],[-120.92476229751,39.1573181184841],[-120.924753933655,39.1573185080964],[-120.924745604612,39.157318815147],[-120.924737244084,39.1573189858724],[-120.924728884493,39.1573190187698],[-120.924720526162,39.1573189687961],[-120.924712169488,39.1573188098295],[-120.924703816065,39.1573185130561],[-120.924695462731,39.1573181343018],[-120.92468714579,39.1573176450727],[-120.924678868363,39.1573169922451],[-120.92467055516,39.1573162571062],[-120.924662245209,39.1573153841606],[-120.924653970802,39.1573144565874],[-120.924645769051,39.1573133927479],[-120.924637499977,39.1573121904512],[-120.924629336276,39.1573109071438],[-120.924585953681,39.1573040273392],[-120.924542349785,39.1572977761025],[-120.924498631836,39.1572921012691],[-120.924454834555,39.1572870022581],[-120.924410921651,39.1572825066623],[-120.924366859584,39.1572786132719],[-120.9243227876,39.1572752963431],[-120.924278600737,39.1572726098629],[-120.924234370402,39.1572704995351],[-120.924190095013,39.1572689932726],[-120.924145774583,39.1572680901746],[-120.92410144653,39.1572677644602],[-120.924057143598,39.1572680695836],[-120.924012831474,39.1572689791029],[-120.923968546022,39.1572704933486],[-120.923924321231,39.1572725838058],[-120.923880088813,39.1572752516465],[-120.92383598678,39.1572785521967],[-120.923791982003,39.1572824572236],[-120.923747968027,39.1572869666464],[-120.923704121545,39.1572920271403],[-120.92366044248,39.1572977197849],[-120.923616824453,39.15730396342],[-120.92357337384,39.157310839206],[-120.923530091875,39.1573182660744],[-120.923486975419,39.1573262980498],[-120.923444062639,39.1573349363854],[-120.923386383404,39.1573474744912],[-120.92338393995,39.1573480564505],[-120.923381497242,39.1573486654433],[-120.923379089975,39.1573493026906],[-120.923376680728,39.157349993973],[-120.923374236759,39.157350685836],[-120.923371862542,39.1573514323957],[-120.9233694879,39.157352206879],[-120.923367147556,39.1573530087054],[-120.923364842228,39.15735386671],[-120.923362571622,39.1573547241339],[-120.923360230017,39.1573556088304],[-120.923357923866,39.1573565208806],[-120.92335568744,39.1573574894292],[-120.923353485326,39.15735848442],[-120.923351282773,39.1573595082352],[-120.923349080979,39.1573605581832],[-120.923346947754,39.1573616646188],[-120.923344779087,39.1573627427999],[-120.923342680891,39.1573639045129],[-120.923340617418,39.1573650656453],[-120.923338553506,39.157366255602],[-120.923336525062,39.1573674720117],[-120.923334530903,39.1573687166653],[-120.923332501198,39.1573700159452],[-120.923330611486,39.1573713165164],[-120.92332868664,39.1573726446911],[-120.923326797248,39.1573740002196],[-120.923324978021,39.1573753834219],[-120.923323122502,39.1573767942171],[-120.923321337133,39.1573782335869],[-120.923319586898,39.1573796453531],[-120.923317870857,39.1573811673434],[-120.923316155665,39.1573826334863],[-120.923314510199,39.1573841561276],[-120.923312864307,39.1573857066924],[-120.923311289004,39.1573872570076],[-120.923309747574,39.1573888625895],[-120.923308241585,39.1573904964259],[-120.923306736007,39.1573921032393],[-120.92330526474,39.1573937364951],[-120.923303863198,39.1573954262492],[-120.923302497522,39.1573971163342],[-120.92330120201,39.1573988340931],[-120.923299905341,39.1574005518412],[-120.92329868039,39.1574022711519],[-120.923297418751,39.1574040441775],[-120.923296228843,39.1574058178648],[-120.923294891611,39.157407919919],[-120.923058963723,39.1580434826767],[-120.923057012457,39.1580489015459],[-120.923055201171,39.1580543226074],[-120.923053531795,39.158059771104],[-120.923051931824,39.1580652211419],[-120.923050508884,39.1580706719123],[-120.923049154513,39.1580761791706],[-120.923047942038,39.1580817147647],[-120.923046905423,39.1580872519814],[-120.923045939384,39.1580927898493],[-120.923045184661,39.1580983566936],[-120.923044429937,39.158103923538],[-120.923043851486,39.158109464982],[-120.923043413349,39.1581150626749],[-120.923043081654,39.1581206613499],[-120.923042891111,39.1581262613273],[-120.923042805852,39.1581318622762],[-120.923042861,39.1581374374938],[-120.92304302376,39.1581430128034],[-120.923043326089,39.1581486173284],[-120.923043769995,39.158154195232],[-120.92304432033,39.1581597750185],[-120.92304501183,39.1581653552066],[-120.923045809026,39.1581709093432],[-120.923046746629,39.1581764377486],[-120.923047791844,39.158181966246],[-120.923048977466,39.1581874690121],[-120.923050269529,39.1581929727603],[-120.923051701588,39.1581984778002],[-120.923053242082,39.1582039288862],[-120.92305488628,39.1582094088567],[-120.923056708757,39.1582148075901],[-120.923058637356,39.1582201523483],[-120.923060707839,39.1582255263432],[-120.923062777591,39.1582308724036],[-120.923065059906,39.158236165471],[-120.923067483374,39.1582414598406],[-120.923070014531,39.1582466732227],[-120.923072580824,39.1582518590014],[-120.923075358845,39.1582570467335],[-120.923078207107,39.1582621810602],[-120.923081163819,39.1582672605322],[-120.923084260938,39.1582723142728],[-120.923087465335,39.1582773140489],[-120.923090810565,39.1582822601699],[-120.923094227952,39.1582871790289],[-120.923097751448,39.1582920448134],[-120.923101380655,39.1582968836455],[-120.923105152276,39.1583016409096],[-120.923112356314,39.1583103297949],[-120.923567904817,39.1589499097926],[-120.924144047548,39.1593716949185],[-120.924820816772,39.1601815514812],[-120.924826148077,39.1601881626691],[-120.924829330164,39.1601922838206],[-120.924832406552,39.1601964310251],[-120.924835375661,39.1602006321956],[-120.924838239071,39.1602048594191],[-120.92484103148,39.1602091139162],[-120.924843717341,39.1602134503136],[-120.92484636776,39.1602177584569],[-120.9248488052,39.1602221466193],[-120.924851171637,39.1602265620553],[-120.924853467087,39.1602310038641],[-120.924855691535,39.1602354729463],[-120.924857774006,39.1602399947743],[-120.924859821753,39.1602445171831],[-120.924861656932,39.1602490925883],[-120.924863421534,39.1602536673434],[-120.924865115571,39.1602582405476],[-120.924866738182,39.160262868949],[-120.92486814865,39.1602675224231],[-120.924869558693,39.1602722038209],[-120.924870828751,39.1602768830283],[-120.924871956072,39.1602815888486],[-120.924873012391,39.1602863219425],[-120.924873963422,39.1602910540665],[-120.924874843889,39.1602957846398],[-120.924875582776,39.1603005418366],[-120.924876180918,39.1603052707103],[-120.924876707983,39.1603101079369],[-120.924877128691,39.160314862203],[-120.924877445268,39.1603196155099],[-120.924877653408,39.1603244227724],[-120.924877721959,39.1603292017224],[-120.924877719522,39.1603340070453],[-120.924877576353,39.1603387831443],[-120.924877362182,39.160343586517],[-120.924877008423,39.1603483615772],[-120.924876582943,39.1603531350759],[-120.92487608687,39.1603579088254],[-120.924875379064,39.1603626806246],[-120.924874584496,39.1603674507237],[-120.924873718603,39.1603721931393],[-120.92487272932,39.1603769073915],[-120.92487167104,39.1603815930807],[-120.924870505903,39.1603863048124],[-120.924869200022,39.1603909882209],[-120.92486775297,39.1603956712301],[-120.924866271646,39.1604003250951],[-120.924864685444,39.1604049509674],[-120.924862922629,39.1604095481862],[-120.924861124371,39.160414117151],[-120.924859186523,39.1604186578033],[-120.924857212822,39.1604231972244],[-120.924855081007,39.1604277090633],[-120.924852808473,39.1604321907776],[-120.924850518248,39.1604366182755],[-120.924848123891,39.1604410448142],[-120.92484558848,39.1604453871717],[-120.924842948191,39.1604497015366],[-120.924840272034,39.1604540155709],[-120.924837456302,39.160458300392],[-120.924834570813,39.1604625305171],[-120.924831543859,39.160466703484],[-120.924828447894,39.1604708487884],[-120.924825281762,39.1604749664197],[-120.924821975322,39.1604790269033],[-120.924818597968,39.1604830326804],[-120.924815151617,39.1604870098941],[-120.924811635522,39.1604909315111],[-120.924808014974,39.1604947972116],[-120.924804252523,39.1604986345782],[-120.924800457777,39.1605023887653],[-120.924796592131,39.1605060873449],[-120.924792620025,39.1605097858446],[-120.92478854547,39.1605133725911],[-120.924784399386,39.1605169451653],[-120.924780219836,39.16052043545],[-120.924775934895,39.1605238553953],[-120.924771545075,39.1605272473477],[-120.924767085087,39.1605306116268],[-120.924762592483,39.1605338377692],[-120.924758028554,39.1605370362278],[-120.924753325474,39.1605401775491],[-120.924748622059,39.1605432648138],[-120.92474381577,39.1605462682489],[-120.924738973278,39.1605492172969],[-120.924734062214,39.1605521098578],[-120.924729011238,39.1605549191487],[-120.924723996232,39.1605576458889],[-120.924718876759,39.1605603176131],[-120.924713687542,39.1605629337404],[-120.924708429006,39.1605654663471],[-120.92470317173,39.1605679160832],[-120.920486310632,39.1624961695868],[-120.910239412203,39.1640721509779],[-120.908123750775,39.1639419946401],[-120.906069853746,39.167007917341],[-120.908444797402,39.1693533606369],[-120.90761538841,39.1703844385493],[-120.904818931458,39.1722523169329],[-120.900502465042,39.1742510285269],[-120.895260856615,39.1766645826103],[-120.893082126303,39.1756140340708],[-120.892604342538,39.1759456318451],[-120.890507929591,39.1774012208698],[-120.887360454894,39.1769154184703],[-120.886000605933,39.1767032615856],[-120.884764714714,39.1779377549929],[-120.88288408613,39.1781457656779],[-120.882451539248,39.1782092579769],[-120.88181901887,39.178302109928],[-120.879770887462,39.1778758330292],[-120.874830708615,39.1794671519361],[-120.874521938744,39.179575413631],[-120.874145169124,39.1796866701519],[-120.873831691325,39.1797692380373],[-120.873552034087,39.1798326072454],[-120.873044001075,39.1798496721246],[-120.872598902456,39.1799092177832],[-120.872331582138,39.1799599069296],[-120.871834315214,39.1800429185716],[-120.871434978348,39.1801176477821],[-120.87094522708,39.1802401864944],[-120.870511625425,39.1803549457109],[-120.870080194155,39.1805148959892],[-120.869688557807,39.1807035116601],[-120.869411089729,39.1808413347645],[-120.869134267898,39.1810711518217],[-120.868839824484,39.1813172451113],[-120.868626667088,39.1817133942257],[-120.868561839098,39.182120123533],[-120.868594415393,39.1825341128077],[-120.868725168373,39.1830989536532],[-120.868954392946,39.1834654762131],[-120.869214409076,39.1837931121698],[-120.869549254984,39.1841996486938],[-120.869572586459,39.1846283487071],[-120.869482665092,39.1849783521066],[-120.869330499035,39.1850924541731],[-120.869034866427,39.1851405284652],[-120.868659400831,39.1851457875208],[-120.868061314373,39.1851764845115],[-120.867616910214,39.1852012005359],[-120.867290618187,39.18526893506],[-120.867072492565,39.185432041614],[-120.867084336223,39.1856089935337],[-120.867167928816,39.1858157493682],[-120.867343507928,39.1860884751731],[-120.867486583359,39.1864498539212],[-120.867393167284,39.1867088497549],[-120.867064102817,39.1868389994192],[-120.866487898194,39.1869322055725],[-120.865988358667,39.1870257967033],[-120.865535496218,39.1871261274302],[-120.865191994521,39.1872760944617],[-120.865060898051,39.1874727192946],[-120.865063813439,39.1877483836302],[-120.865063896493,39.1877520087257],[-120.865169678102,39.1881501247191],[-120.865466783125,39.1882366532201],[-120.865946331905,39.1882581707388],[-120.866411485544,39.1883225208756],[-120.866842021648,39.1886470395348],[-120.867046620018,39.1889346280995],[-120.866954591767,39.1892277960638],[-120.866930832559,39.1893034079715],[-120.866613079654,39.1896649006772],[-120.866313775189,39.1898614859881],[-120.866269157595,39.1898734643968],[-120.865593173281,39.1900546930143],[-120.865126255465,39.1901831413047],[-120.864537365252,39.1904294104751],[-120.864032986615,39.1905786611231],[-120.863714955763,39.1906465761278],[-120.863663292713,39.1906599957873],[-120.863479793798,39.1906649919378],[-120.863350380996,39.190670542194],[-120.863181836951,39.1907088821979],[-120.862978290888,39.1907800799151],[-120.862707246685,39.1908640188901],[-120.86254042518,39.1909488085081],[-120.862391493522,39.1910073012711],[-120.862315802648,39.1911061034016],[-120.862212267762,39.191264275923],[-120.862155430757,39.1914062359781],[-120.862079137697,39.1915182400587],[-120.861941838051,39.1916827003657],[-120.861764476785,39.1918104695113],[-120.861691294696,39.1918562998426],[-120.861536976461,39.1919379144601],[-120.861524016445,39.191945147496],[-120.861425352708,39.1919999822945],[-120.861198506968,39.1921109304407],[-120.861048562255,39.192186024074],[-120.860808003677,39.1923200951434],[-120.860622099499,39.1924478612164],[-120.860471480934,39.1925362383959],[-120.860365642936,39.1927471358253],[-120.860285060697,39.1928623103674],[-120.860167582355,39.1930532131336],[-120.860122606048,39.1931223013383],[-120.860071345072,39.1932375961665],[-120.860058068251,39.1933497753071],[-120.860082000072,39.1934719824157],[-120.860152066469,39.1935910975205],[-120.860273633325,39.1936807857956],[-120.86037464958,39.1937604149402],[-120.860492514713,39.1938368030312],[-120.860694902833,39.1939828284106],[-120.86082287574,39.1941086592858],[-120.860905597714,39.1942177380056],[-120.860944848802,39.1943660715205],[-120.860948569267,39.1944680913959],[-120.860940784866,39.19464243611],[-120.860897098722,39.1947804048999],[-120.860841082244,39.1949149300081],[-120.860713079989,39.1950754570605],[-120.860638361305,39.1951638748912],[-120.860420009895,39.1952944546743],[-120.860214747889,39.1954119268131],[-120.859930037226,39.1955324121738],[-120.859714188459,39.1956039229305],[-120.859519438477,39.1956689664377],[-120.859149542314,39.1959161391271],[-120.859090882869,39.1959626304321],[-120.858870275553,39.1961374641096],[-120.858355993419,39.1964947483158],[-120.858104825597,39.1968736732879],[-120.857834485008,39.1973000799594],[-120.857699910751,39.1976658390172],[-120.857873176352,39.1979710536779],[-120.858067631437,39.1982589844403],[-120.858123322669,39.1986051575265],[-120.858118319397,39.1989149717838],[-120.85809198182,39.1991232812805],[-120.85797903906,39.199301032561],[-120.857824026827,39.1994964396737],[-120.857650696343,39.1997149536297],[-120.857248072724,39.1999851261055],[-120.856979839221,39.2004711515263],[-120.857110923134,39.2008895673757],[-120.857396453911,39.2012080457362],[-120.857477962981,39.201260315493],[-120.857821303745,39.2014804909626],[-120.858032045499,39.2017089940756],[-120.858134451818,39.2020079548348],[-120.858100061276,39.2022373428832],[-120.857964145029,39.2024616734129],[-120.85795847073,39.2024710358339],[-120.857741164171,39.2026476843075],[-120.857475795225,39.2029549516473],[-120.857242032551,39.2032029418653],[-120.856885717482,39.2034497448519],[-120.856620919867,39.2037212649366],[-120.856604147592,39.2038123473887],[-120.856570543655,39.2039948828669],[-120.856604912964,39.2042221832361],[-120.856612055556,39.2042694003309],[-120.856735802244,39.2044837910459],[-120.856805770488,39.2046050077497],[-120.856983299771,39.2047837475402],[-120.857152443231,39.2049540294215],[-120.857561745427,39.2052202276201],[-120.857702008527,39.2053945639634],[-120.857776880812,39.20548761394],[-120.857780683274,39.2055045392004],[-120.857879764094,39.20594626827],[-120.857792890301,39.2062028488105],[-120.857383932849,39.2064848767721],[-120.857058250262,39.2067319673177],[-120.856478012828,39.2068049582785],[-120.855897909834,39.2068707811085],[-120.855797243979,39.2068918587115],[-120.855473663153,39.2069595884645],[-120.855210102431,39.2073431502723],[-120.855137434722,39.2078572972649],[-120.855020324374,39.2082780457566],[-120.854895525245,39.2086057550634],[-120.854698721801,39.2088398098847],[-120.854448264549,39.2089803610114],[-120.854024252411,39.2090548719961],[-120.85361837757,39.2091438385532],[-120.853432615411,39.20926359119],[-120.853393060556,39.2094348223371],[-120.853498703891,39.2097218880593],[-120.853650065281,39.2100237075643],[-120.853712196736,39.2101601858055],[-120.853677107527,39.210274771488],[-120.853624856352,39.2104453564638],[-120.853263296245,39.2106348869699],[-120.852791700599,39.2108090152044],[-120.852568348978,39.2109784407938],[-120.852353376987,39.2111980070959],[-120.852183654872,39.211460922498],[-120.852050224132,39.2117527921305],[-120.851945997632,39.2119448472505],[-120.851741124711,39.212107299826],[-120.85137153805,39.2122252276639],[-120.850874903489,39.2122418031967],[-120.850701939938,39.2122401015539],[-120.850351054935,39.2122366487048],[-120.849936776686,39.2122754755334],[-120.849270523684,39.2125477888599],[-120.848728509607,39.2127866423169],[-120.848603916083,39.2128415550102],[-120.848391124632,39.2129466992419],[-120.848149848059,39.2130659088743],[-120.847618479907,39.2132932749675],[-120.847594450586,39.2133035548943],[-120.847186578384,39.2135140546579],[-120.846705270936,39.2137166758553],[-120.846327056111,39.2137987508786],[-120.845583710497,39.2138176302232],[-120.844946180551,39.2138303990275],[-120.844517269484,39.2140024720936],[-120.843979061905,39.2142183993071],[-120.843898992178,39.2142505172941],[-120.843855866303,39.2142802126208],[-120.843812114386,39.2143093810212],[-120.8437677012,39.2143379104356],[-120.843638796461,39.2144175298531],[-120.843622465293,39.2144275824752],[-120.843504554949,39.2144975071006],[-120.843385151977,39.2145658519841],[-120.843264292747,39.214632588653],[-120.843141978132,39.2146976639589],[-120.843018279227,39.2147610506737],[-120.842893230787,39.2148227482365],[-120.842766832803,39.2148827575438],[-120.842644296674,39.2149386725964],[-120.84263915797,39.2149410243572],[-120.842510276226,39.2149975214379],[-120.842470704624,39.21501483992],[-120.842431548039,39.2150327678993],[-120.842392805541,39.2150512206832],[-120.842354478273,39.2150701991845],[-120.842316530782,39.2150896760254],[-120.84225060869,39.2151254069307],[-120.842226720058,39.2151378285723],[-120.842191484316,39.2151554926326],[-120.842168858126,39.2151662790478],[-120.842145953886,39.2151767888322],[-120.842122878781,39.2151869122388],[-120.842099561079,39.2151967863923],[-120.842076038491,39.2152063008572],[-120.842052307785,39.2152155114564],[-120.84202837102,39.2152243632559],[-120.842004263648,39.2152328836336],[-120.841979950919,39.2152410731461],[-120.841955464825,39.2152489582359],[-120.841930810184,39.2152564569698],[-120.841906018501,39.2152636255152],[-120.841881056214,39.2152704626384],[-120.841855958516,39.2152769407607],[-120.841830726537,39.2152830616948],[-120.841805357547,39.2152888506386],[-120.841779888571,39.2152943097608],[-120.841754285072,39.2152993558372],[-120.841728546164,39.2153040429121],[-120.841702742008,39.2153084005097],[-120.841676801987,39.2153124270287],[-120.84165083237,39.2153160685687],[-120.841624764842,39.2153193244521],[-120.841598630909,39.2153222508465],[-120.841572432201,39.2153248189395],[-120.841546205043,39.2153270029655],[-120.841519947834,39.2153288299352],[-120.841493591573,39.215330270336],[-120.841467275435,39.215331382304],[-120.841440895669,39.2153321368827],[-120.841414521948,39.2153324518812],[-120.84138815433,39.2153324651362],[-120.841361755964,39.2153320934004],[-120.841335400497,39.2153313653318],[-120.84130904972,39.2153302805514],[-120.841282706863,39.2153287832362],[-120.841256474065,39.2153269302543],[-120.841230213094,39.2153247472615],[-120.841204063783,39.2153221815913],[-120.841177955058,39.2153192595655],[-120.841151888551,39.2153159523719],[-120.841125932347,39.2153123453695],[-120.84110001836,39.2153083531993],[-120.841074216479,39.2153039513298],[-120.841053271696,39.2153003931279],[-120.841032287216,39.2152971372274],[-120.841011226701,39.2152942102943],[-120.840990056072,39.2152915011812],[-120.840968880296,39.2152891766931],[-120.840947629129,39.2152870712702],[-120.840926337835,39.21528529427],[-120.840905041579,39.2152838199157],[-120.840883705625,39.2152826478626],[-120.840862365182,39.2152817496315],[-120.840840948001,39.2152811524332],[-120.840819527031,39.2152808569913],[-120.840798135835,39.21528086454],[-120.84077673969,39.2152811738339],[-120.840755409215,39.2152817864743],[-120.840734003616,39.215282672236],[-120.840712628506,39.2152838880219],[-120.840691318363,39.21528537922],[-120.840670004429,39.2152871721748],[-120.840648755019,39.2152892675642],[-120.840627607171,39.2152916666566],[-120.840606455274,39.2152943125488],[-120.840585368615,39.2152972879096],[-120.840564347622,39.2153005666173],[-120.84054342749,39.2153041210937],[-120.840522573039,39.2153079780164],[-120.840501820163,39.2153121377416],[-120.840481133854,39.2153165458687],[-120.840460547962,39.215321256787],[-120.840440062028,39.2153262984196],[-120.840419714465,39.215331588266],[-120.840399467061,39.2153371259469],[-120.840379392563,39.2153429950664],[-120.840359383473,39.2153491125765],[-120.840339510708,39.2153555323338],[-120.840319845772,39.2153622018956],[-120.840300246957,39.2153691468819],[-120.84029799223,39.2153699893523],[-120.840280855084,39.2153763957176],[-120.840261634702,39.2153839210239],[-120.840242552688,39.2153916945447],[-120.840223641449,39.2153997175027],[-120.840204938768,39.2154080163986],[-120.840186408478,39.2154165368204],[-120.840168049677,39.2154253337133],[-120.840149897359,39.2154344623792],[-120.840131954686,39.215443730059],[-120.840114184202,39.2154533021449],[-120.840096655154,39.2154631225682],[-120.840079335534,39.2154731657865],[-120.840062224215,39.2154834299868],[-120.840045319106,39.2154939719045],[-120.840028693388,39.2155047075828],[-120.840012276196,39.2155157210017],[-120.83999613768,39.2155269011474],[-120.839980170652,39.2155383577654],[-120.839964553632,39.2155500097464],[-120.839949144882,39.2155618845116],[-120.839934015522,39.2155739530379],[-120.839919129884,39.2155862717274],[-120.839904522907,39.2155987580452],[-120.839890195305,39.2156114390251],[-120.839876110725,39.2156243422339],[-120.839862376138,39.2156374417074],[-120.839848886648,39.2156507075753],[-120.839835675375,39.2156641680944],[-120.839822814096,39.2156778248783],[-120.839810198342,39.2156916219355],[-120.839797895543,39.215705613989],[-120.839785909631,39.2157197731506],[-120.839774237562,39.215734073264],[-120.839762881207,39.2157485413749],[-120.839751873703,39.2157632048391],[-120.839741112168,39.2157779815546],[-120.839730737454,39.2157928981456],[-120.839720676125,39.2158079836121],[-120.839710931428,39.2158231812303],[-120.839701537183,39.2158385471914],[-120.839692458842,39.2158539991713],[-120.839686785333,39.2158641580082],[-120.83951342829,39.2160686676804],[-120.839442969679,39.2162214369961],[-120.839333446376,39.2164659161031],[-120.839244724337,39.2165914843489],[-120.839192400209,39.2166695256156],[-120.839086921758,39.2168051964771],[-120.83894303848,39.2169407323918],[-120.838798326454,39.2170558313177],[-120.838667563242,39.2172049250718],[-120.838528583571,39.2173641792042],[-120.838330621029,39.2175469013134],[-120.838108704257,39.2176513182493],[-120.837982482885,39.2176914992124],[-120.837827349757,39.2177552813124],[-120.837635113447,39.2178493387033],[-120.837474728892,39.2179147977962],[-120.837438123752,39.2179297279254],[-120.837189399531,39.2179791509022],[-120.836977821468,39.2179913778678],[-120.836770501274,39.2180001874313],[-120.836575155204,39.2179784441836],[-120.836410147363,39.2179772674104],[-120.83612665944,39.2179683200533],[-120.835737700147,39.2179482714792],[-120.83553075658,39.2179363233891],[-120.835387629844,39.217941871308],[-120.835004570938,39.2179451905421],[-120.834723490892,39.2179764371804],[-120.834618675625,39.2179856059054],[-120.834313206781,39.2180401953648],[-120.834137824001,39.2180858671518],[-120.833987676128,39.2181317905536],[-120.833846049713,39.2181811492389],[-120.833742031791,39.2182275328045],[-120.833650634355,39.218270664845],[-120.833538971451,39.2183610434496],[-120.833427356984,39.2184548557246],[-120.833324120824,39.2185522109847],[-120.833241165139,39.2186056142798],[-120.833058306239,39.2187020371148],[-120.833045642914,39.2186951007912],[-120.832942419156,39.2187958603056],[-120.8328639346,39.2188799806087],[-120.832797950156,39.2189574150221],[-120.83263591155,39.2190541551306],[-120.832478016673,39.2191543129652],[-120.83240735544,39.2191942738415],[-120.832232440074,39.219266994894],[-120.832090564032,39.2192992140484],[-120.831956995018,39.2193179243589],[-120.831810883492,39.2193329658965],[-120.831719137572,39.2193521761247],[-120.831540035469,39.2194110967858],[-120.831452553935,39.2194371592872],[-120.831377536038,39.2194565915269],[-120.831367457535,39.2194619275806],[-120.831265208663,39.219516399537],[-120.831181954383,39.219549313957],[-120.831090590529,39.2196264943979],[-120.831015791857,39.2196902884353],[-120.830945602507,39.2198531742206],[-120.83081682517,39.220015322276],[-120.830733715981,39.2201269359947],[-120.830633926322,39.2202759471077],[-120.83055910121,39.2204116973879],[-120.83048407,39.2205235566529],[-120.830350577275,39.2206996613258],[-120.830254509382,39.2208113098235],[-120.830244965728,39.2208206321701],[-120.830112354437,39.2209497081241],[-120.829995202741,39.2210576858587],[-120.82980258242,39.2212056557252],[-120.829685286747,39.2212519027222],[-120.829513489262,39.2213212735475],[-120.829366704314,39.2214150863586],[-120.829228372881,39.2214609851807],[-120.82894348527,39.2214632919548],[-120.82876758267,39.2214330811907],[-120.8286840672,39.221366505931],[-120.828487568299,39.2212776276707],[-120.828366437411,39.2212037282066],[-120.828199234895,39.2211257971836],[-120.82813259453,39.2210528286923],[-120.828103409985,39.2210181435536],[-120.827969884075,39.2209169214492],[-120.827911535488,39.2208612799521],[-120.82783198532,39.2208430730097],[-120.827635114571,39.2207958989746],[-120.827589029226,39.2207884347714],[-120.827521901213,39.2207875142414],[-120.827412637101,39.2207963850538],[-120.827357994387,39.2208025094844],[-120.82729068065,39.220825557851],[-120.82723993831,39.2208625579588],[-120.827206088888,39.2208962952383],[-120.827163882162,39.2209231108493],[-120.827129840796,39.2209705757505],[-120.827095784428,39.2210317151073],[-120.827074335738,39.2210861712039],[-120.827056728442,39.221192013916],[-120.827060178108,39.2212947185269],[-120.827097133758,39.2214184637921],[-120.827167348747,39.2215907612917],[-120.827283616778,39.2217981467481],[-120.827362719495,39.2219125673418],[-120.82745009806,39.22204093744],[-120.827512150059,39.2221861602948],[-120.827557345176,39.2223347003867],[-120.827556852249,39.2224069414234],[-120.827530449137,39.2225578665315],[-120.827477682128,39.222687109278],[-120.827470397447,39.2227048846013],[-120.827427685792,39.2227833729969],[-120.827342798289,39.2228611921069],[-120.827270510164,39.2229391916821],[-120.827164280769,39.223037334924],[-120.827074993829,39.2231185690935],[-120.82697295773,39.2232064579898],[-120.826781808396,39.2233204714421],[-120.826722296319,39.2233539778947],[-120.826590558863,39.2234276458232],[-120.826403599536,39.2235039444442],[-120.826254861583,39.2235533045748],[-120.826178375337,39.2235693683553],[-120.826071940197,39.2236159406993],[-120.825927252775,39.2236722329258],[-120.825825232371,39.2237016604294],[-120.825757124239,39.2237212954834],[-120.825650653852,39.2237678670929],[-120.825428833723,39.2238918122767],[-120.825347984297,39.2239112640436],[-120.825237430513,39.2239336575763],[-120.825135189991,39.223969946151],[-120.825045186494,39.2240579814112],[-120.824963913101,39.2241220776666],[-120.824886670493,39.2242069186655],[-120.824865055764,39.224247862928],[-120.824834811619,39.2243024220244],[-120.824795916394,39.2243740560488],[-120.824735406214,39.2244866342956],[-120.824709229825,39.2245619385337],[-120.824665852656,39.2246610415102],[-120.824605376764,39.2247736200322],[-120.824566525708,39.2248383896402],[-120.824510275086,39.224957985312],[-120.824411117874,39.2251250099142],[-120.824295288028,39.2252607832463],[-120.82422249283,39.2253318020619],[-120.824085767732,39.2254258464861],[-120.823970612137,39.2254892163517],[-120.823804330409,39.2255688216637],[-120.823697851754,39.2256081969255],[-120.823553296673,39.2256433725204],[-120.823395943933,39.2256817406381],[-120.823188138987,39.2256778360136],[-120.823065176246,39.2256789036828],[-120.822870135746,39.2256854783026],[-120.822734590534,39.2256862819167],[-120.822512660008,39.2256911021173],[-120.822484759776,39.2256917272226],[-120.82211668041,39.2256980942981],[-120.82204905324,39.2257035637607],[-120.82195604995,39.2257085295732],[-120.821917939459,39.2257180586924],[-120.82168076193,39.2257989226698],[-120.821342868938,39.2257988098498],[-120.821207293843,39.2258543098472],[-120.8210883656,39.2259340872901],[-120.82091375868,39.2260881829185],[-120.820726185465,39.2262660101951],[-120.82060212226,39.2264143831558],[-120.820532834403,39.2265742926154],[-120.820523426252,39.226659980405],[-120.820199009312,39.2269415114386],[-120.82016486068,39.2269717013757],[-120.820079405558,39.2270488771129],[-120.819976339829,39.2271807112104],[-120.819881680291,39.227305903178],[-120.819795879257,39.2274037515457],[-120.819676222386,39.2274973596814],[-120.819475679836,39.2276269184834],[-120.819262393116,39.2277595877564],[-120.819168282459,39.2278296186896],[-120.819017460022,39.2280155578175],[-120.818841085599,39.2282008816872],[-120.81876790795,39.2282784004083],[-120.818658891211,39.2284723958645],[-120.818559726879,39.2285838386817],[-120.818422251223,39.2286976948511],[-120.818232245281,39.2289104210634],[-120.817919236959,39.2291462320404],[-120.81767336749,39.2292391377403],[-120.817335046367,39.2294767504564],[-120.816986073363,39.2297409999781],[-120.816809156816,39.2298652737125],[-120.816533046243,39.2299612203073],[-120.816407596737,39.2300016598893],[-120.81625697305,39.2300063402163],[-120.816080810824,39.2300244082607],[-120.815994313074,39.2300495900177],[-120.815898283737,39.2301209997876],[-120.815801596587,39.2302254357505],[-120.815678631791,39.2303493203628],[-120.815547199974,39.2304664470228],[-120.815406168864,39.2306297180031],[-120.815345181457,39.2306684487494],[-120.815202904748,39.2308911827189],[-120.815011846679,39.2309741486973],[-120.814908164268,39.2309922914957],[-120.814616288983,39.2309478672818],[-120.814463241072,39.2308527606509],[-120.814302679905,39.2307046646843],[-120.814244848508,39.230584657597],[-120.814041740781,39.2304094658153],[-120.814001132594,39.2302898532268],[-120.813951183462,39.2302030418125],[-120.813851646177,39.2300163524578],[-120.813827645131,39.2299234062754],[-120.81380341996,39.2298437486471],[-120.81379719779,39.2298337180259],[-120.813778390248,39.2298036787817],[-120.813701977364,39.2297495774681],[-120.813617320678,39.2296755385714],[-120.813558794864,39.2295886678094],[-120.813403626399,39.2295928037133],[-120.813246037919,39.2297158125661],[-120.813159072237,39.2297540585007],[-120.813116529825,39.2297855340986],[-120.813106592463,39.2297928474824],[-120.812887876344,39.2299544200293],[-120.812624454326,39.2301878370345],[-120.812474969466,39.2303306161723],[-120.812351543699,39.2304606160094],[-120.812228702393,39.2305641516933],[-120.812078965274,39.2307134357977],[-120.811843549258,39.2308348010496],[-120.811661965163,39.2308580243839],[-120.811489398352,39.2308615682163],[-120.811334201114,39.2308588363217],[-120.811204987365,39.2308499434369],[-120.811066612642,39.2308672622965],[-120.810799204462,39.2308690994791],[-120.810505855056,39.2308704521453],[-120.810341314754,39.2309004648857],[-120.810098247024,39.2309686142111],[-120.809836303798,39.2311155716797],[-120.809638628402,39.231261920277],[-120.809369188943,39.2313590720732],[-120.809134783159,39.2313802703697],[-120.808775920708,39.2314768661292],[-120.808540897038,39.2315723344866],[-120.808259112183,39.2316958827853],[-120.808023704701,39.2317680059182],[-120.807921784538,39.2318426707013],[-120.807244944592,39.2322382607418],[-120.806969316441,39.2326158938974],[-120.806629836741,39.2328646676231],[-120.806190860788,39.2330860079496],[-120.805519683911,39.2332517575449],[-120.804749469727,39.233390156336],[-120.804347948059,39.2334590899294],[-120.803981067592,39.2334776322466],[-120.803880640346,39.23350126254],[-120.803809414867,39.233704142887],[-120.803535003539,39.2340564366599],[-120.803365745561,39.2341809605846],[-120.803227479105,39.2344082248825],[-120.803089208742,39.2346355988833],[-120.802686120411,39.2348068781259],[-120.802353186244,39.2348262028694],[-120.802220291118,39.2348237695229],[-120.802054825263,39.2347951357293],[-120.8017257936,39.2346613580241],[-120.801262639198,39.2345767290812],[-120.800931518833,39.2345203899105],[-120.800595015571,39.2346938839711],[-120.800490664203,39.234896532233],[-120.800417301783,39.2352017848186],[-120.800309604456,39.2355577860817],[-120.800236951974,39.2358377839281],[-120.800099551592,39.2360402023928],[-120.799996519545,39.2361920372678],[-120.799893448599,39.236343953633],[-120.799853714653,39.2366502655867],[-120.799580733285,39.2369788669185],[-120.799373856379,39.2373341501485],[-120.799004995191,39.2374824840834],[-120.798634108241,39.2377333282329],[-120.797955096544,39.2384411356592],[-120.79741298271,39.2389718636072],[-120.796542385979,39.2393188545838],[-120.796203584158,39.2396729663294],[-120.796133439642,39.239877034218],[-120.795826720239,39.240308443886],[-120.795457082983,39.2405589891453],[-120.795188747441,39.2407331425464],[-120.794820064525,39.2409813335173],[-120.794519485413,39.2411286549642],[-120.794153368656,39.2412240324065],[-120.793953642799,39.2412717554402],[-120.793634104968,39.2413773325863],[-120.793260965211,39.2414433909354],[-120.792537918829,39.2414826307531],[-120.792274361813,39.2415294166061],[-120.791679841301,39.2417239974774],[-120.791279332955,39.2420748760287],[-120.79107759138,39.2423268413576],[-120.790875882639,39.2425788346066],[-120.790737808054,39.2429339362105],[-120.790665360966,39.2432900465154],[-120.790461724685,39.2436441125431],[-120.789932948332,39.2438399146475],[-120.789736130611,39.2438368333037],[-120.789602947547,39.2439368050834],[-120.789466928837,39.2441898339171],[-120.789366943055,39.244264887418],[-120.789267169768,39.2443398331271],[-120.789001884576,39.2444887971609],[-120.788735582545,39.2446887684079],[-120.788602466163,39.2447887956064],[-120.788005346882,39.2451368005525],[-120.787411270411,39.2453318591851],[-120.787474904224,39.2454348597208],[-120.78727033438,39.2458399298107],[-120.787002234817,39.2461419998724],[-120.78653934047,39.246339102116],[-120.786140145053,39.2466392594192],[-120.785936652541,39.246993318228],[-120.785666613031,39.2473974306106],[-120.78566373581,39.2475504863625],[-120.785658893504,39.247805477283],[-120.785719686261,39.2480615069028],[-120.785713860655,39.2483675887894],[-120.785841269371,39.2485736479463],[-120.785773774926,39.2486747104217],[-120.785705332969,39.2488267822378],[-120.785637838551,39.248927817607],[-120.78536986068,39.2492299401304],[-120.785367017046,39.2493830222951],[-120.785231149196,39.2496361576366],[-120.784770264151,39.2497311804991],[-120.784573534255,39.2497281735278],[-120.784393115401,39.249725472813],[-120.784245743783,39.2497232534271],[-120.783855304486,39.2495643768933],[-120.783268309381,39.2494027655358],[-120.782738302059,39.2497011656517],[-120.782405830157,39.2499515076369],[-120.781742007199,39.2504011542226],[-120.781146627773,39.2506988378441],[-120.780882703602,39.2507972173547],[-120.780486800094,39.2509447988469],[-120.779957997002,39.2511925636001],[-120.779295408623,39.2515916297315],[-120.778700248034,39.2518897420444],[-120.778172625932,39.2520867946035],[-120.777450584144,39.2521794971587],[-120.777314785403,39.2524327061962],[-120.777178951624,39.2526859417319],[-120.777041208923,39.2530411685896],[-120.776770627526,39.2534967129496],[-120.776569391718,39.2537492362396],[-120.776238248589,39.2539490501432],[-120.776105373571,39.2540494225487],[-120.775641348903,39.2543496889496],[-120.775244767978,39.254548787551],[-120.77504359297,39.2548013908614],[-120.775006450474,39.2548434254322],[-120.774909757347,39.2549528260465],[-120.774776912358,39.2550532522279],[-120.774579626663,39.2551018185707],[-120.77424659136,39.2554039203036],[-120.773715270269,39.2558057587062],[-120.773055980065,39.2560530577482],[-120.772397677248,39.2562493982901],[-120.772003089421,39.2563468801732],[-120.771673969541,39.2564451307251],[-120.771344812346,39.2565434078932],[-120.771147551065,39.2565921885697],[-120.77101473118,39.2566927477263],[-120.770947344337,39.2567940776629],[-120.7708789987,39.2569464437488],[-120.770679783221,39.2570973244675],[-120.770285220192,39.2571949648306],[-120.770021527578,39.2572940639565],[-120.769627922036,39.257340666819],[-120.769365150801,39.2573887819518],[-120.768970583355,39.2574864737161],[-120.768838752103,39.2575360765446],[-120.768640454447,39.2576359442458],[-120.768377716399,39.2576841124784],[-120.767981151935,39.2578839823595],[-120.767717415685,39.2579831857823],[-120.767387209213,39.2581327618993],[-120.767254413904,39.2582334279041],[-120.767164174001,39.258571239984],[-120.767131951091,39.2586264778824],[-120.767060323433,39.2587235041733],[-120.766946726084,39.2588573503408],[-120.766883583693,39.2589376617163],[-120.766745083082,39.2590615243584],[-120.766610992127,39.2591553382078],[-120.766506110776,39.2592390251285],[-120.766417982708,39.2593160519003],[-120.766237962446,39.2594266245602],[-120.766070513962,39.2595171479016],[-120.765811241721,39.2596312219661],[-120.765422641569,39.2597421998832],[-120.765188294558,39.2598629339601],[-120.764945724294,39.2599569179194],[-120.764769937023,39.2600474603187],[-120.764631753794,39.2601346107352],[-120.764489322084,39.2602284439384],[-120.764355178741,39.2603289275759],[-120.764170937485,39.2604362119646],[-120.764015989253,39.2605367221014],[-120.763953165646,39.2605803221786],[-120.763756027881,39.2607644659933],[-120.76366350779,39.2608882896902],[-120.763604634601,39.2609786119272],[-120.76355834714,39.2610522070887],[-120.763499498259,39.261149202428],[-120.763327469156,39.2613233409676],[-120.763256298663,39.2613736072479],[-120.763147117962,39.2615108189782],[-120.763004808246,39.2616013832525],[-120.762891710308,39.2616818503228],[-120.762741076307,39.261775759477],[-120.762623925422,39.2618395430381],[-120.762418927287,39.2619436941975],[-120.762255739135,39.2620343671514],[-120.762105297242,39.2620748961427],[-120.76201329142,39.2621086024732],[-120.761829339843,39.2621726390161],[-120.761699624142,39.2622499082397],[-120.761586513252,39.2623571466003],[-120.761431681785,39.2624445286085],[-120.761230995596,39.2625120111902],[-120.761105492078,39.2625725741352],[-120.76095085507,39.262606522131],[-120.760771158385,39.2626372943863],[-120.760670789719,39.2626644029779],[-120.760511878284,39.2627184327847],[-120.760353023877,39.262749122699],[-120.760177413188,39.2627965768346],[-120.760018430805,39.2628606834912],[-120.75980513067,39.2629383540524],[-120.759562530443,39.2630028630052],[-120.759328290697,39.2630739952558],[-120.759115009188,39.2631183290948],[-120.759022931004,39.2631821833473],[-120.75885560773,39.2632263460522],[-120.758725916188,39.2632536641652],[-120.75856277124,39.2632911159404],[-120.758441430365,39.2633518022417],[-120.758286567386,39.2634727352854],[-120.758144325603,39.2635668925913],[-120.757930925054,39.2636680917758],[-120.757797030226,39.2637254584743],[-120.757679866355,39.2637694390132],[-120.757495759646,39.2638137511494],[-120.757345129749,39.2638444974004],[-120.757240528646,39.2638751274102],[-120.757018750831,39.2639263157038],[-120.756817899686,39.2640308039389],[-120.756746860293,39.2640812325607],[-120.75652085684,39.2642360044908],[-120.756248940819,39.2644142881485],[-120.756110958114,39.2645551680005],[-120.755885568707,39.2646568124908],[-120.755788897824,39.2647003777279],[-120.755571380049,39.2648183340541],[-120.755332704411,39.2649963370305],[-120.755172531941,39.2652035959219],[-120.75507102338,39.2653571934532],[-120.755024247408,39.2655039315444],[-120.754990303496,39.2656240056691],[-120.754676958705,39.26582749105],[-120.754532237758,39.2659936150173],[-120.754263314019,39.266185820434],[-120.754014202533,39.2664383159336],[-120.753658773239,39.2666681506646],[-120.753330177237,39.2668485962531],[-120.752650675351,39.2671242052293],[-120.75237736933,39.2673580141025],[-120.752178445537,39.2676884224813],[-120.752090231311,39.2680327527537],[-120.751898834843,39.2683888326011],[-120.751351787947,39.2684644350844],[-120.750780451133,39.2684851859701],[-120.75027620659,39.268661219904],[-120.749795759182,39.2688238315482],[-120.749428361085,39.2694329286608],[-120.749009637799,39.2696644606009],[-120.748593978832,39.2698025528033],[-120.748341457255,39.270177853475],[-120.747902014276,39.2707308165062],[-120.747945117904,39.2710414026551],[-120.748073234456,39.2717418317428],[-120.747917005958,39.2720194735592],[-120.748011165236,39.2723337090285],[-120.748107859376,39.2727421569422],[-120.747896516524,39.2731573276482],[-120.747790338026,39.2733437099191],[-120.747754870588,39.2735189316101],[-120.747751244803,39.2735759524739],[-120.747735250762,39.2736431659665],[-120.747698892913,39.2737609886718],[-120.747707557484,39.2737943621744],[-120.747691899273,39.2738984572044],[-120.747679957385,39.2739522592917],[-120.747589658342,39.2740976768015],[-120.747569285201,39.2741448805268],[-120.747503715336,39.2742564587686],[-120.747466650114,39.2743005999036],[-120.747433708924,39.2743412717374],[-120.747400871294,39.2743920490575],[-120.7473596013,39.2744362279915],[-120.747310211842,39.2744939395751],[-120.747223061169,39.2745354854464],[-120.747144169592,39.2745635271243],[-120.747073419762,39.2745746859296],[-120.746986084501,39.2745927794721],[-120.746919376984,39.2745971716771],[-120.746823607731,39.2746086936989],[-120.746723958466,39.2746437620636],[-120.746640722225,39.2746618164072],[-120.746568993179,39.2746783742584],[-120.746515958764,39.2746906289468],[-120.746378640894,39.2747162590285],[-120.746128928798,39.2747604545629],[-120.746087332952,39.2747711569762],[-120.745945657167,39.2747835039312],[-120.745837492788,39.2748087046492],[-120.745612809233,39.2748559675354],[-120.745392259815,39.2749031653477],[-120.745229952293,39.2749393717456],[-120.745096995894,39.274981852351],[-120.744943177315,39.2750313574246],[-120.744926507128,39.2750350225741],[-120.744810139381,39.2750705143471],[-120.744756274825,39.275101596051],[-120.744693874546,39.2751160565444],[-120.744565063806,39.2751618476906],[-120.744482157864,39.2752068974387],[-120.744424123321,39.2752380720477],[-120.74435789815,39.2752828332818],[-120.7443332585,39.2753134601954],[-120.744300708331,39.275377776531],[-120.744284616034,39.275428403113],[-120.744251973272,39.2754859914903],[-120.744235939123,39.2755433186124],[-120.744224226726,39.275603932654],[-120.744179454089,39.2756919534362],[-120.744180114345,39.2757422383261],[-120.744203024011,39.2759062509728],[-120.744223049644,39.2761708701983],[-120.744205695343,39.2764495048671],[-120.744113370416,39.276736037743],[-120.744090793843,39.2769308379802],[-120.744086669732,39.2769342260722],[-120.744071054311,39.2770216257683],[-120.744055857555,39.2771391250973],[-120.743974168752,39.2772745549644],[-120.743912948024,39.2773794509782],[-120.743868165704,39.2774639553431],[-120.743823556415,39.2775685081573],[-120.743803170717,39.2776023382779],[-120.743741184471,39.2776469528199],[-120.743654560493,39.2777220833062],[-120.743568111023,39.2778072668358],[-120.743447996056,39.2778763265283],[-120.743290315514,39.2779359482091],[-120.743174161543,39.2779848396278],[-120.743016480528,39.2780444609379],[-120.742891521658,39.2780600596158],[-120.742729111877,39.2780796490926],[-120.742566666561,39.2780992109359],[-120.74233764785,39.2781333229626],[-120.742060359565,39.2783086874277],[-120.741849330648,39.2784493971044],[-120.741637955559,39.2785599796116],[-120.741455503432,39.2786533543581],[-120.741310482744,39.278735955341],[-120.741186742415,39.2788515992846],[-120.740959938802,39.279072345601],[-120.740860630588,39.2791373709085],[-120.740599431832,39.2792817938728],[-120.740462914159,39.2793807410681],[-120.74022220619,39.2795013301618],[-120.740106262435,39.2795798222829],[-120.739965121083,39.2796487338506],[-120.739944375539,39.2796590002494],[-120.739823736223,39.2796976257445],[-120.739694988641,39.2797629363759],[-120.73959918682,39.2797877700648],[-120.739494950553,39.2798060605718],[-120.739282190832,39.2798393536794],[-120.739044199335,39.2798630383681],[-120.738864744657,39.2798891106994],[-120.738681445409,39.2799484499032],[-120.738506744566,39.2800208976549],[-120.738401559152,39.2800586722209],[-120.738371105585,39.2800585355165],[-120.738284867051,39.2800661174731],[-120.738157927186,39.2800815807505],[-120.738066710472,39.2800810899966],[-120.737838307281,39.2800999883957],[-120.737817813493,39.2801119039663],[-120.737797606456,39.2801117957412],[-120.73776697465,39.2801196199264],[-120.737741357517,39.2801355449935],[-120.737731074792,39.2801435068653],[-120.737720721584,39.2801554769379],[-120.737710223934,39.2801754633754],[-120.737684499201,39.280195396231],[-120.737668878698,39.2802193642486],[-120.737647490344,39.2802793785831],[-120.737616607296,39.2803032637948],[-120.73758597442,39.2803150977854],[-120.737560537867,39.2803189690469],[-120.737530012053,39.280326823144],[-120.737463803107,39.2803424738246],[-120.73741794475,39.2803542253491],[-120.737382403945,39.2803580153912],[-120.737356895031,39.2803658677632],[-120.73729068601,39.2803815183457],[-120.737239776891,39.2803932152559],[-120.737200076161,39.2804004197361],[-120.737059743907,39.2804100255436],[-120.736976528522,39.280463853076],[-120.736957754092,39.2804783951481],[-120.736954170541,39.2804812122608],[-120.736938563427,39.2807849347464],[-120.736634478497,39.2807839837502],[-120.736631566938,39.2807867531597],[-120.736475246297,39.2809375451476],[-120.736375029289,39.281021365661],[-120.736198922973,39.2812293328817],[-120.736110487986,39.2813635042575],[-120.736009446552,39.2815110760689],[-120.735921473967,39.2816015636189],[-120.735783470535,39.2817256431157],[-120.735678986553,39.2818128492961],[-120.735578745395,39.2818899968782],[-120.735395049961,39.2820242897952],[-120.735220120589,39.2821149083885],[-120.735099305397,39.2821787619994],[-120.734961637869,39.2822662130667],[-120.734853258391,39.2823301180851],[-120.734752965046,39.2824041338089],[-120.734594453059,39.2825052263012],[-120.734373175961,39.2826602818398],[-120.734239243951,39.2827816847169],[-120.734080311105,39.2829200057648],[-120.733925508949,39.2830583992524],[-120.733708332571,39.2832171231317],[-120.733561584383,39.2833792454291],[-120.733419780208,39.2834704948997],[-120.733240515738,39.2835719914101],[-120.733048999167,39.283653310086],[-120.732878197684,39.2837379835274],[-120.732673868626,39.2838598568715],[-120.732423394445,39.2840426289243],[-120.732285532173,39.2841542934034],[-120.732282510403,39.2841573083549],[-120.732180936929,39.2842590698578],[-120.73203871221,39.2844011116189],[-120.731991795021,39.2844578823677],[-120.731988399337,39.2844619644154],[-120.731938269925,39.2845126598394],[-120.731850642674,39.2845736025058],[-120.731738074348,39.2846480870462],[-120.731558781537,39.2847666057278],[-120.731471224845,39.284827520951],[-120.731329382723,39.2849324412189],[-120.731166842246,39.2850408168583],[-120.731029304662,39.2851321917422],[-120.73087511854,39.2852337649311],[-120.730733446784,39.2853251765821],[-120.730649893178,39.2854129622633],[-120.730524838866,39.2855076567177],[-120.730445640409,39.2855753077901],[-120.730307982593,39.2856968576537],[-120.730199496863,39.2858015351567],[-120.730074444334,39.2859196523025],[-120.729886865638,39.2860918156708],[-120.729728322417,39.2862704184119],[-120.729594957009,39.2864085994634],[-120.729503246655,39.286509641504],[-120.729374146765,39.2866208761762],[-120.729270149526,39.2867017667433],[-120.729112097418,39.2868096937465],[-120.728945675564,39.2869310393128],[-120.728841541321,39.2870587734063],[-120.728787345552,39.287142703977],[-120.728708130737,39.2872836420278],[-120.728591653546,39.2874079732802],[-120.728429575679,39.2875156637113],[-120.728275729531,39.2876566962015],[-120.728175994425,39.2877440302804],[-120.728059705692,39.287814680813],[-120.727951725295,39.2878752343437],[-120.727924425037,39.2878940218255],[-120.727704324686,39.287997701727],[-120.727698061818,39.2880119397226],[-120.727558228494,39.288039964724],[-120.727327362686,39.2880723249203],[-120.727072482127,39.2880902549511],[-120.726847845856,39.2881083488514],[-120.726748532035,39.2881192673955],[-120.726598870118,39.2881358159035],[-120.726363263467,39.2881488741549],[-120.726153693587,39.2881446418945],[-120.725887446327,39.2881383638242],[-120.725669256057,39.2881359862971],[-120.725584745788,39.2881412165951],[-120.725447818852,39.2881510646627],[-120.72538929022,39.2881635247679],[-120.725310641959,39.288190428424],[-120.725222871124,39.2882352458856],[-120.725166626253,39.2882679963081],[-120.725083398805,39.2883293666103],[-120.725067079142,39.2883290508479],[-120.724967815987,39.2883899714647],[-120.724896734377,39.2884420282299],[-120.724853369121,39.2884757414561],[-120.724757235924,39.2885179692158],[-120.724634984184,39.2885252304616],[-120.724525264617,39.288538971442],[-120.724386622386,39.2885459167174],[-120.724284323062,39.2885440872437],[-120.724140532399,39.2885289537914],[-120.723976718059,39.2885229375958],[-120.723829344072,39.2885203131643],[-120.723661553024,39.2885173287688],[-120.723591652154,39.2885098379549],[-120.723486630934,39.288539363302],[-120.723385086507,39.2885563780053],[-120.723328615117,39.2885742144388],[-120.723136983835,39.2886838812507],[-120.723055499887,39.288789367765],[-120.72298153965,39.2888793410661],[-120.722938950197,39.2889384897031],[-120.722904044333,39.2889850908496],[-120.722828517175,39.2890405302169],[-120.72268042684,39.2891262874142],[-120.722597779183,39.2892100962821],[-120.722538416086,39.2892627742286],[-120.722446831446,39.289330723379],[-120.722358915147,39.2893892946265],[-120.722206796133,39.2894847827799],[-120.722093828362,39.2895334423643],[-120.721932261983,39.289600324546],[-120.721786607361,39.2896548310237],[-120.721632497047,39.2897060332109],[-120.721526901114,39.2897359081893],[-120.721372789946,39.2897871370546],[-120.721144600608,39.2898370889664],[-120.720944939872,39.2898844137693],[-120.720830767806,39.2899078232216],[-120.720654966177,39.28993330426],[-120.720482785285,39.2899461662354],[-120.720347589869,39.2899597074578],[-120.720335345012,39.2899626482053],[-120.720245638763,39.2899833320531],[-120.720192799563,39.2900015085351],[-120.720176421305,39.2900044049307],[-120.720082428356,39.2900218561896],[-120.719886292207,39.2900598268868],[-120.719779579251,39.2900674730031],[-120.719656723853,39.2900844439821],[-120.719583014618,39.2900959386091],[-120.719402913479,39.2901246652559],[-120.719333183674,39.2901329907271],[-120.719288218679,39.290141752241],[-120.719136549133,39.2901614548206],[-120.719067069208,39.2901793926745],[-120.718948979652,39.2902219796996],[-120.718822656813,39.2902644755043],[-120.718725005898,39.2903042646355],[-120.718595085383,39.2903658602073],[-120.718521924743,39.2903997392141],[-120.718465225402,39.2904338814542],[-120.718363724757,39.2904832667313],[-120.718168052934,39.2905598473394],[-120.718102919788,39.2905874988324],[-120.718083463831,39.2905964296014],[-120.717948234269,39.2906584329261],[-120.717895761847,39.2906991283693],[-120.717745956554,39.2907990577277],[-120.717493519846,39.2909229584047],[-120.7174408081,39.2909573366765],[-120.717367145544,39.290981763622],[-120.717196018753,39.2910687171251],[-120.717078135565,39.2911405753949],[-120.716939634055,39.2912153100001],[-120.716874582128,39.2912559768805],[-120.716801179524,39.2912933124905],[-120.716735841895,39.2913243654541],[-120.716674601215,39.2913554912689],[-120.716617329017,39.2913802354491],[-120.716514542909,39.2914010747137],[-120.716440572259,39.2914191274995],[-120.716308582534,39.2914329731438],[-120.716263294578,39.2914418948232],[-120.716156518229,39.2914722727507],[-120.716016687758,39.2915053642105],[-120.715856001079,39.2915349030989],[-120.715620774086,39.2915632393423],[-120.715575203233,39.2915624640611],[-120.715368151517,39.2915590915803],[-120.71523578241,39.2915666166038],[-120.715103909417,39.2915934503246],[-120.714817840898,39.2915824537776],[-120.714714357559,39.2915872200137],[-120.714611203815,39.2916048959496],[-120.71452449994,39.2916195940927],[-120.714425160711,39.2916277010872],[-120.714325891499,39.2916357817405],[-120.714176562176,39.2916334804702],[-120.714072876452,39.2916318457844],[-120.713935982448,39.2916297368018],[-120.713815656739,39.2916278918648],[-120.713608164493,39.2916215177621],[-120.713471164549,39.2916194340964],[-120.713313461218,39.2916170675258],[-120.713218005683,39.2916156325438],[-120.713114259451,39.2916173197305],[-120.712960878665,39.2916279055217],[-120.712881991882,39.2916267084694],[-120.712720272251,39.2916372021653],[-120.712587546668,39.2916448581085],[-120.712405102565,39.2916582538135],[-120.712338709136,39.2916637281178],[-120.71226392001,39.2916626307225],[-120.71214338018,39.2916608907153],[-120.712051951079,39.2916595820056],[-120.711823743382,39.2916788159609],[-120.711665754631,39.2916765818617],[-120.711540975338,39.2916748224563],[-120.711441172665,39.2916734210106],[-120.711320750215,39.2916845605969],[-120.711271080123,39.2916934861149],[-120.711204615356,39.2916989869183],[-120.711154874515,39.2917079125084],[-120.711059904094,39.2917418212938],[-120.711018689404,39.2917636911203],[-120.710965301399,39.2917981959899],[-120.710887207319,39.2918483814854],[-120.71083400771,39.2918957386923],[-120.710789015572,39.291936789124],[-120.710699255078,39.2920317697496],[-120.710691178771,39.2920444760738],[-120.710638120028,39.292101500413],[-120.710609648701,39.2921396302532],[-120.710539950211,39.2921964161281],[-120.710515729838,39.2922378044967],[-120.710491521644,39.2922824605286],[-120.710479629784,39.2923144020459],[-120.710471646529,39.2923335633692],[-120.710451688306,39.2923815337903],[-120.71042334585,39.2924261171923],[-120.710374833719,39.2925089759694],[-120.71035873554,39.2925409809969],[-120.710285302497,39.2926299900716],[-120.710233208022,39.2927483692771],[-120.710233879698,39.2927870663772],[-120.710206771107,39.2929091805533],[-120.710199327647,39.2929606672966],[-120.710168331437,39.2931022068506],[-120.71011575921,39.2931982836611],[-120.710091885894,39.2932690024893],[-120.710035708182,39.2934038940455],[-120.709990896768,39.2934678468273],[-120.709958461609,39.2935255920373],[-120.709896986204,39.2935925185858],[-120.709876471522,39.2936148091579],[-120.70982333349,39.2936819096243],[-120.709765756631,39.2937327333361],[-120.709674935262,39.2937927459805],[-120.709600509013,39.2938335252488],[-120.709550919213,39.2938650507012],[-120.709476444382,39.2939026438031],[-120.709414301125,39.2939307081812],[-120.709298176485,39.2939772053985],[-120.709236044576,39.2940085103149],[-120.709202964227,39.2940241261129],[-120.709128514165,39.2940681453284],[-120.709066522048,39.2941091714174],[-120.708950584206,39.2941686314818],[-120.708930032629,39.2941909485095],[-120.708822955942,39.2942895256867],[-120.708711489342,39.2943749841614],[-120.70860456341,39.2944865230305],[-120.708513892501,39.294569135309],[-120.708439660859,39.2946358932031],[-120.708390232076,39.2946835927516],[-120.708324944205,39.2947927362957],[-120.70829195479,39.2948245815029],[-120.708275536615,39.2948469990245],[-120.708225690323,39.2948885435064],[-120.70809064343,39.29498601468],[-120.707996293987,39.2950359096908],[-120.70789218942,39.2950935769456],[-120.707813241371,39.2951418293773],[-120.707734096863,39.2951738229988],[-120.707539515763,39.2952299964734],[-120.707396067319,39.2952862951548],[-120.707247250542,39.2953405019099],[-120.707124985942,39.2953805039663],[-120.706964474601,39.2954577024626],[-120.70678983513,39.2955363643187],[-120.706716000922,39.2955716564853],[-120.706501388972,39.2956388922059],[-120.706354691799,39.2956988329323],[-120.706294486322,39.2957367197078],[-120.706133924514,39.2958242965911],[-120.706038828981,39.2958664926768],[-120.705912296845,39.2959368162174],[-120.705752379849,39.2960064953988],[-120.705655562177,39.2960694313628],[-120.705564593196,39.2961274617634],[-120.705458419593,39.2961937534363],[-120.705366544772,39.2962684140264],[-120.705270306302,39.2963266606402],[-120.705161279496,39.2963750179422],[-120.705069142718,39.29642353423],[-120.704951782157,39.2964850061349],[-120.70481338171,39.2965529457498],[-120.70470866801,39.2966146673799],[-120.70462910654,39.2966634054834],[-120.704587301703,39.2966960033615],[-120.70453314127,39.2967548523793],[-120.704458215177,39.2968399152126],[-120.704425341365,39.2969154205328],[-120.704380090272,39.2970106425745],[-120.704350989308,39.2970499981524],[-120.704284559866,39.2971419098882],[-120.704238694076,39.2971877805313],[-120.704180799502,39.2972864317446],[-120.70414777517,39.2973489471637],[-120.70414861224,39.2974149683634],[-120.704144754613,39.2974480144646],[-120.704143521872,39.2976827217738],[-120.704077819208,39.2978312624675],[-120.704025079773,39.2980032041816],[-120.704007082827,39.298238550013],[-120.70398009416,39.2984342821959],[-120.703907118282,39.2986632251063],[-120.703887100482,39.2987429645756],[-120.70386664214,39.2987928229017],[-120.703833442206,39.298835922969],[-120.703792210675,39.2989122967191],[-120.703764193339,39.2990254480477],[-120.703722602106,39.299075237891],[-120.703685124628,39.2991183995135],[-120.703630721135,39.2991614843229],[-120.703538516278,39.2992210922446],[-120.703475488313,39.2992507914328],[-120.703408217077,39.2992805255272],[-120.703311387415,39.2993167957646],[-120.703248098618,39.2993298786047],[-120.703150954328,39.2993428058328],[-120.703058105378,39.2993624535137],[-120.702961184814,39.2993921054093],[-120.702843141046,39.2994250103014],[-120.702783878052,39.2994247647118],[-120.702720587388,39.2994378751753],[-120.702589315443,39.2994309272026],[-120.702442051747,39.2993960947525],[-120.70239823594,39.2993898969846],[-120.702338928024,39.2993863561112],[-120.702194946855,39.299382507188],[-120.702101828563,39.2993821603446],[-120.701979104645,39.299385109144],[-120.701814132724,39.2993945915097],[-120.701687400833,39.2994175682779],[-120.701552033618,39.2994238636292],[-120.701454815143,39.2994369534928],[-120.701290341318,39.2994866681589],[-120.701100412374,39.299532942274],[-120.701058173479,39.2995428802674],[-120.701049781894,39.2995495149263],[-120.70099922955,39.2995694649661],[-120.700952839443,39.2995860297189],[-120.700877144479,39.2996260209515],[-120.700797830374,39.2997128444166],[-120.700667502628,39.2997928678364],[-120.700520280047,39.2998729241185],[-120.70046169744,39.2999297446809],[-120.700348905842,39.3000535134929],[-120.700311128138,39.3000802780954],[-120.700252544162,39.3001371543942],[-120.700165283051,39.3002678517224],[-120.700107324867,39.300375177618],[-120.700041608541,39.3005295915336],[-120.700008423647,39.3005832896871],[-120.699972089749,39.3007177654904],[-120.699956774526,39.3008354777948],[-120.699933407998,39.3009835804569],[-120.69993474594,39.3010779177504],[-120.699931798891,39.3011688849246],[-120.699900569483,39.3013543267968],[-120.699896890811,39.3013947881748],[-120.699889989588,39.3015027634574],[-120.699870101694,39.3015905216206],[-120.699837314221,39.3016647914831],[-120.699799997055,39.3017221508023],[-120.699779045475,39.3017390249135],[-120.699754073201,39.3017727415285],[-120.699724939078,39.3018098721932],[-120.699666547034,39.3018773772424],[-120.699591138349,39.3019381021472],[-120.69953639909,39.301968440038],[-120.699405277933,39.301995237606],[-120.699346122507,39.3020120714912],[-120.699295195694,39.3020119438864],[-120.699235786053,39.3020118606564],[-120.699154927155,39.3019981921348],[-120.699112393406,39.3019913758889],[-120.698958894251,39.3019437293569],[-120.698848050419,39.3019097101691],[-120.698745338407,39.3018487068593],[-120.69848097642,39.3017604491637],[-120.698323007995,39.3016926243348],[-120.698233010243,39.3016283287654],[-120.698172865176,39.3015741968324],[-120.698060794522,39.3014457858363],[-120.697945463953,39.3013848872814],[-120.697885528931,39.301344349282],[-120.69784718356,39.3013308243136],[-120.697732326528,39.3013036791147],[-120.697689837188,39.3013002682089],[-120.69763038446,39.3012968323603],[-120.697502899655,39.3012798435119],[-120.697426220379,39.3012561438522],[-120.697375020533,39.3012325072006],[-120.697319633961,39.3012155796814],[-120.697243111409,39.301198663558],[-120.69716232134,39.3011851052178],[-120.697043399819,39.3011714517603],[-120.696941534947,39.3011680376599],[-120.696903375421,39.3011713467101],[-120.696827220624,39.3011880998337],[-120.696721650374,39.3012284420096],[-120.696645637322,39.3012586784404],[-120.696586534404,39.3012822114504],[-120.696493599301,39.3013158294345],[-120.696447131217,39.30133266542],[-120.696295101238,39.3013931936916],[-120.696265474772,39.301403270555],[-120.696185217968,39.301433542267],[-120.696142895642,39.3014402370635],[-120.696066618319,39.3014502883978],[-120.695969222599,39.3014670510041],[-120.695875892708,39.3014703490908],[-120.695714321357,39.3014465800824],[-120.695438111283,39.3014126350246],[-120.695272692655,39.3014192474121],[-120.695154108788,39.3014427197559],[-120.694840566136,39.3014896640836],[-120.694755770915,39.3014997014951],[-120.694598842022,39.3015097031384],[-120.694590316081,39.3015063125163],[-120.694471723049,39.3015264345532],[-120.694424914202,39.3015196517565],[-120.694386664932,39.3015162590531],[-120.694314453967,39.3015128169362],[-120.694174627505,39.3015363259197],[-120.694073190267,39.301576656914],[-120.693980252328,39.3016237547344],[-120.693878858023,39.3016675184402],[-120.693840749339,39.3016775828527],[-120.693735094719,39.3017280537465],[-120.693671825853,39.3017684809452],[-120.693642337297,39.3017920684669],[-120.693575054392,39.3018527154463],[-120.693512020148,39.3019167332371],[-120.69342775178,39.3019841651045],[-120.693373015518,39.3020313603688],[-120.693246580343,39.3021257252688],[-120.693145347332,39.3021931601864],[-120.693099136177,39.3022437730681],[-120.693069837405,39.3022876551609],[-120.693007025733,39.3023720497437],[-120.692990251576,39.302392291827],[-120.692965054456,39.3024226820238],[-120.692935653156,39.3024530531604],[-120.692889666082,39.3025239880834],[-120.692822679931,39.3026219556003],[-120.692784896794,39.3026658797347],[-120.692717945285,39.302763902533],[-120.69265947433,39.3028619372022],[-120.692638778434,39.3029126702324],[-120.692634544839,39.3029160553092],[-120.692618539328,39.3030074259454],[-120.692618901903,39.3030412593916],[-120.692548422498,39.3032037717433],[-120.692531655178,39.3032274462352],[-120.692502311165,39.3032680322157],[-120.692481439198,39.3033052814002],[-120.692443923502,39.303372988356],[-120.692410605432,39.3034373098287],[-120.692381303201,39.3034813286438],[-120.692351949662,39.3035185370362],[-120.692309889292,39.3035625231057],[-120.692263594699,39.3036099221443],[-120.692234233517,39.3036437809059],[-120.692170868696,39.3036911259807],[-120.692082497976,39.3037757009355],[-120.692044403217,39.3037925738697],[-120.691951237625,39.3038364558756],[-120.691904667277,39.3038567213313],[-120.691811399232,39.3038870364514],[-120.691718052242,39.3039139731712],[-120.691667076745,39.3039240299023],[-120.691548162681,39.3039440634461],[-120.691458969737,39.3039642086615],[-120.691369950817,39.3039979213867],[-120.691263990958,39.3040417416852],[-120.691217428398,39.304065384401],[-120.691141124362,39.3040956969207],[-120.691094390506,39.3041057459147],[-120.691043552353,39.3041293965707],[-120.690992671153,39.3041496134239],[-120.690903305448,39.304156164529],[-120.690848097581,39.3041695780067],[-120.690779993474,39.304169392286],[-120.690737405204,39.3041693002549],[-120.690660784261,39.3041691020118],[-120.690584220709,39.3041790637199],[-120.69054166889,39.304178944098],[-120.690469288136,39.3041787652723],[-120.690388347542,39.3041751410439],[-120.690316060084,39.3041851225273],[-120.690226747517,39.3041984286001],[-120.690111865813,39.3042048861607],[-120.690005328917,39.3041978164832],[-120.689924344343,39.3041908130959],[-120.689792283577,39.3041802726839],[-120.689736894811,39.3041767414363],[-120.689698497381,39.3041698311758],[-120.68965606663,39.3041708107753],[-120.689566502113,39.3041728830014],[-120.689455980169,39.3041996534314],[-120.689315793053,39.3042365254714],[-120.689124556255,39.3042969619215],[-120.688967713365,39.3043913661386],[-120.688937971083,39.3043980624216],[-120.688865730205,39.3044283640592],[-120.68878504415,39.3044585980064],[-120.688687237435,39.3044819949765],[-120.688589386703,39.3045020148278],[-120.688384979254,39.3045216901886],[-120.688086810846,39.3045410270874],[-120.687929225046,39.3045574376573],[-120.687763195704,39.3045907224949],[-120.687614127247,39.304607173244],[-120.687465074465,39.3046303239161],[-120.687298994588,39.3046568256138],[-120.687128610405,39.3046866841368],[-120.686941191666,39.304716487218],[-120.686826231169,39.3047499332174],[-120.686707044998,39.3047901135768],[-120.686408625725,39.3048228432721],[-120.686340513884,39.3048496474264],[-120.686272475674,39.3048933675252],[-120.686170384935,39.304960703965],[-120.686021400879,39.3050447034614],[-120.685936264915,39.3050917456733],[-120.685876708393,39.3051354779506],[-120.685783174839,39.305219688418],[-120.685740667368,39.3052702850972],[-120.685621730593,39.3054355713952],[-120.685485408941,39.3055398672727],[-120.685366119294,39.3056272753053],[-120.685186978978,39.3057380913122],[-120.685088899706,39.3058120078868],[-120.685042006333,39.3058456398532],[-120.684939611601,39.3059330175717],[-120.684867056508,39.3059800076703],[-120.684747461079,39.3060571693957],[-120.684644971534,39.3061344134564],[-120.684555288142,39.3062015312764],[-120.684499725253,39.3062451699378],[-120.684380024495,39.3063222751531],[-120.684324454618,39.3063624821545],[-120.684226061607,39.3064227738931],[-120.684119151682,39.3064829706366],[-120.683947973911,39.3065664701008],[-120.683840930815,39.3065996995826],[-120.683697298606,39.3067147578865],[-120.683479584066,39.306784278135],[-120.683075806825,39.3068673004453],[-120.682837959131,39.3068962283447],[-120.68247625773,39.3069234301271],[-120.682352483104,39.3069136882085],[-120.682126020419,39.3068704156536],[-120.681950999788,39.3068359042439],[-120.681755721055,39.3067769725906],[-120.681498500426,39.3067171775339],[-120.681106833016,39.3066796739047],[-120.680818083659,39.3066596394891],[-120.680529370389,39.3066396056667],[-120.680276485449,39.3066523498656],[-120.680234086209,39.3066571984585],[-120.680191783353,39.3066625976684],[-120.680149680736,39.3066685747931],[-120.680107709921,39.3066751308623],[-120.680065833823,39.3066822645569],[-120.680024195044,39.3066899774862],[-120.679982686267,39.3066982414126],[-120.679941415329,39.3067070566523],[-120.679900310332,39.3067164232951],[-120.679859476909,39.3067263974878],[-120.67981881047,39.3067368672404],[-120.679778521628,39.3067479178123],[-120.679738365101,39.3067595194088],[-120.679698480553,39.3067716447777],[-120.679658904526,39.3067843240613],[-120.679619636417,39.3067975275237],[-120.67958067619,39.3068112569665],[-120.679542023994,39.3068255664454],[-120.679503680724,39.3068403460617],[-120.679465716596,39.3068556236354],[-120.679428060986,39.3068714551256],[-120.679390784516,39.3068877845739],[-120.679353886681,39.3069046390015],[-120.679317368457,39.3069219661682],[-120.679281265835,39.3069397637779],[-120.679245542467,39.3069581152037],[-120.679198379027,39.3069833671073],[-120.679163695772,39.3070027734874],[-120.679129426941,39.3070226511997],[-120.679095574852,39.3070430002709],[-120.679057056199,39.307067141644],[-120.679010530355,39.3070960528935],[-120.678978361536,39.3071151858168],[-120.678945812531,39.3071338748018],[-120.678880574083,39.3071692736985],[-120.678846776672,39.3071866314504],[-120.678812599094,39.307203544362],[-120.678778042345,39.3072199592913],[-120.678743069472,39.3072359298744],[-120.678707823456,39.3072513757446],[-120.678672197258,39.3072663776739],[-120.67863619189,39.3072808816197],[-120.678599912874,39.3072948878728],[-120.678563289488,39.3073083956341],[-120.678526426697,39.3073214349176],[-120.678489221219,39.3073339478],[-120.678451707313,39.3073459625958],[-120.678413989831,39.3073574534624],[-120.678375965065,39.3073684471557],[-120.678337702466,39.3073788886045],[-120.678299236423,39.3073888610796],[-120.678260532531,39.3073982822105],[-120.678221627402,39.3074071785368],[-120.678182519861,39.3074155509458],[-120.67814321043,39.3074233715155],[-120.678043269089,39.3074433040303],[-120.677943761118,39.3074646134185],[-120.677844758753,39.3074872194176],[-120.677746260471,39.307511203092],[-120.677648373403,39.3075365404291],[-120.677550991942,39.3075631734801],[-120.677454328905,39.3075911316796],[-120.67735827643,39.3076204156114],[-120.677262871501,39.3076509698399],[-120.677168113083,39.3076828493094],[-120.677074214353,39.3077160023791],[-120.676980999114,39.3077504252562],[-120.67688860763,39.30778612043],[-120.676797041564,39.3078230608943],[-120.676706263813,39.3078612462315],[-120.676616383894,39.3079006488537],[-120.67652739777,39.3079412984469],[-120.676439345286,39.30798311078],[-120.676352259013,39.3080261420791],[-120.676230050419,39.3080893441294],[-120.67556277619,39.3084480145394],[-120.67541923753,39.3085251425836],[-120.674606050658,39.3089720850681],[-120.673590205325,39.3095190367568],[-120.672983048282,39.3098296900361],[-120.672864892869,39.3098874968025],[-120.672772924498,39.3099305250328],[-120.672679989083,39.3099723070937],[-120.672586194981,39.3100128162848],[-120.672526950944,39.3100373518681],[-120.672491434368,39.3100520513805],[-120.672395813931,39.3100900126882],[-120.672299370491,39.3101265925168],[-120.672202102652,39.310161926883],[-120.672104082687,39.310195934624],[-120.672005274021,39.310228587395],[-120.671905784472,39.310259887319],[-120.671805577591,39.3102898610071],[-120.671704760435,39.310318427692],[-120.671603260232,39.3103456955535],[-120.671378047406,39.3104010769126],[-120.67126229143,39.3104270285153],[-120.671225917565,39.3104346332834],[-120.671145895175,39.3104513808519],[-120.671028996765,39.3104741895432],[-120.670911633692,39.3104953730325],[-120.670793770162,39.3105149849651],[-120.670675548653,39.310532972905],[-120.670556863154,39.310549362673],[-120.670437818531,39.3105641284327],[-120.670318555226,39.3105773258331],[-120.670198935641,39.3105888722287],[-120.670151607756,39.3105925080233],[-120.670127085985,39.3105938769753],[-120.670102501384,39.3105948875532],[-120.670077955565,39.3105956246952],[-120.670053346898,39.3105960043636],[-120.67002874446,39.3105960534697],[-120.670004184157,39.3105957742236],[-120.669979628889,39.3105951662034],[-120.669955045066,39.3105942272255],[-120.669930502748,39.3105929319604],[-120.669906036841,39.3105913357597],[-120.669881542873,39.3105893824809],[-120.669857125843,39.3105871003448],[-120.669832785752,39.3105844893514],[-120.66980848664,39.3105815499928],[-120.669784229176,39.3105783084025],[-120.669760119252,39.3105746838034],[-120.669736051593,39.3105707858082],[-120.669712060241,39.3105665310211],[-120.669688180596,39.3105619486733],[-120.669664379051,39.3105570374817],[-120.669640757761,39.3105518535627],[-120.669617180824,39.3105462854618],[-120.669593785286,39.3105404455476],[-120.669570501489,39.3105342762715],[-120.669547400127,39.3105277802395],[-120.66952437634,39.3105209832859],[-120.669501569262,39.3105138869933],[-120.669478911028,39.3105064617611],[-120.669456398761,39.3104987372864],[-120.66943410438,39.3104907125854],[-120.669411922358,39.3104823873587],[-120.669389993005,39.3104737623017],[-120.669368281505,39.3104648388202],[-120.669346681222,39.3104556138994],[-120.669325369025,39.3104461174791],[-120.669304239915,39.3104363213383],[-120.669283362314,39.3104262253545],[-120.669262703217,39.310415857981],[-120.66924226199,39.3104051912829],[-120.669222071871,39.3103943076198],[-120.669202134931,39.3103830971064],[-120.669182414843,39.3103716413109],[-120.669162983457,39.3103599428525],[-120.669143838366,39.3103479449478],[-120.669099995585,39.3103205085024],[-120.669055468992,39.3102936678582],[-120.669010401812,39.310267453473],[-120.668964722053,39.3102418086714],[-120.668918498894,39.3102168162213],[-120.66887170038,39.3101924487317],[-120.668824358958,39.3101687074719],[-120.668776545385,39.3101455914449],[-120.668728153224,39.3101232102486],[-120.668679326505,39.3101014285858],[-120.668629919914,39.3100803267833],[-120.668580183234,39.3100598806566],[-120.66852990443,39.3100401418456],[-120.66847922251,39.3100210569774],[-120.668428140423,39.3100026540126],[-120.668376549815,39.309984959645],[-120.668324697643,39.3099679766855],[-120.668272408339,39.3099517292609],[-120.668219752997,39.3099361370994],[-120.668166800284,39.3099213099907],[-120.668113481531,39.3099071381443],[-120.668059865386,39.3098937322504],[-120.668005953552,39.3098810634996],[-120.667951779125,39.3098691601959],[-120.6678973453,39.3098579142682],[-120.667842648895,39.3098474328863],[-120.667787726975,39.3098377182737],[-120.66773261369,39.3098287428914],[-120.667677310179,39.309820507653],[-120.667621814806,39.3098130377647],[-120.667566199946,39.3098063079246],[-120.667510394346,39.3098003452488],[-120.667454468096,39.3097951226076],[-120.667398456099,39.3097906953531],[-120.667342325135,39.3097869802246],[-120.667286178497,39.3097840342539],[-120.667207796838,39.3097812466221],[-120.667155537943,39.309780238565],[-120.667103266584,39.3097798906978],[-120.667050980718,39.3097803111047],[-120.666998718361,39.3097813903099],[-120.666946512081,39.3097831845398],[-120.666894327758,39.3097857195317],[-120.666842235961,39.3097889429372],[-120.666790202043,39.3097929084151],[-120.666738260032,39.3097975334712],[-120.666686481916,39.3098028747816],[-120.666634796984,39.3098089306395],[-120.666583241057,39.3098156464989],[-120.666531882116,39.3098231069182],[-120.666480651648,39.309831255261],[-120.666429656846,39.309840064822],[-120.666378859553,39.3098495910218],[-120.666328226689,39.3098598046549],[-120.666277899667,39.3098707091358],[-120.666227841402,39.309882303141],[-120.666177983382,39.3098945300344],[-120.666128429514,39.3099074756849],[-120.666079217337,39.3099210558372],[-120.666030275072,39.3099353255285],[-120.66598167448,39.3099502306229],[-120.665933378561,39.3099658265544],[-120.665885529838,39.3099820581925],[-120.665837987474,39.3099989527601],[-120.665745990992,39.3100339022808],[-120.665676737796,39.3100605166332],[-120.665626089922,39.3100789954989],[-120.665575030118,39.3100968110899],[-120.66552355944,39.3101139075622],[-120.665471713815,39.3101302862262],[-120.665419492734,39.3101459741022],[-120.665366965779,39.3101609710829],[-120.665314100335,39.3101752236428],[-120.665260895788,39.3101887029459],[-120.665207456201,39.3102015480161],[-120.665153675809,39.3102136486378],[-120.665099627692,39.3102250038427],[-120.665045380873,39.3102356432468],[-120.664990864644,39.3102455651419],[-120.664936151266,39.310254689272],[-120.664881240383,39.3102630958122],[-120.664826130156,39.3102707595162],[-120.664770858215,39.3102776528855],[-120.664715459994,39.3102838033513],[-120.664659896723,39.3102892374974],[-120.664604244156,39.3102938742072],[-120.664548498937,39.3102977683968],[-120.664492660541,39.3103009479876],[-120.664436768165,39.3103033026171],[-120.664380817927,39.3103049151231],[-120.6643248464,39.3103058138509],[-120.664268855154,39.3103059159361],[-120.664212877287,39.3103052496843],[-120.664156948879,39.3103038695612],[-120.664101001269,39.3103016657744],[-120.664045137905,39.3102987485138],[-120.663989358669,39.3102950628232],[-120.663933594611,39.3102906367442],[-120.663878056134,39.3102854438512],[-120.663822567621,39.3102795109672],[-120.663767269399,39.3102728378933],[-120.66371209291,39.310265370694],[-120.663657106187,39.310257191227],[-120.663602310271,39.31024824455],[-120.663015274833,39.3101433145215],[-120.662536075661,39.3100500216961],[-120.662059013438,39.3099503252503],[-120.661584231271,39.3098441457656],[-120.661547852756,39.3098370295598],[-120.661521554495,39.3098314836326],[-120.661495367861,39.3098255551954],[-120.66146933062,39.3098192708065],[-120.661443476379,39.3098126317515],[-120.661417806297,39.3098056380436],[-120.661392212037,39.3097983154702],[-120.661366767683,39.3097906099245],[-120.661341505272,39.3097826055564],[-120.66131649662,39.3097742455306],[-120.661291636683,39.3097655043211],[-120.661266994152,39.3097564899204],[-120.661242534623,39.3097471208545],[-120.661218295199,39.309737397548],[-120.661194272534,39.3097273740167],[-120.661170503067,39.3097170245515],[-120.661146987446,39.3097063761871],[-120.661123656004,39.3096953722707],[-120.661100612031,39.30968406984],[-120.661077785962,39.3096724680991],[-120.66105524905,39.3096605399359],[-120.661032999625,39.3096483123582],[-120.661011004028,39.3096357867828],[-120.660989297078,39.3096229618066],[-120.660967878756,39.3096098383304],[-120.660946783863,39.3095964158518],[-120.660925940598,39.3095827503055],[-120.660905457351,39.3095688132029],[-120.660885261573,39.3095545775877],[-120.660865389207,39.3095400438715],[-120.660845875152,39.3095252674086],[-120.660826649215,39.3095102194677],[-120.660807816388,39.309494928278],[-120.66078930709,39.309479393944],[-120.660771085262,39.3094635610982],[-120.660753292604,39.3094475403716],[-120.66073585761,39.3094312498649],[-120.660718780298,39.3094146886778],[-120.66070209633,39.3093979941548],[-120.660685768867,39.3093810298389],[-120.660669836817,39.3093638232028],[-120.660654260892,39.3093464278504],[-120.660639111817,39.3093288445917],[-120.660624322725,39.3093109915808],[-120.660609959441,39.3092930056065],[-120.660596025173,39.3092747785984],[-120.660582483619,39.3092563903205],[-120.660569368384,39.3092378420588],[-120.660556679981,39.3092191067924],[-120.660544350005,39.3092001837382],[-120.660532482288,39.3091811011121],[-120.660521112791,39.3091618584251],[-120.66051009834,39.3091424837674],[-120.660499510854,39.3091229761609],[-120.660489386787,39.3091033089963],[-120.660479723801,39.3090834831478],[-120.660470417702,39.3090635505752],[-120.660461678838,39.3090434875615],[-120.660453366406,39.3090233195212],[-120.660445480408,39.3090030464544],[-120.660438054464,39.3089826687462],[-120.660431126818,39.3089621877356],[-120.66042458968,39.3089416003865],[-120.66041861936,39.3089209654744],[-120.660412968177,39.3089001963797],[-120.660407884476,39.3088794058558],[-120.660405618685,39.3088702907744],[-120.660403174463,39.308861228604],[-120.660400554012,39.3088521644153],[-120.660397721508,39.3088431527527],[-120.660394640362,39.3088341661702],[-120.660391380803,39.3088252315981],[-120.660387943955,39.3088163508509],[-120.660384293383,39.3088075496374],[-120.66038043117,39.3087987180722],[-120.660376426585,39.3087899947856],[-120.660372172829,39.3087813245006],[-120.66036774066,39.3087727062259],[-120.66036313238,39.3087641408887],[-120.660358308686,39.3087556829934],[-120.660353272822,39.308747222668],[-120.660348058645,39.3087388702094],[-120.660342701979,39.3087305710733],[-120.660337132219,39.3087223794055],[-120.660331348087,39.3087142402369],[-120.660325456895,39.3087061818233],[-120.66031931655,39.3086981755104],[-120.660313033304,39.3086903053975],[-120.660306571628,39.3086824881953],[-120.660299931656,39.308674777959],[-120.660293113885,39.3086671485682],[-120.660286116641,39.3086596270307],[-120.660278975866,39.3086522137581],[-120.660271656662,39.308644853396],[-120.660264195103,39.3086376004113],[-120.660256518743,39.3086304837037],[-120.660248770124,39.3086234472486],[-120.66024077245,39.3086165187504],[-120.660232666046,39.3086096980146],[-120.660224451522,39.3086030138769],[-120.660215987332,39.3085964088603],[-120.660207415554,39.3085899125201],[-120.660198699201,39.3085835793871],[-120.660189874613,39.3085773278961],[-120.66018087173,39.3085711833704],[-120.660171796668,39.3085651758543],[-120.660162505168,39.3085593298213],[-120.660153106061,39.308553593365],[-120.660143668928,39.3085479663817],[-120.660133981734,39.3085425004962],[-120.660124222245,39.3085371166641],[-120.660114354142,39.3085318955499],[-120.66010434249,39.3085267836008],[-120.660094185105,39.3085218348452],[-120.660084061711,39.3085170504411],[-120.660073723416,39.3085123464567],[-120.660063310758,39.3085078335103],[-120.66005279051,39.3085034292398],[-120.66004216163,39.3084991885877],[-120.660031388688,39.3084950841212],[-120.660020647949,39.308491116058],[-120.660009726676,39.3084873116903],[-120.659998769697,39.3084836168218],[-120.659987701253,39.3084801125661],[-120.659976560648,39.3084767444187],[-120.659965382133,39.3084735406999],[-120.659954093179,39.3084704735517],[-120.659942731551,39.3084675695328],[-120.659931367308,39.3084648033199],[-120.659919857977,39.3084622273344],[-120.659908346544,39.3084597621339],[-120.659896796705,39.308457487482],[-120.659885137586,39.308455349414],[-120.659873475339,39.3084533761729],[-120.65986173924,39.3084515669483],[-120.659850000031,39.3084499216499],[-120.659838223423,39.3084484137589],[-120.659826407746,39.3084470702829],[-120.659814553645,39.3084459182562],[-120.659802697441,39.3084448770144],[-120.6597907652,39.3084440538177],[-120.659778902756,39.3084433413289],[-120.659766965433,39.3084428468984],[-120.659755025495,39.3084424902738],[-120.659743118235,39.3084422448326],[-120.659731136114,39.3084422165491],[-120.659717171225,39.3084423592379],[-120.65900213644,39.3084525891355],[-120.658293978653,39.3084561386308],[-120.658256153028,39.3084563912323],[-120.658218317489,39.3084571653265],[-120.658180507448,39.3084584892474],[-120.658142688024,39.3084603067392],[-120.658104964704,39.3084626199132],[-120.658067302704,39.3084654283702],[-120.658029702158,39.3084687861658],[-120.657992231981,39.3084726670637],[-120.657954717502,39.3084769870784],[-120.657917369962,39.308481858543],[-120.657880190421,39.3084872256142],[-120.657843106447,39.3084931162898],[-120.657806153901,39.3084994742249],[-120.657769368289,39.3085063836104],[-120.65773275117,39.3085137624828],[-120.657696266636,39.3085216086284],[-120.657660017953,39.3085299799889],[-120.657623938423,39.3085388469703],[-120.657588025064,39.3085481834126],[-120.657552386362,39.3085580166872],[-120.657516948744,39.3085683738774],[-120.657481715971,39.3085791180906],[-120.657446791591,39.3085904144785],[-120.657412106306,39.3086021262106],[-120.657377695029,39.3086143077418],[-120.657343555557,39.3086270140015],[-120.657309727078,39.3086401355305],[-120.657276137824,39.30865372646],[-120.657242926906,39.308667789288],[-120.657210062921,39.3086822677987],[-120.657177435328,39.3086972427049],[-120.657145189963,39.3087126066727],[-120.657113289841,39.3087284142324],[-120.65708176976,39.3087446648831],[-120.657050631376,39.3087613325178],[-120.657019801663,39.3087784153977],[-120.656989460329,39.3087959155863],[-120.656959499035,39.3088138588669],[-120.656929883896,39.3088321367433],[-120.656900755461,39.308850858937],[-120.656871973825,39.3088699427613],[-120.656834507237,39.308895927713],[-120.656480103563,39.3091403102966],[-120.656252121903,39.3092905023821],[-120.656020878285,39.3094375268381],[-120.655786335635,39.3095813823183],[-120.655600287959,39.3096954795623],[-120.655416914408,39.3098121063377],[-120.655236181014,39.3099310974026],[-120.655172864194,39.3099743043659],[-120.655058121638,39.3100525621668],[-120.654882915212,39.3101764216193],[-120.65470575684,39.3103061619345],[-120.654674283658,39.310329195329],[-120.654644653539,39.3103500805554],[-120.654614643372,39.3103705217662],[-120.654584145424,39.3103905735774],[-120.654553195543,39.3104101805454],[-120.65452186624,39.3104293714317],[-120.654490048548,39.3104481440816],[-120.65445785195,39.3104664736283],[-120.65442520342,39.3104843583303],[-120.65439217431,39.310501826936],[-120.654358800966,39.3105187978816],[-120.654324941038,39.3105353776367],[-120.654290842899,39.3105514339238],[-120.654256328772,39.3105670457782],[-120.654221471058,39.3105821870055],[-120.654186267454,39.3105968566781],[-120.654150720246,39.3106110566237],[-120.654114899035,39.3106247858411],[-120.654078734659,39.3106379615526],[-120.654042331673,39.3106506957712],[-120.654005584458,39.3106629323267],[-120.653968636175,39.3106746440375],[-120.653931377931,39.3106858855059],[-120.653893847251,39.3106965742809],[-120.653856148047,39.3107067953414],[-120.653818177051,39.3107164907423],[-120.653780003298,39.3107256892058],[-120.653741663229,39.3107343650249],[-120.653703085528,39.3107424876492],[-120.653664305038,39.3107501151367],[-120.653625429527,39.3107571910705],[-120.653586351245,39.3107637709664],[-120.653547106043,39.3107697993815],[-120.65350780173,39.3107752784574],[-120.65346832945,39.3107802609949],[-120.653428727354,39.3107846924781],[-120.653389098614,39.3107885749956],[-120.653349339526,39.3107919343804],[-120.65330952019,39.3107947435116],[-120.65326964059,39.3107970032898],[-120.653201275395,39.3108009116533],[-120.653133069139,39.3108057281083],[-120.653064879336,39.3108115050682],[-120.652996955633,39.3108181652281],[-120.652929120796,39.3108257587994],[-120.652861515613,39.3108342612778],[-120.652794105298,39.3108436722629],[-120.652726853374,39.3108540192628],[-120.652659903513,39.3108652480771],[-120.652593253506,39.3108774136356],[-120.652526833673,39.3108904601814],[-120.652460715364,39.3109044164647],[-120.652394968658,39.3109192562665],[-120.652329557628,39.3109349782726],[-120.652264484574,39.3109515834109],[-120.652199817934,39.3109690706689],[-120.652135594774,39.310987442276],[-120.652071779039,39.311006642863],[-120.652008369805,39.3110267814282],[-120.651945475193,39.3110477222821],[-120.651832301671,39.3110879907397],[-120.651733647357,39.3111231003409],[-120.651678294168,39.3111415469078],[-120.651622637956,39.3111592205905],[-120.651566572037,39.3111761210597],[-120.651510095912,39.311192274435],[-120.651453280793,39.3112076563117],[-120.65139609193,39.3112222644869],[-120.651338635995,39.3112361001898],[-120.651280840444,39.3112491364577],[-120.651222777823,39.3112614002525],[-120.65116441155,39.3112728641251],[-120.65110584776,39.3112835572267],[-120.651047017956,39.3112934229115],[-120.650987990124,39.3113025448456],[-120.650928730405,39.3113108136297],[-120.650869274354,39.3113183107542],[-120.650809691413,39.3113249829659],[-120.650749983921,39.3113308293908],[-120.650690113709,39.3113359054438],[-120.650630153732,39.3113401561108],[-120.650570102816,39.3113435822789],[-120.650509961607,39.3113462109823],[-120.650449765938,39.3113479876795],[-120.650427023637,39.3113486865559],[-120.650404310976,39.311349715498],[-120.650381593595,39.3113509912267],[-120.650358940654,39.3113525965217],[-120.650336317227,39.3113544778271],[-120.650313721779,39.311356715305],[-120.650291228371,39.3113592566571],[-120.65026876385,39.3113620460847],[-120.650246328467,39.3113651916982],[-120.650224029264,39.311368614553],[-120.650201759716,39.311372366573],[-120.650179660631,39.311376422356],[-120.650157591591,39.3113807262281],[-120.650135622396,39.3113853880031],[-120.650113824715,39.3113902985989],[-120.650092093146,39.3113955117538],[-120.650070530329,39.3114010574811],[-120.65004899875,39.3114068495097],[-120.650027673557,39.3114129466173],[-120.650006484042,39.3114193470871],[-120.649985466023,39.3114259972789],[-120.649964547847,39.3114330053741],[-120.649943837659,39.3114402347839],[-120.649923262489,39.3114477414227],[-120.649902858956,39.3114555509382],[-120.649882627543,39.311463638111],[-120.649862637207,39.3114719749085],[-120.649842819024,39.3114805875621],[-120.649823172978,39.3114894769725],[-120.649803733208,39.3114986165072],[-120.649784536299,39.3115080336153],[-120.649765510902,39.3115176995457],[-120.649746727223,39.3115276421356],[-120.649728223917,39.3115377807507],[-120.649709890535,39.3115482510524],[-120.649691800441,39.3115589160506],[-120.649673987991,39.3115698590245],[-120.649656382351,39.3115810242017],[-120.6496390218,39.3115924111233],[-120.649621973034,39.3116040493882],[-120.64960516818,39.3116159102851],[-120.649588642039,39.311627993315],[-120.649572358116,39.3116403268853],[-120.649556422972,39.3116528572717],[-120.649540696974,39.3116656089883],[-120.649525321449,39.311678529613],[-120.649510188159,39.3116916998779],[-120.649495403649,39.3117050669594],[-120.649480899011,39.311718656188],[-120.649466708886,39.3117324148109],[-120.649452832791,39.3117463680477],[-120.649439271209,39.311760490679],[-120.6494260248,39.3117748088386],[-120.649413128348,39.3117893229282],[-120.649400510466,39.3118040059976],[-120.649388280069,39.311818802548],[-120.649376328368,39.3118338221336],[-120.649364760765,39.311849011017],[-120.64935354533,39.3118643409017],[-120.649342645477,39.3118797843384],[-120.649332130882,39.3118953970865],[-120.649321931978,39.3119111783429],[-120.649312119384,39.3119270739682],[-120.649300756507,39.3119464111339],[-120.649281946582,39.311978019903],[-120.649270502341,39.3119960930696],[-120.649258671137,39.3120140248305],[-120.649246419256,39.3120317589408],[-120.649233816354,39.3120493520602],[-120.649220757972,39.3120667480278],[-120.64920734973,39.3120840030177],[-120.649193520184,39.3121010324214],[-120.649179306509,39.3121178934245],[-120.649164741723,39.3121345575795],[-120.649149792718,39.3121509974771],[-120.649134494368,39.3121672693754],[-120.649118810639,39.3121833170026],[-120.649102778526,39.3121990858311],[-120.649086396568,39.3122147127801],[-120.649069665691,39.3122300888517],[-120.649052549952,39.3122452136307],[-120.649035156129,39.3122601433047],[-120.649017377461,39.3122748207851],[-120.648999285817,39.3122892478026],[-120.64898084643,39.3123034230547],[-120.648962127158,39.3123173761536],[-120.648943095962,39.3123310238466],[-120.648923751807,39.3123444201754],[-120.648904093,39.3123575930482],[-120.648884158212,39.3123704609298],[-120.648863945766,39.3123830508277],[-120.648843419186,39.3123953902481],[-120.648822686834,39.3124074525148],[-120.648801571207,39.3124191806227],[-120.648780247581,39.3124306874064],[-120.648758720289,39.3124418071509],[-120.648736841991,39.3124527849998],[-120.648714794169,39.3124633491767],[-120.64869246869,39.3124736353687],[-120.648669937959,39.3124836173853],[-120.648647200817,39.3124932952127],[-120.648624257263,39.312502668851],[-120.648601037122,39.3125117086606],[-120.648577645337,39.3125204455833],[-120.648554083101,39.312528877831],[-120.648530280189,39.3125369784663],[-120.648506341611,39.3125447748282],[-120.648482268402,39.3125522128749],[-120.648457954534,39.3125593184082],[-120.648433504983,39.3125661205684],[-120.648408884877,39.3125725630971],[-120.648384164498,39.3125787305897],[-120.64835927408,39.3125845114296],[-120.64833428446,39.3125899613899],[-120.648309159676,39.3125950809559],[-120.648283936225,39.3125998417206],[-120.64825857761,39.3126042720909],[-120.64823311917,39.3126083436463],[-120.648225079449,39.3126147308884],[-120.648217177382,39.3126212575577],[-120.648209415199,39.3126278678246],[-120.648201828308,39.312634590026],[-120.648194345875,39.3126413683886],[-120.648187072983,39.3126482870095],[-120.648179939457,39.3126553162488],[-120.648172980582,39.3126624303885],[-120.648166162215,39.312669656061],[-120.648159518408,39.3126769107771],[-120.648153014593,39.312684304047],[-120.648146720212,39.3126917826192],[-120.648140566856,39.3126993457034],[-120.648134588169,39.3127069927873],[-120.648128784666,39.3127146968502],[-120.648123155314,39.3127225119338],[-120.648117702807,39.3127303578896],[-120.64811242561,39.3127383148796],[-120.648107357865,39.3127463562714],[-120.648102431021,39.3127544281202],[-120.648097715324,39.3127625564627],[-120.648093175454,39.3127707688186],[-120.648088810235,39.3127790660752],[-120.648084620202,39.3127874203109],[-120.64808064235,39.3127957769986],[-120.648076874575,39.3128042460234],[-120.64807328368,39.3128127441192],[-120.648069867329,39.3128212721599],[-120.648066627965,39.3128298842274],[-120.648063634407,39.3128384991357],[-120.648060782412,39.3128471706347],[-120.648058176847,39.3128558729094],[-120.648055781252,39.3128646325654],[-120.648053493505,39.3128733925668],[-120.648051024743,39.3128841558712],[-120.647977758739,39.3132028533926],[-120.647952206291,39.3133280754235],[-120.647895862184,39.3136048182237],[-120.647894543772,39.3136127389789],[-120.647893170934,39.3136198077583],[-120.647891693636,39.3136268203755],[-120.647890041149,39.3136337760132],[-120.647888174265,39.3136407841274],[-120.647886203455,39.3136477081578],[-120.647884056386,39.3136546310518],[-120.647881767235,39.3136615243758],[-120.64787933884,39.3136683611355],[-120.647876734202,39.3136751958581],[-120.647873953216,39.3136819735876],[-120.647871031308,39.3136887217604],[-120.647868003762,39.3136954146583],[-120.647864801668,39.3137020776108],[-120.647861422066,39.3137086835568],[-120.647857938111,39.3137152882965],[-120.647854278841,39.3137217820012],[-120.647850478666,39.3137282452484],[-120.647846538069,39.3137346528187],[-120.647842457066,39.3137410038111],[-120.647838236818,39.3137472982393],[-120.647833838544,39.3137535626817],[-120.647829301542,39.3137597435389],[-120.647824660078,39.3137658682337],[-120.647819878727,39.3137719093299],[-120.647814920509,39.3137779204537],[-120.647809893667,39.3137838208746],[-120.6478046911,39.3137896922373],[-120.647799348662,39.3137954791005],[-120.647793901122,39.313801182767],[-120.64778831487,39.3138068019473],[-120.647782623515,39.3138123379309],[-120.647776756436,39.3138178448561],[-120.647770750538,39.3138232123393],[-120.647764709748,39.3138285244641],[-120.647758530247,39.3138337521027],[-120.647752209681,39.3138388970297],[-120.647745785206,39.313843956972],[-120.64773925677,39.3138489346314],[-120.647732587839,39.3138537998561],[-120.647725815071,39.3138586368532],[-120.647718938787,39.3138633077893],[-120.6477119574,39.3138678955285],[-120.647704871569,39.3138724262044],[-120.647697717096,39.3138768470779],[-120.64769042327,39.3138811564306],[-120.64768306082,39.3138853550804],[-120.647675558499,39.3138894692302],[-120.647668058266,39.3138934743953],[-120.647660349128,39.3138973663346],[-120.647652640382,39.3139011771974],[-120.647644792301,39.3139048756386],[-120.647636840811,39.3139084629745],[-120.647628891409,39.3139119413256],[-120.647620838614,39.3139153076707],[-120.647612680717,39.3139185908185],[-120.647604454714,39.3139217362422],[-120.647596196047,39.3139247704775],[-120.647587832796,39.3139276944948],[-120.647579436864,39.3139305082242],[-120.647570936364,39.3139332108348],[-120.647562403185,39.3139358031577],[-120.64755380074,39.3139382577429],[-120.647545166774,39.3139406020538],[-120.647536427723,39.3139428622666],[-120.647527692347,39.3139449306304],[-120.64751885135,39.3139469428177],[-120.647510013618,39.3139488451328],[-120.64750114194,39.3139505821908],[-120.647492203958,39.3139522085722],[-120.647483230442,39.3139537525605],[-120.647474224781,39.3139551583393],[-120.647465222796,39.3139563722692],[-120.647456186544,39.3139575587752],[-120.647447082096,39.3139585517002],[-120.647437945076,39.3139594892933],[-120.647428845357,39.3139602354261],[-120.647419711906,39.3139609262135],[-120.647410547347,39.3139614247496],[-120.647401384374,39.3139618404209],[-120.647392222866,39.3139621191722],[-120.647382993911,39.3139622863327],[-120.647373873076,39.3139623187073],[-120.64736464885,39.3139622390754],[-120.647355498494,39.3139619963339],[-120.647346313782,39.313961670312],[-120.647337131176,39.3139612344044],[-120.64732798819,39.3139606070633],[-120.647318845098,39.3139599247657],[-120.647309740573,39.313959105977],[-120.64730060444,39.3139581210573],[-120.647291504663,39.3139570545756],[-120.647282443453,39.313955851603],[-120.647273419134,39.313954539147],[-120.647264432758,39.3139530622651],[-120.647255449114,39.3139515034325],[-120.64724012286,39.3139488541417],[-120.64722479395,39.3139463435561],[-120.647209390224,39.3139441059758],[-120.647193910934,39.3139420594105],[-120.647178427952,39.3139402055922],[-120.647162905455,39.3139385981604],[-120.647147309072,39.3139371547361],[-120.64713174328,39.3139359305812],[-120.647116101995,39.3139349541986],[-120.64710049353,39.3139341412556],[-120.647084843839,39.3139336035079],[-120.647069156204,39.3139332301834],[-120.647053500837,39.3139330491208],[-120.64703783958,39.3139331148336],[-120.647022139326,39.3139333999119],[-120.647006506107,39.3139338785552],[-120.646990867532,39.3139345760523],[-120.646975262366,39.3139354667254],[-120.646959687772,39.3139365775688],[-120.646944107822,39.3139379072659],[-120.646928596066,39.3139394305416],[-120.646913114362,39.3139412010083],[-120.646897629499,39.3139431363005],[-120.646882211791,39.313945319213],[-120.646866859958,39.3139476956772],[-120.646851575174,39.313950264806],[-120.646836391171,39.313953081944],[-120.646821205167,39.313956063921],[-120.646806120462,39.3139592668865],[-120.646791102271,39.3139626904382],[-120.646776151648,39.3139662796335],[-120.646761302858,39.3139700618959],[-120.646746520047,39.3139740926662],[-120.646731876708,39.3139782890111],[-120.646717333508,39.3139827063314],[-120.646702858499,39.3139873172306],[-120.646688485341,39.3139921202963],[-120.646674179731,39.3139970899066],[-120.646660116878,39.3140022821423],[-120.646646086823,39.3140076387188],[-120.646632228777,39.3140132180033],[-120.646617725867,39.3140192835167],[-120.646575253073,39.3140368596024],[-120.646548433662,39.3140473411439],[-120.646521445376,39.3140574360426],[-120.646494216432,39.3140671984226],[-120.646466819131,39.3140765471388],[-120.646439109285,39.3140855625043],[-120.646411265332,39.3140941925296],[-120.646383216043,39.3141024625166],[-120.646354998916,39.3141102918183],[-120.64632654051,39.3141177606654],[-120.646298019887,39.3141248450038],[-120.646269258504,39.3141315418665],[-120.646240362515,39.3141378795086],[-120.64621133294,39.314143804789],[-120.646182205759,39.3141493163221],[-120.646152909689,39.3141544421117],[-120.646123514337,39.3141591811613],[-120.6460939854,39.3141635078487],[-120.646064429052,39.3141674495287],[-120.646034773922,39.3141709783484],[-120.646004985245,39.3141740930044],[-120.645952526792,39.3141796371312],[-120.645900161854,39.3141858678992],[-120.645847958807,39.3141927879017],[-120.645795954892,39.3142004507231],[-120.64574411456,39.3142087748713],[-120.645692472179,39.3142178427261],[-120.645641029322,39.3142275723244],[-120.64558985568,39.314238018527],[-120.645538915824,39.3142491538973],[-120.645488210913,39.3142609784491],[-120.645437809356,39.3142734929747],[-120.645387714006,39.3142866695798],[-120.645337888364,39.3143005366708],[-120.645288439656,39.3143150666612],[-120.645239294296,39.314330286627],[-120.645190492137,39.3143461141476],[-120.645142063518,39.3143626603853],[-120.645094082539,39.3143798712439],[-120.645046443599,39.3143976896453],[-120.644999251137,39.3144161726553],[-120.644952434961,39.3144352915335],[-120.644906102278,39.3144550195946],[-120.644860250856,39.3144754126687],[-120.644814813875,39.3144963870999],[-120.644743234269,39.3145312270454],[-120.644691239837,39.3145567389499],[-120.644645615873,39.314578204841],[-120.644599509525,39.3145990615248],[-120.644552919009,39.3146192810523],[-120.644505916855,39.3146388912903],[-120.644458433269,39.3146577824208],[-120.644410536871,39.3146760651481],[-120.64436226416,39.3146937110657],[-120.644313544389,39.3147107202543],[-120.644264484649,39.3147270119729],[-120.644215049118,39.3147426398596],[-120.64416527151,39.3147576601602],[-120.644115154471,39.3147719350678],[-120.644064696431,39.3147855465455],[-120.644013969277,39.3147984954259],[-120.64396293641,39.3148107551585],[-120.643911633793,39.3148223252589],[-120.64386006366,39.3148331498971],[-120.643808258546,39.3148432862062],[-120.643756254416,39.3148527337022],[-120.643704017023,39.3148614640597],[-120.643641281676,39.314871995188],[-120.643578848714,39.3148833261815],[-120.643516646885,39.3148954832414],[-120.643454747021,39.3149085221443],[-120.643393114213,39.3149223884319],[-120.64333188876,39.3149370837318],[-120.643270966338,39.3149526050328],[-120.643210451267,39.3149689553474],[-120.643150239188,39.3149861334656],[-120.643090505204,39.315004140518],[-120.642997350335,39.3150340336744],[-120.642953297347,39.315038108211],[-120.642909374713,39.315042761718],[-120.642865545466,39.3150480469195],[-120.642821881374,39.3150539105946],[-120.642778278064,39.3150603524333],[-120.642734874171,39.3150674001703],[-120.642691636589,39.3150750263948],[-120.642648599566,39.3150832594321],[-120.642605728229,39.3150920430222],[-120.642563092234,39.3151014338292],[-120.642520693812,39.3151113760236],[-120.642478496465,39.3151218980108],[-120.642436569795,39.3151329987971],[-120.642394845893,39.3151446514686],[-120.642353429115,39.3151568572366],[-120.642312318403,39.3151696710439],[-120.642271514829,39.3151830370477],[-120.642231020072,39.3151969282409],[-120.642190832973,39.3152113446102],[-120.642150917687,39.3152263406948],[-120.642111451517,39.3152418635983],[-120.64207232777,39.3152579129834],[-120.642033548261,39.3152745149977],[-120.6419951836,39.3152916164074],[-120.641957195643,39.3153092708237],[-120.641919587748,39.3153274242325],[-120.641882431181,39.3153460495334],[-120.641845687763,39.3153652021394],[-120.641809393994,39.3153848536458],[-120.641773549872,39.3154050040532],[-120.641738157597,39.3154255993335],[-120.641703250359,39.3154467227551],[-120.64166882809,39.3154683175612],[-120.641634892453,39.3154903576455],[-120.641601442287,39.3155128429949],[-120.641568550122,39.3155358014789],[-120.641536178213,39.3155592056329],[-120.641504258687,39.3155830267412],[-120.641473036302,39.3156073226013],[-120.64144226682,39.3156320083957],[-120.641412090542,39.3156570857542],[-120.641382470482,39.3156826083015],[-120.641353444785,39.3157085224273],[-120.641325011151,39.3157348272042],[-120.641297137614,39.3157614961355],[-120.641269892068,39.3157885570371],[-120.641243310473,39.3158160094261],[-120.641217323662,39.315843771419],[-120.64119196548,39.3158719524176],[-120.641154252545,39.3159157790168],[-120.640050376178,39.3159029235827],[-120.638211921106,39.3158812350344],[-120.636355838061,39.3158571427388],[-120.635133206979,39.3158414286125],[-120.633483487675,39.3158270297329],[-120.632260254691,39.315809548814],[-120.630317704365,39.3157819884359],[-120.626588236855,39.3157294206614],[-120.624219265287,39.3156962023448],[-120.624203396327,39.3156960706713],[-120.615610798664,39.3156721084536],[-120.615607299882,39.3156720949765],[-120.614434483863,39.3156688368336],[-120.614311188763,39.3156685016639],[-120.608846119545,39.3157411020814],[-120.604773814412,39.3157949171859],[-120.59545431141,39.3158616075234],[-120.594287902774,39.3158575928389],[-120.586107336193,39.3158227664248],[-120.582995299707,39.3158090020898],[-120.580221854108,39.3158071729648],[-120.576689912804,39.3158045367747],[-120.56759180338,39.3159097602504],[-120.565390981811,39.3159170059902],[-120.563350556361,39.3159237090589],[-120.562959730202,39.3159250051624],[-120.558289474269,39.3159401997469],[-120.558234394519,39.315940372282],[-120.554155697182,39.3159534649014],[-120.553728705085,39.3159548318277],[-120.54900905791,39.315969759774],[-120.545555184068,39.3159806350488],[-120.539632998689,39.3159991745035],[-120.530207850648,39.3160284842392],[-120.522958340548,39.3160242772631],[-120.52074037548,39.3160302747971],[-120.511382591445,39.3160548558594],[-120.509205388723,39.3160604399107],[-120.505060554254,39.3160708953868],[-120.501462908888,39.3160798677888],[-120.497254962628,39.316090364427],[-120.492700129291,39.3161017876039],[-120.473842535047,39.3161528428347],[-120.470658383751,39.3161625545355],[-120.464812324864,39.3161816247955],[-120.464808876409,39.3161808930358],[-120.464805430495,39.316181644231],[-120.464715739816,39.3162013640936],[-120.464619508944,39.3162210809336],[-120.464522918275,39.316239474019],[-120.464425932417,39.3162565176584],[-120.464328550828,39.3162722370696],[-120.464230809437,39.3162866336241],[-120.464132743641,39.3162996798571],[-120.464034424707,39.316311405533],[-120.463935852145,39.3163217268587],[-120.463837061259,39.3163307271822],[-120.463738052644,39.3163383794828],[-120.463638897091,39.3163446288324],[-120.463539630511,39.3163495306586],[-120.463440249966,39.316353113752],[-120.46334076021,39.3163552664602],[-120.462156119143,39.3163576311734],[-120.461941532561,39.3163578028936],[-120.461432479451,39.3163510538829],[-120.4610058744,39.3163389889888],[-120.460579537885,39.316321104293],[-120.460153648591,39.3162973480935],[-120.45972830919,39.3162678037298],[-120.459303626477,39.3162324717119],[-120.458994958304,39.3162024557626],[-120.457853935532,39.3162067514979],[-120.455425904928,39.3162162380917],[-120.451034011926,39.3162234949407],[-120.446362122878,39.3162327174425],[-120.445035956368,39.3162356372734],[-120.444630137274,39.3162365307354],[-120.443848053442,39.3162383218927],[-120.440281147216,39.3162470580788],[-120.43545219383,39.3162604229818],[-120.430633343327,39.3162754007587],[-120.427990829579,39.3162842684714],[-120.427727298682,39.3162852026363],[-120.42480812284,39.3162956078058],[-120.418472582546,39.316319363106],[-120.409126975615,39.3163555656357],[-120.399816199827,39.3163917720976],[-120.385820181957,39.3165096226123],[-120.381121983768,39.3165647306067],[-120.379703034317,39.3165796859911],[-120.357216222941,39.3166193154158],[-120.350045266462,39.3166073110586],[-120.349053099212,39.316607564855],[-120.348863484687,39.3166054373477],[-120.347734302138,39.3165931463465],[-120.34426036134,39.316559104265],[-120.337586945486,39.3164269186508],[-120.33425043142,39.3163700920618],[-120.333951712164,39.3163652884565],[-120.333077708475,39.3163513824543],[-120.32840512963,39.3162811910087],[-120.321347302305,39.3164295531683],[-120.321343590094,39.3164295818848],[-120.309872236383,39.3165649946726],[-120.300542925897,39.31652020707],[-120.292632992224,39.3165538921755],[-120.292457288142,39.3165525087205],[-120.292106013668,39.3165500168609],[-120.291930409821,39.3165488530097],[-120.29175484057,39.3165477452594],[-120.291579304801,39.3165466917919],[-120.291403838412,39.3165456949334],[-120.29122837072,39.31654475185],[-120.29105293714,39.3165438369313],[-120.290877574141,39.316542976838],[-120.29070220796,39.316542200224],[-120.290526877093,39.3165414499909],[-120.290351615603,39.3165407563683],[-120.290176388246,39.3165400900105],[-120.290001194828,39.3165395067742],[-120.289826001434,39.316538922375],[-120.289650876257,39.31653839457],[-120.289475787531,39.3165378940645],[-120.2893007311,39.3165374487275],[-120.289125125826,39.3165363905604],[-120.288948308872,39.3165327331689],[-120.288778471913,39.3165343409923],[-120.288614863425,39.3165414490276],[-120.288447172041,39.3165464104839],[-120.28809861047,39.3165472140485],[-120.287750038906,39.3165484281653],[-120.287575628961,39.3165490609463],[-120.287226777795,39.3165501324661],[-120.28687765637,39.3165506773345],[-120.286702769144,39.3165506152965],[-120.286341642777,39.3165636420712],[-120.28609302874,39.3165612899763],[-120.286006298762,39.3165573280783],[-120.285920362234,39.3165541741873],[-120.285689074573,39.3165269762775],[-120.285505154686,39.3165072275263],[-120.28525332856,39.3165119666438],[-120.285182272197,39.3165118593321],[-120.285083794624,39.3165097841243],[-120.284952276578,39.3165071145117],[-120.284927117557,39.3165066078037],[-120.28489263092,39.3165059102754],[-120.284890723145,39.3165058543746],[-120.284713762188,39.3165023533427],[-120.284678637858,39.3165016464007],[-120.284503690031,39.316498257458],[-120.284328773195,39.3164949777238],[-120.284153961032,39.3164917821512],[-120.283978757118,39.3164887184167],[-120.283800936692,39.316485697119],[-120.283623075149,39.3164828407235],[-120.283447474192,39.3164801271458],[-120.283271798536,39.3164775761822],[-120.283044132696,39.3164744267593],[-120.282886296592,39.3164724127465],[-120.282715629053,39.3164703461973],[-120.282535556686,39.3164683070959],[-120.282355550387,39.316466460591],[-120.282184694786,39.3164648301724],[-120.281833678574,39.3164619274431],[-120.281702897314,39.3164609669038],[-120.281447810337,39.3164573295961],[-120.28142194006,39.3164569774606],[-120.280838649295,39.3164485715812],[-120.27940769443,39.3164334370707],[-120.279212408675,39.3164318547126],[-120.279090642042,39.3164308878139],[-120.278914335942,39.316429557142],[-120.278738097417,39.3164283091858],[-120.278698473409,39.3164280558918],[-120.278561398395,39.3164271100468],[-120.278385123078,39.3164259439053],[-120.278209270784,39.3164248386829],[-120.278032817902,39.3164237243553],[-120.277856327743,39.3164226641712],[-120.277679696136,39.3164216016381],[-120.277503240111,39.3164205684524],[-120.277354321162,39.3164196936547],[-120.274197962032,39.3164934229259],[-120.273903476164,39.3164991011482],[-120.273610763281,39.3165045579333],[-120.273262317068,39.3165107022243],[-120.272923322339,39.316516379576],[-120.272481583026,39.3165166123095],[-120.272213857704,39.3165165855857],[-120.272138414637,39.3165165695343],[-120.271798504538,39.3165163270265],[-120.27113767332,39.316515569206],[-120.270765914819,39.3165150728329],[-120.270327014166,39.3165148997255],[-120.270020861994,39.3165147935172],[-120.269707639811,39.3165146648203],[-120.26939445175,39.3165145628185],[-120.2672044886,39.3165116095919],[-120.267168111625,39.3165115653662],[-120.26366032534,39.3165047254661],[-120.256392848627,39.3164756605023],[-120.256389137724,39.3164756331199],[-120.254624485337,39.3164661506298],[-120.254431485839,39.3164650556404],[-120.254438329352,39.3160496944272],[-120.250735827852,39.3160630958762],[-120.236224438091,39.316088558678],[-120.236097944694,39.3160886280801],[-120.226700721602,39.3161648970855],[-120.225139563554,39.3161778269708],[-120.225136133038,39.3161778578099],[-120.220902114539,39.316214542971],[-120.216489568991,39.316256235762],[-120.207658670118,39.3162908782181],[-120.205328826441,39.3162999055451],[-120.204611033449,39.3163026767417],[-120.20420895808,39.3163042217726],[-120.202421007735,39.3163111008297],[-120.202380594569,39.3163112627446],[-120.201508363354,39.3163146075258],[-120.201278174327,39.3163154892953],[-120.200965443813,39.3163166806163],[-120.199687671604,39.3163215730083],[-120.198684337812,39.3163253917819],[-120.197536176129,39.3163369388116],[-120.19562747443,39.316337515209],[-120.195181065936,39.3163376579329],[-120.194226785958,39.3163379256001],[-120.194085389491,39.3163379663938],[-120.193361720093,39.3163381614521],[-120.19314737431,39.3163360590405],[-120.192583114299,39.3163362121312],[-120.192229649157,39.3163363119338],[-120.192150598989,39.3163363390172],[-120.191876184037,39.316336409768],[-120.191522720421,39.3163364930428],[-120.19118693195,39.3163365872777],[-120.190974845901,39.316336644829],[-120.190477173967,39.3163367732801],[-120.190130073391,39.3163368552737],[-120.189826104395,39.3163369297578],[-120.18954064136,39.3163370024589],[-120.189255179508,39.3163370735809],[-120.188905215274,39.3163371481567],[-120.188781548768,39.3163371831451],[-120.188569462716,39.316337236336],[-120.18851970226,39.3163372478169],[-120.188271891565,39.3163373094499],[-120.188095830815,39.3163373431063],[-120.187818924374,39.316337406293],[-120.187694781345,39.3163374327505],[-120.187525437307,39.3163374723035],[-120.187473149382,39.3163374865239],[-120.187231967606,39.3163375387479],[-120.186913980182,39.3163376082632],[-120.186735444971,39.3163376564791],[-120.186701912678,39.3163376583561],[-120.186627033547,39.3163376778895],[-120.18638001856,39.3163377343356],[-120.186093707981,39.316337785486],[-120.185807397055,39.316337849445],[-120.185751256141,39.3163378571987],[-120.18563460696,39.316337887776],[-120.185521086152,39.3163379118027],[-120.185234793775,39.3163379746481],[-120.184948482848,39.3163380365052],[-120.184781791817,39.316338058292],[-120.184699081073,39.3163380793975],[-120.18466217229,39.3163380832516],[-120.184375879912,39.3163381439952],[-120.184054215332,39.3163382180392],[-120.184020117611,39.3163381959543],[-120.183842147035,39.3163382485205],[-120.183551948334,39.316338300658],[-120.183349336323,39.3163383401363],[-120.183225034101,39.3163383728934],[-120.182799465714,39.3163384496681],[-120.18230437451,39.3163385429005],[-120.181738541566,39.316338647177],[-120.181527073847,39.316338682797],[-120.181346876855,39.3163387095704],[-120.180584000409,39.3163388476161],[-120.180356041313,39.3163388859018],[-120.179464848817,39.3163390252302],[-120.174847954343,39.3163248604052],[-120.174452384071,39.3163221754895],[-120.174343653465,39.3163215219214],[-120.174234674484,39.3163209193353],[-120.173773514058,39.3163185814732],[-120.173445113658,39.3163172985617],[-120.173036885214,39.316316059094],[-120.172908242669,39.3163157247886],[-120.172773836569,39.3163154381628],[-120.172428696688,39.316314825234],[-120.172051381707,39.3163143391908],[-120.171675479074,39.3163139568953],[-120.171290526583,39.3163148878964],[-120.170881916607,39.3163187425902],[-120.170461922729,39.3163240107423],[-120.170042605088,39.3163290951572],[-120.169633824164,39.3163327779409],[-120.169283824339,39.3163341663573],[-120.169164716203,39.3163342249199],[-120.169049327213,39.3163340388453],[-120.168664451503,39.3163319963876],[-120.168321877294,39.3163292689832],[-120.168003252895,39.3163258993549],[-120.167764876593,39.3163185961878],[-120.167576039339,39.3163137434838],[-120.16747616709,39.3163123159113],[-120.167369420669,39.3163114950352],[-120.167003535466,39.3163119682418],[-120.166333754009,39.3163137198645],[-120.165633913256,39.3163157639194],[-120.163634782454,39.3163251786913],[-120.162853041413,39.3163307820618],[-120.161564517486,39.3163400320443],[-120.160964685827,39.3163450209192],[-120.160882544571,39.3163442241591],[-120.160747246682,39.3163428933902],[-120.16024008288,39.3163381030253],[-120.159578130153,39.3163351053442],[-120.158585956902,39.3163355564772],[-120.157694221697,39.3163360151626],[-120.154580696209,39.3163362873361],[-120.154580590703,39.3163362856717],[-120.153861902857,39.3163357104314],[-120.153181231233,39.316336033708],[-120.153103876903,39.3163360755978],[-120.152996331537,39.3163360804191],[-120.152586262675,39.3163361406552],[-120.152449726718,39.3163361538316],[-120.152011869298,39.3163362948233],[-120.151977770129,39.3163363192375],[-120.149679576813,39.3163361701433],[-120.148900682568,39.3163361779836],[-120.147512134882,39.3163361527365],[-120.147471388969,39.3163361525663],[-120.147232678334,39.3163376030393],[-120.147191878782,39.3163376577831],[-120.146371643794,39.3163388328857],[-120.146307014473,39.3163389214586],[-120.146034463837,39.3163393115619],[-120.146016874591,39.3163393346182],[-120.145686976658,39.316339804272],[-120.145674072429,39.3163398195538],[-120.14535976652,39.31634026065],[-120.145329113851,39.3163403098393],[-120.145007189325,39.3163407661442],[-120.144996741818,39.3163407788643],[-120.144665942653,39.3163412448623],[-120.144652703,39.3163412682262],[-120.144324502356,39.3163417195135],[-120.144307143809,39.3163417468734],[-120.143967806608,39.3163422124014],[-120.143960028707,39.3163421989118],[-120.143653155674,39.3163416541585],[-120.143635055033,39.3163416281968],[-120.143300572108,39.3163410290799],[-120.143290744793,39.3163410109472],[-120.142944259951,39.316340385191],[-120.142934148605,39.3163403616182],[-120.142588318033,39.3163397316799],[-120.142579709638,39.3163397184263],[-120.142295197204,39.3163392098178],[-120.142238775552,39.3163391102435],[-120.142028554666,39.3163387239663],[-120.142027988518,39.3163387284889],[-120.14195551359,39.3163393901087],[-120.139608486752,39.3163608966345],[-120.131997809105,39.3163851724451],[-120.131143944423,39.3163878598218],[-120.128552227561,39.3163851602335],[-120.126426533108,39.3163828928332],[-120.123679902821,39.3163785518441],[-120.122404220885,39.3163762214555],[-120.114182941088,39.3163608927054],[-120.112008777379,39.3163306278988],[-120.109500503693,39.3162956649617],[-120.104828430502,39.3162382445013],[-120.100462410298,39.316178522244],[-120.098587399304,39.316152837381],[-120.096515435238,39.3161243853099],[-120.086270565176,39.3159832610636],[-120.076994231369,39.3161354969435],[-120.072355146306,39.3162126837846],[-120.067910869906,39.3162838973761],[-120.067845966197,39.3162849399854],[-120.067823294902,39.3162853070301],[-120.063074207512,39.3163580845631],[-120.059713369287,39.3164050417037],[-120.058594423885,39.3164197051859],[-120.056395968606,39.3164470757466],[-120.056393352669,39.3164470872427],[-120.048960951519,39.3165292451889],[-120.039001930676,39.3165962842888],[-120.030392732436,39.3166157305969],[-120.017445106618,39.3164090601677],[-120.012609362336,39.3163710515467],[-120.00533475814,39.316363590418],[-120.005330177729,39.3158851357265]]]}}]}