{"type":"FeatureCollection","name":"California_School_District_Areas_2024-25","crs":{"type":"name","properties":{"name":"urn:ogc:def:crs:OGC:1.3:CRS84"}},"features":[{"type":"Feature","properties":{"OBJECTID":463,"Year":"2024-25","FedID":"0630750","CDCode":"3166894","CDSCode":"31668940000000","CountyName":"Placer","DistrictName":"Placer Union High","DistrictType":"High","GradeLow":"09","GradeHigh":"12","GradeLowCensus":"09","GradeHighCensus":"12","AssistStatus":"Differentiated, Year 2","CongressUS":"01,04","SenateCA":"01","AssemblyCA":"01,05,06","UpdateNotes":null,"EnrollTotal":3936,"EnrollCharter":114,"EnrollNonCharter":3822,"AAcount":23,"AApct":0.6,"AIcount":34,"AIpct":0.9,"AScount":59,"ASpct":1.5,"FIcount":24,"FIpct":0.6,"HIcount":728,"HIpct":18.5,"PIcount":6,"PIpct":0.2,"WHcount":2690,"WHpct":68.3,"MRcount":256,"MRpct":6.5,"NRcount":131,"NRpct":3.3,"ELcount":132,"ELpct":0.2,"FOScount":6,"FOSpct":0.4,"HOMcount":107,"HOMpct":2.7,"MIGcount":0,"MIGpct":0,"SWDcount":462,"SWDpct":11.7,"SEDcount":951,"SEDpct":24.2,"DistrctAreaSqMi":849.3148713430332,"Shape__Area":3696653418.5703125,"Shape__Length":442163.6546784539},"geometry":{"type":"Polygon","coordinates":[[[-121.23800516896,38.88143212434],[-121.238003168871,38.8816771243541],[-121.237999168192,38.8821371243962],[-121.237995168661,38.88278812447],[-121.237991169096,38.8835171246549],[-121.237989168739,38.8839781249343],[-121.237985168576,38.8844861252364],[-121.237978169584,38.8856811248283],[-121.237978168794,38.8860111248487],[-121.237978168656,38.8861551247192],[-121.237966169134,38.886520124685],[-121.237749168678,38.8865211253888],[-121.237100168973,38.8865231249639],[-121.236884168502,38.8865251252902],[-121.236195169383,38.8865271256103],[-121.235719168459,38.8865301256944],[-121.23413016838,38.886541125012],[-121.233442168519,38.8865471251523],[-121.233369168548,38.8844071253102],[-121.233422168379,38.8839031254897],[-121.23342216812,38.881825125001],[-121.233410168218,38.8803351252365],[-121.233420167038,38.8792731250662],[-121.233197167157,38.8792641247353],[-121.228764166744,38.8792731250608],[-121.228763166541,38.8790811252105],[-121.228759166437,38.8780701254254],[-121.22875416599,38.8772591250257],[-121.228747166667,38.8761261246558],[-121.228752165858,38.8756581245737],[-121.228564166815,38.8756741246856],[-121.214570164713,38.8757421259024],[-121.212875163416,38.8757841262581],[-121.212713164076,38.8758061263879],[-121.212261163744,38.8758071259559],[-121.210968164037,38.8758171260593],[-121.210137163043,38.8758321260246],[-121.210137162913,38.8759011260966],[-121.210132163573,38.8775261262916],[-121.210123164349,38.8791291265296],[-121.210120164544,38.8806321266173],[-121.210120164406,38.8810121265204],[-121.210120163896,38.8818621271581],[-121.210120164498,38.8830551271575],[-121.210051164683,38.883054126797],[-121.209529164032,38.8830501267738],[-121.20867816361,38.8830471271018],[-121.207508164213,38.8830461273662],[-121.205100163228,38.8830261277176],[-121.202763163325,38.8830131277405],[-121.200879163187,38.8830131280612],[-121.2008211633,38.8830231276992],[-121.200817162731,38.8831041279027],[-121.200702162738,38.8830651278421],[-121.198816162483,38.8831111280164],[-121.198720162428,38.8831591275928],[-121.198086162968,38.8831811275795],[-121.198083162534,38.8831361276093],[-121.197077162458,38.8831741283938],[-121.195845161875,38.8832011280598],[-121.195880162031,38.8852221282905],[-121.195955162883,38.8879911285651],[-121.196090163216,38.890567128245],[-121.19597816352,38.8905521285398],[-121.195945162513,38.8903861288909],[-121.195935162841,38.8902661284419],[-121.195929162867,38.890176128204],[-121.19592616344,38.8900801285203],[-121.19595016268,38.8897731285473],[-121.195952162642,38.8897201289415],[-121.195948162523,38.889670128778],[-121.195936163506,38.889625128996],[-121.195918163443,38.889590128831],[-121.195893162806,38.8895611287593],[-121.195855162538,38.8895341289354],[-121.195803163235,38.8895111285544],[-121.195761163237,38.8894981287801],[-121.195484162403,38.8894161287377],[-121.195416162929,38.8893891285832],[-121.195362162564,38.8893581289888],[-121.195314163403,38.8893211283367],[-121.195274163207,38.8892781285914],[-121.195244163188,38.8892321287998],[-121.195234162691,38.8892091283478],[-121.195201162841,38.889132128762],[-121.194903163237,38.8885681286155],[-121.195082162455,38.8884271283438],[-121.195131162763,38.8883801289538],[-121.195213162426,38.8883211289549],[-121.195243162274,38.8883001287078],[-121.195414163045,38.8881931285704],[-121.195492162298,38.8881361282957],[-121.195519162585,38.8881161283157],[-121.195601162786,38.8880561284111],[-121.195629162454,38.8880371281155],[-121.195692162177,38.8879911281494],[-121.195727162177,38.8879621283003],[-121.195758163181,38.8879271285502],[-121.195769162221,38.8879091285814],[-121.195786162273,38.8878851284567],[-121.195806162368,38.8878371282148],[-121.19581516298,38.8877861283565],[-121.195816162674,38.8876391285881],[-121.195813162297,38.8875411288162],[-121.195807162478,38.8874951280061],[-121.195794162221,38.8874521283697],[-121.195769162176,38.887414128856],[-121.195730162398,38.8873831286044],[-121.195720162378,38.8873781288775],[-121.195680162368,38.8873621285118],[-121.195536162937,38.8873291284242],[-121.195432162286,38.8873061281143],[-121.194940162155,38.8872001284207],[-121.194811162608,38.8871621285512],[-121.194638163106,38.8878211282291],[-121.192634162456,38.8874021283753],[-121.192655162219,38.8864461290006],[-121.191280161585,38.8864461283707],[-121.191344161728,38.8898301292356],[-121.191357162863,38.8905111286996],[-121.182574160653,38.8905431296045],[-121.182253161371,38.8905691300492],[-121.182303160942,38.8921151302398],[-121.182408161119,38.8949211301495],[-121.182514161908,38.8967571301672],[-121.18254516144,38.8978321299482],[-121.180318161196,38.8978541305308],[-121.180270162085,38.8980911302113],[-121.180195161528,38.8985001310023],[-121.180162161973,38.8987131305438],[-121.180133161604,38.8989931309974],[-121.18012816211,38.8990501301589],[-121.180116161563,38.8993281310528],[-121.18011716136,38.899466130976],[-121.180126161625,38.8996021304731],[-121.180172161629,38.8998341304314],[-121.18018016146,38.899872130881],[-121.18027916229,38.9000951308005],[-121.180355162166,38.9002661305937],[-121.180445162424,38.9004681308589],[-121.180512161739,38.9005851303172],[-121.180604162515,38.9006841310681],[-121.180649161627,38.9007401311512],[-121.180692162164,38.9007931310073],[-121.180786162362,38.9008681307591],[-121.180814162055,38.9008901308171],[-121.18089816239,38.9009561309421],[-121.180927161735,38.9009781302665],[-121.181056162376,38.9010781309697],[-121.181131162381,38.9011361303472],[-121.181222161935,38.9012201304881],[-121.18136016195,38.9013941311251],[-121.181386161818,38.9014351310521],[-121.181415161963,38.901481130623],[-121.181450162278,38.9015661307535],[-121.181452161845,38.9015841309478],[-121.181475162459,38.9017421305113],[-121.181470162194,38.9018621305327],[-121.181467162219,38.9019491310905],[-121.181437161898,38.9024191311856],[-121.18142816282,38.9025271311989],[-121.181399162305,38.9026471304418],[-121.181394162458,38.9026971304491],[-121.181384162732,38.9028171304776],[-121.181394162388,38.902897130569],[-121.181436162672,38.9029641304042],[-121.181341162898,38.9030221307884],[-121.181293161845,38.9030651307909],[-121.181178162649,38.9032001311787],[-121.181123162748,38.9032501308884],[-121.181056162004,38.9032971312196],[-121.180985162926,38.9033361309229],[-121.180911162514,38.9033691312894],[-121.180744162244,38.9034251309796],[-121.180650162775,38.903448130983],[-121.180234161853,38.9035151306461],[-121.180112162229,38.9035311309277],[-121.179775161944,38.9035951310239],[-121.179571162565,38.9036501311399],[-121.179485161957,38.9036841314873],[-121.179433162065,38.9037211311964],[-121.179294162159,38.9038011312542],[-121.179276161881,38.9038121308804],[-121.179209162053,38.9038691310838],[-121.179090162347,38.9039891313698],[-121.179035162404,38.9040521308579],[-121.178903162567,38.9042371310657],[-121.178882161873,38.9042601311127],[-121.178851162041,38.9042961307285],[-121.178814162542,38.9043241310757],[-121.178790162348,38.9043441315639],[-121.178721161847,38.9043981312734],[-121.178638161629,38.9044411310991],[-121.178547162274,38.9044821308184],[-121.178257161784,38.904604130881],[-121.177791162538,38.9048241313421],[-121.177766161499,38.9048371312362],[-121.177575162247,38.9049471317006],[-121.177392162199,38.9050661312752],[-121.177134161679,38.9052821315221],[-121.177010161976,38.9054101312037],[-121.176946162269,38.9054881313769],[-121.176888162214,38.9055681312301],[-121.176753162458,38.9057181311193],[-121.176669161681,38.9057831313777],[-121.176574161998,38.9058391314367],[-121.176284162242,38.9059801316356],[-121.176195161886,38.9060331311382],[-121.175954161492,38.9062121316233],[-121.175870161933,38.9062671313063],[-121.175783162439,38.906316131493],[-121.175695162357,38.9063591317455],[-121.175602161722,38.9063921316698],[-121.175504161718,38.9064151312428],[-121.175311161436,38.9064351311905],[-121.175124161881,38.9064711318946],[-121.175033162136,38.9065011320213],[-121.175006162114,38.906513131221],[-121.174859162105,38.9065831314806],[-121.174590161803,38.9067251313585],[-121.174398162088,38.9068111315879],[-121.174298162055,38.9068461316912],[-121.17419416213,38.9068681318037],[-121.174092161305,38.9068781321327],[-121.173974162038,38.9068801313083],[-121.173786161227,38.9068821320179],[-121.173489161522,38.9069031317693],[-121.173394161699,38.9069051316204],[-121.173301161752,38.9068971318916],[-121.173209162026,38.9068791314332],[-121.173017162125,38.90682213223],[-121.172939161464,38.9067801320441],[-121.172858161879,38.9067301321095],[-121.172773161993,38.9066701319976],[-121.172823161092,38.90713113217],[-121.172807161246,38.9074351314317],[-121.172696161113,38.907465131899],[-121.172601161376,38.907551131565],[-121.172572161958,38.9083291319948],[-121.172567161414,38.9086671318715],[-121.172758161827,38.9086711317083],[-121.172675162348,38.9107741318676],[-121.172533163207,38.9167161322743],[-121.172552162943,38.9172361330021],[-121.172603162619,38.9182271329984],[-121.172625162745,38.9189011331343],[-121.172625162709,38.9189881328258],[-121.172622163383,38.9196351326598],[-121.173479163643,38.9196281328816],[-121.180752164324,38.9196381318569],[-121.181936164722,38.9196341326446],[-121.181853165318,38.9236081323861],[-121.181845165043,38.9269701328988],[-121.184148165577,38.926986132541],[-121.186447166764,38.9269701325267],[-121.18648016625,38.9278181324665],[-121.186442166836,38.928243132789],[-121.186443166584,38.9340751327555],[-121.186361166844,38.9340701332586],[-121.186337167517,38.9341941333127],[-121.186330166901,38.9343371328672],[-121.186327167678,38.9344041333773],[-121.186313167019,38.9344791330935],[-121.186305166841,38.9345631332563],[-121.186315167464,38.9346591327917],[-121.186313166851,38.9347501332119],[-121.186332166709,38.9354201331774],[-121.186332167804,38.9354531333826],[-121.186336167351,38.9357191332226],[-121.18633216781,38.9358311332645],[-121.186339167273,38.936046133319],[-121.186363167242,38.9368651329292],[-121.186389167999,38.9374551333783],[-121.186398166999,38.937690133204],[-121.186396167627,38.9378131333956],[-121.186434168005,38.9389931336334],[-121.186450167594,38.9396171338582],[-121.186451167806,38.9396491337128],[-121.18644916827,38.9397191334549],[-121.186461168219,38.9399751338154],[-121.186453167524,38.9406411332765],[-121.186437168542,38.9410051336006],[-121.186511168337,38.9413931335242],[-121.186512168079,38.9416401337275],[-121.186526168581,38.9443341339681],[-121.186577168159,38.9452201338476],[-121.186457168708,38.945265133954],[-121.18635516805,38.9453101339301],[-121.186361169256,38.9524391342222],[-121.186295169942,38.9561621349263],[-121.186393170233,38.9561621352409],[-121.18640516985,38.9566621348921],[-121.186463169674,38.9578011354089],[-121.186534171081,38.9618791349503],[-121.186686171273,38.968026135885],[-121.186759172038,38.9709701356977],[-121.186477171278,38.9709761364229],[-121.186464172138,38.972337136634],[-121.186462172313,38.9755911366364],[-121.186438172599,38.9756471367692],[-121.186446172678,38.9761081369248],[-121.186475172992,38.9774931370298],[-121.186485172874,38.9780271368478],[-121.186539172931,38.9806601368414],[-121.186635173187,38.9853101372656],[-121.186928173459,38.9853141377163],[-121.186893174183,38.9931741377257],[-121.186811176611,39.0127181398706],[-121.186383176938,39.01287213993],[-121.186366177207,39.0128871396348],[-121.186127176722,39.013109139383],[-121.186090176512,39.0131451399207],[-121.184682176599,39.0146711397199],[-121.184588177287,39.0147761402802],[-121.184010177395,39.0154201397203],[-121.183400177337,39.0158871405491],[-121.18288917748,39.0163131402607],[-121.182484176684,39.0165841401573],[-121.18194117655,39.0169491403543],[-121.181354177047,39.017117140242],[-121.181269176862,39.0171441407355],[-121.181100176609,39.0172871402439],[-121.180931177019,39.0174741407245],[-121.180896177232,39.0175841407058],[-121.180903176327,39.0176601403069],[-121.180909176953,39.0178171407672],[-121.180847176414,39.0180981408538],[-121.180706176426,39.018448140513],[-121.180332176951,39.0189141402477],[-121.179812177348,39.0195241411582],[-121.17963417633,39.0197321403031],[-121.179398177317,39.0199561404697],[-121.179265176899,39.0200091406897],[-121.179042176337,39.0200271404089],[-121.178242176589,39.0200581411192],[-121.17783217678,39.020062141342],[-121.177409176057,39.0200011408586],[-121.176957176633,39.0197341412556],[-121.176426175875,39.0194761407331],[-121.176171176608,39.0193691414149],[-121.175629176774,39.0191821408937],[-121.175496176007,39.0191361407792],[-121.175060175906,39.0190591413282],[-121.174700175762,39.0189881406391],[-121.174355176148,39.0189071414486],[-121.174211176009,39.0188451413441],[-121.17396217621,39.0185211411139],[-121.173763176323,39.018410140997],[-121.173314175257,39.0184221412268],[-121.173127176125,39.0184271411431],[-121.172930176084,39.0184701412032],[-121.172637176115,39.0185331409508],[-121.172223175448,39.0187111410573],[-121.171689175739,39.0189141415222],[-121.171256175095,39.0190051411393],[-121.170700174996,39.0191591413558],[-121.170039175199,39.0194571413519],[-121.169546174858,39.0197101418121],[-121.169080175718,39.0199741412396],[-121.168467175528,39.0203111417617],[-121.168138175515,39.0205171412511],[-121.1679921747,39.0207811420132],[-121.167734175538,39.0211071418819],[-121.167423175424,39.0212761416139],[-121.166963175232,39.0215941418107],[-121.16661017517,39.0217321423324],[-121.166521175357,39.0217661415444],[-121.166270174761,39.0218001423722],[-121.165883175404,39.0217131415835],[-121.165601174731,39.0217351419433],[-121.165518174959,39.0217601416778],[-121.165138175333,39.0218801419661],[-121.164731174989,39.0220311418517],[-121.164213174249,39.0221911420311],[-121.16379117496,39.0223951418443],[-121.163565174964,39.0225331420228],[-121.163436174276,39.0226661419925],[-121.163372174917,39.0228611418535],[-121.163148175282,39.0231991426628],[-121.162937174869,39.0235371422567],[-121.162635174895,39.0239501420277],[-121.162342174885,39.0242321421216],[-121.161983175263,39.024433142852],[-121.161753174178,39.0244511424658],[-121.161517175159,39.0244471428899],[-121.161281174065,39.0244271426003],[-121.160725174251,39.0245481426568],[-121.160395174165,39.0246791430067],[-121.160091174243,39.0248911424668],[-121.159858174451,39.0250281424473],[-121.159613173909,39.025078142798],[-121.159029174395,39.0250691426879],[-121.158849174206,39.0250561424834],[-121.158408174176,39.0248911426555],[-121.158179174223,39.024893142806],[-121.157383174068,39.0251841429102],[-121.156788174215,39.0255821430655],[-121.156541173769,39.0260061435084],[-121.156399173788,39.0261341431547],[-121.156224174199,39.0261531434184],[-121.155628173559,39.0260951431461],[-121.15541317404,39.0260971429182],[-121.154845173557,39.0262881435146],[-121.154435173288,39.0263851428493],[-121.154074174295,39.0264011434428],[-121.153808174122,39.0264511429435],[-121.153234173429,39.0266101436829],[-121.15249917325,39.0267931437964],[-121.152309173384,39.0269041437727],[-121.152138173033,39.0270481430505],[-121.152049173572,39.0272691437113],[-121.151924174015,39.0275161434802],[-121.151555173779,39.0280591433693],[-121.151480173231,39.028171143401],[-121.151425173644,39.0284081438032],[-121.151417173804,39.0287221432604],[-121.151462174152,39.0291351437518],[-121.151583173563,39.0295441434436],[-121.151599174083,39.0297201438197],[-121.151605173423,39.0297831434676],[-121.151591173681,39.030048143478],[-121.151438173515,39.0303221434524],[-121.150967174033,39.0307701437704],[-121.150799173878,39.0309521439825],[-121.150766173781,39.0311471442344],[-121.150675174374,39.0314381442998],[-121.150475173957,39.0316621440952],[-121.150339173504,39.0320621436355],[-121.150154173551,39.0322321444751],[-121.149774174321,39.0324001442328],[-121.149339174081,39.0325661440354],[-121.148725173433,39.0326541445058],[-121.1481371739,39.0327861446558],[-121.147244173674,39.0329121441593],[-121.146515173972,39.0331721446785],[-121.146393173486,39.0331871442855],[-121.14605417345,39.0332301445582],[-121.145465172734,39.0334161446456],[-121.144847173806,39.0336661447124],[-121.144417173645,39.033887144204],[-121.143784173006,39.0341911446753],[-121.143078173349,39.0345921443807],[-121.142625172988,39.0348991450428],[-121.142188172696,39.0351311447944],[-121.141809172694,39.0352871446273],[-121.141435172736,39.0357591451225],[-121.14092017308,39.0363141455081],[-121.140006173315,39.0372211449166],[-121.13956717301,39.0375071448915],[-121.139455172716,39.03755014573],[-121.138935172318,39.0377471455003],[-121.138584172272,39.0378091454711],[-121.137992172637,39.03791614529],[-121.137410172694,39.0378631456806],[-121.136719171929,39.0377111453374],[-121.136172172702,39.0373341459582],[-121.136021171924,39.0372371452034],[-121.135253171858,39.0367461456644],[-121.135147171817,39.0366781454108],[-121.135044172178,39.036569145494],[-121.134478171489,39.0359691459017],[-121.134430172438,39.0359181457228],[-121.134390171608,39.0357181456448],[-121.134270171321,39.0351241452929],[-121.134119172238,39.0349401458328],[-121.133920171453,39.0346951454828],[-121.133391171833,39.0343811455441],[-121.132763171905,39.0342541456022],[-121.132138171186,39.0342441454903],[-121.131805171136,39.0342221457594],[-121.13144417153,39.0342001460065],[-121.130971170654,39.0342861461504],[-121.130764171488,39.0340701454845],[-121.130286170958,39.0337371455438],[-121.129947170911,39.033417145358],[-121.129646170515,39.0332281458251],[-121.129448170429,39.033189145876],[-121.129107171207,39.0331221455531],[-121.128372170364,39.0330561459326],[-121.127429169932,39.0329541456875],[-121.126759170804,39.0327931457379],[-121.126600169797,39.0327561460782],[-121.126074170269,39.0326671462685],[-121.125841170587,39.0326631459],[-121.1256171698,39.0326351461475],[-121.125333170221,39.0325871460564],[-121.125171169506,39.0324911462478],[-121.125112169943,39.0324561463101],[-121.124949170473,39.0321081456808],[-121.125000170044,39.0319451456438],[-121.125228170252,39.0317151458537],[-121.125573169741,39.0314911461792],[-121.125855170234,39.0313101461073],[-121.12607316997,39.0312061461816],[-121.126167170161,39.0311221456695],[-121.126308170121,39.0310431453736],[-121.126445169475,39.030883145916],[-121.126561170206,39.0306901459674],[-121.126698170208,39.0304801461486],[-121.126788170368,39.0302431460007],[-121.126797169818,39.0301431453951],[-121.126808170031,39.0300161457914],[-121.126687169973,39.0296071461013],[-121.126398169815,39.029201145782],[-121.126071169741,39.0290431460802],[-121.125832169716,39.0290021457333],[-121.125612169101,39.0289431461525],[-121.125452169602,39.0289411457468],[-121.125096169257,39.0290111460549],[-121.124872169846,39.0290761456084],[-121.124713169596,39.029060145825],[-121.124486169691,39.0289461456264],[-121.124253169593,39.0286931454443],[-121.123973168703,39.0283631454069],[-121.123828169177,39.0281531455593],[-121.123525168961,39.0278651461103],[-121.12343616955,39.0275661458848],[-121.123345168784,39.0269911455288],[-121.123380168379,39.026313146031],[-121.123353168692,39.0258351460392],[-121.123267168398,39.0254121459354],[-121.123292168846,39.0252741455676],[-121.123284168734,39.0251831454043],[-121.12320616919,39.0244361453716],[-121.122679168309,39.0241661458477],[-121.122573168322,39.0241561451754],[-121.122129167962,39.024149145909],[-121.121490168152,39.0241801455445],[-121.121294168325,39.024225145483],[-121.120966168409,39.0242271456034],[-121.12084416875,39.0241421458953],[-121.120675168695,39.0238351459313],[-121.120482168,39.0233961458895],[-121.120301168492,39.0229131458794],[-121.120163168224,39.0225471458637],[-121.119928168291,39.0220521456717],[-121.119510167141,39.0214501452511],[-121.119236168037,39.0211531452877],[-121.119070167914,39.0209731455754],[-121.118499167257,39.0204311458267],[-121.118081167682,39.0201121456059],[-121.117687166879,39.0199681454777],[-121.117036167022,39.0197501453841],[-121.116134166965,39.0191621455046],[-121.115426167162,39.0187771453507],[-121.115147166861,39.0186061456735],[-121.114786166064,39.0185101460235],[-121.114112165994,39.0184991453831],[-121.113513166487,39.0183511455591],[-121.11246016589,39.0179331460938],[-121.111863166493,39.0177301461738],[-121.111593166058,39.0177251457555],[-121.111193166284,39.0177601460442],[-121.110658165724,39.0178621455848],[-121.110042165596,39.0180251464445],[-121.109470165907,39.0181821457935],[-121.109097165626,39.018224146489],[-121.10889316615,39.0182141463029],[-121.108287165334,39.0179901457792],[-121.108154165184,39.0179041460208],[-121.10771216535,39.017621146575],[-121.107503165753,39.0172991465713],[-121.107109165387,39.0167811460147],[-121.106786164741,39.0166031464694],[-121.106616165383,39.0165211461581],[-121.106252164928,39.0163451463412],[-121.106114164694,39.0161911457258],[-121.106022165312,39.015961146477],[-121.106003165017,39.0155111463901],[-121.106001165219,39.0154491463388],[-121.105917165169,39.0147561456025],[-121.105924164511,39.0144861461358],[-121.105990164562,39.0140311463631],[-121.106005164422,39.0137891460264],[-121.105937164218,39.0133521460167],[-121.105863164595,39.0131211457761],[-121.105781164618,39.0128651454482],[-121.105509164543,39.0124321459558],[-121.10514516379,39.0121221454482],[-121.105061163733,39.0120921455266],[-121.104725164138,39.0119731458323],[-121.104260163779,39.0118551456944],[-121.104126164484,39.0118221459362],[-121.104027164048,39.0118071458439],[-121.103525163715,39.0117221461226],[-121.102797164422,39.0117311458727],[-121.10245416425,39.0117511463968],[-121.102394163456,39.0117541459084],[-121.102171163458,39.0117691462622],[-121.102011163269,39.01180114643],[-121.101876163188,39.011861145765],[-121.101588163651,39.0120151461202],[-121.101382163482,39.0121021464132],[-121.101258163923,39.0121071457339],[-121.100984163638,39.012068146068],[-121.10078916351,39.0120781461795],[-121.100600163421,39.0121861464842],[-121.100234163912,39.0122491462185],[-121.100020163393,39.012315146058],[-121.099678163567,39.0124891460253],[-121.099076162931,39.0127841460029],[-121.098638163582,39.0129431468481],[-121.097988163275,39.0130981466845],[-121.097937162766,39.0131111468135],[-121.097596163077,39.0132511467847],[-121.097303163355,39.013281146722],[-121.09697516287,39.0132891463697],[-121.096833163102,39.0132661470232],[-121.096685163622,39.0131671467069],[-121.096556162549,39.013019146229],[-121.096548163341,39.0130031461811],[-121.096514162658,39.0128051464873],[-121.096500163255,39.0127171470121],[-121.096452162532,39.0124301463958],[-121.09641716246,39.0122251463486],[-121.096413163425,39.0122141464161],[-121.09639416263,39.0121511467617],[-121.09637516301,39.0120881461957],[-121.096355162521,39.0120241468723],[-121.096393163356,39.0118551462821],[-121.096416162424,39.0116541465205],[-121.096381162717,39.0116261460771],[-121.096259162957,39.0115271461388],[-121.09596916229,39.0114331464069],[-121.095677162895,39.0114141461919],[-121.09533116269,39.0114221468389],[-121.09521016207,39.0114361469316],[-121.095029162941,39.011459146166],[-121.094671162482,39.0115911467285],[-121.094064162833,39.0118791464914],[-121.093445162945,39.0121661469062],[-121.092785162699,39.0123281469533],[-121.09246216218,39.0124611469578],[-121.092120162507,39.0126561473443],[-121.091767161784,39.0129001471787],[-121.091484161818,39.0131991473534],[-121.09110316279,39.0135321469896],[-121.090931162469,39.0136981468526],[-121.090666162557,39.0139541467081],[-121.090285162093,39.0142721470118],[-121.089994162602,39.0143781473109],[-121.089744161611,39.0144371475675],[-121.089533162386,39.0144391476291],[-121.089514161598,39.0144401471981],[-121.089331162274,39.0142911473524],[-121.089204161452,39.0137711470311],[-121.088810162356,39.0135541473337],[-121.088705161982,39.0134971475262],[-121.088566161685,39.0134211474049],[-121.0881071615,39.0133311469039],[-121.087454161849,39.0132091473729],[-121.086945161772,39.0130281477825],[-121.086619161945,39.0129471475756],[-121.08632216127,39.0127831477104],[-121.085840161639,39.0124221473163],[-121.08548316124,39.0120851469804],[-121.085243160677,39.0118591476866],[-121.084702161431,39.011207146956],[-121.084661161284,39.0111611477635],[-121.084212160246,39.0106591474646],[-121.084028161131,39.0105661472809],[-121.083753160354,39.0105231471452],[-121.083428160946,39.0104731472103],[-121.083014161122,39.0103691470181],[-121.082375160267,39.0100681470849],[-121.081597159785,39.009820147651],[-121.081092159833,39.0098121475761],[-121.080942159912,39.0097681476065],[-121.080820160418,39.0097041477318],[-121.080743160332,39.0095851475099],[-121.080684159533,39.0093401476985],[-121.080655159994,39.0092171475644],[-121.080542160072,39.0084821471603],[-121.080533160277,39.0081961476445],[-121.080528160074,39.0080391475941],[-121.080580159657,39.0077291476741],[-121.080621159344,39.0076081476115],[-121.080696159681,39.00739214773],[-121.0806831598,39.0072121472679],[-121.080643159846,39.0070721470852],[-121.080355160101,39.0068671473583],[-121.079758160062,39.0068231477168],[-121.079471159346,39.0068661471664],[-121.079224159487,39.0069041476832],[-121.079002159858,39.0069211474305],[-121.078881159853,39.0068851472475],[-121.078756159779,39.0068481476215],[-121.077939158892,39.0065651471293],[-121.077781158823,39.0064951473803],[-121.077142159251,39.006212147209],[-121.076456159271,39.005994147654],[-121.075839158728,39.0060181477646],[-121.075465158536,39.0060881476262],[-121.075161158325,39.0061871475577],[-121.074844158553,39.0064301480844],[-121.074719158418,39.0064841478365],[-121.074490158556,39.0064921474815],[-121.074470158647,39.0064931481332],[-121.074293158133,39.0064841478693],[-121.073906158902,39.0063801480431],[-121.073495158276,39.0061731476913],[-121.073400158036,39.006121147781],[-121.073305158597,39.0060701474541],[-121.073021158636,39.0059171480425],[-121.072927158417,39.0058661476233],[-121.07282215833,39.0058091479808],[-121.071799158383,39.0054531480683],[-121.071473158201,39.0053861482449],[-121.071417158188,39.0053831479436],[-121.071171157852,39.0053741482149],[-121.070754157689,39.0054151481736],[-121.070398157393,39.0054371478882],[-121.069445157389,39.0052971481699],[-121.068801157613,39.0051821484466],[-121.068624157333,39.0051651480872],[-121.068408157218,39.0052731485614],[-121.068280157786,39.005305148425],[-121.068230157444,39.0053181480019],[-121.067920157722,39.0053131483262],[-121.06755915696,39.0053761481075],[-121.067279157186,39.0055651483539],[-121.067007157971,39.0057891478947],[-121.066855156901,39.0058481485393],[-121.066702157471,39.0059081484011],[-121.066494157147,39.0060781479893],[-121.066097157544,39.0063131484839],[-121.065881157795,39.0064481488148],[-121.065702157885,39.0064941484568],[-121.065449156834,39.0065381480687],[-121.065381157203,39.0065501486065],[-121.065228157731,39.0066311484994],[-121.065029157477,39.0067801486522],[-121.064683157803,39.0074521490552],[-121.064648156891,39.0075171487072],[-121.064612157213,39.0075821489826],[-121.063573157875,39.0086571488189],[-121.063403156962,39.0088251485218],[-121.063201157767,39.008963148628],[-121.062888157516,39.0090821490982],[-121.062501157574,39.0092631489391],[-121.062395156699,39.0093081487296],[-121.062232157576,39.0093761491977],[-121.062177156666,39.0094651489183],[-121.062192156849,39.0095481493272],[-121.062240157416,39.0097421492652],[-121.062121157697,39.0098461486863],[-121.061945157727,39.0100041489767],[-121.061666156715,39.0101381489122],[-121.061438156719,39.0102131492664],[-121.061053156776,39.0102101486994],[-121.060055156572,39.0101501492522],[-121.059849156424,39.0101381491894],[-121.059473156784,39.010022149383],[-121.059352156905,39.0099981491362],[-121.05910015693,39.0099471489787],[-121.058768156448,39.0098801491498],[-121.05834215626,39.0098121495029],[-121.058257156345,39.0097991492536],[-121.058089157107,39.009772149532],[-121.057110156313,39.0100681491937],[-121.05667715669,39.0102001494285],[-121.055552155691,39.0102421492232],[-121.054062156504,39.0103061493754],[-121.053882155858,39.010314149487],[-121.05363215602,39.0103251501285],[-121.053044156433,39.0103911499269],[-121.052943155425,39.0104261501906],[-121.052188155386,39.0106911499222],[-121.051617155384,39.0110971498896],[-121.050351155804,39.0120011498253],[-121.050108156192,39.0121731498296],[-121.049392155908,39.0126801504644],[-121.049110155716,39.0127661500562],[-121.048633154989,39.0129101500766],[-121.048156155079,39.0130551505746],[-121.048082155031,39.0130771500706],[-121.048042155502,39.0130821506464],[-121.047362155168,39.0131621502851],[-121.046709154783,39.0132401505137],[-121.045759155419,39.0132571502166],[-121.045202155345,39.0132671508889],[-121.044057155381,39.0133791506277],[-121.043710154502,39.0134141506173],[-121.043633154963,39.0134221508471],[-121.043348154992,39.0134741508592],[-121.041621154804,39.0137961511044],[-121.041283154349,39.0140021505486],[-121.040222154868,39.0146501511668],[-121.039820153894,39.0148951508319],[-121.039161154219,39.0152981515432],[-121.038171154129,39.0159031513423],[-121.038072154138,39.0159641511599],[-121.037339154654,39.0167391510654],[-121.03703015386,39.0175551516935],[-121.037042154453,39.0176601517231],[-121.037053153912,39.0177651512814],[-121.037135154725,39.0185261517826],[-121.037630154695,39.0196381519017],[-121.037783155072,39.0202371520576],[-121.037719154315,39.0207191517092],[-121.037707154929,39.0208101522193],[-121.037459154798,39.0210071522232],[-121.035521155029,39.0225351524895],[-121.033394154691,39.025169152168],[-121.033212154302,39.0253941528992],[-121.03259015508,39.0263951530742],[-121.031082155193,39.0279541529562],[-121.030823154774,39.02944815345],[-121.030106154547,39.0303711528872],[-121.029998155252,39.0308011531208],[-121.029960154297,39.030965153313],[-121.029924155329,39.0310141533602],[-121.029924154885,39.03103615322],[-121.02991015492,39.0312441535745],[-121.029557155121,39.0322311536414],[-121.029470154859,39.0325811531145],[-121.029519155086,39.03271915377],[-121.029517155322,39.0328291538181],[-121.02945215478,39.0329801533899],[-121.029422154963,39.0331371539337],[-121.029478155414,39.0338121533835],[-121.02967415542,39.0347101536459],[-121.029686155851,39.0349921537536],[-121.029878155092,39.0354831539137],[-121.030016155996,39.0359871534857],[-121.030105155886,39.0363381537723],[-121.030108156151,39.0364381537172],[-121.030111155689,39.0364901533976],[-121.030046156007,39.0366341539868],[-121.030044155646,39.0367161536004],[-121.030113156076,39.0367791540087],[-121.030322155333,39.0369321536521],[-121.030460156168,39.0370721539934],[-121.03040415558,39.0372161533784],[-121.030139156158,39.0374261534111],[-121.029967155275,39.0376091540165],[-121.029821156267,39.0378081542616],[-121.029589156069,39.0379841535916],[-121.029319155199,39.038214154205],[-121.029023155926,39.0384321537249],[-121.028694155338,39.038524154351],[-121.028356155146,39.0386031542661],[-121.027765155649,39.0386651544333],[-121.027552155846,39.0386901538827],[-121.027171155304,39.0387961541715],[-121.026966155258,39.0388281539169],[-121.026693155566,39.0388181544756],[-121.026446155147,39.0388021542356],[-121.025761155237,39.0386971541517],[-121.025408154683,39.0386661538378],[-121.024609154896,39.0387251542969],[-121.023403154808,39.0389871542108],[-121.022006154739,39.0390951542334],[-121.021789154079,39.0391701542614],[-121.021739155119,39.039188154574],[-121.021433154539,39.0394461548267],[-121.021395154462,39.0395701542281],[-121.02133515451,39.03995415467],[-121.021332154458,39.0408081551411],[-121.021318154772,39.0414611544176],[-121.021096154659,39.0423531552549],[-121.020940155076,39.0430191553965],[-121.020749155018,39.0447481555521],[-121.020603154772,39.045351154865],[-121.020417155038,39.0457481556261],[-121.020171155113,39.0461031549344],[-121.01980115513,39.0464571553594],[-121.019291154878,39.0467741556782],[-121.018847155635,39.0469001552899],[-121.018328155205,39.0470391558365],[-121.017945155368,39.0471791551431],[-121.017661155092,39.0472581554948],[-121.017210154665,39.047301155726],[-121.01647915455,39.0473261558255],[-121.016430154588,39.0473481560038],[-121.015610155136,39.0474021557324],[-121.015021154208,39.0474291559669],[-121.014942154336,39.0474411558809],[-121.014556154426,39.0475041561465],[-121.01449015402,39.047515155839],[-121.01389715479,39.0476911555251],[-121.013103154951,39.0480671560584],[-121.01280515411,39.0482731557318],[-121.012535154414,39.0486611563249],[-121.012438154524,39.048977156414],[-121.012415154728,39.0491771566145],[-121.012462154852,39.0493851565884],[-121.012922154589,39.0502411563911],[-121.013131154468,39.0506311561405],[-121.013171155106,39.0507771562453],[-121.013200155005,39.050984156701],[-121.013259154534,39.0511031561628],[-121.013560154559,39.0514181563786],[-121.013642154552,39.0516611558548],[-121.013573155434,39.0518951563367],[-121.013335154787,39.0521661563016],[-121.012975155458,39.0524091560785],[-121.012537154651,39.0525461565073],[-121.011896155295,39.0525151568816],[-121.011438154862,39.0524721561791],[-121.011166154392,39.0523641561431],[-121.011028154953,39.0522241566097],[-121.010817154938,39.0518611563068],[-121.010663154713,39.0516861566434],[-121.010418154552,39.051578156923],[-121.01013615451,39.0515321569253],[-121.009871154779,39.0515281563685],[-121.009060154393,39.0517141566074],[-121.008792153929,39.0518131564094],[-121.008541154645,39.0519471563886],[-121.008316153625,39.0520601563889],[-121.008198154533,39.052168156917],[-121.008120154373,39.0524291568248],[-121.008099154498,39.052672157196],[-121.008081154357,39.0528841564397],[-121.008091154381,39.0533121564548],[-121.008119153956,39.0535541568031],[-121.008210154647,39.0537901571203],[-121.008361154524,39.0541031567099],[-121.008375154525,39.0541421567615],[-121.008410154649,39.0542421565163],[-121.00840515455,39.0544151565169],[-121.008299154626,39.0550271565404],[-121.008299154832,39.0553371567633],[-121.008309154696,39.0557791570872],[-121.008276155244,39.0563101575233],[-121.008217154637,39.0568611569716],[-121.008137154908,39.057163156861],[-121.007990154636,39.0573541568691],[-121.007347155162,39.0577361576995],[-121.00716515504,39.0578991573206],[-121.007009154763,39.0581531568955],[-121.006998154837,39.058172157004],[-121.006875154763,39.0584801576704],[-121.00685515519,39.0588661574231],[-121.006938154903,39.0593781578246],[-121.00701615493,39.0596351575686],[-121.007088154476,39.0598711579264],[-121.007109155166,39.0603751577381],[-121.007134155544,39.0607271578407],[-121.007118155651,39.0609891571436],[-121.007085155369,39.0612231575822],[-121.006912155165,39.0614001572267],[-121.006647155255,39.06149515766],[-121.006545155397,39.0615321575341],[-121.005895154829,39.0617001577469],[-121.005215154676,39.0617921575781],[-121.004663154454,39.061920157611],[-121.004182154732,39.0619951578787],[-121.003889155281,39.0620521577887],[-121.00364715474,39.0621651579315],[-121.003315154679,39.0623111580341],[-121.002897154611,39.062690158407],[-121.002866154477,39.0627301584401],[-121.002732155088,39.0629081584266],[-121.002582154856,39.0632101578249],[-121.002480155218,39.0636701581541],[-121.00255815482,39.0641891579194],[-121.002612155242,39.064473157853],[-121.002837155224,39.0649871583597],[-121.003055155096,39.065426158602],[-121.003362154543,39.0658311585867],[-121.003392155115,39.0660181579023],[-121.003273155011,39.0664851585063],[-121.003113155625,39.0668001587394],[-121.002900155485,39.0671551581524],[-121.002832154755,39.0673401584384],[-121.002747155562,39.0675391581448],[-121.002539155571,39.067694158899],[-121.002325155253,39.0677731585218],[-121.001862155602,39.067862158884],[-121.001418155224,39.0679161584697],[-121.001067155194,39.0679361585882],[-121.000450155428,39.0679041589783],[-120.99974515432,39.0678681586309],[-120.999343154963,39.0679171586817],[-120.999019154457,39.0679921584847],[-120.998428154597,39.0681321588307],[-120.9973711546,39.0680611586146],[-120.997145154538,39.0681211589588],[-120.996955154206,39.0682201586494],[-120.996695154909,39.0684461593665],[-120.996512154381,39.0686711593415],[-120.996413154133,39.0689781594289],[-120.996407154036,39.0693301594458],[-120.996421154296,39.069456159035],[-120.996499154499,39.0696261592901],[-120.996633154837,39.0698131595501],[-120.996922154168,39.0700271592869],[-120.997066155155,39.0700831592121],[-120.997358154772,39.0701921592127],[-120.997767154659,39.0702901591029],[-120.997894154496,39.070351158845],[-120.998042154723,39.0704881590449],[-120.998149154578,39.0706731590102],[-120.99817615495,39.0707181591418],[-120.998345155428,39.0711851586711],[-120.998445154877,39.0715341593266],[-120.998557154611,39.0719211591864],[-120.998572155428,39.0720531593553],[-120.998551155639,39.0721191589657],[-120.998438154672,39.0722501588155],[-120.998220154595,39.0723931588822],[-120.996734154809,39.0731411592317],[-120.996700154579,39.0731541595176],[-120.995853155365,39.0734941593786],[-120.995556155282,39.0736121593323],[-120.994667155155,39.0739671597897],[-120.994536154619,39.0740201597347],[-120.99437715496,39.0740981594472],[-120.993938154211,39.0743121598815],[-120.99329715472,39.0744931598597],[-120.992931154548,39.0746531595317],[-120.992565154245,39.0749441600633],[-120.992163154232,39.075411160187],[-120.991896154999,39.0756631599828],[-120.991790154415,39.0758171604379],[-120.991706154142,39.0760201604447],[-120.99161515503,39.076454160248],[-120.99161415509,39.0764681602873],[-120.99160115514,39.076883159803],[-120.991671154285,39.0770971605761],[-120.991714154641,39.0771521602398],[-120.991911154625,39.0773111602785],[-120.99215815446,39.077448160553],[-120.992433154732,39.0775361604544],[-120.992961154414,39.0776621601953],[-120.994060155675,39.077996160187],[-120.994540155117,39.078232160224],[-120.994878154847,39.0784631600159],[-120.995054155994,39.0786161601652],[-120.995499155132,39.0791321601459],[-120.995682155499,39.0793681603527],[-120.99585815539,39.0796481602568],[-120.996091155643,39.0801861598381],[-120.996127155624,39.0803731596262],[-120.996099156274,39.0806481602947],[-120.996000156352,39.080845160385],[-120.99586615599,39.0810051602877],[-120.995669155431,39.0811371598432],[-120.995556155978,39.081175159963],[-120.995275155608,39.0812361602123],[-120.994401155184,39.0813401606733],[-120.994155155571,39.0813841598938],[-120.99395015552,39.0814561600446],[-120.993450155306,39.0816811605701],[-120.993246155687,39.0817421602873],[-120.992950155733,39.0817751603199],[-120.991950155803,39.0818191608973],[-120.991592155734,39.0818781606953],[-120.991421155154,39.0819071609904],[-120.991041154857,39.082039160918],[-120.990914154663,39.0821601603702],[-120.990802154874,39.0825501607462],[-120.990647155001,39.0827701606662],[-120.990210154876,39.0830941604412],[-120.990027155401,39.0833081603722],[-120.989816155646,39.0836651609554],[-120.989239154765,39.0841211612591],[-120.988964154661,39.0845001607263],[-120.988893155276,39.0846741611705],[-120.98888015473,39.0847091610018],[-120.988628155292,39.0851711609498],[-120.988556154709,39.0853451612513],[-120.988464155771,39.0855661611471],[-120.988486154922,39.0856151606617],[-120.988507155399,39.0858681610075],[-120.988683154933,39.0861921614923],[-120.988740155574,39.086461160872],[-120.988719155922,39.0868511614465],[-120.988543155159,39.0875921612288],[-120.988514155738,39.087754161414],[-120.988452155166,39.0881141612265],[-120.988502155307,39.0888711611572],[-120.988460156195,39.0893271611251],[-120.988383155658,39.0897281617646],[-120.988312156218,39.0899371618946],[-120.987989155571,39.0905021616349],[-120.987749155323,39.0910901612159],[-120.987616155797,39.0916941615253],[-120.987602155425,39.0922101615587],[-120.987694155687,39.0929191618284],[-120.987694155991,39.0932101618893],[-120.987631156437,39.0938631614694],[-120.987674156828,39.0943631614656],[-120.987752156097,39.0948301619534],[-120.987741156182,39.0950841621945],[-120.987738156787,39.095176162068],[-120.987548156056,39.0957741616094],[-120.987238156572,39.0963621621356],[-120.987112156162,39.0966591621898],[-120.98711215615,39.096939162507],[-120.98724615654,39.0973231620544],[-120.987262156168,39.0974361617469],[-120.987288156571,39.0976141617718],[-120.987253156398,39.0977181624074],[-120.987035156999,39.0979491622873],[-120.986972157056,39.0980531618432],[-120.986922157034,39.0981691621704],[-120.986866156448,39.0984211621474],[-120.986893156127,39.0985621622191],[-120.986916156723,39.0986741623485],[-120.98700015683,39.0988661619985],[-120.9871491573,39.0990581627093],[-120.987558156417,39.0993661622363],[-120.987861156435,39.0995251623943],[-120.988051156727,39.0996731622129],[-120.988220157306,39.0998481624326],[-120.988340156895,39.1001011627146],[-120.988354157015,39.1001721620349],[-120.988298157732,39.1004911626568],[-120.9882071568,39.1007931625108],[-120.988087157765,39.1008971621502],[-120.987918157242,39.1009801621079],[-120.987432157412,39.1011281624027],[-120.987412157484,39.1011361625877],[-120.987213157257,39.1012221623942],[-120.987023157258,39.1013761622871],[-120.986741157321,39.1016501625779],[-120.986551157006,39.1018971624333],[-120.986520156979,39.1019831623523],[-120.9863611571,39.1022391629761],[-120.986357157572,39.1022931622948],[-120.986337156903,39.1026581626153],[-120.98653315698,39.1033331629222],[-120.986549157457,39.1033851630596],[-120.986757157539,39.103599162781],[-120.986763157662,39.1036151623392],[-120.986777157513,39.1036341628172],[-120.986795156797,39.1036381625923],[-120.986806156981,39.1036541630794],[-120.987011157967,39.1040391631777],[-120.987349157071,39.1045381629983],[-120.987383157954,39.1046011623672],[-120.987695157262,39.1051751632402],[-120.988027158255,39.1057021626829],[-120.988140157842,39.1059441627469],[-120.988168157461,39.1061081630534],[-120.988147157576,39.1062021627986],[-120.988105157516,39.106268163216],[-120.987900158292,39.1064271631927],[-120.987788157531,39.1065751625419],[-120.987689158333,39.1068341633699],[-120.987703157599,39.1069651632713],[-120.987767158411,39.1071081629928],[-120.987929158398,39.1073721628067],[-120.988004157531,39.1075431627487],[-120.988035157956,39.1076131625716],[-120.988205158211,39.1081681629272],[-120.988240158728,39.1082611627851],[-120.988296158669,39.1083321630311],[-120.988346158319,39.1084151631816],[-120.988381157859,39.1085301634165],[-120.988389158775,39.1085971633462],[-120.988677158312,39.1087531633935],[-120.988911158069,39.1088801633171],[-120.98909415798,39.1089381631403],[-120.989473158975,39.1093051625623],[-120.989709159021,39.1095341627928],[-120.989706158162,39.1098141628504],[-120.989706158201,39.1099471632207],[-120.989703158958,39.1103591631107],[-120.989707158957,39.1105081630103],[-120.989699158658,39.1106501634802],[-120.989690158488,39.1108191628534],[-120.989697159219,39.1109371632745],[-120.98963715913,39.1109961631874],[-120.989459159208,39.111174163312],[-120.989400158377,39.111234162794],[-120.989159158307,39.1115381632707],[-120.989079159246,39.1115831629607],[-120.988730158879,39.1117821628355],[-120.988152158582,39.1117421635122],[-120.988071159029,39.1117071628809],[-120.987989158291,39.1116721631091],[-120.987908158904,39.1116371632702],[-120.987732158687,39.111560162911],[-120.987690158023,39.1115421630767],[-120.987616158252,39.1115101630253],[-120.987577158663,39.1114931637372],[-120.9874471585,39.1113291637099],[-120.987384157958,39.1112501636337],[-120.987313158129,39.1111611629827],[-120.987176158662,39.1111391629924],[-120.986871157957,39.1110901630117],[-120.986543157857,39.1110381629842],[-120.9862051587,39.1109831637779],[-120.985867158372,39.1109291633412],[-120.985808157894,39.1109201634408],[-120.985230157565,39.1107301633416],[-120.984697157488,39.1105561638971],[-120.984605158317,39.1105261636893],[-120.984445158332,39.1104741630444],[-120.98432815815,39.1104981633004],[-120.984235157814,39.1105181635553],[-120.98397715723,39.1105721636777],[-120.983614157385,39.110649163509],[-120.983229157723,39.1107941638553],[-120.982985157361,39.1109081636464],[-120.982800157318,39.110900163388],[-120.982248157219,39.1108771634545],[-120.982100157799,39.110871164048],[-120.982069157759,39.1108531636927],[-120.98138015724,39.1104541635075],[-120.981201157182,39.1103511635196],[-120.980356156615,39.1101781640243],[-120.979328156966,39.1104071641447],[-120.979154156855,39.1106031635019],[-120.979011157062,39.1107661642247],[-120.978753156731,39.1112831639848],[-120.978711157633,39.1113651643527],[-120.978622156899,39.1115451642557],[-120.97854515761,39.1115561641149],[-120.978454156567,39.1115711643462],[-120.978422157306,39.1115941638102],[-120.978328156806,39.1116621644355],[-120.978297156963,39.1116861636392],[-120.978022157484,39.1117741644946],[-120.977993156664,39.1117961644047],[-120.977824156962,39.1118401642766],[-120.977528156509,39.1119331643792],[-120.977282156442,39.1120651640775],[-120.977113157137,39.1122021639221],[-120.976908156421,39.112532164656],[-120.976793156749,39.1130981641858],[-120.976775156833,39.1131851645249],[-120.976683157262,39.1133881647111],[-120.976465156878,39.1135421639257],[-120.976197157322,39.1136141644375],[-120.975866157382,39.1137791646762],[-120.975739156607,39.1138661641583],[-120.97559815655,39.1140531645725],[-120.975570157264,39.1141361640889],[-120.975584157154,39.1144321642221],[-120.975796156847,39.1150631643989],[-120.975803156666,39.115261164412],[-120.975740156984,39.115508164997],[-120.975571157279,39.1159041650059],[-120.975465157453,39.1160581646151],[-120.975285157017,39.1162471647488],[-120.975127157238,39.1164151643522],[-120.974859157174,39.1165191646743],[-120.974337156579,39.1165191651542],[-120.974253156595,39.1165741650817],[-120.974161156646,39.1167111649439],[-120.974119157154,39.1168211651332],[-120.974010157349,39.1175311650973],[-120.973964156679,39.1178311649677],[-120.973915157093,39.1188291654299],[-120.973852157094,39.1189771650707],[-120.973621157313,39.1192891652308],[-120.97347315709,39.119597165167],[-120.97337415778,39.1196961654742],[-120.973184156848,39.1198111652584],[-120.972945157088,39.1198721654321],[-120.972508157155,39.1199381650727],[-120.972135157216,39.1200371648578],[-120.971861157517,39.1200531649935],[-120.971227156872,39.1200311656336],[-120.970918157444,39.1201081653927],[-120.970566157332,39.120295165093],[-120.970228156957,39.1206521650047],[-120.970116156648,39.1207451653356],[-120.968743156917,39.1215851657039],[-120.96822315687,39.1219531659698],[-120.967997157301,39.1221401658322],[-120.967899156563,39.1222761658605],[-120.967618156247,39.1229191659718],[-120.967519156251,39.1233021656494],[-120.967505156308,39.123467165994],[-120.96754815711,39.1237581661441],[-120.967759156705,39.12447516577],[-120.96776615744,39.1245851657539],[-120.967845157604,39.1248931657837],[-120.967662157457,39.1251911662707],[-120.967479157059,39.1253691661832],[-120.967311157239,39.1255481662449],[-120.967213157437,39.1257161660013],[-120.967106156731,39.1259791658229],[-120.96706015706,39.1261651661322],[-120.967053157211,39.1262871664856],[-120.96703815672,39.1264021658148],[-120.967030157617,39.126512166054],[-120.966991157284,39.1266801658519],[-120.96687015753,39.1268251666488],[-120.966680156965,39.1270301659116],[-120.96645115739,39.1272251664756],[-120.966292157272,39.1274041658954],[-120.966223157613,39.1275261660585],[-120.966155157123,39.1278391668048],[-120.966093156748,39.1279331667734],[-120.965774157154,39.1282121667592],[-120.965584157298,39.1283491661292],[-120.965370157163,39.1284401666527],[-120.965111157347,39.1285281665113],[-120.964753157481,39.1285931666622],[-120.964334156677,39.1286281667131],[-120.964021157495,39.1286471666666],[-120.963656157399,39.1286891665095],[-120.963374156678,39.1287381663513],[-120.962848156462,39.1288871662734],[-120.962566156244,39.1289591671463],[-120.962185156191,39.1291081672295],[-120.961758156936,39.1292681664182],[-120.96138515718,39.1294711672997],[-120.961088156634,39.1296651667176],[-120.960639156614,39.1300051672721],[-120.960463156922,39.1301571671241],[-120.960273156844,39.1303431667334],[-120.959885156987,39.1307361667679],[-120.959214156604,39.1312821671875],[-120.95919015696,39.1312951674881],[-120.958977156299,39.1314661669462],[-120.957911156045,39.1323241674353],[-120.957385155969,39.1326011670314],[-120.955771155822,39.132726167629],[-120.955450155664,39.1328881675121],[-120.954078155816,39.1341551680918],[-120.953961155749,39.1341561676247],[-120.95378115607,39.1341021678539],[-120.953558156581,39.1348711675872],[-120.953546155927,39.1349041677224],[-120.953339156656,39.1353841682377],[-120.953274156226,39.1354931681078],[-120.953198156036,39.135582168153],[-120.953147156049,39.1356761683835],[-120.953040156625,39.1357461679112],[-120.95287815596,39.1358221677214],[-120.952796156045,39.1358651679928],[-120.952500156657,39.1361991684954],[-120.952158155915,39.1366881682999],[-120.952023155913,39.1367551686235],[-120.95172915587,39.1369021685626],[-120.951434156521,39.1370491683874],[-120.951313155785,39.1369971684516],[-120.951055155385,39.1368781679029],[-120.950075155456,39.1364461686377],[-120.949537155376,39.1369691688237],[-120.949064155639,39.1375871686735],[-120.949295156397,39.1384321681624],[-120.949476155424,39.1390921687852],[-120.948183156295,39.1406481685108],[-120.948030155674,39.1412871692846],[-120.948145156005,39.1423991691359],[-120.947503156647,39.1434001691308],[-120.946168155762,39.1443751697409],[-120.9459301567,39.1445681693833],[-120.945776156088,39.1446921698161],[-120.944906156327,39.1453991697576],[-120.944340156037,39.1455021693295],[-120.943977156163,39.1453511692085],[-120.943473156011,39.1451411692795],[-120.942040155834,39.1448191694547],[-120.940540154902,39.1452721698309],[-120.939927155933,39.1457861702731],[-120.939594155687,39.1460661703817],[-120.939614155955,39.1471261697947],[-120.939621155228,39.147457169915],[-120.939627155115,39.1477881696771],[-120.939629155722,39.1478901696923],[-120.939638155965,39.1481981703712],[-120.939641156067,39.1483011705063],[-120.939375155941,39.1486181704888],[-120.938739155957,39.1489971703662],[-120.938159155507,39.149343170054],[-120.937624155956,39.1505751708547],[-120.93691715545,39.1513991704053],[-120.936386155137,39.1517441709744],[-120.936111155429,39.1518271704643],[-120.935697156006,39.1519531705902],[-120.93149815464,39.1529701707709],[-120.930812155083,39.1533091711311],[-120.929946154274,39.1539811717623],[-120.930171154367,39.1544061716406],[-120.931236155094,39.1549831713723],[-120.931467155196,39.1551091715084],[-120.931597155365,39.1559311718113],[-120.930575155672,39.1565321718028],[-120.929849155469,39.1559351715998],[-120.929508154625,39.1557941711959],[-120.929129154562,39.1556371714887],[-120.928749154268,39.1554801719405],[-120.928254154346,39.1552751712842],[-120.927561154347,39.1552271712912],[-120.926455154176,39.1552801718791],[-120.926248154399,39.1557111719205],[-120.926140154693,39.1559391716772],[-120.926048154241,39.1561321719086],[-120.925276154112,39.1568511717363],[-120.923823154773,39.1571101721176],[-120.92338115426,39.1572361722502],[-120.923254154597,39.1576411726134],[-120.923514153906,39.1583081726538],[-120.923537154604,39.1583721722011],[-120.923847154795,39.1587821726456],[-120.924524154419,39.1596761722011],[-120.924523154285,39.1598081722707],[-120.924516154579,39.1608541720458],[-120.923881154562,39.1611761726022],[-120.923205154591,39.1611631721039],[-120.922846154635,39.1611561728298],[-120.922188154005,39.1613331724855],[-120.92196715404,39.1615171727858],[-120.921617154512,39.1618121729738],[-120.921312154112,39.1620681724086],[-120.921007154169,39.1623231731829],[-120.919722154757,39.1627171726789],[-120.919398154247,39.1627441728617],[-120.918390153769,39.162829173416],[-120.917282154508,39.1630941731277],[-120.917011154335,39.1631591731084],[-120.916801153756,39.1631591734445],[-120.916214154041,39.1631601731051],[-120.915384153713,39.1630241732924],[-120.914069152971,39.1634751736972],[-120.913789153448,39.1635281735565],[-120.91373115359,39.1635391735494],[-120.912884153305,39.1636991732486],[-120.912201153562,39.1636901736024],[-120.911801152867,39.1638801731999],[-120.911256153501,39.1640401733812],[-120.910488153442,39.1639201737501],[-120.910347152873,39.1638591736933],[-120.909446153164,39.1634711742152],[-120.908562153176,39.1637561738667],[-120.908160153026,39.1645241739347],[-120.907883152604,39.1650551741031],[-120.9073091525,39.1653031745131],[-120.907222152767,39.1653331744247],[-120.90630215254,39.1656461740818],[-120.906079153108,39.165983174671],[-120.905980152825,39.1661331743258],[-120.90606315291,39.1666731747292],[-120.906125152382,39.1671971747599],[-120.906769153258,39.1676271739146],[-120.906827152557,39.1676651745376],[-120.908659153477,39.1684901740583],[-120.908857153714,39.168580174309],[-120.908948153722,39.1686531743898],[-120.90900915311,39.1687401741813],[-120.90904815349,39.1688401738155],[-120.909063153796,39.1689541744281],[-120.909063153455,39.1691411744853],[-120.909032153967,39.1693351739302],[-120.909032153463,39.1695601745797],[-120.909063154049,39.1697591742296],[-120.909063154034,39.1699191741553],[-120.909048153866,39.1700601743981],[-120.909009153891,39.170178174759],[-120.908933153768,39.1702241747908],[-120.908818153755,39.1702741742597],[-120.9087041533,39.1703041747329],[-120.907593153871,39.1706371741101],[-120.907102153346,39.170785174335],[-120.906584152818,39.1709681748197],[-120.906148153455,39.1710601749703],[-120.905805152884,39.1711511747887],[-120.905599153564,39.1712281745346],[-120.905447153587,39.1712921748901],[-120.905309153404,39.1713691744931],[-120.905202153127,39.1714601747988],[-120.905088153667,39.1716241749603],[-120.904989153476,39.1718651744634],[-120.904943153568,39.1720441752257],[-120.904913152811,39.1722801747795],[-120.904844153809,39.1727421751647],[-120.904798152845,39.1728681752216],[-120.904730153034,39.1729561748609],[-120.904622153485,39.1730091752033],[-120.904455152685,39.1730621753465],[-120.904279152662,39.1730971752025],[-120.903958152804,39.1731241748878],[-120.903699153394,39.1731311749604],[-120.903486152685,39.1731271746563],[-120.90327215311,39.1731431746299],[-120.903112153029,39.1731961751113],[-120.903028153155,39.1732721751082],[-120.90279915292,39.1733981748119],[-120.902273153271,39.173734175067],[-120.902082152629,39.1737761753058],[-120.90193715247,39.1737951749952],[-120.901624153453,39.1738141756247],[-120.901288152333,39.1738211751373],[-120.901029152669,39.1738371749982],[-120.900808152629,39.173879175127],[-120.900579152638,39.1739711751843],[-120.900373152651,39.1740731750018],[-120.900098152321,39.1742951758621],[-120.899968153266,39.1744321757044],[-120.899892152749,39.1745351750729],[-120.899602152305,39.1750581751009],[-120.899506153131,39.1751811754293],[-120.899488152592,39.1752061757103],[-120.899297152631,39.17531317601],[-120.899129152679,39.1753741756777],[-120.898938152846,39.1754661752901],[-120.898114152914,39.1758781755891],[-120.897855152988,39.1760571760459],[-120.897596152962,39.1762821760501],[-120.897382152574,39.176439175851],[-120.89725215234,39.1764961754766],[-120.897138152805,39.1765301756441],[-120.896955152301,39.1765721756224],[-120.896749152228,39.1765871757945],[-120.896565152637,39.1765721757393],[-120.896500152097,39.1765701759249],[-120.896138152858,39.1765611759103],[-120.896024151939,39.1765421760934],[-120.895886152836,39.1765111758384],[-120.895721152133,39.1764091756122],[-120.895533152397,39.1763151760056],[-120.895308152373,39.1761721756562],[-120.895105152025,39.1760521760404],[-120.894865152603,39.1758821757952],[-120.894826151829,39.1758561759533],[-120.894674152096,39.1757281757254],[-120.894421151928,39.1755901760062],[-120.894221152144,39.1755081760795],[-120.893984151808,39.175489175573],[-120.893800151739,39.1754881762932],[-120.893515151717,39.1754721763339],[-120.893284151445,39.1754101764072],[-120.893162151282,39.1754021761808],[-120.893007151409,39.1754281760705],[-120.892923151823,39.1754321757279],[-120.892815151564,39.1754051763745],[-120.892601151294,39.1753281757783],[-120.89251615118,39.1753111760135],[-120.892409151307,39.1753041757409],[-120.892340151342,39.1753081760122],[-120.892264151269,39.1753421763527],[-120.892247151165,39.1753991759789],[-120.892247151299,39.1754451760297],[-120.892210152207,39.1756301764523],[-120.892194151288,39.1757101764505],[-120.892163151616,39.1760341761105],[-120.892034151892,39.1765651765221],[-120.891942151823,39.176691175864],[-120.891873151807,39.1767591760859],[-120.891781151614,39.1768241760137],[-120.891408151686,39.1770071764174],[-120.891324151182,39.177053176215],[-120.891232151705,39.1770831760371],[-120.89110815185,39.1771091766158],[-120.890797151997,39.1770531764683],[-120.890492151419,39.176935175956],[-120.890248151889,39.1768581767595],[-120.889668151881,39.1767401765176],[-120.889065151831,39.1766291761496],[-120.888012150993,39.1764961766334],[-120.887876150786,39.1764731765637],[-120.887402150557,39.176496176672],[-120.887127151522,39.1765261763986],[-120.886875150555,39.176576176231],[-120.886677151424,39.1766561767379],[-120.886464150758,39.176797176255],[-120.886258150314,39.1769841768215],[-120.886082150882,39.1771711770302],[-120.885937151231,39.1774461764522],[-120.88583815084,39.1777171769212],[-120.885777150562,39.177862176828],[-120.885678151479,39.1780261769298],[-120.885548150765,39.1781401771042],[-120.885342150345,39.1782511767649],[-120.885228150432,39.1783001766972],[-120.884777151394,39.1784381767341],[-120.884541151121,39.1784761771299],[-120.884251150925,39.1784991767045],[-120.883954150567,39.1785031769363],[-120.883343150791,39.1784681767239],[-120.883053150989,39.1784871773143],[-120.882855150172,39.1785141772043],[-120.882572150688,39.1786211768142],[-120.881802150762,39.1789761769187],[-120.881657150943,39.1790291776137],[-120.88156515055,39.1790521775767],[-120.881444150251,39.1790561773647],[-120.881268149981,39.1790101774869],[-120.881032150377,39.1788761771986],[-120.880787150239,39.1787011769008],[-120.880543149734,39.17854417716],[-120.880291149823,39.1783921773864],[-120.88016215035,39.1783041777012],[-120.880017150159,39.1781941772948],[-120.879933150606,39.1781481772093],[-120.879818150287,39.1781251769304],[-120.879658149893,39.1781021769],[-120.879513150076,39.1781061776619],[-120.879368149624,39.1781441773109],[-120.879165150401,39.1782301773656],[-120.879002149408,39.1783161770087],[-120.878681150435,39.1785221773803],[-120.878568150131,39.1785641776121],[-120.878544150133,39.1785641775795],[-120.876903149717,39.1789411771995],[-120.876606149888,39.1790291772683],[-120.87633114971,39.1791021778349],[-120.876194149338,39.1791441780895],[-120.876064150123,39.1791971778184],[-120.875927149441,39.1792541778891],[-120.875835149496,39.179285177478],[-120.875324149894,39.1794831774939],[-120.875141149822,39.1795371780602],[-120.874943149994,39.1795901781771],[-120.874863149015,39.179606178196],[-120.874271149088,39.1797311781394],[-120.874028149616,39.1797771780573],[-120.873753148932,39.1798341783806],[-120.873577149569,39.1798761776841],[-120.873364149659,39.1798871778765],[-120.873165148925,39.1798721778447],[-120.873028149104,39.1798381778539],[-120.872791149524,39.1797651779849],[-120.872662148814,39.1797041777808],[-120.872600148723,39.1796471778546],[-120.872486149303,39.179575177832],[-120.872364149522,39.1794791780149],[-120.872127149524,39.1793571777253],[-120.871952148978,39.1793081779786],[-120.871807149351,39.1792961778501],[-120.871677149311,39.1793041779649],[-120.871311148293,39.1793991779583],[-120.871128149027,39.1794531778805],[-120.870952148466,39.1795401782225],[-120.870792148513,39.1796401782436],[-120.87060214861,39.1797501785331],[-120.870327148501,39.1799141784987],[-120.870166148167,39.1799791779786],[-120.869991149116,39.1800331785526],[-120.869793148255,39.1801391781886],[-120.869564148554,39.1802461784758],[-120.869358148765,39.1803841782358],[-120.868862148829,39.1807421783666],[-120.868762148437,39.1808761787441],[-120.86862514913,39.1810851783475],[-120.868534148315,39.1812261781545],[-120.868465148962,39.1813871784013],[-120.86843414828,39.1814401783017],[-120.86838114818,39.1815741787576],[-120.868351148582,39.1817341789622],[-120.86835114854,39.1820581788498],[-120.868405148394,39.1822111783832],[-120.868427149297,39.182359178449],[-120.868466148604,39.1825121785092],[-120.868572149378,39.182733178741],[-120.868671149435,39.1828901789911],[-120.868816148957,39.1830881781893],[-120.868892149338,39.1832331790056],[-120.86898414895,39.1833631782464],[-120.869107149502,39.1835231783429],[-120.8692211488,39.1837141785074],[-120.869328148712,39.183866178591],[-120.869533148633,39.1841981786856],[-120.869594148727,39.1843621787868],[-120.869602149158,39.1845111783514],[-120.869594148704,39.1845791786779],[-120.869556149195,39.184705178769],[-120.869510149275,39.1848121783717],[-120.869464148746,39.1848961783503],[-120.869274149007,39.1851671785138],[-120.869198149548,39.1852401783441],[-120.86897614873,39.1853621783363],[-120.868885149319,39.1853961790945],[-120.868656149734,39.1854611791859],[-120.868305149724,39.1855181788404],[-120.868084149097,39.1855331786769],[-120.867886149273,39.1855641791179],[-120.867717149274,39.1855791793247],[-120.867504148603,39.1856211790912],[-120.867352148913,39.1856671785552],[-120.867293148545,39.1857161785706],[-120.867275149031,39.1857321785194],[-120.867252148791,39.1857431785502],[-120.867222149423,39.1857931791762],[-120.867191149243,39.1858691793537],[-120.867191149493,39.1859491786152],[-120.867252148893,39.186117178823],[-120.867313148957,39.1861971793565],[-120.867351149488,39.1862321790658],[-120.867436148994,39.1863311789836],[-120.867481148594,39.1864451788864],[-120.867527148831,39.1865441787194],[-120.867527148794,39.1866621786833],[-120.867504149715,39.186769178807],[-120.867405149738,39.1869721791114],[-120.867344149209,39.1870551790257],[-120.867245149679,39.1871201787247],[-120.867107149726,39.1871961786202],[-120.866802148725,39.1873301794167],[-120.866688149547,39.1873681787115],[-120.866543148764,39.1873871794032],[-120.866291149521,39.1874061788695],[-120.866001148682,39.1874441791301],[-120.865764149445,39.1874941790935],[-120.865513149304,39.1875661787968],[-120.865345148953,39.1876581795832],[-120.865231148669,39.1877461792266],[-120.865177148708,39.1878451796009],[-120.865162148517,39.187948179571],[-120.865177148918,39.1880511792996],[-120.865207148474,39.1881431793997],[-120.865292149443,39.1882691793531],[-120.865421148519,39.1884131789015],[-120.865574148792,39.1885011791413],[-120.865734149573,39.1885701791436],[-120.86585614883,39.1885931792297],[-120.866001148611,39.1886001790438],[-120.866261149448,39.1886191790115],[-120.866497149065,39.1886421793527],[-120.866726148977,39.1887031792471],[-120.866871149499,39.1887681792448],[-120.866993149445,39.1888831794845],[-120.867046149355,39.1889821793873],[-120.867069149611,39.1891671794134],[-120.867081149702,39.189253179108],[-120.867085149436,39.1892761791468],[-120.867054149854,39.1893821788132],[-120.867001149523,39.1894971791463],[-120.866947149546,39.1895841793511],[-120.866818149601,39.1896801794618],[-120.866642150006,39.1897751795306],[-120.866451149472,39.1898361795515],[-120.866291149373,39.1898741792094],[-120.866108149762,39.1898971796869],[-120.865925148808,39.1899131792216],[-120.865680149689,39.1899161791474],[-120.865597148749,39.1899281792989],[-120.865421149226,39.1899741791586],[-120.865261149467,39.1900611795028],[-120.86513114866,39.1901491791341],[-120.865001148823,39.190252179688],[-120.864757149261,39.1905081794962],[-120.864597148935,39.1906261799284],[-120.864422148906,39.1907061794484],[-120.864261148812,39.1907481796651],[-120.864124149527,39.1907781797289],[-120.863910148968,39.1907791795102],[-120.863727149027,39.1907481794014],[-120.863392149251,39.1907291797786],[-120.863155148556,39.1907481800212],[-120.863002148439,39.1907861798573],[-120.86288014923,39.1908361800929],[-120.862782149134,39.190912179469],[-120.862644148974,39.1911031798505],[-120.862545148748,39.1912551794678],[-120.862461148768,39.1914271797552],[-120.862354149276,39.1915841794084],[-120.862247149448,39.1916861795454],[-120.862118148841,39.1917901796007],[-120.862033148988,39.1918431796088],[-120.86198814878,39.1918731800371],[-120.861962149454,39.1918861798815],[-120.861865148844,39.1919381802031],[-120.861515148667,39.192064180068],[-120.861301148991,39.1921791801615],[-120.861011148847,39.1923241799278],[-120.860821148308,39.1924801798778],[-120.86071414884,39.1926521801027],[-120.86064514906,39.1928311803134],[-120.86059214866,39.1930451800161],[-120.860571148399,39.1932011805261],[-120.860779149547,39.1935301798247],[-120.860880148699,39.1936871801886],[-120.860955149376,39.1938041800619],[-120.86119414936,39.1940941801403],[-120.861318148908,39.1943921798841],[-120.861381148883,39.194827180034],[-120.861288149212,39.1950691799228],[-120.861149149734,39.195204180395],[-120.861040149158,39.1953111805582],[-120.860641148859,39.1954531805913],[-120.860622149465,39.1954631802692],[-120.860240148893,39.1956041800259],[-120.860065149609,39.1956581799078],[-120.859951149066,39.1956821805558],[-120.859874148755,39.195700180498],[-120.859447149334,39.1957831801785],[-120.859211149423,39.1958641802372],[-120.859005149,39.1959551800718],[-120.858844149079,39.1960661803269],[-120.858737148951,39.1961761806048],[-120.858471149454,39.1964241803436],[-120.858341148972,39.1966081804008],[-120.858184148619,39.1968091807656],[-120.858158149562,39.1968441806991],[-120.858020148578,39.1970731805767],[-120.857944148504,39.197210180457],[-120.857845148833,39.1974321807622],[-120.857840149317,39.1974481807099],[-120.857761148607,39.1976831807049],[-120.857761149631,39.1978821804038],[-120.857753149454,39.1980221803298],[-120.85778414921,39.1982521810733],[-120.857814148681,39.1985491804937],[-120.85784514896,39.1987091805912],[-120.857890149125,39.1988731810671],[-120.85791414879,39.1989801807181],[-120.857922149814,39.1990151810844],[-120.857944149591,39.1991791811997],[-120.857891148803,39.199293180888],[-120.857860149028,39.199343181043],[-120.857715148805,39.1994491804993],[-120.857563149825,39.199579180693],[-120.857281149164,39.1997241812977],[-120.857113149496,39.1998651812558],[-120.857021149702,39.1999841811614],[-120.856967149134,39.2001211809252],[-120.856945149087,39.2002701812226],[-120.856953148915,39.2003991809502],[-120.856967149682,39.2005061808372],[-120.857013149368,39.2006091813395],[-120.857120149717,39.2007201805842],[-120.857265149222,39.2008491813823],[-120.857402149789,39.2009301807821],[-120.857517149197,39.2010251811828],[-120.85763214991,39.201174181382],[-120.857693149962,39.201334180647],[-120.857707148984,39.2014671812057],[-120.857707149698,39.2016081806401],[-120.857677149084,39.2017341809278],[-120.857624149608,39.2018871811945],[-120.857547149734,39.2020671812492],[-120.857441149916,39.2022421811703],[-120.857357149254,39.2024441808368],[-120.857258149394,39.2025931811562],[-120.857205149726,39.2027901813756],[-120.857182150054,39.2029551807513],[-120.857196150179,39.2031191807369],[-120.857197149397,39.2032681808785],[-120.857174149948,39.2033981812261],[-120.857151149203,39.2034851811993],[-120.857075149837,39.2035731812623],[-120.856914149327,39.2036921814225],[-120.856785149482,39.2038021816564],[-120.856678149769,39.2039051814717],[-120.856617149562,39.2040311813209],[-120.856601149223,39.204115181541],[-120.856617149847,39.2041341808816],[-120.856624149409,39.204168181519],[-120.856655149881,39.2042411808825],[-120.856701150235,39.2043901812216],[-120.856754149331,39.204481181293],[-120.856815149852,39.2045421814009],[-120.856991149438,39.2046381815765],[-120.857074150006,39.2046951812652],[-120.857311150426,39.2048741810131],[-120.857471149647,39.2049771810909],[-120.857647149507,39.205084181733],[-120.8578071501,39.2051941811937],[-120.857967150185,39.2053241810925],[-120.858097150493,39.205477181736],[-120.858158150621,39.2056221817363],[-120.858173149862,39.2057481810447],[-120.85814315033,39.2058691812678],[-120.858074150509,39.2060831817882],[-120.858021149628,39.2061631815484],[-120.857922150648,39.2062401813705],[-120.857807150632,39.206289181756],[-120.857548149989,39.206342181728],[-120.857365149556,39.2063621815049],[-120.857212150589,39.2063691810439],[-120.857037149917,39.2063961815807],[-120.856828150527,39.2064461817672],[-120.856754150551,39.2064651817995],[-120.8565401504,39.2065071819464],[-120.85630414949,39.2065751819712],[-120.856151149623,39.2066291812904],[-120.855747149886,39.2067201816893],[-120.855442149355,39.2068461819446],[-120.855343150348,39.2069261815243],[-120.855297150143,39.2070141818982],[-120.855213149547,39.207128181893],[-120.855152150412,39.2072701820156],[-120.855083149889,39.2075711815255],[-120.855053149664,39.2077541815337],[-120.855045149801,39.2079221820119],[-120.855007150257,39.2082191815741],[-120.854977149522,39.2085361816046],[-120.85494614964,39.2086771816036],[-120.85490814984,39.2088071815182],[-120.854832150593,39.2089021819508],[-120.854748149678,39.2089751815593],[-120.854641149848,39.2090131818693],[-120.854557149787,39.2090281814948],[-120.854427150202,39.2090441822957],[-120.85432014945,39.2090431816272],[-120.854107150072,39.2090051822506],[-120.853931149501,39.2089981822976],[-120.853802150186,39.2090241816163],[-120.853687150172,39.209085181945],[-120.853603150372,39.2091771816962],[-120.853557150253,39.2092801817442],[-120.853542150262,39.2093751824229],[-120.853557150328,39.2094781817255],[-120.853656149537,39.2096351824469],[-120.853687149506,39.2097261821602],[-120.85370214973,39.2098141820867],[-120.853732149624,39.2099131820355],[-120.853741150023,39.2100701819856],[-120.853740149669,39.2101951816837],[-120.853687149806,39.2103441818172],[-120.853611149535,39.2104131816548],[-120.85352614998,39.2104741818078],[-120.853184149651,39.210611181834],[-120.852863149607,39.2107181821565],[-120.852512149766,39.2108981824609],[-120.852405150136,39.210989182102],[-120.852291149797,39.2111451825344],[-120.85220715014,39.2112711826138],[-120.852062149374,39.2115611824382],[-120.852001149611,39.2117141825977],[-120.851924149777,39.2118401822605],[-120.851841149401,39.2119431825055],[-120.851726149535,39.2120381822658],[-120.851597150227,39.2121071824648],[-120.851444149414,39.2121601824952],[-120.851345149682,39.2121791825741],[-120.851177149317,39.2122021827807],[-120.850940149941,39.2122101827564],[-120.850757149324,39.2121981824568],[-120.850697149317,39.2121981829035],[-120.850552149397,39.2122061828127],[-120.85040614972,39.212198182309],[-120.850223149339,39.2122131826203],[-120.850063149719,39.2122401829554],[-120.849742149749,39.2123971826154],[-120.849605149512,39.2124541821559],[-120.849315150098,39.212618182615],[-120.849201149591,39.2126941828803],[-120.848827150007,39.2129081826235],[-120.848694149285,39.212967182477],[-120.848606150019,39.2130071825698],[-120.848377149891,39.2130951822914],[-120.848140149394,39.2131251823427],[-120.847415149759,39.2133581827227],[-120.847247149751,39.2134301826448],[-120.846835148935,39.2135791828141],[-120.846675149291,39.2136251832618],[-120.84636214932,39.2137051824801],[-120.846057149189,39.2137591831625],[-120.8457751489,39.2137701825428],[-120.845577149255,39.213762182721],[-120.845432149319,39.2137361833782],[-120.845302149577,39.2136901828381],[-120.845210149008,39.2136401830558],[-120.845127148969,39.2135601833375],[-120.845012148663,39.2134841834056],[-120.844882148722,39.2134151825929],[-120.84486214891,39.2134071828273],[-120.844844148484,39.2134001833434],[-120.84479314934,39.2133791830053],[-120.844511149259,39.2134691833693],[-120.843639148973,39.2137851834641],[-120.843487149419,39.2138411828372],[-120.842018148201,39.2146781831205],[-120.841499148356,39.2150801831361],[-120.840595148855,39.2151041831556],[-120.840383148446,39.2151091839198],[-120.840205148236,39.2151141834654],[-120.840094148914,39.2151541835718],[-120.83923614858,39.2154641835445],[-120.839203148965,39.2154741834407],[-120.839107147841,39.215503183456],[-120.839076148711,39.2155141836898],[-120.838777147848,39.2158871839027],[-120.838559148085,39.2162591836613],[-120.838259148667,39.2167561835929],[-120.838162148924,39.2168521835493],[-120.837827148906,39.2171911834971],[-120.837611148265,39.2173591837088],[-120.83696314855,39.217493183947],[-120.836229147887,39.2174931844485],[-120.835236148441,39.2177611844129],[-120.834027147591,39.2182301843085],[-120.833719147618,39.2184961845281],[-120.833292147601,39.2188671846269],[-120.83239514811,39.2194331843583],[-120.832381148326,39.2194451846335],[-120.83234014733,39.2194841841062],[-120.832327147652,39.2194971844788],[-120.832316147311,39.2195071846615],[-120.8322831483,39.2195381849105],[-120.832273148062,39.2195491842935],[-120.832148148037,39.2197001848698],[-120.831926148098,39.219972184186],[-120.83182214802,39.2199761841504],[-120.831686147827,39.2199151843414],[-120.831518148074,39.2198401847999],[-120.831510148306,39.2198281850277],[-120.831449148211,39.2197471847278],[-120.831406147679,39.2196891850211],[-120.831211147555,39.2198031846534],[-120.831126148109,39.2198551843699],[-120.830966147755,39.2199881848817],[-120.830920147401,39.2200531845325],[-120.830882148062,39.2202061843357],[-120.830836147886,39.2204231846936],[-120.830851147329,39.2206221845598],[-120.830814147247,39.2208311844432],[-120.83075214762,39.2209111843134],[-120.83071414766,39.2209721845961],[-120.83062214766,39.2210751849651],[-120.830554148191,39.2211751848699],[-120.830432147567,39.2213081845737],[-120.830226148053,39.2214571847084],[-120.8300051483,39.2215871846543],[-120.829883147759,39.2216521847855],[-120.829722147913,39.2216971844616],[-120.829600147641,39.2217091846897],[-120.829386147278,39.2216901847221],[-120.829150147636,39.2216291852712],[-120.829071147563,39.2215701846065],[-120.829051148085,39.221556184792],[-120.828975147832,39.2214491851969],[-120.828784147135,39.2212781847766],[-120.828669147186,39.2212091852795],[-120.828463147991,39.2210981848053],[-120.828311146901,39.2210561845601],[-120.828196147436,39.2210531850906],[-120.828067147454,39.2210681845241],[-120.827960146954,39.2210951852108],[-120.827907147611,39.2211251851643],[-120.827799147075,39.2212011851041],[-120.827785146825,39.2212551848278],[-120.827724147695,39.2213311846853],[-120.82766214728,39.2214461849113],[-120.827632147163,39.221583185293],[-120.827616147475,39.2217161855069],[-120.827655147462,39.2218961850587],[-120.827700147172,39.2219911847575],[-120.82774614776,39.2220751852281],[-120.82784514726,39.2221701851426],[-120.827922147725,39.2222311852126],[-120.828089146967,39.2223421847385],[-120.82819714773,39.2224031850219],[-120.828456147834,39.2225711849937],[-120.828563147707,39.2226701847673],[-120.828662147401,39.2227841850627],[-120.828730147775,39.2229141851049],[-120.82877714728,39.2230361849734],[-120.828776148072,39.223162185478],[-120.828761147891,39.2232611850228],[-120.828723147882,39.2233381847756],[-120.828686147617,39.223382185117],[-120.828661147529,39.2234141847581],[-120.82859314794,39.2234861851295],[-120.828227147748,39.223708185175],[-120.828090147161,39.2237651848958],[-120.827937147116,39.2238151850829],[-120.827746147874,39.2238411856243],[-120.827617147184,39.2238371853566],[-120.827532147384,39.2238261848399],[-120.827411148057,39.2237991851328],[-120.827334147361,39.2237651852806],[-120.82722014748,39.2237461852401],[-120.827090147701,39.2237191849851],[-120.826953147476,39.223704185458],[-120.826846147283,39.2237151851212],[-120.826556147642,39.2237881848913],[-120.826319147838,39.2238641854255],[-120.826014147645,39.2239481851446],[-120.825640147727,39.2241201851333],[-120.825267147031,39.2242571851623],[-120.825152147487,39.2243331851113],[-120.825053147369,39.2244481857126],[-120.825022147378,39.2245281856955],[-120.825022147045,39.2246201853127],[-120.825030147882,39.2247221856986],[-120.825030147225,39.2250581859075],[-120.824992146861,39.2251841853138],[-120.82494614771,39.2252601851369],[-120.824915147679,39.2253481855954],[-120.824870147633,39.2254091855115],[-120.824801147819,39.2254781859845],[-120.82469514795,39.2255271853421],[-120.824552146883,39.2255681855615],[-120.824450147951,39.2256041856026],[-120.824206147283,39.2256001858212],[-120.824053147499,39.2255921855452],[-120.823916147614,39.2255691856997],[-120.823581146872,39.2255011854624],[-120.823313146813,39.2254591853059],[-120.823054146958,39.2254281856496],[-120.822886147241,39.2254401858494],[-120.822780147611,39.2254631853601],[-120.822665146717,39.2255541860169],[-120.822604146963,39.2256271860349],[-120.822490147369,39.2257791862381],[-120.82239014734,39.2259281856013],[-120.822230147008,39.226122185777],[-120.821925146604,39.2265541857643],[-120.821742147089,39.2266721857118],[-120.821650147133,39.2267481860316],[-120.821544147433,39.2268471858806],[-120.821437147017,39.2269621861324],[-120.821322146785,39.2270611860329],[-120.821223146875,39.2271641860257],[-120.821071146832,39.2272551856103],[-120.820986146659,39.2272861859565],[-120.820852147483,39.2272971863412],[-120.820719147416,39.2272901857563],[-120.820643147446,39.2272781859038],[-120.820452146997,39.2272131858467],[-120.820323147202,39.2271871857283],[-120.819972147184,39.2270881862857],[-120.819552146472,39.2270761864666],[-120.819384146701,39.2270991859758],[-120.819254146329,39.2271451858639],[-120.819109146314,39.2272211860935],[-120.819026146441,39.2273321863551],[-120.818972146367,39.2274351860146],[-120.818941146168,39.2275261859536],[-120.818934146457,39.2276101861923],[-120.818941146763,39.2277171860762],[-120.819026147231,39.227851186404],[-120.819094146272,39.2279421866301],[-120.819186147138,39.2280491860944],[-120.819269146691,39.2281821864762],[-120.81930014739,39.2282891864642],[-120.819292147214,39.2284191861239],[-120.819270146429,39.2285141859041],[-120.819232146767,39.2285831859048],[-120.819193146675,39.2286291863743],[-120.819109147282,39.2286971864592],[-120.818896146604,39.2287971867814],[-120.818774147249,39.2288231866578],[-120.818637146818,39.2288391862354],[-120.818476146623,39.2288421863021],[-120.8183011463,39.2288541865714],[-120.818163147235,39.228873186077],[-120.818034146582,39.2289151862854],[-120.817935146715,39.2289911866218],[-120.817873146802,39.2290791868799],[-120.817790147209,39.229186186569],[-120.817614146373,39.2292971867489],[-120.817561146998,39.2293351863362],[-120.817446146248,39.2294001866397],[-120.817317146281,39.2294451861568],[-120.817171146549,39.2294871867149],[-120.817050146674,39.2295141869007],[-120.816920146436,39.2295671868759],[-120.816805147129,39.22969318679],[-120.816774147141,39.2297411864365],[-120.816752146362,39.2297771868123],[-120.81671414719,39.2298531868075],[-120.816660146475,39.2299331864874],[-120.816584146974,39.2299721861739],[-120.816500147158,39.2299981861947],[-120.816165146649,39.2300791862851],[-120.815791146628,39.2301131862636],[-120.815554146831,39.2301551870051],[-120.815409146757,39.230185186597],[-120.815257146983,39.2302271871229],[-120.81511914652,39.2302581870683],[-120.81496714617,39.2302581871522],[-120.814776146728,39.2302351871924],[-120.814700146754,39.230208186862],[-120.814623146908,39.2301511870536],[-120.814501146559,39.2300791863722],[-120.814082146007,39.2298191863922],[-120.813959146405,39.2297511871398],[-120.81383014604,39.2297201869087],[-120.813784146515,39.2297201865263],[-120.813723146144,39.2297541866599],[-120.813700146001,39.2297851864193],[-120.813662145908,39.2298721869047],[-120.813639146438,39.2299601870696],[-120.813639146031,39.2300711869476],[-120.813623146736,39.2301701869364],[-120.81361614633,39.2302501871351],[-120.81355514666,39.2303681864441],[-120.813502146144,39.2304331867066],[-120.813379146623,39.2305251866865],[-120.81325014603,39.2305931872423],[-120.813143146342,39.2306431865614],[-120.812952146705,39.2306771868782],[-120.812586146297,39.2307161871889],[-120.812350145647,39.2307351868131],[-120.81222014575,39.2307651872359],[-120.812059145832,39.2308221872774],[-120.811976145857,39.2308801866806],[-120.811861146571,39.23094818718],[-120.811762146045,39.2310401870982],[-120.811671146034,39.2311511870147],[-120.81160914574,39.2312151871503],[-120.81153314571,39.2313301869827],[-120.811396146519,39.2316501870906],[-120.811312146577,39.2317841870007],[-120.811235145873,39.2318791871403],[-120.811114145951,39.2319931871037],[-120.811015145788,39.2320581875959],[-120.810480145774,39.2322991876961],[-120.810305146428,39.2323371872774],[-120.81021314583,39.2323521868868],[-120.810061146364,39.2323671874885],[-120.809603145428,39.2323981872977],[-120.809443145577,39.2324251873485],[-120.809305145422,39.2324661878468],[-120.809244146116,39.2324891869854],[-120.809122145947,39.2325201875227],[-120.808916146268,39.2325961873861],[-120.808825145471,39.2326461876618],[-120.808672146085,39.2327411872658],[-120.808382145298,39.2328831877657],[-120.808214146228,39.2329861875692],[-120.808038146282,39.2330461871443],[-120.807711145984,39.2331461877257],[-120.807520145222,39.2331881872243],[-120.807329145692,39.2332371871836],[-120.807245145534,39.2332451875991],[-120.807031145119,39.2332751877559],[-120.806780145776,39.2332941874801],[-120.806559145531,39.2332911872551],[-120.806452145459,39.2332791879303],[-120.80636114541,39.2332601874103],[-120.806269145799,39.233234187254],[-120.806170146005,39.2332111874067],[-120.805895145285,39.2331921877263],[-120.805720145513,39.2331951876906],[-120.805544144852,39.2332111877154],[-120.805231145067,39.233249187417],[-120.804934145749,39.233256187526],[-120.804788145521,39.2332521877615],[-120.804636145772,39.2332561882383],[-120.804529144763,39.2332531874519],[-120.804262145387,39.233271187768],[-120.804156145074,39.2332941881826],[-120.804041145238,39.2333361876027],[-120.803949145104,39.2333901879074],[-120.803751145658,39.2335651881334],[-120.803629144805,39.233691187543],[-120.80354514473,39.2338061882664],[-120.803454145291,39.2339771880236],[-120.803385144634,39.2342101879145],[-120.803301145081,39.2344051880179],[-120.803262144894,39.2346751882568],[-120.803232145124,39.2348051877122],[-120.803102144995,39.2351181877152],[-120.802996145163,39.235221188476],[-120.802866145641,39.2353201878116],[-120.802744144713,39.2353771883102],[-120.802622144911,39.235427187908],[-120.802499145329,39.2354571877618],[-120.802340144972,39.2354691877472],[-120.802202144606,39.2354731886037],[-120.802049145085,39.2354691883043],[-120.801904144523,39.2354571879004],[-120.801775144477,39.2354271880503],[-120.801386145003,39.2353551886464],[-120.801233145466,39.2353351881369],[-120.801095145301,39.2353391886425],[-120.800989144713,39.2353471886393],[-120.800859144728,39.2353741885727],[-120.80072914469,39.2354271884013],[-120.800424145275,39.2355911884658],[-120.800264144711,39.235671187961],[-120.800165144822,39.2357511881313],[-120.800073145312,39.2358621887262],[-120.800050145285,39.2359531883172],[-120.800035144707,39.23607918887],[-120.800035144466,39.2362241885426],[-120.800013145069,39.2364611881957],[-120.800013144335,39.2365521883553],[-120.799989144788,39.2366251886598],[-120.79998214441,39.2367431885428],[-120.799959144797,39.2368651886186],[-120.799830145019,39.2371511888747],[-120.799746144478,39.2372931886731],[-120.79966214472,39.2373841889331],[-120.799524145266,39.237552188462],[-120.799326144989,39.2378271884192],[-120.7991651446,39.2380211887436],[-120.799006144823,39.2381471890512],[-120.798876145158,39.2382651888806],[-120.798723144959,39.2383831886826],[-120.798586145274,39.2384671884168],[-120.79836414461,39.2385511892164],[-120.798113144356,39.2386081885159],[-120.797983145189,39.2386621887656],[-120.79788414543,39.2387271885639],[-120.797602145214,39.2389291884181],[-120.797494144342,39.2389821887725],[-120.797396144638,39.2390131891774],[-120.797266144991,39.2390661889429],[-120.796946144979,39.2391621889974],[-120.796739144361,39.2392041886952],[-120.796442144174,39.2392721890805],[-120.796274144869,39.2393261886836],[-120.796145144173,39.2393751890393],[-120.796014144609,39.2394401888963],[-120.795854145167,39.2395361890662],[-120.795725144336,39.2396231893575],[-120.795336144565,39.2399061891953],[-120.795190144792,39.2399931889123],[-120.795031144362,39.2401001892933],[-120.794756144949,39.24027618917],[-120.794596144618,39.2403441890831],[-120.794435144324,39.2404021890305],[-120.794145144212,39.2404891888862],[-120.793642144168,39.2405311895203],[-120.793329144665,39.2405461892002],[-120.792925144632,39.2405501896613],[-120.792795144084,39.2405461894945],[-120.792559144282,39.2405581895321],[-120.792459144696,39.2405921891242],[-120.792322144159,39.2406271889766],[-120.792140143698,39.2407111898819],[-120.792009143899,39.2407721892409],[-120.791612144578,39.2410001892672],[-120.791460144674,39.2410731894456],[-120.791383144477,39.2411421897399],[-120.79132214391,39.2412371899138],[-120.791231143594,39.2415231898822],[-120.791170144722,39.2416871899912],[-120.791063144676,39.2418851897956],[-120.790934143819,39.2420841895059],[-120.790788144683,39.2422591896041],[-120.790704143745,39.2423701900282],[-120.790590144203,39.2424921898531],[-120.790422143998,39.2426411896375],[-120.790231143713,39.2427931895725],[-120.790026144293,39.2429341900621],[-120.789835144255,39.2430341900961],[-120.789713143689,39.2431181900401],[-120.789469144222,39.2432631895398],[-120.789286143732,39.2433471899889],[-120.789079143904,39.2434191900762],[-120.78887314357,39.2434801899626],[-120.788614143934,39.243583189903],[-120.788538144462,39.2436091901296],[-120.788431144468,39.2436481897547],[-120.788148143397,39.2437551904286],[-120.788011143792,39.2438391900543],[-120.787744144036,39.243968190359],[-120.787622144023,39.2440601896356],[-120.787546144127,39.2441481903203],[-120.787462143735,39.2442701900547],[-120.787386144266,39.2443961901716],[-120.787279143639,39.244518190444],[-120.786859144089,39.2449141902769],[-120.786729143787,39.2450251900346],[-120.78659914359,39.2451471902567],[-120.786279143547,39.2454071905519],[-120.786141144097,39.2455481907084],[-120.785982143656,39.245700190545],[-120.785776143793,39.2459181901377],[-120.785554144263,39.2460971904069],[-120.785378143721,39.2462501905275],[-120.785218143922,39.2463721904884],[-120.785058143861,39.2465051908503],[-120.784929144175,39.2466391904436],[-120.784860143575,39.2468111900873],[-120.784822143306,39.2469671901925],[-120.784829144061,39.2470621904751],[-120.784830144305,39.2472151901417],[-120.784875143918,39.2473221905328],[-120.78494414435,39.2474361904928],[-120.785005144524,39.2475501905317],[-120.785089144347,39.2478711908048],[-120.785104143674,39.2480201907432],[-120.785082143935,39.2481841904049],[-120.785013144169,39.2482751906229],[-120.784791144471,39.2484771905916],[-120.784685143568,39.2485581907449],[-120.784555144586,39.2486411904908],[-120.784158143415,39.2488051903229],[-120.783883144458,39.2488891909617],[-120.783670144459,39.2489661911684],[-120.783479143498,39.2490121906234],[-120.783289144382,39.2490531910113],[-120.782945143473,39.2490801911123],[-120.782670143689,39.2490571910466],[-120.782472143987,39.2490721908733],[-120.782128143178,39.2491491913051],[-120.781945143139,39.2492521909675],[-120.781724144181,39.2493971908295],[-120.781701143893,39.2494081910247],[-120.781648143207,39.2494351907363],[-120.781358143185,39.2495381910109],[-120.78120614315,39.2495841912455],[-120.780809143657,39.2497361915243],[-120.780649143928,39.2498321908385],[-120.780595143778,39.2499041914803],[-120.778970143762,39.2510711912574],[-120.778703143936,39.2512241915425],[-120.778391143846,39.2513541917058],[-120.777973142822,39.2515901912689],[-120.777879143316,39.251644191128],[-120.77758114387,39.251793191237],[-120.777315143014,39.2519381915074],[-120.777024143497,39.2520671916322],[-120.776574143027,39.252304191682],[-120.776414142664,39.2524791920323],[-120.776368143146,39.2525901915616],[-120.776330142779,39.2529561919468],[-120.776353143755,39.2531541921036],[-120.776353143696,39.2533831914742],[-120.776346143141,39.2535401917842],[-120.776300143182,39.2537041914366],[-120.77625414297,39.2538071913391],[-120.776208142949,39.253933192223],[-120.776109143107,39.2540811917677],[-120.775964142806,39.2542041922612],[-120.775643142962,39.254356191696],[-120.775499142933,39.2543751917283],[-120.775255143773,39.2544441917168],[-120.774972143543,39.2544891921919],[-120.774865143572,39.2545131921164],[-120.77455514367,39.2545981918829],[-120.774549143768,39.2546061917654],[-120.774440142865,39.2547711920979],[-120.774293143378,39.2551411916476],[-120.773958143049,39.2553591919264],[-120.773946143566,39.255368191719],[-120.773633142625,39.2554151922923],[-120.773330143157,39.2554611920242],[-120.773159143038,39.255337191709],[-120.772779143246,39.2551901920409],[-120.772462143184,39.2552331925843],[-120.772093142764,39.2555311921393],[-120.771874142508,39.2556591923857],[-120.771623142976,39.255697192688],[-120.771056142709,39.2556621926979],[-120.77082614306,39.2556741927281],[-120.770633142241,39.255763192006],[-120.77029714239,39.255943192459],[-120.770029143044,39.2560511923088],[-120.769823142417,39.2560941928318],[-120.769407142422,39.2561171926849],[-120.769014143015,39.2562021925456],[-120.768975142902,39.2562151924228],[-120.768731142322,39.2563021925215],[-120.768516142648,39.2564731922896],[-120.768203142618,39.2568831927999],[-120.768090142315,39.256988192812],[-120.768071142535,39.2570241927724],[-120.768057142578,39.257038192418],[-120.76801814195,39.2570831923843],[-120.768005142893,39.2570981926632],[-120.767968142831,39.2571261927118],[-120.767900142301,39.2571791927742],[-120.767856142716,39.2572081924142],[-120.76781814279,39.2572351926711],[-120.767678142211,39.2573321931455],[-120.767464142581,39.2575181924882],[-120.767419142916,39.2575381925749],[-120.767281142982,39.2576481927386],[-120.766991141946,39.2578471925482],[-120.766885142534,39.2579571929761],[-120.766778142809,39.2580831925942],[-120.766724142503,39.2581751926686],[-120.766633142254,39.2585751927747],[-120.766602142899,39.2587541925291],[-120.766564142301,39.2588841926657],[-120.766549142412,39.2590061928382],[-120.766511143018,39.2591211933879],[-120.76644214233,39.2592891932952],[-120.766328142694,39.2595251925922],[-120.766160142729,39.2597351927088],[-120.76602214251,39.2598491931489],[-120.765878142243,39.2599521934951],[-120.765748142869,39.2600291929916],[-120.765603142788,39.2601471934649],[-120.765489142765,39.2602311931571],[-120.765412142832,39.260322193083],[-120.765252142012,39.2604831928061],[-120.765199142236,39.2605821931398],[-120.765145141931,39.2606651932031],[-120.765130142888,39.2606891934074],[-120.76503814256,39.2608141933456],[-120.764924142003,39.2610171930835],[-120.764748141993,39.2613941931687],[-120.764718142217,39.2615241931751],[-120.764672142012,39.2616771935719],[-120.764665143082,39.2617911934042],[-120.76464214305,39.2619171929743],[-120.764634143081,39.262031193681],[-120.764611142417,39.2621421936683],[-120.764611142905,39.2622911934714],[-120.764588143113,39.262459193543],[-120.764535142318,39.2625811938276],[-120.764458142271,39.2627221933808],[-120.764405143066,39.262851193543],[-120.76431314224,39.2629771936661],[-120.76426814294,39.2630231937762],[-120.764123142498,39.2631221931669],[-120.764009142378,39.2631761932503],[-120.763894143041,39.263237193108],[-120.76355014309,39.2633511933957],[-120.763299142838,39.2634541934066],[-120.763169142765,39.2635121934925],[-120.762894142737,39.2636181932724],[-120.762765142309,39.2636871936548],[-120.762643142362,39.2637631933414],[-120.762528142247,39.2638551935586],[-120.762460142984,39.2639271937154],[-120.76233714245,39.2640191932802],[-120.762239142772,39.2640761936872],[-120.762101142073,39.2641181937142],[-120.76189514263,39.2641411933743],[-120.76175814293,39.2641371936284],[-120.761560142721,39.2641531942174],[-120.76116214228,39.2641601937537],[-120.760995142703,39.2641791939036],[-120.760728142234,39.2641831940663],[-120.760598142249,39.2641711938718],[-120.760514141806,39.2641521935026],[-120.760392142519,39.2641451941583],[-120.760308142605,39.2641331935789],[-120.760224141852,39.2641071939795],[-120.759964142108,39.2640421943148],[-120.759843141579,39.2640151935459],[-120.759728142383,39.2640001935425],[-120.759515141525,39.2640111936201],[-120.759110142072,39.2639851937844],[-120.758828141394,39.2639771943916],[-120.758683141743,39.2639961942478],[-120.75853014143,39.2640571936951],[-120.758408141644,39.2640841941048],[-120.758293142231,39.2641261937466],[-120.757912141384,39.2641941941205],[-120.757821142229,39.2641871943148],[-120.757562141805,39.2641561940783],[-120.757363141793,39.2641491938965],[-120.757142141993,39.2641641942465],[-120.756981142163,39.2641561940308],[-120.756737141704,39.2641981939362],[-120.756608142138,39.2642401940936],[-120.756508141467,39.2642901942388],[-120.756409141041,39.2643591938407],[-120.756295142148,39.2644611945954],[-120.756180142128,39.2645911939735],[-120.756058141892,39.2647481942632],[-120.755974141811,39.2648961939372],[-120.755867141273,39.2651291943901],[-120.755822141298,39.2652671947795],[-120.755784142041,39.2654151941936],[-120.75573814195,39.2655031942716],[-120.755593141614,39.2657201944206],[-120.75547114143,39.2658651946776],[-120.75536414209,39.265984194507],[-120.75520414114,39.2661901944865],[-120.755028141297,39.2663691941133],[-120.754868141643,39.2665181944299],[-120.754790142036,39.2665821948489],[-120.754578141533,39.2667581947207],[-120.754525141654,39.2668111947127],[-120.754410141749,39.2668841941714],[-120.753785141075,39.2672421950769],[-120.753021141614,39.2677121944269],[-120.752861141301,39.267830194998],[-120.752750141247,39.2679541952198],[-120.752713141317,39.2680511948918],[-120.752676141678,39.2681011944314],[-120.752639141843,39.268253194787],[-120.752632141529,39.2683591944731],[-120.752640142079,39.2684821944576],[-120.752595141206,39.268574195221],[-120.752541141993,39.2686391946502],[-120.75246514121,39.2687041945436],[-120.75235814116,39.2687341947425],[-120.752159141014,39.2688031946414],[-120.751709141228,39.2688751951692],[-120.751320140919,39.2689631954485],[-120.751271140823,39.2689671950586],[-120.75106114094,39.2689861948547],[-120.750909141131,39.2690581946242],[-120.750779141487,39.2691501950314],[-120.750588140918,39.2693061948507],[-120.750458140749,39.2694361947516],[-120.750229140967,39.269707195311],[-120.75000814095,39.2699361952882],[-120.749893141269,39.270046195138],[-120.749703141714,39.2701571948835],[-120.749451140979,39.2703251950228],[-120.749268141144,39.2704621955836],[-120.749184140924,39.2705311955504],[-120.74910814085,39.2706151955472],[-120.748978141742,39.2708441956174],[-120.748932141678,39.2710001950864],[-120.748902141592,39.2712331958302],[-120.748932140794,39.2714691952867],[-120.748947140924,39.2716871951463],[-120.748970141909,39.2718961951648],[-120.748978140995,39.272034195195],[-120.748924141493,39.2723581958258],[-120.748863141113,39.2726441954027],[-120.748803141103,39.272774195789],[-120.748772141076,39.2728771956806],[-120.748672141174,39.2730371955933],[-120.748628141913,39.2730931956873],[-120.748364141886,39.2734231957474],[-120.748280141765,39.2735501960773],[-120.748125141868,39.2737421954198],[-120.74798714111,39.273976195571],[-120.74788714165,39.2741141952878],[-120.747701141423,39.2743901961438],[-120.747647142069,39.2744201955345],[-120.747539141698,39.2745741956272],[-120.747416141443,39.274739195382],[-120.747308141018,39.2748691961969],[-120.74723814148,39.2749191961958],[-120.747016140923,39.2749921959631],[-120.746854141471,39.2750261961958],[-120.746786141042,39.2750451954683],[-120.746417141759,39.2750971960819],[-120.746255141781,39.2751391961193],[-120.746055141719,39.2751851955854],[-120.745863141463,39.2752231957009],[-120.745702140856,39.2752691959527],[-120.745532141478,39.2752951958488],[-120.745463141773,39.2753251957882],[-120.745340140727,39.2753671961063],[-120.744917141144,39.2756391964016],[-120.744809141626,39.2756811956417],[-120.74466314089,39.2757151962559],[-120.744556141227,39.2757311960113],[-120.744471140758,39.2757571958288],[-120.744386141734,39.2758221961311],[-120.744286141031,39.2759061963513],[-120.744155141062,39.2760441964768],[-120.744132141588,39.2760671963854],[-120.744101141313,39.2761751965831],[-120.744046140637,39.2764591959007],[-120.744031141473,39.2766281960673],[-120.743977140668,39.2768391958683],[-120.74386114079,39.2771241963547],[-120.743807141728,39.2771921966982],[-120.743745140991,39.2772501961387],[-120.743652141002,39.2772961965327],[-120.743184141716,39.2774251962573],[-120.742876141438,39.2775281960103],[-120.742799141227,39.2775701967439],[-120.742468141386,39.2777271960091],[-120.742260140611,39.2778611968091],[-120.742014140995,39.2779991965332],[-120.741760140756,39.2781551964111],[-120.741622141252,39.2782861968236],[-120.741537141072,39.2783781962219],[-120.741414140641,39.2785661966752],[-120.741236141033,39.2786951968532],[-120.741076140459,39.2787571969653],[-120.740882141113,39.2787981969807],[-120.740729141282,39.2788481969374],[-120.740506141366,39.2788671969837],[-120.740115140815,39.2789191966236],[-120.739922140682,39.2789231969444],[-120.739730141392,39.2789371963851],[-120.739554140907,39.2789681968588],[-120.739269140755,39.2790591963766],[-120.739253140336,39.2790791970296],[-120.739115141131,39.2791281971839],[-120.738977140923,39.279185196895],[-120.738715140509,39.2792231968141],[-120.738477141177,39.2792841972244],[-120.738331140483,39.2793451967023],[-120.738215140309,39.2794601968637],[-120.738061140364,39.2796401970104],[-120.737992140651,39.2797671970784],[-120.737838140116,39.2799741971065],[-120.737676141028,39.2801091974523],[-120.737507140256,39.2802231967288],[-120.737330140108,39.2802771967151],[-120.737176140071,39.2802921975046],[-120.737069141095,39.2802951967807],[-120.73703114097,39.2803061971795],[-120.73690814073,39.2803841967121],[-120.736799140139,39.2805361967871],[-120.736745140068,39.280640197261],[-120.736690140805,39.280917197261],[-120.736574140674,39.2814271972315],[-120.736504140157,39.2815731976111],[-120.736427140404,39.2817071973631],[-120.73623414074,39.2819601970956],[-120.736135140631,39.2820371973664],[-120.735988141059,39.2821131970827],[-120.735780140429,39.2821701971356],[-120.735566140252,39.2822241977246],[-120.73516614097,39.2823491977156],[-120.734843140076,39.2825091977387],[-120.734750140984,39.282575197877],[-120.734527140938,39.2827431976551],[-120.734241139955,39.2830241978145],[-120.733995140045,39.2832921971855],[-120.733780140868,39.2834141973505],[-120.733749140347,39.2834481973219],[-120.733603139993,39.2835671976992],[-120.733411140825,39.2836741980662],[-120.733187139867,39.2837391976405],[-120.732864140873,39.2838611978424],[-120.732603140646,39.2839911978945],[-120.732403140095,39.2841371976038],[-120.732256140147,39.2842741976983],[-120.732164140101,39.284352197589],[-120.731956140313,39.2845431977044],[-120.731756140077,39.2847041978753],[-120.731510139986,39.2848841981154],[-120.731364140222,39.2849491981772],[-120.731040140482,39.2851091977951],[-120.730641140773,39.2852971975618],[-120.73024714059,39.2855061976075],[-120.730079140113,39.2856141985252],[-120.729878140474,39.2857781981498],[-120.729678140645,39.2859701977179],[-120.729447140032,39.286253198193],[-120.72900713969,39.286840198046],[-120.728877140119,39.2870601981751],[-120.728769140667,39.2872741981617],[-120.728669140318,39.2874431980286],[-120.728476139855,39.2876111980096],[-120.728298139727,39.287749197974],[-120.728168140337,39.2878801988356],[-120.727906140034,39.2880861986602],[-120.727776140469,39.2881511981838],[-120.727598140666,39.2882201987847],[-120.727344139624,39.288292198843],[-120.726729139596,39.2885291984627],[-120.726561139975,39.2885831986722],[-120.726306139953,39.288616198191],[-120.726030139741,39.2886731987162],[-120.725738139347,39.2887571984424],[-120.72542213981,39.2888531991067],[-120.72523813966,39.2889061991166],[-120.725054139276,39.2889351987534],[-120.72466214024,39.2889701987224],[-120.724354139891,39.2890111985107],[-120.723717139604,39.2890901984722],[-120.723317139253,39.2891781989972],[-120.722993139455,39.2893611993293],[-120.722731139792,39.2894791991142],[-120.722069139041,39.289831199364],[-120.721717139825,39.289980199516],[-120.721601139436,39.2900221994538],[-120.721308138975,39.29011719885],[-120.721016139663,39.2901821993839],[-120.720256138808,39.2903071991933],[-120.720055138821,39.290379199359],[-120.719540138719,39.2905431990942],[-120.719249138805,39.2906431993814],[-120.718917139586,39.290749199178],[-120.718525139587,39.2909211998638],[-120.717910138791,39.2912121996652],[-120.717410138819,39.2913991998897],[-120.717094138371,39.291567200042],[-120.716633138332,39.2917802000818],[-120.716510138317,39.2918461994385],[-120.716295138928,39.2919382001307],[-120.715933138885,39.2920791993073],[-120.715634138455,39.2921701996726],[-120.715349138661,39.2922311998024],[-120.715141139165,39.2922571997102],[-120.714857138827,39.2922521999556],[-120.714480138817,39.2922401995871],[-120.713896138121,39.2922352003072],[-120.713413138775,39.2921872003737],[-120.713229137978,39.2921761996966],[-120.712936138425,39.2921712002916],[-120.712368138266,39.2921511996598],[-120.711791137936,39.2921611996591],[-120.710862137558,39.2922352003303],[-120.71071613817,39.2922621999549],[-120.710585138032,39.2923272005021],[-120.71043213771,39.2924421997765],[-120.710331137734,39.2925492002492],[-120.710092137846,39.292906199926],[-120.709938137662,39.293105199854],[-120.709698137712,39.2935072002433],[-120.709566137719,39.2936951999409],[-120.709421138182,39.2938602007761],[-120.709313137982,39.2940062004437],[-120.709158137715,39.2941602006463],[-120.708967138336,39.2943632006511],[-120.708942137796,39.2944052007452],[-120.708835138384,39.2945122006436],[-120.708604137747,39.2947002001159],[-120.708473138132,39.2948532001049],[-120.708365137911,39.2950152002684],[-120.708250138489,39.2951762006563],[-120.708134138045,39.29531320031],[-120.708050137461,39.2954062004108],[-120.707818137703,39.2956182007693],[-120.707757138054,39.2956742002901],[-120.707488138476,39.2958192010609],[-120.707264138437,39.2959222009697],[-120.706949137925,39.2960212004162],[-120.706718138015,39.2960712012124],[-120.706434137801,39.2961202012345],[-120.70615813725,39.2961732010563],[-120.705872137353,39.2962602006684],[-120.705503137164,39.2963822007906],[-120.705219137313,39.296555201262],[-120.704996138166,39.2966702007648],[-120.70478013777,39.2967882010419],[-120.704642137586,39.2968922013313],[-120.704449137649,39.2970712013002],[-120.704257137407,39.2972592010068],[-120.704095137584,39.2973822008863],[-120.704010137297,39.297439201539],[-120.70384913783,39.2975652008679],[-120.703603137609,39.2977872011745],[-120.703495137183,39.2979482010207],[-120.703409137132,39.2981212016152],[-120.703348137035,39.2982602011235],[-120.703309137451,39.2986402013729],[-120.703300137606,39.2986712011223],[-120.703285137907,39.2988202016114],[-120.703261137229,39.2989432011382],[-120.703184137553,39.2990392010458],[-120.702953138046,39.2993882011128],[-120.70282213788,39.2995572010709],[-120.702775137294,39.2996062013668],[-120.702645138174,39.2997172012028],[-120.702522137926,39.2997872017512],[-120.702388137119,39.29982220142],[-120.70236013794,39.2998292012051],[-120.702160137431,39.2998472016474],[-120.701968137206,39.2998392011619],[-120.701814137184,39.2998152014066],[-120.701400137056,39.2997382013618],[-120.701100137045,39.2996902011523],[-120.700946137252,39.2996832013636],[-120.700839137419,39.2996982017147],[-120.700701136925,39.2997282012372],[-120.700486137286,39.2998082015711],[-120.700232137763,39.2999342016767],[-120.700039137757,39.3000452013899],[-120.69980113697,39.3001992017364],[-120.699585137208,39.3003052013758],[-120.69937013761,39.3003322015834],[-120.698925136738,39.3003202017876],[-120.69889913705,39.3003242018128],[-120.698862136967,39.300348202013],[-120.698818137668,39.300381202115],[-120.698780136751,39.3004032022227],[-120.698712137543,39.3004262016256],[-120.698615136817,39.3004552014003],[-120.698542137505,39.3004752021489],[-120.698417136886,39.3005382018794],[-120.698364136809,39.3006262014005],[-120.698012136943,39.3009612020758],[-120.697852136997,39.3010412023331],[-120.697608137086,39.3011062022855],[-120.697371137548,39.3011632016573],[-120.697142137145,39.3011862023265],[-120.696906137103,39.3012242017428],[-120.696501136993,39.3012362019243],[-120.696349136717,39.3012622017112],[-120.696273136603,39.3012662024799],[-120.696143137063,39.3012932024459],[-120.695899136878,39.3013312022719],[-120.695716136459,39.3013542021013],[-120.695609136728,39.3014152023288],[-120.695426136354,39.3015722017378],[-120.695403136704,39.3015872018461],[-120.695342136438,39.3016022021017],[-120.694846137036,39.3015602025312],[-120.694701136988,39.3015522024518],[-120.694212136459,39.301636202189],[-120.693923137053,39.3017202024572],[-120.693839136434,39.301758202449],[-120.693633136682,39.3018122020802],[-120.693442136726,39.30182320195],[-120.693221135956,39.3018542027441],[-120.693030135858,39.3019302024874],[-120.692908136183,39.3020182019961],[-120.692717136051,39.3022162025384],[-120.692657136685,39.302293202472],[-120.692580136717,39.3024032020801],[-120.692512136544,39.3024722025131],[-120.692366136202,39.3025712023453],[-120.692282135921,39.3026512022665],[-120.692206136788,39.3027542022676],[-120.692168136892,39.3028612020643],[-120.692130136723,39.3029492021948],[-120.692061136651,39.3030022022249],[-120.692031136509,39.3030332021569],[-120.691962136924,39.3031362028968],[-120.691847136644,39.3034072024725],[-120.691809136019,39.3034602024312],[-120.691596136273,39.3035672022607],[-120.691512136531,39.3036582024759],[-120.691489135931,39.3037152028734],[-120.691512136705,39.3037922025843],[-120.691619136583,39.3039862022588],[-120.691588136711,39.3040742022558],[-120.691550136331,39.3041052023386],[-120.691482136002,39.3041272024868],[-120.691367136845,39.3041462027585],[-120.691290136233,39.3041472023371],[-120.691123136944,39.3041392026729],[-120.690902135923,39.3041052022915],[-120.690711136315,39.3040512026977],[-120.690558136412,39.3040282025831],[-120.690306136741,39.3039712029762],[-120.689963136299,39.3038802031265],[-120.6896661358,39.3038262025128],[-120.689391136015,39.3038342026378],[-120.689299135928,39.3038492027831],[-120.68916213601,39.3038642027416],[-120.689009135627,39.3038912032712],[-120.688811135553,39.3039482029259],[-120.688613135522,39.3040512031527],[-120.688483135664,39.3040972027304],[-120.688346136288,39.3041852029942],[-120.688109136396,39.3042922031741],[-120.687857136064,39.3043872030497],[-120.687392136302,39.3045472028902],[-120.687140136282,39.3046202032822],[-120.686606135969,39.3046882027371],[-120.686423135964,39.3046882034748],[-120.686240135396,39.3047002026896],[-120.686102135893,39.3046812035722],[-120.68602613608,39.3047032032731],[-120.685889135162,39.3047952033762],[-120.685866136056,39.3048102034926],[-120.685820136033,39.3048522033707],[-120.685751136199,39.3049482033133],[-120.685698135559,39.3050702031745],[-120.685561135677,39.3052412035323],[-120.685393135958,39.3053372031034],[-120.685217135916,39.3054292033025],[-120.684709135542,39.3056682032773],[-120.684691135543,39.3056802029395],[-120.684531134949,39.3057452031082],[-120.684180135167,39.3059702036736],[-120.684096135996,39.3059932034898],[-120.683692135811,39.3061262030817],[-120.683433135232,39.3062712032037],[-120.68324213504,39.3063932039101],[-120.682830135253,39.3066382034408],[-120.682723135797,39.3066952033464],[-120.682532135639,39.3067832034799],[-120.682502135758,39.3068092032626],[-120.68225713532,39.3069242032646],[-120.682005135496,39.3069122038373],[-120.681777134928,39.3068362032977],[-120.681616135198,39.3067602032079],[-120.681517135009,39.306695203719],[-120.681372135272,39.3065652034326],[-120.681265135372,39.3064512040756],[-120.681120135478,39.3063172036269],[-120.681090135099,39.3062932040598],[-120.680996134797,39.3062182040552],[-120.680968135299,39.3061952038602],[-120.680859134665,39.3061292040192],[-120.680825135043,39.3061082034],[-120.680792134673,39.306088203253],[-120.680719135466,39.3060602037506],[-120.68057713519,39.3060112039808],[-120.680479135295,39.3059782034805],[-120.680297134991,39.3059362037447],[-120.680235134996,39.3059402039144],[-120.680167135445,39.3059622040546],[-120.680078134895,39.3059982040228],[-120.67982013429,39.3061012033593],[-120.679808134933,39.3061072037575],[-120.679576135162,39.3062072036611],[-120.67948813436,39.306245203435],[-120.679364134337,39.3063212036369],[-120.679310134657,39.3063592042378],[-120.679244134386,39.3064012038737],[-120.679186134558,39.3064542039334],[-120.679065134693,39.30656420373],[-120.678912134333,39.3066872041164],[-120.678751134744,39.3067872041677],[-120.67849813475,39.3068972035853],[-120.678184135151,39.307041203739],[-120.677878134673,39.3071602037835],[-120.677756134124,39.3071722039297],[-120.677395134067,39.3071292040838],[-120.677196133985,39.3071302037737],[-120.6770361344,39.3071762043412],[-120.676967134035,39.3072372037416],[-120.676852134371,39.3072882038165],[-120.676760134144,39.3073072042963],[-120.676653133915,39.3073032044672],[-120.676430134769,39.3072612044508],[-120.676200134531,39.3072542041637],[-120.675956134711,39.3072932043649],[-120.675848134232,39.3073392038639],[-120.675742134102,39.3074272040462],[-120.675696134738,39.3075202042715],[-120.675642134297,39.3077232045798],[-120.675612134424,39.3078182040573],[-120.675558134408,39.307938203807],[-120.675482133825,39.3080222046255],[-120.675391134886,39.3080912038597],[-120.675375134834,39.3081032046033],[-120.675215134183,39.308209204679],[-120.675116133976,39.308320203951],[-120.675032134374,39.3084992038866],[-120.674955134869,39.3085682047097],[-120.674871134292,39.3086942044866],[-120.674772134822,39.3088202041936],[-120.674620134347,39.3089572046047],[-120.674231134664,39.3091712046415],[-120.6741321342,39.3092092045359],[-120.673895134458,39.309319204341],[-120.673712134347,39.3094192047703],[-120.673422134733,39.3095372047771],[-120.673231134251,39.3095832046243],[-120.672987134693,39.309674204627],[-120.672896134559,39.3097012045682],[-120.672712134142,39.309800204764],[-120.672606134018,39.3098772050693],[-120.672240134589,39.3099982046959],[-120.671942134015,39.3101052047724],[-120.67176613374,39.3102052043291],[-120.671591133734,39.3103112047223],[-120.67144613376,39.3103762043847],[-120.671347134212,39.3103652045151],[-120.671301134088,39.3103462044994],[-120.671172133451,39.3103192049572],[-120.670966134044,39.3102622043558],[-120.670790133893,39.3102052044239],[-120.6705071337,39.3100862046857],[-120.670416133355,39.3100142044381],[-120.67037813405,39.3099452043667],[-120.670401134017,39.3098692045953],[-120.670416134383,39.3097892047005],[-120.670447133954,39.3097092043728],[-120.6704771333,39.3096132045779],[-120.67049213343,39.309491204525],[-120.670477133486,39.3093922047714],[-120.670469134222,39.3092662049735],[-120.670492133798,39.3091552050821],[-120.670508133625,39.3089802049101],[-120.670500133192,39.3088542051442],[-120.670470133159,39.3086942050591],[-120.670409133448,39.3084352047994],[-120.670339133751,39.3083582049711],[-120.670210133054,39.3082782044186],[-120.670065133805,39.3082252044609],[-120.669828133506,39.3081672047898],[-120.669531133211,39.3081332049601],[-120.669241133226,39.3081482049413],[-120.66905813296,39.3081292051682],[-120.668821133203,39.308099204535],[-120.668615133786,39.3080912047201],[-120.668478133812,39.308129204417],[-120.668349133566,39.3081982045506],[-120.668272132785,39.3082252046022],[-120.66818813369,39.3082632049583],[-120.667990133715,39.3083092051458],[-120.667830133359,39.3083702051375],[-120.667768132796,39.3084042048551],[-120.667669133556,39.3084882048972],[-120.667585132702,39.308606205229],[-120.667540133748,39.308759205076],[-120.667501133161,39.308847204869],[-120.667387133239,39.3089312046926],[-120.667341133455,39.3089762049613],[-120.667295132795,39.3090532051958],[-120.667265133714,39.3091402046464],[-120.667212132856,39.3092132053743],[-120.667081132955,39.309289205224],[-120.666952133158,39.3093732045941],[-120.666846133162,39.3094952046458],[-120.666807132755,39.3095332052201],[-120.666761133159,39.309552204672],[-120.666708133009,39.309564205357],[-120.666601132973,39.3095792053916],[-120.665762133261,39.3097242050781],[-120.665563132455,39.3097332053699],[-120.665495132951,39.309736204863],[-120.665470132589,39.3097382054352],[-120.665193133099,39.3097662054269],[-120.66510113244,39.3097762048067],[-120.664965132815,39.3097892050684],[-120.664892133219,39.3097972049522],[-120.664572132873,39.3098122048754],[-120.66455613246,39.3098122054469],[-120.66442013281,39.3098152049387],[-120.664343133264,39.3098152048611],[-120.664115133124,39.3098082051257],[-120.664092132959,39.3098082049584],[-120.664040133157,39.3098182049587],[-120.663891133274,39.3098442056339],[-120.663839132258,39.3098542055552],[-120.663687132989,39.3099262051974],[-120.663470132683,39.3100012056435],[-120.663360133137,39.3100442057124],[-120.663328133216,39.3100492052626],[-120.663145132808,39.3100982054572],[-120.663000132179,39.3101132050434],[-120.662934132447,39.3101102054877],[-120.662809132494,39.3101052049705],[-120.662565132668,39.3100712050258],[-120.662405132001,39.310018205246],[-120.661978132093,39.3098612051933],[-120.661791132929,39.3097742055303],[-120.661649132391,39.3097092057875],[-120.661439132609,39.3095862051118],[-120.661428131899,39.3095792052036],[-120.661321132386,39.3095122052386],[-120.661276132676,39.3094842055508],[-120.661169132571,39.3093962053966],[-120.66107713257,39.3093082050476],[-120.661022132709,39.3092302054506],[-120.660986132484,39.3091792051507],[-120.660955131728,39.3091102057905],[-120.660925131674,39.3090682058497],[-120.660911132364,39.3090562053788],[-120.660818132594,39.308980205405],[-120.660741131882,39.3089362052609],[-120.660681132436,39.3089022051542],[-120.66065813179,39.3088892058517],[-120.660330131724,39.3087442057195],[-120.660162132264,39.3086522057882],[-120.660001131511,39.3085532056331],[-120.659946131487,39.3085002055238],[-120.659727132087,39.3082862053658],[-120.659620132028,39.3082022056041],[-120.659491131586,39.3081302052724],[-120.659101132251,39.3079852051462],[-120.658849131746,39.3079122059401],[-120.658415131785,39.3078282056067],[-120.658117131985,39.3078052058681],[-120.658010131845,39.3078092056827],[-120.657605131147,39.3078582059766],[-120.65750713093,39.3078702053008],[-120.656927131456,39.3079852059297],[-120.65678213131,39.3080272056535],[-120.656473131244,39.308115205686],[-120.656438131405,39.3081272060532],[-120.656077131461,39.3081652054246],[-120.655505130858,39.3086092056936],[-120.654984131578,39.3091732055589],[-120.654350131125,39.3096172059834],[-120.653656131319,39.3098302065292],[-120.652941130981,39.3099642057904],[-120.652008131002,39.3100682066551],[-120.651542131302,39.3102872060565],[-120.64972213043,39.311140206416],[-120.648752130016,39.3114552065853],[-120.64793813063,39.3125092063683],[-120.64722813101,39.3130842066793],[-120.646320130384,39.3142602066574],[-120.645808130664,39.3151602068239],[-120.64076513003,39.3151982071948],[-120.63957512962,39.3152082080246],[-120.636287129094,39.3152322080512],[-120.636201129577,39.3152342077491],[-120.630699128257,39.3152772080564],[-120.6261391278,39.3153422090863],[-120.624963126925,39.3154162092407],[-120.624899126731,39.3154172084939],[-120.624489127222,39.3154182086659],[-120.623041127391,39.315422209215],[-120.617323126376,39.315432209672],[-120.617179126019,39.3154322094177],[-120.617026125497,39.3154322094123],[-120.616959125943,39.3154332097446],[-120.614924125179,39.3154392094557],[-120.614842125467,39.3154392096203],[-120.609113125129,39.3154562099548],[-120.608891125085,39.3154572102275],[-120.607504124103,39.3154612098935],[-120.599029123166,39.3154862110627],[-120.596481123127,39.3154932107587],[-120.592914122106,39.315464211637],[-120.585947121417,39.315488212232],[-120.579666120325,39.3155082124766],[-120.579641119525,39.3155092119417],[-120.576636119898,39.315534213062],[-120.57366411914,39.3155442125636],[-120.573457119057,39.3155442124788],[-120.573250118654,39.3155452126878],[-120.567813117722,39.3155642136932],[-120.56779611837,39.3135432131215],[-120.567747116963,39.3074842123099],[-120.567731116594,39.3054642125048],[-120.567727116738,39.3051182120585],[-120.567717116597,39.3040812122985],[-120.567714116856,39.3037362125626],[-120.567699115858,39.3018212117477],[-120.567655115398,39.2960792120381],[-120.567644115764,39.2945982119756],[-120.567641114966,39.2941652111597],[-120.567635115372,39.2937622118259],[-120.567618115572,39.2925572112533],[-120.567613114877,39.2921552109053],[-120.567616114598,39.2917882108808],[-120.567626114537,39.2906882116534],[-120.567630115078,39.2903222114535],[-120.567611114471,39.2881772111535],[-120.567557113626,39.2817422105268],[-120.567540113509,39.279598210725],[-120.567538113177,39.2794952104352],[-120.567534113407,39.2791892102779],[-120.567533113892,39.2790872104848],[-120.567519112801,39.277869210203],[-120.567480113358,39.2742152101802],[-120.567467112844,39.2729972096981],[-120.567453112749,39.2717392094163],[-120.567412111713,39.2679652090491],[-120.56739911221,39.2667072096309],[-120.56737711193,39.2633772088611],[-120.567311109662,39.2533882077231],[-120.567290109485,39.2500592080472],[-120.567268109616,39.2473312074604],[-120.567202108061,39.2391472071786],[-120.567180108413,39.2364202066554],[-120.567147107429,39.2326562066047],[-120.567142107101,39.2322012064112],[-120.567029106088,39.219547205624],[-120.566993104651,39.215383204664],[-120.566993104766,39.2153292047726],[-120.566649104782,39.2154472045138],[-120.566070104435,39.2155952047985],[-120.565826104509,39.2156492052137],[-120.565653105193,39.2157212047159],[-120.565080104882,39.2158962048572],[-120.564820104595,39.2159612046857],[-120.564803104771,39.2159662053104],[-120.564463104263,39.2160322050933],[-120.56427510505,39.2160902051103],[-120.563898105032,39.2161942053238],[-120.563677105158,39.2162652052921],[-120.563315104368,39.2163632055747],[-120.563140105083,39.2164022054054],[-120.562890104053,39.2164812056811],[-120.56263010512,39.2165892049616],[-120.562321104348,39.2166782055938],[-120.560903104411,39.2171602055361],[-120.560553104114,39.2173172057112],[-120.559979104602,39.2176252058062],[-120.559742104791,39.2177282056849],[-120.559445104298,39.2178272058208],[-120.55910110383,39.2179072056701],[-120.558668103658,39.2180472057855],[-120.558405104081,39.218143205333],[-120.558097104352,39.2182572056704],[-120.557721103477,39.2184522061331],[-120.55730910451,39.2186922058909],[-120.557036104383,39.2189492059549],[-120.556833103935,39.2192732062786],[-120.556698103598,39.2195172056829],[-120.556642103471,39.2195982061997],[-120.556574103766,39.2197202058533],[-120.556527103496,39.2197632064322],[-120.556431103536,39.2198192058718],[-120.556226103897,39.2199062064598],[-120.556043103867,39.2199732061455],[-120.555561104076,39.220065206031],[-120.555320104171,39.2200982060191],[-120.555131104147,39.2201182061568],[-120.554971103361,39.2200582062707],[-120.55477510417,39.2199432062742],[-120.554577104204,39.2197952060878],[-120.554440103676,39.2197162057785],[-120.554294103309,39.2196812059291],[-120.554139103434,39.2196892059039],[-120.553926103748,39.2197552065389],[-120.553775103555,39.2198152064579],[-120.553662103047,39.2198612064171],[-120.553031103643,39.2201822061797],[-120.552807103275,39.2203362066155],[-120.552697102906,39.2204622067438],[-120.552522103722,39.2207262065024],[-120.55242810373,39.2209882065319],[-120.552348103402,39.2211182062519],[-120.55227010343,39.2212922061604],[-120.552166103006,39.2214602066014],[-120.551601103166,39.2220352069095],[-120.551301103643,39.2224332065258],[-120.551078103332,39.222669206284],[-120.550930103372,39.2227952062924],[-120.550737102971,39.2228352071664],[-120.550437103176,39.2227812070639],[-120.549875103884,39.2226352069522],[-120.54952010326,39.2225252071591],[-120.549236102952,39.2224662065254],[-120.548400103132,39.2222722068289],[-120.548092103083,39.2222422072177],[-120.547615103103,39.2222822066896],[-120.547410103094,39.2223392069006],[-120.54694410236,39.2223942066379],[-120.546710102475,39.2223862074732],[-120.546506102572,39.2223412071166],[-120.545912102805,39.2220912066967],[-120.545588102224,39.221939207271],[-120.544946102408,39.2216392067046],[-120.544570102198,39.2213942072416],[-120.544238102667,39.2211702067438],[-120.54384310229,39.2210302068809],[-120.543475102633,39.2209952069754],[-120.543141101751,39.2210032074001],[-120.542913101616,39.2210542069359],[-120.542591102342,39.2211412070109],[-120.542270101562,39.2212282072027],[-120.54164510135,39.2214082070395],[-120.541173102286,39.2215012071074],[-120.540704101934,39.2216292076374],[-120.54009810169,39.2218042078301],[-120.539560101316,39.2219602072984],[-120.538757101879,39.2221662076786],[-120.537798101706,39.2224682076248],[-120.53742210138,39.2225632080698],[-120.537166101423,39.222651208164],[-120.53693910093,39.2227812079874],[-120.53671710156,39.2228762076353],[-120.536405101696,39.2229662077485],[-120.53602210158,39.2230842079163],[-120.535732101569,39.2231782075401],[-120.535546100723,39.2232032076728],[-120.534690101258,39.2233352082725],[-120.53440210061,39.2233762083127],[-120.534011100859,39.223382207844],[-120.533645100611,39.2233772081867],[-120.532778100946,39.2233322084584],[-120.532592100624,39.2233392085979],[-120.53249510028,39.2233442080033],[-120.53213910111,39.2233892081871],[-120.531799100923,39.2234062081811],[-120.531373100885,39.2234962085165],[-120.53108209999,39.2235772080456],[-120.530898100381,39.2236582079499],[-120.530612100911,39.2237452080122],[-120.53043309998,39.2238572085784],[-120.530232100719,39.2239662081045],[-120.530126100538,39.2239732081003],[-120.529991100364,39.2239762081687],[-120.529910100634,39.2239682083823],[-120.529734100765,39.2239282081966],[-120.529548099738,39.2238962082221],[-120.529223099882,39.2238102083589],[-120.5288631004,39.2237492085973],[-120.528718099695,39.2237372082807],[-120.5282681005,39.2237322087502],[-120.527794099903,39.2237372083897],[-120.527550099476,39.2237292085189],[-120.527365099626,39.2237322083733],[-120.526411099346,39.2237432090608],[-120.525936100159,39.2237162091223],[-120.52568209929,39.2236722090247],[-120.525628099775,39.223653208683],[-120.525443099466,39.2235902083951],[-120.525247099405,39.2234832089893],[-120.525148099402,39.2234022091523],[-120.524632098814,39.2230072087296],[-120.524476099661,39.2229042087633],[-120.524039099651,39.2225402091768],[-120.523801099569,39.2223842090271],[-120.52371409862,39.22229720882],[-120.523627098717,39.2221792089043],[-120.523464098613,39.2220172087215],[-120.523365099481,39.2219462089844],[-120.523293099141,39.221846208432],[-120.523192098959,39.2217712084443],[-120.522620099308,39.2214522089398],[-120.521961098637,39.2211102085792],[-120.521782098549,39.2210372090305],[-120.521646098178,39.2209772088137],[-120.521112098233,39.2206722086398],[-120.52079609806,39.2205262086213],[-120.520543098636,39.2204202088488],[-120.520399097968,39.2203862092014],[-120.520169098575,39.2203962087287],[-120.519894098319,39.2204132092023],[-120.519569098348,39.2204682087035],[-120.519294098349,39.2204802093371],[-120.519001098545,39.2204732088069],[-120.518809098081,39.2204642093153],[-120.518548097846,39.2203882087334],[-120.518345098471,39.2203062089266],[-120.518069097469,39.2201412088641],[-120.51798109781,39.2200722088798],[-120.517539097758,39.219667209521],[-120.517331097926,39.2195162087829],[-120.517217097167,39.2194692091528],[-120.517093098201,39.2194502090645],[-120.516890098087,39.2194482087277],[-120.516702098048,39.2194832089607],[-120.516249097495,39.2195832091176],[-120.515331097427,39.2198092093409],[-120.515143097122,39.2198492092571],[-120.514456097171,39.2200412095922],[-120.51420309774,39.2200662092309],[-120.514014097285,39.2200782093088],[-120.513716097598,39.22006620967],[-120.513536097578,39.2200482090403],[-120.513437097013,39.2200402092671],[-120.513355097364,39.2200352090341],[-120.513185097505,39.2199932091257],[-120.512398096997,39.2198462097075],[-120.511911097113,39.2197282099587],[-120.511810096396,39.2197072095003],[-120.511605096438,39.2196272099304],[-120.511364096897,39.21956720981],[-120.510966096998,39.2194872099466],[-120.510737096755,39.2194582092725],[-120.510498096215,39.219437209748],[-120.51042209685,39.219402209576],[-120.510325096533,39.2193662092298],[-120.510259096649,39.2193242097938],[-120.510190096539,39.2192962096062],[-120.510055096067,39.2192562097253],[-120.509867096798,39.2192062099393],[-120.509602096684,39.2191122098055],[-120.509360095951,39.2190382096898],[-120.509151096596,39.2189932093868],[-120.509053096011,39.2189852100014],[-120.509000096612,39.2189942094978],[-120.508736096838,39.2190002098336],[-120.508478096531,39.21899020928],[-120.508132096624,39.2189622099732],[-120.507883095555,39.2189472100351],[-120.507622096396,39.2189032097849],[-120.507338096522,39.2188492094844],[-120.507322096522,39.2188462093717],[-120.507142096212,39.2187782100527],[-120.50697809622,39.2186952098053],[-120.506791096478,39.2185912094887],[-120.506426095575,39.2183432098714],[-120.506112096203,39.2180922102348],[-120.505770096184,39.2178792098326],[-120.505185095711,39.2176042096741],[-120.505040095593,39.217560209991],[-120.504771096005,39.2175242100516],[-120.504592095321,39.2175322103358],[-120.504360095177,39.2175542099128],[-120.504069095466,39.217624210285],[-120.503677095186,39.2177342103248],[-120.503286094887,39.2178972104335],[-120.502977094828,39.2180022096284],[-120.502769094682,39.2180132096702],[-120.502590094851,39.2179942098397],[-120.502428095306,39.2179312099085],[-120.50201609522,39.2177992103627],[-120.501664094768,39.2177182102051],[-120.501388095206,39.2177212097815],[-120.50118109498,39.2177472101397],[-120.501050094335,39.2177792105903],[-120.500912094357,39.2177812100605],[-120.500788094719,39.2177912098183],[-120.500052094322,39.21779421015],[-120.499885094523,39.2178092098498],[-120.499798094426,39.2178172107379],[-120.499401094432,39.2178442104045],[-120.49904309434,39.2178842101332],[-120.498747094916,39.2178942104377],[-120.498466093912,39.2178912103647],[-120.49829209485,39.217854210017],[-120.498095094367,39.2177692107933],[-120.49793709465,39.2177072108069],[-120.497676093789,39.2176302102409],[-120.497262094813,39.2175352104672],[-120.496982094227,39.217493210316],[-120.496871094496,39.2174522101528],[-120.496241094056,39.2172222107042],[-120.496011094154,39.2171752109549],[-120.495891094485,39.2171562109485],[-120.495799093664,39.2171292102866],[-120.495651093705,39.2170782102091],[-120.495488094175,39.2170392104541],[-120.495269094331,39.2169982105451],[-120.495026093237,39.2169932110482],[-120.494837094266,39.2170052102425],[-120.494628093273,39.2170652107013],[-120.494400093645,39.2171682106892],[-120.493964093518,39.2173942105832],[-120.493760093646,39.2174872107483],[-120.493721093685,39.2175062105405],[-120.493188094096,39.2176412109289],[-120.492767093821,39.2177652104296],[-120.492398093546,39.2179152104641],[-120.49223709406,39.2180262109917],[-120.492064092945,39.2181942107756],[-120.491774093323,39.2184262111398],[-120.491358093654,39.2185842112836],[-120.49081709381,39.2186472113942],[-120.490339093035,39.218675210725],[-120.490124092976,39.2186962115723],[-120.489729092906,39.2186682110256],[-120.489422093235,39.2185832114207],[-120.488941092807,39.2183792116226],[-120.488567093491,39.218171211508],[-120.488043093095,39.2179492111675],[-120.487628092243,39.2177932113082],[-120.48745909314,39.21775121131],[-120.487236093202,39.2176962109393],[-120.487016092411,39.2176582110047],[-120.486776092706,39.2176002110165],[-120.48655909308,39.2175702111518],[-120.486376091996,39.2176032110202],[-120.485920092345,39.2177012109197],[-120.485852092815,39.21771321143],[-120.485599092781,39.2177882111873],[-120.485448091917,39.2178402115928],[-120.485256092525,39.2178692116776],[-120.485188092439,39.2178852114973],[-120.484876092708,39.2179422111757],[-120.484755091912,39.2179362119267],[-120.484627092214,39.2179142119274],[-120.484468091777,39.217858211091],[-120.484272091725,39.2177572112547],[-120.484075092564,39.217605211772],[-120.483868092595,39.2173872115106],[-120.483571091668,39.217126211543],[-120.483333091463,39.2169812118393],[-120.483316091755,39.2169712110899],[-120.483072091572,39.2169242118245],[-120.482878092155,39.2169582118458],[-120.48252109186,39.2170672118169],[-120.481961091796,39.2173322119958],[-120.481851092013,39.217410211839],[-120.481593092175,39.2175662117117],[-120.481335091522,39.2176852115712],[-120.48118809149,39.2177292113728],[-120.480907092067,39.2177952118769],[-120.480416091701,39.2178622116229],[-120.480046091746,39.2179572120963],[-120.479625091519,39.2180562116569],[-120.479203091544,39.2180912116699],[-120.478843090852,39.2179832115709],[-120.478716091556,39.2179392117918],[-120.478465090923,39.2177952118374],[-120.478267090965,39.2175332118359],[-120.478126091649,39.2172912117416],[-120.477942091509,39.2170432115698],[-120.477692090892,39.2169822122425],[-120.477270091374,39.2169732118656],[-120.477257091507,39.2169732122763],[-120.476978090711,39.217003212339],[-120.476519090849,39.2170792117352],[-120.476213090429,39.2171522122295],[-120.476034091195,39.2172652122512],[-120.475653091356,39.2176532118852],[-120.47546309038,39.2178912120564],[-120.475380091151,39.217972212503],[-120.475265091261,39.2180752119147],[-120.47512709129,39.218191212137],[-120.474951090556,39.2183542124332],[-120.474792090843,39.2184892125498],[-120.47461209044,39.2186572119943],[-120.474372090828,39.2188602121747],[-120.474037090615,39.2190692125931],[-120.473726090983,39.219284212562],[-120.473430090956,39.2193942126962],[-120.473262091208,39.2194402126601],[-120.473199090492,39.2194622124881],[-120.473132090116,39.2194872124637],[-120.473036090144,39.2194992126189],[-120.472939090896,39.2195222123064],[-120.472818090512,39.2194972124252],[-120.472731090835,39.2194452123567],[-120.472576090446,39.2193812126819],[-120.472287090286,39.2192532125286],[-120.472109090885,39.2191492126556],[-120.471602090144,39.2189632126966],[-120.471169090438,39.218907212953],[-120.47093708978,39.2189072124196],[-120.470546089937,39.2190212124547],[-120.470329090568,39.2191022127694],[-120.470075089691,39.219146212567],[-120.469817089803,39.2191772131999],[-120.469473089472,39.2191282129406],[-120.469015090359,39.2190762131449],[-120.468587089432,39.2190672129606],[-120.468219090229,39.2191012128582],[-120.468013089733,39.2191572132273],[-120.467515089453,39.2193492126268],[-120.467027089312,39.2194212129763],[-120.466734089662,39.2194322129666],[-120.466472089389,39.2194312127108],[-120.466366088967,39.2194212129536],[-120.466190089907,39.2193532128158],[-120.466008089055,39.2192552130168],[-120.465865089077,39.2191522132973],[-120.465632089862,39.2191002134157],[-120.465482089345,39.2190872132868],[-120.46519108889,39.2190622129827],[-120.464656089549,39.2190652132197],[-120.464416088796,39.21911221274],[-120.463980089482,39.2192162129161],[-120.463683088711,39.2193512134116],[-120.463406089112,39.2195172132948],[-120.463273088996,39.2196532137128],[-120.463145089285,39.2197312136801],[-120.463079089464,39.2197872137448],[-120.46301408945,39.2198282136749],[-120.462950088513,39.2199042134715],[-120.462881088563,39.2199582137183],[-120.462754089467,39.2201022135945],[-120.462605088496,39.2202822136857],[-120.462470089426,39.2203732129992],[-120.462328088921,39.2204342136488],[-120.462164089326,39.2204532130421],[-120.461928089067,39.2204672134291],[-120.460941088589,39.2205402136319],[-120.460576089084,39.220579213624],[-120.460159089273,39.2206862139893],[-120.459570088519,39.2208842133432],[-120.459320088642,39.2209652138837],[-120.458643088171,39.2211862141121],[-120.458237088877,39.2212662135555],[-120.457362088774,39.2213072143489],[-120.457031088697,39.221297213773],[-120.456712088484,39.2212352139214],[-120.455720087536,39.2210142139202],[-120.455401088122,39.2209512136632],[-120.454737087677,39.2207922140907],[-120.454230087286,39.2207042136922],[-120.45394708769,39.2206452140147],[-120.453742087182,39.220590214259],[-120.453586087722,39.2205762140023],[-120.453322087312,39.2205872144717],[-120.453066087699,39.2206562146239],[-120.452259087091,39.2208942145237],[-120.451459086861,39.2211232147699],[-120.4506780867,39.2213582143223],[-120.450419087512,39.2214302145812],[-120.449884087482,39.2216212149079],[-120.449319087494,39.2217862142382],[-120.449077086557,39.2218502145551],[-120.447829087293,39.2217642150971],[-120.4476220867,39.2217672144316],[-120.447429087203,39.2217702143157],[-120.446899086471,39.221841214558],[-120.446663086607,39.2218532148353],[-120.446489086663,39.2218352149634],[-120.446223087083,39.2217992145657],[-120.445781086896,39.2217832146854],[-120.445456086061,39.2217982152771],[-120.445123086615,39.2218552151027],[-120.444866086199,39.2219522147352],[-120.444644085933,39.222083214586],[-120.444466086259,39.2222732149436],[-120.444146086072,39.222549214798],[-120.443904086327,39.2226772149811],[-120.443744085879,39.2227512149618],[-120.442989086364,39.2231672153357],[-120.442801086302,39.2232382148735],[-120.442456086011,39.2233332150317],[-120.441976086181,39.2235362153876],[-120.441745086582,39.223608215617],[-120.441406086528,39.2236952151516],[-120.441103086363,39.2237002149669],[-120.440850086541,39.2237142152879],[-120.440473086428,39.2238662152491],[-120.440092086391,39.2240492153975],[-120.439967086002,39.2241522158539],[-120.439753085584,39.2245352154287],[-120.439684086382,39.224628215891],[-120.439592086334,39.2247562155352],[-120.43937708545,39.2249742153667],[-120.439163085936,39.225083215679],[-120.439009086078,39.2252102158527],[-120.438961086254,39.2252862158199],[-120.438892086354,39.2253852158317],[-120.438847086024,39.2254652154596],[-120.43870908622,39.2256822158407],[-120.438617085361,39.2257812155378],[-120.438526085496,39.2258422159536],[-120.438396086398,39.2258922156613],[-120.43820608638,39.2259532156933],[-120.438068085959,39.2259842162521],[-120.437907086182,39.2260072160662],[-120.437732086104,39.2260872160847],[-120.437580085943,39.2261822161749],[-120.43735108539,39.2264532159581],[-120.437290085561,39.2265172160093],[-120.43722108617,39.2265632159521],[-120.43706108612,39.2266322159663],[-120.437000085486,39.2266852156279],[-120.436939086234,39.2267732163005],[-120.436886086203,39.2268872164157],[-120.436840085251,39.2270132157257],[-120.436802086094,39.2270672164118],[-120.436717086087,39.2271202162765],[-120.436641086158,39.2271852162534],[-120.436588085298,39.227273216069],[-120.43655008621,39.227364216227],[-120.436527085475,39.2274412156244],[-120.436489085282,39.227525216102],[-120.436397086099,39.22762421598],[-120.436352086014,39.2277192164893],[-120.436237086221,39.2280172163472],[-120.436161085692,39.2280702160944],[-120.436077085477,39.2281392160982],[-120.435970085604,39.2282652160353],[-120.435855085856,39.2285092157945],[-120.435856085778,39.2288712166108],[-120.435818086171,39.2289442166625],[-120.435771086392,39.2290622162622],[-120.435695086027,39.2291652158653],[-120.435612086171,39.2292372164966],[-120.435535086351,39.2292952161233],[-120.435466085707,39.2294092160924],[-120.435406086127,39.2295242160342],[-120.435367085658,39.2296492163623],[-120.435367086014,39.2297102167638],[-120.435352085499,39.2297902162814],[-120.435306086441,39.2299012160951],[-120.435276085848,39.2300082167899],[-120.435245085366,39.2301802166481],[-120.435146086245,39.2305722166698],[-120.435070085832,39.2310462161272],[-120.435031086344,39.2311112165785],[-120.434742085543,39.2313932162345],[-120.434597085683,39.2315492162062],[-120.434459085799,39.2316752163854],[-120.434345086292,39.2317512163808],[-120.434085085805,39.2319422163118],[-120.433971085503,39.2320642164619],[-120.433918086104,39.2321642170476],[-120.433826086463,39.2323052168636],[-120.433666085949,39.232507216464],[-120.433552085785,39.2327202166622],[-120.433437085819,39.2329112170617],[-120.433376085733,39.2330792172096],[-120.433491086243,39.2332582167655],[-120.433620086555,39.2334792168546],[-120.433712086281,39.2336892165468],[-120.433750086188,39.2338572172401],[-120.433765086464,39.2340442164931],[-120.433750085905,39.2341742170849],[-120.433696086105,39.2344142168297],[-120.433712086502,39.2345252165743],[-120.433742085915,39.2346012167495],[-120.433757086671,39.2346852164784],[-120.433788085885,39.2347992169552],[-120.433811085987,39.2349102170452],[-120.433819086562,39.2350092173263],[-120.43384108618,39.2351202164749],[-120.433872086533,39.2352192169624],[-120.433888086465,39.2353792172838],[-120.433917086121,39.2355162170491],[-120.434040086569,39.2357452169387],[-120.434108086937,39.235837216708],[-120.434170086454,39.2358982173936],[-120.434238087031,39.2359782171037],[-120.434291086918,39.2360812173062],[-120.43429708695,39.2361462169388],[-120.434307086783,39.2362412167366],[-120.43429208651,39.2364242168989],[-120.434292087099,39.2366612168207],[-120.434322086911,39.2366722166438],[-120.434520086308,39.236714217098],[-120.434627087109,39.2367262170862],[-120.43469608673,39.2367492166308],[-120.434719086122,39.2367942166647],[-120.434757086873,39.2368932172901],[-120.434772087228,39.2370732169762],[-120.434772086235,39.2371992169746],[-120.434727086516,39.2373482172498],[-120.434696087261,39.2374242174841],[-120.434650087155,39.2374622167919],[-120.434581086579,39.2375002169211],[-120.434406086317,39.2375532169569],[-120.434292087245,39.2375992170575],[-120.434177086641,39.2376602170146],[-120.434086086219,39.2377252167717],[-120.43398708714,39.2378662166996],[-120.433940086538,39.2380042172269],[-120.43391008631,39.2381562170563],[-120.433887086974,39.2383552175389],[-120.433849086432,39.2385112175967],[-120.433849086717,39.2387362168215],[-120.433911087149,39.2389232169036],[-120.433956087029,39.2390032175912],[-120.434040086668,39.2391062168033],[-120.434139086976,39.2392092175464],[-120.434246087455,39.2394612172085],[-120.434322086721,39.2395902171186],[-120.434375087261,39.2397392172018],[-120.434398087195,39.2398802174615],[-120.434376087133,39.2400262169703],[-120.434360087131,39.2401472170162],[-120.434361086692,39.2402242174586],[-120.434406087151,39.2403302174626],[-120.434429087009,39.2404682177496],[-120.434506087618,39.2407732173063],[-120.434536086762,39.2409332176374],[-120.434528087113,39.2409752173631],[-120.434505087528,39.2410252176612],[-120.434467087103,39.2410752173137],[-120.434406087295,39.2411352174696],[-120.434368086884,39.241219217751],[-120.434292087379,39.2413802176696],[-120.434169087705,39.2415932170165],[-120.434071086959,39.2417152175461],[-120.433971086887,39.2418032172394],[-120.433910087273,39.241875217186],[-120.433758087512,39.2418602179137],[-120.433430086739,39.2418412178925],[-120.433231087111,39.2418342176458],[-120.433071087546,39.2418412177351],[-120.432895086658,39.2418792173841],[-120.432859086893,39.2418982177989],[-120.432751086738,39.2419602174933],[-120.432621086997,39.2420012175711],[-120.432522087443,39.2420132171874],[-120.432399087337,39.2420212173785],[-120.432232086831,39.2420242180424],[-120.431995086543,39.2420202179483],[-120.431858087292,39.2420132175745],[-120.431430086585,39.2419632176324],[-120.431217086375,39.2419902174173],[-120.431027086935,39.2420212181769],[-120.43082808685,39.2420702180218],[-120.43065208714,39.2420972177115],[-120.430515087045,39.2421392174278],[-120.430416086184,39.2421582177541],[-120.430279086799,39.2421962174957],[-120.430171086572,39.2422152178241],[-120.429966087118,39.2422652181944],[-120.429737087041,39.2423142174589],[-120.42922608656,39.2424132179533],[-120.429127086409,39.2424062177809],[-120.428935086148,39.242371217685],[-120.428776085889,39.2423452175714],[-120.428569086505,39.2423262179828],[-120.428119085949,39.242318217999],[-120.427990086543,39.2423262176748],[-120.427486085737,39.24229921762],[-120.427326086664,39.2422762182231],[-120.427189086311,39.2422762177284],[-120.426990086383,39.2423062178791],[-120.426860086325,39.2423452178158],[-120.426708086092,39.2424102183184],[-120.426586086587,39.2424522179209],[-120.426426086133,39.2425322181416],[-120.426288086669,39.2426082181676],[-120.426090085837,39.2426922179702],[-120.425762085584,39.2427992182903],[-120.425480085842,39.242936218669],[-120.42529708582,39.2430052180086],[-120.425220086163,39.2430282182254],[-120.425052086215,39.243016217914],[-120.424838086156,39.2430272184152],[-120.424701085963,39.2430122186941],[-120.424549085701,39.2430432185483],[-120.424473085822,39.2430892187658],[-120.424442086248,39.2431272179639],[-120.424366086216,39.2431732181165],[-120.424297085931,39.2431952181585],[-120.424121085567,39.2432302186523],[-120.423969085315,39.2432412183434],[-120.423732086258,39.2432682181633],[-120.423580085554,39.2432872185883],[-120.423091086158,39.2433752184893],[-120.42267208513,39.2435052182306],[-120.422527085564,39.2435162189014],[-120.422298085706,39.2435502185825],[-120.422092085811,39.2435622187127],[-120.421855085118,39.2435882187921],[-120.421642085479,39.2435892186133],[-120.421116085016,39.2435622186754],[-120.420955084867,39.2435652183238],[-120.42079508482,39.2435462190687],[-120.420642085282,39.2434822188056],[-120.420558084874,39.2435582189985],[-120.420482085803,39.2436422189095],[-120.420452085396,39.2436992187969],[-120.420406085119,39.2437712188779],[-120.420368085027,39.2438522184319],[-120.420337085574,39.243901218716],[-120.420324085325,39.2439732186106],[-120.42032208487,39.24398921893],[-120.42021508538,39.244069218547],[-120.420131084984,39.2441722185242],[-120.420016085058,39.2443702184678],[-120.419940085333,39.2444582186782],[-120.419872085713,39.2445042191426],[-120.419780085506,39.244557218968],[-120.419666085475,39.2446112184115],[-120.419559085803,39.2446762192327],[-120.419475085238,39.244764218743],[-120.419407084929,39.2448472187501],[-120.419300085552,39.2449622188787],[-120.419216085188,39.2450302187659],[-120.419070085082,39.2452102189153],[-120.419025084771,39.245267218644],[-120.418972085056,39.2453512188692],[-120.41891008515,39.2454842191772],[-120.418873085094,39.2456032188976],[-120.418819084774,39.2457482187769],[-120.418735085833,39.2457902188701],[-120.418597085285,39.2458432189018],[-120.418445085365,39.245858218621],[-120.418315085165,39.2458542186592],[-120.417949085409,39.2458282191872],[-120.417812084984,39.2457932194507],[-120.417506085471,39.2456752189535],[-120.417362085262,39.2456292189094],[-120.417103084847,39.2455532189422],[-120.41673608529,39.2454392193196],[-120.416514085155,39.2453392187163],[-120.416446085204,39.2452902194302],[-120.416278084372,39.2450922191506],[-120.416111084961,39.2449202192123],[-120.415897084322,39.2447442191869],[-120.415775084126,39.2446832188594],[-120.415645084721,39.2446342195586],[-120.415515084338,39.2445542194541],[-120.415386085019,39.2444432187421],[-120.415249084995,39.2443172189662],[-120.41512608427,39.2442332192585],[-120.415047084765,39.2441362196051],[-120.415012084109,39.2440922193347],[-120.414897085032,39.2440012195069],[-120.414821084713,39.2439552195323],[-120.414722084398,39.243909219302],[-120.414455084302,39.2438292187594],[-120.414210083737,39.2437792195961],[-120.413730084361,39.24364221946],[-120.41342508371,39.2435242190198],[-120.413295083909,39.2434782190616],[-120.413196084473,39.2434362191132],[-120.413066083805,39.2434282192799],[-120.412998084379,39.2434362191215],[-120.412830083637,39.2434782191946],[-120.412708084203,39.2435242190289],[-120.412616084049,39.2435502196763],[-120.412449083555,39.2436042194677],[-120.412135084463,39.2437532196544],[-120.411808084353,39.2439012190686],[-120.411647083811,39.2439582191448],[-120.41144108371,39.2439972193554],[-120.411228083736,39.2440162190473],[-120.411075083316,39.2440082198174],[-120.410930083986,39.2439892192602],[-120.410762083772,39.2439742190861],[-120.410541083601,39.2439622195261],[-120.41039608363,39.2439472198453],[-120.410220083549,39.2439592197513],[-120.409915083299,39.2439972198143],[-120.40974808378,39.2440542195155],[-120.409595084014,39.2441192191608],[-120.409412084109,39.2442262193462],[-120.40926708326,39.2443322200502],[-120.409046083984,39.244420219467],[-120.408809083165,39.2444552194368],[-120.40867208335,39.244470219787],[-120.408542083073,39.2444742196527],[-120.408382083182,39.2444552194349],[-120.4083050834,39.2444702194658],[-120.408275083925,39.2445122199179],[-120.408259083866,39.2445502197675],[-120.408252083027,39.2446872194345],[-120.408260082969,39.2448552200382],[-120.408252082957,39.2449812200393],[-120.408221083713,39.245088219768],[-120.408160083225,39.2452332202263],[-120.408046083175,39.245595219721],[-120.408015084082,39.2457132197502],[-120.407977083675,39.2458202194337],[-120.407932083755,39.2459732198009],[-120.407885083908,39.2461102198974],[-120.407848083944,39.2462442198888],[-120.407825083386,39.2463662199067],[-120.407718084112,39.246560219716],[-120.407649083362,39.2466292197919],[-120.407566083088,39.2467362201479],[-120.407420084142,39.2470302202317],[-120.407359083595,39.247163220366],[-120.407245083923,39.2473162202374],[-120.407169084004,39.2474412204699],[-120.407031084133,39.2475712196775],[-120.40688608409,39.247758219737],[-120.406726083557,39.247979219896],[-120.406620083896,39.2480982197777],[-120.406520083461,39.2482272200428],[-120.406390083785,39.2483652201669],[-120.406139083842,39.2485712198481],[-120.40594008306,39.248712220306],[-120.405780083413,39.2488182200726],[-120.405719083792,39.2488872204355],[-120.405437083888,39.2491052200078],[-120.405286083063,39.2492462203082],[-120.405230083056,39.2492992202882],[-120.405025083375,39.2494592200621],[-120.404880083234,39.2495812200064],[-120.40473508405,39.2497492205657],[-120.404521083902,39.2499102202409],[-120.404392083203,39.2499742207034],[-120.404262083586,39.2500772208985],[-120.404185083866,39.2501462203723],[-120.404086083772,39.2502802202486],[-120.403820082955,39.2505622208424],[-120.403666082949,39.2506882209578],[-120.403522083373,39.2508442203858],[-120.403216083885,39.2511532205581],[-120.403110083984,39.251237220664],[-120.402965084026,39.2512872207727],[-120.402850083309,39.2513172203945],[-120.402705082907,39.2513282209153],[-120.402598083446,39.2513132207153],[-120.402500083613,39.2512792206829],[-120.402438082843,39.2512452207881],[-120.402377082958,39.2512182208979],[-120.402331083098,39.2511682206731],[-120.402248083662,39.2510232209381],[-120.402179083715,39.25093922094],[-120.40211708355,39.250901221169],[-120.402011083063,39.2508522209219],[-120.401950083283,39.2508402208903],[-120.401889083162,39.2508362211645],[-120.401805082751,39.2508402208955],[-120.401676082658,39.2508632207205],[-120.401469082668,39.250909220669],[-120.401141082901,39.2510042206635],[-120.400698083257,39.251050220916],[-120.400279083159,39.2511112210936],[-120.399676082705,39.2511612213067],[-120.399455083281,39.2511882206578],[-120.399295082765,39.2511912208413],[-120.399157082866,39.2511842211883],[-120.399044082878,39.2511912210825],[-120.398990082968,39.2511952207773],[-120.398639082969,39.2511842206],[-120.398425082179,39.2512072207311],[-120.398211082782,39.2512142207123],[-120.398021082256,39.2512262207522],[-120.397792082928,39.2512522209527],[-120.397632082057,39.251279220864],[-120.397479082941,39.2512982208495],[-120.397296082516,39.2513292210686],[-120.397029081979,39.251355221018],[-120.396395082043,39.2513552215519],[-120.396106082641,39.2513372210706],[-120.395816082721,39.2513022209743],[-120.395572082653,39.2512602209201],[-120.394976082577,39.2511342210072],[-120.394595082646,39.2510882211588],[-120.394389081566,39.2510502217219],[-120.394031082073,39.2510312215739],[-120.393191082416,39.2510622215824],[-120.392878081277,39.2510962213348],[-120.392649081492,39.2511152211614],[-120.392100081265,39.2512372212838],[-120.391940082097,39.2512982216687],[-120.391750081843,39.2513782215341],[-120.391551081755,39.2514392213716],[-120.391345081897,39.2514702215827],[-120.390971081412,39.2515462221157],[-120.390735081021,39.2515652218565],[-120.390437081982,39.2515612218076],[-120.390334081448,39.2515642215663],[-120.390216081645,39.251569221758],[-120.389567081939,39.2516842214441],[-120.389308081398,39.251722222249],[-120.388689080953,39.2517412220603],[-120.388446081357,39.2517252220991],[-120.388202081161,39.2516912220596],[-120.387859081301,39.2516912216282],[-120.387415081466,39.2517262215169],[-120.387125080482,39.2517372222849],[-120.38674408092,39.2517412218493],[-120.386111080816,39.2517712217595],[-120.385778080534,39.2518572223326],[-120.385744080854,39.251867222335],[-120.385439080257,39.2519932225375],[-120.38515708041,39.2521722219928],[-120.38482108031,39.2523322219376],[-120.38450108018,39.2524702221124],[-120.384059080089,39.2526262226302],[-120.383814080934,39.2526952225028],[-120.383311080427,39.2528202222147],[-120.382700080076,39.2530872228654],[-120.382518080803,39.2531872224161],[-120.382335080343,39.2533352223534],[-120.382251080138,39.2534692224355],[-120.382174080274,39.2535792229543],[-120.381968080596,39.2538462222804],[-120.381830079929,39.2539992224165],[-120.381747080359,39.2540832230112],[-120.381625080913,39.2541752224243],[-120.381567080587,39.2542072222485],[-120.381510079902,39.2542392225237],[-120.381380080544,39.2543002225229],[-120.381099080383,39.2544002230126],[-120.380038080429,39.2548192230646],[-120.379977080499,39.2547622226097],[-120.379855080037,39.2547172228683],[-120.379710080419,39.2546712227864],[-120.379587080055,39.2546252225829],[-120.379389080049,39.2545062229191],[-120.379191079658,39.2544032227233],[-120.379059080166,39.2543452228681],[-120.378428079537,39.2540722229494],[-120.37792408031,39.2539152229506],[-120.377680079201,39.2538512233186],[-120.377467080259,39.2538272227031],[-120.37711608014,39.2537512230462],[-120.376681079444,39.2537132226871],[-120.376178079849,39.2536602231137],[-120.376047079156,39.2536562226018],[-120.37587807945,39.2536482230501],[-120.375788078934,39.2536452227114],[-120.37541407912,39.2536482232756],[-120.375177079263,39.2536982228556],[-120.374804078744,39.2538052228503],[-120.37464307979,39.2538432230508],[-120.374369079761,39.2539312233964],[-120.374298079756,39.2539562229602],[-120.374041079268,39.2540492230108],[-120.37377407956,39.2541672232313],[-120.373545078633,39.2542822236779],[-120.373323078694,39.254358223722],[-120.372797078661,39.2543542237182],[-120.372637079528,39.2543162235718],[-120.372271078478,39.2542892232676],[-120.371885078445,39.2542212237588],[-120.371858079392,39.2542172234235],[-120.371661078915,39.2542022234277],[-120.37144707923,39.2542212233558],[-120.371050079211,39.2543652235256],[-120.37087507839,39.2544532231172],[-120.370776078467,39.2545102232811],[-120.370638079078,39.2545912239012],[-120.370516078722,39.254636223377],[-120.370425079159,39.2546782232249],[-120.370218078709,39.2546932234578],[-120.369760078903,39.2546442236756],[-120.369509078082,39.2546022233056],[-120.368570078534,39.254278223291],[-120.368410078389,39.2541902233985],[-120.36812807784,39.253954223441],[-120.36797507793,39.2538472237201],[-120.367884078,39.2537742232725],[-120.367754077621,39.2537132241167],[-120.367357078239,39.2534272233587],[-120.367340077502,39.2534162237342],[-120.367166078298,39.2533052234565],[-120.366983078156,39.2531982235922],[-120.36680807777,39.2531332239045],[-120.366549077787,39.2530492233569],[-120.366488077767,39.2530382233238],[-120.366404077522,39.2530112240837],[-120.366289077893,39.2530002238961],[-120.36609807823,39.2530112234579],[-120.365534077205,39.2531182237107],[-120.36533607785,39.2531492236006],[-120.365168077123,39.2531602240276],[-120.365114077206,39.253156223711],[-120.364924077874,39.2531602241197],[-120.364565077428,39.2531222236155],[-120.364329077824,39.2531142235169],[-120.364130076982,39.2531372241069],[-120.363794077944,39.253168224139],[-120.363505077126,39.2531682239963],[-120.363337077477,39.2531452238734],[-120.363138077578,39.2531532236877],[-120.362894077195,39.2531492236139],[-120.362634076811,39.2531032235912],[-120.3624130774,39.2530152241709],[-120.362123077362,39.252851223732],[-120.362025077096,39.2527602243592],[-120.361910076909,39.252607224359],[-120.361727076664,39.2524202242112],[-120.361604076619,39.2522412238505],[-120.361414076423,39.2519972240063],[-120.36123907656,39.2517262235591],[-120.361170076672,39.2515272238732],[-120.361094076248,39.2513372241851],[-120.361025076646,39.2511882239926],[-120.360941076234,39.2510542240346],[-120.360834077092,39.2509322235936],[-120.360590076469,39.250753224183],[-120.359987076562,39.2505362239293],[-120.359117076527,39.2502082244567],[-120.35901007614,39.2501162243469],[-120.358889075829,39.2500212238714],[-120.358736075766,39.2499102239199],[-120.35858407654,39.249812224173],[-120.358415075933,39.2497042240044],[-120.358156075952,39.2494752238666],[-120.35787307568,39.2493462241047],[-120.35751507554,39.2492312239407],[-120.357095076137,39.2491822241028],[-120.356935075381,39.2491432245382],[-120.35687407544,39.2491432245562],[-120.356828075801,39.2491552239501],[-120.356798075418,39.249143224256],[-120.356668075866,39.2490362244976],[-120.356554075509,39.2489642241683],[-120.356019075479,39.2488082245766],[-120.355837076045,39.2487202240198],[-120.355730075658,39.2486552238553],[-120.35563107522,39.2485752245882],[-120.355523075061,39.2485372244967],[-120.355493075149,39.2485372245024],[-120.355310075313,39.2485292237981],[-120.354820074934,39.2485232242126],[-120.354639075711,39.248522224502],[-120.354280075157,39.248495223948],[-120.354074074734,39.2484642238649],[-120.353967074915,39.2484382240186],[-120.353868075097,39.2483962245842],[-120.353799074746,39.2483582242947],[-120.353708075496,39.2483232246699],[-120.353639075696,39.2483082246187],[-120.353547074888,39.2483162239283],[-120.353326075409,39.2483842247214],[-120.352871075546,39.2485342242847],[-120.352770075,39.2485682241398],[-120.352640074506,39.2486052248338],[-120.352533075095,39.2486252243914],[-120.352495075262,39.248613224231],[-120.352449075052,39.248441224733],[-120.352416075382,39.2483432241162],[-120.352358074763,39.248173224427],[-120.352289075281,39.2479722243106],[-120.352149074852,39.2476802247855],[-120.352073074684,39.2475192247079],[-120.352060074797,39.2474922243518],[-120.351907074538,39.2473282246747],[-120.351778075242,39.2472022244324],[-120.351564074471,39.2470872242306],[-120.351297074263,39.247007224309],[-120.350579074292,39.2469422247799],[-120.350290074203,39.246927224036],[-120.350168074362,39.2469352240198],[-120.350084074818,39.2469312247777],[-120.349970074462,39.2469042247203],[-120.349846074794,39.2468372246757],[-120.349794074449,39.2468092244766],[-120.349595074198,39.246675224095],[-120.349344074291,39.2464462241917],[-120.349107074364,39.2462792246014],[-120.3489390739,39.246198224899],[-120.348748074009,39.2461262249351],[-120.348443074576,39.2460002241057],[-120.348260073675,39.2458212245723],[-120.347398074153,39.2453672242473],[-120.346963073753,39.2452072243373],[-120.346544073159,39.2451152245759],[-120.346299073824,39.2450542249086],[-120.346040073009,39.2449592242342],[-120.345727073184,39.2448222246839],[-120.344980073543,39.2446542244229],[-120.344720073011,39.2446122249605],[-120.344613073501,39.2446002244792],[-120.344239073458,39.2446272251033],[-120.343965073186,39.244692225011],[-120.343545073271,39.2448372248503],[-120.343194072672,39.2449782250158],[-120.343164073325,39.2449882243905],[-120.342889073086,39.2450852249791],[-120.342797072776,39.2450892245902],[-120.342714072927,39.2450812249874],[-120.342660072962,39.245062224689],[-120.342500073181,39.2449852249559],[-120.342325072938,39.244879224475],[-120.341889072592,39.2446652247134],[-120.341859073084,39.2446612252772],[-120.341814073291,39.2446612252062],[-120.341760072792,39.2446542245069],[-120.341615072869,39.244585225159],[-120.34149307224,39.2445092246529],[-120.341355073199,39.2444322249375],[-120.341234072649,39.2443562249843],[-120.341188072341,39.2443412247924],[-120.341150073107,39.2443332253311],[-120.34105807251,39.2443292251421],[-120.340935073016,39.2443292247039],[-120.340905072518,39.2443292247335],[-120.34071507209,39.2442722247994],[-120.340509072301,39.2442032250849],[-120.340333071958,39.24415022483],[-120.340165072076,39.2441542253821],[-120.34006607234,39.2442382246445],[-120.339875072425,39.2444132247536],[-120.339724072879,39.2445652246556],[-120.339696072537,39.2445662248244],[-120.339265071904,39.2448942250585],[-120.338533071789,39.2453862251554],[-120.338449072652,39.2454662250717],[-120.338380072782,39.2455732256696],[-120.338303072695,39.2455922253336],[-120.338228072391,39.2455662248357],[-120.338130072158,39.2454452256132],[-120.338098072621,39.2454052254097],[-120.337884071916,39.2451882248776],[-120.337716072601,39.2451042251195],[-120.337563071617,39.2450922250324],[-120.337494072588,39.2450732252018],[-120.337480071909,39.2451382254334],[-120.337433072051,39.2451732250475],[-120.337350071799,39.2452262250578],[-120.336824071734,39.2454282253321],[-120.336693071677,39.2455202258195],[-120.336610072424,39.245653225584],[-120.33657907164,39.2457292251651],[-120.336503071731,39.2457832257202],[-120.336434072245,39.2457832249758],[-120.336373071495,39.2457682255743],[-120.336320071891,39.2457372251223],[-120.336274072148,39.2457332251638],[-120.336183072583,39.2457372251365],[-120.336053071572,39.2457682252281],[-120.336053071628,39.2458332254946],[-120.336000072431,39.2460582253847],[-120.335892071487,39.2462862253232],[-120.335603071991,39.2465502257771],[-120.335427071505,39.2466492258638],[-120.334473071465,39.2469922259731],[-120.334107072377,39.2470762258507],[-120.333833072284,39.2471222258507],[-120.333627072059,39.2470992258398],[-120.33353507149,39.2470882256718],[-120.333459071337,39.2470992255573],[-120.333383071774,39.2471262259932],[-120.333138071931,39.2473092256855],[-120.33299307167,39.2473932259375],[-120.332864071557,39.2474772256224],[-120.332780071716,39.247499225585],[-120.332688072051,39.2475072262754],[-120.33252807112,39.2475032257225],[-120.332352071512,39.2474652255856],[-120.332215071353,39.2474272262407],[-120.332024071724,39.2473852262259],[-120.331686071153,39.2472052255495],[-120.331566071222,39.2469602261489],[-120.331254071083,39.2468912257171],[-120.330946071945,39.2471472258921],[-120.33082707147,39.2473472263136],[-120.330704071385,39.2473812260604],[-120.330613071819,39.2473852263802],[-120.330537071233,39.2473702259491],[-120.330453071055,39.2473432264116],[-120.330163070929,39.2471492263793],[-120.330033070922,39.2470342260913],[-120.329873071328,39.2469392259817],[-120.32980407079,39.2469242259958],[-120.329617071155,39.2468742264367],[-120.329324070936,39.2468782261922],[-120.32881307059,39.2469352257225],[-120.328263071023,39.2470612262021],[-120.327736070631,39.2471492261134],[-120.327470071298,39.2472442260552],[-120.32723307044,39.2473852266353],[-120.327119070711,39.2475042262479],[-120.327035071271,39.2475572264518],[-120.326943070892,39.2475952264138],[-120.326844070783,39.2476102267368],[-120.326615071067,39.2476182266313],[-120.326374070715,39.2476932263558],[-120.326028070371,39.2478012259856],[-120.325852070969,39.2479192263856],[-120.325746070375,39.2480072261964],[-120.325623070721,39.2480722268291],[-120.325333070257,39.2481562264128],[-120.325189070656,39.2482402264392],[-120.324723071091,39.2486752268508],[-120.324174070655,39.2491822262757],[-120.323639069887,39.2492542264615],[-120.323434070324,39.2492732264042],[-120.323274070689,39.2492742266177],[-120.323075070553,39.2492622265649],[-120.322938070307,39.2492352269958],[-120.322823069907,39.2491942264319],[-120.322594070847,39.2490642268163],[-120.322465069662,39.2489492265632],[-120.322418070101,39.2488732266926],[-120.322373070489,39.2487812272241],[-120.322358070505,39.2486592268758],[-120.322342069836,39.2484152270542],[-120.322373069951,39.2482362268343],[-120.322358069889,39.248178227116],[-120.322319069959,39.2481252271242],[-120.322159070217,39.2479842270891],[-120.322068070172,39.2479232270482],[-120.321938069972,39.247874227128],[-120.321732070194,39.2478122268596],[-120.321625069847,39.24777422663],[-120.321503070472,39.2477252267862],[-120.321396070454,39.2476482263665],[-120.321244070215,39.2475032269239],[-120.321106069639,39.2472942268291],[-120.320985070133,39.2471262263078],[-120.320863069775,39.2470192270754],[-120.320748069793,39.2469392264309],[-120.320412070074,39.2468052268903],[-120.320298069365,39.2467292265079],[-120.320099069966,39.2466072268169],[-120.319672069079,39.24637122708],[-120.319535069165,39.2462752265069],[-120.319397068921,39.2462142268674],[-120.319237069054,39.2461722266511],[-120.319123069516,39.2461112269807],[-120.318909069761,39.2459202268541],[-120.318536068841,39.2456232266216],[-120.318330069067,39.2453822269338],[-120.318078068566,39.2451122267607],[-120.317887068599,39.2449552267968],[-120.317658069385,39.2448182266375],[-120.317253068344,39.244612227112],[-120.317047068755,39.2445472271699],[-120.316757068377,39.2444972269103],[-120.31660506927,39.2444822267958],[-120.316475068152,39.2444752264871],[-120.316383068843,39.2444402269694],[-120.316254068671,39.2443372267107],[-120.316147068113,39.2442652266259],[-120.315987068553,39.2441962267555],[-120.315391068433,39.2439862266766],[-120.315125068644,39.2438382270984],[-120.314987068536,39.2436472267466],[-120.314873068395,39.243437226837],[-120.314789068672,39.2431892267243],[-120.314613068385,39.2428612267801],[-120.314453067766,39.2426132269298],[-120.314278068314,39.2424192266407],[-120.314026068498,39.2421712271555],[-120.313782068317,39.2419992268049],[-120.313644067485,39.2419152268833],[-120.3134380675,39.2417662266176],[-120.313225067248,39.2416412267915],[-120.313225068288,39.2415532264675],[-120.313286068327,39.2414232264462],[-120.31344606793,39.2413282272802],[-120.313766067635,39.2411832263771],[-120.313835067957,39.2411412265524],[-120.3138660673,39.2410802266057],[-120.313866068017,39.2409692269802],[-120.313744067806,39.240805226576],[-120.313568067722,39.2406522263616],[-120.312988067602,39.2402062266766],[-120.312859067601,39.2400532265447],[-120.312752067383,39.2399092266244],[-120.312737067114,39.2396602264199],[-120.312782067724,39.2394582266138],[-120.31291206789,39.2393172263282],[-120.312912067364,39.2392222264272],[-120.312592067601,39.2390812264936],[-120.312363067742,39.2390472268858],[-120.312322067878,39.2390362270771],[-120.312202067163,39.2390052264953],[-120.312126067489,39.2389432262982],[-120.311966066675,39.2388402263125],[-120.311654067361,39.2386992269192],[-120.311523066915,39.2385662263036],[-120.311378067343,39.2381162264257],[-120.311295066604,39.2379902270932],[-120.311142067523,39.2378562266843],[-120.311012067273,39.2377612267407],[-120.31095906743,39.2376272270456],[-120.310852066935,39.2374902270962],[-120.310692067318,39.2374102265994],[-120.31011206701,39.2372692271036],[-120.309791067137,39.2372192271521],[-120.309265066793,39.2371512263964],[-120.308952066652,39.2371472268475],[-120.308173066528,39.2371702267117],[-120.307968066779,39.2372042266971],[-120.307678066769,39.2372992265689],[-120.307182066853,39.2375362272809],[-120.307067066629,39.2375782273346],[-120.306938066451,39.2376012268601],[-120.306824065912,39.2375852274699],[-120.306732065976,39.2375402274747],[-120.306602065719,39.2374142269275],[-120.306526066483,39.237254227119],[-120.306404065771,39.2371242273239],[-120.306244066666,39.2370282268121],[-120.305946066223,39.2370092270331],[-120.305504065913,39.2371122273347],[-120.304916065702,39.2372422268612],[-120.30476306543,39.2372612267197],[-120.304619065507,39.2372532274838],[-120.304398065792,39.2372082269999],[-120.304092065738,39.2371392273018],[-120.303558065835,39.2370022276795],[-120.303382065906,39.2369642274794],[-120.303016065636,39.236956227679],[-120.302688065907,39.2369562273706],[-120.302444065628,39.23692922716],[-120.302116065336,39.2368302276705],[-120.301864065547,39.2367272270203],[-120.301755065511,39.2366622273311],[-120.301658065152,39.2366052269653],[-120.301384065079,39.2365022274721],[-120.301132065482,39.2364262269739],[-120.300873064893,39.2362692274816],[-120.300506065596,39.2360222273579],[-120.300018065448,39.2356672271142],[-120.299728064268,39.235430227806],[-120.299285064193,39.2351632277359],[-120.29877506456,39.234793227191],[-120.298522064941,39.234595227045],[-120.298462064532,39.2345382273644],[-120.298294064241,39.2344042270949],[-120.298011064662,39.2341182272034],[-120.297912064675,39.2339472278145],[-120.297874064784,39.233855227244],[-120.29784406446,39.2337482270638],[-120.297805063864,39.2335232274722],[-120.297744064239,39.2333212276555],[-120.297699063796,39.2331382270903],[-120.29762206361,39.2329662273248],[-120.297638064521,39.2328212275137],[-120.297622064194,39.2326112275887],[-120.297561064026,39.2324552271121],[-120.29759206361,39.2321152274083],[-120.297637064106,39.2318642274207],[-120.297813064527,39.231677227662],[-120.298103064216,39.2315052274401],[-120.298385063775,39.2312302274226],[-120.298881064519,39.2305822268671],[-120.29955206349,39.2295592270353],[-120.299781063906,39.2291402265702],[-120.29991106419,39.2288312269962],[-120.299920064142,39.2288042267412],[-120.300354063437,39.227614226721],[-120.300438063986,39.227427226511],[-120.300551063931,39.2272132262568],[-120.300727063747,39.2270042267466],[-120.300804063839,39.2268702262403],[-120.301132064175,39.2265462266384],[-120.301285064476,39.2263362266967],[-120.30149806385,39.2260082266795],[-120.301872064236,39.2256152266378],[-120.302452064229,39.2249672267052],[-120.302612063856,39.2247002265066],[-120.302772064112,39.2243832263715],[-120.302894063599,39.224062226171],[-120.302978063636,39.2238872261402],[-120.30303106436,39.2238072257266],[-120.303062063704,39.2237002261985],[-120.303077064112,39.2235822256994],[-120.303092063569,39.223383226126],[-120.303115063486,39.2233262263873],[-120.303161064356,39.2232772264556],[-120.303451064186,39.2230862262604],[-120.303642064397,39.2229872260288],[-120.30369506398,39.2229522257378],[-120.303817064287,39.2227652262345],[-120.303947064397,39.2225862258183],[-120.304374064191,39.2221932261868],[-120.30444306411,39.2221062262153],[-120.304526064274,39.2220182258072],[-120.304931063944,39.221827226042],[-120.305267063461,39.2216252253856],[-120.305351063707,39.2185822252991],[-120.302272062521,39.2150032255977],[-120.301462062571,39.213677225163],[-120.305050063103,39.2138502250866],[-120.309417063837,39.2140602244002],[-120.309891062927,39.2077632239245],[-120.309636062765,39.2077552245384],[-120.307012062462,39.2076702243853],[-120.301102061154,39.2075402249473],[-120.300546060886,39.2075132246848],[-120.290453060037,39.2072882257626],[-120.288817059731,39.2071712255259],[-120.281645057788,39.2064792259712],[-120.280021057777,39.2064162268546],[-120.273622056796,39.2058292272996],[-120.267389055363,39.205926227449],[-120.265759055439,39.2058752270929],[-120.260869054628,39.2057222277901],[-120.25923905478,39.2056712277094],[-120.256875054614,39.2056032278743],[-120.255000053969,39.2055492284144],[-120.255005053799,39.2036902285139],[-120.255004052975,39.2035582280109],[-120.25500505366,39.2011992281134],[-120.2550010534,39.2000732279266],[-120.254993053099,39.1990222276875],[-120.254993052182,39.19708122761],[-120.255013051946,39.1952442273531],[-120.254988051918,39.19498122731],[-120.254976051863,39.191262226957],[-120.254993051915,39.1879442266075],[-120.255032050953,39.1871712267687],[-120.254927051476,39.1872272270379],[-120.254931051306,39.1870482270268],[-120.254964051687,39.1853332265889],[-120.258437051672,39.1854892266971],[-120.258200051944,39.1855942266697],[-120.262019052922,39.1857622264342],[-120.265064052328,39.1858852253645],[-120.265011053194,39.1841192253582],[-120.264958051951,39.1823342257023],[-120.264918052177,39.1810122251972],[-120.26482805141,39.1780772248236],[-120.264751052028,39.1754572245255],[-120.264742051852,39.1751292245086],[-120.264632050458,39.1714062247241],[-120.264571051084,39.1699142245811],[-120.264479050288,39.1678842238549],[-120.26449305009,39.1668372240756],[-120.264088048019,39.1504822227691],[-120.264065048121,39.1505122226668],[-120.263920048766,39.1506492230556],[-120.262958045815,39.1348072217069],[-120.261885043891,39.1165452197541],[-120.261420042454,39.108715219037],[-120.259842038171,39.0751062163291],[-120.259765037449,39.0743922164444],[-120.259743038279,39.0736652168457],[-120.259679037774,39.0714842158794],[-120.259658037512,39.0707572158422],[-120.259654036816,39.0698842164743],[-120.259645037194,39.0672662160278],[-120.259642036338,39.0663942162057],[-120.259636036844,39.0663162160139],[-120.25961803728,39.066082215453],[-120.259613036177,39.0660052154661],[-120.259607036717,39.065534215531],[-120.259589036581,39.0641232154764],[-120.25958303632,39.0636532154994],[-120.25953103569,39.059768215087],[-120.259437034932,39.0526682145751],[-120.25937603453,39.0481132140398],[-120.259325034061,39.044229213798],[-120.259319033948,39.0423152138795],[-120.259301033268,39.0365762129751],[-120.259295032116,39.0346632135687],[-120.259296032319,39.0345882135227],[-120.259297032521,39.0345132134788],[-120.259298032258,39.0344282128166],[-120.25930203238,39.0341642131059],[-120.259307032146,39.0338142131655],[-120.25930803293,39.0337272132987],[-120.259309031996,39.0336532128928],[-120.259311033041,39.0334932131385],[-120.259271032135,39.0321952129741],[-120.259151032069,39.0283012125117],[-120.259112031121,39.0270042122513],[-120.259106031894,39.0265522125887],[-120.259091031459,39.0251992118966],[-120.25908603144,39.0247482127132],[-120.259349031462,39.0247492123471],[-120.259356031482,39.0244462125458],[-120.259382031411,39.0234652120028],[-120.260097031801,39.0234642120814],[-120.260663031772,39.0234642124712],[-120.260870031478,39.0234642120483],[-120.292758036258,39.0234492098478],[-120.294360037246,39.023449209322],[-120.296926037044,39.0234472090079],[-120.298490037748,39.0234462093878],[-120.298513037226,39.0234422094781],[-120.298552037138,39.0234462095159],[-120.300364037761,39.023445209421],[-120.308687039591,39.0234382086041],[-120.309735039711,39.0234382081746],[-120.323070041714,39.0227122070063],[-120.323571041418,39.0226842072538],[-120.325075042284,39.0226032070823],[-120.325577041482,39.022576206817],[-120.325747041775,39.0225662070242],[-120.326258041789,39.0225392068754],[-120.326429041723,39.0225302066624],[-120.326838042345,39.0225072067723],[-120.328068042225,39.0224412067119],[-120.328135042595,39.0224382064757],[-120.328479042623,39.022454207083],[-120.346294045715,39.0233062054085],[-120.370670049762,39.0244692035773],[-120.37131404988,39.0244992038952],[-120.373247050194,39.0245922036021],[-120.373892049964,39.0246242035575],[-120.374567049924,39.0245832036134],[-120.376042049927,39.0244942035137],[-120.376594049803,39.0245222033257],[-120.377271049953,39.0245572031701],[-120.377347050741,39.0245612028655],[-120.377578050987,39.0245732031727],[-120.3776550507,39.0245772031789],[-120.37825805058,39.0246072030222],[-120.380067051367,39.0247002032846],[-120.380670050357,39.024731202509],[-120.381202051207,39.0247582029443],[-120.382799050992,39.0248402029946],[-120.383332051758,39.0248682023021],[-120.384266051937,39.0249312027745],[-120.387068051856,39.0251202026562],[-120.388003051681,39.0251832028187],[-120.388259052167,39.0252002020992],[-120.3890270527,39.0252522026308],[-120.389283052013,39.025270202078],[-120.390208052083,39.0253042023973],[-120.392986053172,39.025406201939],[-120.393912053388,39.0254402015119],[-120.397635054246,39.0256492021183],[-120.408805055321,39.0262762004544],[-120.412261055879,39.026470200601],[-120.412528056152,39.0264922006503],[-120.413508056841,39.0265742009221],[-120.416451057305,39.0268212005463],[-120.417432057606,39.0269042005807],[-120.420996058284,39.0272032004164],[-120.431688059314,39.0281021997081],[-120.43511806055,39.0283911989399],[-120.435253060331,39.0284021992562],[-120.435312060304,39.0281681986871],[-120.435588060574,39.0279431990646],[-120.435743059637,39.02785619908],[-120.435858060019,39.0277931987449],[-120.436300060501,39.027586198554],[-120.436717060233,39.0274991989899],[-120.437155060527,39.027394198825],[-120.437371060742,39.0272841990287],[-120.437513060091,39.0271521986443],[-120.437599060545,39.0269381985747],[-120.437625060393,39.0268541985846],[-120.437654060367,39.0267851982546],[-120.437721060882,39.0266321988871],[-120.437949060397,39.0260691983615],[-120.438007060141,39.0259231988496],[-120.438097060509,39.0257031981332],[-120.438178059799,39.0254831982504],[-120.438220059773,39.0253721986804],[-120.438234060662,39.0253361981342],[-120.4383930603,39.0249311982433],[-120.43858306016,39.0247411983048],[-120.438751059991,39.0245911980589],[-120.439181059807,39.0242121979321],[-120.439686059981,39.0239861979195],[-120.440003060823,39.0238761978605],[-120.441293060792,39.023572197756],[-120.441567060807,39.0235081985349],[-120.441996060523,39.0232881984837],[-120.442119060537,39.0231771979344],[-120.442148060305,39.0231501984436],[-120.442235060838,39.0230701977422],[-120.44226506076,39.0230441978078],[-120.442273060649,39.0230371984499],[-120.442386060958,39.0227821975813],[-120.4423930611,39.0227551978468],[-120.442607060409,39.0220181982004],[-120.442669060177,39.0218441982885],[-120.442723060443,39.0216951980027],[-120.442738060529,39.0215371980579],[-120.442816060283,39.0213031981579],[-120.442929060553,39.0210371975705],[-120.443169060599,39.0206831980493],[-120.443190060468,39.0206471976129],[-120.443318060406,39.0204311975429],[-120.443564060948,39.0200161981023],[-120.443697060046,39.0198261973318],[-120.443992060471,39.0194081979233],[-120.444250060323,39.0191081972621],[-120.444586060846,39.0187721970488],[-120.444876060124,39.0183441970471],[-120.444989060067,39.0181291975781],[-120.445061060098,39.0179931976293],[-120.445226060121,39.0176001973323],[-120.445241060361,39.0174671975217],[-120.445287060489,39.0170491973128],[-120.445286060406,39.0165851969223],[-120.44528606082,39.0165231975184],[-120.445074060598,39.0157131971937],[-120.444987060084,39.0152661969373],[-120.445142059748,39.0147811973308],[-120.44537605984,39.0142071970106],[-120.445431060019,39.0140471974051],[-120.445487060117,39.0138881973372],[-120.445516060265,39.0136571970799],[-120.445558059688,39.0134381968124],[-120.445568059836,39.0133531968172],[-120.445578060089,39.0131791971773],[-120.445602059663,39.0127851966595],[-120.445580059518,39.0125201965049],[-120.44546205954,39.0110541964736],[-120.445426059275,39.0105471969561],[-120.445394059906,39.0100711969164],[-120.445444059637,39.0098961964642],[-120.445724059175,39.0089191968856],[-120.445843059783,39.0087441966318],[-120.446138058907,39.0083161964914],[-120.447277059954,39.0076171964838],[-120.448541060068,39.0069041962716],[-120.448862060082,39.0067091964649],[-120.448899060133,39.0066871964488],[-120.449478059963,39.0060881960408],[-120.449566059382,39.0057471960718],[-120.449576059752,39.0057031961394],[-120.449610059954,39.0055711959741],[-120.449622059015,39.0055281963691],[-120.449693058973,39.0052551956641],[-120.449576059577,39.0033541960875],[-120.449606059631,39.0024981956344],[-120.449615059155,39.0022601953801],[-120.449739059223,39.0016991958486],[-120.449950059417,39.0011161957336],[-120.450177059335,39.0002681952433],[-120.450336059342,38.999912195226],[-120.45044105914,38.9997721956855],[-120.450521058576,38.9996491954968],[-120.450540059099,38.9996001957351],[-120.450556059276,38.9995581953247],[-120.450586058989,38.9995201955295],[-120.450691059061,38.9993841951166],[-120.450987059208,38.9992411955969],[-120.451824059254,38.9988841953201],[-120.452500059315,38.9983291951617],[-120.452950058636,38.9975281949539],[-120.453379058779,38.9963531946658],[-120.453554059265,38.9959521948937],[-120.453751058902,38.9955181943341],[-120.453833059109,38.9949331949175],[-120.453842058404,38.9948711948199],[-120.453378058177,38.9941631942453],[-120.45316705853,38.9938881947139],[-120.452759058008,38.9933881948405],[-120.452519058231,38.9927081948645],[-120.452456057791,38.9922931943809],[-120.452421058365,38.9920651941119],[-120.452365057868,38.9917141945464],[-120.452337058623,38.9914831946758],[-120.452280058152,38.9913901948616],[-120.45221405862,38.9912691945349],[-120.452034057668,38.9909401940864],[-120.45142205735,38.9901061943995],[-120.451134058174,38.9895781942005],[-120.451098057795,38.9892431940234],[-120.451113058161,38.988941194297],[-120.451162057493,38.9886671942879],[-120.451175057919,38.9885021944657],[-120.451226057548,38.9884161943538],[-120.451513057076,38.9879421939766],[-120.451922057396,38.9876351940026],[-120.451956057823,38.987607194086],[-120.452843058237,38.987267194258],[-120.45325805787,38.9871731945184],[-120.454580057726,38.9868881938665],[-120.455136058426,38.9868331936894],[-120.457281058739,38.9862641934912],[-120.45733105872,38.9862511935122],[-120.457767058065,38.9860701934545],[-120.458477058944,38.9855201932526],[-120.458836059028,38.9853171938261],[-120.459651058122,38.9850041935944],[-120.460109058403,38.984499193139],[-120.460495058092,38.983780193092],[-120.461086058254,38.9819951930392],[-120.461374058484,38.9811941932502],[-120.46147305822,38.9805351924368],[-120.461578058208,38.979250193039],[-120.461718057951,38.978652192582],[-120.461760058296,38.9784491926884],[-120.461831057598,38.9783881924918],[-120.462105057588,38.9777401928196],[-120.462477057985,38.9771961926971],[-120.462998058011,38.9766421922018],[-120.463138058612,38.9765051922876],[-120.463272057993,38.9763571924644],[-120.463483057542,38.9761421925275],[-120.4637080581,38.9757421922971],[-120.464059057426,38.9749181917746],[-120.464320058171,38.9743301916762],[-120.464587058093,38.973897192433],[-120.464988058251,38.9734961917234],[-120.465269057794,38.9732601917173],[-120.46577305812,38.9729641917173],[-120.46580305848,38.9729471917236],[-120.466317058462,38.9721391921429],[-120.466612058193,38.9719421917976],[-120.467786058673,38.9718431914192],[-120.468124058246,38.9717221913879],[-120.468517058157,38.9713981916631],[-120.468764058788,38.9711071917738],[-120.468939058122,38.9708931913093],[-120.469235058342,38.970519191659],[-120.469670057667,38.9696461914218],[-120.469712058393,38.9696241911738],[-120.469819057942,38.9695471916312],[-120.469895057703,38.9694931908392],[-120.470086058153,38.9692591908832],[-120.470170058102,38.9691571909412],[-120.470415058196,38.9688611913146],[-120.470662058509,38.9683451910883],[-120.470795057992,38.9675101912846],[-120.470661058525,38.9664121912021],[-120.470764057499,38.965822191097],[-120.47079405797,38.9656541905562],[-120.470998057822,38.9655121910902],[-120.471807058517,38.965308190582],[-120.472060058176,38.9652641910819],[-120.472643057826,38.9651601904209],[-120.473621058658,38.9648911901829],[-120.474479057971,38.9645771903123],[-120.474795058893,38.9643851900372],[-120.475301057904,38.9639291899526],[-120.476060058738,38.9635061902578],[-120.476461058981,38.963171189941],[-120.477094059017,38.9624681900788],[-120.477874058471,38.9614641897726],[-120.478520058547,38.9607881901053],[-120.479154058018,38.9601561895474],[-120.479287058384,38.9600251895321],[-120.479708058106,38.9597941892583],[-120.48015105835,38.9597611896791],[-120.480925058868,38.9599361896406],[-120.481811059328,38.9602491893911],[-120.482170059304,38.9603471892902],[-120.482459058538,38.9603231893011],[-120.482810058798,38.9602931898638],[-120.482855059694,38.9602851891415],[-120.483295059433,38.9602101890298],[-120.483997059284,38.9599441894351],[-120.484371059772,38.959803189356],[-120.484431059475,38.9597761891397],[-120.48461205907,38.9596971889187],[-120.48467305972,38.9596711895915],[-120.484898059166,38.9596051893154],[-120.48526605927,38.9594631892046],[-120.485298058935,38.9594511888465],[-120.485678059494,38.9592981890853],[-120.485868059617,38.959166188746],[-120.48592405988,38.9590781888792],[-120.486051059633,38.9589731894913],[-120.486135059077,38.9588421887113],[-120.486191059515,38.9586221891263],[-120.486210059259,38.9580601889464],[-120.486212059756,38.9580071889448],[-120.486141059033,38.9574351889484],[-120.486127059861,38.957321188533],[-120.486121059327,38.9571681890911],[-120.486090059562,38.9563651889142],[-120.486084059542,38.9562011885869],[-120.486147059128,38.9561201884917],[-120.486407059549,38.9557891892564],[-120.486801059234,38.9555091889344],[-120.487004058945,38.955278188668],[-120.487250059141,38.9550691887435],[-120.487440059763,38.9547401887708],[-120.487489058699,38.9545751882531],[-120.487470059469,38.9540391889717],[-120.487468059427,38.9539711886484],[-120.487383059345,38.9534111882437],[-120.487467058663,38.9525111884918],[-120.487699059461,38.9521981881719],[-120.487973058411,38.9520711880104],[-120.488121059385,38.9519951887059],[-120.490068059423,38.9512471881073],[-120.491206059554,38.9506591884133],[-120.492036059884,38.9500001876716],[-120.492437059616,38.9496541878598],[-120.49271105972,38.9492181879674],[-120.492752059594,38.949154187544],[-120.492928059135,38.9484021875412],[-120.493040058667,38.947699187416],[-120.492976059338,38.9470841878486],[-120.492751059287,38.9467011876774],[-120.492638058722,38.9465081878483],[-120.492320059327,38.9461771876383],[-120.492075058763,38.9459211874092],[-120.491765059034,38.9452011876754],[-120.491786058778,38.9449821870925],[-120.491821058851,38.9446911873238],[-120.492018058352,38.9443491870047],[-120.492208058444,38.9440211873783],[-120.492397059126,38.9437851871072],[-120.492720058739,38.9433951876716],[-120.492748059092,38.9433561874581],[-120.493022058389,38.9431421875232],[-120.493156059157,38.9430431872028],[-120.494099058709,38.9424261870045],[-120.494189059059,38.9423681872339],[-120.494821059077,38.9421421868828],[-120.496114058767,38.9418501867955],[-120.497577059609,38.9418721867635],[-120.498835059056,38.9418981865796],[-120.500593060191,38.9417741863721],[-120.500649059661,38.9417711866547],[-120.501050059295,38.9417791866335],[-120.501280059204,38.9416991863308],[-120.501575059785,38.9415331859926],[-120.502390059792,38.9412441860552],[-120.50264405972,38.9410981867409],[-120.502913060436,38.9408121859438],[-120.503015060276,38.9405651860119],[-120.503192060345,38.9398871859978],[-120.503289060089,38.9395191860965],[-120.503995059605,38.9384281856507],[-120.504147059499,38.9378421856053],[-120.504407059724,38.936067185857],[-120.504419059335,38.9359911854073],[-120.504547060076,38.9357111857179],[-120.504779059151,38.9353411856906],[-120.504854059661,38.9352241854614],[-120.504970059334,38.9351241852885],[-120.505091059042,38.9350581853289],[-120.505198059834,38.9350431854657],[-120.505638059077,38.9349411858202],[-120.506227059338,38.93491618534],[-120.507332060198,38.9348701852546],[-120.507765060159,38.9348111857728],[-120.509100060522,38.9345931856017],[-120.509328060461,38.9345531854296],[-120.509401059994,38.9345411852929],[-120.510054060094,38.9344531851992],[-120.510345060701,38.9343471855351],[-120.510776060583,38.9341561850249],[-120.511021060165,38.9338011852582],[-120.511111059945,38.9333671850041],[-120.511180060422,38.9330831850053],[-120.511447059732,38.9324341845662],[-120.511731060351,38.9318941850263],[-120.511855059987,38.9315751847255],[-120.511983059721,38.9313511849455],[-120.51208205975,38.931271184645],[-120.51235905984,38.9311961849449],[-120.512632059738,38.9312361845649],[-120.513358060067,38.9314421848783],[-120.514346060612,38.9315871847676],[-120.514853060356,38.9316271842059],[-120.515916061256,38.9316421847512],[-120.51686606091,38.9315991842752],[-120.517371060734,38.9314961840401],[-120.517475060653,38.9314761845906],[-120.517871060866,38.9310311841258],[-120.518312061135,38.9308311837987],[-120.51879106149,38.9306951841767],[-120.519803061171,38.930634184491],[-120.520960061568,38.9305561843437],[-120.522861062175,38.930338184148],[-120.523348061881,38.9303191837691],[-120.523781062392,38.9304261837789],[-120.524059062059,38.9306751840808],[-120.524517062065,38.9312261840415],[-120.524878062465,38.9314141836682],[-120.525771062649,38.9315691834345],[-120.526837062997,38.9316061835129],[-120.527358062862,38.9315881832217],[-120.527730063179,38.9314791834442],[-120.5279740631,38.9312891838847],[-120.528570062945,38.9306541836861],[-120.529041062453,38.9301961833933],[-120.529315063191,38.9300361832243],[-120.529706063018,38.9299081835692],[-120.530346062772,38.9298781835863],[-120.531409063134,38.9296181827698],[-120.532301063459,38.9290811831211],[-120.532683062511,38.928334182599],[-120.532800063269,38.9280101828264],[-120.533056062635,38.9275381831111],[-120.533652062929,38.9269081825121],[-120.534150062529,38.9264071826728],[-120.534506063473,38.9260201827201],[-120.535084063076,38.9259051826942],[-120.535681062787,38.9259571828771],[-120.53641406337,38.926050182649],[-120.537049063681,38.9260641826359],[-120.537737063262,38.9263901823533],[-120.538491063461,38.9265911824871],[-120.539264063669,38.9265881825001],[-120.540035063513,38.9266531817966],[-120.540662064396,38.9267631822237],[-120.541203063768,38.9269241819836],[-120.541365063898,38.9269731824009],[-120.541866063899,38.9272761816608],[-120.542272064475,38.9274401819397],[-120.542855064304,38.9275401824275],[-120.543306065114,38.9275011818697],[-120.543937064301,38.9273731819133],[-120.544188065159,38.9273151819767],[-120.544366065333,38.9272411818696],[-120.544946065189,38.9270441813841],[-120.54538306499,38.9266731820341],[-120.545645065287,38.9256061818342],[-120.545791064501,38.9239871814545],[-120.54598306441,38.9233091815445],[-120.545936064087,38.9229571817934],[-120.545873064641,38.922227180893],[-120.545835064283,38.9219461816281],[-120.545904064434,38.9213631809764],[-120.545921064236,38.9212221811037],[-120.546042064653,38.9208591807627],[-120.546108064318,38.9207021808087],[-120.546557064304,38.9204631808002],[-120.547113064721,38.9204481809412],[-120.547963064128,38.9204741809442],[-120.548190064892,38.9204811810479],[-120.54861506441,38.92034718137],[-120.548794064903,38.9202611807206],[-120.549095065141,38.9201721810889],[-120.549298064639,38.9201731810701],[-120.549488064994,38.9201751805314],[-120.550585064906,38.9205791807904],[-120.550776064899,38.9206181808875],[-120.550989064558,38.9206621806468],[-120.551286065104,38.9207101810352],[-120.552163065385,38.9205951804206],[-120.553215065786,38.9200531808714],[-120.554076065531,38.919496180308],[-120.554264065933,38.91926118066],[-120.554831065635,38.9185551802839],[-120.55521506563,38.9178891800887],[-120.555373065404,38.9175111798335],[-120.555516065728,38.916629180039],[-120.555764064743,38.9159931796698],[-120.55594406488,38.9156041801039],[-120.556334065138,38.9151691803143],[-120.556826065829,38.9150691795972],[-120.557046065679,38.9150631798477],[-120.557715065001,38.9153481801754],[-120.55842406545,38.9157331802458],[-120.558811065167,38.9158131801126],[-120.559117065852,38.9157701801808],[-120.559842066281,38.9153591798823],[-120.560854065475,38.9147551796042],[-120.561333066476,38.9145151797756],[-120.561523065494,38.9144211795802],[-120.562037066036,38.9142931794038],[-120.562352066361,38.9142061795139],[-120.56263306595,38.9140681791258],[-120.563214066309,38.913826179566],[-120.563760065896,38.913710179103],[-120.564271065741,38.9136491789241],[-120.564579066644,38.9136871789624],[-120.565010066352,38.9137341790628],[-120.565264066345,38.9137801792333],[-120.565716066484,38.913988178802],[-120.565912066935,38.9141411788644],[-120.566829067068,38.9146761794993],[-120.567163066529,38.9148221788985],[-120.567461066638,38.9148821794889],[-120.567772066781,38.9147801787194],[-120.568158067262,38.9144481787826],[-120.56846406648,38.9141871792489],[-120.568805066736,38.9140181786297],[-120.569168067662,38.9139761788281],[-120.570078066673,38.9139191789361],[-120.571170067177,38.91399417891],[-120.571295067094,38.9140241786807],[-120.57141606709,38.9140641785666],[-120.571843068098,38.9141641782714],[-120.572365067813,38.9144051784691],[-120.572886067737,38.9147871784682],[-120.572990068353,38.9148991784195],[-120.573563067554,38.9155361785585],[-120.574030067725,38.915845178894],[-120.574541068142,38.9160081786142],[-120.575474068408,38.9161921782864],[-120.576076068129,38.9163651787073],[-120.576578068921,38.9163191785166],[-120.577063068956,38.9162641787513],[-120.578050069285,38.9162981787759],[-120.578871069324,38.9165971781773],[-120.579180068491,38.9168621785709],[-120.579265069131,38.9169351782151],[-120.579526068798,38.9172491782259],[-120.579938068826,38.9180381784438],[-120.58008506885,38.9184621787192],[-120.58038006995,38.9191891782281],[-120.580489069377,38.9200681789429],[-120.580553069714,38.9202301782989],[-120.580684069802,38.9202981782277],[-120.580826069925,38.9203571786968],[-120.581155069385,38.9204941785845],[-120.581688070331,38.9206321781291],[-120.582025069537,38.9207201783317],[-120.583515070435,38.9210291786492],[-120.583900070691,38.9211411782823],[-120.584329070712,38.9212871781042],[-120.584375070913,38.9213031781908],[-120.584797070726,38.9216151785379],[-120.584921070235,38.921726178217],[-120.585051070855,38.9218331784543],[-120.585804070854,38.9224001787137],[-120.586330071283,38.9228711781261],[-120.586582070525,38.9232491782246],[-120.586806071134,38.9235841785287],[-120.586956070896,38.9239121784967],[-120.587046070927,38.9242871786298],[-120.586948071777,38.9248891784331],[-120.586655071062,38.9254901789164],[-120.586294070885,38.9260561789579],[-120.586188071726,38.926388178368],[-120.585934071616,38.9266781790181],[-120.585664071359,38.9269451783328],[-120.585219071109,38.9273661784703],[-120.585141071694,38.9276981791556],[-120.585208070949,38.9280341790272],[-120.585358071353,38.9283411792581],[-120.585536071561,38.9287671785246],[-120.585561071599,38.9288271785041],[-120.586005071234,38.9291791784831],[-120.5863180717,38.9295981789311],[-120.586494071381,38.9298231788695],[-120.586704071724,38.9302561788202],[-120.586794072542,38.9304151791562],[-120.587169072324,38.931134178934],[-120.587282072316,38.9313321789081],[-120.587323072603,38.9314451786857],[-120.58750107183,38.9315971785981],[-120.588212071885,38.9316071790025],[-120.588598072171,38.9315781784919],[-120.589164071941,38.931536178836],[-120.590428073,38.9314711783853],[-120.591109072975,38.9314631789181],[-120.592314072902,38.9316311785811],[-120.592749073101,38.931757178929],[-120.593027072808,38.9319151787247],[-120.593472073346,38.9321321788443],[-120.593728073135,38.9326241788393],[-120.593784073182,38.9329421781728],[-120.593827073319,38.9337971788461],[-120.593855073626,38.934541178458],[-120.593879074104,38.9351351786934],[-120.593994073523,38.935619179046],[-120.59417907437,38.9358971786008],[-120.594394073726,38.9361091787501],[-120.594781073853,38.9361741785912],[-120.595152074317,38.9361991790403],[-120.595426073645,38.936216178555],[-120.595895074134,38.9362241791124],[-120.596254073859,38.9362521788729],[-120.596569074762,38.9363721786932],[-120.596762074554,38.9364301786652],[-120.597222074317,38.9365701790638],[-120.597684074255,38.9366511783658],[-120.598147075057,38.9368001784935],[-120.59847907466,38.9368441782778],[-120.598614074298,38.9368321785879],[-120.599398074685,38.9367431782034],[-120.599834075387,38.9366101782234],[-120.600677075032,38.936248178455],[-120.60118207555,38.9361451780184],[-120.601507074588,38.9360251779976],[-120.601607074942,38.9359891786844],[-120.601974075455,38.9356421779534],[-120.602209075126,38.9352401779434],[-120.602638075388,38.9348701782501],[-120.603164075225,38.9345551777767],[-120.603641074884,38.9343481781204],[-120.603988075746,38.9342781778774],[-120.604379075257,38.9342291781054],[-120.604772075278,38.9342791781987],[-120.605705074976,38.9344121780881],[-120.605841075106,38.9344611774983],[-120.605869075689,38.9344871777742],[-120.605977075439,38.9345871778813],[-120.606387075857,38.9348281779232],[-120.606956075731,38.9352511779834],[-120.607824076016,38.9361851773385],[-120.608159075869,38.9366641780718],[-120.608581076169,38.9374731778803],[-120.608848076455,38.9381151775668],[-120.609019076537,38.9384641775348],[-120.609434076734,38.9393781783604],[-120.609975077518,38.9409531776222],[-120.610321076652,38.9415141778032],[-120.610952077482,38.9422791776943],[-120.611020077902,38.942368178285],[-120.61110907708,38.9424141779959],[-120.611361077455,38.9426491779119],[-120.611494077405,38.9427081777786],[-120.612164078061,38.9430061782915],[-120.612822077793,38.9430961781091],[-120.613132077204,38.943058177634],[-120.613528077716,38.942984178379],[-120.614088078126,38.9428311775275],[-120.614468078207,38.9428011779489],[-120.614798077837,38.9428071777765],[-120.61552507782,38.9427231777323],[-120.616163078224,38.9426651780707],[-120.616435078401,38.942698177328],[-120.616810078371,38.94278817804],[-120.61755007882,38.9429681772795],[-120.618905078872,38.9432151777997],[-120.619446078486,38.9432151774249],[-120.619746078351,38.9431611778328],[-120.620377078925,38.9429941770799],[-120.620693079463,38.9429091771253],[-120.621083078916,38.9428661776843],[-120.621430078878,38.9428821776101],[-120.621785078765,38.9429501777402],[-120.622023078691,38.942979177007],[-120.622141078767,38.9430741771008],[-120.622302078927,38.9431171769466],[-120.62267507915,38.9434081772489],[-120.622701079029,38.9434291770264],[-120.623490079831,38.9440101774097],[-120.624213080063,38.9444471769423],[-120.62432207943,38.9445011773399],[-120.624337079397,38.944552177082],[-120.624405080312,38.94462117748],[-120.624695079702,38.9448201775206],[-120.625104080312,38.9449751771558],[-120.625411080168,38.9450611776232],[-120.625696079973,38.9451411767797],[-120.626049079744,38.9451951768988],[-120.626586079884,38.9452071768144],[-120.627078079848,38.9452451771893],[-120.627470079858,38.9453921769658],[-120.627812080403,38.9456651769027],[-120.628142080126,38.9459811774435],[-120.628418080786,38.9460781766322],[-120.628732080354,38.9461761773301],[-120.629480080398,38.94641017656],[-120.629901080777,38.9464421771231],[-120.630152081039,38.9464631765893],[-120.630565081099,38.9464321767267],[-120.63110408107,38.9462961768598],[-120.631786080845,38.9459721769779],[-120.632762081093,38.9453881769694],[-120.633883081252,38.9446401760833],[-120.633910081467,38.944617176918],[-120.63513208191,38.9436171767452],[-120.635394080957,38.9434081758718],[-120.635690081146,38.9433581759883],[-120.636022081934,38.9433131759691],[-120.636347081065,38.9433281758983],[-120.636606081198,38.9433611765223],[-120.636923081759,38.9434591762823],[-120.637157082128,38.9436031766109],[-120.637526081569,38.9438131761675],[-120.638097082066,38.9440861763386],[-120.638745081725,38.9443181757519],[-120.639189082511,38.9444421763952],[-120.639711082437,38.9445041762427],[-120.64014408231,38.9445371759084],[-120.640980082468,38.9444821755342],[-120.641294081867,38.9443891761833],[-120.641755082503,38.9442911757615],[-120.642145082502,38.9443471762146],[-120.642471083074,38.944409176218],[-120.642810083113,38.944599176033],[-120.64348908312,38.9451451758989],[-120.643650082866,38.9453581759219],[-120.643931082557,38.9459281755431],[-120.644299082653,38.9464161759945],[-120.644537083173,38.9466031762368],[-120.644751082742,38.9467391759969],[-120.644842083321,38.9467851757275],[-120.644957083457,38.9468331760668],[-120.645359083727,38.9468851754291],[-120.645616083661,38.9468771758784],[-120.645794083633,38.9468731759563],[-120.64622008326,38.9468301757106],[-120.646753083322,38.9468141758217],[-120.647076083939,38.9468481754402],[-120.647741083262,38.9469731760146],[-120.648861084112,38.9475621756662],[-120.649454084148,38.9478831757883],[-120.649715084098,38.9480611755997],[-120.649793083751,38.9481251754268],[-120.650323084875,38.9484631753023],[-120.651055084469,38.9488741754884],[-120.65128008447,38.9488721753476],[-120.651779084504,38.9487541754158],[-120.652517084823,38.9484601751281],[-120.653281084998,38.9482281752633],[-120.653359085074,38.9482201753963],[-120.65363708515,38.9481931752081],[-120.654173085181,38.9482311754293],[-120.654412085374,38.9483611748514],[-120.654802085592,38.9487911751142],[-120.654975085199,38.9490861750217],[-120.654996085089,38.9496171756627],[-120.654985085766,38.9501941755841],[-120.654972085892,38.9503481753618],[-120.654963085378,38.950854175766],[-120.65487008543,38.951930175326],[-120.65497908611,38.9525751759806],[-120.655258086229,38.9531101751896],[-120.655460086102,38.9533401758841],[-120.655699086325,38.9535061759381],[-120.656122086458,38.9536101755157],[-120.65648008611,38.9536351758562],[-120.65811508617,38.9535251753272],[-120.658778085798,38.9535381750554],[-120.659466086353,38.9537071754975],[-120.660380086817,38.9540761751113],[-120.660490087185,38.9541371748947],[-120.661226086565,38.9545451748646],[-120.662060086749,38.9551571749369],[-120.662822086938,38.9558571750752],[-120.663181087304,38.9561801748658],[-120.663321087657,38.9563141751297],[-120.663552087038,38.9564911750495],[-120.663827087059,38.956699175171],[-120.664156088144,38.9569141750894],[-120.664484088241,38.9571351754442],[-120.664664088008,38.9572101752531],[-120.66480008784,38.9572541754296],[-120.664929087934,38.9572691756421],[-120.665384088381,38.9573551753644],[-120.665840088433,38.9573821749819],[-120.666763088272,38.9573711749408],[-120.667390087684,38.9575441748704],[-120.668861088098,38.9581511746938],[-120.669031088435,38.9581801745823],[-120.669316088207,38.9582311747577],[-120.669932088573,38.958279175112],[-120.670625088697,38.9582931744829],[-120.670937088599,38.9583051751081],[-120.67147808853,38.9583221748695],[-120.671892089162,38.9583661744349],[-120.672761088681,38.9585981749432],[-120.67313908963,38.9589331747972],[-120.673341089391,38.9595141743169],[-120.673310089274,38.9600021748453],[-120.673257089087,38.960453174897],[-120.673311090059,38.9608891747598],[-120.673378090068,38.9613011751496],[-120.673611089984,38.961853174759],[-120.673845090181,38.9621671744891],[-120.674056089551,38.9623681745063],[-120.674325089789,38.962540174644],[-120.674543090058,38.9626391750186],[-120.674709090601,38.9626841748927],[-120.674876089557,38.962705174806],[-120.675339089858,38.962780175054],[-120.675918090195,38.9627921749467],[-120.67674509006,38.9629031745665],[-120.677335090472,38.9632961743261],[-120.677761090319,38.9635611746171],[-120.678008090451,38.9639051752166],[-120.677979091308,38.9645651750519],[-120.678256090788,38.9650941752765],[-120.678956091382,38.9658291751576],[-120.679751090868,38.9664571747069],[-120.680240091189,38.9666701744144],[-120.680761091483,38.9668111751527],[-120.681590091214,38.9668601750706],[-120.681667091324,38.9668651747314],[-120.682663091676,38.9669561748164],[-120.683101092001,38.9670781750625],[-120.683468092531,38.9672871750321],[-120.683681091847,38.9675361749194],[-120.683689092391,38.967762174279],[-120.683548092216,38.9681161751412],[-120.683238091739,38.9684791745049],[-120.682777092085,38.9690771747668],[-120.682725092723,38.969511174431],[-120.68265909244,38.9701291748687],[-120.682681092803,38.9704921750296],[-120.682678092473,38.9708071748167],[-120.682680092026,38.9716881753097],[-120.682832092597,38.9721681749672],[-120.682909092659,38.9723591755494],[-120.683072093033,38.9727621755583],[-120.683262093271,38.9733791749263],[-120.683416093262,38.9737981748729],[-120.683380093439,38.9746551748753],[-120.68323409241,38.9749381749826],[-120.683036093218,38.9752671753746],[-120.682462092593,38.9758031757874],[-120.681701092771,38.9762861759651],[-120.681536093031,38.9763921752553],[-120.681098093369,38.976717175926],[-120.680897092288,38.9771471759454],[-120.68089109297,38.9773381753364],[-120.680892093229,38.9775221760846],[-120.680903093223,38.9778911754851],[-120.681268093615,38.9784111760266],[-120.682908093682,38.9800131761513],[-120.683363094074,38.9804581754114],[-120.683448094072,38.9806451760844],[-120.683607094268,38.9811661762266],[-120.683809093973,38.9817411758464],[-120.684040094468,38.9821441755813],[-120.684239093956,38.9823571758354],[-120.684785094645,38.9829211754937],[-120.684958094707,38.9832221755413],[-120.685166094313,38.9836251759388],[-120.685245094936,38.9840201754968],[-120.685320093943,38.984509175955],[-120.685348094039,38.9848491759847],[-120.685353094334,38.9861941762898],[-120.685251095252,38.9867521760977],[-120.685001094444,38.9872891762941],[-120.684749095127,38.9877781759483],[-120.684486095232,38.9883621764042],[-120.684390094679,38.9887111760539],[-120.684430095207,38.988968176106],[-120.684441094726,38.9890341763585],[-120.684606094916,38.9892211761232],[-120.684952095325,38.9893771763033],[-120.685660094747,38.9896531765867],[-120.686903095261,38.9899101764559],[-120.687472095849,38.9899811764292],[-120.687616095891,38.9899721765475],[-120.687938095967,38.9899541758353],[-120.688044095828,38.9899241758954],[-120.688183095383,38.9898851763428],[-120.688924095198,38.9896761758994],[-120.689135095777,38.9895251758607],[-120.689592095594,38.9891711762691],[-120.689852095862,38.9889381761888],[-120.689872096016,38.9889081759893],[-120.690900095636,38.987423175709],[-120.691418095768,38.9867491758186],[-120.691632095943,38.9864911755845],[-120.692151095747,38.985883176004],[-120.692559095986,38.9855511756146],[-120.692926096359,38.9852731751215],[-120.693459096354,38.9850631757359],[-120.694053096378,38.9848651753251],[-120.694169095508,38.9848271754953],[-120.694578096377,38.9846691752933],[-120.695357096041,38.9842971756017],[-120.695881096067,38.9840761753264],[-120.696918096734,38.9835221748567],[-120.698011096639,38.9829621752516],[-120.698521096706,38.982746174483],[-120.700191097051,38.982018174925],[-120.700299096033,38.9819891749206],[-120.701246096579,38.9817441743079],[-120.701737096171,38.981627174889],[-120.703917096847,38.9811871738478],[-120.704462096901,38.9812081744436],[-120.704879096892,38.9813501745885],[-120.705063096786,38.9814621739039],[-120.705289097512,38.9815891740419],[-120.705917097864,38.9819201742318],[-120.706601098013,38.982334174431],[-120.707301098086,38.9826871741382],[-120.708025098295,38.9830921742312],[-120.708708098388,38.983434173707],[-120.708906097639,38.9836131736638],[-120.709180098729,38.9839061739165],[-120.709369098009,38.9841711738789],[-120.709483098077,38.9843021740745],[-120.709969097876,38.9847591738513],[-120.711355099055,38.9857671740043],[-120.711830098456,38.9859251738394],[-120.712628098961,38.9860901740374],[-120.713385099172,38.9861051739154],[-120.713575098755,38.9861091738357],[-120.714082099753,38.9861131736431],[-120.714984099163,38.9861931737531],[-120.715669099369,38.9863961742141],[-120.716299099804,38.9866761736397],[-120.716822099305,38.9871891741682],[-120.717424100392,38.9880181738252],[-120.71745910033,38.9881421733738],[-120.717487099672,38.9883021735178],[-120.717530100213,38.9883951736668],[-120.717650100363,38.9887731742561],[-120.717813100075,38.9892281737392],[-120.718076100328,38.9896541738335],[-120.718611100998,38.9902971742801],[-120.719145100892,38.9906821735424],[-120.719203100211,38.9907241740966],[-120.720274100892,38.9913931741006],[-120.721695101383,38.9925511737981],[-120.722026101145,38.9929171734712],[-120.72223610111,38.993255173596],[-120.722354100993,38.9934781741305],[-120.722367101946,38.9936891739833],[-120.722573102059,38.994653173785],[-120.722655102209,38.9949481743956],[-120.722668102027,38.9951041743576],[-120.722751102216,38.9956541738003],[-120.722785101788,38.996468174095],[-120.72275210259,38.9975081742354],[-120.722779102423,38.9985181745245],[-120.722792102517,38.9985441739831],[-120.723184102071,38.9993321738653],[-120.72389810283,38.999905174315],[-120.724114102933,39.0000791745969],[-120.724496102371,39.0003631742916],[-120.724952102911,39.0007411740152],[-120.72497110323,39.000754173909],[-120.725578102454,39.0011131738583],[-120.725907103245,39.0013251745743],[-120.726123103105,39.0014641746301],[-120.726429103512,39.0015891744976],[-120.726821103715,39.0016641739467],[-120.727142103701,39.0018101745459],[-120.727845103647,39.0024311743427],[-120.728299103708,39.0028671738837],[-120.72864010366,39.0031751741208],[-120.729053104068,39.0035481743863],[-120.729359104177,39.0037111744877],[-120.729573103512,39.0037641739883],[-120.729588103852,39.0040301738803],[-120.730128104031,39.0039831746002],[-120.730187104025,39.003963173841],[-120.73158510404,39.0027211741127],[-120.732555104325,39.0023111738029],[-120.732687104638,39.002255173526],[-120.735590104214,39.0006861731975],[-120.736055104403,39.0006051732334],[-120.736614105232,39.0006601729875],[-120.736626104882,39.0006701731504],[-120.737932104906,39.0018121730394],[-120.738346104832,39.002021173543],[-120.738874105103,39.0020781729718],[-120.739463105742,39.0019871734306],[-120.740496105045,39.0015831729591],[-120.741034105585,39.0014371733839],[-120.741654105347,39.0014361731747],[-120.741946105938,39.0016431727085],[-120.742183105956,39.0018111730916],[-120.742419105795,39.0019801733563],[-120.742514105399,39.0020471729653],[-120.743241105981,39.0031431728233],[-120.74330610615,39.0033121730253],[-120.743638106404,39.0041681727565],[-120.743950106692,39.0047731731369],[-120.744116106324,39.0048621732804],[-120.744447106079,39.0048451731439],[-120.744632106214,39.0047161733933],[-120.746332106723,39.0035191725294],[-120.746576106173,39.0033891730484],[-120.746892106516,39.0031681729543],[-120.747225106096,39.0029751725065],[-120.747658106407,39.0029491727041],[-120.747955107292,39.0030511727105],[-120.748143106792,39.003200172759],[-120.748231107025,39.0032701729715],[-120.74847610749,39.0035981724],[-120.748608106646,39.0039111724952],[-120.748675106541,39.0042911729075],[-120.748504106814,39.0052241732725],[-120.748028107198,39.0060351733615],[-120.747421107067,39.006547173269],[-120.746749106961,39.0071331733358],[-120.746505107155,39.0075761734394],[-120.746420107058,39.0077401730077],[-120.74619810742,39.0082881734411],[-120.746119106825,39.0084851733541],[-120.745989107285,39.0092401731033],[-120.745952106776,39.0098391738571],[-120.745996106933,39.0101291733444],[-120.746093107938,39.0102611737677],[-120.746408107804,39.0103571734117],[-120.74692310711,39.0103711737805],[-120.747131107172,39.0103781731282],[-120.747669108169,39.0104021731161],[-120.748149107509,39.0103081728769],[-120.748899107926,39.0100541733176],[-120.749350108072,39.0098221735401],[-120.749625107571,39.0096821732641],[-120.749940107446,39.0095091731025],[-120.750007107717,39.0093451729088],[-120.750265107925,39.0089991729065],[-120.750422108344,39.0087741732659],[-120.750427107428,39.0087601728307],[-120.750632107704,39.0082761726448],[-120.75076110768,39.0078441724757],[-120.751053108104,39.0070451730208],[-120.751177107479,39.0067331724883],[-120.751226107806,39.0066111727493],[-120.75145010795,39.0062081727601],[-120.751525107837,39.0061051728185],[-120.751781108205,39.0057551729172],[-120.752104107265,39.005536172722],[-120.752535107657,39.0053861725388],[-120.752845107682,39.0052991721021],[-120.753283107618,39.0053071727332],[-120.753729107807,39.0054281721988],[-120.75448310776,39.005815172184],[-120.754860107909,39.0060181723464],[-120.75545210845,39.0063541725803],[-120.756032108294,39.0066761723029],[-120.756615108958,39.0070001724449],[-120.757130109176,39.0073361724877],[-120.75763510843,39.0076661727671],[-120.757793108554,39.0076841719952],[-120.757818108804,39.0076871727934],[-120.758048108965,39.0075831727148],[-120.758467109084,39.0071751720409],[-120.758675108882,39.0069141723353],[-120.759161108818,39.0066331719955],[-120.759423108512,39.0064481725473],[-120.759557109596,39.006288171644],[-120.759858109028,39.0059321721021],[-120.760048108984,39.0057321716845],[-120.76006510939,39.0057201717003],[-120.760269109201,39.0055761717385],[-120.760441109394,39.0055051723929],[-120.76046110872,39.0054971719444],[-120.760661108854,39.0054881715731],[-120.761240108769,39.0057851718769],[-120.761620109018,39.0059961718078],[-120.762001109961,39.0062091716807],[-120.76211010903,39.006269172018],[-120.762239109619,39.0063411722149],[-120.762445110071,39.0064391719341],[-120.762558109558,39.0064931715457],[-120.762598109341,39.0065121723102],[-120.762719109769,39.0065691718561],[-120.76276010939,39.006589172236],[-120.762862109779,39.0065601721252],[-120.763169109076,39.0064741718535],[-120.76327211007,39.0064461719574],[-120.763530109862,39.0063651718791],[-120.763769109209,39.0062371718987],[-120.763885109909,39.0059151715403],[-120.763960109557,39.0054951720842],[-120.763972110176,39.0054611714532],[-120.764065109151,39.0052211716074],[-120.764119109607,39.0048341720178],[-120.76399710924,39.0044711718735],[-120.763844109087,39.0041391719721],[-120.763556109371,39.0039601717749],[-120.763112109792,39.0038301712174],[-120.762698108806,39.0038201716046],[-120.762026108747,39.0038171719973],[-120.761457109366,39.0038231719254],[-120.761272108673,39.0038151716422],[-120.760848108632,39.0037971718234],[-120.760330108585,39.0036571718771],[-120.760148108276,39.0033181721326],[-120.760112108435,39.0030901718126],[-120.760188108817,39.00286517135],[-120.760316108118,39.002494172105],[-120.760620109003,39.0021571713486],[-120.761155108243,39.0020071712487],[-120.761411108199,39.0019371715266],[-120.761612109171,39.0019091712349],[-120.762109108569,39.0018421713339],[-120.762665108502,39.0017681714268],[-120.763593109477,39.0019411712361],[-120.764087109502,39.002033171697],[-120.764543108871,39.0022681712823],[-120.764912109529,39.0024921717731],[-120.765303109918,39.0027821713463],[-120.765498109869,39.0029391716311],[-120.765680109139,39.003087171209],[-120.766069109252,39.0033761714718],[-120.766524109326,39.0038441712186],[-120.766866109586,39.004292171243],[-120.766941109927,39.0045581710936],[-120.76708310968,39.0048971709636],[-120.767120109593,39.0050101714989],[-120.767110110158,39.005453171647],[-120.766900110265,39.0060911717487],[-120.76640111026,39.0067161715196],[-120.766203109743,39.006987171968],[-120.766122110502,39.0070461720826],[-120.76588811057,39.0072211720465],[-120.765602109596,39.0074061717571],[-120.765243110093,39.0076111713255],[-120.764721110016,39.0078131714724],[-120.764657110219,39.0078551718188],[-120.764611110358,39.0078851715258],[-120.764571109622,39.0079131720829],[-120.764484110238,39.0079701717263],[-120.764425110199,39.0079941714963],[-120.764365110286,39.0080181721141],[-120.764185110197,39.0080921721553],[-120.76412610992,39.008117172313],[-120.763972110198,39.0081651723541],[-120.76393210983,39.008178171929],[-120.763635109759,39.0082011715528],[-120.763633110394,39.008341172084],[-120.763633109839,39.0083511720015],[-120.763630109998,39.0085021720607],[-120.763628109679,39.0086381722869],[-120.763598109677,39.0090261715758],[-120.763642109786,39.0093511719406],[-120.763824109707,39.0095401722091],[-120.763870110303,39.0095881719701],[-120.764011110363,39.0096971724259],[-120.764461109949,39.0097551716379],[-120.765086109907,39.0097381719366],[-120.765675110278,39.0097001718282],[-120.76599211099,39.0096711714407],[-120.766437110185,39.0096091714607],[-120.767104110237,39.0095551716299],[-120.767225110392,39.0095461721931],[-120.767971111176,39.0093991720158],[-120.768175110645,39.0092811715232],[-120.768349110298,39.009180171942],[-120.768638110745,39.0088891713313],[-120.768964111073,39.0084961719361],[-120.768995110494,39.0084591715826],[-120.770238110619,39.0070291712573],[-120.770535110805,39.0067881710336],[-120.770866111404,39.0066321710088],[-120.77115711059,39.0065741713133],[-120.771534110668,39.0065631711811],[-120.771591111148,39.0065621712514],[-120.772365110665,39.0066821715453],[-120.77263211138,39.0067731711512],[-120.772822111197,39.0068371711791],[-120.772848110886,39.0068461711391],[-120.773297111263,39.0069541713993],[-120.773412111544,39.006968171126],[-120.773612111405,39.0069951713376],[-120.773810111579,39.0070061709217],[-120.774003111168,39.0069181709241],[-120.77411611185,39.006638171266],[-120.773992111647,39.0062621710772],[-120.773845111167,39.0060261709013],[-120.773843110797,39.0058221706078],[-120.774039111503,39.0056281707748],[-120.774341110926,39.0054991709957],[-120.77494611089,39.0055111712689],[-120.775595111237,39.0055801705558],[-120.775823111702,39.0055181709385],[-120.776507111286,39.0053361707563],[-120.777208111981,39.0051871702381],[-120.777963111714,39.0050181709322],[-120.778292112305,39.0049261704589],[-120.779511111468,39.0045471700812],[-120.78026311181,39.0041951702375],[-120.780874111817,39.0037481700612],[-120.781127111995,39.003463170593],[-120.781218112335,39.0031481700395],[-120.781210112246,39.0028091700641],[-120.781272112199,39.002563169937],[-120.782069112109,39.0019571701294],[-120.782508112483,39.0016481698604],[-120.78277511176,39.0014981703478],[-120.783231112283,39.0013521698668],[-120.784108112298,39.0010511693152],[-120.784596112543,39.0007851693554],[-120.785057111827,39.0004761693413],[-120.785462112943,39.0002651695513],[-120.785738112506,39.0001091697964],[-120.786001112324,39.0000011698992],[-120.786153112278,38.9999051698928],[-120.786398112946,38.9997961696295],[-120.78680411251,38.9996271695003],[-120.787317113012,38.9995331692835],[-120.787598112658,38.9994971696099],[-120.787953112414,38.9995011696944],[-120.788436112605,38.9995131694294],[-120.788534113169,38.9995301692596],[-120.788548113179,38.9995311691146],[-120.788590112345,38.9995351692057],[-120.788605112377,38.9995371694071],[-120.788716113337,38.9995471693697],[-120.788760112274,38.9995521695777],[-120.788914113065,38.9995731693084],[-120.789050113248,38.9995871692948],[-120.789162112643,38.9996001693724],[-120.789632112876,38.999652169054],[-120.790260112956,38.9996641687404],[-120.790811112758,38.9996351693075],[-120.791126112857,38.9995491687962],[-120.791535112858,38.9994391691363],[-120.792237113285,38.9990671685217],[-120.793064113504,38.9984391687748],[-120.794410113886,38.9974831689763],[-120.794611112997,38.9973511687657],[-120.795162114078,38.9971211689695],[-120.795738113137,38.9968081680908],[-120.796225113219,38.9965801688443],[-120.796783113881,38.9963201684256],[-120.797135113819,38.9961991679189],[-120.797541113445,38.9961191682788],[-120.798116113617,38.9960561682802],[-120.798299114173,38.996112168116],[-120.798338114169,38.9961331683076],[-120.798669114164,38.9963161679105],[-120.798929113716,38.9965191679954],[-120.799116113815,38.9966651683047],[-120.799381113728,38.9968721682653],[-120.799737114613,38.9974631678711],[-120.799760113949,38.9975011683526],[-120.799991114208,38.9981141685436],[-120.800143114411,38.9986211678839],[-120.800408114865,38.9991201679414],[-120.800642114884,38.9996461679539],[-120.800721114864,38.999809167952],[-120.80073411465,38.9999041680558],[-120.800784115332,39.0001231680282],[-120.800923114735,39.00028116842],[-120.801215114445,39.00061316884],[-120.801416115157,39.0007911682146],[-120.801553115532,39.0009041679581],[-120.80168111474,39.0009611682273],[-120.801929114822,39.0011081684125],[-120.802627115196,39.0011861680508],[-120.803097115732,39.0011991680494],[-120.803455114948,39.0012101681364],[-120.804456115327,39.0011791684541],[-120.805253116045,39.0011071678177],[-120.8058201158,39.0012001685202],[-120.806143115385,39.0012101677169],[-120.806975116441,39.0011961682399],[-120.807469115525,39.001153167671],[-120.807697115646,39.0011341680091],[-120.808237115621,39.0010641678572],[-120.80860211574,39.0010021682461],[-120.808913115939,39.0009341676302],[-120.809273115748,39.0008571678336],[-120.809399116157,39.0008311677956],[-120.810341116067,39.0005761675677],[-120.810697116497,39.0004801674463],[-120.810874116621,39.000432167355],[-120.811130116213,39.0003331679468],[-120.811772116717,39.0002451675876],[-120.812308116397,39.0001381670938],[-120.812788116187,38.9999041671421],[-120.813345116439,38.9994841674478],[-120.813621116245,38.9991741670089],[-120.813946116842,38.9988111674573],[-120.814331116278,38.9982381669825],[-120.814410116124,38.9973321671696],[-120.814523116167,38.9963001674288],[-120.814666116036,38.9959531673624],[-120.814854116073,38.9956381673745],[-120.815153116887,38.9952061672769],[-120.815355116326,38.9949321666116],[-120.815503115969,38.9947831671565],[-120.81620811655,38.9943751668324],[-120.816835116308,38.9942121670164],[-120.817638117231,38.9939721669216],[-120.817904116349,38.993937166912],[-120.819216116436,38.9940251660184],[-120.819887117028,38.9940941665857],[-120.820277116531,38.9940171660934],[-120.820441116702,38.9939851662511],[-120.822117117542,38.9935751662253],[-120.82269111696,38.9934861661869],[-120.82320011762,38.9933521659677],[-120.823478117489,38.9932381656293],[-120.823942118026,38.9930721661853],[-120.824606117422,38.992804165622],[-120.824737117452,38.9927521658772],[-120.826622117935,38.9914431657762],[-120.827523117741,38.9906481652796],[-120.828001118401,38.9901801658023],[-120.828370117425,38.9897971656684],[-120.829192118157,38.9885561651755],[-120.829560117844,38.9878621655246],[-120.829724117388,38.9873481650225],[-120.829757117989,38.9867331651123],[-120.829771117191,38.9864741647322],[-120.829708117787,38.9848661652808],[-120.829727116948,38.9847311650723],[-120.829734116818,38.9845161647546],[-120.829667116962,38.9840301646839],[-120.829564116715,38.9837261651066],[-120.829447117192,38.983230164829],[-120.829245116578,38.9818351645903],[-120.829275116514,38.9810161643259],[-120.829396117159,38.9803901643944],[-120.829780116262,38.9798401641606],[-120.830314117066,38.9793571640071],[-120.830887116685,38.9789461645652],[-120.832051117263,38.9783711638055],[-120.832466116826,38.9781221640099],[-120.832633116535,38.9780231638321],[-120.832991116504,38.9776241635597],[-120.83302611641,38.9768141634965],[-120.832898116685,38.9760001638096],[-120.832856116967,38.9755301634777],[-120.832775116934,38.975194163933],[-120.832690116797,38.974962163623],[-120.832639116031,38.9746271636386],[-120.832705116755,38.9738171639357],[-120.833039116041,38.9732021634275],[-120.833428116075,38.9726771639144],[-120.833871117041,38.9721601637303],[-120.834081116575,38.9719811634481],[-120.834176116595,38.9718711638044],[-120.83429911662,38.971826163758],[-120.834704116004,38.9716021635665],[-120.834759116561,38.9715881632822],[-120.835073116937,38.9715141636074],[-120.835277116694,38.9715181634693],[-120.83567411694,38.9715091630731],[-120.836279116922,38.9717271636426],[-120.837024117236,38.971693163244],[-120.837852116495,38.9716051633544],[-120.838310116674,38.9716451633257],[-120.838498117187,38.9716651629998],[-120.838850117376,38.9717911632781],[-120.839600116923,38.9722821634703],[-120.840006117219,38.9726551634427],[-120.840272117778,38.9733131626655],[-120.840416117792,38.9739361629842],[-120.840530117927,38.9748841635516],[-120.84064011788,38.9754511631901],[-120.840799118359,38.975574162857],[-120.841154118527,38.9756361635594],[-120.842020118448,38.975652163421],[-120.842446118834,38.9757151628724],[-120.843386117876,38.9756291630403],[-120.844262118933,38.9756301633429],[-120.844770118989,38.975687163173],[-120.844851118427,38.9757131627437],[-120.846082119123,38.9761171630033],[-120.846811119415,38.9764411626994],[-120.847221119347,38.9766951632256],[-120.847571119272,38.9769321626819],[-120.847956118814,38.9769871623513],[-120.848446119313,38.9769721623394],[-120.848824119935,38.9769311627742],[-120.849399119434,38.9768141629484],[-120.849906119598,38.9765451626092],[-120.850217120126,38.9762231623125],[-120.850527119592,38.975904162617],[-120.850997119996,38.9751971627018],[-120.851849119689,38.9737891621939],[-120.852629119295,38.9732941624662],[-120.853254119627,38.9728201620959],[-120.853371120065,38.972684162003],[-120.85363411967,38.9723821618906],[-120.854032119946,38.9716891618217],[-120.854101119316,38.9714961618756],[-120.854170119481,38.9713031618951],[-120.854272119506,38.9710171620936],[-120.854609119607,38.9704171613839],[-120.85482111943,38.9700411612402],[-120.85510411977,38.9691001612586],[-120.855435119749,38.9681031612538],[-120.855520119152,38.9676591611455],[-120.855524119076,38.9676021615805],[-120.855568119403,38.9670561612581],[-120.855545119524,38.9668251611517],[-120.855459119364,38.966632161292],[-120.854905119084,38.9655041612872],[-120.854166119089,38.9644921616005],[-120.854125119171,38.9644131613721],[-120.853682118805,38.9635491613353],[-120.853591118044,38.9630141613286],[-120.853523118366,38.9628141609893],[-120.853383118442,38.9623901613405],[-120.853180118389,38.9617181612928],[-120.852945117862,38.961371161141],[-120.852234117552,38.9599501610779],[-120.852114117581,38.9595501607336],[-120.852347118145,38.9592521606396],[-120.852993118337,38.958771160828],[-120.853685117945,38.9584651611442],[-120.854224118104,38.9583471607435],[-120.854526117948,38.9582821609309],[-120.855103118113,38.9580941610122],[-120.856170118429,38.957509160134],[-120.856569117782,38.95726916074],[-120.856921118375,38.9571011605115],[-120.857192117844,38.9569471603279],[-120.857729118068,38.9566461601398],[-120.857930118138,38.9560461598594],[-120.858233118272,38.9552431602938],[-120.858406117684,38.954789160354],[-120.858416118633,38.9545731599202],[-120.858423117799,38.9544081604544],[-120.858398118566,38.9538821599737],[-120.858447118367,38.9532711602525],[-120.858916118442,38.9522611594698],[-120.859301118352,38.951990160179],[-120.859876117501,38.9516581596035],[-120.860338117623,38.9515471595751],[-120.860498117533,38.9515581597164],[-120.860622117795,38.951568159974],[-120.861001118158,38.9518541599889],[-120.861336118858,38.9522261596382],[-120.861587118288,38.9526761594236],[-120.86168611808,38.9527891597943],[-120.861844118988,38.9529431595371],[-120.862813118726,38.9535971595311],[-120.863088118802,38.9539531596185],[-120.863560119005,38.9541681599952],[-120.863893119,38.9542701596246],[-120.864280118456,38.9542771599384],[-120.866005119013,38.9538471595716],[-120.866983119512,38.9538411594266],[-120.868058119526,38.9539961590501],[-120.868612120215,38.9541971595855],[-120.869391120222,38.9547281588966],[-120.870599120318,38.9555611593501],[-120.871243120177,38.9558201590896],[-120.871414120486,38.9558491593144],[-120.87207511989,38.955962159114],[-120.873330120121,38.9560571589652],[-120.874213120883,38.9561601593567],[-120.875074120524,38.9563511587462],[-120.87539612131,38.9563961593227],[-120.875559120621,38.9564201591944],[-120.875784121113,38.9564521586938],[-120.876058120779,38.9564871584736],[-120.876323121117,38.95665315874],[-120.876931121823,38.9568791591604],[-120.877389121208,38.9570191591452],[-120.877464121179,38.9570231586141],[-120.877719121739,38.9570391584354],[-120.877969121101,38.9570491591657],[-120.878446121873,38.9570121584569],[-120.878883121184,38.9569791589078],[-120.879550121888,38.9569551588596],[-120.879880122026,38.9569571590607],[-120.879916122363,38.9569581584543],[-120.880356122394,38.9569051583275],[-120.88093512242,38.9567181583152],[-120.88127512168,38.9567181586843],[-120.881606121937,38.9567191581296],[-120.882095122049,38.9568681581524],[-120.882315121856,38.9569351588117],[-120.882535122457,38.9570031586963],[-120.883328121905,38.9573521585183],[-120.883915122435,38.9576911587294],[-120.884040122808,38.9577641583319],[-120.884593123173,38.9583491580189],[-120.884684123161,38.9584521580105],[-120.884865123131,38.9586571582527],[-120.884961122434,38.958758158448],[-120.885056122369,38.9588581581169],[-120.885170123076,38.9590051584848],[-120.885193123334,38.9590191587218],[-120.885469122888,38.9591881581888],[-120.885761123303,38.9592861580692],[-120.885976123575,38.9593421585543],[-120.886436122712,38.9595121584469],[-120.887298123704,38.9596851579158],[-120.887937122921,38.9597371581698],[-120.889266124194,38.9596131582047],[-120.890515124248,38.9595671582259],[-120.891299123755,38.9592651578751],[-120.891384123365,38.9592311581569],[-120.891750124196,38.9589891580841],[-120.892760123814,38.9583291575778],[-120.893886124244,38.9578381576354],[-120.894748124682,38.9572441572744],[-120.895523124156,38.956630156955],[-120.89629812467,38.9560161571256],[-120.896805123944,38.955616156874],[-120.898315124525,38.9546261567792],[-120.899423124822,38.9538201567616],[-120.899754124676,38.9535531568753],[-120.900002124818,38.9533531563278],[-120.900673124303,38.9531771567761],[-120.901866124843,38.9531201566792],[-120.901965125204,38.9531151563978],[-120.902120124279,38.9531601568018],[-120.90213712461,38.9531641561544],[-120.902859125123,38.9533711564397],[-120.905353124999,38.9538161561266],[-120.905491125909,38.9538491563466],[-120.905555125228,38.9538651564567],[-120.90594712515,38.9539031563365],[-120.907834126056,38.9541081566129],[-120.909600126676,38.954466156138],[-120.910608126102,38.954642155701],[-120.912698126226,38.9549331556222],[-120.913887127366,38.9552121556722],[-120.914434127531,38.9554441561598],[-120.915134127076,38.955842155822],[-120.915473127442,38.9559701554057],[-120.915902127895,38.9561791556503],[-120.916817127462,38.9569591553617],[-120.917245127518,38.9572101555219],[-120.918645127718,38.9577901557391],[-120.920077127774,38.958402155385],[-120.921320128073,38.9591841556708],[-120.921632128504,38.9595031559183],[-120.92152212913,38.9595451553321],[-120.922161128656,38.9602171556973],[-120.92280812923,38.9607121560225],[-120.923203129437,38.9609051555943],[-120.923714129812,38.961039155649],[-120.924112129551,38.9612021559552],[-120.9263171297,38.9618251558938],[-120.928612130487,38.9621161551068],[-120.929123129948,38.9621461548464],[-120.929190129968,38.9621361554519],[-120.930436130003,38.9621201554563],[-120.93123213104,38.9620301549355],[-120.932050131128,38.9620311550214],[-120.932486130704,38.9620631554377],[-120.932616130405,38.9621181549944],[-120.933000130755,38.9622491546781],[-120.933384130895,38.9625421546433],[-120.933585131622,38.9629961554192],[-120.934048130863,38.9633951553744],[-120.934666131723,38.9637961549997],[-120.935304131799,38.9639671545031],[-120.936223131439,38.9639321547287],[-120.93728213197,38.9636891551768],[-120.938243131421,38.9633041550532],[-120.939016132033,38.9629001543541],[-120.939546132005,38.9626451541445],[-120.939668132396,38.962565154163],[-120.940016132174,38.9625451548869],[-120.940143132445,38.9624531544192],[-120.940294132304,38.9623441546298],[-120.940491131784,38.961811154109],[-120.94057813137,38.9609831547167],[-120.940582132227,38.9598671544703],[-120.940563132143,38.9598271540875],[-120.940075131558,38.9588451538567],[-120.939693131862,38.9585121539464],[-120.938935131034,38.9579871540141],[-120.938428130942,38.9573751541838],[-120.938384131224,38.9572251539028],[-120.938215130607,38.956645154346],[-120.938167131304,38.9560951538838],[-120.938066130824,38.9550601541937],[-120.938015130969,38.9541091539805],[-120.938023130513,38.9533551534747],[-120.938049130548,38.952474153374],[-120.938052129877,38.9519221536243],[-120.938014130189,38.9514311539777],[-120.937992130464,38.9503771533175],[-120.937965129587,38.9499471535056],[-120.937770130154,38.9483081535149],[-120.937686129785,38.9467021531051],[-120.937808129424,38.9455441531892],[-120.937796129041,38.9451431535841],[-120.937775129729,38.9444141526716],[-120.93789012879,38.9440891528519],[-120.938189128888,38.9435781528881],[-120.938277129237,38.9430271531667],[-120.938312129454,38.9425071528472],[-120.93833112961,38.9424201532207],[-120.938349129339,38.9417971526593],[-120.938360128869,38.9407291528014],[-120.938434128829,38.9401181525947],[-120.938456128351,38.9399431530438],[-120.938590129342,38.9389341528727],[-120.938483129086,38.9381191528507],[-120.938390128752,38.9374891525985],[-120.938283128269,38.9364391523138],[-120.93831412861,38.935831152364],[-120.938583128054,38.9355701519587],[-120.939341128063,38.9354001521029],[-120.94055412865,38.9352981524051],[-120.941052128533,38.9353481519546],[-120.941964129407,38.9354411518818],[-120.942721128691,38.9354851515989],[-120.943050128835,38.9355371522487],[-120.943413128629,38.9356761516572],[-120.94385912982,38.9358781518773],[-120.944495129786,38.9362671521248],[-120.945022129313,38.9370591523021],[-120.945774129298,38.9373171518729],[-120.946407129468,38.9375141515521],[-120.946763130336,38.9376261517756],[-120.947538129575,38.9379821515806],[-120.948359130504,38.9383291522094],[-120.949195130951,38.9386041518691],[-120.949817130594,38.9387171514806],[-120.951593131331,38.9388511517092],[-120.952551130796,38.9387861510841],[-120.954203131228,38.9386921516537],[-120.956208131018,38.9386151508854],[-120.956650131581,38.9386941508036],[-120.957083131732,38.9388251509782],[-120.957315131961,38.9388951514831],[-120.957780131281,38.9391131510413],[-120.958065131893,38.9390101512406],[-120.959051132081,38.9381641512314],[-120.959449131711,38.9375111507253],[-120.95967613154,38.9370401510914],[-120.959754132446,38.9369041509479],[-120.959799132237,38.9368271505448],[-120.959969132159,38.9366211507733],[-120.960058132169,38.9365541502941],[-120.960183131954,38.9364611507386],[-120.961071132452,38.9360571502791],[-120.961453131517,38.9358031509091],[-120.961505132269,38.9357691504346],[-120.962033132179,38.9351751503706],[-120.962686132284,38.9343071499369],[-120.963020132265,38.9340571505414],[-120.963351132291,38.9339401501899],[-120.963734132509,38.9337941501382],[-120.964123131749,38.9334841502628],[-120.964566131744,38.9331031498988],[-120.96465713268,38.9330621501416],[-120.965162132171,38.9328371499575],[-120.966007132535,38.9325861496488],[-120.967161132615,38.9324941499737],[-120.968174133066,38.9326201494132],[-120.968211132781,38.9326251500355],[-120.968812132997,38.932676149827],[-120.969331133338,38.9328081496664],[-120.969941133383,38.9330231493151],[-120.97043613305,38.9330931493974],[-120.97071213267,38.9330671493094],[-120.971080133741,38.9329811494354],[-120.971293133647,38.9328621493965],[-120.971875133041,38.9326581491449],[-120.972798133729,38.9319481497484],[-120.973687133185,38.9310541488544],[-120.973915132848,38.9309051488011],[-120.974254133569,38.930685149026],[-120.974708133321,38.9303661486679],[-120.975846133203,38.929926148655],[-120.97613713366,38.9298391485102],[-120.976592134105,38.929489149204],[-120.977279133341,38.9292551488648],[-120.978459133979,38.9291111482789],[-120.979183133585,38.9290231483206],[-120.980354134355,38.9288181481313],[-120.982648134167,38.9288981487521],[-120.984083135293,38.92905614839],[-120.984994135183,38.9287961483134],[-120.986621134496,38.9280861480831],[-120.986663135224,38.9280681480267],[-120.987261135579,38.9279971480198],[-120.988450135059,38.9280481480923],[-120.988922135542,38.9280361481043],[-120.989396135653,38.9279421481127],[-120.989637135031,38.9278461476244],[-120.990163135172,38.9276381476029],[-120.990352135736,38.9275351477101],[-120.990582135006,38.9274121478155],[-120.99078813563,38.9273011476854],[-120.991056135409,38.9270601479197],[-120.991279135616,38.927054147324],[-120.991693135728,38.9272351472693],[-120.991981136047,38.9272301478286],[-120.992111135757,38.9268031473638],[-120.992002135633,38.9260241473958],[-120.9919191359,38.925728147742],[-120.991835135167,38.9254281469289],[-120.99153013541,38.9246461469419],[-120.991101134813,38.9240971469909],[-120.991169134605,38.9236331468836],[-120.991967135675,38.9229771468848],[-120.992613135753,38.9225541472595],[-120.992909135133,38.9225131468228],[-120.993353134995,38.9225201465202],[-120.993703135284,38.922429146665],[-120.994141135164,38.9222461468822],[-120.994789135968,38.9218081465304],[-120.995381135056,38.921597146765],[-120.996577135345,38.9214051463812],[-120.997039135825,38.9211291462921],[-120.997332136213,38.9208141464927],[-120.997518136224,38.920617146809],[-120.997857136077,38.9200551466336],[-120.998043135213,38.9195141459611],[-120.998312135644,38.9189511461531],[-120.998835135812,38.9186291463535],[-120.999138135575,38.9184351460451],[-120.999357135897,38.9182941457134],[-120.999555135717,38.9181681463452],[-121.000077135409,38.9180061458854],[-121.000257136263,38.9179511460518],[-121.000328135731,38.9179381456682],[-121.000474136136,38.9179121460574],[-121.000825135899,38.9178511456796],[-121.000916135717,38.9178461456459],[-121.00106513598,38.9178401464056],[-121.001080135884,38.9178421463808],[-121.001127136359,38.9178481460253],[-121.001143135771,38.9178511463883],[-121.001384136468,38.9178871457595],[-121.002039135664,38.9179921462752],[-121.002805135943,38.9182781454768],[-121.003273136962,38.9185881461279],[-121.003339136837,38.9186321458032],[-121.003949136264,38.9193671456068],[-121.004547137243,38.9198691455785],[-121.004896136752,38.9201171456268],[-121.005139136572,38.9202111461821],[-121.005456136662,38.9201541455431],[-121.005914136719,38.9199641456265],[-121.006426136499,38.9196911458633],[-121.006484136487,38.9194691460771],[-121.006430136922,38.9190161455805],[-121.006484136921,38.9187301453717],[-121.006636136541,38.9184191453288],[-121.006839136682,38.9181231456644],[-121.007145136498,38.917860145235],[-121.00761113734,38.917787145703],[-121.007939136858,38.9177031457444],[-121.008000137511,38.9176921455883],[-121.008124137004,38.9176711453442],[-121.008689137093,38.9175281455648],[-121.009198136633,38.9173401450801],[-121.009775137157,38.9171081451799],[-121.009983137376,38.9170441447843],[-121.010178137534,38.9170251451126],[-121.010460137192,38.9169721451681],[-121.011567137852,38.9167221450603],[-121.01171013701,38.9166981453318],[-121.011964137246,38.9166571453067],[-121.012363138091,38.9166511450359],[-121.012919137948,38.9168211450274],[-121.014146137885,38.917424144582],[-121.014695138031,38.9176481450042],[-121.014857137767,38.9176821448964],[-121.014977137838,38.9177161450051],[-121.015397137811,38.9178351449158],[-121.01616813849,38.9179401449118],[-121.016442138339,38.9179781449257],[-121.017270138956,38.9180461443106],[-121.017724139022,38.918125144917],[-121.018414138652,38.918244144519],[-121.018941139403,38.9182441447389],[-121.01978013842,38.9181201445751],[-121.021844138674,38.9177831448214],[-121.022170139345,38.9176851445796],[-121.022736139914,38.9175161445322],[-121.023511139983,38.9172391442588],[-121.024042139011,38.9164781438728],[-121.025014139104,38.9153171442167],[-121.025385139075,38.9150411439841],[-121.026458139779,38.9148001435301],[-121.027907139658,38.9143951440138],[-121.028584140411,38.9142321435743],[-121.029278140328,38.9140151434921],[-121.03016713999,38.9137481435245],[-121.030763139718,38.9135351436705],[-121.031130140014,38.9134241429311],[-121.032412140806,38.9132451427715],[-121.033017139892,38.9130361430167],[-121.033451140129,38.9128731426412],[-121.03379614019,38.9128211429952],[-121.034109140808,38.9128881431457],[-121.0342361405,38.9129951426646],[-121.034697141232,38.9133861428137],[-121.034853140229,38.9134341429421],[-121.035163140238,38.9134251430793],[-121.035499140444,38.9134801428027],[-121.035850140771,38.9136251430872],[-121.036173140482,38.9137651425314],[-121.036357141191,38.9139331426141],[-121.036911140872,38.9148471430739],[-121.037515141035,38.9156941430246],[-121.037939141843,38.9156051428497],[-121.038133141362,38.9156051429265],[-121.038657141712,38.9156071427202],[-121.039496141699,38.9157881426194],[-121.039948142411,38.9158651429238],[-121.03998614164,38.9158471423786],[-121.040419141852,38.9156561431813],[-121.040524142347,38.9155431428344],[-121.040978142205,38.9150551428582],[-121.041480141712,38.9141981422594],[-121.041532142378,38.9136671425066],[-121.041627141747,38.9129801423614],[-121.041561141282,38.91218114211],[-121.041621141254,38.9119771427186],[-121.041734141325,38.9115941422994],[-121.042201141148,38.9111201421112],[-121.04249814116,38.910839142191],[-121.042598141421,38.9104081417608],[-121.042714141389,38.9093961423881],[-121.043028141213,38.908496141845],[-121.043603140798,38.907541141882],[-121.043971141916,38.906986142193],[-121.044563141777,38.9065241418116],[-121.04556814136,38.9056841417127],[-121.046760141272,38.9053801413711],[-121.048027141217,38.9051251412966],[-121.04843914151,38.9045511412208],[-121.048908142137,38.9039721413803],[-121.048935141714,38.9039401409815],[-121.049416141293,38.9033671414632],[-121.049545141593,38.9023361408324],[-121.049838141747,38.901760140898],[-121.050338141741,38.9014441409225],[-121.05108614133,38.9010751409911],[-121.051187141653,38.9010251407377],[-121.052206141906,38.9006091402096],[-121.052924142194,38.900149140164],[-121.053420142019,38.8995071407959],[-121.053552141435,38.898811140199],[-121.053573142083,38.8980531402686],[-121.05338614216,38.8973021401861],[-121.053035141131,38.8967851403011],[-121.052398141411,38.8965771399447],[-121.051084141477,38.8962801404279],[-121.049997140423,38.8958811401495],[-121.049434140342,38.8961051401511],[-121.049221141318,38.895793140752],[-121.048820140217,38.8956071403622],[-121.048516140145,38.8954611402267],[-121.048207140235,38.8952941400008],[-121.047916139973,38.8949911406372],[-121.047676140626,38.8944791402783],[-121.04746814008,38.8940791400372],[-121.047212140285,38.8937591401545],[-121.046860140008,38.8934071406993],[-121.046572140009,38.8931351404231],[-121.046124140123,38.8926391406764],[-121.045998140172,38.892513140441],[-121.045708140247,38.8922231406938],[-121.045244139941,38.8917911405655],[-121.045226139277,38.8917751403066],[-121.044796139688,38.8913911403075],[-121.044572138967,38.8912151403772],[-121.044348139816,38.8909751400712],[-121.0441881389,38.8908311400021],[-121.044204138954,38.8906231401726],[-121.044300139597,38.8903351405947],[-121.044604139136,38.8900471403702],[-121.045047139059,38.889724140491],[-121.045177139686,38.8896291399367],[-121.045307138838,38.8895341401558],[-121.046156138867,38.8888631402871],[-121.046924139767,38.888607140396],[-121.047476139813,38.8884131400925],[-121.047788139214,38.8883031401183],[-121.048556139812,38.8879191398906],[-121.049388140192,38.8875351394393],[-121.049724140338,38.8873591396123],[-121.05003214002,38.8872421395519],[-121.050088140171,38.8872211399236],[-121.051006140028,38.8868981398153],[-121.052400139649,38.8866041390988],[-121.053975140595,38.8858701390198],[-121.056924140027,38.8847951392301],[-121.056964140526,38.8847811387633],[-121.057049140868,38.8847511391785],[-121.057137141074,38.8847201390268],[-121.057181140341,38.8847041386747],[-121.057402140985,38.8846481386008],[-121.057821141266,38.8845441390545],[-121.058605141254,38.8843201385767],[-121.058720140584,38.8842631388443],[-121.059133141251,38.8840641385686],[-121.059499141075,38.8839381389591],[-121.059693141147,38.8838721389373],[-121.060215141123,38.8836221383268],[-121.060429141049,38.8835201383911],[-121.060553140862,38.883451138567],[-121.060893141196,38.8832641381945],[-121.060992141486,38.8832131386479],[-121.061091141126,38.883161138507],[-121.061325141023,38.8830401388366],[-121.061709140679,38.8826561384161],[-121.061965140782,38.8821441383754],[-121.061997141104,38.881504138666],[-121.06166114143,38.8810401384506],[-121.061197140343,38.8806241386552],[-121.060759140766,38.8800371384584],[-121.059884140921,38.8791661380265],[-121.058926140486,38.8785641381495],[-121.058122140463,38.8780661384498],[-121.057659140378,38.8777801384929],[-121.057196139286,38.8774941386382],[-121.056941139834,38.8773121382008],[-121.056797140117,38.8768961384759],[-121.05654013969,38.8763521386299],[-121.056300139377,38.8758081382275],[-121.056140139565,38.8751841381575],[-121.056092139425,38.8746721380004],[-121.05604413863,38.8743201376567],[-121.055948139604,38.8738561383853],[-121.055804138461,38.8734721383558],[-121.055644138692,38.8728961377107],[-121.055404138949,38.872336137938],[-121.055212138256,38.871808138079],[-121.054908138831,38.8713921382483],[-121.054444138727,38.8710401378287],[-121.054028138133,38.8706241383218],[-121.053772138256,38.8702401374764],[-121.053532138015,38.8698561378693],[-121.05351613834,38.8693761377864],[-121.053388138392,38.8688641381361],[-121.053276137982,38.8683521374889],[-121.053388138199,38.867744137907],[-121.05353213754,38.8672961374701],[-121.053756137522,38.8667041379674],[-121.053996138376,38.8662081377167],[-121.054108137253,38.8657281377683],[-121.054252137261,38.8654241376356],[-121.054444137229,38.8651521377966],[-121.054556138238,38.8650241371224],[-121.055116138064,38.8648481370847],[-121.055852137959,38.8646881373646],[-121.056476138134,38.864576136989],[-121.057036138407,38.8643521367372],[-121.057772137746,38.8639681373541],[-121.058284138021,38.8637121366963],[-121.058572137659,38.8635361373055],[-121.058684138464,38.8633281367883],[-121.058764138411,38.863120136882],[-121.059068138066,38.862624137077],[-121.059565138495,38.862128136925],[-121.060269138419,38.861664136285],[-121.06068513882,38.8614081368336],[-121.061181138754,38.8609601364179],[-121.061453137831,38.8605281360841],[-121.061693138806,38.8602561366774],[-121.061741138628,38.8600641364752],[-121.061819137799,38.8599211368279],[-121.061757138113,38.8596171368038],[-121.061566137998,38.8593771364354],[-121.061293137795,38.8591641367974],[-121.061200138511,38.8590901362118],[-121.06099313815,38.8587391360468],[-121.060802137295,38.8582291359954],[-121.060726137953,38.8580751365671],[-121.06059513741,38.8578151363688],[-121.0604681374,38.8576711361439],[-121.060320137184,38.857281136609],[-121.060214137724,38.8570011363107],[-121.059935137594,38.8561421361785],[-121.059904137364,38.8560441360387],[-121.059871137138,38.8559441361181],[-121.059831136882,38.855822136514],[-121.0596121374,38.8550861362519],[-121.059545137586,38.8548651361197],[-121.05936813698,38.8544161363336],[-121.059338136949,38.8543391363054],[-121.059172137166,38.8539131358492],[-121.059100137506,38.8537461364854],[-121.058989136451,38.8534941357766],[-121.058956136748,38.8534481362271],[-121.058860137266,38.8533131363205],[-121.058764136498,38.8531771358486],[-121.058447136507,38.8527281362428],[-121.058002137191,38.8520431358309],[-121.057592136779,38.8512751363379],[-121.057541136669,38.8507191362401],[-121.057554136826,38.8505521361374],[-121.057589136016,38.8500821360613],[-121.057702136368,38.8493811361179],[-121.057778136327,38.8489781354638],[-121.057791136215,38.848912135446],[-121.057804136318,38.8488441362096],[-121.057862136063,38.8485361353382],[-121.058006135976,38.8478511355196],[-121.058421136448,38.8471341358152],[-121.058457135832,38.8471151356584],[-121.058947136323,38.846848135872],[-121.058971135867,38.8468301353571],[-121.059089136231,38.8467411353292],[-121.059206136131,38.8466541359238],[-121.059394136611,38.8465141357337],[-121.059899136019,38.84623413511],[-121.060011136131,38.8461721354345],[-121.060121135895,38.8461121352246],[-121.060212135955,38.8460551357352],[-121.060303135863,38.845998135279],[-121.060502135897,38.8458741354971],[-121.060701136417,38.8457501353841],[-121.060712136744,38.8457441353018],[-121.060916136362,38.8456221354062],[-121.06092913648,38.845618135057],[-121.06140513641,38.8454741353997],[-121.061597136511,38.8453451348307],[-121.061634135901,38.8453361354658],[-121.061869136386,38.8452821351845],[-121.061947136502,38.8452471349746],[-121.062367136146,38.8450581355524],[-121.063183136896,38.8448811347607],[-121.06400013721,38.8447061351253],[-121.06427113652,38.8446541345227],[-121.064928136547,38.8445291352726],[-121.065456137132,38.8443841349447],[-121.066273137123,38.8440971350922],[-121.066331137522,38.844087134868],[-121.06689713654,38.8439851342661],[-121.067078137149,38.8439711350609],[-121.067929136664,38.843911134167],[-121.068018136874,38.8439051344729],[-121.068290137666,38.8438401346616],[-121.068882137305,38.8436651344755],[-121.069394137595,38.8434401342858],[-121.07001913728,38.8433611343148],[-121.070288138042,38.8433291344932],[-121.070383137947,38.8433171347575],[-121.070477137337,38.8433061343711],[-121.071107137299,38.8432331345766],[-121.072692138232,38.8429461337039],[-121.073588137845,38.8426091336507],[-121.073691138352,38.8424611337131],[-121.073844138155,38.8422421335896],[-121.073923138412,38.8419491342364],[-121.073956137307,38.8418251341475],[-121.074045138083,38.8417431337073],[-121.074341137682,38.8414741338935],[-121.074933137487,38.840785133733],[-121.075204137449,38.840337133456],[-121.075348137996,38.840096133381],[-121.075506138317,38.8399351335107],[-121.075829137458,38.839600133886],[-121.07604313827,38.8394551333128],[-121.076581138342,38.8390881333241],[-121.076996138337,38.838891133195],[-121.07712113755,38.8388311330355],[-121.077246138446,38.838772133239],[-121.077344137987,38.838725133157],[-121.077443138035,38.8386791336293],[-121.077558137774,38.8386241333393],[-121.077854138415,38.8384631329852],[-121.078148137589,38.8383031330763],[-121.078443138435,38.8381441330677],[-121.078502138074,38.8381121330628],[-121.079222138318,38.8376631333375],[-121.08003913832,38.8372651334622],[-121.080411138714,38.8370071327422],[-121.080668138674,38.8368251331966],[-121.081016138699,38.83632013335],[-121.081528138345,38.8357431327701],[-121.08194413803,38.8351841329408],[-121.08228013777,38.8348961331353],[-121.082487138113,38.8348601325987],[-121.082568138207,38.8348471322958],[-121.083032138736,38.8347511327572],[-121.083660138812,38.8348271327694],[-121.083689138693,38.8348311325977],[-121.084489138754,38.834960132712],[-121.084591139198,38.8349601328699],[-121.084773139181,38.8349591326862],[-121.084955138513,38.83496013235],[-121.084985138513,38.834960132609],[-121.085024138825,38.8349441325569],[-121.085337138577,38.8348151321698],[-121.085546138893,38.8346561325541],[-121.085804138958,38.8344551323149],[-121.085903138597,38.8343791322448],[-121.086054139169,38.8342571325705],[-121.086204138865,38.834133132544],[-121.086386139177,38.8339841322742],[-121.086569138602,38.8338351326949],[-121.086602138853,38.8338081325243],[-121.086754138511,38.833700131942],[-121.08735413905,38.8332791319749],[-121.087642138811,38.8328301322793],[-121.087708138637,38.832708131988],[-121.087774139411,38.8325861325546],[-121.087839138988,38.8324641321542],[-121.087931138452,38.8321121324665],[-121.088031139242,38.8319021321105],[-121.088123139176,38.8317111319751],[-121.088143139209,38.8316311318928],[-121.08821913837,38.8313531319612],[-121.088296138776,38.8310761316364],[-121.088301138428,38.8310571321213],[-121.088345138735,38.8309361320292],[-121.088393138849,38.8308081321413],[-121.088490138582,38.8305471316314],[-121.088501139015,38.8305161316628],[-121.088526138552,38.8304481315142],[-121.08855113921,38.830380132251],[-121.088588138195,38.830279132054],[-121.088625139106,38.8301791314369],[-121.088868139033,38.8295191321842],[-121.088873138959,38.829498131638],[-121.088934138615,38.8293411317711],[-121.088970138295,38.8292431320561],[-121.088972139102,38.8291741314094],[-121.088972138251,38.8289631317732],[-121.088969138175,38.8288161320103],[-121.088972138278,38.8287531317484],[-121.088972139063,38.8283261317922],[-121.089000138605,38.8282081316025],[-121.089017138521,38.8281371313913],[-121.089043138236,38.8280241318543],[-121.089062137951,38.8279431320544],[-121.088942138402,38.8276541312069],[-121.088866138441,38.8274521317222],[-121.088770138917,38.8272011319148],[-121.088734138338,38.8271061312013],[-121.088330138451,38.8267611313155],[-121.088043138055,38.8265161316663],[-121.087902138341,38.8263961316173],[-121.087737137551,38.8262921312284],[-121.087527137966,38.8261601314905],[-121.087372138376,38.8260581311861],[-121.086891137807,38.8257431318752],[-121.086640137897,38.8256031316931],[-121.085665138056,38.8249191317875],[-121.084877137629,38.8243551320181],[-121.084534137223,38.8241091318105],[-121.083287137398,38.8232161317726],[-121.083068137324,38.8230591319861],[-121.082712137185,38.8223791314673],[-121.082828136563,38.8215931311762],[-121.082869136425,38.8213151316411],[-121.082910136322,38.8210361316095],[-121.08306813631,38.8199691313708],[-121.083188136238,38.8196701313838],[-121.083269137052,38.8194701310748],[-121.084347136436,38.8168131312629],[-121.084421136264,38.8166301311348],[-121.084495136879,38.8164471309613],[-121.084970136424,38.8160151312519],[-121.087004136407,38.8152861309674],[-121.087679136753,38.8150451307263],[-121.088779137184,38.8146521308186],[-121.089288137083,38.8144701308844],[-121.092682137813,38.813966130572],[-121.092909137103,38.8139321300934],[-121.093136137349,38.8138981300803],[-121.093448137264,38.8138521305351],[-121.094093137229,38.8139671301535],[-121.095505137227,38.8142191295753],[-121.096918138444,38.8144721302453],[-121.097252137811,38.8145321302853],[-121.098012138256,38.8147141298246],[-121.100857138429,38.8153971294661],[-121.101441139257,38.8152871295008],[-121.101772139343,38.8152271298915],[-121.10162713904,38.8143321291177],[-121.101536138235,38.813771129697],[-121.101332139057,38.8135431291243],[-121.099391137685,38.8116591295644],[-121.099323137942,38.8115281294858],[-121.098757138285,38.8104231290286],[-121.097770136746,38.8073331290816],[-121.097943137317,38.8052161286468],[-121.098098136377,38.8033351290283],[-121.09957213646,38.7996761284308],[-121.100908136934,38.7974901279537],[-121.101114136233,38.797182127968],[-121.101502136897,38.7968521279895],[-121.101881136509,38.7966461279956],[-121.102251136544,38.7962091277107],[-121.102334136621,38.7959131277337],[-121.102193136817,38.7944441279604],[-121.101865136014,38.7928701277203],[-121.101319135299,38.7914241274992],[-121.101252135409,38.7905391278348],[-121.101210135278,38.7899771274701],[-121.101756135196,38.7879781273826],[-121.101878135298,38.787742127229],[-121.102445135301,38.7866471271382],[-121.103012135766,38.7855531268816],[-121.107702135838,38.7801271263125],[-121.107946135245,38.7796371262394],[-121.108435135004,38.778657126398],[-121.108906135077,38.7778051255255],[-121.109901135427,38.7760041252851],[-121.110361135356,38.7754341255593],[-121.110438134727,38.7753391258443],[-121.110516135215,38.7752431254293],[-121.110612134994,38.7751241253413],[-121.110708135617,38.7750051251707],[-121.110902135113,38.7747651251314],[-121.11109613567,38.7745251256769],[-121.111220135313,38.7743711251604],[-121.111344135633,38.7742181250054],[-121.111488135846,38.7740401254694],[-121.111631135178,38.7738621250319],[-121.111681134733,38.7738001252671],[-121.113612134924,38.7725901251765],[-121.11461313535,38.7719631250157],[-121.115205135265,38.7716301247472],[-121.117230135944,38.7704931245933],[-121.118592135751,38.7689421246345],[-121.119272135745,38.7657991240276],[-121.118822135304,38.7642771239735],[-121.118801135273,38.7642071239141],[-121.118241134282,38.7614681234592],[-121.117492134756,38.7577981239502],[-121.117702133782,38.7564511237619],[-121.119220133666,38.7543281231733],[-121.119572134393,38.7539701231206],[-121.120630134305,38.7528951231229],[-121.120983134184,38.7525381228537],[-121.121459134104,38.7525351223275],[-121.121957133902,38.7525321226222],[-121.122889134761,38.7525261225276],[-121.122931134736,38.7525261226611],[-121.123148134791,38.7525251226296],[-121.123366134536,38.7525231223672],[-121.123485134076,38.7525231222435],[-121.12360513486,38.75252412222],[-121.123807134883,38.752526122769],[-121.123915134702,38.7525271228837],[-121.124024134198,38.7525271221542],[-121.128068135586,38.7525501223204],[-121.135451135963,38.7525931221242],[-121.142176137759,38.7526311210098],[-121.146879138244,38.7526581208043],[-121.147089138091,38.7531961208698],[-121.147460138249,38.753443121248],[-121.147495138146,38.7535641206369],[-121.147411138908,38.7536191211681],[-121.146654138137,38.753487120854],[-121.146107138099,38.7531851208725],[-121.145967137825,38.7531961210027],[-121.145826138572,38.753322121182],[-121.145791138069,38.7534321214018],[-121.146653138043,38.7541571211236],[-121.147116138934,38.7546411212805],[-121.14718613866,38.7547781209019],[-121.14780313866,38.7548551211485],[-121.147852138566,38.754910121208],[-121.147852139118,38.7549921210335],[-121.147487138267,38.7552391206817],[-121.147417139148,38.7554481212888],[-121.14724113854,38.7564641207539],[-121.147508138983,38.7567001208158],[-121.147508138889,38.7567551208923],[-121.147087139243,38.7569581214209],[-121.14699813882,38.7570721214992],[-121.1469461388,38.757139121272],[-121.146581138924,38.7572111211473],[-121.146476138158,38.7573751211339],[-121.146511138539,38.757578121711],[-121.146630138294,38.7576771216152],[-121.146806139072,38.7577051210839],[-121.147142138697,38.7576061212888],[-121.14733913867,38.7576451212944],[-121.14744413926,38.7577711211688],[-121.14740913871,38.757991121281],[-121.147142139051,38.7581661217188],[-121.146637138517,38.7582381211726],[-121.14639113909,38.7582541212955],[-121.146251138625,38.7583361215522],[-121.146251138544,38.7584021216633],[-121.14633513867,38.7584571211991],[-121.147093139089,38.7585671209702],[-121.147149138438,38.7586221209262],[-121.146833138686,38.7591441212805],[-121.146777139183,38.759188121364],[-121.146552139481,38.7591991215787],[-121.146496138448,38.7592541215671],[-121.146622138416,38.7593801218243],[-121.146889139559,38.7594461216059],[-121.14716913862,38.7597101216596],[-121.147104139332,38.7599221215135],[-121.148284138716,38.7598961217258],[-121.150205139081,38.7598421209255],[-121.150610139862,38.7598881212711],[-121.154728139992,38.7598281205952],[-121.154937139953,38.7598121209264],[-121.154885139176,38.7537401201252],[-121.154892139755,38.7535141204218],[-121.154878139688,38.7525591202061],[-121.155428139284,38.7525521198472],[-121.161067140287,38.7525021196788],[-121.161134140486,38.7524961200175],[-121.161136140429,38.7523201194402],[-121.161099140141,38.7516641196647],[-121.161113139811,38.7513721199668],[-121.161161140195,38.7503501194932],[-121.165493140939,38.7502941189446],[-121.166158140587,38.7511481195321],[-121.167997141996,38.7534591192459],[-121.168059142019,38.7535311196261],[-121.167983141891,38.7535771196976],[-121.167634142069,38.7537901195408],[-121.167365141759,38.7539611191438],[-121.167288141707,38.7540111195728],[-121.167140141625,38.7541151194504],[-121.166804141887,38.7543741198811],[-121.166544141023,38.75460811985],[-121.166502141195,38.7546471198703],[-121.166349142006,38.7547741197004],[-121.166199141347,38.7549061199907],[-121.165901141365,38.7551741198627],[-121.164868141697,38.7560731194213],[-121.164798141449,38.7561361195957],[-121.16472914139,38.7562011201183],[-121.164448141686,38.7564401198089],[-121.164322141727,38.7565621201241],[-121.164235141361,38.7566651201598],[-121.16421314114,38.7566911199824],[-121.164141141459,38.7568041195819],[-121.164124141678,38.7568311196128],[-121.164049141189,38.7569911198866],[-121.164008141299,38.757148120104],[-121.163992141927,38.7572811197436],[-121.163989140937,38.7573121197602],[-121.163982141824,38.7574491196528],[-121.163980141052,38.7574851197497],[-121.163978141888,38.7577291201191],[-121.163978141703,38.7578341198641],[-121.163986141628,38.7582011203086],[-121.163980141048,38.7583951199634],[-121.163982141424,38.7585721199722],[-121.163986142004,38.7588531198826],[-121.163988142089,38.7591581202847],[-121.163988142002,38.7591781202872],[-121.163993141487,38.7597531203543],[-121.172832143056,38.759734119316],[-121.173977143666,38.759738119236],[-121.177695143686,38.7596811187708],[-121.178199144136,38.7596741191745],[-121.182196144057,38.7596211186118],[-121.182544145112,38.759599119081],[-121.182575144656,38.7602041190199],[-121.182692145098,38.76047711915],[-121.182671145238,38.7607501186371],[-121.182668145104,38.7610031190676],[-121.182674144762,38.7613101190083],[-121.18273414441,38.7613111188767],[-121.18269314459,38.7620641187105],[-121.185776145163,38.7620331187273],[-121.186123144903,38.762034118575],[-121.186143145417,38.7635121187942],[-121.186132145542,38.7640371185149],[-121.185092145572,38.764037119236],[-121.185086145606,38.7644851188935],[-121.191934147012,38.7644071179788],[-121.191936147051,38.7648691188614],[-121.191938146555,38.765196118849],[-121.191931146551,38.7655231181516],[-121.191930147149,38.7655771180952],[-121.191892146458,38.7661821182655],[-121.191897147291,38.7663941186085],[-121.191904146831,38.7665041184537],[-121.191925146824,38.7668311182922],[-121.191988147115,38.7668221187545],[-121.192255147436,38.7668201186634],[-121.192304147271,38.7668221189044],[-121.192383147471,38.7668271183917],[-121.192519147408,38.7668211183683],[-121.1926701473,38.7668271181015],[-121.19282514666,38.7668211182273],[-121.192989146634,38.7668271184954],[-121.193446147146,38.766825118216],[-121.19354114667,38.7668241186158],[-121.193827147591,38.766824118213],[-121.194252147481,38.7668221182674],[-121.195243147594,38.7668201187045],[-121.19544314751,38.7668171184089],[-121.195529147343,38.7668161185971],[-121.19561914753,38.7668151180161],[-121.195955147321,38.7668141181361],[-121.196184147669,38.7668141185494],[-121.196322147637,38.7668121181553],[-121.196557147357,38.7668111185271],[-121.196739148089,38.7668141183564],[-121.196914147972,38.7668111182455],[-121.197083147607,38.7668161180771],[-121.197245147442,38.7668131179115],[-121.197401148141,38.7668161185262],[-121.197425147997,38.7668151179417],[-121.197793147349,38.7668141185576],[-121.198057147516,38.7668141183137],[-121.198069147463,38.7668141177579],[-121.198228147934,38.7668071177809],[-121.198400147622,38.7668061182502],[-121.198583147894,38.7667981179259],[-121.198760147964,38.7667961184008],[-121.198848147885,38.7667941184797],[-121.199113147847,38.766790118455],[-121.19920914854,38.7667721175947],[-121.199776148633,38.7668151181265],[-121.201210147876,38.7667791177997],[-121.201300148403,38.76678211771],[-121.202898148289,38.766789117429],[-121.203611148568,38.7667881176354],[-121.204535149302,38.7667901173284],[-121.204779148632,38.766788117258],[-121.205925148949,38.7667361171934],[-121.206602149293,38.7667431177421],[-121.207100148801,38.7667931174859],[-121.210535149933,38.7667791167893],[-121.217483151184,38.7667181163615],[-121.217610150904,38.7668361168205],[-121.21823415094,38.7668341161789],[-121.218344151217,38.7667111163521],[-121.219328150845,38.7667031160647],[-121.219688150858,38.7664181160659],[-121.219743151315,38.7652411163163],[-121.219674150448,38.7594681160922],[-121.224342150572,38.75956711556],[-121.22430415109,38.7597861159354],[-121.224263151224,38.7599481151896],[-121.224192150977,38.7601611151406],[-121.224163151458,38.7602281155967],[-121.223785150657,38.7611311157322],[-121.223482150779,38.7618501156381],[-121.223079150829,38.7628121156708],[-121.222988150932,38.7630411158441],[-121.2228711512,38.7633881161211],[-121.222778151298,38.7637401164227],[-121.222729151352,38.7639771158013],[-121.222716151505,38.7640571161124],[-121.222597151811,38.7648291158079],[-121.222515152088,38.76536211633],[-121.222338152168,38.7665271165275],[-121.222284151539,38.7667721162817],[-121.222229151548,38.7669531162691],[-121.222137151447,38.76719311632],[-121.222024151696,38.7674261163167],[-121.222012152218,38.7674461167371],[-121.221890152127,38.7676521161992],[-121.221737151282,38.7678701159721],[-121.221565151362,38.7680801164385],[-121.221387152105,38.768265116706],[-121.221374151509,38.7682801165135],[-121.221220152227,38.7684221160914],[-121.220999151255,38.7686021166364],[-121.220764152051,38.7687691169055],[-121.220513151294,38.7689241167666],[-121.218757151169,38.7698901164231],[-121.217852151476,38.7703891170016],[-121.217776151529,38.770398117304],[-121.217304150898,38.7706421172105],[-121.216619151412,38.7710091166499],[-121.216045150893,38.7713171169376],[-121.215689151621,38.7715101167767],[-121.215153151093,38.7718031170205],[-121.214595151509,38.7721071173821],[-121.214231151038,38.7723071173165],[-121.213653151343,38.7726261175719],[-121.213094150718,38.7729341176116],[-121.212779151386,38.7731081178707],[-121.212310150442,38.7733581171672],[-121.212004150803,38.7734911172881],[-121.211690151281,38.7736111179218],[-121.211422150984,38.7737001172823],[-121.21113515134,38.7737801174775],[-121.210866151181,38.7738301175682],[-121.210568150319,38.7738721178573],[-121.210525151123,38.7738761176216],[-121.210384151035,38.7738871181056],[-121.210114150484,38.7739081181442],[-121.209693150945,38.7739341175924],[-121.209231151063,38.7739641174682],[-121.209163150368,38.7739961180672],[-121.208744151,38.7740191179754],[-121.207701150376,38.774078117813],[-121.207628150326,38.7740851177625],[-121.207497149799,38.7741001182174],[-121.207229150687,38.7741421178184],[-121.206965149878,38.7741981183364],[-121.206947150714,38.7742031180386],[-121.206707150071,38.7742691183921],[-121.206455149815,38.7743541184328],[-121.206220150489,38.7744491178497],[-121.205951150418,38.7745781180889],[-121.2058281501,38.7746431182946],[-121.20559214983,38.774789117982],[-121.204710150566,38.7754001178944],[-121.204288150415,38.7756991184986],[-121.204202149699,38.7757611183336],[-121.203801150182,38.7760701182424],[-121.20369215003,38.7761821181608],[-121.203627150348,38.7762241188259],[-121.203570149527,38.7762621182237],[-121.203458149615,38.776377118591],[-121.203405149436,38.7764331188382],[-121.203340150149,38.7765001184735],[-121.20330314947,38.7765431181968],[-121.203189149499,38.7766871185935],[-121.203055150508,38.7768811182597],[-121.202939150062,38.7770821184509],[-121.2028631495,38.7772371183204],[-121.202835149421,38.7773021190279],[-121.202817149999,38.7773531188582],[-121.202776149797,38.7774741182711],[-121.202736149948,38.7775971186715],[-121.202700150458,38.7777461186661],[-121.202665149534,38.7779721188809],[-121.20265014998,38.7781991185389],[-121.202656149938,38.7784271185601],[-121.202673149624,38.7785981184919],[-121.202700149633,38.778759118691],[-121.202741149672,38.7789281192227],[-121.20281515067,38.7791491187548],[-121.202909149871,38.7793651191575],[-121.20299114989,38.7795231190766],[-121.20309214974,38.7796921189095],[-121.203270149817,38.7799811190601],[-121.203543150554,38.7804131189136],[-121.204132150499,38.7813421185493],[-121.204236150376,38.7815181192564],[-121.204551150384,38.7820461190543],[-121.204656150378,38.7822231190398],[-121.204704151021,38.7823041193532],[-121.204841151133,38.7825531189335],[-121.204966151213,38.7828051193213],[-121.205068150486,38.7830321192557],[-121.205186151606,38.7833341189109],[-121.205282151098,38.783635118627],[-121.205400151549,38.7840041188559],[-121.205681151484,38.7849051194858],[-121.205887151494,38.7855651195345],[-121.205931150948,38.7857051189979],[-121.206201152072,38.7866221193826],[-121.206259152112,38.7868541191532],[-121.2062961514,38.7870841195733],[-121.20631315189,38.7873161190387],[-121.206314151366,38.787437119352],[-121.206297151445,38.7876521195382],[-121.206290151686,38.7877541194805],[-121.206287151681,38.7877821194344],[-121.206345151267,38.7879341190526],[-121.206332151594,38.7879941194549],[-121.206201151775,38.7884431195633],[-121.206171151417,38.7885621190926],[-121.206138152118,38.7886811196117],[-121.206051151536,38.7889961191698],[-121.206047151381,38.7890121193531],[-121.205955152165,38.7890851191164],[-121.205928152436,38.7891901194669],[-121.205853151464,38.789686119787],[-121.205786152218,38.7901861191875],[-121.205777151605,38.790257119646],[-121.205765152378,38.7903671193537],[-121.205767152034,38.7914561198241],[-121.205793152777,38.7943641202338],[-121.205794152339,38.794395119835],[-121.20578715217,38.7949071196143],[-121.205766152707,38.7952831197189],[-121.205744152372,38.795680119828],[-121.205685153382,38.7965371204058],[-121.205655153057,38.7969801200962],[-121.205651152873,38.7970141205023],[-121.205635152807,38.7972591202627],[-121.20562415294,38.7974151202684],[-121.205567152951,38.7982171200019],[-121.205557153171,38.7983721204005],[-121.205531153459,38.7987251199959],[-121.205500153035,38.7991601203455],[-121.205492153009,38.7992631202022],[-121.205490153529,38.7992961200483],[-121.205486152681,38.7994101200357],[-121.205483153613,38.7995021204161],[-121.205482152973,38.7995241200153],[-121.205480153244,38.7995781207189],[-121.205477153134,38.7996861203072],[-121.205460153436,38.8003681199847],[-121.205460153022,38.8004031208185],[-121.205456152801,38.8005371202809],[-121.205444153065,38.8006881205749],[-121.205441153146,38.8010101200544],[-121.205437153952,38.8013861202622],[-121.20542715341,38.8024281201969],[-121.2054261537,38.8026841201262],[-121.205423153922,38.8028031209482],[-121.205423153569,38.8028691206092],[-121.205434153288,38.8030981207977],[-121.205432153865,38.8031551203919],[-121.205427154115,38.8032821208894],[-121.205412153787,38.8038391209521],[-121.205406154078,38.804024120673],[-121.205442153785,38.8045401209256],[-121.205450153713,38.8046291205113],[-121.205464153573,38.8048221211464],[-121.205482153903,38.8050471210141],[-121.205488154032,38.8051221206729],[-121.205504153687,38.8053271211452],[-121.205440154003,38.8054131211671],[-121.205435154348,38.8060041207738],[-121.205434153741,38.8062771207176],[-121.205433154123,38.8065111213242],[-121.205432153554,38.8066101209509],[-121.205428154262,38.8069651208734],[-121.205427154374,38.807023121023],[-121.205423153765,38.8072711208704],[-121.205410154607,38.8081671213263],[-121.205471154434,38.8082981214146],[-121.205441153872,38.8095371210285],[-121.205427154856,38.8101591213472],[-121.205417154035,38.8102971216089],[-121.205413154444,38.8105001209965],[-121.205414155032,38.8106741215202],[-121.205415154171,38.8107551209422],[-121.205424154836,38.8108781210866],[-121.205458154899,38.8111031209558],[-121.205502154226,38.811299120924],[-121.205564155196,38.8115051210412],[-121.205574154267,38.8115361214605],[-121.205667155185,38.8117701216339],[-121.205727154934,38.8119201216935],[-121.205827155149,38.8121121215258],[-121.206356154302,38.8117931212651],[-121.20639915448,38.8117651215673],[-121.207243154571,38.8112351207605],[-121.208105154642,38.8107091206472],[-121.208640155489,38.8103841213717],[-121.208677154521,38.8103621206836],[-121.208922155578,38.8102111204874],[-121.209278155227,38.8099941207946],[-121.209661154987,38.8097611209529],[-121.209908154998,38.8096121205737],[-121.20999315472,38.8095591211485],[-121.210250154898,38.8094021207033],[-121.21033615524,38.8093511210954],[-121.210712155221,38.8091231209599],[-121.211391155543,38.8087071208259],[-121.21152615491,38.8086241208718],[-121.215093154986,38.8064361202683],[-121.215888155729,38.8059491196389],[-121.215979155603,38.8058421198906],[-121.216254155859,38.8056751201527],[-121.216697155842,38.8054051196308],[-121.218029156018,38.8045961201223],[-121.218225155685,38.8044781199449],[-121.218475155521,38.8043301201429],[-121.218546155611,38.8042881195366],[-121.218759155429,38.8041621192713],[-121.218830156364,38.8041201193892],[-121.218844156084,38.8041321200494],[-121.218889155883,38.8041681198014],[-121.218904156205,38.8041801194114],[-121.21895815608,38.8042241193175],[-121.218971155571,38.8042371197198],[-121.219038156419,38.8043051193464],[-121.219136156228,38.8044441197024],[-121.219168156157,38.804489119512],[-121.219184156362,38.8045191192267],[-121.219245155986,38.8046371192716],[-121.219295156116,38.8047791197101],[-121.219306156466,38.804835120018],[-121.219320155813,38.8049031197979],[-121.219328156278,38.8049851195319],[-121.219323155613,38.8051041194914],[-121.219443155752,38.8050411194914],[-121.219587155889,38.8049561198878],[-121.220314155679,38.8045241191452],[-121.220551156131,38.8050061195772],[-121.220479155652,38.8050281193107],[-121.220338156646,38.8050271192756],[-121.220268155876,38.8050221199642],[-121.220250155819,38.8050761198924],[-121.220256156204,38.8056491193091],[-121.22028415654,38.8057021199707],[-121.220282156252,38.8057571198433],[-121.220285156732,38.8060571193598],[-121.220291155873,38.8062041196198],[-121.220004156836,38.8062011200319],[-121.220009156415,38.8062801195627],[-121.220011155762,38.8064001199937],[-121.220011155774,38.8066181199891],[-121.220034156152,38.8067161194831],[-121.219977156325,38.8067641202181],[-121.219956156043,38.8068281194269],[-121.219972156903,38.8073471194834],[-121.219988156375,38.8073921196783],[-121.22004315647,38.8074461196878],[-121.220095156186,38.8074681197972],[-121.220153156042,38.8074761198678],[-121.220290156782,38.8074761202274],[-121.22032015676,38.8075551196481],[-121.220305156974,38.8080011200185],[-121.220296156668,38.8089021197584],[-121.220279156742,38.8095521198515],[-121.220261156811,38.8102801200509],[-121.220672157232,38.8102831202271],[-121.226968158261,38.8103381191381],[-121.226630158042,38.8114961197909],[-121.226453158358,38.8121061195368],[-121.225811158139,38.81415112035],[-121.225243158685,38.8161341201936],[-121.225204158713,38.8162711204268],[-121.224645158372,38.817633120464],[-121.224127158879,38.8191121205053],[-121.224103159096,38.8191831203394],[-121.223417158821,38.8206391204334],[-121.223166158402,38.8210861209402],[-121.221908158956,38.8232501209745],[-121.221122158984,38.8246061214537],[-121.220699158467,38.825649121327],[-121.220603159185,38.825968121235],[-121.220515159154,38.8262671211716],[-121.220465158621,38.8266551214204],[-121.22045115874,38.8271231212477],[-121.220472159487,38.8281651215429],[-121.220393159594,38.8303281219762],[-121.220340160077,38.8317871220381],[-121.220335158983,38.8318761216805],[-121.220322159818,38.8321461218576],[-121.220319159049,38.8322371222607],[-121.22031215966,38.832539122154],[-121.220341159431,38.8328231218031],[-121.220365159157,38.8330421223437],[-121.220409159961,38.8333281217692],[-121.220420159527,38.8337741217269],[-121.220412160382,38.8345831222683],[-121.220407159955,38.8351721223551],[-121.220428159907,38.8357651226409],[-121.220431160125,38.8358741218058],[-121.220159160373,38.8358771223621],[-121.219984159579,38.83586212248],[-121.220044160538,38.8360611220373],[-121.220090160388,38.8362611223247],[-121.220124160623,38.8364641223052],[-121.220144160227,38.8366701222862],[-121.220150160341,38.8368761224872],[-121.220153159949,38.8373031222073],[-121.220149159851,38.8375021220111],[-121.220149159912,38.8375121227633],[-121.220153160135,38.8381251220509],[-121.220157160245,38.8387901226892],[-121.220160160994,38.8394401229112],[-121.220484160041,38.8394191225284],[-121.220781160834,38.8394041221355],[-121.221461160998,38.8393921226127],[-121.223074161206,38.8393301220168],[-121.224951161628,38.8392681221456],[-121.226129161771,38.839237122103],[-121.22628916125,38.8392301216803],[-121.226675161035,38.8392141223408],[-121.228152161207,38.839134121911],[-121.229704162449,38.839130121502],[-121.229700161328,38.8389181213656],[-121.231656162712,38.83904712158],[-121.231659161901,38.8391621212189],[-121.231663162263,38.8392431215799],[-121.231670162729,38.839443121892],[-121.23170616238,38.840978121421],[-121.231708162581,38.8410651218729],[-121.231727163053,38.8421521217056],[-121.231632162297,38.8435881220405],[-121.231570162928,38.8445571217957],[-121.231493163494,38.8452481222018],[-121.231474163404,38.8485661220475],[-121.23146116368,38.8499551229643],[-121.231465164211,38.8514091225914],[-121.231479163861,38.8524791225439],[-121.231567164249,38.8524781229013],[-121.231566163797,38.8540731224616],[-121.231566164252,38.8546721225323],[-121.231517163878,38.8546841233439],[-121.230828164195,38.8550681230865],[-121.22942016386,38.8558371232431],[-121.228822164474,38.8561591235047],[-121.228506163361,38.8565531236688],[-121.228234163992,38.8568901231364],[-121.227830164357,38.857394123655],[-121.227712164418,38.8578681237993],[-121.227724163807,38.8579741238202],[-121.227790163658,38.8581311238098],[-121.227899164578,38.8582931239327],[-121.227928164029,38.8583361238063],[-121.228201164214,38.8587361231894],[-121.228567163724,38.8592761231779],[-121.22861816396,38.8594041239945],[-121.228594164336,38.8594621239632],[-121.22842316476,38.8596401232983],[-121.227938163823,38.8601471240615],[-121.227903164311,38.8602601239828],[-121.227872164053,38.8605371232637],[-121.22791516441,38.8607331236299],[-121.228001164494,38.8608951240425],[-121.228268164513,38.8611811234843],[-121.228290164947,38.861204123991],[-121.228348164525,38.8612181239175],[-121.228740164849,38.8613111237913],[-121.228729164705,38.8619361240839],[-121.228700164838,38.8642651236429],[-121.228698164996,38.86448912414],[-121.228634164773,38.8646661242476],[-121.228587165396,38.8647911244481],[-121.23175516582,38.8664061242422],[-121.231262165788,38.8669401239621],[-121.231150166204,38.8670861236372],[-121.231553165595,38.8673211237485],[-121.232639165999,38.8677371243667],[-121.233039165748,38.8670361242348],[-121.233248166082,38.8671391234103],[-121.233584165691,38.8673041237785],[-121.234139166166,38.8675771237704],[-121.234427166683,38.8677191235394],[-121.234922166243,38.8679711242027],[-121.235080165923,38.8680421236494],[-121.235132166634,38.8680661237661],[-121.235303166295,38.8681601237579],[-121.235841166964,38.868418123415],[-121.234966166246,38.8684171235057],[-121.233967166486,38.8684201238985],[-121.234176166153,38.8684951236528],[-121.234275166873,38.8685361239738],[-121.234431166695,38.8686011242715],[-121.234675166928,38.8687201242989],[-121.234905166514,38.8688531242263],[-121.234946166966,38.868880123517],[-121.235123166758,38.86899912396],[-121.235330166362,38.8691551235042],[-121.23552216631,38.8693231241445],[-121.235591166537,38.8693941241184],[-121.235696166748,38.8695011238802],[-121.235853166274,38.8696861236231],[-121.235915166962,38.8697691236516],[-121.235996166415,38.8698771238772],[-121.236972166561,38.8712261240824],[-121.237078167271,38.8713791238266],[-121.237237167154,38.871610123661],[-121.237357166866,38.8718081237057],[-121.237462167521,38.8720101237179],[-121.2374971678,38.8720911241625],[-121.237514166923,38.8721321243526],[-121.237551166922,38.8722171236789],[-121.237564166912,38.8722561239073],[-121.237578167326,38.8722991242018],[-121.237622167105,38.872430123807],[-121.237677167485,38.8726451241189],[-121.237719167349,38.8728651236084],[-121.237745167728,38.8730861236743],[-121.237760167529,38.8733091243568],[-121.237773167635,38.8737531241093],[-121.237766166965,38.8739681240744],[-121.23778816793,38.8741821242686],[-121.237811168018,38.8746011240244],[-121.237814168133,38.8746501243913],[-121.237814167584,38.8748761238629],[-121.237822167907,38.8751821246175],[-121.237841168081,38.875695124154],[-121.237854167314,38.8760071241162],[-121.237897168073,38.8772371242695],[-121.237915167733,38.8777521246076],[-121.237933168568,38.8782921241265],[-121.237979168687,38.8795941245548],[-121.237986168203,38.8799151242733],[-121.238000168765,38.8804561249447],[-121.238001168385,38.8807001243908],[-121.238006168189,38.8813501246723],[-121.23800516896,38.88143212434]]]}},{"type":"Feature","properties":{"OBJECTID":465,"Year":"2024-25","FedID":"0633630","CDCode":"3166928","CDSCode":"31669280000000","CountyName":"Placer","DistrictName":"Roseville Joint Union High","DistrictType":"High","GradeLow":"KG","GradeHigh":"12","GradeLowCensus":"09","GradeHighCensus":"12","AssistStatus":"Differentiated, Year 1","CongressUS":"04,06","SenateCA":"01,04","AssemblyCA":"06,07","UpdateNotes":null,"EnrollTotal":12865,"EnrollCharter":1863,"EnrollNonCharter":11002,"AAcount":446,"AApct":3.5,"AIcount":94,"AIpct":0.7,"AScount":1420,"ASpct":11,"FIcount":571,"FIpct":4.4,"HIcount":2797,"HIpct":21.7,"PIcount":101,"PIpct":0.8,"WHcount":6304,"WHpct":49,"MRcount":814,"MRpct":6.3,"NRcount":430,"NRpct":3.3,"ELcount":889,"ELpct":0.2,"FOScount":23,"FOSpct":0.2,"HOMcount":348,"HOMpct":2.7,"MIGcount":0,"MIGpct":0,"SWDcount":1069,"SWDpct":8.3,"SEDcount":5338,"SEDpct":41.5,"DistrctAreaSqMi":70.88661337427045,"Shape__Area":323076229.35546875,"Shape__Length":121541.59876401968},"geometry":{"type":"Polygon","coordinates":[[[-121.469959194628,38.8007681002887],[-121.46990119513,38.8018241000335],[-121.46972119509,38.8051601008748],[-121.469661195558,38.8062731008233],[-121.469658195394,38.8065591009969],[-121.469651194969,38.8076571005421],[-121.469630196072,38.8118121010609],[-121.469625195517,38.8132001014317],[-121.469653196031,38.8147531016299],[-121.469669196607,38.8147691013973],[-121.469693195822,38.814778101277],[-121.469713195881,38.815463101467],[-121.469700196125,38.8154941014204],[-121.469697196072,38.8156291011949],[-121.46970319634,38.815760101434],[-121.469699195867,38.8157921010416],[-121.469700196369,38.8159041017236],[-121.46972719688,38.8159771017805],[-121.469707195939,38.8171301015121],[-121.469711196512,38.8172331014255],[-121.469739196768,38.8173871012017],[-121.469706196693,38.8175711016661],[-121.469730197073,38.8177071011432],[-121.469726196301,38.8182251013742],[-121.469732196569,38.8187201019493],[-121.469738196822,38.8188021020156],[-121.469721196602,38.8188331018051],[-121.469718196625,38.818973101797],[-121.46972319627,38.8191081021059],[-121.469717197124,38.8192521019307],[-121.46973719681,38.8204691017144],[-121.469728197305,38.8206261019523],[-121.469742196333,38.8207161015361],[-121.469726196872,38.8208961021165],[-121.469727197372,38.8220901017688],[-121.469705196953,38.8221311019622],[-121.469721196765,38.8223251021209],[-121.469714196701,38.822509102317],[-121.469724196902,38.8225591019181],[-121.469715197835,38.823780102339],[-121.469744197617,38.824015102295],[-121.46974019761,38.8240461023129],[-121.469768197496,38.8241411018713],[-121.469817197216,38.8242501017327],[-121.469822197003,38.8242841025256],[-121.469810197528,38.8242881023648],[-121.469779197259,38.8243021019123],[-121.469771197605,38.8243091018234],[-121.469577197877,38.8243061020918],[-121.469140197223,38.8243071025055],[-121.468251196971,38.8243031019743],[-121.466084196365,38.8242951027202],[-121.463694196376,38.8242821025854],[-121.462175196726,38.8242751022999],[-121.461903196304,38.8242741024796],[-121.460003195736,38.8242711029054],[-121.459526196287,38.8242711025605],[-121.458002195752,38.8242611031208],[-121.455858195658,38.8242561033465],[-121.455225194616,38.8242551030925],[-121.453488194619,38.8242501031268],[-121.451536194261,38.8242451035611],[-121.451375194936,38.8242511038985],[-121.451318194196,38.824262103505],[-121.451266194477,38.8242701037643],[-121.451089194455,38.8242791039671],[-121.450060194624,38.8242811035113],[-121.447004193953,38.824287103551],[-121.446286193801,38.8242891043518],[-121.445028193237,38.8242951044258],[-121.442620193488,38.8243041041336],[-121.441731193012,38.8243081038688],[-121.43690719199,38.8243141046249],[-121.435395191857,38.8243201051674],[-121.433745191338,38.824327104568],[-121.432988191752,38.8243271052937],[-121.432622191742,38.8243271045071],[-121.432477192097,38.8243271046485],[-121.431629191518,38.8243301052497],[-121.430351191237,38.8243361053283],[-121.428325190777,38.8243341054248],[-121.427553190346,38.8243321053748],[-121.426195191193,38.8243301056089],[-121.425354189923,38.8243281052588],[-121.425149190469,38.8243281059279],[-121.423810190046,38.8243311059401],[-121.422011189731,38.8243371060946],[-121.421145189518,38.8243411061782],[-121.4209661894,38.824341106087],[-121.41962718954,38.8243411060263],[-121.418378189279,38.8243411058741],[-121.416279188596,38.8243381062447],[-121.415613188858,38.8243381066833],[-121.414452188232,38.824340106324],[-121.414276188707,38.8243401064322],[-121.412484187935,38.8243401065829],[-121.410567188057,38.8243401063935],[-121.409075188178,38.8243431069779],[-121.407112188196,38.8243431070947],[-121.405321187342,38.824344106638],[-121.404428187346,38.8243441069212],[-121.404261186968,38.8243441072647],[-121.401751186591,38.8243421072137],[-121.401739187326,38.8243421070914],[-121.40085918669,38.8243441077133],[-121.400085186399,38.824345107209],[-121.399890186319,38.8243451074882],[-121.396985186436,38.8243451077734],[-121.396017185912,38.8243451078054],[-121.395657186427,38.8243451075744],[-121.394994185705,38.8243451081036],[-121.392849185644,38.8243451084505],[-121.391928185225,38.8243481082641],[-121.390906185619,38.824352108052],[-121.388465184375,38.8243571082424],[-121.388153184529,38.8243571085692],[-121.387441184063,38.8243601083987],[-121.385059184624,38.8243691090427],[-121.383282184341,38.8243751091018],[-121.379895183876,38.8243911090902],[-121.379748183708,38.8243921091597],[-121.378352183448,38.824394109175],[-121.377143183194,38.8243991095214],[-121.375033183177,38.8244081098064],[-121.373363182316,38.8244091096794],[-121.371564181863,38.8244131094592],[-121.369857182306,38.8244181093864],[-121.367732181308,38.8244271097143],[-121.36678218192,38.8244341098561],[-121.364451181196,38.8244411105648],[-121.360227179859,38.8244681106699],[-121.356962179548,38.8244821107248],[-121.354827179779,38.8244981105453],[-121.35456218003,38.8245001107085],[-121.350740178496,38.8245351109697],[-121.349608178311,38.8245481111232],[-121.349384178634,38.8245481113372],[-121.349249178978,38.8245591112691],[-121.34875317904,38.8245551116191],[-121.347229178029,38.8245411117611],[-121.34672517823,38.8245371115645],[-121.344461177501,38.8245381119951],[-121.343630177739,38.8245381121041],[-121.338492176843,38.8245421118506],[-121.334348176535,38.8245441123196],[-121.332342176287,38.824546112832],[-121.331832176261,38.8245271131091],[-121.331464176411,38.824505112827],[-121.331257175566,38.8244791124086],[-121.330958175653,38.824479113141],[-121.325885175017,38.8246021129261],[-121.325889174564,38.8246821130793],[-121.323679174937,38.8246661130186],[-121.323520174761,38.8246871136228],[-121.321405174142,38.8246501138506],[-121.317792174277,38.8246581133954],[-121.316913173481,38.8246661137651],[-121.311917172407,38.8246821146779],[-121.31143817307,38.8246781138495],[-121.308970172039,38.8246621142857],[-121.307712172408,38.8246621144592],[-121.307600172745,38.8246521142975],[-121.307479171665,38.8246411149944],[-121.307164172542,38.8246371147377],[-121.307168171946,38.8248171146601],[-121.306962171751,38.8248361149676],[-121.30665917197,38.8248441148809],[-121.304155171986,38.8248321152304],[-121.303046171555,38.824828114716],[-121.303051171942,38.8246741148756],[-121.300252171085,38.8246701147023],[-121.300253170904,38.8245841148911],[-121.300259170736,38.8240141152065],[-121.30027617078,38.8223071146231],[-121.300283170222,38.8217381150513],[-121.300287170426,38.821337114601],[-121.300296171068,38.820480114405],[-121.300299170497,38.8201371151331],[-121.300304170763,38.8197381151271],[-121.3003051704,38.8195741145119],[-121.300310170946,38.8190821146837],[-121.300312170511,38.8189191147255],[-121.300318170492,38.818316114673],[-121.300329169897,38.8172921141428],[-121.300330169703,38.8172231145358],[-121.300332169794,38.8170091146101],[-121.300333170301,38.8164761146394],[-121.300383170031,38.8127531137435],[-121.300410169581,38.8107251138322],[-121.300419169681,38.810047113667],[-121.300427169526,38.8089801142165],[-121.300446168421,38.8063751139123],[-121.300444168529,38.8053951137397],[-121.300462169024,38.8038321137354],[-121.300423168997,38.803223113605],[-121.300410168311,38.802975113309],[-121.300357167784,38.8026151134619],[-121.300314167761,38.8023121130289],[-121.300250168284,38.8018931135682],[-121.300230168632,38.8018001132165],[-121.300235168135,38.8017551134158],[-121.300238168516,38.8016681129357],[-121.300233168156,38.8014181133219],[-121.300214168175,38.8011691129614],[-121.300149168078,38.8007691136047],[-121.300042168017,38.8000241126894],[-121.300035168387,38.7997821127037],[-121.300043168093,38.7995411128656],[-121.300071167642,38.7992771127259],[-121.300117167805,38.7990141129821],[-121.300429167211,38.7978041128496],[-121.300487167394,38.7975431124798],[-121.300517167224,38.7973171126771],[-121.300529167395,38.7970891129299],[-121.300535167369,38.7969971129026],[-121.300556167871,38.7967181124188],[-121.300559167236,38.7964191124855],[-121.300563167693,38.7961951123782],[-121.3005651676,38.7960051128391],[-121.300570166998,38.7956221123125],[-121.300572167722,38.7954351125681],[-121.300575167203,38.7952461127871],[-121.300331167052,38.7952451130106],[-121.300079167001,38.7952461130531],[-121.300038167626,38.7952461128578],[-121.29982016746,38.7952531123506],[-121.299612167302,38.7952591127885],[-121.299336167451,38.7952791126316],[-121.299041167339,38.795312113145],[-121.298844166859,38.7953411128249],[-121.298518167073,38.795396113204],[-121.297916166905,38.7955121127876],[-121.297504166449,38.7955981126751],[-121.297300167349,38.7956431129072],[-121.297246166517,38.7956551129686],[-121.297190166977,38.7956671127599],[-121.297130166826,38.7956801125891],[-121.297000166587,38.7956691132055],[-121.29662716634,38.7957551128811],[-121.296583167301,38.7957641131628],[-121.296544166345,38.7957741127801],[-121.296093167128,38.7958781134226],[-121.295962167254,38.7959081126627],[-121.295900167304,38.7959231126731],[-121.295799166743,38.7959401132356],[-121.295768167336,38.7959451127881],[-121.295697166771,38.7959571126794],[-121.295439167016,38.7960001134796],[-121.295421166504,38.7960021130808],[-121.295282166603,38.7960151133374],[-121.295259167042,38.796017113145],[-121.294986166232,38.79604911335],[-121.294694166921,38.7960461136066],[-121.294256166889,38.7960071135307],[-121.293952166549,38.7959341133006],[-121.293429166179,38.795892113621],[-121.292545166154,38.7958741131545],[-121.291764165814,38.795903113246],[-121.291573166452,38.7959111135576],[-121.29153816626,38.7957411134753],[-121.28653016492,38.7956691138733],[-121.284236165395,38.7956371135933],[-121.284102164949,38.7956371142726],[-121.284098165002,38.7957621138034],[-121.28330416481,38.7957631139345],[-121.282397165169,38.7957631139119],[-121.281500164757,38.7957601143115],[-121.280618164035,38.7957671143917],[-121.280449164637,38.7957751144512],[-121.279924164152,38.7957841142736],[-121.27933916387,38.7957801144747],[-121.278915163831,38.7957761143871],[-121.278809164361,38.7957801142586],[-121.278025163882,38.7957711142346],[-121.277141163293,38.7957421147538],[-121.276648163379,38.7957601149854],[-121.276563163626,38.7956821148859],[-121.276499163988,38.7956621149487],[-121.274929163487,38.7957021150284],[-121.274151163576,38.7953981146909],[-121.268633162729,38.7932461149878],[-121.266178161599,38.7922861151492],[-121.26570516172,38.7920751146973],[-121.265660161066,38.7881321143999],[-121.265649161047,38.7871161143406],[-121.265645160635,38.7867711145945],[-121.265698161062,38.7851101146078],[-121.265726160625,38.7842531148382],[-121.265719160552,38.7841291139529],[-121.265715160189,38.7840371145026],[-121.265716160714,38.7837571144443],[-121.265717160859,38.783634114379],[-121.265718160848,38.7832701142445],[-121.265724159972,38.7821811140421],[-121.265726160026,38.7818181140458],[-121.265730160786,38.7809021144115],[-121.265732159875,38.7805501139203],[-121.265736160056,38.7796861143806],[-121.265738159756,38.7792001143622],[-121.265741159615,38.7781741142824],[-121.265742159421,38.7779901136526],[-121.265744159357,38.7776701136916],[-121.26574415975,38.7775251138548],[-121.26574515961,38.777496113723],[-121.26574615979,38.7773411136287],[-121.265746159604,38.7772551135324],[-121.265407159205,38.7770791141618],[-121.264374160011,38.7765651142551],[-121.264230159499,38.7764941142687],[-121.261685159093,38.7752281138733],[-121.261381158399,38.7750771143692],[-121.261152158908,38.7749621138367],[-121.26110215917,38.7749371138091],[-121.260640158795,38.774719114005],[-121.260597158419,38.7746991138426],[-121.260123158652,38.7744941137961],[-121.259595158916,38.7742841144617],[-121.259062158539,38.7740921136635],[-121.259013158098,38.7740751137261],[-121.258524158367,38.7739181140195],[-121.25826515875,38.7739241139561],[-121.257540158421,38.7739421144326],[-121.257491157697,38.773943114102],[-121.257233158144,38.7739491140742],[-121.256609158142,38.7739471145606],[-121.256221158206,38.7739461144891],[-121.255798157952,38.7739571142369],[-121.254157157374,38.7739421146512],[-121.25349815762,38.7739801149287],[-121.25333915745,38.7739801143355],[-121.253262157012,38.773945114808],[-121.252274157573,38.7739431149188],[-121.251648156637,38.7739411150483],[-121.251313156694,38.7739411148605],[-121.250908157264,38.7739431143889],[-121.250723157536,38.7739441151231],[-121.250651157255,38.7739441145105],[-121.250498156496,38.7739431144698],[-121.250102156594,38.7739421151589],[-121.2473721569,38.7739621150883],[-121.247398155614,38.7711151148782],[-121.247399155953,38.7708301150674],[-121.247416156443,38.770614114693],[-121.247405155733,38.7704071150958],[-121.247412155808,38.7703401143226],[-121.245496156033,38.7703681148842],[-121.245124155973,38.7703971151234],[-121.24365915565,38.7703241148024],[-121.24324415508,38.7703381147412],[-121.238739155103,38.7703321149949],[-121.23294715403,38.7703271159274],[-121.232165153361,38.7703281161128],[-121.231714154157,38.7703831154528],[-121.231275153768,38.7704381155894],[-121.230175152843,38.7703961161789],[-121.230059153667,38.7703921161995],[-121.229220153275,38.7703901164337],[-121.228622152661,38.7703941162905],[-121.227850153098,38.7704001159641],[-121.227605152454,38.7703981164027],[-121.227482153479,38.7704041160266],[-121.227304153052,38.7704221161814],[-121.225535152629,38.7703951159898],[-121.223167152649,38.7703611161156],[-121.222103151641,38.7703601164523],[-121.220398151528,38.7703601171484],[-121.21891415187,38.7703761165468],[-121.217950151052,38.7703871172304],[-121.217852151476,38.7703891170016],[-121.218757151169,38.7698901164231],[-121.220513151294,38.7689241167666],[-121.220764152051,38.7687691169055],[-121.220999151255,38.7686021166364],[-121.221220152227,38.7684221160914],[-121.221374151509,38.7682801165135],[-121.221387152105,38.768265116706],[-121.221565151362,38.7680801164385],[-121.221737151282,38.7678701159721],[-121.221890152127,38.7676521161992],[-121.222012152218,38.7674461167371],[-121.222024151696,38.7674261163167],[-121.222137151447,38.76719311632],[-121.222229151548,38.7669531162691],[-121.222284151539,38.7667721162817],[-121.222338152168,38.7665271165275],[-121.222515152088,38.76536211633],[-121.222597151811,38.7648291158079],[-121.222716151505,38.7640571161124],[-121.222729151352,38.7639771158013],[-121.222778151298,38.7637401164227],[-121.2228711512,38.7633881161211],[-121.222988150932,38.7630411158441],[-121.223079150829,38.7628121156708],[-121.223482150779,38.7618501156381],[-121.223785150657,38.7611311157322],[-121.224163151458,38.7602281155967],[-121.224192150977,38.7601611151406],[-121.224263151224,38.7599481151896],[-121.22430415109,38.7597861159354],[-121.224342150572,38.75956711556],[-121.219674150448,38.7594681160922],[-121.219743151315,38.7652411163163],[-121.219688150858,38.7664181160659],[-121.219328150845,38.7667031160647],[-121.218344151217,38.7667111163521],[-121.21823415094,38.7668341161789],[-121.217610150904,38.7668361168205],[-121.217483151184,38.7667181163615],[-121.210535149933,38.7667791167893],[-121.207100148801,38.7667931174859],[-121.206602149293,38.7667431177421],[-121.205925148949,38.7667361171934],[-121.204779148632,38.766788117258],[-121.204535149302,38.7667901173284],[-121.203611148568,38.7667881176354],[-121.202898148289,38.766789117429],[-121.201300148403,38.76678211771],[-121.201210147876,38.7667791177997],[-121.199776148633,38.7668151181265],[-121.19920914854,38.7667721175947],[-121.199113147847,38.766790118455],[-121.198848147885,38.7667941184797],[-121.198760147964,38.7667961184008],[-121.198583147894,38.7667981179259],[-121.198400147622,38.7668061182502],[-121.198228147934,38.7668071177809],[-121.198069147463,38.7668141177579],[-121.198057147516,38.7668141183137],[-121.197793147349,38.7668141185576],[-121.197425147997,38.7668151179417],[-121.197401148141,38.7668161185262],[-121.197245147442,38.7668131179115],[-121.197083147607,38.7668161180771],[-121.196914147972,38.7668111182455],[-121.196739148089,38.7668141183564],[-121.196557147357,38.7668111185271],[-121.196322147637,38.7668121181553],[-121.196184147669,38.7668141185494],[-121.195955147321,38.7668141181361],[-121.19561914753,38.7668151180161],[-121.195529147343,38.7668161185971],[-121.19544314751,38.7668171184089],[-121.195243147594,38.7668201187045],[-121.194252147481,38.7668221182674],[-121.193827147591,38.766824118213],[-121.19354114667,38.7668241186158],[-121.193446147146,38.766825118216],[-121.192989146634,38.7668271184954],[-121.19282514666,38.7668211182273],[-121.1926701473,38.7668271181015],[-121.192519147408,38.7668211183683],[-121.192383147471,38.7668271183917],[-121.192304147271,38.7668221189044],[-121.192255147436,38.7668201186634],[-121.191988147115,38.7668221187545],[-121.191925146824,38.7668311182922],[-121.191904146831,38.7665041184537],[-121.191897147291,38.7663941186085],[-121.191892146458,38.7661821182655],[-121.191930147149,38.7655771180952],[-121.191931146551,38.7655231181516],[-121.191938146555,38.765196118849],[-121.191936147051,38.7648691188614],[-121.191934147012,38.7644071179788],[-121.185086145606,38.7644851188935],[-121.185092145572,38.764037119236],[-121.186132145542,38.7640371185149],[-121.186143145417,38.7635121187942],[-121.186123144903,38.762034118575],[-121.185776145163,38.7620331187273],[-121.18269314459,38.7620641187105],[-121.18273414441,38.7613111188767],[-121.182674144762,38.7613101190083],[-121.182668145104,38.7610031190676],[-121.182671145238,38.7607501186371],[-121.182692145098,38.76047711915],[-121.182575144656,38.7602041190199],[-121.182544145112,38.759599119081],[-121.182196144057,38.7596211186118],[-121.178199144136,38.7596741191745],[-121.177695143686,38.7596811187708],[-121.173977143666,38.759738119236],[-121.172832143056,38.759734119316],[-121.163993141487,38.7597531203543],[-121.163988142002,38.7591781202872],[-121.163988142089,38.7591581202847],[-121.163986142004,38.7588531198826],[-121.163982141424,38.7585721199722],[-121.163980141048,38.7583951199634],[-121.163986141628,38.7582011203086],[-121.163978141703,38.7578341198641],[-121.163978141888,38.7577291201191],[-121.163980141052,38.7574851197497],[-121.163982141824,38.7574491196528],[-121.163989140937,38.7573121197602],[-121.163992141927,38.7572811197436],[-121.164008141299,38.757148120104],[-121.164049141189,38.7569911198866],[-121.164124141678,38.7568311196128],[-121.164141141459,38.7568041195819],[-121.16421314114,38.7566911199824],[-121.164235141361,38.7566651201598],[-121.164322141727,38.7565621201241],[-121.164448141686,38.7564401198089],[-121.16472914139,38.7562011201183],[-121.164798141449,38.7561361195957],[-121.164868141697,38.7560731194213],[-121.165901141365,38.7551741198627],[-121.166199141347,38.7549061199907],[-121.166349142006,38.7547741197004],[-121.166502141195,38.7546471198703],[-121.166544141023,38.75460811985],[-121.166804141887,38.7543741198811],[-121.167140141625,38.7541151194504],[-121.167288141707,38.7540111195728],[-121.167365141759,38.7539611191438],[-121.167634142069,38.7537901195408],[-121.167983141891,38.7535771196976],[-121.168059142019,38.7535311196261],[-121.167997141996,38.7534591192459],[-121.166158140587,38.7511481195321],[-121.165493140939,38.7502941189446],[-121.161161140195,38.7503501194932],[-121.161113139811,38.7513721199668],[-121.161099140141,38.7516641196647],[-121.161136140429,38.7523201194402],[-121.161134140486,38.7524961200175],[-121.161067140287,38.7525021196788],[-121.155428139284,38.7525521198472],[-121.154878139688,38.7525591202061],[-121.154892139755,38.7535141204218],[-121.154885139176,38.7537401201252],[-121.154937139953,38.7598121209264],[-121.154728139992,38.7598281205952],[-121.150610139862,38.7598881212711],[-121.150205139081,38.7598421209255],[-121.148284138716,38.7598961217258],[-121.147104139332,38.7599221215135],[-121.14716913862,38.7597101216596],[-121.146889139559,38.7594461216059],[-121.146622138416,38.7593801218243],[-121.146496138448,38.7592541215671],[-121.146552139481,38.7591991215787],[-121.146777139183,38.759188121364],[-121.146833138686,38.7591441212805],[-121.147149138438,38.7586221209262],[-121.147093139089,38.7585671209702],[-121.14633513867,38.7584571211991],[-121.146251138544,38.7584021216633],[-121.146251138625,38.7583361215522],[-121.14639113909,38.7582541212955],[-121.146637138517,38.7582381211726],[-121.147142139051,38.7581661217188],[-121.14740913871,38.757991121281],[-121.14744413926,38.7577711211688],[-121.14733913867,38.7576451212944],[-121.147142138697,38.7576061212888],[-121.146806139072,38.7577051210839],[-121.146630138294,38.7576771216152],[-121.146511138539,38.757578121711],[-121.146476138158,38.7573751211339],[-121.146581138924,38.7572111211473],[-121.1469461388,38.757139121272],[-121.14699813882,38.7570721214992],[-121.147087139243,38.7569581214209],[-121.147508138889,38.7567551208923],[-121.147508138983,38.7567001208158],[-121.14724113854,38.7564641207539],[-121.147417139148,38.7554481212888],[-121.147487138267,38.7552391206817],[-121.147852139118,38.7549921210335],[-121.147852138566,38.754910121208],[-121.14780313866,38.7548551211485],[-121.14718613866,38.7547781209019],[-121.147116138934,38.7546411212805],[-121.146653138043,38.7541571211236],[-121.145791138069,38.7534321214018],[-121.145826138572,38.753322121182],[-121.145967137825,38.7531961210027],[-121.146107138099,38.7531851208725],[-121.146654138137,38.753487120854],[-121.147411138908,38.7536191211681],[-121.147495138146,38.7535641206369],[-121.147460138249,38.753443121248],[-121.147089138091,38.7531961208698],[-121.146879138244,38.7526581208043],[-121.142176137759,38.7526311210098],[-121.135451135963,38.7525931221242],[-121.128068135586,38.7525501223204],[-121.124024134198,38.7525271221542],[-121.123915134702,38.7525271228837],[-121.123807134883,38.752526122769],[-121.12360513486,38.75252412222],[-121.123485134076,38.7525231222435],[-121.123366134536,38.7525231223672],[-121.123148134791,38.7525251226296],[-121.122931134736,38.7525261226611],[-121.122889134761,38.7525261225276],[-121.121957133902,38.7525321226222],[-121.121459134104,38.7525351223275],[-121.120983134184,38.7525381228537],[-121.121297134636,38.7522191224839],[-121.121398133911,38.7507251230569],[-121.121398134115,38.7487601226818],[-121.124123132802,38.742821121966],[-121.128363133305,38.7335831205087],[-121.129675132835,38.7330331208416],[-121.133308133075,38.7314601198293],[-121.13361113319,38.7302011198661],[-121.132905132389,38.7268981195511],[-121.133006131854,38.7222591195189],[-121.133098131419,38.7196451193531],[-121.133208131243,38.7165201188879],[-121.133412130925,38.7158191184307],[-121.134520131198,38.7120371187261],[-121.139082132023,38.7120011180747],[-121.139540131932,38.7119971182862],[-121.139769131875,38.7119951181934],[-121.140455131601,38.711990118004],[-121.140739131897,38.7119871176808],[-121.141608131886,38.7119441182036],[-121.142154132169,38.712029117519],[-121.142538131945,38.7121331179939],[-121.142846132299,38.7121381181748],[-121.143176132032,38.7120981181215],[-121.143391132639,38.7120081172375],[-121.143571132456,38.7119471179214],[-121.145262133006,38.7118181173165],[-121.145315133059,38.7118141170873],[-121.146629132995,38.7114001174124],[-121.149626133675,38.7116121173407],[-121.170021137226,38.7130751157285],[-121.170392136602,38.7131051154104],[-121.171520136797,38.7131861158988],[-121.172257137008,38.7132341159944],[-121.173737137395,38.7133401152524],[-121.175181137789,38.7134491155857],[-121.17562513819,38.7134781150286],[-121.176275138384,38.7135251154832],[-121.177756137601,38.7136321151162],[-121.180390138357,38.7137961147703],[-121.181674139067,38.7138761149515],[-121.18184913883,38.7138851151153],[-121.182022138727,38.7138941147184],[-121.182350138543,38.713911114481],[-121.182920138941,38.7139401152529],[-121.182926139371,38.7138441145388],[-121.183542138731,38.7138951144972],[-121.184888139333,38.7140071148901],[-121.185438139413,38.7140531148997],[-121.186666139745,38.7141541149902],[-121.186906139803,38.7141741144076],[-121.187323139613,38.7142081145848],[-121.188584139669,38.7143131143892],[-121.189618140127,38.7143881146222],[-121.192723140389,38.7146131140714],[-121.193758141107,38.7146891138486],[-121.193802140658,38.7146921142213],[-121.193814140224,38.7146931144936],[-121.19468514091,38.7147571136265],[-121.197300141075,38.7149491141655],[-121.198172141888,38.7150141140353],[-121.199894141592,38.7151221138578],[-121.205060142261,38.7154471132273],[-121.206782143104,38.7155561131471],[-121.207134142409,38.7155781129677],[-121.208191143399,38.7156441134208],[-121.208544143203,38.7156671131807],[-121.20900214305,38.7156971127057],[-121.210378144041,38.7157881129428],[-121.210837143982,38.7158191131632],[-121.211525144023,38.7158641127037],[-121.213590144376,38.7159991130542],[-121.214279144245,38.7160451126943],[-121.214798144148,38.7160791125055],[-121.216357144618,38.7161811127792],[-121.216499144325,38.7161901123015],[-121.216898144293,38.716216112079],[-121.216963144146,38.7162201125533],[-121.216985144486,38.7162221123821],[-121.218030144899,38.7162901126789],[-121.221167145771,38.7164971121126],[-121.221726145243,38.7165341121756],[-121.222337144937,38.7165741117849],[-121.222673145334,38.7165961117493],[-121.222944145372,38.7166141117486],[-121.225140146071,38.7167581122591],[-121.225872145696,38.7168071119126],[-121.226155146651,38.7168501118534],[-121.227004146677,38.7169811114498],[-121.227292146381,38.7170041113412],[-121.227380146476,38.7170121112735],[-121.227646146898,38.7170361120433],[-121.227735146491,38.7170441115022],[-121.232592147439,38.7174751110053],[-121.233126147478,38.7175231111515],[-121.233140147579,38.7175231110114],[-121.233310146931,38.7175391111742],[-121.234072147965,38.7176071113799],[-121.234236147077,38.7176071112094],[-121.234320147807,38.7176071113754],[-121.234572147696,38.7176071115477],[-121.234656147275,38.7176071114927],[-121.234812147476,38.7176071109692],[-121.235272148061,38.7176071113725],[-121.235308147182,38.7176091111135],[-121.235438147549,38.7176201109172],[-121.236015147675,38.7176651106864],[-121.236081147696,38.7176701110412],[-121.237748147969,38.7178001109616],[-121.238326147663,38.7178461107612],[-121.238754148688,38.7178791106785],[-121.240040148569,38.7179801107669],[-121.240373148953,38.7180071111685],[-121.240469148037,38.7180181104123],[-121.240936148721,38.7180691104729],[-121.242175149078,38.7182071110465],[-121.242360148242,38.7182211104535],[-121.242808148588,38.7182461104977],[-121.244682149278,38.7183581100346],[-121.250305149747,38.7186941104033],[-121.252180150326,38.7188061100362],[-121.252518149999,38.7188261103002],[-121.253534150246,38.7188861099706],[-121.253873150971,38.7189071101171],[-121.253950150667,38.7189161096459],[-121.254181150719,38.7189441102258],[-121.25425815016,38.7189541100588],[-121.254921150668,38.7190241097791],[-121.256910151422,38.7192361098833],[-121.257573151145,38.7193071091704],[-121.257600151836,38.7193021093311],[-121.257684150798,38.7192921099859],[-121.257713151226,38.71929210987],[-121.258293150969,38.7193191097062],[-121.260032151614,38.7194031089675],[-121.260613151326,38.7194311094376],[-121.260845151523,38.7194461093127],[-121.261541151575,38.7194911089875],[-121.261773151949,38.7195071093873],[-121.261827152134,38.7195101089083],[-121.261991152126,38.7195221096159],[-121.262046151559,38.7195261090403],[-121.262411152125,38.7195521089364],[-121.263504151951,38.7196301094056],[-121.263884152285,38.7196571093224],[-121.263984152566,38.719664109333],[-121.264868151921,38.7197211094281],[-121.265228153021,38.7197451088096],[-121.2654081531,38.7197601086997],[-121.265827152388,38.7197941086553],[-121.267216152298,38.719892109319],[-121.270009153438,38.7200901085767],[-121.270233152926,38.7201051086129],[-121.270662152901,38.7201361089833],[-121.270905153934,38.7201531086158],[-121.271130153184,38.720169108723],[-121.271285153243,38.7201791083187],[-121.271751153194,38.7202091089369],[-121.271768153244,38.720211108987],[-121.271907153956,38.7202201085463],[-121.272042153668,38.7202261088095],[-121.272224153597,38.7202361084445],[-121.272450153371,38.7202471084187],[-121.272586153623,38.7202551084795],[-121.27281715337,38.720264108313],[-121.273510154163,38.7202911087613],[-121.273742153562,38.7203011085392],[-121.273773154474,38.7203021083792],[-121.273858154362,38.7203071083],[-121.273888154513,38.7203101088197],[-121.274185153814,38.7203291081561],[-121.27507615384,38.720387108589],[-121.275374154387,38.720407108495],[-121.275399153856,38.7204091085242],[-121.275474154406,38.7204181082579],[-121.275499153821,38.720421107867],[-121.275512153884,38.7204221084578],[-121.275553154097,38.720426108589],[-121.27556715472,38.7204281081517],[-121.275888154353,38.7204631082222],[-121.276852154525,38.7205711078175],[-121.277174154894,38.7206071079642],[-121.277259154408,38.7206071084121],[-121.277514154054,38.7206081080873],[-121.277600154174,38.7206091081575],[-121.277769154918,38.7206071080134],[-121.278277154249,38.7206051084601],[-121.278447154445,38.7206041081383],[-121.278761154226,38.7206371077094],[-121.279705154331,38.7207391080567],[-121.280020154794,38.7207731078244],[-121.280040154823,38.7207751083597],[-121.280101155525,38.720781108386],[-121.280122155032,38.7207841078603],[-121.280363154926,38.7208091083171],[-121.281087155148,38.7208871076608],[-121.281316155013,38.720912107875],[-121.281329155222,38.7209121082421],[-121.281458155421,38.7209111075222],[-121.281845154908,38.7209081081501],[-121.281974155109,38.7209071077812],[-121.282305155707,38.7209311075166],[-121.283301155046,38.7210031074034],[-121.283633156055,38.7210271073401],[-121.283754155364,38.7210351078616],[-121.284118155409,38.7210621076982],[-121.284240155527,38.7210711075419],[-121.285327155774,38.7211541075063],[-121.288592156788,38.7214071076295],[-121.288827156471,38.7214201076484],[-121.289646156751,38.7214661069362],[-121.289679156413,38.7214681071691],[-121.289725156385,38.7214701068605],[-121.289863156628,38.7214781077302],[-121.289910156241,38.7214811071233],[-121.29001115642,38.7214861073945],[-121.290314156167,38.7215031069173],[-121.290374156298,38.7215071069336],[-121.290416156753,38.7215061069056],[-121.292688156624,38.7217321073965],[-121.293062157501,38.7217521071681],[-121.293450157308,38.7217781071242],[-121.293854157228,38.7217971071503],[-121.295187157818,38.7218931065891],[-121.296412157225,38.7220541066995],[-121.29660715747,38.7220521066498],[-121.29719315749,38.7220501067452],[-121.29738915771,38.7220501065503],[-121.297658157936,38.722048107071],[-121.297721157641,38.7220481071588],[-121.298465157786,38.7220481062828],[-121.298735158034,38.7220481064164],[-121.298771158539,38.7220481070436],[-121.298882158518,38.7220481064527],[-121.298895157806,38.7220481067492],[-121.298919157631,38.722049106746],[-121.299068157914,38.7220521064521],[-121.299474158585,38.7222061064486],[-121.299662157927,38.7222161069374],[-121.300062158612,38.722244106717],[-121.300821158771,38.7222981063434],[-121.302243158534,38.7223961063598],[-121.30299315917,38.7224451064306],[-121.304311158943,38.7225341058851],[-121.305404158653,38.7226111063976],[-121.305512159354,38.7226161057506],[-121.305839158887,38.7226341057774],[-121.305948159544,38.7226401061819],[-121.30652715914,38.7226701059554],[-121.308252160002,38.7227631062462],[-121.308264159918,38.7227631064189],[-121.308843160097,38.7227951060632],[-121.309007159952,38.7228071063743],[-121.309307159366,38.7228191055187],[-121.30985315946,38.7228431060184],[-121.310062159449,38.7228491055183],[-121.310702160443,38.7228811061488],[-121.31102515956,38.7228981061453],[-121.311164160279,38.7229281056455],[-121.311223160333,38.7229331057911],[-121.311404159756,38.722948106018],[-121.311464160509,38.7229531060276],[-121.311938160242,38.7229951053151],[-121.312387159779,38.7230341053359],[-121.312909160485,38.7230811060057],[-121.31309716048,38.7230981054522],[-121.314331160184,38.7231151059894],[-121.314861161059,38.7231231052553],[-121.314949161223,38.7231421059121],[-121.315102160802,38.7231721057646],[-121.315130160602,38.7231781058233],[-121.315275160903,38.7232061056771],[-121.315498160881,38.7232391052858],[-121.315744161396,38.7232741053075],[-121.315975160952,38.7233061058637],[-121.316038160734,38.7233061054492],[-121.316296160489,38.723306105846],[-121.316469160614,38.7233061057494],[-121.316716161532,38.7233071054326],[-121.316775160946,38.7233071057604],[-121.316988161338,38.7233181055527],[-121.317154160733,38.7233281054548],[-121.317335161064,38.7233381051148],[-121.317879161295,38.7233691056272],[-121.318061160741,38.7233801055575],[-121.318191161073,38.7233871048988],[-121.31815316073,38.7222121054496],[-121.318136161154,38.7219631056233],[-121.318370161385,38.7216301046859],[-121.318592161151,38.7213061051171],[-121.318701161449,38.7211411047043],[-121.318836160607,38.7209781051209],[-121.319404160746,38.7203321052107],[-121.319671160841,38.7200081046673],[-121.320225161378,38.7193571049081],[-121.320756161524,38.7187501044399],[-121.320879161035,38.7185981047204],[-121.321566161055,38.7178061045555],[-121.321832160519,38.7174801046618],[-121.322402161496,38.716831104313],[-121.323237160714,38.7158531041273],[-121.323521161426,38.7155341038798],[-121.323797161315,38.7152061038481],[-121.324367161507,38.7145501042482],[-121.325170160576,38.7136031039694],[-121.325711160762,38.7129741036641],[-121.325979160603,38.7126521036568],[-121.326274161401,38.7123201033378],[-121.327325160651,38.7110961031426],[-121.327510161483,38.7108881035599],[-121.327607161685,38.7107791036304],[-121.327784160856,38.7106001032591],[-121.328189161689,38.7101971036699],[-121.328251160916,38.7101351034617],[-121.32856816103,38.7098091035412],[-121.328814160596,38.7095281033745],[-121.329532161551,38.7086901029437],[-121.32966916134,38.7085321034193],[-121.329903161628,38.7081781030908],[-121.330091160732,38.7079311028229],[-121.330345161103,38.7076331031322],[-121.330421161081,38.7075551030557],[-121.330600161505,38.7073341031338],[-121.330723161455,38.7072191031113],[-121.331714160862,38.7062991025465],[-121.332391161717,38.7056831028299],[-121.332997161077,38.7051211024123],[-121.334393160959,38.7038271025795],[-121.334711161273,38.7035281026441],[-121.33483216079,38.7034151025545],[-121.3350551619,38.7032051023309],[-121.335191161539,38.7030841019058],[-121.335363160891,38.7031501024157],[-121.335453161511,38.7031851027271],[-121.335769161797,38.7032901023878],[-121.336012161069,38.7033561019817],[-121.336344161761,38.7034301026561],[-121.336680161578,38.7034851018705],[-121.337020161469,38.703521102277],[-121.33727716198,38.7035361019712],[-121.337871161943,38.7035461025679],[-121.340639161685,38.7035811016427],[-121.341997162245,38.703598102175],[-121.342039162827,38.7035961016512],[-121.342295162533,38.7035831020615],[-121.343947162926,38.703603101799],[-121.344798162382,38.7036131017491],[-121.345915163314,38.7036281018047],[-121.348455163905,38.7036601014835],[-121.352791164016,38.7037141005591],[-121.354313163954,38.7037331011183],[-121.355298164338,38.7037441009026],[-121.355730164421,38.7037491011921],[-121.355803164513,38.7037511005512],[-121.356416164643,38.7037591011143],[-121.356975164496,38.703766100257],[-121.360484165701,38.7038101004601],[-121.36169116571,38.703825100238],[-121.362509165527,38.7038350999117],[-121.363318165369,38.7038450998524],[-121.363655166169,38.7038790998517],[-121.364479166149,38.703889099774],[-121.36446616641,38.7060031001096],[-121.36446116681,38.7068021005063],[-121.364455166548,38.7087711009781],[-121.364443167207,38.7105311011294],[-121.364432166943,38.7122241007363],[-121.364455167048,38.7123671003918],[-121.364461167569,38.7124631008041],[-121.364472166655,38.7133401010037],[-121.364485166811,38.7149331011238],[-121.364489167643,38.7159741007285],[-121.364494168077,38.7166801015164],[-121.364496167725,38.7167861008693],[-121.36450416785,38.7174691012874],[-121.364513167259,38.7182461009328],[-121.364520167682,38.7187381014061],[-121.364522168401,38.7189011012095],[-121.364538167581,38.7202081015046],[-121.364554168502,38.7214991012291],[-121.364569168268,38.7227451012609],[-121.364579168569,38.7235051018138],[-121.364590168382,38.7243651021593],[-121.36459916844,38.7251051022158],[-121.36459716859,38.7265011018537],[-121.363991168294,38.7264601023864],[-121.362175168501,38.7263391022263],[-121.362127168559,38.7263361023955],[-121.361676168354,38.7263061024195],[-121.361570168395,38.7262971023513],[-121.360776167922,38.7262311024082],[-121.360476167821,38.7262061021251],[-121.358393167951,38.7260731023157],[-121.357659168053,38.7260271025676],[-121.357599168091,38.7260231024455],[-121.357412167859,38.7260111028384],[-121.356854167379,38.7259751029321],[-121.35683316743,38.7259741024187],[-121.356668167996,38.725964102299],[-121.356497167901,38.7259531028469],[-121.35598416792,38.7259201030449],[-121.355813166876,38.7259091026418],[-121.355698167383,38.7259021027733],[-121.355673167059,38.7259001030557],[-121.355369166757,38.7258801023502],[-121.355371167092,38.7260341022793],[-121.355400167485,38.7288021027196],[-121.355855167331,38.7287991032331],[-121.355949167866,38.7287991028392],[-121.358096168064,38.7288011023747],[-121.35841016849,38.7288021024541],[-121.358844168716,38.7287991028119],[-121.359050168477,38.7287991026725],[-121.35966816781,38.7287991028548],[-121.359875168278,38.7288001023125],[-121.360826168762,38.7288011022168],[-121.36100216901,38.7288011022972],[-121.362284169326,38.728804102774],[-121.363682168861,38.7288041026915],[-121.363892169499,38.7288041024537],[-121.364634169588,38.7288051020013],[-121.364631168656,38.7293651020141],[-121.364643169074,38.7297921024193],[-121.36464416887,38.7304171027794],[-121.364646169694,38.7308881025812],[-121.364660169173,38.7317081024663],[-121.364665169272,38.7320301025222],[-121.364661169528,38.7328921027156],[-121.364668170109,38.7351071031453],[-121.364668169921,38.7352551031255],[-121.364673169939,38.7358691032254],[-121.364689169938,38.7367971024746],[-121.364688170161,38.7368681027415],[-121.364693169752,38.7369941026722],[-121.364807170814,38.7394841027553],[-121.364767170603,38.7400861031635],[-121.364741171123,38.7403621030277],[-121.364741171066,38.740564103302],[-121.364750171166,38.740897103544],[-121.364750171117,38.7411611035869],[-121.364751170869,38.7412291032915],[-121.364761170865,38.7415641032841],[-121.364760171082,38.7417161033438],[-121.364777170803,38.7420191034479],[-121.36478117125,38.7428181030099],[-121.364776171199,38.7431991031487],[-121.364778170831,38.7434021032058],[-121.364780170465,38.7435601033173],[-121.364783171089,38.7438061036562],[-121.364783171092,38.7438521032353],[-121.36478117159,38.7443601032731],[-121.364767170757,38.7445281031971],[-121.364740171096,38.7446931037795],[-121.364701171158,38.7448561032986],[-121.364652171695,38.7450171035385],[-121.364592171654,38.7451771036643],[-121.364519171302,38.7453371032675],[-121.364433171728,38.7454981037306],[-121.364392171531,38.7455631035525],[-121.364334171686,38.7456581040003],[-121.364218170626,38.7458151038849],[-121.364088171419,38.7459691037747],[-121.363944171712,38.7461181035107],[-121.363785171642,38.7462601033409],[-121.36361117122,38.746392103446],[-121.36342517113,38.7465131037224],[-121.363228171231,38.7466231036806],[-121.361208171079,38.7475921040669],[-121.36109317104,38.7476481038284],[-121.360057170301,38.7481481040629],[-121.359871170765,38.7482471044983],[-121.359697171,38.7483521037963],[-121.359532171312,38.7484651042578],[-121.359378170325,38.74858510461],[-121.359343170406,38.7486151046035],[-121.359236170213,38.7487121044692],[-121.359107170798,38.7488471039993],[-121.35899017126,38.7489881044123],[-121.358884170671,38.7491341047342],[-121.358792171167,38.749283104537],[-121.358712170932,38.7494331045296],[-121.358647170741,38.7495851040568],[-121.358594171213,38.7497371041869],[-121.358552171375,38.7498891044437],[-121.358523171147,38.7500401044286],[-121.358506170727,38.7501901045451],[-121.358500170288,38.750339104293],[-121.358501170662,38.7504831040679],[-121.35851517123,38.7507591043475],[-121.358524171127,38.7509271044609],[-121.358542170646,38.7512541045317],[-121.358542171042,38.7516741043362],[-121.358541171189,38.7517831047464],[-121.358542171096,38.7524271047124],[-121.358545170905,38.7543591043972],[-121.358546171943,38.7550041044306],[-121.358546170975,38.755468105125],[-121.358548171277,38.7568621050842],[-121.358549171363,38.7573271052329],[-121.358549171854,38.7574721053031],[-121.358549171995,38.7579091048078],[-121.358550171249,38.7580551050423],[-121.358550171657,38.7583931051178],[-121.358551171737,38.7594071051527],[-121.358552172162,38.7597451049604],[-121.358552172301,38.7601001050828],[-121.358554172708,38.7611661053945],[-121.358555172819,38.7615221057863],[-121.358555171856,38.7621921053024],[-121.358558172508,38.7642041053278],[-121.35856017283,38.7648751059674],[-121.35856017241,38.7650311058173],[-121.358560172302,38.7654991053951],[-121.358561173052,38.7656561053895],[-121.358561172455,38.76577310553],[-121.358561173042,38.7661231054237],[-121.358562172471,38.7662411057097],[-121.358612173144,38.7662421054265],[-121.358855172514,38.7662451054708],[-121.359529172941,38.7662541058694],[-121.359585173075,38.7662561060053],[-121.359828173045,38.7662691057417],[-121.360399173296,38.7662751053323],[-121.361471173519,38.7662881055491],[-121.362115172908,38.7662941052617],[-121.362379173855,38.7662971055504],[-121.362688173971,38.7663001058328],[-121.362851174066,38.7662251055171],[-121.376983175317,38.7660101042124],[-121.376996175635,38.7665131039872],[-121.377041176321,38.7665141042448],[-121.377095175899,38.766516104608],[-121.377178175318,38.7665181043858],[-121.377224176292,38.7665201045526],[-121.377883176392,38.7665321046834],[-121.379363175681,38.7665581046419],[-121.380532176244,38.7665791037591],[-121.38260417647,38.7666151039958],[-121.385215177194,38.76666110388],[-121.395666178326,38.7668491027745],[-121.395654178703,38.7699281034521],[-121.395634179922,38.7753101034007],[-121.395630180385,38.7764111041555],[-121.395619180218,38.7797171039981],[-121.39561618091,38.7808191041604],[-121.395617180201,38.7814031040741],[-121.395616180333,38.7814761041763],[-121.395609180559,38.7835351046888],[-121.395592181502,38.7884991051768],[-121.39558918169,38.7893471049982],[-121.395581182272,38.7916861046562],[-121.395572182344,38.7944031056519],[-121.395565182743,38.7952521057242],[-121.396437182516,38.7952511051553],[-121.397304182612,38.7952511051011],[-121.397945182705,38.7952511055752],[-121.399294183204,38.7952381047155],[-121.39998018308,38.7952381050207],[-121.400065182609,38.7952461048145],[-121.400079182376,38.7952501048354],[-121.400345182734,38.7952491047672],[-121.403422183812,38.7952491046255],[-121.413454184761,38.7952481038573],[-121.414185184898,38.7952481039327],[-121.416798186083,38.795248104083],[-121.418816185392,38.7952561037739],[-121.419973185866,38.7952601035405],[-121.429501187534,38.7952961031191],[-121.432678188475,38.795308102355],[-121.434479188645,38.7952951019934],[-121.439884189372,38.7952571019113],[-121.44168618952,38.795245102111],[-121.451289190316,38.7953261010833],[-121.457558191512,38.7951161006929],[-121.461601192446,38.795152100033],[-121.467062193525,38.7951991002595],[-121.467511193702,38.7952050999677],[-121.468344193109,38.7952171002143],[-121.468912193053,38.7952240997085],[-121.469641193134,38.7952040995207],[-121.469702193376,38.7963040996428],[-121.469891193872,38.7996101002411],[-121.469955194513,38.8007120998152],[-121.469959194628,38.8007681002887]]]}}]}