{
    "type": "FeatureCollection",
    "features": [
        {
            "type": "Feature",
            "geometry": {
                "type": "Polygon",
                "coordinates": [
                    [
                        [
                            -121.344611,
                            38.926461
                        ],
                        [
                            -121.346681,
                            38.926464
                        ],
                        [
                            -121.346984,
                            38.926465
                        ],
                        [
                            -121.347858,
                            38.926463
                        ],
                        [
                            -121.349677,
                            38.92646
                        ],
                        [
                            -121.352891,
                            38.926457
                        ],
                        [
                            -121.353926,
                            38.926457
                        ],
                        [
                            -121.354962,
                            38.926459
                        ],
                        [
                            -121.355663,
                            38.92646
                        ],
                        [
                            -121.357489,
                            38.926463
                        ],
                        [
                            -121.357767,
                            38.926462
                        ],
                        [
                            -121.358189,
                            38.926461
                        ],
                        [
                            -121.358392,
                            38.926457
                        ],
                        [
                            -121.358469,
                            38.926458
                        ],
                        [
                            -121.358468,
                            38.923537
                        ],
                        [
                            -121.358467,
                            38.920081
                        ],
                        [
                            -121.358467,
                            38.919758
                        ],
                        [
                            -121.358443,
                            38.914777
                        ],
                        [
                            -121.358429,
                            38.911858
                        ],
                        [
                            -121.358431,
                            38.911768
                        ],
                        [
                            -121.358429,
                            38.911406
                        ],
                        [
                            -121.35843,
                            38.911072
                        ],
                        [
                            -121.358427,
                            38.910978
                        ],
                        [
                            -121.358431,
                            38.910792
                        ],
                        [
                            -121.35843,
                            38.910762
                        ],
                        [
                            -121.358422,
                            38.908556
                        ],
                        [
                            -121.358419,
                            38.908324
                        ],
                        [
                            -121.35842,
                            38.908082
                        ],
                        [
                            -121.358423,
                            38.907577
                        ],
                        [
                            -121.358422,
                            38.907475
                        ],
                        [
                            -121.358422,
                            38.90638
                        ],
                        [
                            -121.358422,
                            38.905919
                        ],
                        [
                            -121.358421,
                            38.905564
                        ],
                        [
                            -121.35842,
                            38.905312
                        ],
                        [
                            -121.35842,
                            38.90476
                        ],
                        [
                            -121.358417,
                            38.903915
                        ],
                        [
                            -121.3584,
                            38.903354
                        ],
                        [
                            -121.358389,
                            38.902111
                        ],
                        [
                            -121.358389,
                            38.902061
                        ],
                        [
                            -121.358382,
                            38.901761
                        ],
                        [
                            -121.358383,
                            38.901469
                        ],
                        [
                            -121.358384,
                            38.901044
                        ],
                        [
                            -121.358384,
                            38.900289
                        ],
                        [
                            -121.358385,
                            38.899972
                        ],
                        [
                            -121.358387,
                            38.898762
                        ],
                        [
                            -121.358386,
                            38.898657
                        ],
                        [
                            -121.358378,
                            38.898027
                        ],
                        [
                            -121.358372,
                            38.897526
                        ],
                        [
                            -121.358377,
                            38.897463
                        ],
                        [
                            -121.358375,
                            38.897385
                        ],
                        [
                            -121.358432,
                            38.89718
                        ],
                        [
                            -121.356833,
                            38.897135
                        ],
                        [
                            -121.355401,
                            38.897136
                        ],
                        [
                            -121.350461,
                            38.897143
                        ],
                        [
                            -121.349322,
                            38.897146
                        ],
                        [
                            -121.348656,
                            38.897143
                        ],
                        [
                            -121.347276,
                            38.897147
                        ],
                        [
                            -121.346386,
                            38.897147
                        ],
                        [
                            -121.343382,
                            38.897147
                        ],
                        [
                            -121.34292,
                            38.897142
                        ],
                        [
                            -121.342725,
                            38.897149
                        ],
                        [
                            -121.341299,
                            38.897126
                        ],
                        [
                            -121.341119,
                            38.897118
                        ],
                        [
                            -121.34097,
                            38.89713
                        ],
                        [
                            -121.340679,
                            38.897129
                        ],
                        [
                            -121.340426,
                            38.896945
                        ],
                        [
                            -121.340438,
                            38.896643
                        ],
                        [
                            -121.340436,
                            38.896501
                        ],
                        [
                            -121.34044,
                            38.896358
                        ],
                        [
                            -121.340357,
                            38.895856
                        ],
                        [
                            -121.340347,
                            38.895789
                        ],
                        [
                            -121.340293,
                            38.895378
                        ],
                        [
                            -121.340283,
                            38.895303
                        ],
                        [
                            -121.340264,
                            38.895127
                        ],
                        [
                            -121.340252,
                            38.894952
                        ],
                        [
                            -121.340247,
                            38.894776
                        ],
                        [
                            -121.340246,
                            38.894466
                        ],
                        [
                            -121.340228,
                            38.894466
                        ],
                        [
                            -121.340223,
                            38.893554
                        ],
                        [
                            -121.340217,
                            38.893554
                        ],
                        [
                            -121.340217,
                            38.892641
                        ],
                        [
                            -121.340218,
                            38.891729
                        ],
                        [
                            -121.340241,
                            38.891729
                        ],
                        [
                            -121.340241,
                            38.891661
                        ],
                        [
                            -121.340236,
                            38.890817
                        ],
                        [
                            -121.340208,
                            38.890817
                        ],
                        [
                            -121.340205,
                            38.890325
                        ],
                        [
                            -121.340206,
                            38.890219
                        ],
                        [
                            -121.34021,
                            38.890114
                        ],
                        [
                            -121.340217,
                            38.889951
                        ],
                        [
                            -121.340219,
                            38.889906
                        ],
                        [
                            -121.340239,
                            38.889455
                        ],
                        [
                            -121.34023,
                            38.889455
                        ],
                        [
                            -121.340231,
                            38.889188
                        ],
                        [
                            -121.340323,
                            38.88856
                        ],
                        [
                            -121.339821,
                            38.888559
                        ],
                        [
                            -121.339631,
                            38.887185
                        ],
                        [
                            -121.339631,
                            38.886567
                        ],
                        [
                            -121.339627,
                            38.886526
                        ],
                        [
                            -121.339615,
                            38.886485
                        ],
                        [
                            -121.339595,
                            38.886447
                        ],
                        [
                            -121.339568,
                            38.886411
                        ],
                        [
                            -121.339535,
                            38.886379
                        ],
                        [
                            -121.339495,
                            38.886352
                        ],
                        [
                            -121.339451,
                            38.886329
                        ],
                        [
                            -121.339402,
                            38.886312
                        ],
                        [
                            -121.339351,
                            38.886301
                        ],
                        [
                            -121.339298,
                            38.886297
                        ],
                        [
                            -121.332371,
                            38.886093
                        ],
                        [
                            -121.331978,
                            38.886078
                        ],
                        [
                            -121.331586,
                            38.886056
                        ],
                        [
                            -121.331195,
                            38.886027
                        ],
                        [
                            -121.330805,
                            38.885991
                        ],
                        [
                            -121.330415,
                            38.885948
                        ],
                        [
                            -121.330028,
                            38.885899
                        ],
                        [
                            -121.329641,
                            38.885842
                        ],
                        [
                            -121.329257,
                            38.885778
                        ],
                        [
                            -121.328874,
                            38.885708
                        ],
                        [
                            -121.328493,
                            38.885631
                        ],
                        [
                            -121.328115,
                            38.885547
                        ],
                        [
                            -121.32774,
                            38.885457
                        ],
                        [
                            -121.327367,
                            38.88536
                        ],
                        [
                            -121.326997,
                            38.885256
                        ],
                        [
                            -121.32663,
                            38.885145
                        ],
                        [
                            -121.326266,
                            38.885029
                        ],
                        [
                            -121.325906,
                            38.884905
                        ],
                        [
                            -121.32555,
                            38.884776
                        ],
                        [
                            -121.325197,
                            38.88464
                        ],
                        [
                            -121.324849,
                            38.884498
                        ],
                        [
                            -121.324505,
                            38.884349
                        ],
                        [
                            -121.324165,
                            38.884195
                        ],
                        [
                            -121.32383,
                            38.884035
                        ],
                        [
                            -121.323499,
                            38.883868
                        ],
                        [
                            -121.323173,
                            38.883696
                        ],
                        [
                            -121.322853,
                            38.883518
                        ],
                        [
                            -121.322538,
                            38.883335
                        ],
                        [
                            -121.322228,
                            38.883146
                        ],
                        [
                            -121.321933,
                            38.882981
                        ],
                        [
                            -121.321643,
                            38.882811
                        ],
                        [
                            -121.321358,
                            38.882637
                        ],
                        [
                            -121.321357,
                            38.882636
                        ],
                        [
                            -121.321344,
                            38.882629
                        ],
                        [
                            -121.321343,
                            38.88269
                        ],
                        [
                            -121.32135,
                            38.88269
                        ],
                        [
                            -121.321365,
                            38.883159
                        ],
                        [
                            -121.321332,
                            38.883224
                        ],
                        [
                            -121.321143,
                            38.883596
                        ],
                        [
                            -121.321073,
                            38.883712
                        ],
                        [
                            -121.321058,
                            38.883733
                        ],
                        [
                            -121.320869,
                            38.884003
                        ],
                        [
                            -121.320715,
                            38.884151
                        ],
                        [
                            -121.320609,
                            38.884228
                        ],
                        [
                            -121.320476,
                            38.884283
                        ],
                        [
                            -121.319654,
                            38.884321
                        ],
                        [
                            -121.31956,
                            38.88434
                        ],
                        [
                            -121.319471,
                            38.88436
                        ],
                        [
                            -121.319379,
                            38.884387
                        ],
                        [
                            -121.319218,
                            38.884448
                        ],
                        [
                            -121.319141,
                            38.884459
                        ],
                        [
                            -121.319,
                            38.884459
                        ],
                        [
                            -121.318726,
                            38.884442
                        ],
                        [
                            -121.318607,
                            38.884415
                        ],
                        [
                            -121.318494,
                            38.884382
                        ],
                        [
                            -121.318403,
                            38.88436
                        ],
                        [
                            -121.31808,
                            38.884426
                        ],
                        [
                            -121.317914,
                            38.884412
                        ],
                        [
                            -121.317813,
                            38.884404
                        ],
                        [
                            -121.317524,
                            38.884426
                        ],
                        [
                            -121.317264,
                            38.884354
                        ],
                        [
                            -121.316871,
                            38.884387
                        ],
                        [
                            -121.315964,
                            38.884157
                        ],
                        [
                            -121.315831,
                            38.884569
                        ],
                        [
                            -121.315669,
                            38.884552
                        ],
                        [
                            -121.315648,
                            38.884354
                        ],
                        [
                            -121.315515,
                            38.884201
                        ],
                        [
                            -121.315194,
                            38.884159
                        ],
                        [
                            -121.314749,
                            38.884102
                        ],
                        [
                            -121.3147,
                            38.884085
                        ],
                        [
                            -121.314271,
                            38.884069
                        ],
                        [
                            -121.314108,
                            38.884008
                        ],
                        [
                            -121.314105,
                            38.884035
                        ],
                        [
                            -121.314092,
                            38.884129
                        ],
                        [
                            -121.314074,
                            38.884236
                        ],
                        [
                            -121.313999,
                            38.884554
                        ],
                        [
                            -121.313899,
                            38.884894
                        ],
                        [
                            -121.313771,
                            38.885241
                        ],
                        [
                            -121.313626,
                            38.885577
                        ],
                        [
                            -121.313485,
                            38.885901
                        ],
                        [
                            -121.31342,
                            38.886105
                        ],
                        [
                            -121.313325,
                            38.886475
                        ],
                        [
                            -121.313291,
                            38.886636
                        ],
                        [
                            -121.313263,
                            38.886792
                        ],
                        [
                            -121.313253,
                            38.886876
                        ],
                        [
                            -121.313224,
                            38.887131
                        ],
                        [
                            -121.313197,
                            38.887554
                        ],
                        [
                            -121.313195,
                            38.887603
                        ],
                        [
                            -121.313189,
                            38.887847
                        ],
                        [
                            -121.313188,
                            38.887868
                        ],
                        [
                            -121.313192,
                            38.888099
                        ],
                        [
                            -121.3132,
                            38.888436
                        ],
                        [
                            -121.313218,
                            38.888857
                        ],
                        [
                            -121.313229,
                            38.88911
                        ],
                        [
                            -121.313232,
                            38.889169
                        ],
                        [
                            -121.313243,
                            38.889337
                        ],
                        [
                            -121.31328,
                            38.889867
                        ],
                        [
                            -121.313292,
                            38.890019
                        ],
                        [
                            -121.313311,
                            38.890247
                        ],
                        [
                            -121.313334,
                            38.890547
                        ],
                        [
                            -121.313376,
                            38.891062
                        ],
                        [
                            -121.313398,
                            38.891449
                        ],
                        [
                            -121.313401,
                            38.891488
                        ],
                        [
                            -121.313405,
                            38.891751
                        ],
                        [
                            -121.313343,
                            38.891751
                        ],
                        [
                            -121.312718,
                            38.891753
                        ],
                        [
                            -121.312315,
                            38.891755
                        ],
                        [
                            -121.311701,
                            38.891749
                        ],
                        [
                            -121.311429,
                            38.891747
                        ],
                        [
                            -121.31066,
                            38.891753
                        ],
                        [
                            -121.309974,
                            38.891759
                        ],
                        [
                            -121.309778,
                            38.891759
                        ],
                        [
                            -121.309192,
                            38.891759
                        ],
                        [
                            -121.308997,
                            38.89176
                        ],
                        [
                            -121.308816,
                            38.891761
                        ],
                        [
                            -121.308274,
                            38.891767
                        ],
                        [
                            -121.308094,
                            38.891769
                        ],
                        [
                            -121.307914,
                            38.891772
                        ],
                        [
                            -121.307632,
                            38.891777
                        ],
                        [
                            -121.307374,
                            38.891779
                        ],
                        [
                            -121.307195,
                            38.891781
                        ],
                        [
                            -121.30701,
                            38.891779
                        ],
                        [
                            -121.306583,
                            38.891775
                        ],
                        [
                            -121.306458,
                            38.891763
                        ],
                        [
                            -121.306365,
                            38.891755
                        ],
                        [
                            -121.306277,
                            38.891734
                        ],
                        [
                            -121.3062,
                            38.891716
                        ],
                        [
                            -121.306099,
                            38.891717
                        ],
                        [
                            -121.305562,
                            38.891724
                        ],
                        [
                            -121.305383,
                            38.891727
                        ],
                        [
                            -121.30414,
                            38.891729
                        ],
                        [
                            -121.303546,
                            38.891741
                        ],
                        [
                            -121.303133,
                            38.891768
                        ],
                        [
                            -121.302952,
                            38.89178
                        ],
                        [
                            -121.302948,
                            38.891974
                        ],
                        [
                            -121.302971,
                            38.893067
                        ],
                        [
                            -121.302971,
                            38.893133
                        ],
                        [
                            -121.302972,
                            38.893801
                        ],
                        [
                            -121.302966,
                            38.89443
                        ],
                        [
                            -121.302962,
                            38.89476
                        ],
                        [
                            -121.302946,
                            38.895739
                        ],
                        [
                            -121.30291,
                            38.896145
                        ],
                        [
                            -121.302912,
                            38.896159
                        ],
                        [
                            -121.302964,
                            38.896367
                        ],
                        [
                            -121.30299,
                            38.897248
                        ],
                        [
                            -121.302831,
                            38.897263
                        ],
                        [
                            -121.302807,
                            38.897273
                        ],
                        [
                            -121.302762,
                            38.897274
                        ],
                        [
                            -121.301167,
                            38.897285
                        ],
                        [
                            -121.299086,
                            38.897309
                        ],
                        [
                            -121.29905,
                            38.897309
                        ],
                        [
                            -121.298194,
                            38.897312
                        ],
                        [
                            -121.297741,
                            38.897315
                        ],
                        [
                            -121.297693,
                            38.897315
                        ],
                        [
                            -121.296657,
                            38.897317
                        ],
                        [
                            -121.296404,
                            38.897318
                        ],
                        [
                            -121.295894,
                            38.897322
                        ],
                        [
                            -121.295452,
                            38.897316
                        ],
                        [
                            -121.295401,
                            38.897312
                        ],
                        [
                            -121.295317,
                            38.897306
                        ],
                        [
                            -121.295188,
                            38.897286
                        ],
                        [
                            -121.295064,
                            38.897255
                        ],
                        [
                            -121.294943,
                            38.897216
                        ],
                        [
                            -121.294826,
                            38.897173
                        ],
                        [
                            -121.294716,
                            38.897126
                        ],
                        [
                            -121.294614,
                            38.897073
                        ],
                        [
                            -121.294592,
                            38.897057
                        ],
                        [
                            -121.294577,
                            38.897046
                        ],
                        [
                            -121.294529,
                            38.897009
                        ],
                        [
                            -121.29451,
                            38.896992
                        ],
                        [
                            -121.294454,
                            38.896935
                        ],
                        [
                            -121.294393,
                            38.896848
                        ],
                        [
                            -121.294357,
                            38.89678
                        ],
                        [
                            -121.294293,
                            38.896658
                        ],
                        [
                            -121.294249,
                            38.896556
                        ],
                        [
                            -121.294167,
                            38.896346
                        ],
                        [
                            -121.294135,
                            38.896239
                        ],
                        [
                            -121.294114,
                            38.896133
                        ],
                        [
                            -121.294104,
                            38.89604
                        ],
                        [
                            -121.294103,
                            38.896026
                        ],
                        [
                            -121.294095,
                            38.89592
                        ],
                        [
                            -121.294091,
                            38.895778
                        ],
                        [
                            -121.294089,
                            38.895712
                        ],
                        [
                            -121.294088,
                            38.895609
                        ],
                        [
                            -121.294087,
                            38.895521
                        ],
                        [
                            -121.294083,
                            38.894866
                        ],
                        [
                            -121.294081,
                            38.894752
                        ],
                        [
                            -121.294081,
                            38.894719
                        ],
                        [
                            -121.294075,
                            38.894605
                        ],
                        [
                            -121.294065,
                            38.894559
                        ],
                        [
                            -121.294039,
                            38.894524
                        ],
                        [
                            -121.294027,
                            38.894511
                        ],
                        [
                            -121.293995,
                            38.89449
                        ],
                        [
                            -121.293934,
                            38.894473
                        ],
                        [
                            -121.293922,
                            38.894472
                        ],
                        [
                            -121.293859,
                            38.894468
                        ],
                        [
                            -121.293582,
                            38.89447
                        ],
                        [
                            -121.293469,
                            38.894471
                        ],
                        [
                            -121.293338,
                            38.894472
                        ],
                        [
                            -121.293,
                            38.89449
                        ],
                        [
                            -121.293132,
                            38.895098
                        ],
                        [
                            -121.293141,
                            38.89522
                        ],
                        [
                            -121.293179,
                            38.895344
                        ],
                        [
                            -121.293214,
                            38.895482
                        ],
                        [
                            -121.29324,
                            38.895611
                        ],
                        [
                            -121.293266,
                            38.895713
                        ],
                        [
                            -121.293383,
                            38.896171
                        ],
                        [
                            -121.293428,
                            38.896318
                        ],
                        [
                            -121.29348,
                            38.896466
                        ],
                        [
                            -121.293543,
                            38.896614
                        ],
                        [
                            -121.293591,
                            38.896747
                        ],
                        [
                            -121.293597,
                            38.896761
                        ],
                        [
                            -121.293774,
                            38.897067
                        ],
                        [
                            -121.293873,
                            38.897216
                        ],
                        [
                            -121.29398,
                            38.897365
                        ],
                        [
                            -121.294099,
                            38.897511
                        ],
                        [
                            -121.294227,
                            38.897656
                        ],
                        [
                            -121.294365,
                            38.897799
                        ],
                        [
                            -121.294515,
                            38.89794
                        ],
                        [
                            -121.294674,
                            38.898079
                        ],
                        [
                            -121.295016,
                            38.898353
                        ],
                        [
                            -121.295563,
                            38.898768
                        ],
                        [
                            -121.295891,
                            38.899004
                        ],
                        [
                            -121.296151,
                            38.899191
                        ],
                        [
                            -121.296357,
                            38.899337
                        ],
                        [
                            -121.296567,
                            38.899483
                        ],
                        [
                            -121.296741,
                            38.899601
                        ],
                        [
                            -121.29678,
                            38.899628
                        ],
                        [
                            -121.297646,
                            38.900205
                        ],
                        [
                            -121.298089,
                            38.900492
                        ],
                        [
                            -121.299232,
                            38.901195
                        ],
                        [
                            -121.30111,
                            38.902326
                        ],
                        [
                            -121.301673,
                            38.902666
                        ],
                        [
                            -121.301946,
                            38.90283
                        ],
                        [
                            -121.302046,
                            38.902832
                        ],
                        [
                            -121.302431,
                            38.902616
                        ],
                        [
                            -121.302644,
                            38.90259
                        ],
                        [
                            -121.306127,
                            38.904729
                        ],
                        [
                            -121.306193,
                            38.90477
                        ],
                        [
                            -121.306703,
                            38.905082
                        ],
                        [
                            -121.312579,
                            38.908676
                        ],
                        [
                            -121.314088,
                            38.909597
                        ],
                        [
                            -121.316561,
                            38.911115
                        ],
                        [
                            -121.317697,
                            38.911807
                        ],
                        [
                            -121.321413,
                            38.911812
                        ],
                        [
                            -121.327326,
                            38.911822
                        ],
                        [
                            -121.327779,
                            38.911823
                        ],
                        [
                            -121.333683,
                            38.911862
                        ],
                        [
                            -121.340149,
                            38.911905
                        ],
                        [
                            -121.340149,
                            38.912201
                        ],
                        [
                            -121.340139,
                            38.913147
                        ],
                        [
                            -121.340118,
                            38.914996
                        ],
                        [
                            -121.34007,
                            38.91928
                        ],
                        [
                            -121.344591,
                            38.91928
                        ],
                        [
                            -121.344667,
                            38.922291
                        ],
                        [
                            -121.344655,
                            38.923198
                        ],
                        [
                            -121.344611,
                            38.926461
                        ]
                    ]
                ]
            },
            "properties": {
                "DISTRICT": "1",
                "DISTNUM": 1,
                "ELECTED": "Holly Andreatta",
                "URL": "https://storymaps.arcgis.com/stories/d252e988fb7e492bbeaa9f1a127624ab#ref-n-3IGAMF",
                "Shape__Area": 144486450.1376953,
                "Shape__Length": 66301.17277484102
            },
            "id": 1
        },
        {
            "type": "Feature",
            "geometry": {
                "type": "Polygon",
                "coordinates": [
                    [
                        [
                            -121.250409,
                            38.895482
                        ],
                        [
                            -121.251632,
                            38.89772
                        ],
                        [
                            -121.251663,
                            38.897833
                        ],
                        [
                            -121.251673,
                            38.897955
                        ],
                        [
                            -121.25168,
                            38.898525
                        ],
                        [
                            -121.251683,
                            38.899486
                        ],
                        [
                            -121.251688,
                            38.899991
                        ],
                        [
                            -121.251685,
                            38.900319
                        ],
                        [
                            -121.251695,
                            38.900472
                        ],
                        [
                            -121.251727,
                            38.900609
                        ],
                        [
                            -121.251789,
                            38.900726
                        ],
                        [
                            -121.251877,
                            38.900821
                        ],
                        [
                            -121.251899,
                            38.900836
                        ],
                        [
                            -121.251986,
                            38.900892
                        ],
                        [
                            -121.25211,
                            38.900939
                        ],
                        [
                            -121.252246,
                            38.900961
                        ],
                        [
                            -121.252394,
                            38.900968
                        ],
                        [
                            -121.254795,
                            38.901025
                        ],
                        [
                            -121.255072,
                            38.90103
                        ],
                        [
                            -121.255769,
                            38.901042
                        ],
                        [
                            -121.256333,
                            38.901054
                        ],
                        [
                            -121.256491,
                            38.901062
                        ],
                        [
                            -121.256722,
                            38.901061
                        ],
                        [
                            -121.256905,
                            38.901063
                        ],
                        [
                            -121.257431,
                            38.901071
                        ],
                        [
                            -121.258623,
                            38.901074
                        ],
                        [
                            -121.259196,
                            38.901076
                        ],
                        [
                            -121.259586,
                            38.901078
                        ],
                        [
                            -121.260378,
                            38.901094
                        ],
                        [
                            -121.262128,
                            38.901132
                        ],
                        [
                            -121.2629,
                            38.901135
                        ],
                        [
                            -121.263927,
                            38.901132
                        ],
                        [
                            -121.265111,
                            38.901129
                        ],
                        [
                            -121.265112,
                            38.901173
                        ],
                        [
                            -121.265124,
                            38.901267
                        ],
                        [
                            -121.265142,
                            38.901779
                        ],
                        [
                            -121.265144,
                            38.901864
                        ],
                        [
                            -121.265198,
                            38.903653
                        ],
                        [
                            -121.265208,
                            38.904073
                        ],
                        [
                            -121.265227,
                            38.90481
                        ],
                        [
                            -121.266197,
                            38.904803
                        ],
                        [
                            -121.270471,
                            38.904774
                        ],
                        [
                            -121.272429,
                            38.904762
                        ],
                        [
                            -121.272432,
                            38.905273
                        ],
                        [
                            -121.27244,
                            38.905661
                        ],
                        [
                            -121.272455,
                            38.908451
                        ],
                        [
                            -121.274774,
                            38.908441
                        ],
                        [
                            -121.274745,
                            38.905689
                        ],
                        [
                            -121.275211,
                            38.905695
                        ],
                        [
                            -121.276831,
                            38.905688
                        ],
                        [
                            -121.278704,
                            38.905661
                        ],
                        [
                            -121.279182,
                            38.90565
                        ],
                        [
                            -121.279248,
                            38.90545
                        ],
                        [
                            -121.279338,
                            38.905185
                        ],
                        [
                            -121.27944,
                            38.90485
                        ],
                        [
                            -121.279454,
                            38.904806
                        ],
                        [
                            -121.279484,
                            38.904679
                        ],
                        [
                            -121.27949,
                            38.904647
                        ],
                        [
                            -121.279628,
                            38.904688
                        ],
                        [
                            -121.288041,
                            38.904619
                        ],
                        [
                            -121.289303,
                            38.904572
                        ],
                        [
                            -121.293567,
                            38.904546
                        ],
                        [
                            -121.293666,
                            38.904545
                        ],
                        [
                            -121.29598,
                            38.904545
                        ],
                        [
                            -121.303122,
                            38.904584
                        ],
                        [
                            -121.303132,
                            38.903546
                        ],
                        [
                            -121.302568,
                            38.903206
                        ],
                        [
                            -121.301946,
                            38.90283
                        ],
                        [
                            -121.301673,
                            38.902666
                        ],
                        [
                            -121.30111,
                            38.902326
                        ],
                        [
                            -121.299232,
                            38.901195
                        ],
                        [
                            -121.298089,
                            38.900492
                        ],
                        [
                            -121.297646,
                            38.900205
                        ],
                        [
                            -121.29678,
                            38.899628
                        ],
                        [
                            -121.296741,
                            38.899601
                        ],
                        [
                            -121.296567,
                            38.899483
                        ],
                        [
                            -121.296357,
                            38.899337
                        ],
                        [
                            -121.296151,
                            38.899191
                        ],
                        [
                            -121.295891,
                            38.899004
                        ],
                        [
                            -121.295563,
                            38.898768
                        ],
                        [
                            -121.295016,
                            38.898353
                        ],
                        [
                            -121.294674,
                            38.898079
                        ],
                        [
                            -121.294515,
                            38.89794
                        ],
                        [
                            -121.294365,
                            38.897799
                        ],
                        [
                            -121.294227,
                            38.897656
                        ],
                        [
                            -121.294099,
                            38.897511
                        ],
                        [
                            -121.29398,
                            38.897365
                        ],
                        [
                            -121.293873,
                            38.897216
                        ],
                        [
                            -121.293774,
                            38.897067
                        ],
                        [
                            -121.293597,
                            38.896761
                        ],
                        [
                            -121.293591,
                            38.896747
                        ],
                        [
                            -121.293543,
                            38.896614
                        ],
                        [
                            -121.29348,
                            38.896466
                        ],
                        [
                            -121.293428,
                            38.896318
                        ],
                        [
                            -121.293383,
                            38.896171
                        ],
                        [
                            -121.293266,
                            38.895713
                        ],
                        [
                            -121.29324,
                            38.895611
                        ],
                        [
                            -121.293214,
                            38.895482
                        ],
                        [
                            -121.293179,
                            38.895344
                        ],
                        [
                            -121.293141,
                            38.89522
                        ],
                        [
                            -121.293132,
                            38.895098
                        ],
                        [
                            -121.293,
                            38.89449
                        ],
                        [
                            -121.293338,
                            38.894472
                        ],
                        [
                            -121.293469,
                            38.894471
                        ],
                        [
                            -121.293582,
                            38.89447
                        ],
                        [
                            -121.293859,
                            38.894468
                        ],
                        [
                            -121.293922,
                            38.894472
                        ],
                        [
                            -121.293934,
                            38.894473
                        ],
                        [
                            -121.293995,
                            38.89449
                        ],
                        [
                            -121.294027,
                            38.894511
                        ],
                        [
                            -121.294039,
                            38.894524
                        ],
                        [
                            -121.294065,
                            38.894559
                        ],
                        [
                            -121.294075,
                            38.894605
                        ],
                        [
                            -121.294081,
                            38.894719
                        ],
                        [
                            -121.294081,
                            38.894752
                        ],
                        [
                            -121.294083,
                            38.894866
                        ],
                        [
                            -121.294087,
                            38.895521
                        ],
                        [
                            -121.294088,
                            38.895609
                        ],
                        [
                            -121.294089,
                            38.895712
                        ],
                        [
                            -121.294091,
                            38.895778
                        ],
                        [
                            -121.294095,
                            38.89592
                        ],
                        [
                            -121.294103,
                            38.896026
                        ],
                        [
                            -121.294104,
                            38.89604
                        ],
                        [
                            -121.294114,
                            38.896133
                        ],
                        [
                            -121.294135,
                            38.896239
                        ],
                        [
                            -121.294167,
                            38.896346
                        ],
                        [
                            -121.294249,
                            38.896556
                        ],
                        [
                            -121.294293,
                            38.896658
                        ],
                        [
                            -121.294357,
                            38.89678
                        ],
                        [
                            -121.294393,
                            38.896848
                        ],
                        [
                            -121.294454,
                            38.896935
                        ],
                        [
                            -121.29451,
                            38.896992
                        ],
                        [
                            -121.294529,
                            38.897009
                        ],
                        [
                            -121.294577,
                            38.897046
                        ],
                        [
                            -121.294592,
                            38.897057
                        ],
                        [
                            -121.294614,
                            38.897073
                        ],
                        [
                            -121.294716,
                            38.897126
                        ],
                        [
                            -121.294826,
                            38.897173
                        ],
                        [
                            -121.294943,
                            38.897216
                        ],
                        [
                            -121.295064,
                            38.897255
                        ],
                        [
                            -121.295188,
                            38.897286
                        ],
                        [
                            -121.295317,
                            38.897306
                        ],
                        [
                            -121.295401,
                            38.897312
                        ],
                        [
                            -121.295452,
                            38.897316
                        ],
                        [
                            -121.295894,
                            38.897322
                        ],
                        [
                            -121.296404,
                            38.897318
                        ],
                        [
                            -121.296657,
                            38.897317
                        ],
                        [
                            -121.297693,
                            38.897315
                        ],
                        [
                            -121.297741,
                            38.897315
                        ],
                        [
                            -121.298194,
                            38.897312
                        ],
                        [
                            -121.29905,
                            38.897309
                        ],
                        [
                            -121.299086,
                            38.897309
                        ],
                        [
                            -121.301167,
                            38.897285
                        ],
                        [
                            -121.302762,
                            38.897274
                        ],
                        [
                            -121.302807,
                            38.897273
                        ],
                        [
                            -121.302831,
                            38.897263
                        ],
                        [
                            -121.30299,
                            38.897248
                        ],
                        [
                            -121.302964,
                            38.896367
                        ],
                        [
                            -121.302912,
                            38.896159
                        ],
                        [
                            -121.30291,
                            38.896145
                        ],
                        [
                            -121.302946,
                            38.895739
                        ],
                        [
                            -121.302962,
                            38.89476
                        ],
                        [
                            -121.302966,
                            38.89443
                        ],
                        [
                            -121.302972,
                            38.893801
                        ],
                        [
                            -121.302971,
                            38.893133
                        ],
                        [
                            -121.302971,
                            38.893067
                        ],
                        [
                            -121.302948,
                            38.891974
                        ],
                        [
                            -121.302952,
                            38.89178
                        ],
                        [
                            -121.303133,
                            38.891768
                        ],
                        [
                            -121.303546,
                            38.891741
                        ],
                        [
                            -121.30414,
                            38.891729
                        ],
                        [
                            -121.305383,
                            38.891727
                        ],
                        [
                            -121.305562,
                            38.891724
                        ],
                        [
                            -121.306099,
                            38.891717
                        ],
                        [
                            -121.3062,
                            38.891716
                        ],
                        [
                            -121.306277,
                            38.891734
                        ],
                        [
                            -121.306365,
                            38.891755
                        ],
                        [
                            -121.306458,
                            38.891763
                        ],
                        [
                            -121.306583,
                            38.891775
                        ],
                        [
                            -121.30701,
                            38.891779
                        ],
                        [
                            -121.307195,
                            38.891781
                        ],
                        [
                            -121.307374,
                            38.891779
                        ],
                        [
                            -121.307632,
                            38.891777
                        ],
                        [
                            -121.307914,
                            38.891772
                        ],
                        [
                            -121.308094,
                            38.891769
                        ],
                        [
                            -121.308274,
                            38.891767
                        ],
                        [
                            -121.308816,
                            38.891761
                        ],
                        [
                            -121.308997,
                            38.89176
                        ],
                        [
                            -121.309192,
                            38.891759
                        ],
                        [
                            -121.309778,
                            38.891759
                        ],
                        [
                            -121.309974,
                            38.891759
                        ],
                        [
                            -121.31066,
                            38.891753
                        ],
                        [
                            -121.311429,
                            38.891747
                        ],
                        [
                            -121.311701,
                            38.891749
                        ],
                        [
                            -121.312315,
                            38.891755
                        ],
                        [
                            -121.312718,
                            38.891753
                        ],
                        [
                            -121.313343,
                            38.891751
                        ],
                        [
                            -121.313405,
                            38.891751
                        ],
                        [
                            -121.313401,
                            38.891488
                        ],
                        [
                            -121.313398,
                            38.891449
                        ],
                        [
                            -121.313376,
                            38.891062
                        ],
                        [
                            -121.313334,
                            38.890547
                        ],
                        [
                            -121.313311,
                            38.890247
                        ],
                        [
                            -121.313292,
                            38.890019
                        ],
                        [
                            -121.31328,
                            38.889867
                        ],
                        [
                            -121.313243,
                            38.889337
                        ],
                        [
                            -121.313232,
                            38.889169
                        ],
                        [
                            -121.313229,
                            38.88911
                        ],
                        [
                            -121.313218,
                            38.888857
                        ],
                        [
                            -121.3132,
                            38.888436
                        ],
                        [
                            -121.313192,
                            38.888099
                        ],
                        [
                            -121.313188,
                            38.887868
                        ],
                        [
                            -121.313189,
                            38.887847
                        ],
                        [
                            -121.313195,
                            38.887603
                        ],
                        [
                            -121.313197,
                            38.887554
                        ],
                        [
                            -121.313224,
                            38.887131
                        ],
                        [
                            -121.313253,
                            38.886876
                        ],
                        [
                            -121.313263,
                            38.886792
                        ],
                        [
                            -121.313291,
                            38.886636
                        ],
                        [
                            -121.313325,
                            38.886475
                        ],
                        [
                            -121.31342,
                            38.886105
                        ],
                        [
                            -121.313485,
                            38.885901
                        ],
                        [
                            -121.313626,
                            38.885577
                        ],
                        [
                            -121.313771,
                            38.885241
                        ],
                        [
                            -121.313899,
                            38.884894
                        ],
                        [
                            -121.313999,
                            38.884554
                        ],
                        [
                            -121.314074,
                            38.884236
                        ],
                        [
                            -121.314092,
                            38.884129
                        ],
                        [
                            -121.314105,
                            38.884035
                        ],
                        [
                            -121.314108,
                            38.884008
                        ],
                        [
                            -121.3138,
                            38.883893
                        ],
                        [
                            -121.313597,
                            38.883833
                        ],
                        [
                            -121.313301,
                            38.883811
                        ],
                        [
                            -121.313245,
                            38.883844
                        ],
                        [
                            -121.313189,
                            38.88386
                        ],
                        [
                            -121.312674,
                            38.884069
                        ],
                        [
                            -121.31262,
                            38.884091
                        ],
                        [
                            -121.312381,
                            38.884085
                        ],
                        [
                            -121.312247,
                            38.884014
                        ],
                        [
                            -121.31198,
                            38.883997
                        ],
                        [
                            -121.311833,
                            38.884008
                        ],
                        [
                            -121.311692,
                            38.884091
                        ],
                        [
                            -121.311123,
                            38.884085
                        ],
                        [
                            -121.310589,
                            38.884195
                        ],
                        [
                            -121.309619,
                            38.884195
                        ],
                        [
                            -121.309114,
                            38.884266
                        ],
                        [
                            -121.308966,
                            38.884283
                        ],
                        [
                            -121.308783,
                            38.884349
                        ],
                        [
                            -121.308446,
                            38.88436
                        ],
                        [
                            -121.308205,
                            38.884307
                        ],
                        [
                            -121.307919,
                            38.884244
                        ],
                        [
                            -121.307343,
                            38.884003
                        ],
                        [
                            -121.30723,
                            38.883981
                        ],
                        [
                            -121.306928,
                            38.883904
                        ],
                        [
                            -121.306819,
                            38.883863
                        ],
                        [
                            -121.306768,
                            38.883843
                        ],
                        [
                            -121.30671,
                            38.883835
                        ],
                        [
                            -121.306001,
                            38.883731
                        ],
                        [
                            -121.305565,
                            38.883668
                        ],
                        [
                            -121.304827,
                            38.883415
                        ],
                        [
                            -121.304132,
                            38.883409
                        ],
                        [
                            -121.303727,
                            38.883464
                        ],
                        [
                            -121.303605,
                            38.883481
                        ],
                        [
                            -121.302958,
                            38.883554
                        ],
                        [
                            -121.302825,
                            38.883569
                        ],
                        [
                            -121.302403,
                            38.883596
                        ],
                        [
                            -121.301883,
                            38.883623
                        ],
                        [
                            -121.301234,
                            38.883603
                        ],
                        [
                            -121.301005,
                            38.883596
                        ],
                        [
                            -121.300106,
                            38.883475
                        ],
                        [
                            -121.29981,
                            38.883349
                        ],
                        [
                            -121.299663,
                            38.883299
                        ],
                        [
                            -121.299494,
                            38.883255
                        ],
                        [
                            -121.298377,
                            38.883035
                        ],
                        [
                            -121.298089,
                            38.883013
                        ],
                        [
                            -121.297625,
                            38.883002
                        ],
                        [
                            -121.296768,
                            38.882997
                        ],
                        [
                            -121.296318,
                            38.88281
                        ],
                        [
                            -121.296164,
                            38.882782
                        ],
                        [
                            -121.296009,
                            38.882755
                        ],
                        [
                            -121.295433,
                            38.882568
                        ],
                        [
                            -121.295279,
                            38.882568
                        ],
                        [
                            -121.295215,
                            38.882579
                        ],
                        [
                            -121.295096,
                            38.882623
                        ],
                        [
                            -121.29504,
                            38.882656
                        ],
                        [
                            -121.294962,
                            38.882694
                        ],
                        [
                            -121.294836,
                            38.882744
                        ],
                        [
                            -121.294618,
                            38.882738
                        ],
                        [
                            -121.294515,
                            38.882695
                        ],
                        [
                            -121.294454,
                            38.882669
                        ],
                        [
                            -121.294421,
                            38.882656
                        ],
                        [
                            -121.294267,
                            38.882634
                        ],
                        [
                            -121.294197,
                            38.882629
                        ],
                        [
                            -121.294002,
                            38.882613
                        ],
                        [
                            -121.293908,
                            38.882606
                        ],
                        [
                            -121.293419,
                            38.882606
                        ],
                        [
                            -121.293395,
                            38.882606
                        ],
                        [
                            -121.293226,
                            38.882626
                        ],
                        [
                            -121.292644,
                            38.882694
                        ],
                        [
                            -121.29232,
                            38.882727
                        ],
                        [
                            -121.29151,
                            38.882705
                        ],
                        [
                            -121.289995,
                            38.882666
                        ],
                        [
                            -121.288969,
                            38.882732
                        ],
                        [
                            -121.288217,
                            38.882863
                        ],
                        [
                            -121.28809,
                            38.882913
                        ],
                        [
                            -121.287915,
                            38.883039
                        ],
                        [
                            -121.287894,
                            38.883072
                        ],
                        [
                            -121.287788,
                            38.883209
                        ],
                        [
                            -121.287549,
                            38.883473
                        ],
                        [
                            -121.287401,
                            38.883797
                        ],
                        [
                            -121.287198,
                            38.884061
                        ],
                        [
                            -121.287162,
                            38.88417
                        ],
                        [
                            -121.2871,
                            38.884285
                        ],
                        [
                            -121.286895,
                            38.884676
                        ],
                        [
                            -121.286614,
                            38.885428
                        ],
                        [
                            -121.286607,
                            38.885626
                        ],
                        [
                            -121.286649,
                            38.88584
                        ],
                        [
                            -121.286653,
                            38.885901
                        ],
                        [
                            -121.286689,
                            38.886526
                        ],
                        [
                            -121.286691,
                            38.886554
                        ],
                        [
                            -121.286691,
                            38.886856
                        ],
                        [
                            -121.286648,
                            38.886993
                        ],
                        [
                            -121.286515,
                            38.887257
                        ],
                        [
                            -121.286416,
                            38.887416
                        ],
                        [
                            -121.285931,
                            38.887883
                        ],
                        [
                            -121.285724,
                            38.888024
                        ],
                        [
                            -121.285292,
                            38.888322
                        ],
                        [
                            -121.285218,
                            38.888392
                        ],
                        [
                            -121.285018,
                            38.88858
                        ],
                        [
                            -121.284786,
                            38.888772
                        ],
                        [
                            -121.284561,
                            38.888981
                        ],
                        [
                            -121.284258,
                            38.889272
                        ],
                        [
                            -121.283886,
                            38.889486
                        ],
                        [
                            -121.283773,
                            38.889535
                        ],
                        [
                            -121.283661,
                            38.889596
                        ],
                        [
                            -121.283375,
                            38.889813
                        ],
                        [
                            -121.283366,
                            38.889821
                        ],
                        [
                            -121.283162,
                            38.889996
                        ],
                        [
                            -121.283085,
                            38.890079
                        ],
                        [
                            -121.283027,
                            38.890201
                        ],
                        [
                            -121.282993,
                            38.890246
                        ],
                        [
                            -121.282987,
                            38.890286
                        ],
                        [
                            -121.282916,
                            38.890436
                        ],
                        [
                            -121.282848,
                            38.890583
                        ],
                        [
                            -121.282669,
                            38.890974
                        ],
                        [
                            -121.282669,
                            38.891023
                        ],
                        [
                            -121.282585,
                            38.89121
                        ],
                        [
                            -121.282564,
                            38.89127
                        ],
                        [
                            -121.282485,
                            38.891618
                        ],
                        [
                            -121.282437,
                            38.891836
                        ],
                        [
                            -121.282423,
                            38.891981
                        ],
                        [
                            -121.282367,
                            38.892561
                        ],
                        [
                            -121.282248,
                            38.892675
                        ],
                        [
                            -121.282099,
                            38.892819
                        ],
                        [
                            -121.281692,
                            38.893071
                        ],
                        [
                            -121.281502,
                            38.893165
                        ],
                        [
                            -121.280919,
                            38.893384
                        ],
                        [
                            -121.280202,
                            38.893472
                        ],
                        [
                            -121.279717,
                            38.893532
                        ],
                        [
                            -121.279463,
                            38.89358
                        ],
                        [
                            -121.27945,
                            38.893582
                        ],
                        [
                            -121.27912,
                            38.893653
                        ],
                        [
                            -121.278958,
                            38.893724
                        ],
                        [
                            -121.27867,
                            38.893944
                        ],
                        [
                            -121.278609,
                            38.893986
                        ],
                        [
                            -121.278592,
                            38.893999
                        ],
                        [
                            -121.278438,
                            38.89407
                        ],
                        [
                            -121.27836,
                            38.894092
                        ],
                        [
                            -121.278079,
                            38.894158
                        ],
                        [
                            -121.276393,
                            38.894201
                        ],
                        [
                            -121.276041,
                            38.894229
                        ],
                        [
                            -121.275802,
                            38.894261
                        ],
                        [
                            -121.275751,
                            38.894268
                        ],
                        [
                            -121.274798,
                            38.894413
                        ],
                        [
                            -121.274636,
                            38.894437
                        ],
                        [
                            -121.274453,
                            38.894525
                        ],
                        [
                            -121.274319,
                            38.894601
                        ],
                        [
                            -121.274129,
                            38.89475
                        ],
                        [
                            -121.273799,
                            38.894947
                        ],
                        [
                            -121.273623,
                            38.895041
                        ],
                        [
                            -121.272597,
                            38.895342
                        ],
                        [
                            -121.271458,
                            38.895831
                        ],
                        [
                            -121.27117,
                            38.896023
                        ],
                        [
                            -121.271156,
                            38.896061
                        ],
                        [
                            -121.271093,
                            38.896171
                        ],
                        [
                            -121.270896,
                            38.896336
                        ],
                        [
                            -121.270825,
                            38.896374
                        ],
                        [
                            -121.270692,
                            38.896467
                        ],
                        [
                            -121.270537,
                            38.896544
                        ],
                        [
                            -121.27039,
                            38.896599
                        ],
                        [
                            -121.270375,
                            38.896607
                        ],
                        [
                            -121.270024,
                            38.896813
                        ],
                        [
                            -121.269848,
                            38.89695
                        ],
                        [
                            -121.26963,
                            38.897154
                        ],
                        [
                            -121.269567,
                            38.897236
                        ],
                        [
                            -121.269356,
                            38.897373
                        ],
                        [
                            -121.269173,
                            38.897444
                        ],
                        [
                            -121.26899,
                            38.897499
                        ],
                        [
                            -121.268773,
                            38.897603
                        ],
                        [
                            -121.268519,
                            38.897702
                        ],
                        [
                            -121.268224,
                            38.897807
                        ],
                        [
                            -121.267957,
                            38.897883
                        ],
                        [
                            -121.267908,
                            38.8979
                        ],
                        [
                            -121.267831,
                            38.897944
                        ],
                        [
                            -121.267535,
                            38.898092
                        ],
                        [
                            -121.26717,
                            38.898081
                        ],
                        [
                            -121.266537,
                            38.897976
                        ],
                        [
                            -121.265877,
                            38.89797
                        ],
                        [
                            -121.265764,
                            38.897959
                        ],
                        [
                            -121.265673,
                            38.897965
                        ],
                        [
                            -121.265553,
                            38.897965
                        ],
                        [
                            -121.265293,
                            38.898014
                        ],
                        [
                            -121.265076,
                            38.898069
                        ],
                        [
                            -121.264851,
                            38.898162
                        ],
                        [
                            -121.264668,
                            38.89825
                        ],
                        [
                            -121.264471,
                            38.898294
                        ],
                        [
                            -121.263993,
                            38.898327
                        ],
                        [
                            -121.263557,
                            38.898277
                        ],
                        [
                            -121.26303,
                            38.898277
                        ],
                        [
                            -121.262672,
                            38.898282
                        ],
                        [
                            -121.262391,
                            38.898315
                        ],
                        [
                            -121.262194,
                            38.898342
                        ],
                        [
                            -121.261878,
                            38.898435
                        ],
                        [
                            -121.261716,
                            38.898474
                        ],
                        [
                            -121.261414,
                            38.898518
                        ],
                        [
                            -121.261266,
                            38.898529
                        ],
                        [
                            -121.261083,
                            38.898528
                        ],
                        [
                            -121.260858,
                            38.898517
                        ],
                        [
                            -121.259727,
                            38.898292
                        ],
                        [
                            -121.25939,
                            38.89827
                        ],
                        [
                            -121.259341,
                            38.898264
                        ],
                        [
                            -121.259095,
                            38.89833
                        ],
                        [
                            -121.258701,
                            38.898555
                        ],
                        [
                            -121.258581,
                            38.898577
                        ],
                        [
                            -121.258356,
                            38.898588
                        ],
                        [
                            -121.257598,
                            38.898456
                        ],
                        [
                            -121.257534,
                            38.898455
                        ],
                        [
                            -121.257492,
                            38.898439
                        ],
                        [
                            -121.257429,
                            38.898422
                        ],
                        [
                            -121.257127,
                            38.898433
                        ],
                        [
                            -121.256592,
                            38.898543
                        ],
                        [
                            -121.256508,
                            38.898554
                        ],
                        [
                            -121.256206,
                            38.898554
                        ],
                        [
                            -121.255966,
                            38.898627
                        ],
                        [
                            -121.255833,
                            38.898669
                        ],
                        [
                            -121.255391,
                            38.898614
                        ],
                        [
                            -121.255363,
                            38.898427
                        ],
                        [
                            -121.255011,
                            38.898152
                        ],
                        [
                            -121.254871,
                            38.897993
                        ],
                        [
                            -121.254702,
                            38.897949
                        ],
                        [
                            -121.254274,
                            38.8978
                        ],
                        [
                            -121.253958,
                            38.89785
                        ],
                        [
                            -121.253761,
                            38.897712
                        ],
                        [
                            -121.253445,
                            38.897432
                        ],
                        [
                            -121.253129,
                            38.897283
                        ],
                        [
                            -121.252778,
                            38.897014
                        ],
                        [
                            -121.252616,
                            38.89697
                        ],
                        [
                            -121.252398,
                            38.896921
                        ],
                        [
                            -121.252124,
                            38.896827
                        ],
                        [
                            -121.251966,
                            38.896778
                        ],
                        [
                            -121.251913,
                            38.896761
                        ],
                        [
                            -121.251859,
                            38.896745
                        ],
                        [
                            -121.251647,
                            38.896681
                        ],
                        [
                            -121.251622,
                            38.89654
                        ],
                        [
                            -121.251424,
                            38.896441
                        ],
                        [
                            -121.251411,
                            38.896356
                        ],
                        [
                            -121.251325,
                            38.896276
                        ],
                        [
                            -121.25114,
                            38.896184
                        ],
                        [
                            -121.250955,
                            38.896072
                        ],
                        [
                            -121.250409,
                            38.895482
                        ]
                    ]
                ]
            },
            "properties": {
                "OBJECTID": "",
                "DISTRICT": "2",
                "DISTNUM": 2,
                "ELECTED": "Ben Brown",
                "URL": "https://storymaps.arcgis.com/stories/d252e988fb7e492bbeaa9f1a127624ab#ref-n-ru9f8L",
                "Shape__Area": 70592048.34472656,
                "Shape__Length": 59049.2913291963
            },
            "id": 2
        },
        {
            "type": "Feature",
            "geometry": {
                "type": "Polygon",
                "coordinates": [
                    [
                        [
                            -121.365414,
                            38.897261
                        ],
                        [
                            -121.377146,
                            38.897243
                        ],
                        [
                            -121.377091,
                            38.889406
                        ],
                        [
                            -121.377112,
                            38.886306
                        ],
                        [
                            -121.377106,
                            38.884427
                        ],
                        [
                            -121.377129,
                            38.882547
                        ],
                        [
                            -121.377068,
                            38.869786
                        ],
                        [
                            -121.378282,
                            38.868791
                        ],
                        [
                            -121.378521,
                            38.86879
                        ],
                        [
                            -121.379611,
                            38.868784
                        ],
                        [
                            -121.381659,
                            38.869342
                        ],
                        [
                            -121.38308,
                            38.870173
                        ],
                        [
                            -121.38307,
                            38.868064
                        ],
                        [
                            -121.386389,
                            38.868073
                        ],
                        [
                            -121.38647,
                            38.860752
                        ],
                        [
                            -121.358433,
                            38.860816
                        ],
                        [
                            -121.358432,
                            38.860569
                        ],
                        [
                            -121.349496,
                            38.860575
                        ],
                        [
                            -121.349365,
                            38.860574
                        ],
                        [
                            -121.349366,
                            38.860176
                        ],
                        [
                            -121.34937,
                            38.859493
                        ],
                        [
                            -121.349376,
                            38.85849
                        ],
                        [
                            -121.349373,
                            38.857944
                        ],
                        [
                            -121.349346,
                            38.857243
                        ],
                        [
                            -121.349344,
                            38.857095
                        ],
                        [
                            -121.34937,
                            38.856862
                        ],
                        [
                            -121.349379,
                            38.856314
                        ],
                        [
                            -121.34938,
                            38.855384
                        ],
                        [
                            -121.349374,
                            38.853444
                        ],
                        [
                            -121.349369,
                            38.851718
                        ],
                        [
                            -121.347218,
                            38.8517
                        ],
                        [
                            -121.34586,
                            38.851686
                        ],
                        [
                            -121.345812,
                            38.851688
                        ],
                        [
                            -121.345316,
                            38.852765
                        ],
                        [
                            -121.344706,
                            38.853577
                        ],
                        [
                            -121.343858,
                            38.854721
                        ],
                        [
                            -121.342684,
                            38.856289
                        ],
                        [
                            -121.340303,
                            38.85631
                        ],
                        [
                            -121.339247,
                            38.856319
                        ],
                        [
                            -121.338907,
                            38.856108
                        ],
                        [
                            -121.336986,
                            38.857432
                        ],
                        [
                            -121.335516,
                            38.858437
                        ],
                        [
                            -121.335526,
                            38.857005
                        ],
                        [
                            -121.335506,
                            38.853566
                        ],
                        [
                            -121.33172,
                            38.853561
                        ],
                        [
                            -121.328013,
                            38.853549
                        ],
                        [
                            -121.326052,
                            38.853542
                        ],
                        [
                            -121.326053,
                            38.854451
                        ],
                        [
                            -121.326047,
                            38.85716
                        ],
                        [
                            -121.32321,
                            38.857162
                        ],
                        [
                            -121.316663,
                            38.857205
                        ],
                        [
                            -121.314836,
                            38.857212
                        ],
                        [
                            -121.310459,
                            38.857224
                        ],
                        [
                            -121.307166,
                            38.857229
                        ],
                        [
                            -121.305072,
                            38.857226
                        ],
                        [
                            -121.305035,
                            38.857219
                        ],
                        [
                            -121.304595,
                            38.858283
                        ],
                        [
                            -121.303917,
                            38.859942
                        ],
                        [
                            -121.303685,
                            38.860509
                        ],
                        [
                            -121.302404,
                            38.863647
                        ],
                        [
                            -121.302035,
                            38.864531
                        ],
                        [
                            -121.301932,
                            38.864388
                        ],
                        [
                            -121.301798,
                            38.864171
                        ],
                        [
                            -121.301608,
                            38.864583
                        ],
                        [
                            -121.301858,
                            38.864956
                        ],
                        [
                            -121.301953,
                            38.865097
                        ],
                        [
                            -121.30327,
                            38.866549
                        ],
                        [
                            -121.303498,
                            38.8668
                        ],
                        [
                            -121.304365,
                            38.86767
                        ],
                        [
                            -121.307463,
                            38.870422
                        ],
                        [
                            -121.306695,
                            38.871004
                        ],
                        [
                            -121.306247,
                            38.871309
                        ],
                        [
                            -121.305399,
                            38.871887
                        ],
                        [
                            -121.304802,
                            38.872554
                        ],
                        [
                            -121.304397,
                            38.873203
                        ],
                        [
                            -121.304702,
                            38.873294
                        ],
                        [
                            -121.305206,
                            38.873457
                        ],
                        [
                            -121.305675,
                            38.873687
                        ],
                        [
                            -121.305688,
                            38.873698
                        ],
                        [
                            -121.306163,
                            38.874095
                        ],
                        [
                            -121.306402,
                            38.874498
                        ],
                        [
                            -121.306497,
                            38.875091
                        ],
                        [
                            -121.306444,
                            38.875505
                        ],
                        [
                            -121.306158,
                            38.87604
                        ],
                        [
                            -121.305882,
                            38.876331
                        ],
                        [
                            -121.305223,
                            38.876108
                        ],
                        [
                            -121.305022,
                            38.87604
                        ],
                        [
                            -121.304271,
                            38.875822
                        ],
                        [
                            -121.303487,
                            38.875692
                        ],
                        [
                            -121.303034,
                            38.876759
                        ],
                        [
                            -121.302858,
                            38.877367
                        ],
                        [
                            -121.302514,
                            38.878066
                        ],
                        [
                            -121.301982,
                            38.878704
                        ],
                        [
                            -121.301582,
                            38.879012
                        ],
                        [
                            -121.300627,
                            38.87962
                        ],
                        [
                            -121.299634,
                            38.879928
                        ],
                        [
                            -121.298857,
                            38.880082
                        ],
                        [
                            -121.297425,
                            38.880113
                        ],
                        [
                            -121.295878,
                            38.879869
                        ],
                        [
                            -121.295672,
                            38.879835
                        ],
                        [
                            -121.295591,
                            38.879821
                        ],
                        [
                            -121.295352,
                            38.879782
                        ],
                        [
                            -121.295272,
                            38.879769
                        ],
                        [
                            -121.295227,
                            38.879888
                        ],
                        [
                            -121.295095,
                            38.880246
                        ],
                        [
                            -121.295051,
                            38.880366
                        ],
                        [
                            -121.295014,
                            38.880463
                        ],
                        [
                            -121.294907,
                            38.880755
                        ],
                        [
                            -121.294871,
                            38.880853
                        ],
                        [
                            -121.294829,
                            38.880966
                        ],
                        [
                            -121.294809,
                            38.881022
                        ],
                        [
                            -121.294702,
                            38.881305
                        ],
                        [
                            -121.29466,
                            38.881419
                        ],
                        [
                            -121.294435,
                            38.882019
                        ],
                        [
                            -121.294422,
                            38.88205
                        ],
                        [
                            -121.294387,
                            38.882146
                        ],
                        [
                            -121.294375,
                            38.882179
                        ],
                        [
                            -121.294358,
                            38.882225
                        ],
                        [
                            -121.29434,
                            38.882269
                        ],
                        [
                            -121.294232,
                            38.882539
                        ],
                        [
                            -121.294197,
                            38.882629
                        ],
                        [
                            -121.294267,
                            38.882634
                        ],
                        [
                            -121.294421,
                            38.882656
                        ],
                        [
                            -121.294454,
                            38.882669
                        ],
                        [
                            -121.294515,
                            38.882695
                        ],
                        [
                            -121.294618,
                            38.882738
                        ],
                        [
                            -121.294836,
                            38.882744
                        ],
                        [
                            -121.294962,
                            38.882694
                        ],
                        [
                            -121.29504,
                            38.882656
                        ],
                        [
                            -121.295096,
                            38.882623
                        ],
                        [
                            -121.295215,
                            38.882579
                        ],
                        [
                            -121.295279,
                            38.882568
                        ],
                        [
                            -121.295433,
                            38.882568
                        ],
                        [
                            -121.296009,
                            38.882755
                        ],
                        [
                            -121.296164,
                            38.882782
                        ],
                        [
                            -121.296318,
                            38.88281
                        ],
                        [
                            -121.296768,
                            38.882997
                        ],
                        [
                            -121.297625,
                            38.883002
                        ],
                        [
                            -121.298089,
                            38.883013
                        ],
                        [
                            -121.298377,
                            38.883035
                        ],
                        [
                            -121.299494,
                            38.883255
                        ],
                        [
                            -121.299663,
                            38.883299
                        ],
                        [
                            -121.29981,
                            38.883349
                        ],
                        [
                            -121.300106,
                            38.883475
                        ],
                        [
                            -121.301005,
                            38.883596
                        ],
                        [
                            -121.301234,
                            38.883603
                        ],
                        [
                            -121.301883,
                            38.883623
                        ],
                        [
                            -121.302403,
                            38.883596
                        ],
                        [
                            -121.302825,
                            38.883569
                        ],
                        [
                            -121.302958,
                            38.883554
                        ],
                        [
                            -121.303605,
                            38.883481
                        ],
                        [
                            -121.303727,
                            38.883464
                        ],
                        [
                            -121.304132,
                            38.883409
                        ],
                        [
                            -121.304827,
                            38.883415
                        ],
                        [
                            -121.305565,
                            38.883668
                        ],
                        [
                            -121.306001,
                            38.883731
                        ],
                        [
                            -121.30671,
                            38.883835
                        ],
                        [
                            -121.306768,
                            38.883843
                        ],
                        [
                            -121.306819,
                            38.883863
                        ],
                        [
                            -121.306928,
                            38.883904
                        ],
                        [
                            -121.30723,
                            38.883981
                        ],
                        [
                            -121.307343,
                            38.884003
                        ],
                        [
                            -121.307919,
                            38.884244
                        ],
                        [
                            -121.308205,
                            38.884307
                        ],
                        [
                            -121.308446,
                            38.88436
                        ],
                        [
                            -121.308783,
                            38.884349
                        ],
                        [
                            -121.308966,
                            38.884283
                        ],
                        [
                            -121.309114,
                            38.884266
                        ],
                        [
                            -121.309619,
                            38.884195
                        ],
                        [
                            -121.310589,
                            38.884195
                        ],
                        [
                            -121.311123,
                            38.884085
                        ],
                        [
                            -121.311692,
                            38.884091
                        ],
                        [
                            -121.311833,
                            38.884008
                        ],
                        [
                            -121.31198,
                            38.883997
                        ],
                        [
                            -121.312247,
                            38.884014
                        ],
                        [
                            -121.312381,
                            38.884085
                        ],
                        [
                            -121.31262,
                            38.884091
                        ],
                        [
                            -121.312674,
                            38.884069
                        ],
                        [
                            -121.313189,
                            38.88386
                        ],
                        [
                            -121.313245,
                            38.883844
                        ],
                        [
                            -121.313301,
                            38.883811
                        ],
                        [
                            -121.313597,
                            38.883833
                        ],
                        [
                            -121.3138,
                            38.883893
                        ],
                        [
                            -121.314108,
                            38.884008
                        ],
                        [
                            -121.314271,
                            38.884069
                        ],
                        [
                            -121.3147,
                            38.884085
                        ],
                        [
                            -121.314749,
                            38.884102
                        ],
                        [
                            -121.315194,
                            38.884159
                        ],
                        [
                            -121.315515,
                            38.884201
                        ],
                        [
                            -121.315648,
                            38.884354
                        ],
                        [
                            -121.315669,
                            38.884552
                        ],
                        [
                            -121.315831,
                            38.884569
                        ],
                        [
                            -121.315964,
                            38.884157
                        ],
                        [
                            -121.316871,
                            38.884387
                        ],
                        [
                            -121.317264,
                            38.884354
                        ],
                        [
                            -121.317524,
                            38.884426
                        ],
                        [
                            -121.317813,
                            38.884404
                        ],
                        [
                            -121.317914,
                            38.884412
                        ],
                        [
                            -121.31808,
                            38.884426
                        ],
                        [
                            -121.318403,
                            38.88436
                        ],
                        [
                            -121.318494,
                            38.884382
                        ],
                        [
                            -121.318607,
                            38.884415
                        ],
                        [
                            -121.318726,
                            38.884442
                        ],
                        [
                            -121.319,
                            38.884459
                        ],
                        [
                            -121.319141,
                            38.884459
                        ],
                        [
                            -121.319218,
                            38.884448
                        ],
                        [
                            -121.319379,
                            38.884387
                        ],
                        [
                            -121.319471,
                            38.88436
                        ],
                        [
                            -121.31956,
                            38.88434
                        ],
                        [
                            -121.319654,
                            38.884321
                        ],
                        [
                            -121.320476,
                            38.884283
                        ],
                        [
                            -121.320609,
                            38.884228
                        ],
                        [
                            -121.320715,
                            38.884151
                        ],
                        [
                            -121.320869,
                            38.884003
                        ],
                        [
                            -121.321058,
                            38.883733
                        ],
                        [
                            -121.321073,
                            38.883712
                        ],
                        [
                            -121.321143,
                            38.883596
                        ],
                        [
                            -121.321332,
                            38.883224
                        ],
                        [
                            -121.321375,
                            38.88314
                        ],
                        [
                            -121.321368,
                            38.8827
                        ],
                        [
                            -121.321367,
                            38.88269
                        ],
                        [
                            -121.321343,
                            38.88269
                        ],
                        [
                            -121.321354,
                            38.882183
                        ],
                        [
                            -121.321363,
                            38.881755
                        ],
                        [
                            -121.321375,
                            38.8812
                        ],
                        [
                            -121.32139,
                            38.880897
                        ],
                        [
                            -121.321389,
                            38.87985
                        ],
                        [
                            -121.321393,
                            38.878862
                        ],
                        [
                            -121.321395,
                            38.878381
                        ],
                        [
                            -121.321375,
                            38.87712
                        ],
                        [
                            -121.321409,
                            38.876099
                        ],
                        [
                            -121.321434,
                            38.875776
                        ],
                        [
                            -121.321479,
                            38.87539
                        ],
                        [
                            -121.32149,
                            38.875305
                        ],
                        [
                            -121.32152,
                            38.874724
                        ],
                        [
                            -121.321536,
                            38.874606
                        ],
                        [
                            -121.321573,
                            38.874465
                        ],
                        [
                            -121.321625,
                            38.874344
                        ],
                        [
                            -121.321692,
                            38.87423
                        ],
                        [
                            -121.321776,
                            38.874124
                        ],
                        [
                            -121.321875,
                            38.874024
                        ],
                        [
                            -121.3219,
                            38.874004
                        ],
                        [
                            -121.321868,
                            38.873667
                        ],
                        [
                            -121.321933,
                            38.873674
                        ],
                        [
                            -121.322017,
                            38.873742
                        ],
                        [
                            -121.322116,
                            38.873852
                        ],
                        [
                            -121.322257,
                            38.873782
                        ],
                        [
                            -121.32241,
                            38.873725
                        ],
                        [
                            -121.322573,
                            38.873684
                        ],
                        [
                            -121.322746,
                            38.873658
                        ],
                        [
                            -121.322922,
                            38.87365
                        ],
                        [
                            -121.323287,
                            38.873647
                        ],
                        [
                            -121.324671,
                            38.873651
                        ],
                        [
                            -121.325436,
                            38.873649
                        ],
                        [
                            -121.328928,
                            38.873643
                        ],
                        [
                            -121.329105,
                            38.873638
                        ],
                        [
                            -121.32928,
                            38.873623
                        ],
                        [
                            -121.329452,
                            38.873594
                        ],
                        [
                            -121.329619,
                            38.873549
                        ],
                        [
                            -121.329782,
                            38.873487
                        ],
                        [
                            -121.32994,
                            38.873413
                        ],
                        [
                            -121.330089,
                            38.873326
                        ],
                        [
                            -121.330229,
                            38.873228
                        ],
                        [
                            -121.330357,
                            38.87312
                        ],
                        [
                            -121.330471,
                            38.873003
                        ],
                        [
                            -121.330566,
                            38.872876
                        ],
                        [
                            -121.33064,
                            38.872741
                        ],
                        [
                            -121.330694,
                            38.872599
                        ],
                        [
                            -121.330728,
                            38.872452
                        ],
                        [
                            -121.330744,
                            38.8723
                        ],
                        [
                            -121.330752,
                            38.872145
                        ],
                        [
                            -121.330737,
                            38.870544
                        ],
                        [
                            -121.330716,
                            38.870068
                        ],
                        [
                            -121.330681,
                            38.869458
                        ],
                        [
                            -121.330677,
                            38.869312
                        ],
                        [
                            -121.330679,
                            38.869168
                        ],
                        [
                            -121.330695,
                            38.869028
                        ],
                        [
                            -121.330734,
                            38.868891
                        ],
                        [
                            -121.330794,
                            38.868758
                        ],
                        [
                            -121.330881,
                            38.868632
                        ],
                        [
                            -121.330989,
                            38.868516
                        ],
                        [
                            -121.331118,
                            38.86841
                        ],
                        [
                            -121.331264,
                            38.868317
                        ],
                        [
                            -121.331426,
                            38.86824
                        ],
                        [
                            -121.3316,
                            38.86818
                        ],
                        [
                            -121.331783,
                            38.868139
                        ],
                        [
                            -121.331161,
                            38.868167
                        ],
                        [
                            -121.330755,
                            38.868176
                        ],
                        [
                            -121.330755,
                            38.868126
                        ],
                        [
                            -121.330752,
                            38.868009
                        ],
                        [
                            -121.330594,
                            38.867996
                        ],
                        [
                            -121.330699,
                            38.865096
                        ],
                        [
                            -121.330689,
                            38.864522
                        ],
                        [
                            -121.332454,
                            38.864506
                        ],
                        [
                            -121.334716,
                            38.864483
                        ],
                        [
                            -121.335479,
                            38.864476
                        ],
                        [
                            -121.335508,
                            38.867956
                        ],
                        [
                            -121.335507,
                            38.868115
                        ],
                        [
                            -121.336423,
                            38.868111
                        ],
                        [
                            -121.336711,
                            38.868111
                        ],
                        [
                            -121.338621,
                            38.868108
                        ],
                        [
                            -121.339172,
                            38.868106
                        ],
                        [
                            -121.340089,
                            38.868103
                        ],
                        [
                            -121.340317,
                            38.868101
                        ],
                        [
                            -121.340867,
                            38.868099
                        ],
                        [
                            -121.341001,
                            38.868098
                        ],
                        [
                            -121.34123,
                            38.868097
                        ],
                        [
                            -121.341703,
                            38.868094
                        ],
                        [
                            -121.34284,
                            38.868097
                        ],
                        [
                            -121.343797,
                            38.868101
                        ],
                        [
                            -121.34411,
                            38.868101
                        ],
                        [
                            -121.34411,
                            38.868209
                        ],
                        [
                            -121.3441,
                            38.870143
                        ],
                        [
                            -121.344094,
                            38.871175
                        ],
                        [
                            -121.344084,
                            38.872211
                        ],
                        [
                            -121.344097,
                            38.873277
                        ],
                        [
                            -121.344085,
                            38.87541
                        ],
                        [
                            -121.34935,
                            38.875394
                        ],
                        [
                            -121.350592,
                            38.875399
                        ],
                        [
                            -121.350868,
                            38.8754
                        ],
                        [
                            -121.350865,
                            38.875403
                        ],
                        [
                            -121.349354,
                            38.876989
                        ],
                        [
                            -121.349351,
                            38.878607
                        ],
                        [
                            -121.34935,
                            38.879329
                        ],
                        [
                            -121.349349,
                            38.879701
                        ],
                        [
                            -121.344667,
                            38.879712
                        ],
                        [
                            -121.344667,
                            38.879715
                        ],
                        [
                            -121.34467,
                            38.880802
                        ],
                        [
                            -121.344665,
                            38.881714
                        ],
                        [
                            -121.344667,
                            38.882214
                        ],
                        [
                            -121.344672,
                            38.882685
                        ],
                        [
                            -121.344672,
                            38.882687
                        ],
                        [
                            -121.341304,
                            38.882725
                        ],
                        [
                            -121.340173,
                            38.882734
                        ],
                        [
                            -121.340173,
                            38.882839
                        ],
                        [
                            -121.340085,
                            38.882839
                        ],
                        [
                            -121.340086,
                            38.8828
                        ],
                        [
                            -121.339998,
                            38.8828
                        ],
                        [
                            -121.33987,
                            38.883325
                        ],
                        [
                            -121.339565,
                            38.884571
                        ],
                        [
                            -121.339559,
                            38.885246
                        ],
                        [
                            -121.339512,
                            38.88534
                        ],
                        [
                            -121.339419,
                            38.885406
                        ],
                        [
                            -121.339455,
                            38.886331
                        ],
                        [
                            -121.339495,
                            38.886352
                        ],
                        [
                            -121.339535,
                            38.886379
                        ],
                        [
                            -121.339568,
                            38.886411
                        ],
                        [
                            -121.339595,
                            38.886447
                        ],
                        [
                            -121.339615,
                            38.886485
                        ],
                        [
                            -121.339627,
                            38.886526
                        ],
                        [
                            -121.339631,
                            38.886567
                        ],
                        [
                            -121.339631,
                            38.887185
                        ],
                        [
                            -121.339821,
                            38.888559
                        ],
                        [
                            -121.340323,
                            38.88856
                        ],
                        [
                            -121.340308,
                            38.888662
                        ],
                        [
                            -121.340231,
                            38.889188
                        ],
                        [
                            -121.34023,
                            38.889225
                        ],
                        [
                            -121.34023,
                            38.889455
                        ],
                        [
                            -121.340239,
                            38.889455
                        ],
                        [
                            -121.340219,
                            38.889906
                        ],
                        [
                            -121.340217,
                            38.889951
                        ],
                        [
                            -121.340216,
                            38.889979
                        ],
                        [
                            -121.358448,
                            38.889979
                        ],
                        [
                            -121.358432,
                            38.897272
                        ],
                        [
                            -121.365414,
                            38.897261
                        ]
                    ]
                ]
            },
            "properties": {
                "OBJECTID": "",
                "DISTRICT": "3",
                "DISTNUM": 3,
                "ELECTED": "John Reedy",
                "URL": "https://storymaps.arcgis.com/stories/d252e988fb7e492bbeaa9f1a127624ab#ref-n-h38Ugc",
                "Shape__Area": 212085983.85839844,
                "Shape__Length": 110408.03009148738
            },
            "id": 3
        },
        {
            "type": "Feature",
            "geometry": {
                "type": "Polygon",
                "coordinates": [
                    [
                        [
                            -121.231553,
                            38.867321
                        ],
                        [
                            -121.232639,
                            38.867737
                        ],
                        [
                            -121.233039,
                            38.867036
                        ],
                        [
                            -121.233248,
                            38.867139
                        ],
                        [
                            -121.233584,
                            38.867304
                        ],
                        [
                            -121.234139,
                            38.867577
                        ],
                        [
                            -121.234427,
                            38.867719
                        ],
                        [
                            -121.234922,
                            38.867971
                        ],
                        [
                            -121.23508,
                            38.868042
                        ],
                        [
                            -121.235132,
                            38.868066
                        ],
                        [
                            -121.235303,
                            38.86816
                        ],
                        [
                            -121.235841,
                            38.868418
                        ],
                        [
                            -121.239742,
                            38.868397
                        ],
                        [
                            -121.2473,
                            38.868357
                        ],
                        [
                            -121.247255,
                            38.871569
                        ],
                        [
                            -121.247175,
                            38.880301
                        ],
                        [
                            -121.247166,
                            38.881423
                        ],
                        [
                            -121.247174,
                            38.881541
                        ],
                        [
                            -121.247172,
                            38.881572
                        ],
                        [
                            -121.247147,
                            38.882228
                        ],
                        [
                            -121.24714,
                            38.882439
                        ],
                        [
                            -121.24713,
                            38.882789
                        ],
                        [
                            -121.247126,
                            38.883024
                        ],
                        [
                            -121.247098,
                            38.883622
                        ],
                        [
                            -121.247101,
                            38.883699
                        ],
                        [
                            -121.247094,
                            38.883862
                        ],
                        [
                            -121.247096,
                            38.884013
                        ],
                        [
                            -121.247092,
                            38.884249
                        ],
                        [
                            -121.247093,
                            38.884484
                        ],
                        [
                            -121.24709,
                            38.884654
                        ],
                        [
                            -121.247084,
                            38.884741
                        ],
                        [
                            -121.247072,
                            38.885139
                        ],
                        [
                            -121.247061,
                            38.885347
                        ],
                        [
                            -121.247063,
                            38.88549
                        ],
                        [
                            -121.247064,
                            38.885501
                        ],
                        [
                            -121.247056,
                            38.885572
                        ],
                        [
                            -121.24705,
                            38.885753
                        ],
                        [
                            -121.247119,
                            38.886504
                        ],
                        [
                            -121.246686,
                            38.886501
                        ],
                        [
                            -121.246102,
                            38.886498
                        ],
                        [
                            -121.246104,
                            38.886603
                        ],
                        [
                            -121.245966,
                            38.886617
                        ],
                        [
                            -121.245949,
                            38.890196
                        ],
                        [
                            -121.247028,
                            38.890362
                        ],
                        [
                            -121.247115,
                            38.89038
                        ],
                        [
                            -121.247147,
                            38.894013
                        ],
                        [
                            -121.248642,
                            38.89402
                        ],
                        [
                            -121.249569,
                            38.894269
                        ],
                        [
                            -121.249672,
                            38.894277
                        ],
                        [
                            -121.249833,
                            38.89436
                        ],
                        [
                            -121.249913,
                            38.894465
                        ],
                        [
                            -121.250246,
                            38.895156
                        ],
                        [
                            -121.250314,
                            38.895251
                        ],
                        [
                            -121.250312,
                            38.895349
                        ],
                        [
                            -121.250409,
                            38.895482
                        ],
                        [
                            -121.250955,
                            38.896072
                        ],
                        [
                            -121.25114,
                            38.896184
                        ],
                        [
                            -121.251325,
                            38.896276
                        ],
                        [
                            -121.251411,
                            38.896356
                        ],
                        [
                            -121.251424,
                            38.896441
                        ],
                        [
                            -121.251622,
                            38.89654
                        ],
                        [
                            -121.251647,
                            38.896681
                        ],
                        [
                            -121.251859,
                            38.896745
                        ],
                        [
                            -121.251913,
                            38.896761
                        ],
                        [
                            -121.251966,
                            38.896778
                        ],
                        [
                            -121.252124,
                            38.896827
                        ],
                        [
                            -121.252398,
                            38.896921
                        ],
                        [
                            -121.252616,
                            38.89697
                        ],
                        [
                            -121.252778,
                            38.897014
                        ],
                        [
                            -121.253129,
                            38.897283
                        ],
                        [
                            -121.253445,
                            38.897432
                        ],
                        [
                            -121.253761,
                            38.897712
                        ],
                        [
                            -121.253958,
                            38.89785
                        ],
                        [
                            -121.254274,
                            38.8978
                        ],
                        [
                            -121.254702,
                            38.897949
                        ],
                        [
                            -121.254871,
                            38.897993
                        ],
                        [
                            -121.255011,
                            38.898152
                        ],
                        [
                            -121.255363,
                            38.898427
                        ],
                        [
                            -121.255391,
                            38.898614
                        ],
                        [
                            -121.255833,
                            38.898669
                        ],
                        [
                            -121.255966,
                            38.898627
                        ],
                        [
                            -121.256206,
                            38.898554
                        ],
                        [
                            -121.256508,
                            38.898554
                        ],
                        [
                            -121.256592,
                            38.898543
                        ],
                        [
                            -121.257127,
                            38.898433
                        ],
                        [
                            -121.257429,
                            38.898422
                        ],
                        [
                            -121.257492,
                            38.898439
                        ],
                        [
                            -121.257534,
                            38.898455
                        ],
                        [
                            -121.257598,
                            38.898456
                        ],
                        [
                            -121.258356,
                            38.898588
                        ],
                        [
                            -121.258581,
                            38.898577
                        ],
                        [
                            -121.258701,
                            38.898555
                        ],
                        [
                            -121.259095,
                            38.89833
                        ],
                        [
                            -121.259341,
                            38.898264
                        ],
                        [
                            -121.25939,
                            38.89827
                        ],
                        [
                            -121.259727,
                            38.898292
                        ],
                        [
                            -121.260858,
                            38.898517
                        ],
                        [
                            -121.261083,
                            38.898528
                        ],
                        [
                            -121.261266,
                            38.898529
                        ],
                        [
                            -121.261414,
                            38.898518
                        ],
                        [
                            -121.261716,
                            38.898474
                        ],
                        [
                            -121.261878,
                            38.898435
                        ],
                        [
                            -121.262194,
                            38.898342
                        ],
                        [
                            -121.262391,
                            38.898315
                        ],
                        [
                            -121.262672,
                            38.898282
                        ],
                        [
                            -121.26303,
                            38.898277
                        ],
                        [
                            -121.263557,
                            38.898277
                        ],
                        [
                            -121.263993,
                            38.898327
                        ],
                        [
                            -121.264471,
                            38.898294
                        ],
                        [
                            -121.264668,
                            38.89825
                        ],
                        [
                            -121.264851,
                            38.898162
                        ],
                        [
                            -121.265076,
                            38.898069
                        ],
                        [
                            -121.265293,
                            38.898014
                        ],
                        [
                            -121.265553,
                            38.897965
                        ],
                        [
                            -121.265673,
                            38.897965
                        ],
                        [
                            -121.265764,
                            38.897959
                        ],
                        [
                            -121.265877,
                            38.89797
                        ],
                        [
                            -121.266537,
                            38.897976
                        ],
                        [
                            -121.26717,
                            38.898081
                        ],
                        [
                            -121.267535,
                            38.898092
                        ],
                        [
                            -121.267831,
                            38.897944
                        ],
                        [
                            -121.267908,
                            38.8979
                        ],
                        [
                            -121.267957,
                            38.897883
                        ],
                        [
                            -121.268224,
                            38.897807
                        ],
                        [
                            -121.268519,
                            38.897702
                        ],
                        [
                            -121.268773,
                            38.897603
                        ],
                        [
                            -121.26899,
                            38.897499
                        ],
                        [
                            -121.269173,
                            38.897444
                        ],
                        [
                            -121.269356,
                            38.897373
                        ],
                        [
                            -121.269567,
                            38.897236
                        ],
                        [
                            -121.26963,
                            38.897154
                        ],
                        [
                            -121.269848,
                            38.89695
                        ],
                        [
                            -121.270024,
                            38.896813
                        ],
                        [
                            -121.270375,
                            38.896607
                        ],
                        [
                            -121.27039,
                            38.896599
                        ],
                        [
                            -121.270537,
                            38.896544
                        ],
                        [
                            -121.270692,
                            38.896467
                        ],
                        [
                            -121.270825,
                            38.896374
                        ],
                        [
                            -121.270896,
                            38.896336
                        ],
                        [
                            -121.271093,
                            38.896171
                        ],
                        [
                            -121.271156,
                            38.896061
                        ],
                        [
                            -121.27117,
                            38.896023
                        ],
                        [
                            -121.271458,
                            38.895831
                        ],
                        [
                            -121.272597,
                            38.895342
                        ],
                        [
                            -121.273623,
                            38.895041
                        ],
                        [
                            -121.273799,
                            38.894947
                        ],
                        [
                            -121.274129,
                            38.89475
                        ],
                        [
                            -121.274319,
                            38.894601
                        ],
                        [
                            -121.274453,
                            38.894525
                        ],
                        [
                            -121.274636,
                            38.894437
                        ],
                        [
                            -121.274798,
                            38.894413
                        ],
                        [
                            -121.275751,
                            38.894268
                        ],
                        [
                            -121.275802,
                            38.894261
                        ],
                        [
                            -121.276041,
                            38.894229
                        ],
                        [
                            -121.276393,
                            38.894201
                        ],
                        [
                            -121.278079,
                            38.894158
                        ],
                        [
                            -121.27836,
                            38.894092
                        ],
                        [
                            -121.278438,
                            38.89407
                        ],
                        [
                            -121.278592,
                            38.893999
                        ],
                        [
                            -121.278609,
                            38.893986
                        ],
                        [
                            -121.27867,
                            38.893944
                        ],
                        [
                            -121.278958,
                            38.893724
                        ],
                        [
                            -121.27912,
                            38.893653
                        ],
                        [
                            -121.27945,
                            38.893582
                        ],
                        [
                            -121.279463,
                            38.89358
                        ],
                        [
                            -121.279717,
                            38.893532
                        ],
                        [
                            -121.280202,
                            38.893472
                        ],
                        [
                            -121.280919,
                            38.893384
                        ],
                        [
                            -121.281502,
                            38.893165
                        ],
                        [
                            -121.281692,
                            38.893071
                        ],
                        [
                            -121.282099,
                            38.892819
                        ],
                        [
                            -121.282248,
                            38.892675
                        ],
                        [
                            -121.282367,
                            38.892561
                        ],
                        [
                            -121.282423,
                            38.891981
                        ],
                        [
                            -121.282437,
                            38.891836
                        ],
                        [
                            -121.282485,
                            38.891618
                        ],
                        [
                            -121.282564,
                            38.89127
                        ],
                        [
                            -121.282585,
                            38.89121
                        ],
                        [
                            -121.282669,
                            38.891023
                        ],
                        [
                            -121.282669,
                            38.890974
                        ],
                        [
                            -121.282848,
                            38.890583
                        ],
                        [
                            -121.282916,
                            38.890436
                        ],
                        [
                            -121.282987,
                            38.890286
                        ],
                        [
                            -121.282993,
                            38.890246
                        ],
                        [
                            -121.283027,
                            38.890201
                        ],
                        [
                            -121.283085,
                            38.890079
                        ],
                        [
                            -121.283162,
                            38.889996
                        ],
                        [
                            -121.283366,
                            38.889821
                        ],
                        [
                            -121.283375,
                            38.889813
                        ],
                        [
                            -121.283661,
                            38.889596
                        ],
                        [
                            -121.283773,
                            38.889535
                        ],
                        [
                            -121.283886,
                            38.889486
                        ],
                        [
                            -121.284258,
                            38.889272
                        ],
                        [
                            -121.284561,
                            38.888981
                        ],
                        [
                            -121.284786,
                            38.888772
                        ],
                        [
                            -121.285018,
                            38.88858
                        ],
                        [
                            -121.285218,
                            38.888392
                        ],
                        [
                            -121.285292,
                            38.888322
                        ],
                        [
                            -121.285724,
                            38.888024
                        ],
                        [
                            -121.285931,
                            38.887883
                        ],
                        [
                            -121.286416,
                            38.887416
                        ],
                        [
                            -121.286515,
                            38.887257
                        ],
                        [
                            -121.286648,
                            38.886993
                        ],
                        [
                            -121.286691,
                            38.886856
                        ],
                        [
                            -121.286691,
                            38.886554
                        ],
                        [
                            -121.286689,
                            38.886526
                        ],
                        [
                            -121.286653,
                            38.885901
                        ],
                        [
                            -121.286649,
                            38.88584
                        ],
                        [
                            -121.286607,
                            38.885626
                        ],
                        [
                            -121.286614,
                            38.885428
                        ],
                        [
                            -121.286895,
                            38.884676
                        ],
                        [
                            -121.2871,
                            38.884285
                        ],
                        [
                            -121.287162,
                            38.88417
                        ],
                        [
                            -121.287198,
                            38.884061
                        ],
                        [
                            -121.287401,
                            38.883797
                        ],
                        [
                            -121.287549,
                            38.883473
                        ],
                        [
                            -121.287788,
                            38.883209
                        ],
                        [
                            -121.287894,
                            38.883072
                        ],
                        [
                            -121.287915,
                            38.883039
                        ],
                        [
                            -121.28809,
                            38.882913
                        ],
                        [
                            -121.288217,
                            38.882863
                        ],
                        [
                            -121.288969,
                            38.882732
                        ],
                        [
                            -121.289995,
                            38.882666
                        ],
                        [
                            -121.29151,
                            38.882705
                        ],
                        [
                            -121.29232,
                            38.882727
                        ],
                        [
                            -121.292644,
                            38.882694
                        ],
                        [
                            -121.293226,
                            38.882626
                        ],
                        [
                            -121.293395,
                            38.882606
                        ],
                        [
                            -121.293419,
                            38.882606
                        ],
                        [
                            -121.293908,
                            38.882606
                        ],
                        [
                            -121.294002,
                            38.882613
                        ],
                        [
                            -121.294197,
                            38.882629
                        ],
                        [
                            -121.294232,
                            38.882539
                        ],
                        [
                            -121.29434,
                            38.882269
                        ],
                        [
                            -121.294358,
                            38.882225
                        ],
                        [
                            -121.294375,
                            38.882179
                        ],
                        [
                            -121.294387,
                            38.882146
                        ],
                        [
                            -121.294422,
                            38.88205
                        ],
                        [
                            -121.294435,
                            38.882019
                        ],
                        [
                            -121.29466,
                            38.881419
                        ],
                        [
                            -121.294702,
                            38.881305
                        ],
                        [
                            -121.294809,
                            38.881022
                        ],
                        [
                            -121.294829,
                            38.880966
                        ],
                        [
                            -121.294871,
                            38.880853
                        ],
                        [
                            -121.294907,
                            38.880755
                        ],
                        [
                            -121.295014,
                            38.880463
                        ],
                        [
                            -121.295051,
                            38.880366
                        ],
                        [
                            -121.295095,
                            38.880246
                        ],
                        [
                            -121.295227,
                            38.879888
                        ],
                        [
                            -121.295272,
                            38.879769
                        ],
                        [
                            -121.295352,
                            38.879782
                        ],
                        [
                            -121.295591,
                            38.879821
                        ],
                        [
                            -121.295672,
                            38.879835
                        ],
                        [
                            -121.295903,
                            38.879274
                        ],
                        [
                            -121.296151,
                            38.878674
                        ],
                        [
                            -121.296704,
                            38.877338
                        ],
                        [
                            -121.297598,
                            38.875197
                        ],
                        [
                            -121.29806,
                            38.87409
                        ],
                        [
                            -121.297726,
                            38.87398
                        ],
                        [
                            -121.296724,
                            38.873542
                        ],
                        [
                            -121.294865,
                            38.872427
                        ],
                        [
                            -121.29456,
                            38.872256
                        ],
                        [
                            -121.294474,
                            38.872185
                        ],
                        [
                            -121.293971,
                            38.87177
                        ],
                        [
                            -121.293613,
                            38.871432
                        ],
                        [
                            -121.293239,
                            38.871034
                        ],
                        [
                            -121.293121,
                            38.870913
                        ],
                        [
                            -121.292688,
                            38.870471
                        ],
                        [
                            -121.292467,
                            38.870246
                        ],
                        [
                            -121.292185,
                            38.869958
                        ],
                        [
                            -121.291867,
                            38.869619
                        ],
                        [
                            -121.291809,
                            38.869571
                        ],
                        [
                            -121.291592,
                            38.86939
                        ],
                        [
                            -121.291568,
                            38.86937
                        ],
                        [
                            -121.29149,
                            38.869306
                        ],
                        [
                            -121.291408,
                            38.869237
                        ],
                        [
                            -121.291339,
                            38.869181
                        ],
                        [
                            -121.290858,
                            38.86885
                        ],
                        [
                            -121.290612,
                            38.868707
                        ],
                        [
                            -121.29052,
                            38.868657
                        ],
                        [
                            -121.290436,
                            38.868605
                        ],
                        [
                            -121.289961,
                            38.868329
                        ],
                        [
                            -121.288641,
                            38.867634
                        ],
                        [
                            -121.288448,
                            38.867517
                        ],
                        [
                            -121.288405,
                            38.867491
                        ],
                        [
                            -121.287858,
                            38.867196
                        ],
                        [
                            -121.287263,
                            38.866875
                        ],
                        [
                            -121.286706,
                            38.866503
                        ],
                        [
                            -121.286348,
                            38.866192
                        ],
                        [
                            -121.286072,
                            38.865952
                        ],
                        [
                            -121.285621,
                            38.865498
                        ],
                        [
                            -121.285254,
                            38.865018
                        ],
                        [
                            -121.285002,
                            38.864592
                        ],
                        [
                            -121.284761,
                            38.864092
                        ],
                        [
                            -121.284646,
                            38.863793
                        ],
                        [
                            -121.28459,
                            38.863644
                        ],
                        [
                            -121.284533,
                            38.86333
                        ],
                        [
                            -121.284475,
                            38.863011
                        ],
                        [
                            -121.284461,
                            38.862712
                        ],
                        [
                            -121.284436,
                            38.862207
                        ],
                        [
                            -121.284429,
                            38.86032
                        ],
                        [
                            -121.284434,
                            38.859807
                        ],
                        [
                            -121.284433,
                            38.858379
                        ],
                        [
                            -121.284433,
                            38.854892
                        ],
                        [
                            -121.284144,
                            38.854887
                        ],
                        [
                            -121.284031,
                            38.85489
                        ],
                        [
                            -121.283442,
                            38.854947
                        ],
                        [
                            -121.283117,
                            38.854951
                        ],
                        [
                            -121.282966,
                            38.854942
                        ],
                        [
                            -121.282864,
                            38.854931
                        ],
                        [
                            -121.282484,
                            38.85487
                        ],
                        [
                            -121.281939,
                            38.85483
                        ],
                        [
                            -121.281735,
                            38.854824
                        ],
                        [
                            -121.281301,
                            38.85481
                        ],
                        [
                            -121.280544,
                            38.854767
                        ],
                        [
                            -121.279196,
                            38.854622
                        ],
                        [
                            -121.278913,
                            38.854615
                        ],
                        [
                            -121.278237,
                            38.854605
                        ],
                        [
                            -121.277991,
                            38.854625
                        ],
                        [
                            -121.277401,
                            38.854712
                        ],
                        [
                            -121.276752,
                            38.85489
                        ],
                        [
                            -121.276262,
                            38.855062
                        ],
                        [
                            -121.27605,
                            38.855148
                        ],
                        [
                            -121.275702,
                            38.855332
                        ],
                        [
                            -121.275436,
                            38.855494
                        ],
                        [
                            -121.275166,
                            38.855673
                        ],
                        [
                            -121.274836,
                            38.855948
                        ],
                        [
                            -121.274508,
                            38.856255
                        ],
                        [
                            -121.274265,
                            38.856528
                        ],
                        [
                            -121.274064,
                            38.856781
                        ],
                        [
                            -121.274009,
                            38.856894
                        ],
                        [
                            -121.273995,
                            38.856888
                        ],
                        [
                            -121.273938,
                            38.856866
                        ],
                        [
                            -121.273855,
                            38.856834
                        ],
                        [
                            -121.272009,
                            38.856117
                        ],
                        [
                            -121.271656,
                            38.855803
                        ],
                        [
                            -121.271087,
                            38.855323
                        ],
                        [
                            -121.269743,
                            38.853998
                        ],
                        [
                            -121.268562,
                            38.852822
                        ],
                        [
                            -121.267851,
                            38.852381
                        ],
                        [
                            -121.266802,
                            38.85201
                        ],
                        [
                            -121.26549,
                            38.851727
                        ],
                        [
                            -121.263504,
                            38.85161
                        ],
                        [
                            -121.262864,
                            38.851568
                        ],
                        [
                            -121.261541,
                            38.851758
                        ],
                        [
                            -121.261122,
                            38.8508
                        ],
                        [
                            -121.261142,
                            38.848988
                        ],
                        [
                            -121.259416,
                            38.848983
                        ],
                        [
                            -121.257486,
                            38.849188
                        ],
                        [
                            -121.256009,
                            38.849444
                        ],
                        [
                            -121.251731,
                            38.849606
                        ],
                        [
                            -121.250203,
                            38.849745
                        ],
                        [
                            -121.24935,
                            38.850022
                        ],
                        [
                            -121.248978,
                            38.850278
                        ],
                        [
                            -121.248362,
                            38.850703
                        ],
                        [
                            -121.247719,
                            38.851621
                        ],
                        [
                            -121.247263,
                            38.852885
                        ],
                        [
                            -121.247418,
                            38.853643
                        ],
                        [
                            -121.247727,
                            38.854227
                        ],
                        [
                            -121.248959,
                            38.855829
                        ],
                        [
                            -121.249827,
                            38.857119
                        ],
                        [
                            -121.250591,
                            38.860081
                        ],
                        [
                            -121.251081,
                            38.861274
                        ],
                        [
                            -121.252127,
                            38.862721
                        ],
                        [
                            -121.252392,
                            38.863115
                        ],
                        [
                            -121.252906,
                            38.863882
                        ],
                        [
                            -121.250982,
                            38.864802
                        ],
                        [
                            -121.249653,
                            38.865207
                        ],
                        [
                            -121.248588,
                            38.865268
                        ],
                        [
                            -121.247021,
                            38.865165
                        ],
                        [
                            -121.246158,
                            38.865106
                        ],
                        [
                            -121.245852,
                            38.865085
                        ],
                        [
                            -121.243674,
                            38.864938
                        ],
                        [
                            -121.243571,
                            38.864932
                        ],
                        [
                            -121.242345,
                            38.864849
                        ],
                        [
                            -121.241177,
                            38.86477
                        ],
                        [
                            -121.241109,
                            38.864765
                        ],
                        [
                            -121.240615,
                            38.864735
                        ],
                        [
                            -121.240521,
                            38.864734
                        ],
                        [
                            -121.240447,
                            38.864734
                        ],
                        [
                            -121.24028,
                            38.864739
                        ],
                        [
                            -121.23995,
                            38.864763
                        ],
                        [
                            -121.239629,
                            38.864809
                        ],
                        [
                            -121.239472,
                            38.86484
                        ],
                        [
                            -121.239317,
                            38.864877
                        ],
                        [
                            -121.239163,
                            38.86492
                        ],
                        [
                            -121.239013,
                            38.864967
                        ],
                        [
                            -121.238863,
                            38.865021
                        ],
                        [
                            -121.238716,
                            38.865079
                        ],
                        [
                            -121.238608,
                            38.865127
                        ],
                        [
                            -121.238573,
                            38.865143
                        ],
                        [
                            -121.238452,
                            38.865206
                        ],
                        [
                            -121.238301,
                            38.865284
                        ],
                        [
                            -121.238049,
                            38.865439
                        ],
                        [
                            -121.238036,
                            38.865448
                        ],
                        [
                            -121.237478,
                            38.865867
                        ],
                        [
                            -121.237008,
                            38.866243
                        ],
                        [
                            -121.236731,
                            38.866465
                        ],
                        [
                            -121.2366,
                            38.866555
                        ],
                        [
                            -121.236462,
                            38.866634
                        ],
                        [
                            -121.236348,
                            38.866687
                        ],
                        [
                            -121.236318,
                            38.866702
                        ],
                        [
                            -121.236169,
                            38.86676
                        ],
                        [
                            -121.236074,
                            38.86679
                        ],
                        [
                            -121.236017,
                            38.866808
                        ],
                        [
                            -121.235864,
                            38.866845
                        ],
                        [
                            -121.235848,
                            38.866847
                        ],
                        [
                            -121.235708,
                            38.866871
                        ],
                        [
                            -121.235553,
                            38.86689
                        ],
                        [
                            -121.2354,
                            38.866898
                        ],
                        [
                            -121.23525,
                            38.866896
                        ],
                        [
                            -121.235152,
                            38.866889
                        ],
                        [
                            -121.235101,
                            38.866886
                        ],
                        [
                            -121.23496,
                            38.866862
                        ],
                        [
                            -121.234921,
                            38.866863
                        ],
                        [
                            -121.234176,
                            38.866734
                        ],
                        [
                            -121.233521,
                            38.866622
                        ],
                        [
                            -121.233254,
                            38.866584
                        ],
                        [
                            -121.233123,
                            38.866576
                        ],
                        [
                            -121.232994,
                            38.866576
                        ],
                        [
                            -121.232865,
                            38.866585
                        ],
                        [
                            -121.232739,
                            38.866601
                        ],
                        [
                            -121.232613,
                            38.866625
                        ],
                        [
                            -121.23249,
                            38.866656
                        ],
                        [
                            -121.232429,
                            38.866676
                        ],
                        [
                            -121.232375,
                            38.866694
                        ],
                        [
                            -121.232155,
                            38.866785
                        ],
                        [
                            -121.232058,
                            38.866839
                        ],
                        [
                            -121.231984,
                            38.866892
                        ],
                        [
                            -121.231898,
                            38.866955
                        ],
                        [
                            -121.231833,
                            38.86701
                        ],
                        [
                            -121.231774,
                            38.867068
                        ],
                        [
                            -121.231553,
                            38.867321
                        ]
                    ]
                ]
            },
            "properties": {
                "OBJECTID": "",
                "DISTRICT": "4",
                "DISTNUM": 4,
                "ELECTED": "Richard Pearl",
                "URL": "https://storymaps.arcgis.com/stories/d252e988fb7e492bbeaa9f1a127624ab#ref-n-YOMmDJ",
                "Shape__Area": 187669078.7314453,
                "Shape__Length": 68476.05447777412
            },
            "id": 4
        },
        {
            "type": "Feature",
            "geometry": {
                "type": "Polygon",
                "coordinates": [
                    [
                        [
                            -121.227712,
                            38.857868
                        ],
                        [
                            -121.227724,
                            38.857974
                        ],
                        [
                            -121.22779,
                            38.858131
                        ],
                        [
                            -121.227899,
                            38.858293
                        ],
                        [
                            -121.227928,
                            38.858336
                        ],
                        [
                            -121.228201,
                            38.858736
                        ],
                        [
                            -121.228567,
                            38.859276
                        ],
                        [
                            -121.228618,
                            38.859404
                        ],
                        [
                            -121.228594,
                            38.859462
                        ],
                        [
                            -121.228423,
                            38.85964
                        ],
                        [
                            -121.227938,
                            38.860147
                        ],
                        [
                            -121.227903,
                            38.86026
                        ],
                        [
                            -121.227872,
                            38.860537
                        ],
                        [
                            -121.227915,
                            38.860733
                        ],
                        [
                            -121.228001,
                            38.860895
                        ],
                        [
                            -121.228268,
                            38.861181
                        ],
                        [
                            -121.22829,
                            38.861204
                        ],
                        [
                            -121.228348,
                            38.861218
                        ],
                        [
                            -121.22874,
                            38.861311
                        ],
                        [
                            -121.228729,
                            38.861936
                        ],
                        [
                            -121.2287,
                            38.864265
                        ],
                        [
                            -121.228698,
                            38.864489
                        ],
                        [
                            -121.228695,
                            38.864618
                        ],
                        [
                            -121.228694,
                            38.864712
                        ],
                        [
                            -121.231892,
                            38.866355
                        ],
                        [
                            -121.232265,
                            38.866574
                        ],
                        [
                            -121.232429,
                            38.866676
                        ],
                        [
                            -121.23249,
                            38.866656
                        ],
                        [
                            -121.232613,
                            38.866625
                        ],
                        [
                            -121.232739,
                            38.866601
                        ],
                        [
                            -121.232865,
                            38.866585
                        ],
                        [
                            -121.232994,
                            38.866576
                        ],
                        [
                            -121.233123,
                            38.866576
                        ],
                        [
                            -121.233254,
                            38.866584
                        ],
                        [
                            -121.233521,
                            38.866622
                        ],
                        [
                            -121.234176,
                            38.866734
                        ],
                        [
                            -121.234921,
                            38.866863
                        ],
                        [
                            -121.23496,
                            38.866862
                        ],
                        [
                            -121.235101,
                            38.866886
                        ],
                        [
                            -121.235152,
                            38.866889
                        ],
                        [
                            -121.23525,
                            38.866896
                        ],
                        [
                            -121.2354,
                            38.866898
                        ],
                        [
                            -121.235553,
                            38.86689
                        ],
                        [
                            -121.235708,
                            38.866871
                        ],
                        [
                            -121.235848,
                            38.866847
                        ],
                        [
                            -121.235864,
                            38.866845
                        ],
                        [
                            -121.236017,
                            38.866808
                        ],
                        [
                            -121.236074,
                            38.86679
                        ],
                        [
                            -121.236169,
                            38.86676
                        ],
                        [
                            -121.236318,
                            38.866702
                        ],
                        [
                            -121.236348,
                            38.866687
                        ],
                        [
                            -121.236462,
                            38.866634
                        ],
                        [
                            -121.2366,
                            38.866555
                        ],
                        [
                            -121.236731,
                            38.866465
                        ],
                        [
                            -121.237008,
                            38.866243
                        ],
                        [
                            -121.237478,
                            38.865867
                        ],
                        [
                            -121.238036,
                            38.865448
                        ],
                        [
                            -121.238049,
                            38.865439
                        ],
                        [
                            -121.238301,
                            38.865284
                        ],
                        [
                            -121.238452,
                            38.865206
                        ],
                        [
                            -121.238573,
                            38.865143
                        ],
                        [
                            -121.238608,
                            38.865127
                        ],
                        [
                            -121.238716,
                            38.865079
                        ],
                        [
                            -121.238863,
                            38.865021
                        ],
                        [
                            -121.239013,
                            38.864967
                        ],
                        [
                            -121.239163,
                            38.86492
                        ],
                        [
                            -121.239317,
                            38.864877
                        ],
                        [
                            -121.239472,
                            38.86484
                        ],
                        [
                            -121.239629,
                            38.864809
                        ],
                        [
                            -121.23995,
                            38.864763
                        ],
                        [
                            -121.24028,
                            38.864739
                        ],
                        [
                            -121.240447,
                            38.864734
                        ],
                        [
                            -121.240521,
                            38.864734
                        ],
                        [
                            -121.240615,
                            38.864735
                        ],
                        [
                            -121.241109,
                            38.864765
                        ],
                        [
                            -121.241177,
                            38.86477
                        ],
                        [
                            -121.242345,
                            38.864849
                        ],
                        [
                            -121.243571,
                            38.864932
                        ],
                        [
                            -121.243674,
                            38.864938
                        ],
                        [
                            -121.245852,
                            38.865085
                        ],
                        [
                            -121.246158,
                            38.865106
                        ],
                        [
                            -121.247021,
                            38.865165
                        ],
                        [
                            -121.248588,
                            38.865268
                        ],
                        [
                            -121.249653,
                            38.865207
                        ],
                        [
                            -121.250982,
                            38.864802
                        ],
                        [
                            -121.252906,
                            38.863882
                        ],
                        [
                            -121.252392,
                            38.863115
                        ],
                        [
                            -121.252127,
                            38.862721
                        ],
                        [
                            -121.251081,
                            38.861274
                        ],
                        [
                            -121.250591,
                            38.860081
                        ],
                        [
                            -121.249827,
                            38.857119
                        ],
                        [
                            -121.248959,
                            38.855829
                        ],
                        [
                            -121.247727,
                            38.854227
                        ],
                        [
                            -121.247418,
                            38.853643
                        ],
                        [
                            -121.247263,
                            38.852885
                        ],
                        [
                            -121.247719,
                            38.851621
                        ],
                        [
                            -121.248362,
                            38.850703
                        ],
                        [
                            -121.248978,
                            38.850278
                        ],
                        [
                            -121.24935,
                            38.850022
                        ],
                        [
                            -121.250203,
                            38.849745
                        ],
                        [
                            -121.251731,
                            38.849606
                        ],
                        [
                            -121.256009,
                            38.849444
                        ],
                        [
                            -121.257486,
                            38.849188
                        ],
                        [
                            -121.259416,
                            38.848983
                        ],
                        [
                            -121.261142,
                            38.848988
                        ],
                        [
                            -121.261122,
                            38.8508
                        ],
                        [
                            -121.261541,
                            38.851758
                        ],
                        [
                            -121.262864,
                            38.851568
                        ],
                        [
                            -121.263504,
                            38.85161
                        ],
                        [
                            -121.26549,
                            38.851727
                        ],
                        [
                            -121.266802,
                            38.85201
                        ],
                        [
                            -121.267851,
                            38.852381
                        ],
                        [
                            -121.268562,
                            38.852822
                        ],
                        [
                            -121.269743,
                            38.853998
                        ],
                        [
                            -121.271087,
                            38.855323
                        ],
                        [
                            -121.271656,
                            38.855803
                        ],
                        [
                            -121.272009,
                            38.856117
                        ],
                        [
                            -121.273855,
                            38.856834
                        ],
                        [
                            -121.273938,
                            38.856866
                        ],
                        [
                            -121.273995,
                            38.856888
                        ],
                        [
                            -121.274009,
                            38.856894
                        ],
                        [
                            -121.274064,
                            38.856781
                        ],
                        [
                            -121.274265,
                            38.856528
                        ],
                        [
                            -121.274508,
                            38.856255
                        ],
                        [
                            -121.274836,
                            38.855948
                        ],
                        [
                            -121.275166,
                            38.855673
                        ],
                        [
                            -121.275436,
                            38.855494
                        ],
                        [
                            -121.275702,
                            38.855332
                        ],
                        [
                            -121.27605,
                            38.855148
                        ],
                        [
                            -121.276262,
                            38.855062
                        ],
                        [
                            -121.276752,
                            38.85489
                        ],
                        [
                            -121.277401,
                            38.854712
                        ],
                        [
                            -121.277991,
                            38.854625
                        ],
                        [
                            -121.278237,
                            38.854605
                        ],
                        [
                            -121.278913,
                            38.854615
                        ],
                        [
                            -121.279196,
                            38.854622
                        ],
                        [
                            -121.280544,
                            38.854767
                        ],
                        [
                            -121.281301,
                            38.85481
                        ],
                        [
                            -121.281735,
                            38.854824
                        ],
                        [
                            -121.281939,
                            38.85483
                        ],
                        [
                            -121.282484,
                            38.85487
                        ],
                        [
                            -121.282864,
                            38.854931
                        ],
                        [
                            -121.282966,
                            38.854942
                        ],
                        [
                            -121.283117,
                            38.854951
                        ],
                        [
                            -121.283442,
                            38.854947
                        ],
                        [
                            -121.284031,
                            38.85489
                        ],
                        [
                            -121.284144,
                            38.854887
                        ],
                        [
                            -121.284433,
                            38.854892
                        ],
                        [
                            -121.284433,
                            38.858379
                        ],
                        [
                            -121.284434,
                            38.859807
                        ],
                        [
                            -121.284429,
                            38.86032
                        ],
                        [
                            -121.284436,
                            38.862207
                        ],
                        [
                            -121.284461,
                            38.862712
                        ],
                        [
                            -121.284475,
                            38.863011
                        ],
                        [
                            -121.284533,
                            38.86333
                        ],
                        [
                            -121.28459,
                            38.863644
                        ],
                        [
                            -121.284646,
                            38.863793
                        ],
                        [
                            -121.284761,
                            38.864092
                        ],
                        [
                            -121.285002,
                            38.864592
                        ],
                        [
                            -121.285254,
                            38.865018
                        ],
                        [
                            -121.285621,
                            38.865498
                        ],
                        [
                            -121.286072,
                            38.865952
                        ],
                        [
                            -121.286348,
                            38.866192
                        ],
                        [
                            -121.286706,
                            38.866503
                        ],
                        [
                            -121.287263,
                            38.866875
                        ],
                        [
                            -121.287858,
                            38.867196
                        ],
                        [
                            -121.288405,
                            38.867491
                        ],
                        [
                            -121.288448,
                            38.867517
                        ],
                        [
                            -121.288641,
                            38.867634
                        ],
                        [
                            -121.289961,
                            38.868329
                        ],
                        [
                            -121.290436,
                            38.868605
                        ],
                        [
                            -121.29052,
                            38.868657
                        ],
                        [
                            -121.290612,
                            38.868707
                        ],
                        [
                            -121.290858,
                            38.86885
                        ],
                        [
                            -121.291339,
                            38.869181
                        ],
                        [
                            -121.291408,
                            38.869237
                        ],
                        [
                            -121.29149,
                            38.869306
                        ],
                        [
                            -121.291568,
                            38.86937
                        ],
                        [
                            -121.291592,
                            38.86939
                        ],
                        [
                            -121.291809,
                            38.869571
                        ],
                        [
                            -121.291867,
                            38.869619
                        ],
                        [
                            -121.292185,
                            38.869958
                        ],
                        [
                            -121.292467,
                            38.870246
                        ],
                        [
                            -121.292688,
                            38.870471
                        ],
                        [
                            -121.293121,
                            38.870913
                        ],
                        [
                            -121.293239,
                            38.871034
                        ],
                        [
                            -121.293613,
                            38.871432
                        ],
                        [
                            -121.293971,
                            38.87177
                        ],
                        [
                            -121.294474,
                            38.872185
                        ],
                        [
                            -121.29456,
                            38.872256
                        ],
                        [
                            -121.294865,
                            38.872427
                        ],
                        [
                            -121.296724,
                            38.873542
                        ],
                        [
                            -121.297726,
                            38.87398
                        ],
                        [
                            -121.29806,
                            38.87409
                        ],
                        [
                            -121.297598,
                            38.875197
                        ],
                        [
                            -121.296704,
                            38.877338
                        ],
                        [
                            -121.296151,
                            38.878674
                        ],
                        [
                            -121.295903,
                            38.879274
                        ],
                        [
                            -121.295672,
                            38.879835
                        ],
                        [
                            -121.295878,
                            38.879869
                        ],
                        [
                            -121.297425,
                            38.880113
                        ],
                        [
                            -121.298857,
                            38.880082
                        ],
                        [
                            -121.299634,
                            38.879928
                        ],
                        [
                            -121.300627,
                            38.87962
                        ],
                        [
                            -121.301582,
                            38.879012
                        ],
                        [
                            -121.301982,
                            38.878704
                        ],
                        [
                            -121.302514,
                            38.878066
                        ],
                        [
                            -121.302858,
                            38.877367
                        ],
                        [
                            -121.303034,
                            38.876759
                        ],
                        [
                            -121.303487,
                            38.875692
                        ],
                        [
                            -121.304271,
                            38.875822
                        ],
                        [
                            -121.305022,
                            38.87604
                        ],
                        [
                            -121.305223,
                            38.876108
                        ],
                        [
                            -121.305882,
                            38.876331
                        ],
                        [
                            -121.306158,
                            38.87604
                        ],
                        [
                            -121.306444,
                            38.875505
                        ],
                        [
                            -121.306497,
                            38.875091
                        ],
                        [
                            -121.306402,
                            38.874498
                        ],
                        [
                            -121.306163,
                            38.874095
                        ],
                        [
                            -121.305688,
                            38.873698
                        ],
                        [
                            -121.305675,
                            38.873687
                        ],
                        [
                            -121.305206,
                            38.873457
                        ],
                        [
                            -121.304702,
                            38.873294
                        ],
                        [
                            -121.304397,
                            38.873203
                        ],
                        [
                            -121.304802,
                            38.872554
                        ],
                        [
                            -121.305399,
                            38.871887
                        ],
                        [
                            -121.306247,
                            38.871309
                        ],
                        [
                            -121.306695,
                            38.871004
                        ],
                        [
                            -121.307463,
                            38.870422
                        ],
                        [
                            -121.304365,
                            38.86767
                        ],
                        [
                            -121.303498,
                            38.8668
                        ],
                        [
                            -121.30327,
                            38.866549
                        ],
                        [
                            -121.301953,
                            38.865097
                        ],
                        [
                            -121.301858,
                            38.864956
                        ],
                        [
                            -121.301608,
                            38.864583
                        ],
                        [
                            -121.301798,
                            38.864171
                        ],
                        [
                            -121.301932,
                            38.864388
                        ],
                        [
                            -121.302035,
                            38.864531
                        ],
                        [
                            -121.302404,
                            38.863647
                        ],
                        [
                            -121.303685,
                            38.860509
                        ],
                        [
                            -121.303917,
                            38.859942
                        ],
                        [
                            -121.304595,
                            38.858283
                        ],
                        [
                            -121.305035,
                            38.857219
                        ],
                        [
                            -121.305022,
                            38.85712
                        ],
                        [
                            -121.304965,
                            38.857118
                        ],
                        [
                            -121.305391,
                            38.856003
                        ],
                        [
                            -121.305904,
                            38.854848
                        ],
                        [
                            -121.306131,
                            38.854324
                        ],
                        [
                            -121.306299,
                            38.85382
                        ],
                        [
                            -121.306467,
                            38.853247
                        ],
                        [
                            -121.306596,
                            38.852723
                        ],
                        [
                            -121.306724,
                            38.852239
                        ],
                        [
                            -121.306863,
                            38.85121
                        ],
                        [
                            -121.306961,
                            38.850159
                        ],
                        [
                            -121.307004,
                            38.849455
                        ],
                        [
                            -121.307029,
                            38.848208
                        ],
                        [
                            -121.307055,
                            38.847411
                        ],
                        [
                            -121.307031,
                            38.846601
                        ],
                        [
                            -121.307038,
                            38.844887
                        ],
                        [
                            -121.307038,
                            38.842649
                        ],
                        [
                            -121.307097,
                            38.842648
                        ],
                        [
                            -121.307095,
                            38.840199
                        ],
                        [
                            -121.307111,
                            38.839117
                        ],
                        [
                            -121.306948,
                            38.839116
                        ],
                        [
                            -121.306179,
                            38.839114
                        ],
                        [
                            -121.305198,
                            38.839131
                        ],
                        [
                            -121.302749,
                            38.839167
                        ],
                        [
                            -121.30275,
                            38.839124
                        ],
                        [
                            -121.300253,
                            38.839102
                        ],
                        [
                            -121.300248,
                            38.839185
                        ],
                        [
                            -121.300101,
                            38.839185
                        ],
                        [
                            -121.299735,
                            38.839187
                        ],
                        [
                            -121.299508,
                            38.839187
                        ],
                        [
                            -121.299273,
                            38.83919
                        ],
                        [
                            -121.299253,
                            38.839161
                        ],
                        [
                            -121.292438,
                            38.839167
                        ],
                        [
                            -121.290654,
                            38.839168
                        ],
                        [
                            -121.290655,
                            38.839241
                        ],
                        [
                            -121.282629,
                            38.839281
                        ],
                        [
                            -121.28002,
                            38.839261
                        ],
                        [
                            -121.266122,
                            38.839215
                        ],
                        [
                            -121.265291,
                            38.839196
                        ],
                        [
                            -121.264707,
                            38.839196
                        ],
                        [
                            -121.256253,
                            38.839206
                        ],
                        [
                            -121.247071,
                            38.839218
                        ],
                        [
                            -121.246089,
                            38.839216
                        ],
                        [
                            -121.243146,
                            38.839211
                        ],
                        [
                            -121.242165,
                            38.83921
                        ],
                        [
                            -121.240266,
                            38.839205
                        ],
                        [
                            -121.234571,
                            38.83919
                        ],
                        [
                            -121.232673,
                            38.839185
                        ],
                        [
                            -121.231659,
                            38.839162
                        ],
                        [
                            -121.231403,
                            38.839157
                        ],
                        [
                            -121.231431,
                            38.84099
                        ],
                        [
                            -121.231493,
                            38.845248
                        ],
                        [
                            -121.231474,
                            38.848566
                        ],
                        [
                            -121.231461,
                            38.849955
                        ],
                        [
                            -121.231465,
                            38.851409
                        ],
                        [
                            -121.231479,
                            38.852479
                        ],
                        [
                            -121.231567,
                            38.852478
                        ],
                        [
                            -121.231566,
                            38.854073
                        ],
                        [
                            -121.231566,
                            38.854672
                        ],
                        [
                            -121.231517,
                            38.854684
                        ],
                        [
                            -121.230828,
                            38.855068
                        ],
                        [
                            -121.22942,
                            38.855837
                        ],
                        [
                            -121.228822,
                            38.856159
                        ],
                        [
                            -121.228506,
                            38.856553
                        ],
                        [
                            -121.228234,
                            38.85689
                        ],
                        [
                            -121.22783,
                            38.857394
                        ],
                        [
                            -121.227712,
                            38.857868
                        ]
                    ]
                ]
            },
            "properties": {
                "OBJECTID": "",
                "DISTRICT": "5",
                "DISTNUM": 5,
                "ELECTED": "Whitney Eklund",
                "URL": "https://storymaps.arcgis.com/stories/d252e988fb7e492bbeaa9f1a127624ab#ref-n-GTCAat",
                "Shape__Area": 174856382.23632812,
                "Shape__Length": 86983.3676786819
            },
            "id": 5
        }
    ]
}