{"type":"FeatureCollection","crs":{"type":"name","properties":{"name":"EPSG:4326"}},"features":[{"type":"Feature","id":1,"properties":{"DISTRICT":1,"POPULATION":18534},"geometry":{"coordinates":[[[-121.06543599999996,39.006533],[-121.065368,39.006545],[-121.06521499999997,39.00662599999999],[-121.06501599999999,39.006775],[-121.06467000000002,39.007447],[-121.06463499999998,39.007512],[-121.06459899999999,39.00757699999999],[-121.06356000000001,39.008652],[-121.06338999999997,39.00881999999999],[-121.06318799999998,39.008958],[-121.06287499999998,39.009077],[-121.06248799999999,39.009258],[-121.062382,39.009302999999996],[-121.062219,39.009371],[-121.06216400000001,39.00946],[-121.06217899999997,39.009543],[-121.06222699999998,39.009737],[-121.062108,39.009841],[-121.06193200000001,39.009999],[-121.06165299999999,39.010132999999996],[-121.06142499999999,39.01020799999999],[-121.06104000000002,39.01020499999999],[-121.06004199999997,39.010145],[-121.05983600000002,39.010132999999996],[-121.05946,39.010017],[-121.05933900000001,39.009993],[-121.05908699999998,39.009941999999995],[-121.05875500000002,39.009875],[-121.05832900000001,39.009806999999995],[-121.05824399999997,39.009794],[-121.058076,39.009767],[-121.05709699999997,39.010063],[-121.056664,39.010195],[-121.055539,39.01023699999999],[-121.054049,39.010300999999984],[-121.053869,39.01030899999999],[-121.05361900000001,39.01032],[-121.05303099999998,39.01038599999999],[-121.05293,39.010421],[-121.052175,39.010686],[-121.05160400000001,39.011092],[-121.05033799999997,39.011995999999996],[-121.050095,39.012167999999996],[-121.04937900000002,39.012675],[-121.04909699999999,39.01276099999999],[-121.04861999999999,39.012905],[-121.04814299999998,39.01304999999999],[-121.048069,39.013072],[-121.048029,39.013076999999996],[-121.04734899999998,39.01315699999999],[-121.04669599999997,39.013234999999995],[-121.045746,39.013251999999994],[-121.04518899999998,39.01326199999999],[-121.04404400000001,39.013374],[-121.04369699999997,39.013408999999996],[-121.04362000000002,39.01341699999999],[-121.04333500000001,39.01346899999999],[-121.041608,39.01379099999999],[-121.04126999999998,39.013997],[-121.04020900000002,39.01464500000001],[-121.039807,39.014889999999994],[-121.039148,39.015293],[-121.038158,39.01589799999999],[-121.03805900000002,39.015959],[-121.03732599999996,39.01673399999999],[-121.03701699999999,39.01755],[-121.037029,39.017655000000005],[-121.03703999999998,39.01776],[-121.037122,39.018521],[-121.037617,39.019633],[-121.03777,39.020232],[-121.03770599999999,39.020714000000005],[-121.03769399999997,39.02080500000001],[-121.037446,39.021002],[-121.03550799999998,39.02253],[-121.03338100000002,39.025164],[-121.03319900000001,39.02538899999999],[-121.03257700000002,39.02639],[-121.031069,39.027949],[-121.03081,39.029443],[-121.03009299999997,39.03036599999999],[-121.029985,39.030795999999995],[-121.02994699999999,39.03096],[-121.02991100000001,39.031009],[-121.02991100000001,39.03103099999999],[-121.02989699999998,39.03123900000001],[-121.029544,39.032226],[-121.029457,39.032576],[-121.02950599999998,39.032714000000006],[-121.029504,39.032824],[-121.029439,39.03297500000001],[-121.02940899999999,39.033131999999995],[-121.02946499999997,39.033806999999996],[-121.029661,39.034705],[-121.02967299999999,39.034986999999994],[-121.029865,39.035478000000005],[-121.03000299999997,39.035982],[-121.03009200000001,39.036333],[-121.030095,39.036432999999995],[-121.03009799999998,39.036485],[-121.030033,39.036629],[-121.030031,39.03671099999999],[-121.03010000000002,39.036774],[-121.030309,39.036927],[-121.030447,39.03706699999999],[-121.03039099999997,39.037211],[-121.030126,39.037421],[-121.029954,39.037604],[-121.029808,39.037803],[-121.02957599999998,39.037979],[-121.029306,39.038209],[-121.02901000000001,39.03842699999999],[-121.028681,39.03851900000001],[-121.02834299999999,39.038598],[-121.02775200000002,39.03866],[-121.02753900000002,39.038685],[-121.02715800000001,39.038791],[-121.02695300000002,39.038823],[-121.02667999999998,39.038813],[-121.026433,39.038797],[-121.02574799999998,39.038692000000005],[-121.02539500000002,39.038661],[-121.024596,39.038720000000005],[-121.02338999999999,39.038982],[-121.021993,39.039089999999995],[-121.021776,39.039165],[-121.02172600000002,39.039182999999994],[-121.02142000000002,39.03944099999999],[-121.021382,39.039565],[-121.02132199999997,39.039949],[-121.02131899999998,39.040803],[-121.021305,39.041456],[-121.021083,39.042348],[-121.020927,39.04301399999999],[-121.02073600000001,39.04474299999999],[-121.02058999999997,39.045345999999995],[-121.020404,39.045743],[-121.02015799999997,39.04609800000001],[-121.01978799999998,39.046451999999995],[-121.019278,39.04676899999999],[-121.018834,39.046895],[-121.018315,39.04703399999999],[-121.01793199999999,39.04717399999999],[-121.017648,39.04725299999999],[-121.017197,39.047295999999996],[-121.016466,39.047321],[-121.016417,39.04734299999999],[-121.015597,39.04739699999999],[-121.01500799999997,39.047424],[-121.01492899999998,39.047436000000005],[-121.014543,39.047499],[-121.01447699999997,39.047509999999996],[-121.01388400000002,39.047686],[-121.01308999999998,39.048061999999994],[-121.01279199999998,39.048268],[-121.012522,39.048656],[-121.01242500000001,39.048972],[-121.01240199999998,39.04917199999999],[-121.01244899999999,39.04938],[-121.01290899999998,39.050236000000005],[-121.01311800000002,39.050626],[-121.013158,39.050771999999995],[-121.01318699999999,39.05097899999999],[-121.01324599999997,39.051097999999996],[-121.013547,39.051413],[-121.01362900000001,39.051655999999994],[-121.01356000000001,39.05189],[-121.01332200000002,39.052161],[-121.01296200000002,39.05240399999999],[-121.01252400000001,39.052541],[-121.011883,39.05251],[-121.01142499999999,39.05246700000001],[-121.01115299999998,39.052358999999996],[-121.011015,39.052218999999994],[-121.01080400000001,39.051855999999994],[-121.01065,39.051680999999995],[-121.010405,39.051573],[-121.01012300000001,39.051527],[-121.00985800000001,39.051523],[-121.00904699999998,39.05170899999999],[-121.008779,39.051807999999994],[-121.00852800000001,39.051942],[-121.00830300000001,39.052054999999996],[-121.008185,39.05216299999999],[-121.00810699999998,39.052424],[-121.00808600000002,39.052667],[-121.008068,39.05287899999999],[-121.00807799999998,39.05330699999999],[-121.008106,39.05354899999999],[-121.00819699999998,39.053785000000005],[-121.00834800000001,39.05409800000001],[-121.00836199999999,39.05413699999999],[-121.008397,39.05423699999999],[-121.00839199999999,39.05440999999999],[-121.008286,39.055021999999994],[-121.008286,39.055332],[-121.00829600000002,39.05577399999999],[-121.008263,39.056305],[-121.00820399999998,39.056855999999996],[-121.008124,39.05715800000001],[-121.007977,39.057349],[-121.00733399999997,39.057731],[-121.00715199999999,39.057894],[-121.00699600000002,39.058148],[-121.00698499999999,39.058167],[-121.00686199999997,39.058475],[-121.006842,39.05886100000001],[-121.00692500000001,39.059373],[-121.00700300000001,39.05962999999999],[-121.00707499999999,39.05986599999999],[-121.007096,39.06037],[-121.007121,39.06072199999999],[-121.00710500000001,39.06098399999999],[-121.00707200000001,39.061218],[-121.006899,39.061395],[-121.006634,39.06148999999999],[-121.00653199999998,39.061527],[-121.005882,39.06169500000001],[-121.00520199999998,39.061787],[-121.00465,39.061915],[-121.004169,39.06199],[-121.00387600000002,39.06204700000001],[-121.00363399999999,39.06216],[-121.00330199999998,39.062306],[-121.00288399999998,39.062684999999995],[-121.00285300000002,39.06272499999999],[-121.00271899999997,39.06290299999999],[-121.00256899999998,39.063205],[-121.002467,39.06366499999999],[-121.00254499999997,39.06418399999999],[-121.002599,39.06446799999999],[-121.002824,39.06498199999999],[-121.003042,39.065421],[-121.00334899999999,39.065825999999994],[-121.00337899999998,39.06601299999999],[-121.00326,39.06647999999999],[-121.0031,39.066795],[-121.00288699999997,39.06715],[-121.002819,39.067335],[-121.002734,39.067534],[-121.00252599999999,39.067689],[-121.00231200000002,39.067768],[-121.001849,39.067857],[-121.00140500000002,39.067910999999995],[-121.001054,39.067931],[-121.000437,39.067899],[-120.999732,39.067863],[-120.99933,39.06791199999999],[-120.999006,39.067987],[-120.998415,39.068127],[-120.99735800000002,39.06805599999999],[-120.997132,39.068116],[-120.996942,39.068215],[-120.99668200000002,39.06844099999999],[-120.996499,39.06866599999999],[-120.9964,39.06897299999999],[-120.996394,39.069325],[-120.996408,39.06945100000001],[-120.996486,39.069621],[-120.99661999999998,39.06980800000001],[-120.996909,39.070021999999994],[-120.99705300000001,39.070078],[-120.99734499999997,39.070187],[-120.99775399999997,39.070285],[-120.99788099999998,39.070345999999994],[-120.998029,39.070483],[-120.99813599999999,39.070668],[-120.99816299999999,39.070713],[-120.998332,39.07118],[-120.99843199999997,39.071529000000005],[-120.998544,39.071916],[-120.998559,39.072048],[-120.998538,39.072114],[-120.99842500000001,39.072245],[-120.998207,39.072388],[-120.996721,39.073136],[-120.99668699999998,39.073149],[-120.99583999999999,39.073489],[-120.99554299999997,39.073607],[-120.99465400000001,39.07396200000001],[-120.994523,39.074015],[-120.99436399999999,39.074093],[-120.99392499999998,39.074307],[-120.99328399999999,39.074488],[-120.99291800000002,39.07464800000001],[-120.99255199999999,39.074939],[-120.99214999999998,39.075405999999994],[-120.991883,39.075658],[-120.99177700000001,39.07581199999999],[-120.99169300000001,39.07601499999999],[-120.991602,39.07644899999999],[-120.99160099999997,39.07646299999999],[-120.991588,39.076878],[-120.991658,39.077092],[-120.99170100000002,39.07714699999999],[-120.991898,39.077305999999986],[-120.99214499999997,39.077443],[-120.99242000000001,39.07753100000001],[-120.99294800000001,39.077657],[-120.99404700000001,39.07799099999999],[-120.99452700000002,39.078227],[-120.99486499999998,39.078458],[-120.99504100000001,39.078610999999995],[-120.99548599999997,39.079127],[-120.995669,39.079362999999994],[-120.99584500000002,39.07964299999999],[-120.99607799999997,39.080181],[-120.996114,39.08036800000001],[-120.996086,39.080643],[-120.99598699999999,39.080839999999995],[-120.995853,39.080999999999996],[-120.99565600000001,39.081132],[-120.99554299999997,39.08116999999999],[-120.995262,39.081230999999995],[-120.994388,39.081335],[-120.99414199999997,39.081379],[-120.993937,39.08145100000001],[-120.99343699999999,39.081676],[-120.99323300000002,39.08173699999999],[-120.99293699999998,39.08177],[-120.99193700000001,39.081814],[-120.99157900000002,39.081873],[-120.991408,39.081902],[-120.991028,39.08203399999999],[-120.99090100000001,39.08215499999999],[-120.99078900000002,39.082544999999996],[-120.99063399999997,39.082765],[-120.990197,39.083089],[-120.99001400000002,39.083303],[-120.989803,39.08366000000001],[-120.989226,39.08411599999999],[-120.988951,39.084495],[-120.98888000000001,39.084669],[-120.988867,39.084704],[-120.98861499999998,39.085166],[-120.98854299999999,39.085339999999995],[-120.98845099999998,39.085561],[-120.988473,39.08561000000001],[-120.988494,39.085863],[-120.98866999999998,39.086187],[-120.98872700000001,39.086456],[-120.98870600000001,39.086846],[-120.98853,39.08758699999999],[-120.98850100000001,39.087748999999995],[-120.98843899999999,39.088109],[-120.98848900000002,39.088866],[-120.98844699999997,39.089321999999996],[-120.98837,39.08972299999999],[-120.988299,39.089932],[-120.98797600000002,39.09049699999999],[-120.98773599999998,39.09108500000001],[-120.987603,39.091689],[-120.98758899999999,39.092205],[-120.987681,39.09291399999999],[-120.987681,39.093205],[-120.98761799999997,39.09385799999998],[-120.98766099999997,39.09435799999999],[-120.98773899999999,39.094825],[-120.987728,39.09507899999999],[-120.98772499999997,39.095171],[-120.98753499999998,39.095769],[-120.987225,39.096357],[-120.98709900000001,39.096654],[-120.98709900000001,39.09693399999999],[-120.987233,39.097318],[-120.98724900000002,39.09743099999999],[-120.987275,39.097609],[-120.98724000000001,39.097713],[-120.98702199999997,39.097944],[-120.98695899999997,39.098048],[-120.98690899999997,39.09816399999999],[-120.98685299999998,39.098416],[-120.98687999999999,39.09855699999999],[-120.986903,39.098668999999994],[-120.986987,39.09886099999999],[-120.987136,39.099053000000005],[-120.987545,39.099361],[-120.987848,39.09952],[-120.988038,39.099668],[-120.98820700000002,39.099843],[-120.98832700000001,39.10009600000001],[-120.98834099999999,39.100167],[-120.98828499999999,39.10048599999998],[-120.988194,39.100787999999994],[-120.988074,39.100891999999995],[-120.98790499999997,39.10097499999999],[-120.987419,39.101123],[-120.987399,39.101131],[-120.9872,39.101217],[-120.98700999999998,39.10137099999999],[-120.98672799999997,39.101645],[-120.98653800000001,39.101892],[-120.98650700000002,39.10197799999999],[-120.98634800000002,39.102234],[-120.98634399999997,39.102288],[-120.98632399999997,39.10265299999999],[-120.98652000000001,39.103328],[-120.986536,39.103379999999994],[-120.986744,39.103594],[-120.98675,39.10361],[-120.98676399999997,39.103629],[-120.986782,39.10363300000001],[-120.98679299999999,39.10364899999999],[-120.986998,39.104034],[-120.98733600000001,39.104533],[-120.98736999999996,39.104596],[-120.98768199999998,39.105169999999994],[-120.98801399999999,39.10569699999999],[-120.98812699999998,39.10593899999999],[-120.988155,39.10610299999999],[-120.98813399999999,39.106197],[-120.988092,39.106263],[-120.987887,39.106421999999995],[-120.98777500000001,39.10657],[-120.98767600000001,39.106829000000005],[-120.98769,39.10696],[-120.98775400000001,39.107103],[-120.98791600000001,39.107366999999996],[-120.987991,39.107538],[-120.988022,39.10760799999999],[-120.98819200000001,39.10816299999999],[-120.988227,39.10825599999999],[-120.98828300000001,39.108326999999996],[-120.98833300000001,39.10840999999999],[-120.988368,39.108525],[-120.988376,39.108591999999994],[-120.98866399999997,39.108748000000006],[-120.988898,39.10887499999999],[-120.98908100000001,39.108933],[-120.98946000000001,39.1093],[-120.989696,39.109529],[-120.98969300000002,39.10980899999999],[-120.98969300000002,39.109942000000004],[-120.98969,39.110354],[-120.98969399999997,39.11050300000001],[-120.989686,39.110645],[-120.989677,39.110814000000005],[-120.989684,39.11093199999999],[-120.98962400000002,39.11099099999999],[-120.989446,39.111169],[-120.98938699999998,39.11122900000001],[-120.98914600000002,39.111532999999994],[-120.98906599999998,39.111578],[-120.988717,39.111777],[-120.988139,39.111737000000005],[-120.98805799999998,39.111701999999994],[-120.98797600000002,39.111667],[-120.98789500000001,39.11163199999999],[-120.987719,39.111555],[-120.987677,39.111537],[-120.987603,39.11150500000001],[-120.98756400000002,39.111487999999994],[-120.987434,39.111324],[-120.987371,39.11124499999998],[-120.98730000000002,39.111156],[-120.98716300000001,39.111134],[-120.986858,39.111085],[-120.98653,39.111033000000006],[-120.98619200000002,39.110978],[-120.985854,39.11092399999999],[-120.98579499999997,39.110915],[-120.98521699999998,39.110725],[-120.984684,39.110551],[-120.98459199999996,39.110521],[-120.984432,39.110469],[-120.984315,39.11049299999999],[-120.984222,39.110513000000005],[-120.98396399999999,39.110567],[-120.983601,39.110644],[-120.983216,39.110789],[-120.982972,39.11090299999999],[-120.98278699999999,39.11089499999999],[-120.98223499999999,39.110872],[-120.98208700000002,39.110866],[-120.982056,39.11084799999999],[-120.98136700000002,39.110449],[-120.981188,39.11034599999999],[-120.98034299999999,39.11017300000001],[-120.97931499999997,39.11040199999999],[-120.97914099999997,39.110598],[-120.97899799999999,39.110761000000004],[-120.97874000000002,39.11127799999999],[-120.978698,39.111360000000005],[-120.978609,39.111540000000005],[-120.978532,39.111551000000006],[-120.978441,39.111566],[-120.97840899999997,39.11158900000001],[-120.97831499999998,39.111656999999994],[-120.97828400000002,39.11168099999999],[-120.978009,39.111768999999995],[-120.97798,39.111791],[-120.977811,39.111835000000006],[-120.977515,39.11192799999999],[-120.97726899999999,39.11205999999999],[-120.9771,39.112197],[-120.976895,39.112527],[-120.97677999999998,39.113093],[-120.97676200000001,39.11318],[-120.97667,39.113383],[-120.97645199999997,39.113536999999994],[-120.976184,39.113609],[-120.975853,39.11377400000001],[-120.97572600000001,39.113861],[-120.97558500000001,39.11404799999999],[-120.975557,39.114131],[-120.975571,39.114427],[-120.97578299999999,39.11505799999999],[-120.97579,39.115256],[-120.97572699999998,39.11550299999999],[-120.97555799999999,39.115899],[-120.97545200000002,39.116053],[-120.97527200000002,39.11624200000001],[-120.975114,39.116409999999995],[-120.97484600000001,39.11651400000001],[-120.97432400000001,39.11651400000001],[-120.97424000000001,39.116569],[-120.97414799999997,39.116706],[-120.97410599999998,39.116816],[-120.97399700000001,39.117526],[-120.973951,39.117826],[-120.973902,39.118824],[-120.973839,39.118972],[-120.973608,39.119284],[-120.97345999999997,39.119592],[-120.97336099999998,39.119690999999996],[-120.97317100000001,39.11980599999999],[-120.972932,39.11986699999999],[-120.972495,39.119933],[-120.97212199999997,39.120032],[-120.97184799999998,39.120048],[-120.971214,39.120026],[-120.97090499999997,39.120103],[-120.97055300000001,39.12029],[-120.970215,39.120647],[-120.97010299999998,39.12074],[-120.96873,39.121579999999994],[-120.96820999999997,39.121948],[-120.967984,39.122135],[-120.967886,39.122271],[-120.967605,39.122914],[-120.96750599999999,39.123296999999994],[-120.967492,39.123461999999996],[-120.96753500000001,39.123753],[-120.967746,39.12446999999999],[-120.967753,39.124579999999995],[-120.96783199999999,39.124888],[-120.967649,39.125186],[-120.96746600000002,39.12536399999999],[-120.96729800000001,39.12554299999999],[-120.96719999999998,39.125711],[-120.96709300000002,39.12597400000001],[-120.96704699999998,39.126160000000006],[-120.96703999999998,39.126282],[-120.96702499999999,39.126397],[-120.967017,39.126507],[-120.96697799999997,39.126675],[-120.96685699999999,39.12682],[-120.96666700000002,39.127025],[-120.966438,39.127219999999994],[-120.966279,39.127399],[-120.96621,39.127521],[-120.96614200000002,39.127834],[-120.96607999999998,39.127928],[-120.96576100000001,39.128207],[-120.96557099999997,39.128344],[-120.96535699999997,39.128434999999996],[-120.96509799999998,39.128523],[-120.96473999999999,39.128588],[-120.964321,39.128623],[-120.964008,39.128642],[-120.963643,39.128684],[-120.96336100000002,39.128733],[-120.962835,39.12888199999999],[-120.962553,39.128954],[-120.962172,39.129103],[-120.96174499999996,39.129263],[-120.96137199999998,39.129465999999994],[-120.96107499999998,39.12966],[-120.96062599999999,39.129999999999995],[-120.96045000000001,39.130152],[-120.96026000000002,39.130338],[-120.959872,39.130731],[-120.95920099999998,39.131277],[-120.95917700000001,39.13129],[-120.95896399999998,39.131461],[-120.95789799999999,39.13231900000001],[-120.95737199999999,39.13259599999999],[-120.955758,39.13272099999999],[-120.955437,39.132883],[-120.954065,39.13415],[-120.953948,39.134150999999996],[-120.953768,39.134097000000004],[-120.953545,39.134866],[-120.95353299999998,39.134899],[-120.95332599999998,39.135379],[-120.953261,39.135487999999995],[-120.95318499999998,39.135577],[-120.953134,39.135670999999995],[-120.95302700000002,39.13574100000001],[-120.95286499999999,39.135817],[-120.95278299999997,39.13586],[-120.95248699999999,39.136194],[-120.95214499999999,39.136683],[-120.95200999999999,39.13674999999999],[-120.951716,39.136897],[-120.95142100000001,39.137043999999996],[-120.9513,39.136992],[-120.95104199999999,39.13687300000001],[-120.950062,39.13644099999999],[-120.94952399999998,39.136964],[-120.949051,39.137582],[-120.94928199999997,39.138427],[-120.94946299999997,39.139087],[-120.94817,39.14064299999999],[-120.94801700000001,39.14128199999999],[-120.94813199999997,39.142394],[-120.94749,39.14339499999999],[-120.94615499999999,39.144369999999995],[-120.945917,39.14456299999999],[-120.945763,39.144687],[-120.944893,39.145393999999996],[-120.94432699999999,39.14549699999999],[-120.94396400000001,39.145346],[-120.94346,39.145136],[-120.94202700000001,39.144814],[-120.940527,39.145267],[-120.939914,39.145781],[-120.939581,39.146060999999996],[-120.93960100000001,39.147121],[-120.939608,39.147452],[-120.939614,39.147783],[-120.939881,39.147853999999995],[-120.94068499999997,39.14806999999999],[-120.94095299999998,39.148142],[-120.940687,39.148172],[-120.93989200000001,39.148264],[-120.93962800000001,39.148295999999995],[-120.939362,39.148613],[-120.93872599999999,39.14899199999999],[-120.938146,39.14933799999999],[-120.937611,39.15057],[-120.93690400000001,39.15139400000002],[-120.93637299999999,39.151739],[-120.936098,39.151821999999996],[-120.935684,39.151948],[-120.93148500000001,39.152965],[-120.93079899999996,39.153304],[-120.929933,39.15397599999999],[-120.93015799999998,39.154401],[-120.93122300000002,39.154978],[-120.931454,39.155104],[-120.93158400000002,39.155926],[-120.93056199999997,39.15652699999999],[-120.929836,39.15593],[-120.929495,39.155789],[-120.929116,39.155632],[-120.928736,39.155475],[-120.928241,39.15527],[-120.927548,39.155221999999995],[-120.92644199999997,39.15527500000001],[-120.926235,39.155706],[-120.926127,39.155934],[-120.92603499999998,39.156127],[-120.92526299999999,39.156845999999994],[-120.92381000000002,39.157104999999994],[-120.923368,39.157230999999996],[-120.923241,39.157636],[-120.92350099999999,39.15830299999999],[-120.92352399999997,39.158367],[-120.923834,39.158777],[-120.92451099999998,39.159671],[-120.92451000000001,39.15980299999999],[-120.924503,39.160849],[-120.92386800000001,39.161171],[-120.92319200000001,39.161158],[-120.922833,39.16115099999999],[-120.92217500000001,39.161328000000005],[-120.921954,39.161511999999995],[-120.92160400000002,39.161807],[-120.921299,39.162063],[-120.920994,39.162318],[-120.919709,39.162712],[-120.91938499999999,39.16273900000001],[-120.918377,39.162824],[-120.917269,39.163089],[-120.91699799999999,39.16315399999999],[-120.91678800000001,39.16315399999999],[-120.916201,39.163155],[-120.91537099999998,39.16301899999999],[-120.91405599999997,39.16347],[-120.91377599999998,39.163523],[-120.913718,39.163534],[-120.912871,39.16369399999999],[-120.91218799999999,39.163685],[-120.911788,39.163875],[-120.91124299999998,39.164035],[-120.910475,39.163915],[-120.910334,39.163854],[-120.909433,39.16346600000001],[-120.90854899999998,39.163751],[-120.90814700000001,39.16451899999999],[-120.90787000000002,39.165049999999994],[-120.907296,39.16529799999999],[-120.907209,39.165328],[-120.90628899999999,39.165641],[-120.906066,39.165978],[-120.90596700000002,39.166128],[-120.90605,39.166668],[-120.90611199999998,39.167192],[-120.906756,39.167622],[-120.90681399999998,39.16766],[-120.90864599999998,39.168485],[-120.90884399999999,39.168575],[-120.908935,39.16864799999999],[-120.90899600000002,39.16873499999999],[-120.90903499999999,39.168835],[-120.90904999999997,39.16894899999999],[-120.90904999999997,39.169136],[-120.909019,39.169329999999995],[-120.909019,39.169555],[-120.90904999999997,39.16975399999999],[-120.90904999999997,39.169914],[-120.90903499999999,39.170055],[-120.90899600000002,39.170173],[-120.90892,39.170218999999996],[-120.90880499999999,39.170269],[-120.908691,39.170299],[-120.90757999999998,39.170632],[-120.907089,39.17078],[-120.90657100000001,39.170963],[-120.90613500000002,39.171055],[-120.90579200000002,39.17114600000001],[-120.90558600000001,39.171223],[-120.905434,39.17128699999999],[-120.90529599999998,39.171364],[-120.905189,39.171455],[-120.90507499999998,39.17161899999999],[-120.90497600000002,39.17186],[-120.90492999999996,39.172039],[-120.9049,39.17227499999999],[-120.90483099999997,39.172737],[-120.904785,39.17286299999999],[-120.904717,39.172951],[-120.90460899999997,39.17300399999999],[-120.90444199999996,39.17305700000001],[-120.90426599999998,39.17309199999999],[-120.903945,39.17311899999999],[-120.90368600000001,39.173126],[-120.90347299999998,39.17312199999999],[-120.90325899999998,39.173137999999994],[-120.903099,39.173191],[-120.90301499999997,39.173266999999996],[-120.902786,39.173393],[-120.90225999999998,39.173729],[-120.902069,39.173770999999995],[-120.90192399999997,39.17379],[-120.90161099999999,39.17380899999999],[-120.90127499999997,39.173816],[-120.90101599999998,39.17383199999999],[-120.900795,39.17387399999999],[-120.90056600000001,39.173966],[-120.90035999999998,39.17406799999999],[-120.90008500000002,39.17428999999999],[-120.899955,39.174427],[-120.89987899999998,39.17452999999999],[-120.89958900000002,39.17505299999999],[-120.89949300000002,39.175176],[-120.899475,39.175201],[-120.89928400000001,39.175308],[-120.89911599999998,39.175369],[-120.898925,39.175460999999984],[-120.89810100000001,39.17587300000001],[-120.89784199999998,39.17605199999999],[-120.897583,39.176277],[-120.89736899999997,39.176434],[-120.89723900000001,39.176491],[-120.89712500000002,39.17652499999999],[-120.89694200000001,39.176567],[-120.896736,39.176582],[-120.89655199999999,39.176567],[-120.896487,39.176565],[-120.89612500000001,39.176556],[-120.89601100000002,39.176537],[-120.89587300000001,39.176506],[-120.89570800000001,39.176404],[-120.89552,39.176309999999994],[-120.895295,39.17616700000001],[-120.89509200000002,39.17604699999999],[-120.89485200000001,39.175877],[-120.89481300000001,39.17585100000001],[-120.89466099999997,39.175723],[-120.89440799999998,39.175585],[-120.894208,39.17550299999999],[-120.893971,39.175484],[-120.893787,39.17548299999999],[-120.893502,39.175467000000005],[-120.893271,39.17540499999999],[-120.893149,39.175397],[-120.89299399999999,39.175423],[-120.89290999999999,39.175427],[-120.89280199999997,39.1754],[-120.89258800000002,39.175323],[-120.892503,39.175306],[-120.89239599999999,39.175299],[-120.89232700000001,39.17530299999999],[-120.89225099999999,39.175337000000006],[-120.89223400000002,39.17539399999999],[-120.89223400000002,39.175439999999995],[-120.89219699999997,39.175625],[-120.89218099999998,39.17570500000001],[-120.89215000000002,39.17602900000001],[-120.89202100000001,39.17656],[-120.891929,39.176686000000004],[-120.89186,39.176754],[-120.891768,39.17681900000001],[-120.89139499999997,39.177002],[-120.89131099999997,39.17704799999999],[-120.89121899999999,39.177078],[-120.89109500000002,39.17710399999999],[-120.89078400000001,39.17704799999999],[-120.890479,39.17693],[-120.890235,39.176852999999994],[-120.88965499999998,39.176735],[-120.889052,39.176624],[-120.88799899999997,39.176491],[-120.88786300000001,39.176468],[-120.887389,39.176491],[-120.88711399999997,39.176521],[-120.886862,39.176570999999996],[-120.886664,39.17665099999999],[-120.886451,39.176792],[-120.886245,39.17697900000001],[-120.88606900000002,39.17716600000001],[-120.88592399999997,39.17744100000001],[-120.885825,39.177712],[-120.88576400000001,39.177857],[-120.88566499999999,39.17802100000001],[-120.88553500000002,39.178135],[-120.88532899999998,39.178245999999994],[-120.885215,39.178295],[-120.88476399999999,39.178433],[-120.884528,39.178471],[-120.88423799999998,39.17849399999999],[-120.883941,39.17849799999999],[-120.88333,39.178463],[-120.88304,39.178482],[-120.882842,39.178509],[-120.882559,39.17861599999999],[-120.88178899999998,39.178971],[-120.881644,39.179024],[-120.88155199999997,39.179047],[-120.88143099999999,39.179050999999994],[-120.88125499999998,39.179005],[-120.881019,39.178870999999994],[-120.88077399999999,39.178695999999995],[-120.88053,39.178539],[-120.88027800000002,39.178387],[-120.88014900000002,39.178299],[-120.880004,39.178188999999996],[-120.87992,39.17814299999999],[-120.879805,39.17812000000001],[-120.87964500000001,39.178097],[-120.8795,39.178101],[-120.879355,39.178139],[-120.87915200000002,39.17822499999999],[-120.87898899999999,39.178310999999994],[-120.87866799999999,39.178517],[-120.87855499999999,39.178559],[-120.87853100000001,39.178559],[-120.87689,39.178936],[-120.876593,39.179024],[-120.87631800000001,39.179097],[-120.876181,39.179139],[-120.87605099999999,39.17919200000001],[-120.87591399999997,39.17924899999999],[-120.87582199999999,39.17928],[-120.875311,39.179478],[-120.875128,39.17953199999999],[-120.87493000000002,39.179585],[-120.87485000000001,39.179601],[-120.87425800000001,39.179725999999995],[-120.87401500000001,39.17977199999999],[-120.87374,39.17982899999999],[-120.87356400000002,39.17987099999999],[-120.873351,39.179882],[-120.873152,39.179867],[-120.873015,39.179832999999995],[-120.87277800000001,39.179759999999995],[-120.87264900000001,39.179699],[-120.87258699999997,39.179642],[-120.872473,39.17957],[-120.872351,39.179474],[-120.872114,39.179352],[-120.871939,39.179303],[-120.87179400000001,39.179291],[-120.871664,39.179299],[-120.87129800000001,39.179393999999995],[-120.87111499999999,39.179447999999994],[-120.870939,39.179534999999994],[-120.87077899999998,39.17963499999999],[-120.870589,39.17974499999999],[-120.87031399999998,39.179909],[-120.870153,39.179974],[-120.869978,39.180028],[-120.86978,39.180133999999995],[-120.86955099999997,39.180240999999995],[-120.869345,39.180379],[-120.868849,39.180737],[-120.86874899999998,39.180871],[-120.868612,39.18108],[-120.86852099999997,39.181221],[-120.868452,39.18138199999999],[-120.86842099999998,39.181435],[-120.868368,39.18156900000001],[-120.86833799999998,39.181729],[-120.86833799999998,39.182053],[-120.86839199999999,39.182205999999994],[-120.86841399999997,39.182354],[-120.868453,39.18250700000001],[-120.86855899999999,39.18272799999999],[-120.86865799999997,39.18288499999999],[-120.86880299999999,39.183082999999996],[-120.868879,39.18322799999999],[-120.86897100000002,39.183358000000005],[-120.86909399999999,39.183518],[-120.86920800000001,39.183709],[-120.869315,39.183861],[-120.86952,39.184193],[-120.86958100000001,39.184357],[-120.86958899999999,39.184506],[-120.86958100000001,39.184574000000005],[-120.869543,39.1847],[-120.86949700000001,39.184807],[-120.86945099999998,39.18489099999999],[-120.869261,39.185162],[-120.869185,39.185235],[-120.86896299999998,39.185357],[-120.86887200000001,39.185390999999996],[-120.86864299999999,39.185456],[-120.868292,39.185512999999986],[-120.868071,39.185528],[-120.867873,39.185559],[-120.86770399999999,39.185573999999995],[-120.86749100000002,39.185615999999996],[-120.867339,39.185662],[-120.86727999999997,39.185711],[-120.867262,39.185727],[-120.86723900000001,39.185738],[-120.86720899999999,39.185788],[-120.867178,39.185864],[-120.867178,39.18594399999999],[-120.86723900000001,39.186111999999994],[-120.8673,39.18619199999999],[-120.86733799999999,39.186226999999995],[-120.867423,39.186326],[-120.86746799999997,39.18644],[-120.867514,39.186539],[-120.867514,39.186657],[-120.86749100000002,39.186764],[-120.86739200000001,39.18696699999999],[-120.867331,39.18705],[-120.86723200000002,39.18711499999999],[-120.867094,39.18719099999999],[-120.86678899999998,39.187324999999994],[-120.86667499999997,39.18736299999999],[-120.86653000000001,39.187382],[-120.86627799999998,39.187401],[-120.865988,39.187439],[-120.865751,39.187489],[-120.86550000000001,39.187561],[-120.86533200000001,39.18765299999999],[-120.86521799999998,39.187740999999995],[-120.86516399999998,39.18784],[-120.86514899999999,39.18794299999998],[-120.86516399999998,39.188046],[-120.86519400000002,39.188138],[-120.865279,39.18826399999999],[-120.86540799999997,39.188407999999995],[-120.86556099999997,39.188496],[-120.865721,39.18856499999999],[-120.86584299999998,39.188588],[-120.865988,39.188595],[-120.86624799999998,39.188614],[-120.866484,39.188637],[-120.86671300000002,39.18869800000001],[-120.86685800000001,39.188763],[-120.86697999999998,39.188878],[-120.867033,39.188976999999994],[-120.867056,39.189161999999996],[-120.867068,39.189248],[-120.867072,39.189271],[-120.86704099999999,39.189377],[-120.866988,39.189491999999994],[-120.866934,39.189579],[-120.866805,39.18967500000001],[-120.86662900000002,39.189769999999996],[-120.86643799999997,39.189831],[-120.86627799999998,39.189869],[-120.86609499999999,39.189892],[-120.86591200000001,39.189907999999996],[-120.865667,39.189911],[-120.86558400000001,39.18992299999999],[-120.86540799999997,39.18996899999999],[-120.86524799999998,39.190056000000006],[-120.865118,39.19014399999999],[-120.864988,39.190247],[-120.86474399999999,39.190503],[-120.864584,39.190621],[-120.864409,39.190701],[-120.86424800000002,39.190743],[-120.86411099999998,39.19077300000001],[-120.86389699999998,39.19077399999998],[-120.86371399999999,39.190743],[-120.863379,39.190723999999996],[-120.863142,39.190743],[-120.862989,39.190781],[-120.86286699999998,39.190830999999996],[-120.86276899999997,39.190906999999996],[-120.86263099999998,39.191098],[-120.86253199999997,39.19124999999999],[-120.862448,39.191422],[-120.86234100000001,39.191579],[-120.86223399999997,39.191681],[-120.86210499999999,39.191785],[-120.86202000000002,39.191838],[-120.86197500000002,39.191868],[-120.86194899999995,39.191881],[-120.86185200000001,39.191933],[-120.86150199999997,39.19205900000001],[-120.86128799999997,39.192173999999994],[-120.860998,39.19231899999999],[-120.860808,39.192475],[-120.860701,39.192647],[-120.86063199999997,39.19282599999999],[-120.86057900000002,39.193039999999996],[-120.86055800000001,39.193196],[-120.86076599999997,39.193525],[-120.86086699999998,39.193681999999995],[-120.860942,39.193799],[-120.86118099999997,39.194089],[-120.861305,39.194387000000006],[-120.861368,39.19482200000001],[-120.86127500000002,39.195064],[-120.861136,39.195199],[-120.861027,39.19530600000001],[-120.860628,39.195448],[-120.86060900000001,39.195458],[-120.860227,39.195598999999994],[-120.860052,39.195653],[-120.859938,39.195676999999996],[-120.859861,39.19569499999999],[-120.859434,39.195778],[-120.85919799999998,39.19585899999999],[-120.858992,39.195949999999996],[-120.858831,39.196061],[-120.85872399999998,39.196171],[-120.858458,39.19641899999999],[-120.85832799999997,39.196602999999996],[-120.85817100000001,39.19680399999999],[-120.85814499999998,39.196839],[-120.858007,39.197068],[-120.85793099999998,39.197205],[-120.85783200000002,39.197427],[-120.85782699999997,39.19744299999999],[-120.85774799999999,39.197678],[-120.85774799999999,39.197877],[-120.85774,39.198017],[-120.857771,39.198246999999995],[-120.857801,39.19854399999999],[-120.85783200000002,39.19870399999999],[-120.85787700000002,39.198868],[-120.85790099999998,39.19897499999999],[-120.85790900000002,39.199009999999994],[-120.85793099999998,39.19917399999999],[-120.857878,39.199287999999996],[-120.85784699999998,39.199338000000004],[-120.85770200000002,39.199444],[-120.85754999999999,39.19957399999999],[-120.857268,39.199719],[-120.8571,39.19986],[-120.857008,39.19997899999999],[-120.856954,39.20011600000001],[-120.856932,39.200265],[-120.85694,39.200393999999996],[-120.856954,39.200501],[-120.85700000000001,39.200604],[-120.857107,39.200715],[-120.85725200000002,39.200844],[-120.85738899999997,39.200925],[-120.85750399999999,39.20102],[-120.85761900000001,39.20116900000001],[-120.85767999999997,39.20132900000001],[-120.85769399999998,39.201462],[-120.85769399999998,39.201603],[-120.85766399999999,39.201729],[-120.857611,39.201882],[-120.85753400000002,39.202062],[-120.857428,39.202237],[-120.857344,39.20243899999999],[-120.857245,39.202588],[-120.85719199999998,39.202785],[-120.85716899999998,39.202949999999994],[-120.85718299999999,39.203114],[-120.857184,39.20326300000001],[-120.857161,39.203393],[-120.85713800000002,39.20348],[-120.857062,39.203568],[-120.85690099999998,39.203687],[-120.85677199999999,39.203797],[-120.856665,39.2039],[-120.85660399999999,39.20402599999999],[-120.856588,39.20411],[-120.85660399999999,39.204128999999995],[-120.856611,39.204163],[-120.856642,39.204236],[-120.85668799999999,39.204385],[-120.856741,39.204476],[-120.85680200000002,39.204537],[-120.85697799999997,39.204633],[-120.85706099999997,39.20469],[-120.85729799999997,39.204869],[-120.857458,39.204972],[-120.85763399999999,39.20507899999999],[-120.857794,39.205189000000004],[-120.85795400000002,39.205319],[-120.85808399999996,39.205472],[-120.85814499999998,39.20561699999999],[-120.85815999999998,39.205743],[-120.85813,39.20586399999999],[-120.858061,39.206078],[-120.85800799999997,39.206157999999995],[-120.85790900000002,39.206235],[-120.857794,39.20628399999999],[-120.85753500000001,39.206337],[-120.85735199999998,39.206357],[-120.85719899999998,39.206364],[-120.857024,39.206391],[-120.85681499999998,39.206441],[-120.856741,39.20645999999999],[-120.856527,39.20650199999999],[-120.856291,39.20656999999999],[-120.85613800000002,39.20662399999999],[-120.85573399999998,39.206715],[-120.855429,39.206841],[-120.85533,39.206921],[-120.855284,39.207009],[-120.8552,39.207122999999996],[-120.85513899999998,39.20726500000001],[-120.85507000000001,39.207566],[-120.85503999999999,39.207749],[-120.855032,39.207917],[-120.85499400000002,39.208214],[-120.854964,39.208531],[-120.854933,39.208672],[-120.85489499999998,39.208802],[-120.854819,39.20889699999999],[-120.854735,39.208969999999994],[-120.85462799999999,39.209008],[-120.85454400000002,39.209023],[-120.85441399999999,39.20903899999999],[-120.85430699999999,39.209038],[-120.85409399999999,39.209],[-120.85391799999998,39.20899299999999],[-120.853789,39.209019],[-120.85367400000001,39.20907999999999],[-120.85359000000001,39.209172],[-120.85354399999999,39.209275],[-120.853529,39.20936999999999],[-120.85354399999999,39.20947300000001],[-120.85364300000002,39.20963],[-120.85367400000001,39.20972100000001],[-120.85368899999999,39.20980899999999],[-120.85371900000001,39.20990799999999],[-120.853728,39.21006499999999],[-120.85372700000002,39.21019],[-120.85367400000001,39.210339],[-120.85359799999999,39.210407999999994],[-120.853513,39.21046900000001],[-120.853171,39.210606],[-120.85285000000002,39.210712999999984],[-120.852499,39.21089299999999],[-120.85239200000001,39.210984],[-120.85227799999998,39.21114],[-120.85219399999998,39.211265999999995],[-120.85204899999998,39.211556],[-120.851988,39.21170899999999],[-120.85191100000002,39.211835],[-120.851828,39.211937999999996],[-120.85171299999999,39.212033],[-120.85158399999999,39.212102],[-120.851431,39.212155],[-120.85133199999996,39.21217399999999],[-120.85116400000001,39.212197],[-120.85092699999998,39.21220499999999],[-120.850744,39.212193],[-120.85068399999997,39.212193],[-120.85053900000001,39.212201],[-120.85039299999997,39.212193],[-120.85020999999998,39.212208000000004],[-120.85005000000001,39.21223500000001],[-120.84972899999998,39.212391999999994],[-120.849592,39.212449],[-120.84930200000001,39.21261299999999],[-120.84918800000001,39.212689],[-120.848814,39.212903],[-120.84868099999998,39.212962],[-120.848593,39.213002],[-120.84836399999999,39.213089999999994],[-120.84812699999999,39.21312],[-120.847402,39.21335299999999],[-120.847234,39.213424999999994],[-120.84682199999999,39.213574],[-120.846662,39.21362],[-120.846349,39.213699999999996],[-120.84604399999999,39.213754],[-120.84576199999998,39.213765],[-120.84556400000001,39.213757],[-120.84541899999999,39.213731],[-120.845289,39.21368499999999],[-120.84519699999998,39.21363499999999],[-120.84511399999998,39.213555],[-120.84499900000002,39.213479],[-120.844869,39.213409999999996],[-120.84484899999998,39.213401999999995],[-120.84483100000001,39.213395000000006],[-120.84478000000001,39.21337400000001],[-120.84449800000002,39.213464],[-120.843626,39.21377999999999],[-120.84347400000001,39.21383599999999],[-120.842005,39.214673000000005],[-120.84148599999999,39.21507499999999],[-120.84058199999997,39.215099],[-120.84037000000001,39.215104],[-120.84019200000002,39.215109],[-120.84008099999998,39.215149],[-120.83922299999999,39.215459],[-120.83918999999999,39.21546899999999],[-120.83909399999997,39.215498],[-120.839063,39.21550899999999],[-120.83876399999998,39.215882],[-120.838546,39.216254],[-120.838246,39.21675100000001],[-120.838149,39.216847],[-120.837814,39.217186],[-120.83759800000001,39.217354],[-120.83695000000002,39.21748800000001],[-120.836216,39.21748800000001],[-120.83522300000001,39.217755999999994],[-120.83401400000001,39.21822499999999],[-120.833706,39.218491],[-120.83327899999998,39.218862],[-120.83238199999997,39.219428],[-120.83236800000002,39.21944],[-120.832327,39.21947899999999],[-120.83231400000001,39.219492],[-120.83230299999998,39.21950199999999],[-120.83226999999998,39.219533000000006],[-120.83225999999999,39.21954399999999],[-120.83213499999998,39.219695],[-120.831913,39.219967],[-120.83180899999999,39.219971],[-120.83167299999997,39.21991],[-120.831505,39.219834999999996],[-120.83149699999998,39.21982299999999],[-120.83143599999997,39.219742],[-120.83139299999998,39.219684],[-120.83119799999997,39.21979799999999],[-120.83111299999999,39.219849999999994],[-120.830953,39.219983],[-120.83090699999997,39.220048000000006],[-120.83086899999999,39.22020100000001],[-120.83082299999997,39.220418],[-120.830838,39.220617],[-120.83080099999998,39.220826],[-120.83073899999998,39.220906],[-120.83070100000002,39.220967],[-120.83060900000001,39.22107],[-120.830541,39.22117],[-120.83041900000002,39.221303],[-120.83021299999999,39.22145199999999],[-120.82999199999999,39.221582],[-120.82987000000001,39.22164699999999],[-120.82970899999998,39.22169199999999],[-120.82958700000002,39.221703999999995],[-120.82937299999998,39.221685],[-120.82913700000002,39.22162399999999],[-120.829058,39.221565],[-120.829038,39.22155099999999],[-120.82896199999998,39.22144399999999],[-120.82877100000002,39.221273],[-120.828656,39.221204],[-120.82844999999999,39.221093],[-120.828298,39.221051],[-120.82818299999998,39.221047999999996],[-120.82805400000001,39.221062999999994],[-120.827947,39.22109],[-120.82789400000001,39.221120000000006],[-120.82778600000002,39.221196],[-120.82777199999998,39.22125],[-120.82771099999997,39.22132599999999],[-120.82764900000001,39.221441],[-120.82761899999998,39.22157800000001],[-120.827603,39.221711],[-120.82764200000001,39.221891],[-120.82768700000001,39.221985999999994],[-120.82773300000001,39.222069999999995],[-120.82783199999999,39.222165],[-120.82790900000002,39.222226],[-120.828076,39.222336999999996],[-120.82818399999998,39.22239799999999],[-120.82844299999996,39.222566],[-120.82855,39.222665],[-120.828649,39.222779],[-120.82871700000001,39.222909],[-120.82876400000002,39.22303099999999],[-120.82876299999995,39.22315699999999],[-120.82874799999998,39.223256],[-120.82871,39.223333],[-120.82867299999997,39.223377],[-120.82864799999999,39.223409],[-120.82857999999997,39.22348099999999],[-120.828214,39.223703],[-120.828077,39.22375999999999],[-120.827924,39.22381],[-120.82773300000001,39.223836000000006],[-120.82760400000001,39.223832],[-120.827519,39.223821],[-120.827398,39.22379399999999],[-120.82732100000001,39.22375999999999],[-120.82720699999999,39.223741],[-120.82707700000002,39.22371399999999],[-120.82694000000001,39.223698999999996],[-120.826833,39.22371],[-120.82654300000002,39.223783],[-120.82630600000002,39.223859],[-120.826001,39.22394299999999],[-120.825627,39.224115],[-120.825254,39.224252],[-120.82513900000001,39.22432799999999],[-120.82504,39.22444300000001],[-120.82500899999998,39.22452299999999],[-120.82500899999998,39.224615],[-120.825017,39.224717],[-120.825017,39.225053],[-120.82497900000001,39.22517899999999],[-120.824933,39.22525499999999],[-120.82490199999998,39.225342999999995],[-120.82485699999998,39.22540399999999],[-120.82478799999997,39.225472999999994],[-120.82468199999998,39.22552199999999],[-120.824539,39.225562999999994],[-120.824437,39.22559900000001],[-120.82419300000001,39.225595000000006],[-120.82403999999998,39.22558699999999],[-120.823903,39.225564],[-120.82356799999998,39.225496],[-120.82330000000002,39.225454],[-120.823041,39.225423],[-120.822873,39.225435000000004],[-120.82276699999998,39.225457999999996],[-120.82265200000002,39.22554900000001],[-120.822591,39.225621999999994],[-120.82247700000002,39.22577400000001],[-120.82237699999997,39.225923],[-120.82221699999998,39.22611700000001],[-120.82191199999997,39.226549],[-120.82172899999998,39.226667],[-120.821637,39.226743],[-120.821531,39.226842],[-120.82142399999998,39.226957],[-120.821309,39.22705599999999],[-120.82120999999997,39.227159],[-120.82105800000001,39.22725],[-120.820973,39.22728099999999],[-120.82083899999998,39.22729199999999],[-120.82070599999999,39.227285],[-120.82063,39.22727299999999],[-120.820439,39.227208],[-120.82031000000002,39.227182],[-120.81995900000001,39.22708299999999],[-120.819539,39.227071],[-120.81937099999998,39.227094],[-120.81924100000002,39.22713999999999],[-120.819096,39.227216000000006],[-120.81901300000001,39.227327],[-120.81895899999999,39.22743],[-120.818928,39.227520999999996],[-120.818921,39.22760499999999],[-120.818928,39.22771199999999],[-120.81901300000001,39.227846],[-120.819081,39.227937],[-120.819173,39.22804399999999],[-120.819256,39.228177],[-120.81928699999997,39.228283999999995],[-120.819279,39.228414],[-120.81925700000001,39.228509],[-120.819219,39.228578],[-120.81918,39.228624],[-120.819096,39.228692],[-120.81888299999997,39.228792],[-120.81876100000001,39.228818000000004],[-120.818624,39.228834],[-120.818463,39.228837],[-120.818288,39.228849],[-120.81815,39.228868],[-120.818021,39.22891],[-120.817922,39.228986],[-120.81785999999998,39.22907399999999],[-120.817777,39.22918099999999],[-120.817601,39.229292],[-120.81754800000002,39.22933],[-120.817433,39.22939499999999],[-120.81730399999996,39.22944],[-120.817158,39.229482000000004],[-120.81703699999998,39.229509],[-120.816907,39.229562],[-120.816792,39.229688],[-120.81676100000001,39.229736],[-120.81673899999997,39.229772],[-120.816701,39.229848],[-120.81664699999999,39.229928],[-120.816571,39.22996700000001],[-120.816487,39.229993],[-120.81615199999999,39.230074],[-120.815778,39.230107999999994],[-120.815541,39.23015],[-120.815396,39.23017999999999],[-120.81524400000002,39.230222],[-120.815106,39.230253],[-120.81495400000001,39.230253],[-120.81476299999997,39.230230000000006],[-120.814687,39.230203],[-120.81461,39.230146],[-120.814488,39.230074],[-120.814069,39.229814],[-120.813946,39.22974599999999],[-120.813817,39.229715],[-120.81377099999999,39.229715],[-120.81370999999999,39.22974899999999],[-120.81368699999999,39.229780000000005],[-120.81364899999997,39.22986699999999],[-120.81362599999999,39.22995499999999],[-120.81362599999999,39.230065999999994],[-120.81361,39.23016499999999],[-120.81360300000001,39.23024499999999],[-120.813542,39.230363000000004],[-120.81348899999998,39.230428],[-120.81336599999999,39.23051999999999],[-120.81323699999999,39.230588],[-120.81313,39.23063799999999],[-120.81293900000001,39.230672],[-120.81257300000001,39.230711],[-120.812337,39.23073],[-120.81220699999999,39.23076],[-120.812046,39.230817],[-120.81196300000002,39.230875],[-120.811848,39.23094300000001],[-120.811749,39.231035],[-120.81165800000001,39.231145999999995],[-120.81159599999997,39.23120999999999],[-120.81152,39.231325],[-120.81138299999999,39.231645],[-120.81129900000002,39.231779],[-120.81122200000001,39.23187399999998],[-120.81110099999997,39.231988],[-120.81100200000002,39.232053],[-120.810467,39.232293999999996],[-120.81029199999998,39.23233199999999],[-120.8102,39.23234699999999],[-120.81004799999998,39.232362],[-120.80958999999997,39.232393],[-120.80943,39.23242],[-120.80929199999999,39.232461],[-120.80923100000001,39.232484],[-120.809109,39.232515],[-120.808903,39.232591],[-120.808812,39.232640999999994],[-120.808659,39.232735999999996],[-120.808369,39.23287799999999],[-120.808201,39.232981],[-120.808025,39.233041],[-120.807698,39.233141],[-120.80750699999999,39.233183],[-120.80731600000001,39.233232],[-120.80723200000001,39.23324],[-120.80701800000001,39.23327],[-120.80676700000001,39.233289],[-120.806546,39.23328599999999],[-120.80643900000001,39.233273999999994],[-120.806348,39.23325499999999],[-120.80625599999999,39.233228999999994],[-120.80615700000001,39.233206],[-120.805882,39.233186999999994],[-120.80570699999998,39.23318999999999],[-120.805531,39.233206],[-120.80521799999997,39.23324399999999],[-120.80492099999998,39.233251],[-120.80477500000002,39.233247],[-120.804623,39.233251],[-120.804516,39.233248],[-120.80424899999997,39.23326599999999],[-120.80414299999998,39.233289],[-120.80402800000002,39.23333099999999],[-120.80393599999998,39.23338499999999],[-120.803738,39.23355999999999],[-120.80361600000002,39.233686],[-120.80353200000002,39.23380100000001],[-120.80344099999998,39.233972],[-120.803372,39.234205],[-120.803288,39.234399999999994],[-120.80324899999997,39.23467],[-120.80321899999997,39.2348],[-120.80308899999999,39.23511299999999],[-120.80298300000001,39.235216],[-120.802853,39.235315],[-120.80273099999998,39.235372],[-120.802609,39.235422],[-120.802486,39.235452],[-120.80232699999998,39.23546399999999],[-120.80218899999997,39.235468],[-120.80203599999997,39.23546399999999],[-120.80189099999997,39.235452],[-120.80176199999998,39.235422],[-120.801373,39.23535],[-120.80121999999999,39.23532999999999],[-120.80108199999997,39.235334],[-120.80097599999998,39.235342],[-120.800846,39.235369],[-120.800716,39.235422],[-120.80041099999998,39.235586],[-120.80025099999999,39.235666],[-120.80015200000001,39.23574599999999],[-120.80006,39.23585700000001],[-120.80003699999999,39.235948],[-120.800022,39.23607400000001],[-120.800022,39.236219],[-120.8,39.23645599999999],[-120.8,39.236547],[-120.79997599999997,39.23662],[-120.79996899999998,39.236738],[-120.79994599999998,39.23686],[-120.799817,39.237146],[-120.799733,39.23728799999999],[-120.799649,39.237379],[-120.799511,39.237547],[-120.799313,39.237821999999994],[-120.79915199999999,39.23801599999999],[-120.79899299999998,39.238141999999996],[-120.798863,39.23826],[-120.79871,39.238378],[-120.798573,39.238462],[-120.79835099999998,39.23854600000001],[-120.7981,39.23860299999999],[-120.79796999999998,39.238656999999996],[-120.797871,39.238722],[-120.797589,39.238924000000004],[-120.797481,39.238977],[-120.797383,39.239008],[-120.79725299999997,39.23906099999999],[-120.79693299999998,39.239157],[-120.79672599999999,39.239199],[-120.79642899999999,39.239267],[-120.79626099999999,39.23932099999999],[-120.79613199999999,39.23937],[-120.796001,39.23943499999999],[-120.79584100000001,39.23953099999999],[-120.79571200000001,39.239618],[-120.795323,39.239901],[-120.79517700000001,39.23998799999999],[-120.79501800000001,39.240095],[-120.794743,39.240271],[-120.794583,39.240339],[-120.794422,39.240397],[-120.79413199999999,39.240484],[-120.793629,39.240525999999996],[-120.793316,39.240541],[-120.792912,39.240545000000004],[-120.792782,39.240541],[-120.79254599999999,39.240553],[-120.792446,39.240587],[-120.79230899999999,39.240622],[-120.79212700000001,39.240705999999996],[-120.791996,39.24076699999999],[-120.79159899999998,39.24099499999999],[-120.79144700000002,39.24106799999999],[-120.79136999999999,39.241136999999995],[-120.791309,39.24123199999999],[-120.79121799999997,39.241518],[-120.79115700000001,39.24168199999999],[-120.79104999999997,39.24188000000001],[-120.790921,39.242079],[-120.79077500000001,39.242254],[-120.790691,39.242365],[-120.79057700000001,39.24248699999999],[-120.79040899999998,39.242636],[-120.790218,39.24278799999999],[-120.79001299999999,39.242929],[-120.789822,39.24302900000001],[-120.78969999999998,39.243113],[-120.78945599999997,39.243258],[-120.789273,39.243342],[-120.78906600000002,39.243414],[-120.78886000000001,39.243475],[-120.78860100000001,39.243578],[-120.788525,39.24360399999999],[-120.788418,39.24364299999999],[-120.788135,39.24375],[-120.78799800000002,39.243834],[-120.78773100000001,39.243963],[-120.787609,39.244054999999996],[-120.78753299999998,39.244142999999994],[-120.78744900000001,39.244265000000006],[-120.78737299999999,39.244391],[-120.787266,39.24451299999999],[-120.78684599999998,39.244909],[-120.78671600000001,39.24501999999999],[-120.786586,39.245142],[-120.78626599999998,39.24540199999999],[-120.78612799999998,39.245543],[-120.78596900000001,39.245695000000005],[-120.785763,39.245913],[-120.785541,39.246092],[-120.78536500000001,39.246244999999995],[-120.78520500000002,39.246367],[-120.785045,39.24649999999999],[-120.784916,39.24663400000001],[-120.78484699999997,39.24680599999999],[-120.784809,39.246962],[-120.784816,39.247057],[-120.784817,39.24721],[-120.784862,39.247317],[-120.78493099999997,39.247431],[-120.78499199999999,39.247545],[-120.78507599999999,39.247866],[-120.78509099999997,39.248015],[-120.785069,39.24817899999999],[-120.785,39.24827],[-120.78477799999997,39.248472],[-120.784672,39.248553],[-120.78454200000002,39.248636],[-120.78414499999997,39.24880000000001],[-120.78387000000001,39.24888399999999],[-120.78365699999998,39.248961],[-120.783466,39.24900699999999],[-120.783276,39.249047999999995],[-120.78293199999999,39.249075000000005],[-120.78265699999999,39.24905199999999],[-120.782459,39.24906699999999],[-120.782115,39.249143999999994],[-120.781932,39.24924699999999],[-120.78171100000002,39.249392],[-120.781688,39.249403],[-120.781635,39.24943],[-120.78134499999999,39.249533],[-120.78119299999997,39.249579],[-120.78079599999998,39.249731],[-120.78063600000002,39.249827],[-120.78058200000001,39.249899],[-120.77895700000002,39.251066],[-120.77869,39.25121899999999],[-120.77837799999999,39.25134899999999],[-120.77796,39.251585],[-120.777866,39.251639],[-120.777568,39.251788000000005],[-120.777302,39.25193300000001],[-120.777011,39.25206200000001],[-120.77656100000002,39.252298999999994],[-120.77640099999999,39.252474],[-120.77635500000001,39.252585],[-120.776317,39.252951],[-120.77633999999998,39.253149],[-120.77633999999998,39.25337799999999],[-120.77633299999997,39.253535],[-120.776287,39.253699],[-120.77624099999998,39.25380199999999],[-120.77619500000002,39.253928],[-120.77609599999998,39.254076000000005],[-120.77595100000002,39.254199],[-120.77563000000002,39.25435099999999],[-120.775486,39.254369999999994],[-120.775242,39.25443899999999],[-120.77495900000001,39.254483999999984],[-120.77485199999997,39.254508],[-120.77454199999998,39.254593],[-120.774536,39.254600999999994],[-120.77442699999996,39.254766],[-120.77427999999998,39.25513599999999],[-120.773945,39.25535399999999],[-120.773933,39.255363],[-120.77362000000001,39.25541],[-120.773317,39.255455999999995],[-120.77314599999997,39.255331999999996],[-120.77276600000002,39.255185],[-120.77244900000001,39.255228],[-120.77207999999997,39.25552600000001],[-120.771861,39.25565399999999],[-120.77161,39.255691999999996],[-120.77104299999998,39.255657],[-120.77081299999998,39.25566899999999],[-120.77062000000001,39.255758],[-120.77028399999998,39.255938],[-120.77001600000001,39.256046],[-120.76980999999998,39.256089],[-120.76939400000002,39.256112],[-120.76900099999999,39.256197],[-120.76896200000002,39.256209999999996],[-120.768718,39.256296999999996],[-120.76850300000001,39.25646799999999],[-120.76819000000002,39.25687799999999],[-120.76807699999998,39.256983],[-120.768058,39.25701899999999],[-120.76804399999999,39.257033],[-120.76800499999999,39.257078],[-120.76799200000002,39.257093],[-120.767955,39.257121],[-120.76788699999999,39.257174],[-120.76784299999998,39.257203],[-120.767805,39.25722999999999],[-120.767665,39.25732699999999],[-120.76745099999997,39.257513],[-120.767406,39.257533],[-120.76726799999999,39.257642999999995],[-120.76697800000001,39.25784199999999],[-120.76687200000002,39.257952],[-120.766765,39.258078],[-120.76671099999999,39.25817],[-120.76661999999999,39.25857],[-120.76658899999997,39.258748999999995],[-120.76655100000002,39.25887899999999],[-120.76653600000002,39.259001],[-120.76649799999997,39.259116],[-120.766429,39.259284],[-120.76631499999998,39.259519999999995],[-120.766147,39.25972999999999],[-120.76600899999998,39.25984400000001],[-120.765865,39.259947],[-120.765735,39.260023999999994],[-120.76558999999999,39.260141999999995],[-120.76547600000002,39.260226],[-120.76539899999999,39.26031700000001],[-120.765239,39.260478],[-120.76518599999999,39.26057699999999],[-120.76513199999998,39.260659999999994],[-120.765117,39.26068399999999],[-120.765025,39.260808999999995],[-120.764911,39.261012],[-120.76473500000002,39.261389],[-120.76470499999999,39.261519],[-120.76465899999997,39.26167199999999],[-120.764652,39.261785999999994],[-120.764629,39.261912],[-120.76462099999999,39.262026],[-120.764598,39.262136999999996],[-120.764598,39.26228600000001],[-120.764575,39.26245399999999],[-120.76452200000001,39.262575999999996],[-120.76444499999997,39.262716999999995],[-120.764392,39.262846],[-120.7643,39.26297199999999],[-120.76425499999998,39.263017999999995],[-120.76411000000002,39.263116999999994],[-120.76399600000002,39.26317100000001],[-120.763881,39.263231999999995],[-120.76353699999999,39.26334599999999],[-120.76328599999998,39.26344900000001],[-120.76315600000001,39.263507],[-120.762881,39.263613],[-120.762752,39.263681999999996],[-120.76263000000002,39.263758],[-120.762515,39.26385],[-120.762447,39.263922],[-120.76232399999999,39.264014],[-120.762226,39.264070999999994],[-120.762088,39.264113],[-120.761882,39.264136],[-120.761745,39.264132],[-120.76154699999998,39.264148],[-120.76114899999999,39.264154999999995],[-120.76098199999998,39.264174],[-120.76071499999999,39.264178],[-120.76058500000002,39.264165999999996],[-120.76050099999999,39.26414700000001],[-120.76037899999997,39.26413999999999],[-120.76029499999997,39.26412799999999],[-120.76021099999997,39.264102],[-120.759951,39.264036999999995],[-120.75982999999997,39.26401],[-120.75971499999999,39.263994999999994],[-120.75950200000001,39.264006],[-120.75909700000001,39.263980000000004],[-120.75881499999998,39.263972],[-120.75867000000001,39.263991000000004],[-120.75851699999998,39.264052],[-120.75839499999996,39.264078999999995],[-120.75827999999998,39.26412100000001],[-120.75789900000001,39.264188999999995],[-120.75780799999998,39.26418199999999],[-120.757549,39.264151000000005],[-120.75734999999997,39.264143999999995],[-120.75712900000002,39.264159],[-120.75696799999996,39.264151000000005],[-120.75672400000002,39.264193000000006],[-120.75659499999999,39.264235],[-120.756495,39.264285],[-120.75639599999997,39.264354000000004],[-120.756282,39.264456],[-120.756167,39.264586],[-120.756045,39.264743],[-120.755961,39.264891],[-120.75585400000001,39.265124],[-120.75580899999999,39.26526199999999],[-120.755771,39.26541],[-120.75572499999998,39.265498],[-120.75558,39.265715],[-120.755458,39.26586],[-120.755351,39.265979],[-120.75519099999998,39.266185],[-120.755015,39.266364],[-120.754855,39.266512999999996],[-120.754777,39.266577],[-120.754565,39.266753],[-120.754512,39.266806],[-120.75439699999998,39.266879],[-120.753772,39.267237],[-120.75300800000001,39.267707],[-120.75284800000001,39.267825],[-120.75273700000001,39.267948999999994],[-120.7527,39.268046],[-120.75266299999998,39.26809600000001],[-120.75262599999999,39.26824799999999],[-120.752619,39.268354],[-120.752627,39.26847699999999],[-120.752582,39.26856900000001],[-120.752528,39.268634],[-120.75245199999999,39.268699],[-120.752345,39.26872899999999],[-120.75214600000001,39.26879799999999],[-120.75169600000001,39.26887],[-120.75130699999997,39.26895799999999],[-120.751258,39.268962],[-120.751048,39.26898099999999],[-120.75089599999997,39.26905300000001],[-120.750766,39.269145],[-120.75057499999998,39.269301],[-120.750445,39.26943099999999],[-120.75021599999995,39.269702],[-120.749995,39.269931],[-120.74988,39.27004099999999],[-120.74968999999999,39.270152],[-120.74943800000001,39.27032],[-120.749255,39.27045699999999],[-120.749171,39.270526],[-120.74909500000001,39.27061],[-120.748965,39.270839],[-120.74891899999997,39.270995000000006],[-120.748889,39.271227999999994],[-120.74891899999997,39.271463999999995],[-120.748934,39.271682],[-120.74895700000002,39.271891],[-120.748965,39.272029],[-120.74891100000002,39.27235300000001],[-120.74885,39.27263899999999],[-120.74879,39.272769000000004],[-120.74875899999998,39.27287199999999],[-120.74865899999999,39.27303200000001],[-120.74861500000002,39.273087999999994],[-120.74835100000001,39.273418],[-120.74826700000001,39.273545],[-120.748112,39.273737000000004],[-120.747974,39.273971],[-120.74787399999998,39.27410900000001],[-120.74768799999997,39.274385],[-120.747634,39.274415],[-120.74752599999998,39.274569],[-120.747403,39.274733999999995],[-120.74729499999998,39.274863999999994],[-120.74722499999999,39.274914],[-120.74700299999998,39.274987],[-120.746841,39.275020999999995],[-120.74677299999999,39.27503999999999],[-120.746404,39.275091999999994],[-120.746242,39.275133999999994],[-120.74604199999999,39.27518],[-120.74585,39.275217999999995],[-120.74568899999997,39.27526400000001],[-120.74551899999999,39.27529],[-120.74544999999999,39.275319999999994],[-120.74532700000002,39.275361999999994],[-120.74490399999999,39.275634000000004],[-120.74479600000001,39.275676],[-120.74464999999998,39.275710000000004],[-120.744543,39.27572599999999],[-120.74445799999997,39.275752],[-120.74437300000001,39.275816999999996],[-120.74427299999999,39.275901],[-120.74414199999998,39.276039],[-120.744119,39.27606200000001],[-120.744088,39.27617],[-120.74403300000002,39.276454],[-120.74401800000001,39.276622999999994],[-120.74396399999999,39.276834],[-120.743848,39.27711899999999],[-120.74379399999998,39.277187000000005],[-120.743732,39.277245],[-120.743639,39.277291],[-120.74317100000002,39.27742],[-120.74286299999997,39.277523],[-120.74278599999997,39.277565],[-120.742455,39.277722000000004],[-120.742247,39.27785599999999],[-120.74200099999999,39.27799399999999],[-120.74174699999999,39.27815],[-120.74160899999997,39.27828099999999],[-120.741524,39.27837300000001],[-120.74140099999997,39.278561],[-120.74122299999999,39.27869],[-120.741063,39.278752],[-120.740869,39.27879300000001],[-120.740716,39.278843],[-120.74049299999999,39.27886199999999],[-120.740102,39.27891400000001],[-120.739909,39.278918],[-120.739717,39.27893199999999],[-120.73954100000002,39.27896299999999],[-120.73925600000001,39.279054],[-120.73924,39.279074],[-120.73910199999999,39.279123],[-120.73896399999997,39.27917999999999],[-120.738702,39.279218],[-120.73846400000001,39.279278999999995],[-120.738318,39.27934],[-120.73820200000002,39.27945499999999],[-120.738048,39.279635000000006],[-120.737979,39.279762000000005],[-120.737825,39.279969],[-120.73766299999997,39.280104],[-120.73749399999998,39.280218],[-120.737317,39.280272],[-120.737163,39.280286999999994],[-120.73705600000001,39.28029],[-120.737018,39.280301],[-120.73689499999999,39.280379],[-120.73678600000001,39.280530999999996],[-120.736732,39.280635],[-120.73667700000001,39.280912],[-120.73656099999998,39.281422],[-120.73649099999999,39.281568],[-120.736414,39.281701999999996],[-120.73622100000001,39.28195500000001],[-120.73612199999998,39.282031999999994],[-120.73597499999998,39.282108],[-120.735767,39.282165],[-120.73555299999997,39.282219],[-120.735153,39.282344],[-120.73483000000002,39.282503999999996],[-120.73473699999997,39.28256999999999],[-120.73451399999998,39.282738],[-120.734228,39.283018999999996],[-120.733982,39.283287],[-120.733767,39.283409],[-120.73373599999998,39.28344299999999],[-120.73359000000002,39.283562],[-120.733398,39.283669],[-120.733174,39.283734],[-120.73285099999997,39.28385599999999],[-120.73259,39.28398599999999],[-120.73238999999998,39.284132],[-120.73224300000001,39.284269],[-120.732151,39.284347],[-120.731943,39.284538],[-120.731743,39.284698999999996],[-120.73149700000002,39.28487899999999],[-120.73135099999999,39.28494400000001],[-120.73102700000001,39.28510399999999],[-120.73062799999998,39.285292000000005],[-120.73023400000001,39.285501],[-120.73006599999998,39.285608999999994],[-120.72986499999998,39.285773],[-120.729665,39.28596499999999],[-120.72943399999997,39.286248],[-120.72899400000001,39.286835],[-120.728864,39.287055],[-120.72875599999999,39.287268999999995],[-120.728656,39.287437999999995],[-120.728463,39.287606],[-120.72828500000001,39.287744],[-120.728155,39.28787499999999],[-120.72789299999998,39.288081],[-120.72776300000001,39.288146],[-120.72758500000002,39.288214999999994],[-120.72733099999998,39.288287],[-120.72671599999998,39.288524],[-120.72654799999998,39.288578],[-120.726293,39.288611],[-120.726017,39.288667999999994],[-120.72572499999998,39.288752],[-120.72540900000001,39.288848],[-120.725225,39.288901],[-120.725041,39.28892999999999],[-120.72464899999999,39.288965],[-120.72434099999998,39.28900599999999],[-120.72370400000001,39.28908500000001],[-120.72330400000001,39.289173],[-120.72297999999998,39.28935599999999],[-120.722718,39.289474000000006],[-120.72205600000001,39.28982599999999],[-120.72170399999999,39.289975],[-120.72158799999997,39.290017],[-120.72129499999998,39.290112],[-120.72100299999997,39.29017699999999],[-120.720243,39.290302],[-120.720042,39.29037399999999],[-120.71952700000001,39.290538],[-120.71923600000001,39.290638],[-120.718904,39.290744],[-120.71851200000002,39.290916],[-120.71789699999998,39.29120699999999],[-120.717397,39.29139399999999],[-120.71708100000001,39.291562],[-120.71662000000002,39.291775],[-120.71649699999999,39.291841],[-120.71628199999998,39.291933],[-120.71592,39.292074],[-120.71562100000001,39.292165],[-120.71533599999998,39.292226],[-120.71512800000002,39.292252000000005],[-120.71484399999999,39.292247],[-120.714467,39.29223499999999],[-120.71388300000001,39.29223],[-120.71339999999998,39.292182],[-120.71321600000002,39.292171],[-120.712923,39.292165999999995],[-120.712355,39.292145999999995],[-120.71177799999998,39.29215599999999],[-120.710849,39.29223],[-120.71070300000001,39.29225699999999],[-120.710572,39.29232199999999],[-120.710419,39.292437],[-120.71031800000002,39.29254399999999],[-120.71007899999998,39.292901],[-120.70992499999998,39.293099999999995],[-120.709685,39.293502],[-120.70955300000001,39.29369],[-120.709408,39.293855],[-120.70929999999998,39.294001],[-120.709145,39.294154999999996],[-120.708954,39.294358],[-120.70892899999998,39.2944],[-120.708822,39.294506999999996],[-120.708591,39.294695],[-120.70846000000002,39.294847999999995],[-120.70835199999999,39.29501],[-120.708237,39.295171],[-120.70812099999999,39.29530799999999],[-120.70803699999999,39.29540099999999],[-120.707805,39.295612999999996],[-120.707744,39.29566899999999],[-120.70747499999999,39.29581399999999],[-120.707251,39.295917],[-120.706936,39.296016],[-120.706705,39.296066],[-120.70642100000002,39.29611499999999],[-120.70614499999999,39.296168],[-120.70585899999999,39.296255],[-120.70549,39.296377],[-120.70520599999998,39.29655000000001],[-120.70498299999998,39.29666499999999],[-120.70476700000002,39.296783],[-120.70462900000001,39.29688699999999],[-120.704436,39.297065999999994],[-120.70424399999999,39.297254],[-120.70408200000001,39.297377],[-120.703997,39.297434],[-120.703836,39.29756],[-120.70358999999999,39.29778199999999],[-120.703482,39.29794299999999],[-120.703396,39.29811600000001],[-120.70333500000001,39.29825499999999],[-120.70329600000001,39.29863499999999],[-120.70328699999999,39.29866599999999],[-120.70327200000001,39.298815],[-120.70324799999999,39.298938],[-120.703171,39.29903399999999],[-120.70294,39.299383],[-120.70280900000002,39.299552],[-120.70276199999998,39.299601],[-120.702632,39.29971199999999],[-120.70250899999999,39.29978199999999],[-120.702375,39.299817],[-120.70234700000002,39.299824],[-120.70214699999998,39.299842],[-120.701955,39.299834],[-120.70180099999999,39.29981],[-120.70138699999995,39.299732999999996],[-120.701087,39.299685],[-120.70093299999998,39.29967800000001],[-120.70082599999998,39.299693],[-120.700688,39.299723],[-120.70047300000002,39.29980299999998],[-120.700219,39.299929],[-120.700026,39.30004],[-120.699788,39.30019399999999],[-120.69957200000002,39.30029999999999],[-120.699357,39.300327],[-120.69891200000002,39.300315],[-120.69888599999997,39.300319],[-120.698849,39.30034299999999],[-120.69880500000001,39.30037599999999],[-120.698767,39.300398],[-120.69869900000002,39.30042099999999],[-120.698602,39.30044999999999],[-120.69852899999998,39.30046999999999],[-120.698404,39.300532999999994],[-120.69835099999996,39.300621],[-120.697999,39.30095599999999],[-120.697839,39.301036],[-120.697595,39.301101],[-120.69735799999998,39.301158],[-120.69712899999999,39.301181],[-120.696893,39.301218999999996],[-120.696488,39.301230999999994],[-120.69633599999999,39.301257],[-120.69626,39.301261],[-120.69612999999997,39.301288],[-120.69588600000002,39.301326],[-120.69570299999998,39.301349],[-120.695596,39.30141],[-120.695413,39.30156699999999],[-120.69539000000002,39.301582],[-120.695329,39.301597],[-120.69483299999997,39.301555],[-120.69468800000001,39.30154699999999],[-120.69419899999998,39.301631],[-120.69391000000002,39.301715],[-120.69382600000002,39.301753],[-120.69361999999998,39.301807],[-120.693429,39.301818],[-120.69320800000001,39.301849],[-120.69301699999997,39.30192499999999],[-120.692895,39.302013],[-120.692704,39.302211],[-120.692644,39.302288],[-120.692567,39.302398],[-120.69249900000001,39.302467],[-120.692353,39.302566],[-120.69226899999998,39.302645999999996],[-120.69219299999999,39.302749000000006],[-120.692155,39.30285599999999],[-120.692117,39.302944],[-120.69204799999999,39.30299699999999],[-120.69201800000002,39.30302799999999],[-120.691949,39.303130999999986],[-120.69183399999997,39.303402000000006],[-120.691796,39.30345499999999],[-120.69158299999998,39.30356199999999],[-120.69149899999998,39.303653],[-120.69147600000001,39.30371],[-120.69149899999998,39.303787],[-120.691606,39.30398099999999],[-120.69157499999999,39.304069],[-120.691537,39.3041],[-120.69146900000001,39.304122],[-120.691354,39.304141],[-120.69127700000001,39.304142],[-120.69110999999998,39.30413399999999],[-120.690889,39.3041],[-120.69069800000001,39.30404599999999],[-120.69054499999999,39.304023],[-120.69029299999998,39.303966],[-120.68995000000001,39.303875],[-120.689653,39.303821],[-120.689378,39.303828999999986],[-120.68928599999998,39.303844],[-120.68914899999999,39.303859],[-120.688996,39.303886],[-120.68879799999998,39.30394299999999],[-120.68859999999998,39.30404599999999],[-120.68846999999998,39.304092],[-120.688333,39.30418000000001],[-120.688096,39.304287],[-120.68784399999997,39.30438199999999],[-120.68737900000002,39.304542],[-120.68712700000002,39.30461499999999],[-120.68659300000002,39.30468299999999],[-120.68640999999998,39.30468299999999],[-120.68622699999999,39.304695],[-120.68608899999998,39.30467599999999],[-120.68601300000002,39.304698],[-120.68587600000001,39.304790000000004],[-120.685853,39.304805],[-120.68580700000001,39.304847],[-120.68573799999999,39.304942999999994],[-120.68568499999998,39.30506499999999],[-120.685548,39.305235999999994],[-120.68537999999998,39.30533199999999],[-120.68520399999998,39.305424],[-120.68469599999999,39.305662999999996],[-120.684678,39.305675],[-120.684518,39.30574],[-120.68416699999999,39.305965],[-120.68408299999999,39.30598799999999],[-120.683679,39.30612099999999],[-120.68342000000001,39.306266],[-120.68322899999997,39.306388],[-120.682817,39.306633],[-120.68271,39.306689999999996],[-120.68251900000001,39.306777999999994],[-120.68248899999999,39.306804],[-120.682244,39.30691899999999],[-120.681992,39.306906999999995],[-120.681764,39.306830999999995],[-120.681603,39.306755],[-120.68150400000002,39.306689999999996],[-120.681359,39.30656],[-120.68125200000001,39.306445999999994],[-120.681107,39.306312],[-120.68107699999999,39.306288],[-120.680983,39.30621299999999],[-120.68095500000001,39.306189999999994],[-120.68084599999999,39.30612399999999],[-120.68081199999997,39.306103],[-120.680779,39.306082999999994],[-120.68070599999999,39.30605499999999],[-120.68056400000002,39.306006],[-120.68046600000001,39.305972999999994],[-120.68028399999997,39.305931],[-120.68022200000001,39.305935],[-120.680154,39.305957],[-120.680065,39.305993],[-120.679807,39.306096],[-120.679795,39.306101999999996],[-120.679563,39.306202000000006],[-120.67947499999998,39.30624],[-120.67935099999998,39.306316],[-120.67929700000002,39.306354],[-120.67923099999999,39.306396],[-120.679173,39.306449],[-120.67905199999997,39.306559],[-120.67889899999997,39.306682],[-120.67873799999997,39.306782000000005],[-120.678485,39.30689199999999],[-120.67817100000002,39.307036],[-120.67786500000001,39.30715499999999],[-120.677743,39.307167],[-120.67738200000001,39.307124],[-120.677183,39.30712499999999],[-120.677023,39.307171],[-120.676954,39.307232000000006],[-120.67683899999997,39.307283],[-120.676747,39.30730199999999],[-120.67663999999999,39.30729800000001],[-120.676417,39.307256],[-120.67618700000001,39.307249000000006],[-120.67594300000002,39.307288],[-120.67583500000002,39.30733399999999],[-120.675729,39.307421999999995],[-120.675683,39.30751500000001],[-120.67562899999999,39.307718],[-120.67559899999998,39.307813],[-120.67554499999999,39.30793299999999],[-120.67546899999999,39.30801699999999],[-120.675378,39.30808600000001],[-120.675362,39.308097999999994],[-120.67520200000001,39.308204],[-120.67510300000001,39.308315],[-120.67501899999999,39.308494],[-120.674942,39.30856300000001],[-120.674858,39.308689],[-120.674759,39.30881500000001],[-120.674607,39.308952],[-120.67421799999998,39.309166],[-120.674119,39.309203999999994],[-120.673882,39.309314],[-120.67369899999997,39.309414],[-120.67340900000002,39.30953199999999],[-120.67321799999998,39.309577999999995],[-120.67297399999998,39.30966900000001],[-120.67288299999997,39.309695999999995],[-120.67269899999998,39.309795],[-120.67259299999999,39.309872],[-120.672227,39.309993],[-120.67192900000002,39.31009999999999],[-120.67175299999998,39.3102],[-120.67157800000001,39.310306],[-120.671433,39.310371],[-120.671334,39.310359999999996],[-120.671288,39.310341],[-120.671159,39.310314],[-120.670953,39.310257],[-120.67077699999999,39.3102],[-120.67049399999999,39.310081],[-120.670403,39.31000900000001],[-120.67036500000002,39.30993999999999],[-120.670388,39.309864],[-120.670403,39.30978399999999],[-120.67043400000001,39.309703999999996],[-120.67046400000001,39.309608],[-120.67047900000001,39.309486],[-120.67046400000001,39.309387],[-120.670456,39.309261],[-120.67047900000001,39.309149999999995],[-120.670495,39.30897499999999],[-120.670487,39.308849],[-120.670457,39.308689],[-120.67039599999998,39.30843],[-120.67032599999999,39.30835299999999],[-120.67019700000002,39.308273],[-120.670052,39.30821999999999],[-120.669815,39.308161999999996],[-120.669518,39.308127999999996],[-120.66922799999998,39.308142999999994],[-120.669045,39.30812400000001],[-120.668808,39.308094],[-120.66860200000002,39.30808600000001],[-120.66846500000001,39.30812400000001],[-120.66833599999998,39.308192999999996],[-120.66825899999999,39.30821999999999],[-120.668175,39.308258],[-120.66797699999996,39.30830399999999],[-120.66781699999997,39.308364999999995],[-120.667755,39.308399],[-120.66765599999997,39.308483],[-120.66757200000002,39.308601],[-120.66752699999999,39.308754],[-120.66748800000002,39.308842],[-120.667374,39.308926],[-120.667328,39.30897099999999],[-120.66728199999999,39.309048],[-120.66725199999998,39.309135],[-120.667199,39.309208000000005],[-120.66706800000001,39.30928399999999],[-120.66693900000001,39.30936799999999],[-120.666833,39.30948999999999],[-120.666794,39.309528],[-120.666748,39.309547],[-120.666695,39.309559],[-120.66658799999999,39.309574],[-120.665749,39.309719],[-120.66554999999998,39.30972800000001],[-120.665482,39.309731],[-120.665457,39.309732999999994],[-120.66518,39.309760999999995],[-120.66508799999997,39.309771],[-120.66495199999999,39.30978399999999],[-120.664879,39.309792],[-120.66455899999997,39.30980699999999],[-120.66454299999998,39.30980699999999],[-120.664407,39.30981],[-120.66432999999999,39.30981],[-120.66410200000001,39.309803],[-120.664079,39.309803],[-120.66402699999999,39.309812999999984],[-120.663878,39.309839],[-120.66382600000001,39.309849],[-120.66367399999997,39.309921],[-120.66345699999998,39.309996],[-120.663347,39.310039],[-120.66331500000001,39.310044],[-120.66313200000002,39.310092999999995],[-120.662987,39.310108],[-120.66292099999997,39.31010499999999],[-120.66279600000001,39.31009999999999],[-120.66255200000002,39.310066],[-120.662392,39.310012999999984],[-120.66196499999998,39.309856],[-120.66177799999998,39.309769],[-120.661636,39.309703999999996],[-120.66142600000002,39.309581],[-120.66141499999999,39.309574],[-120.661308,39.309506999999996],[-120.66126299999998,39.309478999999996],[-120.66115600000002,39.309391],[-120.66106400000001,39.309303],[-120.66100900000002,39.309225],[-120.66097300000001,39.309174],[-120.660942,39.309105],[-120.660912,39.309062999999995],[-120.66089800000002,39.309051],[-120.66080499999998,39.30897499999999],[-120.66072799999998,39.308931],[-120.660668,39.308897],[-120.66064499999999,39.30888399999999],[-120.66031699999998,39.30873900000001],[-120.660149,39.308647],[-120.659988,39.308548],[-120.659933,39.308495],[-120.65971399999997,39.308280999999994],[-120.659607,39.30819699999999],[-120.659478,39.30812499999999],[-120.65908800000001,39.30798],[-120.65883600000001,39.307907],[-120.658402,39.307823],[-120.65810399999998,39.3078],[-120.657997,39.30780399999999],[-120.657592,39.307853],[-120.65749399999999,39.30786500000001],[-120.65691400000001,39.30798],[-120.656769,39.308022],[-120.65646,39.30811],[-120.65642499999998,39.308122],[-120.65632200000002,39.30819],[-120.655928,39.308535000000006],[-120.65545200000001,39.30893799999999],[-120.654955,39.30937800000001],[-120.65477000000001,39.309525],[-120.65445199999999,39.309715999999995],[-120.654217,39.309829],[-120.65382400000001,39.309979999999996],[-120.65337499999998,39.310092999999995],[-120.65302699999998,39.310157],[-120.65235100000001,39.310232],[-120.651974,39.310261],[-120.651529,39.310282],[-120.64970899999997,39.311135],[-120.648739,39.31145],[-120.64792499999999,39.312504],[-120.64721499999999,39.313078999999995],[-120.64630700000001,39.314255],[-120.64579500000002,39.31515499999999],[-120.64075199999999,39.315193],[-120.639562,39.315203],[-120.636274,39.315227],[-120.63618800000002,39.315229],[-120.630686,39.31527200000001],[-120.626126,39.31533699999999],[-120.62495000000001,39.31541099999999],[-120.624886,39.315412],[-120.62447599999999,39.315413],[-120.62302800000002,39.31541699999999],[-120.61731,39.315427],[-120.617166,39.315427],[-120.617013,39.315427],[-120.61694599999998,39.31542799999999],[-120.614911,39.315434],[-120.61482899999999,39.315434],[-120.60909999999998,39.315451],[-120.60887799999999,39.315452],[-120.60749100000001,39.315456000000005],[-120.599016,39.31548099999999],[-120.596468,39.31548800000001],[-120.59290099999997,39.315459000000004],[-120.58593400000001,39.315483],[-120.57965299999998,39.31550299999999],[-120.57962800000001,39.315504],[-120.57662299999998,39.31552899999999],[-120.57365099999998,39.315539],[-120.57344399999998,39.315539],[-120.573237,39.31554],[-120.5678,39.315559],[-120.56778300000002,39.31353800000001],[-120.56773399999997,39.307479],[-120.56771799999999,39.30545899999999],[-120.56771399999998,39.305113],[-120.567704,39.304076],[-120.56770099999997,39.30373099999999],[-120.567686,39.301815999999995],[-120.56764199999999,39.29607399999999],[-120.56763099999998,39.294593],[-120.56762799999998,39.29416],[-120.56762199999999,39.293757],[-120.567605,39.29255200000001],[-120.56760000000001,39.29215],[-120.56760300000002,39.291783],[-120.56761300000001,39.290683],[-120.56761699999997,39.290317],[-120.567598,39.28817200000001],[-120.56754399999998,39.281737],[-120.56752699999997,39.27959299999999],[-120.56752499999999,39.27949],[-120.567521,39.279184],[-120.56751999999997,39.279081999999995],[-120.56750599999997,39.277864],[-120.567467,39.27421],[-120.56745399999998,39.272992],[-120.56744,39.271734],[-120.567399,39.267959999999995],[-120.567386,39.26670200000001],[-120.56736399999998,39.263372000000004],[-120.56729799999997,39.25338300000001],[-120.567277,39.25005399999999],[-120.56725500000002,39.247325999999994],[-120.56718900000001,39.239142],[-120.567167,39.236415],[-120.567134,39.23265099999999],[-120.56712899999998,39.232195999999995],[-120.567016,39.219542],[-120.56698,39.215377999999994],[-120.56698,39.215324],[-120.56663600000002,39.215442],[-120.56605700000001,39.21559],[-120.56581300000002,39.215644],[-120.56563999999997,39.215716],[-120.56506699999998,39.215891],[-120.564807,39.215956],[-120.56479000000002,39.21596099999999],[-120.56444999999997,39.216027],[-120.56426199999997,39.21608499999999],[-120.56388499999997,39.21618900000001],[-120.56366400000002,39.216260000000005],[-120.56330199999996,39.216358],[-120.56312700000001,39.216397],[-120.56287700000001,39.216476],[-120.562617,39.216584],[-120.562308,39.21667299999999],[-120.56088999999999,39.217155000000005],[-120.56054,39.217312],[-120.55996599999997,39.21762],[-120.55972899999998,39.21772299999999],[-120.559432,39.217822],[-120.55908800000002,39.217902],[-120.558655,39.218042],[-120.55839199999998,39.218138],[-120.558084,39.21825199999999],[-120.557708,39.218447],[-120.55729600000001,39.218686999999996],[-120.55702299999997,39.218944],[-120.55682,39.219268],[-120.556685,39.219512],[-120.55662900000002,39.219593],[-120.556561,39.219715],[-120.55651400000002,39.21975799999999],[-120.556418,39.21981399999999],[-120.556213,39.219901],[-120.55603,39.219967999999994],[-120.55554800000002,39.22006],[-120.555307,39.220093],[-120.555118,39.220113],[-120.554958,39.220053],[-120.55476200000001,39.219938],[-120.55456400000001,39.21979],[-120.554427,39.21971099999999],[-120.55428100000002,39.219675999999986],[-120.55412599999998,39.219684],[-120.55391299999998,39.21975],[-120.55376199999999,39.21981],[-120.55364899999998,39.21985599999999],[-120.55301799999998,39.22017700000001],[-120.55279399999999,39.220331],[-120.55268400000001,39.220457],[-120.55250899999999,39.22072099999999],[-120.552415,39.220983],[-120.55233499999999,39.221113],[-120.552257,39.221287],[-120.55215299999999,39.221455000000006],[-120.551588,39.22203],[-120.55128800000001,39.222428],[-120.551065,39.222664],[-120.55091699999997,39.22279],[-120.55072399999999,39.22283],[-120.550424,39.222776],[-120.54986199999999,39.222629999999995],[-120.54950699999999,39.222519999999996],[-120.54922299999998,39.222461],[-120.54838699999999,39.222267],[-120.548079,39.222237],[-120.547602,39.222277],[-120.54739699999999,39.222334],[-120.54693100000001,39.222389],[-120.54669699999998,39.22238099999999],[-120.54649300000001,39.22233599999999],[-120.545899,39.222086],[-120.54557499999999,39.221934],[-120.544933,39.221633999999995],[-120.54455700000001,39.221389],[-120.544225,39.221165],[-120.54383000000001,39.22102499999999],[-120.543462,39.22099],[-120.54312800000001,39.220998],[-120.5429,39.221048999999994],[-120.54257799999999,39.221135999999994],[-120.542257,39.221222999999995],[-120.54163199999999,39.221403],[-120.54115999999999,39.221496],[-120.54069099999997,39.22162399999999],[-120.54008500000002,39.22179899999999],[-120.53954699999997,39.221955],[-120.53874400000001,39.222161],[-120.53778499999997,39.22246299999999],[-120.537409,39.22255799999999],[-120.53715299999998,39.222646],[-120.536926,39.222776],[-120.536704,39.222871],[-120.53639199999999,39.222961],[-120.536009,39.223079],[-120.53571899999997,39.22317300000001],[-120.535533,39.22319799999999],[-120.534677,39.223330000000004],[-120.534389,39.223371],[-120.533998,39.223377],[-120.533632,39.22337199999999],[-120.532765,39.22332699999999],[-120.53257899999998,39.223333999999994],[-120.53248199999997,39.223339],[-120.53212600000002,39.223384],[-120.53178599999997,39.223401],[-120.53136000000002,39.223490999999996],[-120.53106900000002,39.223572],[-120.530885,39.22365299999999],[-120.53059899999998,39.22373999999999],[-120.53042000000002,39.223851999999994],[-120.53021900000002,39.223961],[-120.530113,39.223968],[-120.529978,39.223971],[-120.52989699999998,39.223963],[-120.529721,39.223923],[-120.529535,39.223891],[-120.52921000000002,39.22380499999999],[-120.52885000000002,39.223743999999996],[-120.528705,39.223732],[-120.52825499999997,39.223727],[-120.52778099999999,39.223732],[-120.527537,39.22372399999999],[-120.52735199999996,39.223727],[-120.52639799999996,39.223738000000004],[-120.52592300000002,39.223711],[-120.52566900000001,39.22366699999999],[-120.525615,39.223648],[-120.52543,39.22358499999999],[-120.525234,39.22347799999999],[-120.52513499999998,39.223397],[-120.524619,39.223001999999994],[-120.524463,39.222899],[-120.524026,39.222535],[-120.523788,39.22237899999999],[-120.52370099999999,39.222291999999996],[-120.523614,39.222173999999995],[-120.523451,39.22201199999999],[-120.523352,39.221941],[-120.52328,39.22184099999999],[-120.52317899999998,39.22176600000001],[-120.522607,39.22144699999999],[-120.52194799999998,39.221104999999994],[-120.521769,39.221032],[-120.52163300000001,39.220971999999996],[-120.52109899999998,39.220667000000006],[-120.520783,39.220521],[-120.52052999999997,39.220415],[-120.52038600000002,39.220381],[-120.52015599999999,39.220391],[-120.51988099999997,39.220408000000006],[-120.51955599999995,39.220462999999995],[-120.51928100000002,39.220475],[-120.51898800000001,39.220468],[-120.51879600000001,39.220459],[-120.51853499999999,39.220383],[-120.518332,39.220301],[-120.51805599999999,39.220136000000004],[-120.51796799999997,39.220067],[-120.517526,39.219662],[-120.51731800000002,39.21951099999999],[-120.51720399999999,39.21946400000001],[-120.51707999999999,39.219445],[-120.51687700000001,39.219443],[-120.516689,39.219477999999995],[-120.516236,39.219578],[-120.515318,39.219804],[-120.51512999999998,39.21984400000001],[-120.514443,39.220036],[-120.51419000000001,39.220061],[-120.51400100000001,39.220073],[-120.51370299999999,39.220061],[-120.51352299999999,39.220043],[-120.51342400000001,39.220035],[-120.513342,39.220029999999994],[-120.51317200000001,39.219987999999994],[-120.512385,39.219841],[-120.511898,39.21972300000001],[-120.51179699999999,39.219702000000005],[-120.511592,39.219622],[-120.51135099999998,39.219562],[-120.51095300000001,39.21948199999999],[-120.510724,39.219453],[-120.51048499999999,39.219432],[-120.510409,39.219397],[-120.510312,39.219361],[-120.510246,39.219319],[-120.51017699999997,39.219291],[-120.510042,39.219251],[-120.50985399999999,39.21920099999999],[-120.50958899999999,39.219107],[-120.50934699999999,39.219033],[-120.509138,39.218988],[-120.50904,39.21898],[-120.508987,39.218989],[-120.508723,39.218995],[-120.50846499999997,39.218984999999996],[-120.50811900000001,39.218956999999996],[-120.50786999999998,39.218942],[-120.507609,39.218898],[-120.507325,39.218844],[-120.507309,39.218841],[-120.507129,39.218773],[-120.506965,39.218689999999995],[-120.506778,39.218586],[-120.506413,39.218338],[-120.506099,39.21808699999999],[-120.505757,39.217874],[-120.505172,39.217599],[-120.50502699999998,39.21755499999999],[-120.504758,39.217518999999996],[-120.50457899999998,39.217527],[-120.504347,39.217549],[-120.50405600000002,39.21761899999999],[-120.503664,39.217729],[-120.50327300000001,39.217892],[-120.50296399999998,39.21799699999999],[-120.50275600000002,39.218008],[-120.502577,39.217988999999996],[-120.50241499999997,39.217926],[-120.50200299999999,39.217794],[-120.501651,39.217712999999996],[-120.501375,39.217716],[-120.50116799999998,39.217741999999994],[-120.50103699999997,39.217774],[-120.500899,39.217776],[-120.50077499999999,39.21778599999999],[-120.50003899999999,39.217788999999996],[-120.49987199999998,39.217803999999994],[-120.499785,39.217812],[-120.49938800000001,39.217839],[-120.49903000000002,39.217879],[-120.498734,39.217889],[-120.49845299999997,39.217886],[-120.49827899999997,39.21784900000001],[-120.49808199999998,39.217764],[-120.49792399999997,39.217702],[-120.497663,39.217625],[-120.49724899999997,39.21753],[-120.49696899999998,39.21748800000001],[-120.49685799999997,39.217447],[-120.496228,39.21721699999999],[-120.49599800000001,39.217169999999996],[-120.49587799999998,39.217150999999994],[-120.495786,39.21712399999999],[-120.49563799999999,39.217073],[-120.49547500000001,39.217034],[-120.49525600000001,39.216992999999995],[-120.49501299999999,39.216988],[-120.49482400000001,39.216999999999985],[-120.494615,39.217060000000004],[-120.49438699999997,39.217163000000006],[-120.49395099999995,39.217389],[-120.493747,39.21748199999999],[-120.493708,39.217501000000006],[-120.493175,39.217636],[-120.492754,39.21776],[-120.492385,39.21791],[-120.49222400000001,39.218021],[-120.492051,39.218189],[-120.491761,39.21842099999999],[-120.49134499999998,39.218579],[-120.49080400000001,39.218642],[-120.490326,39.21867],[-120.490111,39.21869099999999],[-120.489716,39.218663],[-120.489409,39.218578],[-120.488928,39.21837399999999],[-120.48855399999997,39.218166],[-120.48802999999998,39.217943999999996],[-120.48761499999998,39.21778799999999],[-120.48744600000002,39.217745999999984],[-120.487223,39.217690999999995],[-120.48700299999999,39.217653],[-120.48676299999998,39.217594999999996],[-120.48654599999999,39.21756499999999],[-120.48636300000001,39.217598],[-120.48590699999998,39.21769599999999],[-120.48583899999997,39.217708],[-120.48558599999998,39.217783],[-120.48543499999998,39.21783500000001],[-120.48524300000001,39.21786399999999],[-120.485175,39.21788000000001],[-120.48486299999998,39.217937],[-120.48474200000001,39.217931],[-120.484614,39.217909],[-120.484455,39.21785299999999],[-120.48425900000001,39.217752000000004],[-120.484062,39.21759999999999],[-120.48385500000002,39.217382],[-120.48355800000002,39.21712099999999],[-120.48332,39.216976],[-120.48330300000002,39.216966],[-120.483059,39.216919],[-120.48286500000002,39.216953],[-120.48250800000001,39.217062],[-120.481948,39.217327],[-120.481838,39.217405],[-120.48158,39.217561],[-120.48132199999999,39.21768],[-120.48117500000001,39.217724],[-120.48089399999998,39.21779],[-120.480403,39.217856999999995],[-120.48003300000002,39.21795199999999],[-120.479612,39.21805100000001],[-120.47919000000002,39.218086],[-120.47883000000002,39.217977999999995],[-120.47870299999997,39.21793399999999],[-120.47845199999998,39.21779],[-120.478254,39.217528],[-120.47811300000001,39.217286],[-120.47792900000002,39.217037999999995],[-120.477679,39.216977],[-120.47725700000001,39.216968],[-120.477244,39.216968],[-120.47696500000002,39.216998],[-120.47650600000001,39.217074],[-120.4762,39.217147],[-120.476021,39.21726000000001],[-120.47563999999997,39.21764799999999],[-120.47544999999998,39.217886],[-120.47536699999999,39.217967],[-120.475252,39.218070000000004],[-120.475114,39.21818600000001],[-120.474938,39.21834900000001],[-120.474779,39.218484],[-120.474599,39.21865199999999],[-120.47435899999998,39.21885499999999],[-120.474024,39.219064],[-120.47371300000002,39.219279],[-120.47341699999998,39.219389],[-120.47324900000001,39.21943499999999],[-120.47318599999998,39.219457000000006],[-120.47311899999998,39.21948199999999],[-120.47302300000001,39.219494],[-120.472926,39.219516999999996],[-120.47280499999998,39.219492],[-120.472718,39.21944],[-120.47256299999997,39.219376],[-120.472274,39.21924799999999],[-120.47209599999998,39.219144],[-120.47158899999998,39.218958],[-120.47115599999998,39.21890200000001],[-120.470924,39.21890200000001],[-120.470533,39.219015999999996],[-120.47031599999997,39.219097],[-120.470062,39.219141],[-120.469804,39.21917199999999],[-120.46945999999997,39.219123],[-120.46900200000002,39.219071],[-120.46857399999998,39.219062],[-120.46820599999997,39.219096],[-120.46799999999999,39.219152],[-120.46750200000001,39.21934399999999],[-120.467014,39.219416],[-120.46672099999999,39.21942699999999],[-120.466459,39.21942599999999],[-120.46635299999997,39.219416],[-120.46617699999999,39.219348000000004],[-120.465995,39.21925],[-120.46585199999997,39.21914699999999],[-120.46561899999999,39.21909500000001],[-120.46546900000001,39.219082],[-120.46517800000001,39.219057],[-120.464643,39.21906],[-120.46440300000002,39.219107],[-120.463967,39.219210999999994],[-120.46367,39.219346],[-120.463393,39.219512],[-120.46326,39.219648],[-120.463132,39.219726],[-120.463066,39.219782],[-120.46300099999999,39.21982299999999],[-120.462937,39.21989899999999],[-120.462868,39.21995299999999],[-120.46274099999997,39.220097],[-120.46259199999999,39.220276999999996],[-120.46245700000001,39.220368],[-120.46231499999998,39.220429],[-120.46215100000002,39.220448],[-120.461915,39.220462],[-120.460928,39.22053499999999],[-120.460563,39.22057399999999],[-120.46014600000001,39.220681000000006],[-120.45955700000002,39.220879],[-120.459307,39.22096],[-120.45862999999999,39.221181],[-120.45822400000002,39.221261000000005],[-120.457349,39.22130200000001],[-120.457018,39.221292],[-120.45669900000001,39.22123],[-120.45570699999999,39.221009],[-120.455388,39.22094599999999],[-120.45472399999998,39.220787],[-120.454217,39.220699],[-120.45393399999998,39.22064],[-120.453729,39.220585],[-120.45357300000002,39.220571],[-120.45330900000002,39.22058199999999],[-120.453053,39.220651],[-120.45224599999999,39.220889],[-120.451446,39.221118000000004],[-120.450665,39.221353],[-120.45040599999999,39.221424999999996],[-120.44987100000002,39.22161599999999],[-120.44930600000002,39.22178100000001],[-120.449064,39.221845],[-120.447816,39.221759],[-120.447609,39.221762],[-120.447416,39.22176499999999],[-120.44688599999999,39.221836],[-120.44665,39.221848],[-120.446476,39.22183],[-120.44621,39.221793999999996],[-120.44576799999997,39.22177800000001],[-120.44544300000001,39.221793000000005],[-120.44510999999999,39.22185],[-120.444853,39.22194699999999],[-120.444631,39.222078],[-120.44445299999997,39.22226799999999],[-120.444133,39.222544],[-120.44389100000001,39.222672],[-120.44373100000001,39.222746],[-120.44297599999997,39.223162],[-120.44278799999996,39.22323299999999],[-120.44244300000001,39.223328],[-120.44196300000002,39.223530999999994],[-120.44173199999999,39.223603],[-120.441393,39.223690000000005],[-120.44108999999997,39.223695],[-120.44083699999999,39.223709],[-120.44046,39.223861],[-120.440079,39.224044],[-120.43995400000001,39.224147],[-120.43974,39.22452999999999],[-120.43967100000002,39.224622999999994],[-120.43957900000001,39.224751],[-120.43936399999997,39.224968999999994],[-120.43915000000001,39.225077999999996],[-120.43899600000002,39.225205],[-120.438948,39.225280999999995],[-120.43887900000001,39.22538],[-120.43883400000001,39.22546],[-120.438696,39.22567699999999],[-120.43860399999998,39.225776],[-120.43851300000001,39.225837],[-120.438383,39.225886999999986],[-120.438193,39.225948],[-120.438055,39.22597900000001],[-120.43789400000001,39.226002],[-120.43771899999997,39.226082],[-120.43756700000002,39.226177],[-120.43733799999997,39.22644799999999],[-120.43727699999998,39.226512],[-120.437208,39.226558],[-120.43704799999999,39.226627],[-120.43698699999999,39.22668],[-120.43692599999997,39.22676799999999],[-120.43687300000002,39.226882],[-120.436827,39.227008],[-120.43678900000002,39.22706199999999],[-120.436704,39.227115],[-120.43662799999997,39.22718],[-120.436575,39.227267999999995],[-120.43653700000002,39.227359],[-120.436514,39.227436000000004],[-120.436476,39.22751999999999],[-120.43638400000002,39.22761899999999],[-120.43633899999999,39.227714],[-120.43622399999997,39.228012],[-120.436148,39.228065],[-120.436064,39.228134],[-120.43595699999999,39.22826],[-120.43584199999997,39.228503999999994],[-120.43584300000002,39.22886599999999],[-120.43580499999999,39.228939000000004],[-120.435758,39.229057],[-120.43568200000001,39.22916],[-120.435599,39.229232],[-120.43552200000002,39.22929],[-120.435453,39.229404],[-120.43539299999999,39.229518999999996],[-120.43535400000002,39.229644],[-120.43535400000002,39.229705],[-120.43533900000001,39.229785],[-120.435293,39.22989599999999],[-120.435263,39.230002999999996],[-120.43523199999998,39.230175],[-120.43513300000001,39.23056699999999],[-120.43505700000001,39.23104099999999],[-120.43501799999999,39.23110599999999],[-120.43472900000002,39.231388],[-120.434584,39.231544],[-120.434446,39.231669999999994],[-120.434332,39.231746],[-120.43407200000001,39.231937],[-120.43395799999999,39.23205899999999],[-120.43390499999998,39.232159],[-120.43381299999997,39.2323],[-120.43365299999998,39.232502],[-120.43353899999998,39.232715],[-120.43342399999999,39.23290599999999],[-120.433363,39.233073999999995],[-120.43347800000001,39.23325299999999],[-120.43360700000001,39.233473999999994],[-120.433699,39.233684],[-120.43373699999998,39.233852],[-120.43375199999997,39.234039],[-120.43373699999998,39.234169],[-120.43368299999997,39.234409],[-120.433699,39.23452],[-120.433729,39.234596],[-120.43374399999999,39.23468],[-120.43377500000001,39.234794],[-120.433798,39.23490499999999],[-120.433806,39.235003999999996],[-120.433828,39.235115],[-120.43385900000001,39.235214000000006],[-120.433875,39.23537399999999],[-120.43390399999998,39.23551100000001],[-120.43402700000001,39.23574000000001],[-120.434095,39.235831999999995],[-120.43415699999997,39.235893],[-120.43422499999998,39.235972999999994],[-120.434278,39.23607599999999],[-120.434284,39.236141],[-120.434294,39.236236],[-120.43427899999999,39.23641899999999],[-120.43427899999999,39.236655999999996],[-120.434309,39.23666699999999],[-120.434507,39.236709],[-120.434614,39.236721],[-120.43468299999998,39.236743999999995],[-120.43470599999998,39.236789],[-120.434744,39.23688800000001],[-120.434759,39.237068],[-120.434759,39.237194],[-120.434714,39.237343],[-120.43468299999998,39.237419],[-120.43463700000001,39.23745699999999],[-120.43456800000001,39.237495],[-120.434393,39.23754799999999],[-120.43427899999999,39.237594],[-120.43416399999997,39.23765499999999],[-120.43407299999997,39.23772],[-120.43397399999998,39.237861],[-120.43392699999997,39.237998999999995],[-120.43389699999997,39.238151],[-120.43387400000002,39.23835],[-120.43383599999997,39.238506],[-120.43383599999997,39.238730999999994],[-120.43389800000001,39.238918],[-120.43394300000001,39.238998],[-120.43402700000001,39.239101],[-120.43412600000002,39.239203999999994],[-120.434233,39.23945599999999],[-120.434309,39.23958499999999],[-120.43436199999998,39.239734],[-120.43438499999998,39.239875],[-120.43436299999999,39.240021],[-120.434347,39.240142],[-120.434348,39.240218999999996],[-120.434393,39.240325],[-120.434416,39.240463],[-120.43449299999999,39.240767999999996],[-120.43452299999998,39.240928],[-120.434515,39.24097],[-120.43449200000002,39.24102],[-120.43445399999999,39.24106999999999],[-120.434393,39.24112999999999],[-120.43435500000001,39.241214],[-120.43427899999999,39.24137499999999],[-120.43415600000002,39.241588],[-120.43405799999998,39.24171],[-120.43395799999999,39.241798],[-120.43389699999997,39.24187],[-120.43374500000002,39.241855],[-120.43341700000002,39.24183599999999],[-120.433218,39.241828999999996],[-120.43305799999999,39.24183599999999],[-120.432882,39.241873999999996],[-120.432846,39.241893],[-120.432738,39.241955],[-120.432608,39.24199599999999],[-120.43250899999998,39.24200799999999],[-120.43238599999998,39.242016],[-120.43221899999999,39.24201899999999],[-120.43198199999999,39.242015],[-120.43184500000001,39.24200799999999],[-120.431417,39.24195799999999],[-120.43120399999997,39.24198499999999],[-120.431014,39.242016],[-120.43081500000001,39.242065],[-120.430639,39.24209199999999],[-120.43050200000002,39.242134],[-120.43040299999998,39.242152999999995],[-120.430266,39.242191],[-120.430158,39.24221],[-120.42995300000001,39.242259999999995],[-120.429724,39.242309000000006],[-120.429213,39.242408],[-120.429114,39.24240100000001],[-120.428922,39.242366],[-120.428763,39.24234],[-120.428556,39.242321],[-120.42810600000001,39.242313],[-120.42797700000001,39.242321],[-120.42747299999998,39.242294],[-120.427313,39.24227100000001],[-120.42717599999999,39.24227100000001],[-120.426977,39.24230099999999],[-120.42684699999997,39.24234],[-120.426695,39.242405],[-120.426573,39.242447],[-120.42641299999998,39.242526999999995],[-120.42627500000002,39.242603],[-120.42607699999999,39.24268699999999],[-120.425749,39.242794],[-120.42546699999998,39.242931],[-120.42528399999999,39.243],[-120.425207,39.243023],[-120.425039,39.243011],[-120.42482499999998,39.243022],[-120.42468799999997,39.243007],[-120.42453600000002,39.243038000000006],[-120.42446,39.243084],[-120.424429,39.243122],[-120.42435299999998,39.24316799999999],[-120.42428400000001,39.243190000000006],[-120.424108,39.243225],[-120.42395599999999,39.243235999999996],[-120.42371900000002,39.243263],[-120.42356699999998,39.243282],[-120.423078,39.24337],[-120.422659,39.2435],[-120.42251399999998,39.243511],[-120.42228499999999,39.24354499999999],[-120.422079,39.243557],[-120.421842,39.243582999999994],[-120.421629,39.24358399999999],[-120.42110299999997,39.243557],[-120.42094199999997,39.243559999999995],[-120.42078199999997,39.24354099999999],[-120.420629,39.243477],[-120.42054499999998,39.243553],[-120.42046899999998,39.243637],[-120.420439,39.243694],[-120.42039300000002,39.243765999999994],[-120.420355,39.243846999999995],[-120.420324,39.243896],[-120.420311,39.243967999999995],[-120.42030900000002,39.24398399999999],[-120.420202,39.24406399999999],[-120.420118,39.244167],[-120.42000300000001,39.244365],[-120.419927,39.244453],[-120.41985899999999,39.244499],[-120.41976699999996,39.244552],[-120.419653,39.24460599999999],[-120.419546,39.24467099999999],[-120.419462,39.244758999999995],[-120.41939400000001,39.244842],[-120.419287,39.24495700000001],[-120.41920299999997,39.245025],[-120.419057,39.245205],[-120.41901200000001,39.245262],[-120.41895899999997,39.24534599999999],[-120.418897,39.245479],[-120.41885999999998,39.245598],[-120.418806,39.245743],[-120.41872199999997,39.245785],[-120.41858399999997,39.24583799999999],[-120.418432,39.245853000000004],[-120.418302,39.245849],[-120.41793599999997,39.245823],[-120.41779900000002,39.245788],[-120.41749300000001,39.24566999999999],[-120.41734899999999,39.24562399999999],[-120.41709000000002,39.24554799999999],[-120.41672299999999,39.245434],[-120.41650099999997,39.245334],[-120.41643300000001,39.245284999999996],[-120.41626500000001,39.24508699999999],[-120.416098,39.244915],[-120.415884,39.24473900000001],[-120.41576199999997,39.24467799999999],[-120.415632,39.244629],[-120.41550200000002,39.244549],[-120.41537300000002,39.244438],[-120.41523600000001,39.244312],[-120.415113,39.24422799999999],[-120.41503399999999,39.24413100000001],[-120.41499899999997,39.24408699999999],[-120.41488399999999,39.243996],[-120.414808,39.243949999999984],[-120.41470900000002,39.243903999999986],[-120.414442,39.243824],[-120.41419699999997,39.243773999999995],[-120.413717,39.243637],[-120.413412,39.243519],[-120.413282,39.24347300000001],[-120.413183,39.243430999999994],[-120.413053,39.243423],[-120.412985,39.243430999999994],[-120.41281699999999,39.24347300000001],[-120.41269500000001,39.243519],[-120.412603,39.24354499999999],[-120.412436,39.243599],[-120.41212200000001,39.243748000000004],[-120.41179499999998,39.243896],[-120.41163400000002,39.243953],[-120.41142800000002,39.243992],[-120.41121499999998,39.244011],[-120.41106199999999,39.244003],[-120.41091699999998,39.24398399999999],[-120.410749,39.24396900000001],[-120.41052799999997,39.243956999999995],[-120.41038300000001,39.243942],[-120.410207,39.243954],[-120.40990200000002,39.243992],[-120.40973500000001,39.244049000000004],[-120.40958199999997,39.244113999999996],[-120.40939899999998,39.24422100000001],[-120.40925400000002,39.24432699999999],[-120.40903299999997,39.244415],[-120.40879599999997,39.24444999999999],[-120.408659,39.244465],[-120.40852899999997,39.244468999999995],[-120.40836899999998,39.24444999999999],[-120.40829199999997,39.244465],[-120.408262,39.24450699999999],[-120.408246,39.244545],[-120.408239,39.24468199999999],[-120.408247,39.24484999999999],[-120.408239,39.244976],[-120.40820799999997,39.245083],[-120.40814699999997,39.245228],[-120.408033,39.24559],[-120.40800200000001,39.24570799999999],[-120.407964,39.245815],[-120.407919,39.24596799999999],[-120.407872,39.246105],[-120.407835,39.246239],[-120.40781200000002,39.24636100000001],[-120.407705,39.246554999999994],[-120.40763600000001,39.246624],[-120.40755299999998,39.246731],[-120.40740699999999,39.247024999999994],[-120.40734599999998,39.247158],[-120.407232,39.247310999999996],[-120.40715599999999,39.24743599999999],[-120.40701799999998,39.247566],[-120.40687300000002,39.24775300000001],[-120.40671299999997,39.24797399999999],[-120.40660699999998,39.248093],[-120.40650699999999,39.248222],[-120.40637699999999,39.248359999999984],[-120.40612599999999,39.248566],[-120.40592700000002,39.248707],[-120.40576699999997,39.248813],[-120.40570600000001,39.248881999999995],[-120.40542399999998,39.24909999999999],[-120.40527300000001,39.249241],[-120.40521699999998,39.249294],[-120.40501199999999,39.249454],[-120.40486699999997,39.249576],[-120.404722,39.249744],[-120.404508,39.24990499999999],[-120.404379,39.24996899999999],[-120.40424899999998,39.250072],[-120.40417199999997,39.250141],[-120.404073,39.250274999999995],[-120.403807,39.250557],[-120.403653,39.250683],[-120.403509,39.250839],[-120.40320299999999,39.25114800000001],[-120.403097,39.251232],[-120.40295199999998,39.251282],[-120.40283700000002,39.251312],[-120.402692,39.25132299999999],[-120.40258500000002,39.251307999999995],[-120.40248699999998,39.251273999999995],[-120.402425,39.25124],[-120.402364,39.251213],[-120.402318,39.251163],[-120.402235,39.251018],[-120.40216599999998,39.250934],[-120.402104,39.250896],[-120.401998,39.25084699999999],[-120.40193700000002,39.250835],[-120.401876,39.250831],[-120.401792,39.250835],[-120.401663,39.250858],[-120.401456,39.25090399999999],[-120.401128,39.250999],[-120.40068500000001,39.25104499999999],[-120.40026599999997,39.251106],[-120.399663,39.251156],[-120.399442,39.25118299999999],[-120.399282,39.251186],[-120.39914399999999,39.251179],[-120.39903100000001,39.251186],[-120.39897699999999,39.251189999999994],[-120.39862600000001,39.251179],[-120.398412,39.251202],[-120.398198,39.251208999999996],[-120.398008,39.251221],[-120.39777899999999,39.25124699999999],[-120.39761899999999,39.251273999999995],[-120.397466,39.251293],[-120.39728300000002,39.251324],[-120.39701599999998,39.25135],[-120.39638200000002,39.25135],[-120.396093,39.251332],[-120.39580299999999,39.251296999999994],[-120.39555899999999,39.251255],[-120.394963,39.25112899999999],[-120.394582,39.251082999999994],[-120.394376,39.25104499999999],[-120.394018,39.251026],[-120.39317799999999,39.251056999999996],[-120.392865,39.251091],[-120.39263600000001,39.25111],[-120.39208699999998,39.251232],[-120.39192700000001,39.251293],[-120.39173700000002,39.251373],[-120.39153799999997,39.251433999999996],[-120.39133199999999,39.251464999999996],[-120.39095799999998,39.25154100000001],[-120.39072199999997,39.25156],[-120.39042399999997,39.251555999999994],[-120.39032100000001,39.25155899999999],[-120.390203,39.251564],[-120.389554,39.251678999999996],[-120.38929499999998,39.251717000000006],[-120.38867599999998,39.251735999999994],[-120.388433,39.25172],[-120.38818900000001,39.25168599999999],[-120.38784599999997,39.25168599999999],[-120.38740199999998,39.251720999999996],[-120.387112,39.251732],[-120.386731,39.251735999999994],[-120.38609799999999,39.251765999999996],[-120.38576500000002,39.251852],[-120.385731,39.251862],[-120.385426,39.251988],[-120.385144,39.252167],[-120.38480799999999,39.252327],[-120.384488,39.252464999999994],[-120.38404600000001,39.252621],[-120.38380099999999,39.25269],[-120.38329800000001,39.25281499999999],[-120.38268699999998,39.253082],[-120.382505,39.253181999999995],[-120.38232200000002,39.25333],[-120.38223800000002,39.25346400000001],[-120.38216099999997,39.253574],[-120.38195499999999,39.253841],[-120.38181699999997,39.25399399999999],[-120.38173399999998,39.254078],[-120.381612,39.25417],[-120.38155400000001,39.25420199999999],[-120.38149699999998,39.254234],[-120.381367,39.254295],[-120.38108599999998,39.254395],[-120.38002500000002,39.254814],[-120.379964,39.254757],[-120.37984200000001,39.254712],[-120.379697,39.254666],[-120.37957399999999,39.25462],[-120.379376,39.25450099999999],[-120.379178,39.254398],[-120.37904599999999,39.25434],[-120.378415,39.25406699999999],[-120.377911,39.25391],[-120.377667,39.253846],[-120.377454,39.253822],[-120.37710299999999,39.25374600000001],[-120.376668,39.253708],[-120.37616499999997,39.253654999999995],[-120.376034,39.253651],[-120.37586499999998,39.25364299999999],[-120.37577499999998,39.25363999999999],[-120.375401,39.25364299999999],[-120.37516400000001,39.25369299999999],[-120.374791,39.2538],[-120.37463000000001,39.25383800000001],[-120.37435600000002,39.253926],[-120.37428499999999,39.253950999999994],[-120.37402799999997,39.254044],[-120.373761,39.254162],[-120.37353199999998,39.254277],[-120.37330999999998,39.254352999999995],[-120.37278400000001,39.254349],[-120.37262400000002,39.254311],[-120.37225799999999,39.25428399999999],[-120.371872,39.254216],[-120.37184499999998,39.254212],[-120.37164799999996,39.25419699999999],[-120.371434,39.254216],[-120.371037,39.254360000000005],[-120.37086199999996,39.254448],[-120.37076300000001,39.254505],[-120.37062499999999,39.254585999999996],[-120.370503,39.254630999999996],[-120.37041199999999,39.25467299999999],[-120.37020499999998,39.25468800000001],[-120.369747,39.254639],[-120.36949600000001,39.254597],[-120.36855699999997,39.254273000000005],[-120.36839700000002,39.25418500000001],[-120.36811499999999,39.253949],[-120.367962,39.253842],[-120.367871,39.253769000000005],[-120.367741,39.253708],[-120.36734399999997,39.25342199999999],[-120.367327,39.253411],[-120.367153,39.253299999999996],[-120.36697,39.253193],[-120.36679499999997,39.253128],[-120.36653599999998,39.253043999999996],[-120.36647499999998,39.253032999999995],[-120.36639099999998,39.253006],[-120.366276,39.252995],[-120.36608500000001,39.253006],[-120.36552099999997,39.25311299999999],[-120.365323,39.253144000000006],[-120.365155,39.25315499999999],[-120.36510099999998,39.253150999999995],[-120.36491099999999,39.25315499999999],[-120.36455199999997,39.253117],[-120.36431600000002,39.253109],[-120.364117,39.253131999999994],[-120.363781,39.25316300000001],[-120.36349199999998,39.25316300000001],[-120.363324,39.253139999999995],[-120.36312499999998,39.253147999999996],[-120.36288099999999,39.253144000000006],[-120.362621,39.253097999999994],[-120.3624,39.253009999999996],[-120.36210999999997,39.252846],[-120.36201199999998,39.25275500000001],[-120.36189699999998,39.252601999999996],[-120.361714,39.252415],[-120.361591,39.252235999999996],[-120.36140100000001,39.251992],[-120.361226,39.251720999999996],[-120.36115700000002,39.251521999999994],[-120.361081,39.251332],[-120.361012,39.25118299999999],[-120.360928,39.251049],[-120.36082099999999,39.25092699999999],[-120.36057699999999,39.250747999999994],[-120.35997399999997,39.250531],[-120.35910400000002,39.250203],[-120.358997,39.25011099999999],[-120.35887600000001,39.250016],[-120.35872300000001,39.24990499999999],[-120.358571,39.249807],[-120.35840200000001,39.249699],[-120.358143,39.24947],[-120.35786,39.249340999999994],[-120.35750199999997,39.249226],[-120.35708199999998,39.249177],[-120.35692199999998,39.249138],[-120.35686099999998,39.249138],[-120.356815,39.24915000000001],[-120.356785,39.249138],[-120.356655,39.249031],[-120.356541,39.24895899999999],[-120.35600600000001,39.248802999999995],[-120.35582399999997,39.248715],[-120.355717,39.24865],[-120.35561799999999,39.248569999999994],[-120.35550999999998,39.248532],[-120.35547999999999,39.248532],[-120.355297,39.248524],[-120.35480699999997,39.248518],[-120.354626,39.24851699999999],[-120.354267,39.24849],[-120.354061,39.24845899999999],[-120.353954,39.24843299999999],[-120.353855,39.24839099999999],[-120.353786,39.248353],[-120.353695,39.24831799999999],[-120.353626,39.24830300000001],[-120.353534,39.24831099999999],[-120.35331299999999,39.24837899999999],[-120.35285799999997,39.248529],[-120.35275700000001,39.248563],[-120.35262699999997,39.2486],[-120.35252000000001,39.24862],[-120.35248199999998,39.248608],[-120.35243600000001,39.24843599999999],[-120.35240300000001,39.248338000000004],[-120.352345,39.248168],[-120.35227600000002,39.247967],[-120.35213599999999,39.247675],[-120.35206,39.247514],[-120.352047,39.24748699999999],[-120.351894,39.247323],[-120.35176499999997,39.24719699999999],[-120.351551,39.247082],[-120.351284,39.247001999999995],[-120.350566,39.246937],[-120.35027699999999,39.24692199999999],[-120.350155,39.24693],[-120.350071,39.246925999999995],[-120.349957,39.246898999999985],[-120.34983299999999,39.246832],[-120.34978099999996,39.24680399999999],[-120.349582,39.24667],[-120.34933100000002,39.24644099999999],[-120.349094,39.24627399999999],[-120.34892599999999,39.246193],[-120.34873499999998,39.246120999999995],[-120.34842999999996,39.245995],[-120.34824699999999,39.245816],[-120.34738499999999,39.24536199999999],[-120.34695000000002,39.245202],[-120.34653099999997,39.24510999999999],[-120.34628600000002,39.24504900000001],[-120.34602699999998,39.244954],[-120.34571399999999,39.24481699999999],[-120.344967,39.244649],[-120.34470700000001,39.244607],[-120.34459999999999,39.244595],[-120.34422600000002,39.244622],[-120.343952,39.24468699999999],[-120.343532,39.244832],[-120.34318099999997,39.244973],[-120.34315099999999,39.244983],[-120.34287600000002,39.24508],[-120.34278399999998,39.245084],[-120.34270100000002,39.24507599999999],[-120.342647,39.245057],[-120.342487,39.24498],[-120.342312,39.244874],[-120.34187600000001,39.244659999999996],[-120.34184600000002,39.244656],[-120.34180100000002,39.244656],[-120.34174700000001,39.244649],[-120.34160199999997,39.24458],[-120.34147999999999,39.244504],[-120.34134199999998,39.244426999999995],[-120.34122100000002,39.244350999999995],[-120.34117499999998,39.244336000000004],[-120.34113700000002,39.244327999999996],[-120.34104500000001,39.244324000000006],[-120.340922,39.244324000000006],[-120.34089200000001,39.244324000000006],[-120.34070199999998,39.244267],[-120.340496,39.24419799999999],[-120.34032000000002,39.244144999999996],[-120.34015200000002,39.24414899999999],[-120.340053,39.244232999999994],[-120.33986200000001,39.24440799999999],[-120.339711,39.24456],[-120.339683,39.24456099999999],[-120.33925199999999,39.24488899999999],[-120.33852,39.24538100000001],[-120.33843599999999,39.245461],[-120.338367,39.245568],[-120.33829,39.24558699999999],[-120.33821499999999,39.245560999999995],[-120.33811700000001,39.245439999999995],[-120.338085,39.24539999999999],[-120.33787099999999,39.245183],[-120.33770299999998,39.245099],[-120.33755000000001,39.24508699999999],[-120.33748100000001,39.245068],[-120.337467,39.245133],[-120.33742,39.24516799999999],[-120.337337,39.245221],[-120.33681100000001,39.245423],[-120.33668,39.24551499999999],[-120.336597,39.245648],[-120.33656599999998,39.245724],[-120.33648999999998,39.245777999999994],[-120.33642099999999,39.245777999999994],[-120.33636,39.245763],[-120.336307,39.24573199999999],[-120.33626099999996,39.24572799999999],[-120.33617,39.24573199999999],[-120.33604000000001,39.245763],[-120.33604000000001,39.245828],[-120.335987,39.246052999999996],[-120.335879,39.246281],[-120.33558999999998,39.246545],[-120.335414,39.246644],[-120.33445999999999,39.24698699999999],[-120.33409400000001,39.24707099999999],[-120.33382000000002,39.247116999999996],[-120.33361399999998,39.247094],[-120.333522,39.247083],[-120.33344600000001,39.247094],[-120.33336999999999,39.247120999999986],[-120.33312499999998,39.247304],[-120.33297999999999,39.247388],[-120.33285099999999,39.247472],[-120.33276699999998,39.247493999999996],[-120.332675,39.247502],[-120.33251499999999,39.24749800000001],[-120.332339,39.24746],[-120.33220199999998,39.247422],[-120.33201100000001,39.24738],[-120.33167299999997,39.24719999999999],[-120.331553,39.246955],[-120.33124100000002,39.246885999999996],[-120.330933,39.247142],[-120.330814,39.247342],[-120.33069099999997,39.24737600000001],[-120.3306,39.24738],[-120.33052399999998,39.247364999999995],[-120.33043999999998,39.247338],[-120.33015,39.247144000000006],[-120.33002,39.247029],[-120.32986,39.246934],[-120.32979100000001,39.24691899999999],[-120.32960399999999,39.246869],[-120.32931099999999,39.246872999999994],[-120.32880000000002,39.24693],[-120.32825,39.247056],[-120.327723,39.247144000000006],[-120.327457,39.247239],[-120.32722,39.24738],[-120.32710599999997,39.247499],[-120.32702199999997,39.247552],[-120.32692999999999,39.24759],[-120.32683100000001,39.247605],[-120.326602,39.247612999999994],[-120.32636099999998,39.24768799999999],[-120.32601499999997,39.247795999999994],[-120.32583899999997,39.247914],[-120.325733,39.24800199999999],[-120.32560999999997,39.248067],[-120.32532000000002,39.248151],[-120.325176,39.24823500000001],[-120.32471,39.24867],[-120.32416100000002,39.249177],[-120.323626,39.249249],[-120.32342099999998,39.249267999999994],[-120.32326099999999,39.249269],[-120.32306199999996,39.24925700000001],[-120.32292500000001,39.24923],[-120.32280999999999,39.24918899999999],[-120.32258099999997,39.249058999999995],[-120.322452,39.248944],[-120.32240499999999,39.248867999999995],[-120.32236000000002,39.248776],[-120.32234500000001,39.248654],[-120.322329,39.24840999999999],[-120.32236000000002,39.248231],[-120.32234500000001,39.248173],[-120.32230600000001,39.24812000000001],[-120.322146,39.247979],[-120.322055,39.24791799999999],[-120.321925,39.247868999999994],[-120.321719,39.247806999999995],[-120.32161199999999,39.24776899999999],[-120.32149000000001,39.247719999999994],[-120.321383,39.24764299999999],[-120.32123099999998,39.24749800000001],[-120.32109300000002,39.247288999999995],[-120.320972,39.247120999999986],[-120.32085,39.247014],[-120.320735,39.246934],[-120.320399,39.24679999999999],[-120.320285,39.24672399999999],[-120.320086,39.246602],[-120.319659,39.24636600000001],[-120.31952200000002,39.24627],[-120.319384,39.246209],[-120.319224,39.24616699999999],[-120.31911,39.24610599999999],[-120.31889600000001,39.245915],[-120.31852300000001,39.245618],[-120.31831699999998,39.245377],[-120.318065,39.24510699999999],[-120.31787399999999,39.244949999999996],[-120.317645,39.244813],[-120.31724,39.244607],[-120.31703399999999,39.244542],[-120.316744,39.24449199999999],[-120.316592,39.244476999999996],[-120.31646199999997,39.24446999999999],[-120.31637000000002,39.24443500000001],[-120.31624100000002,39.244332],[-120.31613399999998,39.24425999999999],[-120.31597399999998,39.244190999999994],[-120.31537799999997,39.243981000000005],[-120.31511200000001,39.243833],[-120.31497400000002,39.243641999999994],[-120.31485999999998,39.24343199999999],[-120.314776,39.243184],[-120.3146,39.24285600000001],[-120.31443999999999,39.24260799999999],[-120.31426500000002,39.242414],[-120.31401300000002,39.24216599999999],[-120.31376899999997,39.241994],[-120.313631,39.24190999999999],[-120.31342500000001,39.241761000000004],[-120.31321200000001,39.24163599999999],[-120.31321200000001,39.241548],[-120.31327299999998,39.24141800000001],[-120.31343299999999,39.241323],[-120.31375299999998,39.241178],[-120.313822,39.24113599999999],[-120.31385299999997,39.241074999999995],[-120.31385299999997,39.24096399999999],[-120.31373099999999,39.2408],[-120.31355500000001,39.240647],[-120.31297500000001,39.240201],[-120.31284600000001,39.240048],[-120.31273899999997,39.23990400000001],[-120.312724,39.239655],[-120.312769,39.239453],[-120.31289900000002,39.239312],[-120.31289900000002,39.23921699999999],[-120.31257899999997,39.23907599999999],[-120.31235,39.23904199999999],[-120.312309,39.239031],[-120.312189,39.239],[-120.31211300000001,39.238938],[-120.311953,39.238834999999995],[-120.311641,39.238694],[-120.31150999999998,39.238561],[-120.311365,39.238111],[-120.31128199999998,39.237985],[-120.31112899999998,39.23785099999999],[-120.31099900000001,39.237756],[-120.310946,39.237622],[-120.310839,39.23748499999999],[-120.31067899999996,39.237404999999995],[-120.31009899999998,39.237264],[-120.30977799999998,39.237214],[-120.30925199999999,39.237146],[-120.308939,39.237142],[-120.30816,39.237165],[-120.30795499999998,39.23719899999999],[-120.307665,39.237294],[-120.30716899999997,39.237531000000004],[-120.30705400000001,39.23757299999999],[-120.30692499999998,39.237596],[-120.30681100000001,39.23758000000001],[-120.306719,39.23753500000001],[-120.306589,39.23740899999999],[-120.30651299999998,39.237249],[-120.306391,39.23711900000001],[-120.30623100000001,39.23702299999999],[-120.305933,39.23700399999999],[-120.305491,39.237107],[-120.304903,39.23723699999999],[-120.30475,39.237256],[-120.30460600000002,39.237248],[-120.30438500000001,39.23720300000001],[-120.30407899999999,39.23713399999999],[-120.303545,39.236997],[-120.30336900000002,39.236959],[-120.30300299999999,39.236951],[-120.302675,39.236951],[-120.302431,39.236924],[-120.30210299999999,39.236824999999996],[-120.30185099999996,39.236722],[-120.30174200000002,39.236657],[-120.301645,39.2366],[-120.301371,39.236497],[-120.30111899999997,39.236421],[-120.30085999999999,39.236264],[-120.30049300000002,39.23601699999999],[-120.30000499999997,39.23566199999999],[-120.29971500000002,39.23542499999999],[-120.29927199999999,39.23515799999999],[-120.29876199999998,39.234788],[-120.29850900000001,39.23458999999999],[-120.29844899999999,39.234533],[-120.29828099999999,39.234398999999996],[-120.29799800000002,39.234113],[-120.29789900000002,39.233942],[-120.29786099999998,39.23384999999999],[-120.297831,39.233743],[-120.29779199999997,39.233518],[-120.29773100000001,39.233316],[-120.29768599999998,39.233133],[-120.29760899999998,39.232960999999996],[-120.29762499999997,39.23281599999999],[-120.29760899999998,39.23260599999999],[-120.29754799999998,39.23244999999999],[-120.297579,39.23210999999999],[-120.297624,39.231859],[-120.2978,39.231671999999996],[-120.29808999999997,39.23149999999999],[-120.298372,39.231225],[-120.298868,39.230577000000004],[-120.29953900000001,39.22955399999999],[-120.29976799999997,39.229135],[-120.299898,39.22882599999999],[-120.29990700000002,39.228799],[-120.300341,39.227609],[-120.300425,39.22742199999999],[-120.30053800000002,39.227208],[-120.300714,39.226999],[-120.30079099999999,39.22686499999999],[-120.30111899999997,39.22654099999999],[-120.30127199999998,39.22633100000001],[-120.30148499999999,39.226003],[-120.301859,39.225609999999996],[-120.30243899999999,39.22496199999999],[-120.302599,39.224695],[-120.302759,39.22437800000001],[-120.30288099999997,39.224057],[-120.30296499999997,39.223881999999996],[-120.303018,39.223802],[-120.30304899999999,39.223695],[-120.303064,39.223577000000006],[-120.30307900000001,39.223378],[-120.30310199999997,39.22332099999999],[-120.30314800000001,39.223272],[-120.303438,39.223081],[-120.303629,39.222982],[-120.30368200000001,39.222947000000005],[-120.303804,39.22276000000001],[-120.30393400000001,39.22258099999999],[-120.30436099999999,39.222187999999996],[-120.30443000000001,39.222101],[-120.304513,39.222013],[-120.304918,39.221822],[-120.305254,39.221619999999994],[-120.305338,39.218577],[-120.30225899999999,39.214998],[-120.301449,39.213672],[-120.30503699999998,39.213845],[-120.309404,39.214054999999995],[-120.309878,39.207758],[-120.309623,39.20775],[-120.30699899999999,39.20766499999999],[-120.301089,39.20753500000001],[-120.30053299999999,39.20750799999999],[-120.29044,39.207283000000004],[-120.28880399999997,39.207165999999994],[-120.28163200000002,39.206474],[-120.28000800000001,39.206411],[-120.273609,39.20582399999999],[-120.267376,39.205921],[-120.26574599999998,39.20587],[-120.260856,39.20571699999999],[-120.259226,39.205666],[-120.25686199999998,39.205598],[-120.254987,39.205544],[-120.25499199999997,39.20368499999999],[-120.25499100000002,39.203553],[-120.25499199999997,39.201194],[-120.254988,39.200068],[-120.25498,39.199017],[-120.25498,39.19707600000001],[-120.255,39.195239],[-120.254975,39.194976],[-120.254963,39.19125699999999],[-120.25498,39.187939],[-120.25501899999998,39.187166],[-120.25491399999999,39.18722199999999],[-120.254918,39.187043],[-120.254951,39.185328],[-120.258424,39.185483999999995],[-120.258187,39.18558899999999],[-120.262006,39.185756999999995],[-120.26505099999997,39.18588],[-120.26499800000002,39.184113999999994],[-120.26494499999998,39.182328999999996],[-120.26490500000001,39.181007],[-120.26481500000001,39.178072],[-120.26473800000001,39.17545199999999],[-120.264729,39.175124],[-120.26461899999997,39.171401],[-120.26455800000001,39.169909],[-120.26446599999997,39.167879],[-120.26448,39.166832],[-120.26407499999998,39.150477],[-120.26405199999999,39.150507],[-120.263907,39.150644],[-120.26294499999999,39.13480199999999],[-120.261872,39.11653999999999],[-120.26140699999999,39.10871],[-120.25982900000001,39.075101],[-120.259752,39.074386999999994],[-120.25973,39.07366],[-120.259666,39.07147899999999],[-120.25964499999999,39.070752],[-120.25964099999997,39.069879],[-120.259632,39.067261],[-120.259629,39.066388999999994],[-120.259623,39.06631099999999],[-120.259605,39.066077],[-120.25959999999998,39.065999999999995],[-120.25959399999999,39.06552899999999],[-120.25957600000001,39.064118],[-120.25957000000001,39.063648],[-120.259518,39.05976299999999],[-120.25942399999998,39.052662999999995],[-120.25936299999998,39.04810799999999],[-120.25931200000001,39.044224],[-120.25930599999998,39.04230999999999],[-120.25928800000001,39.03657100000001],[-120.25928200000001,39.03465799999999],[-120.259283,39.03458299999999],[-120.259284,39.034507999999995],[-120.25928499999999,39.034423],[-120.25928899999998,39.034158999999995],[-120.25929400000001,39.03380899999999],[-120.25929499999997,39.033722],[-120.25929600000002,39.033648],[-120.259298,39.033488],[-120.25925799999999,39.03219],[-120.25913800000001,39.028296],[-120.25909899999998,39.026999],[-120.25909300000001,39.026547],[-120.25907799999997,39.025194],[-120.259073,39.024743],[-120.25933599999998,39.024744],[-120.25934299999997,39.024441],[-120.25936899999999,39.02346],[-120.260084,39.023459],[-120.26064999999997,39.023459],[-120.260857,39.023459],[-120.29274499999997,39.023444],[-120.29434700000002,39.023444],[-120.29691299999998,39.023442],[-120.298477,39.023441000000005],[-120.29849999999999,39.023437],[-120.29853899999999,39.023441000000005],[-120.30035099999999,39.02344],[-120.308674,39.02343299999999],[-120.309722,39.02343299999999],[-120.32305699999999,39.022707000000004],[-120.32355800000002,39.02267899999999],[-120.32506200000002,39.022598],[-120.32556400000001,39.022571],[-120.325734,39.022560999999996],[-120.32624500000001,39.022534],[-120.326416,39.02252499999999],[-120.32682500000001,39.022502],[-120.32805500000002,39.02243599999999],[-120.32812199999998,39.022433],[-120.328466,39.022449],[-120.34628099999999,39.023301000000004],[-120.370657,39.02446400000001],[-120.371301,39.024494],[-120.37323399999998,39.024587],[-120.37387899999999,39.02461900000001],[-120.37455400000002,39.024578],[-120.37602900000002,39.024489],[-120.37658099999999,39.024517],[-120.37725799999998,39.024552],[-120.377334,39.02455599999999],[-120.377565,39.024568],[-120.37764200000001,39.024572],[-120.378245,39.024602],[-120.380054,39.024694999999994],[-120.380657,39.024726],[-120.38118899999999,39.024753],[-120.38278599999997,39.024835],[-120.38331900000001,39.024863],[-120.38425299999999,39.024926],[-120.387055,39.025115],[-120.38799,39.025178],[-120.38824600000001,39.02519499999999],[-120.38901399999999,39.02524700000001],[-120.38927000000001,39.025265],[-120.390195,39.02529899999999],[-120.392973,39.02540100000001],[-120.39389900000002,39.025435],[-120.397622,39.02564400000001],[-120.40879199999999,39.026271],[-120.41224799999998,39.026464999999995],[-120.41251500000001,39.026487],[-120.413495,39.026568999999995],[-120.41643799999997,39.02681599999999],[-120.417419,39.026899],[-120.42098299999998,39.027198],[-120.431675,39.028096999999995],[-120.435105,39.028386],[-120.43524,39.02839699999999],[-120.435299,39.028163],[-120.43557499999997,39.027938],[-120.43573,39.027851],[-120.435845,39.027787999999994],[-120.43628699999996,39.02758099999999],[-120.436704,39.027494000000004],[-120.43714199999998,39.027389],[-120.43735799999997,39.027279],[-120.4375,39.02714699999999],[-120.43758599999998,39.02693299999999],[-120.43761200000002,39.026849],[-120.437641,39.02678],[-120.43770800000001,39.02662699999999],[-120.43793599999997,39.026064],[-120.43799399999999,39.025918],[-120.43808399999999,39.025698],[-120.43816500000001,39.025478],[-120.43820699999998,39.02536699999999],[-120.43822099999998,39.025330999999994],[-120.43838,39.024926],[-120.43857000000001,39.02473599999999],[-120.43873800000001,39.024586],[-120.43916800000001,39.024207],[-120.439673,39.02398099999999],[-120.43998999999998,39.02387099999999],[-120.44128,39.023566999999986],[-120.441554,39.02350299999999],[-120.441983,39.023283],[-120.44210599999997,39.023172],[-120.44213499999996,39.023145],[-120.442222,39.023064999999995],[-120.44225199999998,39.02303899999999],[-120.44225999999996,39.02303199999999],[-120.442373,39.02277699999999],[-120.44238000000001,39.02275],[-120.44259399999997,39.022013],[-120.44265600000001,39.021839],[-120.44271000000002,39.02168999999999],[-120.44272499999998,39.02153199999999],[-120.442803,39.021297999999994],[-120.442916,39.021032],[-120.44315599999997,39.020678],[-120.44317699999998,39.020641999999995],[-120.44330500000001,39.020426],[-120.44355100000001,39.020011],[-120.443684,39.019821],[-120.44397899999997,39.01940299999999],[-120.444237,39.019103],[-120.444573,39.018767],[-120.44486300000001,39.01833899999999],[-120.444976,39.01812399999999],[-120.445048,39.017988],[-120.445213,39.017595],[-120.445228,39.017462],[-120.445274,39.017044],[-120.44527299999997,39.01658],[-120.44527299999997,39.016518],[-120.445061,39.015708],[-120.44497400000002,39.015260999999995],[-120.44512899999997,39.01477599999999],[-120.44536299999997,39.01420199999999],[-120.44541799999999,39.01404200000001],[-120.44547399999998,39.013883],[-120.44550299999997,39.013652],[-120.44554500000001,39.013433],[-120.445555,39.013348],[-120.44556499999999,39.013174],[-120.445589,39.01278000000001],[-120.44556699999997,39.012515],[-120.44544900000001,39.011049],[-120.44541299999997,39.010542],[-120.445381,39.010065999999995],[-120.44543099999999,39.009891],[-120.44571099999997,39.00891399999999],[-120.44583000000002,39.008739],[-120.44612500000001,39.00831099999999],[-120.447264,39.007611999999995],[-120.448528,39.006899],[-120.448849,39.00670399999999],[-120.44888600000002,39.006682],[-120.449465,39.006083],[-120.44955300000001,39.005742],[-120.44956299999997,39.005697999999995],[-120.44959699999997,39.005566],[-120.449609,39.005523],[-120.44967999999997,39.00525],[-120.44956299999997,39.00334899999999],[-120.44959300000001,39.002493],[-120.449602,39.002255],[-120.449726,39.001694],[-120.44993700000002,39.001111],[-120.450164,39.00026299999999],[-120.450323,38.99990699999999],[-120.450428,38.99976699999999],[-120.45050800000001,38.999644],[-120.45052699999998,38.999595],[-120.45054299999997,38.999553],[-120.45057300000002,38.999514999999995],[-120.450678,38.999379],[-120.450974,38.999236],[-120.45181099999998,38.998879],[-120.452487,38.99832399999999],[-120.452937,38.997523],[-120.45336600000002,38.996348],[-120.453541,38.995947],[-120.45373800000002,38.995513],[-120.45382000000001,38.994928],[-120.45382899999998,38.994866],[-120.453365,38.994158],[-120.45315399999997,38.99388299999999],[-120.452746,38.993382999999994],[-120.45250599999997,38.99270299999999],[-120.45244299999997,38.992288],[-120.45240800000002,38.992059999999995],[-120.452352,38.99170899999999],[-120.45232400000002,38.991477999999994],[-120.45226699999999,38.991385],[-120.45220100000002,38.991264],[-120.45202100000002,38.990935],[-120.45140900000001,38.99010100000001],[-120.45112099999997,38.98957299999999],[-120.45108499999998,38.98923799999999],[-120.45109999999998,38.988936],[-120.45114899999997,38.98866199999999],[-120.45116199999998,38.988496999999995],[-120.451213,38.98841099999999],[-120.4515,38.98793699999999],[-120.451909,38.98763000000001],[-120.45194300000001,38.987602],[-120.45283,38.987262],[-120.45324499999997,38.987168],[-120.45456700000001,38.98688299999999],[-120.45512299999999,38.986827999999996],[-120.45726799999997,38.986259],[-120.45731799999997,38.986246],[-120.457754,38.98606500000001],[-120.45846400000002,38.98551500000001],[-120.458823,38.98531200000001],[-120.45963800000001,38.984999],[-120.46009599999996,38.984494],[-120.46048200000001,38.983775],[-120.46107300000001,38.98199],[-120.46136099999997,38.981189],[-120.46146000000002,38.98053],[-120.46156499999996,38.979245],[-120.46170499999997,38.978647],[-120.461747,38.978443999999996],[-120.461818,38.978383],[-120.46209199999998,38.977735],[-120.46246400000001,38.97719099999999],[-120.462985,38.976637],[-120.463125,38.97650000000001],[-120.463259,38.976352],[-120.46346999999999,38.976136999999994],[-120.46369499999997,38.975737],[-120.46404600000001,38.974912999999994],[-120.46430699999998,38.974325],[-120.46457400000001,38.97389199999999],[-120.46497499999997,38.973491],[-120.46525600000001,38.973254999999995],[-120.46576000000002,38.972959],[-120.46579000000001,38.972941999999996],[-120.46630399999998,38.972134],[-120.466599,38.97193699999999],[-120.46777299999998,38.971838],[-120.468111,38.971717],[-120.46850399999998,38.971393],[-120.46875100000001,38.971102],[-120.468926,38.97088800000001],[-120.46922200000002,38.970513999999994],[-120.469657,38.969640999999996],[-120.46969899999999,38.969619],[-120.469806,38.969542],[-120.46988199999998,38.96948799999999],[-120.470073,38.96925399999999],[-120.470157,38.969151999999994],[-120.47040199999999,38.968856],[-120.47064900000001,38.96834],[-120.470782,38.96750500000001],[-120.47064799999998,38.96640699999999],[-120.470751,38.965817],[-120.47078099999997,38.965649],[-120.47098499999998,38.965507],[-120.471794,38.965303],[-120.47204700000002,38.96525900000001],[-120.47263000000001,38.965155],[-120.473608,38.964886],[-120.474466,38.964572],[-120.47478199999999,38.96437999999999],[-120.475288,38.96392399999999],[-120.47604700000001,38.963500999999994],[-120.47644800000002,38.963166],[-120.47708099999997,38.962463],[-120.47786099999998,38.961459],[-120.478507,38.960783],[-120.47914099999997,38.960151],[-120.47927400000002,38.96002],[-120.479695,38.959789],[-120.48013799999997,38.959756],[-120.480912,38.959931],[-120.481798,38.960244],[-120.48215699999997,38.960342],[-120.482446,38.960318],[-120.482797,38.960287999999984],[-120.482842,38.96028],[-120.48328199999999,38.960205],[-120.48398399999999,38.959939],[-120.48435799999999,38.959798],[-120.48441799999998,38.959771],[-120.48459899999997,38.959692],[-120.48465999999999,38.959666],[-120.48488500000002,38.959599999999995],[-120.485253,38.959458],[-120.48528500000002,38.959446],[-120.48566499999997,38.959292999999995],[-120.48585500000002,38.959161],[-120.485911,38.95907299999999],[-120.486038,38.958968],[-120.486122,38.958836999999995],[-120.48617799999998,38.958617],[-120.48619700000002,38.958054999999995],[-120.486199,38.958002],[-120.486128,38.957429999999995],[-120.48611400000001,38.95731599999999],[-120.48610799999999,38.957163],[-120.486077,38.95636],[-120.486071,38.95619599999999],[-120.48613400000002,38.956115],[-120.486394,38.955784],[-120.486788,38.95550399999999],[-120.486991,38.95527299999999],[-120.48723699999998,38.955064],[-120.48742699999997,38.95473499999999],[-120.487476,38.95457],[-120.487457,38.95403399999999],[-120.487455,38.953966],[-120.48737,38.953406],[-120.48745399999997,38.952506],[-120.487686,38.952193],[-120.48795999999999,38.952065999999995],[-120.48810800000001,38.951989999999995],[-120.490055,38.95124199999999],[-120.49119299999997,38.950654],[-120.49202299999999,38.949994999999994],[-120.49242399999997,38.949649],[-120.49269800000002,38.949213],[-120.492739,38.94914899999999],[-120.49291500000001,38.948397],[-120.493027,38.947694],[-120.492963,38.947078999999995],[-120.49273799999997,38.946695999999996],[-120.49262499999999,38.946503],[-120.492307,38.94617199999999],[-120.49206199999998,38.945916],[-120.49175200000002,38.94519600000001],[-120.491773,38.944976999999994],[-120.491808,38.944686],[-120.492005,38.944344],[-120.492195,38.944016000000005],[-120.492384,38.94378],[-120.492707,38.943389999999994],[-120.49273499999998,38.943351],[-120.49300899999997,38.94313700000001],[-120.493143,38.943038],[-120.49408599999998,38.94242100000001],[-120.49417600000001,38.942363],[-120.49480800000002,38.942137],[-120.49610099999997,38.94184500000001],[-120.497564,38.941866999999995],[-120.498822,38.941893],[-120.50058000000001,38.941769],[-120.500636,38.94176600000001],[-120.50103699999997,38.941774],[-120.50126700000001,38.941694],[-120.501562,38.94152799999999],[-120.502377,38.941239],[-120.50263100000001,38.941093],[-120.5029,38.940807],[-120.503002,38.94055999999999],[-120.50317899999999,38.939882],[-120.50327599999999,38.939514],[-120.50398200000001,38.93842299999999],[-120.50413399999996,38.937837],[-120.504394,38.936062],[-120.504406,38.935986],[-120.504534,38.935706],[-120.504766,38.935336],[-120.504841,38.93521899999999],[-120.50495700000002,38.93511899999999],[-120.50507799999998,38.935053],[-120.50518499999998,38.935038],[-120.50562499999997,38.93493599999999],[-120.506214,38.93491099999999],[-120.507319,38.934864999999995],[-120.507752,38.934805999999995],[-120.509087,38.934588],[-120.509315,38.934548],[-120.50938799999999,38.934535999999994],[-120.510041,38.934448],[-120.510332,38.934342],[-120.510763,38.934151],[-120.511008,38.933796],[-120.511098,38.933362],[-120.511167,38.933077999999995],[-120.51143400000001,38.932429],[-120.51171800000002,38.931889],[-120.51184199999996,38.931569999999994],[-120.51196999999999,38.93134599999999],[-120.512069,38.931266],[-120.512346,38.93119099999999],[-120.51261899999999,38.931231],[-120.513345,38.931437],[-120.51433299999997,38.931582],[-120.51484,38.931622],[-120.515903,38.931637],[-120.51685300000001,38.93159399999999],[-120.517358,38.931490999999994],[-120.517462,38.931470999999995],[-120.51785800000002,38.931026],[-120.518299,38.930826],[-120.51877800000001,38.93069],[-120.51979,38.930629],[-120.520947,38.930551],[-120.522848,38.930333],[-120.52333500000002,38.930313999999996],[-120.523768,38.93042100000001],[-120.524046,38.93067],[-120.52450400000001,38.931221],[-120.52486499999999,38.931408999999995],[-120.52575800000001,38.931563999999995],[-120.52682399999999,38.93160099999999],[-120.52734499999997,38.931583],[-120.527717,38.931473999999994],[-120.52796099999999,38.931284],[-120.528557,38.930648999999995],[-120.52902799999998,38.930191],[-120.529302,38.93003099999999],[-120.529693,38.929903],[-120.530333,38.929873],[-120.531396,38.929613],[-120.532288,38.92907600000001],[-120.53267000000001,38.928329],[-120.53278699999998,38.92800499999999],[-120.533043,38.92753299999999],[-120.533639,38.926903],[-120.53413699999999,38.926402],[-120.53449299999998,38.92601499999999],[-120.53507100000002,38.92589999999999],[-120.535668,38.925951999999995],[-120.53640099999997,38.926045],[-120.53703599999997,38.926059],[-120.53772399999997,38.926384999999996],[-120.538478,38.92658599999999],[-120.539251,38.926583],[-120.54002199999996,38.92664800000001],[-120.540649,38.926758],[-120.54118999999999,38.926919],[-120.54135200000002,38.926967999999995],[-120.541853,38.927271000000005],[-120.54225900000002,38.927435],[-120.542842,38.927535],[-120.54329299999998,38.927496],[-120.543924,38.927368],[-120.54417500000001,38.92731],[-120.544353,38.92723599999999],[-120.544933,38.927039],[-120.54536999999999,38.92666800000001],[-120.54563199999998,38.925601],[-120.54577799999998,38.923981999999995],[-120.54597,38.92330400000001],[-120.54592299999999,38.922952],[-120.54586,38.922222],[-120.545822,38.92194099999999],[-120.54589099999997,38.921358000000005],[-120.54590800000001,38.921217],[-120.546029,38.920854],[-120.54609499999998,38.920697000000004],[-120.54654400000001,38.920458],[-120.54709999999999,38.920443],[-120.54795,38.920469000000004],[-120.548177,38.920475999999994],[-120.548602,38.920342],[-120.54878099999999,38.92025600000001],[-120.54908199999998,38.920167],[-120.54928500000001,38.920168],[-120.54947499999997,38.92016999999999],[-120.550572,38.920574],[-120.55076299999998,38.92061299999999],[-120.550976,38.920657],[-120.55127300000001,38.920705],[-120.55215000000001,38.920590000000004],[-120.553202,38.920047999999994],[-120.55406299999997,38.91949099999999],[-120.55425099999997,38.919256],[-120.554818,38.91855000000001],[-120.555202,38.917884],[-120.55536000000001,38.917506],[-120.55550300000002,38.91662399999999],[-120.555751,38.915988],[-120.555931,38.915599],[-120.55632099999998,38.915164],[-120.55681299999998,38.915064],[-120.557033,38.915058],[-120.557702,38.91534299999999],[-120.558411,38.915728],[-120.55879799999997,38.91580799999999],[-120.559104,38.91576499999999],[-120.559829,38.915354],[-120.560841,38.91474999999999],[-120.56131999999998,38.91451],[-120.56151,38.914415999999996],[-120.562024,38.91428799999999],[-120.562339,38.914201],[-120.56261999999995,38.91406299999999],[-120.56320099999999,38.913820999999984],[-120.56374700000002,38.913705],[-120.564258,38.913644],[-120.564566,38.913682],[-120.56499699999999,38.91372899999999],[-120.565251,38.913775],[-120.56570300000001,38.91398299999999],[-120.565899,38.914136],[-120.56681600000002,38.91467099999999],[-120.56714999999998,38.914817],[-120.567448,38.914877],[-120.567759,38.91477499999999],[-120.568145,38.914443],[-120.56845099999998,38.914182],[-120.56879199999999,38.914013],[-120.56915499999997,38.913971000000004],[-120.57006500000001,38.91391399999999],[-120.571157,38.91398900000001],[-120.57128199999998,38.914019],[-120.57140299999998,38.91405899999999],[-120.57183000000002,38.914159],[-120.57235199999997,38.9144],[-120.57287299999997,38.91478200000001],[-120.57297699999997,38.914894],[-120.57355,38.915531],[-120.57401700000001,38.915839999999996],[-120.574528,38.916002999999996],[-120.57546099999999,38.916186999999994],[-120.576063,38.91636],[-120.57656500000002,38.916314],[-120.57704999999997,38.916259000000004],[-120.57803699999998,38.91629299999999],[-120.578858,38.916592],[-120.57916699999997,38.916857],[-120.579252,38.916929999999994],[-120.57951299999999,38.91724399999999],[-120.57992500000002,38.918033],[-120.58007200000002,38.918457],[-120.58036700000001,38.91918399999999],[-120.580476,38.920063],[-120.58054,38.920224999999995],[-120.58067099999997,38.920292999999994],[-120.58081300000002,38.920351999999994],[-120.58114199999999,38.920489],[-120.58167500000002,38.920626999999996],[-120.58201199999999,38.920714999999994],[-120.58350199999998,38.921024],[-120.583887,38.921136],[-120.584316,38.92128199999999],[-120.584362,38.92129799999999],[-120.58478399999998,38.921609999999994],[-120.584908,38.921721],[-120.585038,38.921828],[-120.585791,38.922395],[-120.58631699999997,38.922866],[-120.586569,38.923244],[-120.586793,38.92357899999999],[-120.586943,38.92390699999999],[-120.58703299999998,38.92428199999999],[-120.58693499999997,38.924884],[-120.58664199999998,38.925485],[-120.58628100000001,38.926051],[-120.586175,38.926382999999994],[-120.58592100000001,38.926672999999994],[-120.58565100000001,38.92694],[-120.585206,38.92736099999999],[-120.585128,38.927693],[-120.58519500000001,38.928028999999995],[-120.58534499999999,38.928335999999994],[-120.58552299999997,38.928762],[-120.58554799999999,38.92882199999999],[-120.585992,38.929174],[-120.586305,38.929593],[-120.58648099999998,38.92981799999999],[-120.58669099999997,38.930251],[-120.586781,38.930409999999995],[-120.58715600000001,38.93112899999999],[-120.58726900000002,38.931326999999996],[-120.58730999999997,38.93144],[-120.587488,38.931592],[-120.588199,38.93160199999999],[-120.58858499999998,38.93157299999999],[-120.589151,38.931531],[-120.590415,38.931466],[-120.591096,38.931458],[-120.59230099999999,38.931625999999994],[-120.59273600000002,38.93175199999999],[-120.59301399999997,38.93191],[-120.59345899999997,38.932126999999994],[-120.59371499999999,38.932619],[-120.59377099999998,38.932937],[-120.59381399999997,38.933792],[-120.59384200000001,38.934535999999994],[-120.593866,38.93513],[-120.59398099999997,38.935613999999994],[-120.59416599999999,38.935892],[-120.594381,38.936104],[-120.594768,38.93616899999999],[-120.59513899999999,38.93619399999999],[-120.59541299999998,38.936211],[-120.595882,38.936218999999994],[-120.596241,38.936247],[-120.59655599999998,38.936367],[-120.596749,38.93642499999999],[-120.59720899999999,38.936565],[-120.597671,38.936645999999996],[-120.598134,38.936795000000004],[-120.598466,38.936839],[-120.59860099999999,38.936826999999994],[-120.59938499999998,38.936738],[-120.599821,38.93660499999999],[-120.60066400000001,38.936243],[-120.601169,38.936139999999995],[-120.601494,38.93601999999999],[-120.60159399999999,38.93598399999999],[-120.601961,38.935637],[-120.602196,38.935235],[-120.602625,38.934864999999995],[-120.603151,38.93455000000001],[-120.603628,38.93434299999999],[-120.60397499999999,38.93427299999999],[-120.60436599999998,38.93422399999999],[-120.60475899999999,38.934273999999995],[-120.60569200000002,38.93440699999999],[-120.605828,38.934456],[-120.60585599999997,38.934482],[-120.605964,38.93458199999999],[-120.60637399999996,38.934822999999994],[-120.60694299999997,38.935246],[-120.607811,38.93618],[-120.608146,38.936659],[-120.60856800000002,38.937468],[-120.608835,38.93811],[-120.609006,38.938459],[-120.60942099999998,38.939373],[-120.60996200000001,38.94094799999999],[-120.610308,38.941508999999996],[-120.61093899999997,38.94227399999999],[-120.61100699999999,38.942363],[-120.61109600000002,38.942409],[-120.61134799999999,38.942644],[-120.61148099999998,38.942703],[-120.61215100000001,38.943001],[-120.612809,38.943091],[-120.61311899999997,38.943053],[-120.613515,38.94297900000001],[-120.61407500000001,38.94282599999999],[-120.614455,38.942795999999994],[-120.614785,38.942802],[-120.615512,38.94271799999999],[-120.61614999999999,38.94265999999999],[-120.616422,38.94269299999999],[-120.616797,38.94278299999999],[-120.61753699999998,38.94296299999999],[-120.618892,38.94320999999999],[-120.61943299999997,38.94320999999999],[-120.61973299999997,38.943155999999995],[-120.620364,38.942989000000004],[-120.62068,38.942904],[-120.62107000000002,38.942861],[-120.62141700000001,38.942876999999996],[-120.621772,38.942945],[-120.62201000000002,38.942974],[-120.62212799999999,38.943069],[-120.622289,38.943112],[-120.62266199999999,38.943403],[-120.622688,38.943424],[-120.62347699999998,38.94400499999999],[-120.6242,38.944441999999995],[-120.624309,38.944496],[-120.624324,38.944547],[-120.62439199999999,38.944616],[-120.62468200000002,38.94481499999999],[-120.62509099999998,38.94497],[-120.62539799999998,38.945056],[-120.62568299999998,38.94513599999999],[-120.626036,38.94518999999999],[-120.626573,38.945202],[-120.627065,38.94524],[-120.62745699999999,38.945387],[-120.627799,38.94566],[-120.62812900000002,38.945976],[-120.62840499999999,38.94607299999999],[-120.62871899999998,38.946171],[-120.629467,38.946405],[-120.629888,38.946436999999996],[-120.63013899999999,38.946458],[-120.630552,38.946427],[-120.631091,38.946290999999995],[-120.631773,38.945967],[-120.63274899999998,38.945383],[-120.63387000000002,38.944635000000005],[-120.63389699999999,38.94461199999999],[-120.63511900000002,38.943612],[-120.63538099999998,38.943403],[-120.635677,38.943352999999995],[-120.63600899999997,38.943307999999995],[-120.63633399999999,38.94332299999999],[-120.63659300000002,38.943356],[-120.63691,38.943454],[-120.637144,38.943598],[-120.63751299999997,38.943808000000004],[-120.638084,38.944081],[-120.638732,38.944313],[-120.63917599999998,38.94443699999999],[-120.63969800000001,38.944499],[-120.64013100000001,38.944532],[-120.640967,38.944477],[-120.641281,38.94438399999999],[-120.641742,38.944286],[-120.64213199999999,38.944342],[-120.642458,38.944404],[-120.64279699999997,38.944594],[-120.643476,38.94514],[-120.64363699999998,38.945353],[-120.643918,38.94592299999999],[-120.64428600000001,38.946411000000005],[-120.644524,38.946597999999994],[-120.644738,38.946734],[-120.64482900000002,38.94677999999999],[-120.64494400000001,38.94682799999999],[-120.64534599999999,38.94688],[-120.645603,38.94687199999999],[-120.64578099999999,38.946867999999995],[-120.64620700000002,38.94682499999999],[-120.64673999999998,38.946809],[-120.64706300000002,38.946842999999994],[-120.647728,38.946968],[-120.648848,38.947557],[-120.64944100000001,38.947878],[-120.64970200000002,38.94805600000001],[-120.64977999999999,38.94811999999999],[-120.65031,38.948457999999995],[-120.651042,38.948869],[-120.651267,38.94886700000001],[-120.65176599999998,38.94874899999999],[-120.65250400000001,38.948454999999996],[-120.653268,38.948223],[-120.653346,38.948215],[-120.65362400000001,38.948188],[-120.65416000000002,38.948226],[-120.654399,38.948356],[-120.65478899999998,38.948786],[-120.654962,38.94908099999999],[-120.65498300000002,38.949611999999995],[-120.65497199999997,38.950189],[-120.65495900000002,38.950343000000004],[-120.65494999999999,38.950849],[-120.65485699999999,38.951925],[-120.65496599999997,38.952569999999994],[-120.65524500000001,38.953105],[-120.65544699999997,38.953334999999996],[-120.65568599999999,38.953501],[-120.65610900000001,38.953605],[-120.656467,38.95362999999999],[-120.658102,38.95352],[-120.65876499999997,38.95353299999999],[-120.659453,38.953702],[-120.66036699999998,38.954071],[-120.66047699999997,38.954132],[-120.66121300000002,38.954539999999994],[-120.662047,38.955152],[-120.66280899999998,38.955852],[-120.66316800000001,38.956174999999995],[-120.663308,38.956309],[-120.663539,38.95648599999999],[-120.66381399999997,38.95669399999999],[-120.664143,38.956908999999996],[-120.66447099999999,38.95712999999999],[-120.66465100000002,38.95720500000001],[-120.66478699999998,38.957249],[-120.664916,38.957263999999995],[-120.665371,38.95734999999999],[-120.665827,38.957377],[-120.66674999999998,38.957366],[-120.66737700000002,38.95753899999999],[-120.668848,38.95814599999999],[-120.66901799999998,38.95817499999999],[-120.669303,38.958225999999996],[-120.66991899999998,38.958273999999996],[-120.670612,38.95828800000001],[-120.67092399999999,38.958299999999994],[-120.67146499999997,38.958316999999994],[-120.671879,38.95836099999999],[-120.672748,38.958593],[-120.673126,38.95892800000001],[-120.67332799999998,38.95950899999999],[-120.673297,38.95999700000001],[-120.673244,38.96044800000001],[-120.67329800000002,38.960884],[-120.67336499999998,38.961296],[-120.673598,38.961848],[-120.67383200000002,38.96216199999999],[-120.67404300000001,38.962362999999996],[-120.674312,38.962534999999995],[-120.67453,38.962634],[-120.674696,38.962679],[-120.67486299999999,38.9627],[-120.675326,38.962775],[-120.67590499999999,38.962787000000006],[-120.676732,38.962898],[-120.67732199999999,38.96329099999999],[-120.677748,38.96355599999999],[-120.67799500000001,38.9639],[-120.67796599999997,38.96455999999999],[-120.678243,38.965089],[-120.67894300000002,38.965824],[-120.679738,38.966452],[-120.68022699999999,38.966665],[-120.68074800000001,38.96680599999999],[-120.681577,38.966854999999995],[-120.681654,38.96685999999999],[-120.68265,38.966951],[-120.683088,38.967073],[-120.683455,38.96728199999999],[-120.68366799999997,38.96753100000001],[-120.683676,38.967757],[-120.683535,38.96811099999999],[-120.68322500000001,38.968473999999986],[-120.682764,38.969072000000004],[-120.68271199999998,38.969506],[-120.682646,38.970124],[-120.68266800000002,38.97048699999999],[-120.68266499999997,38.970802],[-120.68266699999997,38.97168299999999],[-120.682819,38.972162999999995],[-120.682896,38.972354],[-120.68305900000001,38.972757],[-120.683249,38.973374],[-120.68340299999997,38.973793],[-120.68336699999998,38.97464999999999],[-120.68322100000002,38.97493299999999],[-120.68302300000002,38.975262],[-120.68244900000002,38.975798],[-120.68168800000001,38.976281],[-120.68152299999998,38.976387],[-120.68108499999997,38.97671199999999],[-120.680884,38.977142],[-120.680878,38.977332999999994],[-120.68087900000002,38.977517],[-120.68089,38.97788599999999],[-120.68125500000001,38.97840599999999],[-120.68289499999997,38.980008000000005],[-120.68335000000002,38.98045299999999],[-120.68343499999999,38.98064],[-120.68359400000001,38.981161],[-120.683796,38.981736],[-120.684027,38.98213899999999],[-120.68422599999997,38.982352],[-120.684772,38.982915999999996],[-120.68494500000001,38.983217],[-120.685153,38.98362],[-120.685232,38.984015],[-120.685307,38.984504],[-120.685335,38.984844],[-120.68534,38.986188999999996],[-120.685238,38.986747],[-120.684988,38.987284],[-120.684736,38.987773],[-120.684473,38.98835699999999],[-120.68437699999998,38.98870599999999],[-120.68441699999998,38.988963],[-120.684428,38.989029],[-120.68459300000002,38.989216000000006],[-120.68493899999999,38.989372],[-120.68564700000002,38.989648],[-120.68689000000002,38.98990499999999],[-120.687459,38.989976],[-120.68760299999997,38.989967],[-120.687925,38.98994900000001],[-120.688031,38.989919],[-120.68816999999999,38.98987999999999],[-120.68891100000002,38.989671],[-120.68912199999998,38.98952],[-120.68957899999997,38.989166],[-120.68983899999999,38.988932999999996],[-120.689859,38.988903],[-120.69088699999998,38.987418],[-120.691405,38.98674400000001],[-120.69161900000002,38.986486000000006],[-120.69213799999999,38.98587800000001],[-120.692546,38.98554599999999],[-120.69291300000002,38.985268],[-120.69344599999998,38.985058],[-120.69403999999997,38.98486],[-120.69415599999999,38.984822],[-120.69456500000001,38.98466400000001],[-120.695344,38.984291999999996],[-120.69586799999999,38.98407099999999],[-120.696905,38.98351699999999],[-120.697998,38.98295699999999],[-120.698508,38.98274099999999],[-120.700178,38.982012999999995],[-120.700286,38.981984],[-120.70123300000002,38.98173899999999],[-120.701724,38.981621999999994],[-120.703904,38.981182],[-120.70444900000001,38.981203],[-120.704866,38.981345],[-120.70504999999999,38.98145699999999],[-120.70527599999997,38.98158399999999],[-120.705904,38.981914999999994],[-120.706588,38.982329],[-120.707288,38.98268199999999],[-120.70801199999997,38.983087000000005],[-120.708695,38.983428999999994],[-120.708893,38.983608],[-120.70916699999998,38.98390100000001],[-120.70935599999997,38.984165999999995],[-120.70946999999998,38.984297],[-120.709956,38.984754],[-120.71134200000002,38.985762],[-120.71181700000001,38.98592],[-120.71261500000001,38.986085],[-120.71337199999998,38.9861],[-120.71356199999995,38.98610399999999],[-120.71406900000001,38.986107999999994],[-120.714971,38.986188000000006],[-120.71565599999997,38.98639099999999],[-120.716286,38.986670999999994],[-120.716809,38.987184],[-120.71741099999997,38.988013],[-120.717446,38.988136999999995],[-120.71747400000001,38.988297],[-120.717517,38.98839000000001],[-120.717637,38.98876800000001],[-120.71779999999997,38.989223],[-120.718063,38.989649],[-120.718598,38.990292000000004],[-120.719132,38.99067699999999],[-120.71919,38.99071899999999],[-120.72026099999998,38.99138799999999],[-120.721682,38.99254599999999],[-120.72201300000002,38.99291199999999],[-120.72222300000001,38.99325],[-120.72234099999997,38.993472999999994],[-120.72235399999997,38.993684],[-120.72255999999999,38.994648],[-120.72264199999998,38.99494299999999],[-120.72265500000002,38.995099],[-120.722738,38.99564899999999],[-120.72277200000002,38.996463],[-120.72273900000002,38.997503],[-120.722766,38.998513],[-120.72277899999997,38.998538999999994],[-120.723171,38.99932700000001],[-120.723885,38.9999],[-120.724101,39.00007399999999],[-120.72448300000002,39.000358],[-120.724939,39.000736],[-120.72495800000002,39.000749],[-120.72556500000002,39.001107999999995],[-120.725894,39.00132],[-120.72611,39.001459],[-120.726416,39.001583999999994],[-120.72680799999999,39.001659],[-120.72712900000002,39.00180499999999],[-120.72783199999998,39.00242599999999],[-120.72828599999997,39.00286200000001],[-120.72862700000002,39.00317],[-120.72904,39.003543],[-120.729346,39.003705999999994],[-120.72956,39.003758999999995],[-120.729575,39.00402499999999],[-120.730115,39.00397799999999],[-120.73017399999999,39.003958],[-120.731572,39.00271599999999],[-120.732542,39.002306],[-120.73267400000002,39.00225],[-120.735577,39.000681],[-120.736042,39.0006],[-120.736601,39.000655],[-120.73661300000002,39.000665],[-120.737919,39.001807],[-120.738333,39.00201599999998],[-120.738861,39.002073],[-120.73944999999999,39.001982],[-120.740483,39.001578],[-120.74102100000002,39.001432],[-120.741641,39.001431],[-120.741933,39.00163799999999],[-120.74217,39.001806],[-120.74240599999999,39.00197500000001],[-120.74250100000002,39.002042],[-120.74322800000002,39.003138],[-120.743293,39.00330699999999],[-120.74362500000001,39.004163000000005],[-120.74393700000002,39.004768],[-120.74410299999997,39.004857],[-120.744434,39.004839999999994],[-120.74461899999999,39.00471099999999],[-120.746319,39.003514],[-120.746563,39.003384],[-120.74687900000002,39.003163],[-120.74721200000002,39.00297],[-120.74764499999998,39.00294399999999],[-120.747942,39.003046],[-120.74813,39.00319499999999],[-120.748218,39.00326499999999],[-120.748463,39.003593],[-120.74859499999998,39.003906],[-120.74866199999997,39.00428599999999],[-120.748491,39.005219],[-120.74801500000001,39.006029999999996],[-120.74740799999998,39.006542],[-120.74673599999998,39.007128],[-120.74649200000002,39.00757099999999],[-120.746407,39.007735],[-120.746185,39.008283],[-120.746106,39.00848],[-120.74597600000001,39.009235000000004],[-120.74593900000002,39.00983399999999],[-120.74598299999997,39.010124000000005],[-120.74608000000002,39.01025599999999],[-120.74567,39.010378],[-120.745428,39.010407],[-120.745113,39.01047499999999],[-120.744879,39.010470999999995],[-120.74465699999999,39.010359],[-120.744407,39.01019399999999],[-120.74419500000002,39.009968],[-120.743986,39.009663],[-120.74381100000001,39.00946],[-120.743727,39.009351],[-120.74351100000001,39.00925],[-120.743155,39.00921399999999],[-120.742981,39.009227],[-120.74279699999998,39.00924200000001],[-120.74253899999998,39.00931599999999],[-120.742365,39.00951800000001],[-120.74232499999998,39.009841],[-120.742374,39.010138],[-120.742567,39.010511],[-120.742732,39.01103199999999],[-120.742734,39.01122],[-120.742606,39.01132599999999],[-120.742407,39.011402],[-120.74200499999999,39.011422],[-120.741745,39.01136],[-120.74143499999997,39.011258],[-120.741116,39.01117700000001],[-120.74078200000001,39.011148],[-120.74053200000002,39.011216999999995],[-120.740194,39.011279],[-120.73989599999999,39.011484],[-120.73960500000001,39.011706],[-120.738555,39.012374],[-120.737204,39.01336599999999],[-120.736907,39.01351900000001],[-120.736142,39.013948],[-120.73581300000001,39.014209],[-120.73560200000001,39.014427],[-120.73556900000001,39.01459299999999],[-120.735415,39.015379],[-120.73517699999998,39.016421],[-120.73506200000001,39.016846],[-120.73500199999998,39.01735099999999],[-120.73494700000002,39.01771399999999],[-120.73478599999999,39.017944],[-120.73464499999999,39.018032],[-120.73470399999997,39.018116],[-120.734859,39.018361999999996],[-120.73494700000002,39.01853899999999],[-120.735057,39.018682999999996],[-120.735103,39.018732],[-120.73518899999998,39.018822],[-120.735502,39.01901199999999],[-120.735599,39.019096],[-120.73564700000001,39.01918899999999],[-120.73580999999997,39.019477],[-120.73589199999999,39.01964199999999],[-120.73596,39.019741999999994],[-120.73607899999999,39.019836999999995],[-120.73617599999999,39.019946999999995],[-120.736229,39.02008000000001],[-120.73626199999997,39.02021700000001],[-120.73625999999999,39.020341],[-120.73625,39.020478],[-120.73625499999997,39.020636999999994],[-120.736294,39.02079199999999],[-120.736403,39.021155],[-120.73648399999999,39.021354],[-120.736525,39.02147],[-120.73655499999998,39.021589],[-120.736564,39.021624],[-120.736609,39.021871999999995],[-120.736619,39.022075],[-120.73670200000001,39.022592],[-120.73676100000002,39.022851],[-120.73683000000001,39.022923],[-120.736892,39.022962],[-120.73699800000001,39.02299099999999],[-120.73708899999998,39.022997000000004],[-120.73718,39.023009],[-120.737414,39.022962],[-120.737575,39.022961],[-120.73768799999999,39.02297399999999],[-120.737786,39.022997000000004],[-120.73783499999999,39.02304099999999],[-120.73784299999997,39.02306999999999],[-120.73790700000002,39.023299999999985],[-120.73798099999998,39.023504],[-120.73807599999999,39.023703000000005],[-120.73816600000002,39.02382399999998],[-120.738269,39.023925],[-120.73843299999999,39.024035999999995],[-120.73862799999999,39.024153999999996],[-120.738915,39.024267],[-120.73915199999998,39.02439],[-120.739369,39.02445],[-120.739537,39.024523],[-120.73969,39.024602],[-120.73991400000001,39.02472499999999],[-120.73999,39.024786],[-120.740038,39.024863],[-120.74015300000002,39.02512899999999],[-120.740282,39.025377],[-120.74035499999998,39.025614],[-120.74045299999997,39.02604899999999],[-120.74049399999998,39.02613699999999],[-120.74059500000001,39.026402],[-120.74062699999998,39.026545],[-120.74068299999998,39.02693599999999],[-120.74069399999999,39.027136],[-120.74068600000001,39.02722899999999],[-120.74069100000001,39.027333999999996],[-120.74071899999997,39.027548],[-120.740723,39.02771299999999],[-120.74070699999999,39.027845],[-120.74066899999997,39.027965],[-120.740574,39.028162],[-120.74047999999999,39.028308999999986],[-120.74028599999998,39.02854299999999],[-120.74003400000001,39.028809],[-120.73999,39.028886],[-120.739961,39.028963],[-120.73994600000002,39.02903899999999],[-120.739949,39.02924800000001],[-120.73995900000001,39.029489999999996],[-120.73995000000001,39.029616],[-120.739954,39.029748],[-120.73997399999998,39.02986899999999],[-120.74004099999998,39.030013],[-120.74016599999999,39.030304999999984],[-120.74022599999999,39.030476],[-120.74033999999999,39.03082899999998],[-120.74043899999998,39.031214000000006],[-120.74045299999997,39.031251],[-120.74042800000001,39.03126999999999],[-120.740399,39.031302],[-120.740384,39.03133999999999],[-120.74038,39.031375999999995],[-120.74038899999998,39.03141300000001],[-120.740438,39.031457],[-120.740474,39.031479],[-120.74048899999997,39.03148899999999],[-120.740515,39.03149299999999],[-120.740546,39.031496],[-120.74058,39.03158400000001],[-120.74064100000001,39.031711],[-120.74070400000001,39.03177199999999],[-120.740889,39.03189999999999],[-120.74093999999997,39.031936],[-120.74109999999999,39.032081],[-120.741341,39.032363],[-120.741649,39.032878],[-120.741765,39.033033],[-120.74190200000001,39.03318099999999],[-120.741966,39.03324899999999],[-120.742144,39.033542],[-120.74221300000002,39.033631],[-120.742615,39.034020000000005],[-120.742851,39.034206],[-120.74297600000001,39.03429499999999],[-120.743119,39.03434099999999],[-120.74343399999997,39.03443200000001],[-120.743725,39.034507999999995],[-120.744002,39.034580999999996],[-120.744202,39.034616],[-120.74442400000001,39.034646],[-120.74492299999997,39.034667],[-120.74521099999998,39.03469799999999],[-120.74536500000002,39.03472699999999],[-120.745554,39.034795],[-120.74586799999999,39.034980000000004],[-120.746229,39.035267],[-120.74639500000002,39.035459999999986],[-120.74647,39.035577],[-120.746546,39.035654],[-120.74663499999997,39.03577099999999],[-120.74670299999998,39.035903],[-120.746722,39.03605699999999],[-120.746727,39.03618899999999],[-120.74672299999999,39.03640899999999],[-120.746713,39.036612000000005],[-120.74657500000002,39.037253],[-120.74659499999997,39.037325],[-120.74670800000001,39.03764999999999],[-120.74674799999995,39.037753],[-120.74676200000002,39.037788],[-120.74679500000002,39.037941999999994],[-120.746835,39.03805799999999],[-120.74688900000001,39.038184],[-120.746986,39.03844899999999],[-120.747088,39.038654],[-120.74710099999999,39.038768999999995],[-120.74711099999999,39.03895000000001],[-120.74713699999997,39.039072],[-120.747142,39.039209],[-120.747176,39.039474999999996],[-120.747118,39.039488999999996],[-120.747059,39.039515],[-120.74693600000002,39.039581],[-120.74681300000002,39.039668],[-120.746758,39.039714],[-120.74670900000001,39.039764],[-120.746578,39.039935],[-120.746521,39.040014],[-120.74648399999997,39.040058],[-120.74643399999997,39.040103],[-120.74626000000002,39.040226999999994],[-120.74625099999999,39.040234999999996],[-120.74612399999998,39.040316],[-120.74604999999997,39.04037],[-120.74599099999999,39.040406],[-120.745921,39.04043699999999],[-120.74584600000001,39.040457999999994],[-120.74576900000001,39.04047],[-120.745608,39.040474],[-120.74553,39.04047],[-120.74537800000002,39.040448],[-120.74524000000001,39.04041699999999],[-120.74496699999999,39.040336],[-120.744654,39.04020299999999],[-120.744503,39.040122000000004],[-120.74434000000001,39.04005],[-120.74425899999999,39.040018999999994],[-120.744098,39.039971],[-120.74402000000002,39.039961],[-120.74395,39.03996],[-120.74388500000002,39.039978000000005],[-120.74383299999998,39.040012],[-120.74379599999996,39.040058],[-120.74377599999997,39.04010999999999],[-120.743774,39.040169],[-120.743821,39.040352999999996],[-120.74385699999998,39.040476999999996],[-120.74389099999999,39.040664],[-120.74391000000001,39.040726],[-120.743932,39.04086000000001],[-120.743971,39.040994000000005],[-120.743989,39.041053],[-120.744016,39.04111399999999],[-120.74403300000002,39.04117899999999],[-120.74403900000001,39.04124500000001],[-120.74400399999998,39.04146],[-120.74396900000002,39.041597],[-120.74395799999999,39.041659],[-120.74390599999997,39.041822999999994],[-120.74384999999998,39.042049999999996],[-120.743804,39.04210599999999],[-120.74376599999998,39.042131],[-120.74366600000002,39.042132],[-120.74343500000002,39.04208],[-120.74335199999999,39.042067],[-120.74326499999998,39.04206],[-120.743092,39.042061],[-120.74300900000001,39.04207],[-120.74292599999997,39.04208499999999],[-120.742798,39.042115],[-120.742651,39.042202],[-120.74253899999998,39.042277999999996],[-120.74245199999997,39.042372],[-120.742413,39.042438999999995],[-120.74237200000002,39.042482],[-120.742336,39.042511],[-120.74225600000001,39.042576999999994],[-120.74219800000002,39.042618],[-120.742119,39.04266199999999],[-120.74204599999999,39.042695],[-120.741966,39.042715],[-120.741882,39.042725],[-120.741707,39.04273100000001],[-120.741611,39.042739],[-120.741165,39.042817],[-120.74108099999997,39.04282599999999],[-120.74099699999996,39.04282800000001],[-120.740826,39.042816],[-120.74029199999998,39.042753],[-120.74011299999998,39.042736999999995],[-120.74002099999997,39.042736999999995],[-120.73984299999996,39.042752],[-120.73967099999999,39.04278],[-120.73958699999999,39.042801],[-120.739507,39.04282599999999],[-120.739434,39.04286],[-120.73930700000001,39.042944999999996],[-120.739248,39.042976],[-120.739186,39.04299400000001],[-120.73911699999996,39.042996],[-120.73889099999998,39.042955],[-120.73880999999997,39.042950000000005],[-120.73873000000002,39.04296000000001],[-120.73865200000002,39.042979],[-120.73852599999996,39.043031],[-120.73841900000001,39.043077999999994],[-120.738381,39.043085],[-120.738328,39.043083],[-120.73827299999999,39.043067],[-120.73825399999998,39.04303899999999],[-120.73824199999999,39.042995],[-120.738244,39.042939000000004],[-120.73824,39.042829],[-120.738231,39.04277199999999],[-120.73819799999997,39.042665],[-120.73817800000002,39.04261],[-120.73814300000001,39.04256000000001],[-120.738114,39.04253],[-120.73801799999997,39.042427999999994],[-120.73792000000002,39.042348],[-120.73776399999998,39.042253],[-120.73747900000001,39.042126],[-120.73735599999998,39.042082],[-120.737298,39.04206599999999],[-120.737241,39.04205499999999],[-120.73706,39.042031],[-120.73696800000002,39.04197799999999],[-120.73687399999997,39.04189499999999],[-120.73684300000001,39.041874],[-120.736803,39.041864],[-120.736756,39.04187499999999],[-120.73672200000001,39.04190499999999],[-120.736799,39.041981],[-120.73683900000002,39.04202699999999],[-120.736873,39.04206],[-120.73700700000002,39.042191],[-120.73730199999999,39.04243499999999],[-120.737363,39.04249099999999],[-120.73742400000002,39.042548],[-120.73747999999998,39.042608],[-120.73751200000001,39.042649999999995],[-120.737574,39.04273100000001],[-120.737594,39.042766],[-120.737609,39.04278999999999],[-120.737658,39.042904],[-120.737673,39.04296500000001],[-120.737691,39.043093],[-120.73768200000002,39.04316599999999],[-120.73768099999998,39.043176],[-120.737679,39.043244],[-120.73770700000001,39.043313999999995],[-120.73782300000002,39.043516],[-120.73789999999997,39.04371199999999],[-120.737942,39.043769],[-120.738,39.043805],[-120.73807199999997,39.043817999999995],[-120.73814500000002,39.043812],[-120.73847200000002,39.043749],[-120.738648,39.043727],[-120.738843,39.043717],[-120.739021,39.04372999999999],[-120.739108,39.04374599999999],[-120.73928,39.04380299999999],[-120.73967400000001,39.04391799999999],[-120.73986999999997,39.043958999999994],[-120.73996799999999,39.043969],[-120.74025400000001,39.043964],[-120.74043300000001,39.043991],[-120.74050899999997,39.044018],[-120.740819,39.044162],[-120.741036,39.04420999999999],[-120.741357,39.04424399999999],[-120.74145199999998,39.04426699999999],[-120.741543,39.04430099999999],[-120.741927,39.04452500000001],[-120.74196399999998,39.044547],[-120.74204300000001,39.044579],[-120.74212399999998,39.044597],[-120.742206,39.044607],[-120.742299,39.044606],[-120.74256,39.044548],[-120.742647,39.044532],[-120.742732,39.04452500000001],[-120.74280900000001,39.04452500000001],[-120.74288099999998,39.044533],[-120.74294399999998,39.044555],[-120.74298900000001,39.044581],[-120.74302700000001,39.044623],[-120.743051,39.044671],[-120.74305400000001,39.044685],[-120.74306600000001,39.04473000000001],[-120.743068,39.04479099999999],[-120.743062,39.04485999999999],[-120.74304200000002,39.04498799999999],[-120.74302299999997,39.04512100000001],[-120.74303000000002,39.04515599999999],[-120.743033,39.045217],[-120.743046,39.045285],[-120.743058,39.045309],[-120.74308100000002,39.045430999999994],[-120.74310499999999,39.045501],[-120.743143,39.045572],[-120.743203,39.045719],[-120.743221,39.04580000000001],[-120.74329100000001,39.046031],[-120.74332400000002,39.04611499999999],[-120.74336399999997,39.04619699999999],[-120.74342700000001,39.046306],[-120.743456,39.04635499999999],[-120.74360999999999,39.046583999999996],[-120.743651,39.046661],[-120.743684,39.046741999999995],[-120.74370900000001,39.04682999999999],[-120.743734,39.047012],[-120.74376599999998,39.04719099999999],[-120.74378999999999,39.047275],[-120.743821,39.047356],[-120.74386399999999,39.047437],[-120.743999,39.047585999999995],[-120.74409399999998,39.047644999999996],[-120.744202,39.047692],[-120.744314,39.047729],[-120.744425,39.047757],[-120.744654,39.04780499999999],[-120.74488600000001,39.047839999999994],[-120.74535700000001,39.04789699999999],[-120.74558899999998,39.04790599999999],[-120.74571,39.0479],[-120.74594599999998,39.047872],[-120.74639900000001,39.047795],[-120.746611,39.047753],[-120.746695,39.04773],[-120.74691999999997,39.047672],[-120.74743799999999,39.047541],[-120.74763000000002,39.047486],[-120.74773200000001,39.04746999999999],[-120.74791200000001,39.047453],[-120.74798599999997,39.047461000000006],[-120.748057,39.047474],[-120.748128,39.04750599999999],[-120.74818699999997,39.047549],[-120.748239,39.047601],[-120.748263,39.047630999999996],[-120.74828599999996,39.047659],[-120.74837799999999,39.047793],[-120.74844100000001,39.04785999999999],[-120.74852500000001,39.047988],[-120.748649,39.048114],[-120.748728,39.048227],[-120.74874299999999,39.048255],[-120.74878699999998,39.048333],[-120.748841,39.048411],[-120.74888500000002,39.048437],[-120.748914,39.048435],[-120.748934,39.048434],[-120.748977,39.04841],[-120.748998,39.048364],[-120.748992,39.048301],[-120.74894,39.048086000000005],[-120.74891500000001,39.04795599999999],[-120.74889599999999,39.04789699999999],[-120.748893,39.047833],[-120.74889599999999,39.047782],[-120.74894299999998,39.047637],[-120.74903200000001,39.04756499999999],[-120.74915599999997,39.047509],[-120.749338,39.047461000000006],[-120.74950899999999,39.047444],[-120.749607,39.047426],[-120.749784,39.04740699999999],[-120.749971,39.047387],[-120.75023399999998,39.047368],[-120.750322,39.047356],[-120.75041399999998,39.047334],[-120.75120099999998,39.047236],[-120.751486,39.047186],[-120.75177399999995,39.047143],[-120.75196599999998,39.04712099999999],[-120.75214600000001,39.047111],[-120.75223600000001,39.047087000000005],[-120.75237199999998,39.047028],[-120.752439,39.046985],[-120.75250800000002,39.046933],[-120.752564,39.046879],[-120.752625,39.046836],[-120.75280599999999,39.046685],[-120.753155,39.04660599999999],[-120.753558,39.046576],[-120.75410900000001,39.04652500000001],[-120.75431999999998,39.046515],[-120.75454700000002,39.046496],[-120.75463399999997,39.046519],[-120.75483600000001,39.04658200000001],[-120.75486599999999,39.046583],[-120.754951,39.04658799999999],[-120.75504999999998,39.04660299999999],[-120.75514599999998,39.046626],[-120.75526899999997,39.046627],[-120.755474,39.046562],[-120.75566399999997,39.04648099999999],[-120.75575700000002,39.046429],[-120.75583599999999,39.04636899999999],[-120.755954,39.046260999999994],[-120.75601300000001,39.046195],[-120.756087,39.04612199999999],[-120.756164,39.04607299999999],[-120.75621,39.046067],[-120.75623999999999,39.046077],[-120.75626999999997,39.04611200000001],[-120.756287,39.046164999999995],[-120.75628000000002,39.046211],[-120.756261,39.046258],[-120.756224,39.046312],[-120.75609399999999,39.046465],[-120.756063,39.04651199999999],[-120.75600299999999,39.046573],[-120.755805,39.046789],[-120.75573399999998,39.046856],[-120.75565799999998,39.046915999999996],[-120.755573,39.04696500000001],[-120.755489,39.047021],[-120.755399,39.047059],[-120.755362,39.047071],[-120.755306,39.047090999999995],[-120.755207,39.047117],[-120.75511,39.047134],[-120.75492099999997,39.047125],[-120.75459399999997,39.047122],[-120.75448,39.047133],[-120.75435399999998,39.047179],[-120.754254,39.047223],[-120.75416300000002,39.04727999999999],[-120.754087,39.047346999999995],[-120.754043,39.047412],[-120.75398900000002,39.04750599999999],[-120.75393800000002,39.047567],[-120.753822,39.04769],[-120.753774,39.04777],[-120.75371099999998,39.04785],[-120.753649,39.04791],[-120.75353399999997,39.047975],[-120.753436,39.048015],[-120.753339,39.048064],[-120.75303899999997,39.0482],[-120.75285400000001,39.04827399999999],[-120.752788,39.048314],[-120.752723,39.048366],[-120.752682,39.048443],[-120.752672,39.048519999999996],[-120.75269,39.048584999999996],[-120.752744,39.048664],[-120.752813,39.04871899999999],[-120.75289,39.04876399999999],[-120.752974,39.04879799999999],[-120.75317200000002,39.04885699999999],[-120.75327299999998,39.048896],[-120.75335799999999,39.048937],[-120.753438,39.04898299999999],[-120.75350600000002,39.049036],[-120.75355700000001,39.049095],[-120.75359499999999,39.04916099999999],[-120.75361699999999,39.049235],[-120.75363099999997,39.049315],[-120.753636,39.04939999999999],[-120.75363400000002,39.049488],[-120.75361400000001,39.04964499999999],[-120.753601,39.04974899999999],[-120.75358399999998,39.049818],[-120.75351399999997,39.050122],[-120.753483,39.050179],[-120.753391,39.050295],[-120.75335899999999,39.050367],[-120.753302,39.05044899999999],[-120.75326600000001,39.050501],[-120.75321,39.050568],[-120.75317200000002,39.050628999999994],[-120.75316399999998,39.050642999999994],[-120.75312700000002,39.050723999999995],[-120.75308200000002,39.05079700000001],[-120.75303400000001,39.050861],[-120.752946,39.050994],[-120.752853,39.051148999999995],[-120.75286000000001,39.051205],[-120.75289899999999,39.05125499999999],[-120.75296500000002,39.051302],[-120.75300599999997,39.051311999999996],[-120.75304300000002,39.05131999999999],[-120.75309,39.051322],[-120.75313300000002,39.051322],[-120.75322300000002,39.05128800000001],[-120.75330599999997,39.051248],[-120.753315,39.051241],[-120.75338099999998,39.051198],[-120.753523,39.05107900000001],[-120.753601,39.05102099999999],[-120.75374,39.05089499999999],[-120.75382799999997,39.050841999999996],[-120.75392,39.05078],[-120.753997,39.050735],[-120.754011,39.05072799999999],[-120.754172,39.050650000000005],[-120.754274,39.050607],[-120.75434099999998,39.050578999999985],[-120.75442399999999,39.05055699999999],[-120.75461,39.05055],[-120.75471500000002,39.05053],[-120.75480300000001,39.050490999999994],[-120.75487599999998,39.050433],[-120.754918,39.05037999999999],[-120.754954,39.050305],[-120.75503100000002,39.05018999999999],[-120.75508599999998,39.050139],[-120.75515199999995,39.050087000000005],[-120.755234,39.05004000000001],[-120.75532299999998,39.04999699999999],[-120.75547699999997,39.04991],[-120.755766,39.04979199999999],[-120.756161,39.049586],[-120.75626199999999,39.049533999999994],[-120.756482,39.049464],[-120.75656099999999,39.049444],[-120.756666,39.049426999999994],[-120.756783,39.049426999999994],[-120.756879,39.049449],[-120.756982,39.04947800000001],[-120.75706400000001,39.049522],[-120.75713500000002,39.049577],[-120.757206,39.049641],[-120.75734299999998,39.049784],[-120.757569,39.05001399999999],[-120.757687,39.05015499999999],[-120.757741,39.050233],[-120.75780900000001,39.050309999999996],[-120.75789,39.05037],[-120.75798399999996,39.050416],[-120.75808500000001,39.05044899999999],[-120.75852300000001,39.050551],[-120.758855,39.050636],[-120.75907000000001,39.050695],[-120.75936100000001,39.05083],[-120.75952800000002,39.05093],[-120.75958999999997,39.050992],[-120.75963799999998,39.05105499999999],[-120.759678,39.05112],[-120.75975,39.051259],[-120.75979900000002,39.051401999999996],[-120.759836,39.051474],[-120.75985600000001,39.05154399999999],[-120.759866,39.051602],[-120.75992100000002,39.051742999999995],[-120.75992499999998,39.05180099999999],[-120.75991799999997,39.05186200000001],[-120.759939,39.051922000000005],[-120.759983,39.051975],[-120.76004,39.05202299999999],[-120.760104,39.052063],[-120.76023100000002,39.052133999999995],[-120.76034500000002,39.052214],[-120.76038299999998,39.05225899999999],[-120.760791,39.053147],[-120.76084399999998,39.05315800000001],[-120.760903,39.053157],[-120.76092499999999,39.053147],[-120.76095499999998,39.05313499999999],[-120.76099099999998,39.053097],[-120.761013,39.053057],[-120.76104499999998,39.05297699999999],[-120.761083,39.05281200000001],[-120.761119,39.052761999999994],[-120.76117599999999,39.052698],[-120.76125499999996,39.05265599999999],[-120.761333,39.052626999999994],[-120.76142899999996,39.05261899999999],[-120.761536,39.052623999999994],[-120.761641,39.052636],[-120.76172999999997,39.05265599999999],[-120.761821,39.052682],[-120.76199199999998,39.052768],[-120.76225500000001,39.052916],[-120.762325,39.052969],[-120.76246599999997,39.053081],[-120.762524,39.053146],[-120.762578,39.05321599999999],[-120.76262200000001,39.05328299999999],[-120.76264899999995,39.053324999999994],[-120.76272000000002,39.053433999999996],[-120.762731,39.05345],[-120.76275999999997,39.05349199999999],[-120.762785,39.053528],[-120.762808,39.053561],[-120.76284799999998,39.05364699999999],[-120.76286199999998,39.053675],[-120.762865,39.053689],[-120.76287699999997,39.05373399999999],[-120.762898,39.05378999999999],[-120.76293099999998,39.05395099999999],[-120.762935,39.05403],[-120.76292399999998,39.054153],[-120.76292399999998,39.054229],[-120.762932,39.054299],[-120.762956,39.05436400000001],[-120.76296400000001,39.05444],[-120.76296600000002,39.054518],[-120.76297899999999,39.054666999999995],[-120.76297800000002,39.054753999999996],[-120.76297899999999,39.054776],[-120.76298400000002,39.05487900000001],[-120.76297600000001,39.055052],[-120.762948,39.055054],[-120.762865,39.05506],[-120.762838,39.055064],[-120.762755,39.055074999999995],[-120.76265399999998,39.05508999999999],[-120.76250799999998,39.055102000000005],[-120.76242599999999,39.05511],[-120.76220499999998,39.05512999999999],[-120.76218599999999,39.05513199999999],[-120.761912,39.055164],[-120.761577,39.055226],[-120.76147599999997,39.05525299999999],[-120.76139299999998,39.055277000000004],[-120.76124599999999,39.055322999999994],[-120.761329,39.055379],[-120.76135899999997,39.055412],[-120.761424,39.055547000000004],[-120.761446,39.055614999999996],[-120.761532,39.05580900000001],[-120.761578,39.055955],[-120.76158999999997,39.055981],[-120.761614,39.05602999999999],[-120.76174200000001,39.056219],[-120.761842,39.056341],[-120.762136,39.056675],[-120.76223599999999,39.056772],[-120.76235,39.056891],[-120.762388,39.05694199999999],[-120.76243600000001,39.056979999999996],[-120.762593,39.057072],[-120.76273499999999,39.057137999999995],[-120.76294699999997,39.057224],[-120.76302899999999,39.05727],[-120.76322499999998,39.057418000000006],[-120.763269,39.05745999999999],[-120.76328500000001,39.057475],[-120.76341099999999,39.057575],[-120.76347100000001,39.057612],[-120.76353899999997,39.05764],[-120.76360200000002,39.05767699999999],[-120.763661,39.057719999999996],[-120.76371299999997,39.05777],[-120.76374699999998,39.057829],[-120.76380799999998,39.057964],[-120.763874,39.058074],[-120.76389399999998,39.058141],[-120.763901,39.05816200000001],[-120.76393399999998,39.058259],[-120.76396,39.05839199999999],[-120.76395700000002,39.05846199999999],[-120.76393699999997,39.058537],[-120.76390000000002,39.05861],[-120.76379399999999,39.058776],[-120.76367699999997,39.058964],[-120.76362699999999,39.059044],[-120.76357000000002,39.059116],[-120.76354299999998,39.059183],[-120.763526,39.05924099999999],[-120.763524,39.059298999999996],[-120.76353100000001,39.05935600000001],[-120.76355299999997,39.059464000000006],[-120.763617,39.059582],[-120.76367499999999,39.059663],[-120.76371699999999,39.05974299999999],[-120.76382000000001,39.060025],[-120.76385899999998,39.060165999999995],[-120.76390399999998,39.060268],[-120.76394299999997,39.06038],[-120.76402099999999,39.060526],[-120.76411000000002,39.060612],[-120.76422799999997,39.060707],[-120.764281,39.06074999999999],[-120.764343,39.060792000000006],[-120.76455800000001,39.06089],[-120.76471499999998,39.060948999999994],[-120.76480099999999,39.060991],[-120.76485999999997,39.061029],[-120.764941,39.061062],[-120.76499199999999,39.06108799999999],[-120.765079,39.06112],[-120.76521200000002,39.061161999999996],[-120.76527799999998,39.061188],[-120.76533899999998,39.06120299999999],[-120.765407,39.061231],[-120.76547600000002,39.061246],[-120.76554599999999,39.061267],[-120.76562199999996,39.061278],[-120.765698,39.061283],[-120.76577700000001,39.061275],[-120.76607099999998,39.061221],[-120.766208,39.06123499999999],[-120.7663,39.061273],[-120.76636800000001,39.061313],[-120.76640599999998,39.061324],[-120.766437,39.061339999999994],[-120.76649100000002,39.061382],[-120.766564,39.061422],[-120.766695,39.061479],[-120.76682599999997,39.06150800000001],[-120.76698600000002,39.061524000000006],[-120.767046,39.06154899999999],[-120.76722699999999,39.06163800000001],[-120.767267,39.06164799999999],[-120.7673,39.061661],[-120.76738599999999,39.061683],[-120.76744599999999,39.06170699999999],[-120.767518,39.06173],[-120.767608,39.061752999999996],[-120.76773399999999,39.061841],[-120.76779100000002,39.06189499999999],[-120.767845,39.061939],[-120.767866,39.061964999999994],[-120.76806099999999,39.062089],[-120.768109,39.062098999999996],[-120.76824100000002,39.062177999999996],[-120.76850599999999,39.06232599999999],[-120.76853699999998,39.06234800000001],[-120.768591,39.0624],[-120.768708,39.062478],[-120.76876599999997,39.06253800000001],[-120.769029,39.062735],[-120.76909,39.06276],[-120.769156,39.062794],[-120.76920800000002,39.062827],[-120.76934700000001,39.06287400000001],[-120.769397,39.06291],[-120.769499,39.062965999999996],[-120.76957,39.062995],[-120.769688,39.063044],[-120.76979599999997,39.06307999999999],[-120.76992099999998,39.063174999999994],[-120.76995900000001,39.063225],[-120.76999899999997,39.063273],[-120.77005500000001,39.06335099999999],[-120.77013399999998,39.06345700000001],[-120.77030499999998,39.063630999999994],[-120.770324,39.063657],[-120.77034400000001,39.06366899999999],[-120.770387,39.06371],[-120.77044800000002,39.063757],[-120.770483,39.063777],[-120.77052699999999,39.06378999999999],[-120.77055900000002,39.063810000000004],[-120.77096299999998,39.063926],[-120.771045,39.063943],[-120.77120200000002,39.064012],[-120.771255,39.063946],[-120.771289,39.06387699999999],[-120.771312,39.063776],[-120.771309,39.063654],[-120.77126800000002,39.063508999999996],[-120.77123200000001,39.063435],[-120.77115100000002,39.06329499999999],[-120.77108199999999,39.063144],[-120.771006,39.06300399999999],[-120.77096599999997,39.062929999999994],[-120.770895,39.06276799999999],[-120.770855,39.06269400000001],[-120.770811,39.06257500000001],[-120.77067299999999,39.06216899999999],[-120.77060999999999,39.06201099999999],[-120.77059800000002,39.061939],[-120.77057599999998,39.061862999999995],[-120.77056399999996,39.06179899999999],[-120.770537,39.06171899999999],[-120.770496,39.061555999999996],[-120.77042499999999,39.061372999999996],[-120.77036499999998,39.061244],[-120.770309,39.061097],[-120.770286,39.06101999999999],[-120.770245,39.060855],[-120.77022399999998,39.060787],[-120.77021799999999,39.060718],[-120.77015400000002,39.06049200000001],[-120.770098,39.060337],[-120.77002900000001,39.060192999999984],[-120.76994799999999,39.060052999999996],[-120.769847,39.059914000000006],[-120.76982,39.059876],[-120.76975400000002,39.059767],[-120.769642,39.05961],[-120.76956899999999,39.059499],[-120.769517,39.059381],[-120.769447,39.059058],[-120.76941399999997,39.058948],[-120.769409,39.05891700000001],[-120.76947600000001,39.058968],[-120.769982,39.059397],[-120.77021399999998,39.059636],[-120.77079699999999,39.060162999999996],[-120.771101,39.060496],[-120.77134900000001,39.06081199999999],[-120.77157799999998,39.06101999999999],[-120.772155,39.061477],[-120.77263700000002,39.061915],[-120.772904,39.062144999999994],[-120.77310899999999,39.062321],[-120.77338799999998,39.062478],[-120.77366700000002,39.062624],[-120.774192,39.06285999999999],[-120.77460099999996,39.063018],[-120.775028,39.06316499999999],[-120.77550499999998,39.063297],[-120.77664099999997,39.063572],[-120.77731399999999,39.06383499999999],[-120.77771400000002,39.06389399999999],[-120.77828599999998,39.063988],[-120.77858799999998,39.06407900000001],[-120.77898599999997,39.064253],[-120.77925800000001,39.064382],[-120.779469,39.06446700000001],[-120.779686,39.06450199999999],[-120.779911,39.064565],[-120.78007199999998,39.064605],[-120.78029,39.064624],[-120.78094199999998,39.064642],[-120.781166,39.06467099999999],[-120.781405,39.064736999999994],[-120.781656,39.064893],[-120.78187099999998,39.065088],[-120.78217499999997,39.065415],[-120.782454,39.06561],[-120.78274699999996,39.06576700000001],[-120.78308599999998,39.06590200000001],[-120.78343599999997,39.066027000000005],[-120.78376499999999,39.06619],[-120.784057,39.06640099999999],[-120.784306,39.06664],[-120.78448,39.06679599999999],[-120.78460500000001,39.066900999999994],[-120.78477999999997,39.066975],[-120.785046,39.067053999999985],[-120.78553599999998,39.067218999999994],[-120.785937,39.06736599999999],[-120.78599499999999,39.06738800000001],[-120.78631700000001,39.06751799999999],[-120.786772,39.067693],[-120.78705199999999,39.067766999999996],[-120.78748,39.067865],[-120.787768,39.067956],[-120.78807099999997,39.068006],[-120.78856900000001,39.068104],[-120.78888399999998,39.068211999999995],[-120.78907899999999,39.06836199999999],[-120.78926200000001,39.06855099999999],[-120.789534,39.068735],[-120.78991600000002,39.069035],[-120.79019000000001,39.069285],[-120.79093099999999,39.06929199999999],[-120.79130599999999,39.06929699999999],[-120.79193399999998,39.06929199999999],[-120.79237,39.069341],[-120.792644,39.069377],[-120.793119,39.069365],[-120.793149,39.069366],[-120.793683,39.06939899999999],[-120.79388999999998,39.06938999999999],[-120.79416899999998,39.069341],[-120.79481300000002,39.069229],[-120.79499699999998,39.069158],[-120.79526300000002,39.069058],[-120.795286,39.06905],[-120.79542900000001,39.06904299999999],[-120.79567500000002,39.069062],[-120.795851,39.06909699999999],[-120.795992,39.069087],[-120.79618200000002,39.069084],[-120.79633600000001,39.069112999999994],[-120.796526,39.06912599999999],[-120.79671,39.06911699999999],[-120.79685800000001,39.069095999999995],[-120.79692599999997,39.069089],[-120.797021,39.069081],[-120.79733699999997,39.069107],[-120.79773199999998,39.069115999999994],[-120.79812199999999,39.069159],[-120.79864199999999,39.069210000000005],[-120.79919,39.069277],[-120.799514,39.069329],[-120.79976700000002,39.06933999999999],[-120.800225,39.069301],[-120.800627,39.06928899999999],[-120.80090199999997,39.069329999999994],[-120.801,39.06937],[-120.80103400000002,39.069441],[-120.80104599999999,39.069562],[-120.801105,39.069804999999995],[-120.801237,39.069932],[-120.801432,39.070044],[-120.801496,39.07005600000001],[-120.80158700000001,39.070072999999994],[-120.80180099999997,39.070092],[-120.80199900000001,39.070061],[-120.80213400000001,39.070007],[-120.802241,39.069908999999996],[-120.80236999999997,39.069554],[-120.802472,39.069385],[-120.802601,39.06927099999999],[-120.80271399999998,39.069205999999994],[-120.802898,39.069174999999994],[-120.803239,39.069205999999994],[-120.80367399999999,39.06935299999999],[-120.80428900000001,39.069645],[-120.80454700000001,39.069847],[-120.80458700000001,39.069878],[-120.804906,39.070244],[-120.80505799999996,39.070372],[-120.805234,39.07044],[-120.805438,39.070459],[-120.805579,39.07044299999999],[-120.805819,39.07038599999999],[-120.80598899999998,39.070338],[-120.806123,39.070327999999996],[-120.806285,39.070385],[-120.80651399999999,39.070557],[-120.80670399999998,39.070757],[-120.80685,39.07087899999999],[-120.807081,39.07098599999999],[-120.80731299999998,39.071042999999996],[-120.80757300000002,39.07105700000001],[-120.807943,39.071025],[-120.80828899999999,39.070989999999995],[-120.808599,39.07097400000001],[-120.80911700000001,39.071007],[-120.81003600000001,39.071187],[-120.81056299999997,39.071290999999995],[-120.811488,39.071432],[-120.81176200000002,39.07144],[-120.81201299999996,39.07142700000001],[-120.81232100000001,39.071333],[-120.81246899999998,39.071298999999996],[-120.812572,39.071262],[-120.81279099999999,39.071242],[-120.81299000000001,39.071313],[-120.81332099999997,39.071536],[-120.813878,39.071945],[-120.81419499999998,39.07213500000001],[-120.81453099999999,39.072281],[-120.814919,39.072427999999995],[-120.815523,39.07261],[-120.816063,39.07275799999999],[-120.816427,39.072839],[-120.816688,39.072863],[-120.817076,39.07284799999999],[-120.81746100000001,39.072773],[-120.817694,39.072722000000006],[-120.817847,39.072639],[-120.81807600000002,39.07245199999999],[-120.81834499999998,39.072345],[-120.81853600000001,39.072327],[-120.81882399999999,39.07232499999999],[-120.81908500000002,39.072369],[-120.81923499999999,39.072422],[-120.819958,39.072806],[-120.820168,39.07285400000001],[-120.820411,39.072898],[-120.82064299999999,39.072912],[-120.82084800000001,39.072881],[-120.82102499999999,39.072806],[-120.82112600000002,39.072702],[-120.821198,39.072593],[-120.82124700000001,39.072429],[-120.82131099999998,39.072342],[-120.821579,39.072157999999995],[-120.821701,39.07200499999999],[-120.82176700000001,39.071873999999994],[-120.82184799999999,39.071693999999994],[-120.821906,39.071546000000005],[-120.821979,39.071412],[-120.822015,39.071349],[-120.82216600000001,39.071153],[-120.82238799999999,39.07093],[-120.822596,39.07073499999999],[-120.822704,39.070598],[-120.82279499999997,39.070424],[-120.82288900000002,39.070276],[-120.822968,39.070178],[-120.82308199999996,39.070108],[-120.82324199999996,39.070052],[-120.823495,39.070043],[-120.82372699999999,39.07007599999999],[-120.82399699999999,39.07015],[-120.82433600000002,39.070332],[-120.82444700000002,39.070427],[-120.824579,39.07052699999999],[-120.824705,39.07058800000001],[-120.82481,39.070606],[-120.825015,39.070613],[-120.82521900000002,39.07057700000001],[-120.82534000000001,39.070501],[-120.82559,39.070333999999995],[-120.825921,39.070137],[-120.82614099999999,39.070048],[-120.826385,39.069993],[-120.82657499999999,39.069945],[-120.826817,39.06987399999999],[-120.82702599999999,39.06977899999999],[-120.82716500000001,39.069707],[-120.82729999999998,39.069587000000006],[-120.827485,39.069496],[-120.82774700000002,39.069427000000005],[-120.828511,39.069265],[-120.828836,39.069169],[-120.82908400000001,39.069042],[-120.82923499999997,39.06892299999999],[-120.829307,39.068814],[-120.82936599999998,39.06865500000001],[-120.82938999999999,39.068490999999995],[-120.829358,39.06827599999999],[-120.829277,39.068034],[-120.829114,39.067707999999996],[-120.829017,39.067553],[-120.828977,39.067449],[-120.82900000000001,39.067361],[-120.82902799999997,39.067344999999996],[-120.82909299999999,39.067293],[-120.82934599999997,39.06729899999999],[-120.82949299999997,39.06736599999999],[-120.82992100000001,39.06747399999999],[-120.830118,39.067493],[-120.83025100000002,39.067472],[-120.83038699999999,39.067413],[-120.830451,39.067347999999996],[-120.83045999999997,39.067249],[-120.830413,39.067106],[-120.83029699999999,39.066887999999985],[-120.830082,39.066666],[-120.82999300000002,39.06649],[-120.82997400000002,39.066351999999995],[-120.829983,39.06629699999999],[-120.829983,39.06627000000001],[-120.830041,39.066193],[-120.83010100000001,39.066156],[-120.83023599999999,39.066126999999994],[-120.83055200000001,39.066163],[-120.83075900000001,39.066206],[-120.831012,39.066247000000004],[-120.831181,39.06626],[-120.83134299999998,39.06622899999999],[-120.831514,39.06613099999999],[-120.83162900000002,39.066005999999994],[-120.831916,39.065635],[-120.83208999999998,39.065389999999994],[-120.83236200000002,39.06513499999999],[-120.83249299999997,39.065059],[-120.83261400000002,39.065014000000005],[-120.832712,39.065006],[-120.83294499999998,39.06501699999998],[-120.83382700000001,39.065157],[-120.83457299999998,39.065186999999995],[-120.834771,39.065155999999995],[-120.834934,39.065085999999994],[-120.835112,39.064951],[-120.83521999999999,39.064809],[-120.83533800000001,39.06447500000001],[-120.835589,39.06383499999999],[-120.83577000000001,39.063477],[-120.835929,39.06327],[-120.83602799999998,39.063216],[-120.83611,39.063179],[-120.83642,39.063149],[-120.836666,39.06320100000001],[-120.83697699999998,39.063357999999994],[-120.837138,39.063458],[-120.83746499999997,39.063725],[-120.83785000000002,39.06406399999999],[-120.838177,39.064319],[-120.83835800000001,39.064428],[-120.83847,39.064474],[-120.838638,39.06450499999999],[-120.83891999999997,39.064524999999996],[-120.83909700000001,39.06449899999999],[-120.83923099999998,39.06446700000001],[-120.83940200000002,39.064354],[-120.83953799999998,39.064218],[-120.839705,39.063907],[-120.83980199999999,39.063583],[-120.839885,39.063243],[-120.83997399999998,39.062986],[-120.84009600000002,39.06281499999999],[-120.84022499999999,39.06273399999999],[-120.84039499999997,39.06264699999999],[-120.840564,39.062605],[-120.84079699999998,39.062602],[-120.841546,39.062692],[-120.84223400000002,39.062858],[-120.84302599999997,39.06307999999999],[-120.843671,39.063267],[-120.84441099999998,39.06347199999999],[-120.84485299999999,39.063603],[-120.845007,39.063675999999994],[-120.845062,39.063759],[-120.845074,39.063825],[-120.84506599999997,39.063907],[-120.845001,39.06398900000001],[-120.84478900000002,39.064097],[-120.844475,39.064286],[-120.844232,39.064514],[-120.844088,39.064727],[-120.84400699999998,39.064921],[-120.844004,39.06509100000001],[-120.844044,39.065251],[-120.84415399999997,39.0654],[-120.84428699999997,39.06549],[-120.844385,39.065523999999996],[-120.844532,39.06554199999999],[-120.844733,39.06550699999999],[-120.84477899999997,39.0655],[-120.845105,39.065413],[-120.84551999999996,39.065247],[-120.84581099999997,39.065107],[-120.846572,39.06470199999999],[-120.84689700000001,39.064568],[-120.847138,39.064515],[-120.847328,39.064504],[-120.84750399999997,39.06454399999999],[-120.847615,39.064615999999994],[-120.84768399999997,39.064727],[-120.84775999999998,39.06481],[-120.84810999999999,39.064918000000006],[-120.848264,39.065051],[-120.84837999999996,39.06523299999999],[-120.848451,39.065462],[-120.848517,39.06574299999999],[-120.848606,39.065843],[-120.84874000000002,39.06589399999999],[-120.84891499999998,39.065928],[-120.849141,39.065935999999994],[-120.849508,39.065887],[-120.85003100000002,39.065761],[-120.85045799999999,39.065694],[-120.85066899999998,39.065718],[-120.85088700000001,39.065785999999996],[-120.85106,39.065929999999994],[-120.851114,39.066084],[-120.851111,39.06628799999999],[-120.85102200000001,39.06656099999999],[-120.850946,39.066885],[-120.850929,39.067100999999994],[-120.85094799999997,39.067195],[-120.85099599999998,39.06725],[-120.85110099999999,39.067305999999995],[-120.851207,39.067335],[-120.85134,39.067352],[-120.851525,39.067286],[-120.851681,39.067194],[-120.85193700000002,39.067009999999996],[-120.85217899999998,39.066875],[-120.85289000000002,39.066683999999995],[-120.853464,39.06649699999999],[-120.85386899999999,39.066337],[-120.854308,39.066151],[-120.854725,39.06604000000001],[-120.85503399999999,39.065995],[-120.85507899999999,39.065989],[-120.85538799999999,39.066003],[-120.855691,39.066039],[-120.85590399999998,39.066095999999995],[-120.85605799999998,39.06618499999999],[-120.856238,39.066356999999996],[-120.856432,39.066551],[-120.85670399999998,39.066774],[-120.856891,39.06699499999999],[-120.85700600000001,39.067276],[-120.85715400000001,39.067710999999996],[-120.85724899999998,39.06791],[-120.857391,39.06804399999999],[-120.857545,39.068132999999996],[-120.85770600000001,39.068183999999995],[-120.85786099999997,39.068202],[-120.858221,39.068144999999994],[-120.85838299999998,39.06812999999999],[-120.858587,39.068154],[-120.85876900000001,39.068227],[-120.858885,39.068295],[-120.858978,39.06835],[-120.85907499999999,39.068494],[-120.85925499999996,39.068727],[-120.85943900000001,39.068904],[-120.859592,39.06898799999999],[-120.85975999999998,39.06905],[-120.86002000000002,39.069101],[-120.86015300000001,39.06911399999999],[-120.860224,39.069098],[-120.86048599999998,39.069029],[-120.86074099999999,39.068949],[-120.86096000000002,39.068924],[-120.86117100000001,39.06893199999999],[-120.86135999999999,39.06899400000001],[-120.861604,39.06915],[-120.861992,39.069544],[-120.862153,39.069661],[-120.86233099999997,39.069727999999984],[-120.862427,39.06974299999999],[-120.86254899999999,39.069762999999995],[-120.862845,39.069766],[-120.86303600000001,39.069724],[-120.86324799999998,39.06964399999999],[-120.86345500000002,39.069486999999995],[-120.86361799999999,39.069263],[-120.86374099999999,39.069045],[-120.86377899999997,39.068853],[-120.86376800000001,39.068633],[-120.86373899999997,39.068287],[-120.863688,39.06792899999999],[-120.863616,39.067626000000004],[-120.863563,39.067423],[-120.86348800000002,39.067241],[-120.86334499999998,39.066965],[-120.863175,39.066737999999994],[-120.863052,39.066506],[-120.86303999999997,39.066340999999994],[-120.863085,39.066221],[-120.863199,39.066129],[-120.86339800000002,39.066032],[-120.86369500000002,39.06592499999999],[-120.86391499999999,39.065882999999985],[-120.864528,39.06587799999999],[-120.86523299999999,39.065857],[-120.86564200000001,39.065806],[-120.86586300000002,39.065731],[-120.865911,39.065716],[-120.86619600000002,39.06552099999999],[-120.86639599999998,39.065352],[-120.866681,39.065147],[-120.866796,39.06502699999999],[-120.866861,39.064874],[-120.86685,39.064753],[-120.86674599999999,39.064625],[-120.86647999999998,39.064469],[-120.866159,39.06434],[-120.86595999999999,39.064254000000005],[-120.86576699999999,39.064171],[-120.86559900000002,39.06405999999999],[-120.865426,39.063893],[-120.86513399999998,39.06339599999999],[-120.86503699999999,39.063285],[-120.864799,39.06321200000001],[-120.86450300000001,39.06317799999999],[-120.86437100000002,39.063163],[-120.864025,39.063144],[-120.863871,39.06310899999999],[-120.863774,39.06305299999999],[-120.86373899999997,39.063003],[-120.86374000000002,39.062943],[-120.863812,39.062872],[-120.86401699999999,39.062786],[-120.864379,39.06264199999999],[-120.86481300000001,39.062371],[-120.86512999999997,39.062116],[-120.86552700000001,39.06175799999999],[-120.865788,39.061502],[-120.86591800000001,39.06131100000001],[-120.86596399999998,39.061086],[-120.86595399999999,39.060877999999995],[-120.865879,39.06067399999999],[-120.86571999999998,39.060469],[-120.86549099999998,39.06027999999999],[-120.86514099999998,39.060100999999996],[-120.86471699999998,39.059976],[-120.864637,39.05994599999999],[-120.864325,39.05982899999999],[-120.86398300000002,39.059664],[-120.86366200000002,39.059469],[-120.863523,39.059341],[-120.863413,39.059169],[-120.86337199999998,39.059048],[-120.86339600000001,39.058906],[-120.863466,39.058753],[-120.863864,39.058761],[-120.864865,39.058689],[-120.865055,39.05866199999999],[-120.865289,39.05863],[-120.86544999999998,39.05861],[-120.86569,39.058579],[-120.86595300000002,39.05850999999999],[-120.86618699999997,39.058409],[-120.86656999999998,39.05822499999999],[-120.867087,39.058049],[-120.86737799999997,39.057908999999995],[-120.867506,39.05782800000001],[-120.86765499999997,39.057754],[-120.86800999999998,39.05758000000001],[-120.86824400000002,39.05748899999998],[-120.86854700000002,39.05744299999999],[-120.868837,39.05742899999999],[-120.869068,39.057459],[-120.869258,39.057531999999995],[-120.86938299999997,39.057627000000004],[-120.86941699999997,39.057715],[-120.869393,39.057852],[-120.86927800000001,39.058032],[-120.86912,39.058223],[-120.86906699999999,39.05845299999999],[-120.86901900000001,39.058831],[-120.86897699999999,39.05928699999999],[-120.86899599999998,39.059567],[-120.86910600000002,39.05977099999999],[-120.86920200000002,39.059898000000004],[-120.869342,39.059971],[-120.86943300000001,39.05999899999999],[-120.869603,39.05999],[-120.86979299999999,39.05991499999999],[-120.87021199999997,39.059733],[-120.870765,39.05953999999999],[-120.871105,39.059412],[-120.87172499999998,39.059203],[-120.87189800000002,39.059163],[-120.872609,39.059004],[-120.873251,39.058911],[-120.873731,39.058877],[-120.87407500000002,39.058907999999995],[-120.874251,39.058931],[-120.87466600000002,39.058968],[-120.875067,39.058989000000004],[-120.875434,39.058978],[-120.875653,39.058931],[-120.87575999999997,39.058854999999994],[-120.875875,39.058681],[-120.87597000000001,39.058451],[-120.87598,39.058264],[-120.87594799999997,39.058066],[-120.87583799999999,39.057499],[-120.875848,39.057315],[-120.875884,39.05720099999999],[-120.875949,39.057137999999995],[-120.876047,39.05697700000001],[-120.876089,39.056961],[-120.87629999999999,39.056922],[-120.876737,39.05688399999999],[-120.87705399999999,39.056802],[-120.87718800000002,39.056714],[-120.877286,39.05661],[-120.877385,39.056412],[-120.87739900000001,39.056281000000006],[-120.877392,39.056171],[-120.877294,39.055935],[-120.877076,39.055764],[-120.876815,39.05573099999999],[-120.87672600000002,39.05573499999999],[-120.87668100000002,39.055737],[-120.87604999999999,39.055938],[-120.875887,39.055943],[-120.87561899999999,39.055935],[-120.87538000000002,39.055894],[-120.875191,39.055820999999995],[-120.875073,39.055721],[-120.87503200000002,39.055643999999994],[-120.87506199999997,39.05551199999999],[-120.87511400000001,39.055397],[-120.87525699999999,39.055201],[-120.875486,39.055015999999995],[-120.87579199999999,39.054811],[-120.876049,39.054534],[-120.87635199999997,39.05443499999999],[-120.87671100000001,39.054368999999994],[-120.877232,39.054331],[-120.877788,39.054331],[-120.878091,39.054244],[-120.87820400000001,39.05416699999999],[-120.87829600000002,39.05405199999999],[-120.878458,39.05370599999999],[-120.87843699999999,39.05356299999999],[-120.878149,39.052981],[-120.877994,39.052585],[-120.87788899999998,39.052146],[-120.877833,39.05152],[-120.87781300000002,39.05084999999999],[-120.87786200000001,39.050477],[-120.87802400000001,39.05009799999999],[-120.87809500000002,39.049977],[-120.87817999999999,39.049889],[-120.878271,39.049818],[-120.87852500000001,39.049707999999995],[-120.87968699999998,39.049627],[-120.880962,39.049292],[-120.881328,39.049282],[-120.882236,39.04938599999999],[-120.882307,39.049375],[-120.88235600000002,39.049336999999994],[-120.88239800000001,39.049248999999996],[-120.88229299999999,39.049002],[-120.88225100000001,39.048766],[-120.88227200000001,39.048556999999995],[-120.882364,39.048315],[-120.88256800000002,39.04807399999999],[-120.883039,39.04773099999999],[-120.88310899999999,39.047709],[-120.88308299999998,39.047643],[-120.88307600000002,39.047611],[-120.883072,39.047592],[-120.88308199999999,39.047568],[-120.88310999999999,39.047533],[-120.88332299999999,39.047335],[-120.88355100000001,39.047093],[-120.88373100000001,39.046924000000004],[-120.883949,39.04675799999999],[-120.88415700000002,39.046581],[-120.884234,39.046530999999995],[-120.88452,39.04633599999999],[-120.88459999999998,39.046297],[-120.88474200000002,39.046203],[-120.88480299999998,39.046155],[-120.884924,39.046049],[-120.885051,39.045956999999994],[-120.885421,39.04566199999999],[-120.88558199999997,39.045519],[-120.88565600000001,39.04543],[-120.885708,39.045347],[-120.88574000000001,39.045267999999986],[-120.885747,39.045224999999995],[-120.88574999999997,39.04517200000001],[-120.88574000000001,39.04506000000001],[-120.88571900000001,39.04494999999999],[-120.88568900000001,39.04476],[-120.885698,39.044650999999995],[-120.88574000000001,39.04450799999999],[-120.88575200000001,39.044448],[-120.88576099999999,39.044380999999994],[-120.885762,39.044306],[-120.88575499999999,39.044],[-120.885762,39.043927999999994],[-120.88577900000001,39.043856999999996],[-120.88584399999999,39.043723],[-120.885999,39.04348499999999],[-120.886042,39.043432],[-120.886144,39.043338],[-120.88620500000002,39.04330699999999],[-120.886273,39.043283],[-120.88641199999999,39.043246],[-120.88648100000002,39.043234],[-120.88662599999998,39.043220999999996],[-120.88676399999999,39.043189000000005],[-120.886818,39.04316399999999],[-120.886862,39.043132],[-120.88688699999999,39.043095],[-120.88690399999999,39.043034000000006],[-120.886908,39.042942],[-120.886895,39.042868999999996],[-120.88687400000002,39.042793],[-120.88678200000001,39.042584],[-120.88676300000002,39.042517000000004],[-120.886754,39.042449],[-120.88675100000002,39.042379999999994],[-120.88677600000001,39.042172],[-120.88681,39.04197],[-120.88683300000001,39.041914],[-120.88686600000001,39.041790999999996],[-120.88686999999997,39.041733],[-120.886857,39.041673],[-120.886801,39.041565],[-120.886687,39.041354],[-120.88659199999996,39.041209],[-120.886521,39.041129],[-120.88632199999999,39.040977],[-120.886234,39.040897],[-120.88617,39.040818],[-120.88615,39.040777999999996],[-120.88613900000001,39.04070399999999],[-120.88613000000001,39.04065299999999],[-120.886108,39.040635],[-120.886045,39.04061699999999],[-120.88608500000001,39.04059399999999],[-120.886143,39.040580999999996],[-120.88618,39.040578],[-120.88621400000001,39.040583],[-120.88627,39.040597],[-120.88639100000002,39.04065099999999],[-120.886443,39.040672],[-120.886504,39.04069299999999],[-120.88671800000002,39.040758],[-120.886855,39.040811],[-120.887041,39.040901000000005],[-120.88729700000002,39.04100799999999],[-120.88735799999998,39.041025],[-120.88742100000002,39.041025],[-120.887483,39.04101299999999],[-120.88768,39.040962],[-120.88775400000002,39.040952],[-120.887913,39.040944],[-120.88799100000001,39.040952999999995],[-120.88813599999999,39.040988000000006],[-120.88826499999999,39.041039],[-120.88832100000002,39.04106899999999],[-120.88837199999999,39.041106],[-120.88841199999999,39.041146],[-120.888479,39.041244],[-120.888509,39.041304],[-120.88855200000002,39.041348],[-120.888597,39.041404],[-120.88871499999996,39.041484999999994],[-120.88904099999999,39.04168799999999],[-120.889109,39.04172299999998],[-120.88917799999999,39.04174799999999],[-120.889254,39.04178699999999],[-120.88940299999999,39.04187799999999],[-120.889477,39.04191600000001],[-120.889548,39.041963],[-120.88960799999997,39.042017],[-120.889654,39.04206599999999],[-120.88978700000001,39.042291],[-120.889907,39.04245399999999],[-120.88996199999997,39.042511],[-120.88999599999997,39.04257299999999],[-120.89011700000002,39.04272699999999],[-120.89018699999998,39.042798],[-120.89021399999999,39.042851000000006],[-120.890223,39.04289300000001],[-120.890242,39.04291],[-120.890293,39.04296999999999],[-120.890339,39.043071],[-120.89034299999999,39.04311],[-120.89040799999997,39.043218],[-120.890452,39.043261],[-120.89050499999998,39.043295],[-120.89057,39.04332099999999],[-120.890641,39.04334299999999],[-120.89072000000002,39.043354],[-120.89080299999998,39.043354],[-120.890887,39.043342],[-120.890969,39.043318],[-120.89104699999997,39.043284],[-120.891119,39.043241],[-120.891245,39.043135],[-120.89130000000002,39.04307599999999],[-120.89134699999997,39.043013],[-120.89142300000002,39.042886],[-120.89150499999998,39.042765],[-120.891606,39.042649],[-120.89167,39.042595999999996],[-120.89174,39.042547],[-120.891884,39.042466000000005],[-120.89195699999999,39.042435999999995],[-120.89203500000002,39.04241199999999],[-120.89211999999998,39.04239799999999],[-120.892211,39.042388],[-120.892305,39.042382999999994],[-120.892591,39.042381],[-120.892677,39.042371],[-120.89274499999998,39.042352],[-120.89280500000001,39.042318],[-120.892924,39.04222],[-120.89299700000001,39.042184],[-120.89307799999999,39.042165],[-120.89316500000001,39.042154000000004],[-120.89325500000001,39.042148999999995],[-120.89334199999999,39.042158],[-120.893427,39.042172],[-120.89350499999998,39.04217799999999],[-120.89356699999999,39.04217299999999],[-120.89363799999997,39.04214999999999],[-120.89377100000002,39.042086],[-120.89390899999998,39.041993999999995],[-120.89425499999999,39.04173699999999],[-120.894316,39.041682],[-120.89436300000001,39.04162199999999],[-120.894398,39.04156100000001],[-120.89442399999997,39.041498],[-120.89443699999997,39.04143599999999],[-120.89443200000001,39.04130299999999],[-120.894419,39.04123799999999],[-120.89439600000001,39.041177],[-120.89431700000002,39.041053],[-120.89428500000001,39.040987],[-120.89426999999998,39.04092],[-120.894256,39.04079899999999],[-120.894229,39.040696000000004],[-120.89419799999999,39.040627],[-120.89418200000001,39.040497],[-120.89418900000001,39.040427],[-120.894208,39.040353999999994],[-120.89422999999996,39.040302],[-120.89425200000001,39.04022299999999],[-120.894283,39.040184],[-120.89429,39.040122000000004],[-120.894364,39.039962],[-120.894415,39.039865],[-120.89445300000001,39.039826000000005],[-120.89451000000001,39.03974],[-120.894545,39.039696],[-120.89459,39.03965899999999],[-120.89464099999996,39.039632],[-120.89469600000001,39.03960899999999],[-120.89475000000002,39.039581],[-120.89485200000001,39.03950799999999],[-120.89489100000002,39.03947000000001],[-120.89491500000001,39.039431],[-120.89492299999999,39.039386],[-120.89491700000002,39.03933],[-120.89492,39.039272],[-120.89495499999997,39.039228],[-120.89497500000002,39.039214],[-120.89499299999999,39.039199999999994],[-120.895037,39.039179999999995],[-120.89507899999997,39.039168],[-120.89512599999998,39.03916099999999],[-120.89517900000001,39.039162999999995],[-120.89528800000001,39.039190000000005],[-120.89534299999997,39.039198],[-120.89539699999997,39.039196999999994],[-120.89544400000001,39.039185],[-120.89548300000001,39.039158],[-120.89550700000001,39.03912],[-120.89551499999999,39.039072],[-120.895512,39.038959],[-120.8955,39.038898],[-120.895484,39.038706999999995],[-120.895493,39.038653],[-120.89552,39.038596000000005],[-120.89552700000002,39.038517],[-120.89554000000001,39.038470999999994],[-120.89555799999998,39.038435],[-120.89557999999997,39.038334],[-120.89557999999997,39.03826],[-120.89560699999997,39.038208],[-120.89563499999998,39.03813699999999],[-120.89568100000001,39.038079999999994],[-120.89573,39.038036],[-120.89586799999998,39.037896],[-120.89596199999997,39.037818],[-120.895995,39.037802],[-120.896013,39.037794],[-120.89607,39.037785],[-120.89618599999997,39.037803],[-120.89624800000001,39.03781],[-120.89631200000001,39.037811999999995],[-120.89637299999997,39.037806],[-120.89665099999998,39.037741000000004],[-120.896773,39.037698],[-120.896829,39.03767],[-120.896878,39.037624],[-120.89692499999997,39.037569],[-120.897039,39.03749899999998],[-120.897106,39.037472],[-120.89717999999998,39.037453],[-120.89734300000002,39.037426],[-120.89751599999995,39.037417999999995],[-120.897763,39.03742199999999],[-120.89801399999999,39.03741999999999],[-120.89816600000002,39.037408],[-120.89823600000001,39.037406],[-120.898303,39.037405],[-120.89836299999997,39.037405],[-120.89841099999998,39.037399],[-120.89842899999995,39.037394],[-120.89846799999998,39.037380999999996],[-120.89852,39.037355999999996],[-120.89857999999997,39.037332],[-120.89864199999998,39.037317],[-120.89870100000002,39.03731199999999],[-120.89876799999998,39.037313999999995],[-120.89885,39.037397999999996],[-120.898883,39.037438],[-120.898929,39.037467],[-120.898973,39.037525],[-120.89902000000001,39.037563],[-120.89907,39.037592999999994],[-120.89912299999997,39.037618],[-120.89918599999997,39.037623],[-120.899251,39.037656000000005],[-120.89933800000001,39.037754],[-120.899465,39.037828],[-120.89953299999999,39.037842999999995],[-120.89959300000001,39.037869],[-120.899663,39.037924999999994],[-120.89975599999998,39.03805599999999],[-120.89977900000001,39.038135999999994],[-120.899816,39.038177999999995],[-120.899912,39.038237],[-120.90005299999999,39.03842699999999],[-120.90007299999999,39.038517],[-120.90015499999997,39.038630999999995],[-120.90019999999998,39.03868099999999],[-120.900254,39.038723999999995],[-120.900389,39.03881],[-120.900442,39.038857],[-120.900475,39.038898999999994],[-120.90056999999997,39.039041000000005],[-120.90066200000001,39.039244],[-120.90077399999997,39.039407000000004],[-120.900817,39.039457],[-120.90096599999998,39.039598000000005],[-120.90100899999999,39.03965],[-120.90102199999998,39.039669],[-120.901116,39.03979699999999],[-120.90116199999997,39.039842],[-120.901317,39.03997199999999],[-120.90139899999997,39.04007],[-120.90143299999998,39.040121],[-120.90151200000001,39.040324999999996],[-120.901541,39.04036399999999],[-120.90157700000002,39.04039399999999],[-120.90162200000002,39.04041699999999],[-120.901672,39.04043299999999],[-120.901721,39.040437999999995],[-120.901767,39.040431],[-120.901958,39.040373],[-120.902062,39.040350999999994],[-120.90230299999999,39.040319],[-120.90256999999997,39.040277999999994],[-120.902639,39.04026799999999],[-120.902708,39.040257],[-120.902738,39.040113999999996],[-120.90284,39.03983199999999],[-120.903068,39.039395000000006],[-120.903075,39.039131999999995],[-120.902964,39.038481],[-120.90295300000001,39.03835899999999],[-120.90291499999998,39.03792599999999],[-120.90296100000002,39.037321],[-120.90312399999999,39.03671099999999],[-120.90343600000001,39.036258],[-120.90363999999998,39.03599899999999],[-120.90410500000002,39.035773999999996],[-120.90458600000001,39.035650999999994],[-120.90519500000002,39.035604],[-120.90597000000001,39.035661],[-120.906554,39.035809999999984],[-120.90691799999999,39.035965],[-120.90726599999999,39.036114999999995],[-120.907622,39.036245],[-120.90799300000002,39.036347],[-120.90835700000001,39.036353],[-120.90852800000002,39.036276],[-120.90859699999999,39.036161],[-120.908629,39.036008],[-120.90877699999999,39.035776999999996],[-120.909311,39.035093999999994],[-120.90961299999998,39.03468399999999],[-120.910061,39.03377999999999],[-120.910346,39.03337499999999],[-120.91053400000001,39.03311],[-120.91071999999998,39.032835999999996],[-120.91088899999997,39.032489],[-120.91099700000001,39.032294],[-120.911072,39.031989],[-120.91117700000001,39.031597],[-120.91138199999997,39.031287],[-120.911871,39.030749],[-120.912135,39.030345],[-120.912476,39.02989199999999],[-120.91274900000002,39.029503],[-120.913195,39.028635],[-120.91417600000001,39.027865],[-120.915101,39.027255],[-120.915225,39.027169],[-120.91539200000001,39.026924],[-120.91575200000001,39.026442],[-120.91604300000002,39.026067],[-120.91608200000002,39.02601799999999],[-120.916343,39.025577],[-120.916894,39.023997],[-120.917037,39.02343799999999],[-120.91711200000002,39.023118000000004],[-120.91733,39.022685],[-120.91734900000002,39.022356],[-120.91736799999998,39.02203600000001],[-120.917597,39.021544],[-120.91799599999997,39.02101900000001],[-120.91829399999999,39.020587],[-120.918498,39.020247999999995],[-120.91853,39.020197],[-120.91895899999999,39.019577],[-120.91907399999998,39.019588999999996],[-120.91919000000001,39.019602000000006],[-120.91926500000001,39.01960999999999],[-120.92018299999997,39.019710999999994],[-120.920489,39.01974499999999],[-120.920918,39.019794999999995],[-120.92220599999997,39.01994499999999],[-120.922636,39.019994999999994],[-120.92323100000002,39.020064000000005],[-120.925016,39.020270999999994],[-120.92561200000002,39.020341],[-120.92576399999997,39.02022199999999],[-120.92614599999999,39.020136],[-120.926791,39.01999299999999],[-120.92734800000001,39.020039],[-120.927769,39.020368000000005],[-120.92799300000001,39.020542999999996],[-120.928266,39.020669],[-120.92931100000001,39.020832],[-120.93244799999997,39.021321],[-120.933446,39.02147699999998],[-120.933493,39.021464],[-120.935294,39.021062],[-120.9407,39.01985799999999],[-120.942502,39.019457],[-120.94256700000001,39.01943899999999],[-120.94276499999998,39.019387],[-120.94283100000001,39.01937],[-120.94287799999996,39.019428],[-120.94292499999997,39.01949599999999],[-120.94294599999998,39.019566],[-120.94293600000002,39.01970099999999],[-120.94290999999998,39.01977099999999],[-120.942884,39.019906999999996],[-120.94288,39.019931],[-120.942861,39.020107],[-120.94287300000002,39.020296],[-120.94288500000002,39.02038],[-120.942908,39.020461],[-120.942945,39.02052999999999],[-120.94299299999999,39.02059700000001],[-120.94305599999998,39.020661999999994],[-120.943131,39.020724],[-120.94340500000001,39.02088299999999],[-120.943523,39.020946],[-120.943731,39.021044999999994],[-120.943847,39.021092],[-120.943866,39.021106],[-120.94393299999999,39.021156999999995],[-120.944139,39.021375],[-120.944205,39.021429],[-120.944274,39.021452],[-120.94431200000001,39.021458],[-120.94446500000001,39.02148199999999],[-120.94455799999999,39.021472],[-120.944664,39.021474999999995],[-120.944683,39.02147699999998],[-120.94476499999999,39.021489],[-120.94487899999999,39.021511],[-120.94499199999997,39.021538],[-120.94509500000001,39.021554],[-120.94520199999997,39.02156399999999],[-120.945307,39.02156200000001],[-120.9454,39.021534],[-120.94549700000002,39.021492],[-120.94558700000002,39.02144400000001],[-120.945686,39.021397],[-120.94575599999999,39.021367],[-120.945789,39.021354],[-120.945917,39.021309],[-120.94602999999998,39.021302999999996],[-120.94611999999998,39.021305],[-120.94615200000001,39.021305],[-120.94622599999997,39.02131800000001],[-120.946272,39.021327],[-120.94637999999999,39.021367],[-120.94648099999999,39.021423999999996],[-120.94651800000001,39.021451],[-120.946606,39.021514999999994],[-120.94665600000002,39.021550999999995],[-120.946742,39.021601999999994],[-120.94684000000001,39.021624],[-120.94686600000001,39.021626999999995],[-120.94694,39.021637999999996],[-120.947043,39.021635999999994],[-120.94715500000001,39.021619],[-120.94738200000002,39.021571],[-120.94761699999998,39.02151],[-120.94771099999998,39.02147099999999],[-120.947733,39.021463],[-120.94782400000001,39.02143600000001],[-120.94798099999997,39.021368],[-120.94815299999998,39.02129999999999],[-120.94826900000001,39.02124299999999],[-120.948434,39.021151999999994],[-120.94851200000001,39.02111],[-120.948645,39.021060000000006],[-120.94877099999998,39.020993999999995],[-120.94891199999998,39.020946],[-120.949039,39.020889],[-120.94916499999997,39.020818999999996],[-120.949561,39.020635999999996],[-120.949805,39.02052299999999],[-120.949828,39.02051300000001],[-120.949967,39.020459],[-120.950113,39.020415],[-120.95026599999998,39.020381],[-120.95028600000002,39.020377999999994],[-120.950428,39.020357000000004],[-120.950735,39.020324],[-120.950858,39.020303999999996],[-120.95100099999998,39.020281000000004],[-120.95102799999998,39.020277],[-120.951321,39.020207],[-120.95133999999999,39.020201],[-120.951735,39.020092],[-120.95186600000001,39.02005199999999],[-120.95199799999999,39.02002],[-120.95213299999999,39.01999899999999],[-120.95235799999999,39.01995800000001],[-120.952396,39.019951999999996],[-120.952525,39.01991699999999],[-120.95264999999998,39.01987299999999],[-120.95269199999998,39.019856000000004],[-120.95285900000002,39.019787],[-120.952897,39.019771999999996],[-120.95313900000001,39.019683],[-120.95326199999998,39.01964799999999],[-120.953377,39.01962399999999],[-120.95339299999999,39.019620999999994],[-120.95355599999998,39.019596],[-120.953815,39.01955699999999],[-120.953921,39.019545],[-120.95396400000001,39.019541],[-120.954113,39.019534],[-120.95426100000002,39.019542],[-120.954404,39.019567],[-120.95454,39.01960600000001],[-120.95479300000001,39.019692],[-120.95491699999998,39.01972799999999],[-120.954999,39.01974799999999],[-120.95503900000001,39.019758],[-120.955159,39.01977999999999],[-120.955274,39.019796],[-120.955364,39.019802],[-120.955384,39.019803],[-120.95541999999999,39.019803],[-120.955488,39.019805],[-120.955591,39.019803],[-120.955648,39.019803],[-120.955692,39.019802],[-120.95575599999997,39.019802],[-120.95582399999998,39.019804],[-120.95586800000001,39.019805999999996],[-120.955911,39.019807],[-120.95592799999999,39.019809],[-120.95598500000001,39.019816999999996],[-120.956106,39.01985299999999],[-120.95615799999999,39.01988599999999],[-120.956275,39.019965],[-120.956408,39.020088],[-120.95648099999995,39.020145],[-120.95660599999997,39.020255],[-120.956731,39.020376],[-120.956852,39.020503],[-120.95698899999996,39.020648],[-120.95719699999997,39.020848],[-120.95734299999998,39.020975],[-120.95747700000001,39.021105],[-120.95760099999998,39.021232],[-120.95775400000001,39.021423],[-120.957874,39.02154],[-120.958086,39.021719000000004],[-120.958667,39.022158],[-120.958935,39.022341999999995],[-120.959019,39.022405],[-120.959266,39.02257300000001],[-120.959631,39.02277699999999],[-120.95974100000001,39.022814999999994],[-120.959826,39.02284499999999],[-120.96005300000002,39.022908],[-120.96009000000001,39.02291399999999],[-120.96018000000001,39.022931],[-120.960242,39.022942],[-120.960429,39.022977],[-120.96049199999999,39.022989],[-120.96053400000001,39.022991999999995],[-120.96059,39.022998],[-120.960661,39.022998],[-120.96070400000002,39.02299899999999],[-120.960731,39.02299899999999],[-120.960785,39.022994999999995],[-120.96086700000001,39.02298999999999],[-120.96103099999999,39.022991999999995],[-120.96111300000001,39.022994],[-120.961286,39.022997000000004],[-120.96155400000002,39.023002],[-120.96170100000002,39.022998],[-120.961808,39.02298699999999],[-120.96197999999997,39.022961],[-120.96227,39.022908],[-120.96235699999997,39.022893],[-120.96247899999999,39.022878],[-120.96261199999998,39.022868],[-120.96275500000002,39.02286899999999],[-120.96289699999998,39.022881],[-120.96303899999997,39.02289999999999],[-120.963153,39.022901],[-120.96317499999999,39.022901999999995],[-120.96344799999997,39.022922],[-120.963558,39.02293],[-120.963826,39.02293400000001],[-120.96394,39.02295299999999],[-120.96396500000002,39.02295500000001],[-120.96405299999998,39.022978],[-120.964168,39.023014],[-120.96428399999998,39.023058999999996],[-120.964427,39.023108],[-120.96452400000001,39.023142],[-120.96464999999999,39.023172],[-120.96477599999999,39.023194],[-120.96514699999997,39.023213999999996],[-120.965252,39.02323],[-120.965339,39.023264],[-120.965403,39.023313],[-120.96543700000001,39.023374999999994],[-120.96543700000001,39.023441000000005],[-120.96540700000001,39.02350499999999],[-120.965291,39.023621],[-120.965216,39.02367499999999],[-120.96514200000001,39.023749],[-120.965074,39.023793],[-120.965005,39.023875],[-120.96495899999998,39.023982],[-120.96486899999998,39.02414199999999],[-120.96483899999998,39.02422099999999],[-120.96482199999998,39.024292],[-120.96482700000001,39.024359],[-120.964859,39.024417],[-120.964914,39.024465],[-120.96506500000001,39.024546],[-120.965139,39.024595],[-120.965195,39.024656],[-120.965219,39.024726],[-120.965201,39.024798999999994],[-120.96515500000001,39.024883],[-120.96512599999997,39.024938],[-120.96503,39.025089],[-120.96497299999997,39.025163],[-120.964908,39.02523500000001],[-120.96483299999998,39.025296000000004],[-120.964663,39.02542199999999],[-120.96456300000001,39.025459999999995],[-120.96445799999998,39.025479000000004],[-120.964406,39.02549199999999],[-120.964355,39.025504],[-120.964253,39.025522],[-120.964156,39.02553199999999],[-120.964071,39.025542],[-120.96400599999997,39.02555900000001],[-120.96395599999998,39.025589],[-120.96392600000001,39.02563099999999],[-120.963918,39.025681000000006],[-120.96393800000001,39.02573600000001],[-120.96397800000001,39.02579099999999],[-120.96404300000002,39.025842999999995],[-120.96409499999999,39.025908],[-120.96413900000002,39.025976],[-120.964156,39.026041],[-120.96414399999998,39.026107],[-120.964093,39.026154999999996],[-120.964032,39.026194],[-120.963987,39.026215],[-120.96388799999995,39.026262],[-120.96373299999999,39.026313],[-120.96366499999996,39.026341],[-120.963613,39.026374999999994],[-120.96358099999996,39.026416999999995],[-120.96356699999997,39.02645799999999],[-120.96358799999997,39.026509],[-120.963604,39.026525],[-120.963634,39.026554999999995],[-120.96375500000002,39.026626],[-120.96384,39.026656],[-120.96389299999998,39.026715],[-120.96391200000001,39.026782999999995],[-120.96390599999998,39.02685],[-120.963799,39.027048],[-120.963784,39.02710799999999],[-120.96379100000001,39.02716499999999],[-120.96382400000002,39.027214],[-120.96387899999998,39.02726500000001],[-120.963944,39.027288000000006],[-120.964021,39.02729600000001],[-120.964102,39.027282],[-120.96417899999999,39.02724899999999],[-120.964253,39.027204],[-120.964357,39.027133],[-120.96448599999998,39.027044],[-120.964574,39.026996],[-120.96466700000002,39.026959999999995],[-120.964773,39.02693899999999],[-120.96487800000001,39.026932],[-120.96498599999998,39.02693599999999],[-120.96509199999997,39.02694799999998],[-120.96514500000002,39.026959999999995],[-120.965198,39.02697200000001],[-120.96521200000001,39.026977],[-120.96529899999999,39.02700599999999],[-120.96538999999997,39.02705],[-120.965403,39.027061999999994],[-120.965456,39.027109],[-120.96547399999997,39.027136],[-120.96550799999999,39.02718899999999],[-120.96552100000001,39.027224000000004],[-120.96553300000001,39.027256],[-120.965573,39.027365999999994],[-120.96563,39.027549],[-120.96565499999997,39.027662],[-120.965673,39.027743],[-120.96570899999999,39.027812],[-120.96573400000001,39.027918],[-120.96574600000001,39.028049],[-120.96573400000001,39.02814],[-120.96569700000002,39.028228999999996],[-120.96564099999998,39.02831],[-120.96550999999997,39.028461],[-120.96544499999999,39.028516999999994],[-120.965396,39.028586999999995],[-120.965352,39.028738999999995],[-120.96536299999997,39.028794],[-120.96536799999998,39.028815],[-120.965403,39.02888500000001],[-120.965457,39.028944],[-120.96551199999999,39.02904199999999],[-120.96556499999998,39.029118000000004],[-120.965586,39.029151999999996],[-120.965615,39.029201],[-120.96566,39.02928699999999],[-120.96568899999998,39.029377],[-120.96570399999996,39.029469999999996],[-120.96570399999996,39.02949499999999],[-120.965708,39.029659],[-120.965726,39.029737999999995],[-120.965717,39.02983699999999],[-120.96566,39.030043],[-120.96562799999997,39.030231],[-120.965618,39.030315],[-120.96563399999997,39.03040200000001],[-120.965661,39.030583],[-120.965676,39.03067500000001],[-120.96567499999998,39.030752],[-120.965685,39.030821],[-120.96571799999997,39.030879],[-120.96576799999997,39.030916],[-120.96577899999998,39.030923],[-120.965847,39.030949],[-120.965874,39.03095499999999],[-120.96594799999997,39.03097399999999],[-120.96607600000002,39.03100399999999],[-120.96609099999999,39.03100799999999],[-120.96616699999998,39.031035],[-120.966237,39.031071999999995],[-120.966297,39.031123],[-120.96638599999999,39.03123600000001],[-120.96644099999997,39.031306],[-120.966474,39.03133499999999],[-120.966501,39.03136],[-120.96656599999999,39.0314],[-120.966618,39.031419],[-120.96662899999998,39.03142400000001],[-120.966659,39.031432],[-120.96656300000001,39.031781],[-120.966552,39.031862],[-120.966478,39.032458999999996],[-120.96650600000001,39.03318800000001],[-120.96651200000001,39.033326],[-120.966609,39.033617],[-120.96673,39.034142],[-120.967251,39.035478999999995],[-120.96746399999998,39.036024],[-120.96808499999997,39.037727],[-120.96899799999996,39.03998],[-120.96951399999999,39.04091499999999],[-120.96952600000002,39.040936],[-120.97005200000001,39.041864],[-120.97052200000002,39.042641],[-120.97054799999998,39.042639],[-120.97062499999998,39.04263300000001],[-120.97065199999999,39.042632],[-120.97074,39.042624],[-120.97094800000002,39.042596999999994],[-120.97106,39.042575],[-120.971191,39.042564],[-120.97129299999997,39.042556999999995],[-120.97152999999997,39.04254600000001],[-120.971654,39.04255],[-120.971902,39.04255],[-120.972141,39.042562999999994],[-120.972824,39.04258],[-120.97284000000002,39.042581],[-120.973278,39.042596999999994],[-120.97336699999998,39.042614],[-120.97323199999998,39.043043999999995],[-120.97331,39.043051],[-120.973358,39.043057000000005],[-120.97350900000002,39.043077999999994],[-120.97362499999998,39.043085],[-120.973652,39.043088999999995],[-120.97372600000001,39.043123],[-120.973656,39.043288999999994],[-120.97361000000001,39.043375],[-120.973539,39.043507],[-120.97350900000002,39.043601],[-120.973499,39.04361399999999],[-120.97342400000001,39.043724999999995],[-120.973388,39.043779],[-120.97328200000001,39.043969],[-120.97326,39.044067999999996],[-120.97324500000002,39.044177],[-120.973257,39.044282],[-120.97328499999996,39.044388999999995],[-120.973359,39.04448299999999],[-120.973452,39.044566],[-120.973568,39.044634],[-120.97369600000002,39.044682],[-120.97383199999999,39.044709],[-120.973908,39.044712],[-120.973971,39.044714000000006],[-120.97398400000002,39.044713],[-120.97409500000002,39.04469999999999],[-120.97415499999997,39.044685],[-120.97417900000002,39.044594],[-120.97421599999998,39.044425999999994],[-120.97423600000002,39.04432],[-120.974247,39.04422799999999],[-120.97425500000001,39.044152],[-120.97427999999998,39.043925],[-120.974284,39.04385],[-120.97429299999999,39.04368199999999],[-120.974292,39.043435],[-120.974284,39.043306],[-120.97427599999999,39.043189000000005],[-120.97426100000001,39.04296000000001],[-120.97422499999998,39.042732],[-120.97418199999998,39.042562999999994],[-120.974157,39.042465],[-120.974122,39.04234000000001],[-120.97407799999998,39.042218],[-120.974053,39.04213699999999],[-120.97399100000001,39.04193699999999],[-120.97396699999999,39.041862],[-120.97393,39.041744],[-120.973863,39.041508],[-120.97370299999997,39.041033000000006],[-120.97360399999998,39.040715999999996],[-120.97359400000002,39.040683],[-120.97355500000002,39.040557],[-120.973488,39.04031400000001],[-120.97342999999998,39.04006799999999],[-120.973382,39.039821],[-120.97334800000002,39.039573],[-120.97332900000002,39.039323],[-120.97332199999997,39.03907499999999],[-120.97332700000001,39.038828],[-120.973343,39.038582],[-120.97336899999996,39.038337999999996],[-120.97340299999998,39.038096],[-120.97344399999999,39.037859],[-120.97349299999998,39.037626],[-120.97352099999999,39.037532],[-120.97363600000001,39.037161999999995],[-120.97372099999998,39.036938],[-120.97381300000002,39.036716999999996],[-120.973902,39.03652600000001],[-120.97391300000001,39.036501],[-120.97409399999997,39.036167],[-120.97414699999999,39.03607100000001],[-120.97442200000002,39.03566],[-120.974778,39.03515699999999],[-120.97501400000002,39.034825],[-120.97505899999999,39.03475999999999],[-120.97515799999996,39.034622],[-120.975197,39.03456599999999],[-120.975244,39.034501999999996],[-120.97545900000001,39.034202],[-120.97559100000001,39.033987],[-120.975667,39.033849],[-120.975713,39.033767],[-120.97581999999997,39.033539],[-120.97592,39.033313],[-120.97600099999997,39.03307899999999],[-120.976073,39.03284],[-120.976133,39.032596999999996],[-120.976156,39.03247999999999],[-120.97618099999997,39.032357],[-120.976283,39.031848000000004],[-120.97630299999999,39.031743],[-120.97636599999998,39.031428999999996],[-120.97637999999999,39.031364],[-120.97638699999999,39.031325],[-120.97644599999997,39.031014],[-120.97650699999998,39.030696999999996],[-120.97662300000002,39.030083],[-120.976665,39.02986800000001],[-120.976686,39.029774],[-120.97671900000002,39.029621999999996],[-120.97681399999998,39.029121999999994],[-120.97697700000002,39.028371],[-120.97707199999998,39.027994],[-120.97710400000001,39.02786999999999],[-120.97739500000002,39.026876],[-120.97782500000001,39.025377],[-120.97832100000001,39.02367199999999],[-120.97839800000001,39.023429],[-120.978487,39.02318600000001],[-120.97859100000001,39.022945],[-120.978676,39.022774],[-120.97871000000002,39.022709],[-120.97884300000001,39.022473],[-120.97899299999999,39.022242999999996],[-120.979156,39.022016],[-120.979514,39.021582],[-120.979747,39.021307],[-120.979876,39.021154],[-120.97995399999998,39.021065],[-120.98005999999997,39.020947],[-120.980237,39.02073],[-120.980319,39.020634],[-120.98057400000002,39.020337],[-120.98078200000002,39.020095999999995],[-120.980951,39.01990599999999],[-120.98096999999997,39.01988599999999],[-120.981169,39.01968099999999],[-120.98133800000001,39.01952399999999],[-120.98138099999997,39.01948399999999],[-120.981505,39.01937999999999],[-120.981607,39.019296],[-120.981705,39.019222],[-120.981795,39.019153],[-120.98184200000001,39.019118],[-120.98207399999998,39.01895699999999],[-120.98208700000002,39.01894899999999],[-120.98216999999995,39.01889500000001],[-120.98227,39.018829],[-120.98233700000002,39.018786000000006],[-120.98258100000001,39.01865],[-120.98259899999998,39.018641],[-120.98268899999998,39.01859699999999],[-120.98280899999997,39.01853899999999],[-120.983147,39.018378],[-120.98316900000002,39.01836699999999],[-120.983291,39.018311999999995],[-120.983357,39.018281],[-120.983557,39.018189],[-120.983624,39.018159],[-120.98397300000002,39.017998],[-120.98408099999999,39.017949],[-120.98545700000001,39.017331000000006],[-120.98591600000002,39.017125],[-120.986197,39.01700199999999],[-120.98629699999996,39.016955],[-120.98675599999997,39.016741999999994],[-120.98703400000001,39.01660699999999],[-120.98730399999998,39.016461],[-120.98741699999997,39.016392],[-120.98756400000002,39.016304],[-120.98777,39.016168],[-120.98781499999997,39.016138],[-120.98804999999997,39.015961],[-120.98827299999996,39.015777],[-120.98841400000002,39.015648],[-120.98848300000002,39.015586],[-120.98868,39.015389],[-120.988863,39.01518299999999],[-120.98903299999998,39.014971],[-120.989328,39.014533],[-120.98945000000002,39.014303],[-120.98956099999998,39.01407499999999],[-120.989612,39.013949],[-120.989656,39.01384399999999],[-120.98968799999997,39.01374899999999],[-120.989737,39.013609],[-120.98974400000002,39.013582],[-120.98980499999998,39.01337199999999],[-120.98985500000002,39.013133],[-120.98988899999998,39.012893999999996],[-120.98990099999999,39.012770999999994],[-120.98991200000002,39.012654000000005],[-120.98991899999999,39.012414],[-120.98991899999999,39.012176999999994],[-120.98988599999998,39.011697],[-120.98987,39.01151599999999],[-120.989845,39.011216000000005],[-120.989813,39.010735999999994],[-120.98980200000001,39.010495],[-120.989799,39.010249],[-120.98981599999999,39.01000899999999],[-120.98984100000001,39.009766],[-120.98987299999999,39.00952099999999],[-120.99000800000002,39.009061],[-120.99008999999998,39.00882899999999],[-120.99018200000002,39.008599999999994],[-120.99029,39.008374999999994],[-120.990409,39.008151999999995],[-120.99054100000001,39.007934],[-120.990565,39.00789999999999],[-120.990845,39.007521999999994],[-120.99131599999997,39.006892],[-120.99146299999997,39.006695],[-120.991634,39.00645299999999],[-120.99207999999999,39.00584],[-120.99264799999999,39.00510299999999],[-120.99316799999998,39.00442000000001],[-120.99353699999998,39.003928],[-120.99364,39.003783999999996],[-120.9937,39.00370199999999],[-120.99385499999998,39.003508],[-120.99396199999997,39.003365],[-120.99406800000001,39.003224],[-120.99430699999999,39.00290199999999],[-120.99464799999998,39.002448],[-120.99494899999998,39.00202399999999],[-120.99501099999999,39.001928],[-120.995231,39.00159299999999],[-120.99549099999999,39.00115799999999],[-120.995615,39.00094],[-120.995733,39.00072],[-120.995844,39.000499],[-120.99585499999998,39.000474],[-120.99605000000001,39.000051],[-120.99614899999999,38.99982800000001],[-120.99671099999998,38.998461999999996],[-120.99708200000002,38.997555999999996],[-120.997333,38.996922999999995],[-120.99735299999999,38.99687500000001],[-120.99783,38.995735999999994],[-120.99789600000001,38.995596000000006],[-120.997976,38.995425],[-120.998047,38.99527599999999],[-120.99814200000002,38.995087],[-120.998162,38.995047],[-120.99841200000002,38.994592],[-120.99846399999998,38.99450000000001],[-120.99863700000002,38.994197],[-120.99867099999999,38.99413799999999],[-120.99879399999999,38.9939],[-120.999186,38.99322600000001],[-120.999321,38.99301],[-120.99957999999997,38.99256],[-120.999702,38.992326999999996],[-120.99995899999999,38.991883],[-121.00048400000001,38.99097799999999],[-121.000627,38.990761],[-121.00093400000002,38.990323999999994],[-121.001105,38.99011399999999],[-121.00128499999997,38.98990899999999],[-121.00166799999998,38.989506999999996],[-121.00517700000002,38.985865999999994],[-121.005845,38.985173999999994],[-121.00645000000002,38.98453500000001],[-121.00699999999998,38.983923],[-121.007038,38.983881],[-121.00742000000001,38.983436],[-121.00760000000001,38.983214999999994],[-121.007977,38.982756],[-121.00834,38.982297],[-121.00904100000001,38.981359000000005],[-121.01370299999999,38.974995],[-121.01536699999998,38.97274899999999],[-121.01603599999999,38.971814],[-121.016213,38.971584],[-121.016583,38.971129],[-121.01677899999999,38.970908],[-121.017185,38.97047400000001],[-121.017831,38.969809],[-121.01864300000001,38.968963],[-121.01941199999999,38.968196],[-121.01979899999999,38.967783],[-121.019873,38.967695000000006],[-121.02012899999998,38.967325],[-121.020308,38.96713],[-121.02073499999999,38.96645],[-121.02131500000002,38.965554],[-121.02147099999999,38.965334],[-121.02181600000002,38.964904999999995],[-121.02201199999999,38.964703],[-121.022221,38.96450999999999],[-121.02244199999997,38.964324],[-121.022674,38.964144999999995],[-121.022917,38.96397499999999],[-121.023094,38.963863],[-121.02362699999999,38.963528],[-121.023683,38.963494],[-121.02380700000002,38.96342],[-121.023943,38.96333899999999],[-121.024194,38.963174],[-121.025079,38.96262399999999],[-121.027108,38.961364999999994],[-121.02864,38.960416],[-121.02890200000002,38.960251],[-121.02966899999997,38.959773],[-121.03017699999997,38.95945999999999],[-121.030835,38.959051],[-121.032812,38.957825],[-121.033146,38.957618],[-121.03347499999998,38.95742299999999],[-121.033569,38.957515],[-121.03385199999997,38.957794],[-121.03394699999998,38.95788700000001],[-121.03402599999997,38.957964],[-121.034272,38.958203],[-121.03435,38.958268999999994],[-121.03495899999997,38.957923],[-121.035212,38.957781],[-121.036124,38.957266999999995],[-121.03627600000002,38.957189],[-121.03643000000001,38.957122],[-121.036587,38.957068],[-121.036744,38.957027000000004],[-121.036839,38.957008],[-121.03689800000001,38.956998],[-121.037047,38.956978],[-121.037187,38.956964],[-121.03731299999997,38.956957],[-121.03753700000001,38.956957],[-121.037626,38.956959999999995],[-121.03789599999998,38.95697200000001],[-121.03798599999998,38.956976],[-121.03802400000001,38.956978],[-121.03849500000001,38.95699199999999],[-121.03875,38.95700099999999],[-121.039053,38.957029],[-121.039209,38.957035000000005],[-121.039684,38.957071],[-121.040022,38.957092],[-121.04037,38.957115],[-121.04053100000002,38.957131999999994],[-121.04056700000001,38.957134999999994],[-121.04058999999997,38.957136999999996],[-121.04077,38.957158],[-121.04083,38.957166],[-121.04090199999999,38.95717499999999],[-121.04107599999998,38.957204],[-121.04125199999997,38.957226],[-121.04136600000001,38.957232],[-121.04143799999999,38.957235999999995],[-121.04189400000001,38.957247],[-121.04213,38.957252000000004],[-121.042307,38.95726299999999],[-121.042476,38.957281999999985],[-121.04264100000002,38.957317],[-121.042977,38.95740399999999],[-121.043154,38.957434],[-121.04332999999998,38.95745699999999],[-121.04350900000001,38.957466000000004],[-121.04368999999996,38.957466000000004],[-121.044036,38.957455],[-121.04420599999999,38.957438],[-121.04436799999999,38.957396],[-121.04451599999997,38.95733899999999],[-121.04453300000002,38.95732999999999],[-121.04466000000001,38.957272],[-121.044929,38.957136999999996],[-121.045084,38.95708799999999],[-121.045418,38.95702599999999],[-121.045946,38.95695099999999],[-121.046315,38.95691],[-121.046501,38.956896],[-121.04667600000002,38.956895],[-121.04686399999997,38.956903],[-121.04705099999997,38.956892],[-121.04759600000001,38.95688199999999],[-121.04765300000001,38.95688199999999],[-121.04785799999998,38.956869999999995],[-121.04805,38.956869999999995],[-121.04863899999997,38.956858],[-121.048822,38.956846],[-121.049003,38.956828],[-121.04920199999998,38.95677299999999],[-121.04936,38.956705],[-121.04943599999999,38.956681],[-121.04954299999997,38.956649],[-121.04971900000001,38.956581],[-121.04989699999997,38.956507],[-121.05006499999998,38.956432],[-121.05023500000001,38.956379],[-121.05039899999997,38.956318],[-121.05075999999998,38.95622899999999],[-121.05094099999998,38.95619],[-121.05113099999997,38.956163],[-121.051312,38.95612799999999],[-121.051497,38.956101],[-121.05168200000001,38.95608599999999],[-121.051815,38.95608299999999],[-121.05186299999997,38.956082],[-121.05207300000001,38.95608299999999],[-121.052263,38.956090999999994],[-121.052638,38.956114],[-121.052849,38.95613399999999],[-121.05298899999998,38.956140999999995],[-121.05304500000001,38.95614499999999],[-121.05343800000001,38.956174000000004],[-121.05364599999999,38.95618199999999],[-121.05404499999999,38.956204],[-121.05439700000001,38.95622399999999],[-121.054611,38.95624399999999],[-121.05487,38.956265],[-121.05555599999998,38.956324],[-121.055745,38.956328],[-121.05629099999999,38.956302],[-121.05650299999999,38.956292999999995],[-121.05676599999998,38.95628299999999],[-121.05693399999998,38.95627499999999],[-121.05744100000001,38.95625499999999],[-121.05761,38.956249],[-121.05788299999998,38.956234],[-121.05836299999999,38.956208999999994],[-121.05853499999998,38.956219999999995],[-121.0587,38.956242],[-121.058715,38.95624399999999],[-121.058877,38.956294],[-121.058964,38.956316],[-121.059132,38.95636399999999],[-121.05963800000002,38.95651],[-121.05972599999998,38.956536],[-121.059806,38.956563],[-121.060052,38.956644999999995],[-121.060211,38.956706999999994],[-121.06035000000001,38.956775],[-121.06053299999999,38.956855],[-121.060708,38.956966999999985],[-121.06078200000002,38.957014],[-121.06100699999999,38.95722899999999],[-121.061117,38.95734100000001],[-121.06123600000001,38.95744499999999],[-121.06136099999999,38.95754399999999],[-121.06147600000001,38.957654],[-121.06172499999998,38.957843999999994],[-121.061853,38.957919999999994],[-121.06199200000002,38.95798599999999],[-121.062148,38.95803099999999],[-121.062309,38.958061],[-121.062472,38.958083],[-121.06280899999999,38.958116999999994],[-121.062978,38.958141999999995],[-121.06330499999999,38.958203],[-121.063635,38.958284],[-121.06396800000002,38.958397],[-121.064248,38.9585],[-121.064478,38.95858400000001],[-121.065107,38.958825],[-121.06563099999998,38.959025999999994],[-121.06625299999999,38.95929799999999],[-121.06681399999998,38.959641],[-121.066943,38.959726999999994],[-121.06717800000001,38.959902],[-121.067284,38.95999299999999],[-121.067398,38.960098],[-121.067482,38.960181],[-121.06750299999997,38.960202],[-121.06762499999999,38.96029399999999],[-121.06791499999997,38.960458],[-121.06806699999999,38.960536000000005],[-121.068225,38.96060700000001],[-121.068282,38.960627],[-121.068392,38.960665000000006],[-121.06856999999997,38.96070199999999],[-121.06875099999999,38.960723],[-121.068893,38.960732],[-121.06931999999999,38.960763],[-121.069902,38.96082199999999],[-121.07049699999997,38.960876],[-121.07075399999998,38.96089],[-121.07090300000002,38.960899],[-121.071107,38.96089699999999],[-121.071311,38.960882000000005],[-121.071376,38.96087399999999],[-121.071518,38.960856],[-121.071564,38.960848000000006],[-121.07212800000002,38.96076],[-121.07214699999999,38.960758],[-121.072317,38.960735],[-121.072428,38.960719],[-121.07256999999998,38.9607],[-121.07276399999999,38.96067899999999],[-121.072876,38.960667],[-121.07320100000001,38.96064699999999],[-121.07328400000002,38.96064],[-121.073417,38.960631],[-121.07363599999998,38.96062],[-121.074277,38.96060899999999],[-121.074511,38.960602],[-121.07492000000002,38.96059],[-121.07500299999997,38.96059],[-121.07511199999999,38.96059],[-121.07525499999998,38.960586],[-121.07533899999999,38.960584999999995],[-121.075527,38.96058],[-121.07572900000001,38.960582],[-121.075926,38.960590999999994],[-121.07610799999998,38.960606],[-121.076126,38.96060799999999],[-121.07631700000002,38.96063899999999],[-121.07650000000001,38.960686999999986],[-121.07667699999999,38.960751],[-121.07684500000002,38.960823999999995],[-121.077006,38.960905999999994],[-121.07716000000002,38.960996],[-121.077303,38.961096],[-121.07743799999997,38.961204],[-121.07756500000002,38.96132],[-121.07769899999998,38.96142799999999],[-121.07807,38.96174599999999],[-121.07807900000002,38.961754],[-121.07821099999997,38.961855],[-121.07835499999999,38.961944],[-121.07850999999998,38.962013999999996],[-121.07867799999997,38.96207299999998],[-121.07875200000001,38.96208699999999],[-121.07885699999999,38.96210799999999],[-121.07903799999998,38.962125],[-121.079219,38.962126],[-121.07939800000001,38.96210799999999],[-121.079507,38.962085],[-121.07949199999997,38.963011],[-121.079479,38.96420799999999],[-121.079479,38.964316],[-121.079522,38.96479299999999],[-121.07946100000001,38.966127],[-121.07941899999999,38.969215],[-121.07933400000002,38.969664],[-121.079357,38.969756],[-121.07937,38.96980400000001],[-121.07944,38.96985999999999],[-121.080165,38.969885],[-121.08074200000001,38.97004799999999],[-121.08145199999998,38.97047799999999],[-121.08173299999999,38.970752999999995],[-121.081874,38.970985],[-121.081966,38.971410000000006],[-121.08194299999997,38.971756],[-121.081931,38.971959],[-121.081706,38.972208],[-121.08149499999999,38.972344],[-121.08112199999997,38.972486999999994],[-121.08111500000001,38.97249600000001],[-121.081051,38.97258],[-121.08107099999998,38.972729],[-121.081375,38.973036],[-121.08163799999997,38.973249],[-121.08170900000002,38.97330699999999],[-121.08183800000002,38.973411],[-121.08340800000002,38.974682],[-121.083479,38.974922],[-121.083338,38.975041999999995],[-121.082276,38.97501499999999],[-121.08156099999997,38.974880999999996],[-121.08143100000001,38.974857],[-121.08086899999998,38.974689999999995],[-121.08022799999999,38.974207],[-121.07991199999995,38.974079999999994],[-121.07971499999996,38.974072],[-121.07957499999998,38.974124],[-121.07961799999997,38.974174],[-121.07973399999999,38.97426900000001],[-121.07980299999998,38.97432799999999],[-121.079834,38.97438699999999],[-121.079852,38.974487],[-121.07984599999997,38.97457099999999],[-121.07976499999997,38.974901],[-121.07973399999999,38.97496000000001],[-121.079619,38.97503199999999],[-121.07955700000001,38.975072],[-121.079429,38.975230999999994],[-121.07935999999997,38.975352],[-121.07935999999997,38.975393],[-121.079382,38.975418],[-121.079516,38.975457999999996],[-121.07956300000001,38.975486],[-121.079628,38.975533],[-121.079669,38.97559199999999],[-121.07975,38.975717],[-121.079781,38.975759999999994],[-121.079834,38.975794],[-121.079961,38.975857000000005],[-121.080129,38.975919],[-121.080226,38.975934],[-121.08031900000002,38.975927999999996],[-121.08064599999999,38.97586],[-121.08079299999999,38.975835],[-121.08082699999999,38.975835],[-121.08090200000001,38.975843],[-121.08096800000001,38.975857999999995],[-121.081189,38.975941],[-121.08130200000001,38.976005],[-121.081501,38.97614299999999],[-121.081549,38.976171],[-121.081585,38.97618],[-121.081616,38.976177],[-121.081639,38.976162],[-121.081667,38.976120999999985],[-121.08173,38.976036],[-121.08177,38.97599799999999],[-121.08180599999999,38.975982999999985],[-121.08186800000001,38.97595200000001],[-121.08192299999999,38.97593599999999],[-121.082066,38.97592],[-121.08221399999998,38.975899],[-121.08234600000002,38.975888],[-121.082497,38.975899999999996],[-121.08262,38.975922999999995],[-121.08283299999998,38.975944999999996],[-121.08291999999999,38.975967],[-121.083089,38.976020000000005],[-121.08316300000001,38.976063999999994],[-121.083261,38.976145],[-121.08351499999998,38.97638299999999],[-121.083557,38.976451000000004],[-121.08357099999998,38.97651],[-121.08357,38.976549],[-121.083554,38.976603999999995],[-121.08352399999997,38.97666],[-121.08348400000001,38.976705],[-121.083305,38.976839999999996],[-121.08325200000002,38.97689199999999],[-121.08322999999997,38.97692899999999],[-121.08318300000002,38.977063],[-121.083137,38.977177999999995],[-121.08309900000002,38.977237],[-121.08303600000002,38.977304000000004],[-121.082902,38.977404],[-121.08270599999999,38.9775],[-121.08263700000002,38.977542],[-121.082615,38.97756900000001],[-121.08261099999997,38.977595],[-121.08262800000001,38.977642],[-121.082657,38.97766899999999],[-121.082981,38.97775099999999],[-121.083137,38.97779899999999],[-121.08327700000001,38.977863],[-121.083389,38.977891],[-121.083486,38.9779],[-121.08361999999998,38.977947],[-121.08375499999998,38.977968999999995],[-121.08385700000001,38.977999],[-121.08393,38.978046],[-121.08397,38.978083],[-121.08399999999999,38.978148000000004],[-121.08399999999999,38.97824000000001],[-121.083981,38.978323],[-121.08392299999998,38.978407],[-121.083653,38.978619],[-121.08348799999997,38.978762],[-121.08344799999999,38.978823999999996],[-121.083372,38.97897699999999],[-121.08322899999999,38.979291],[-121.08315299999997,38.979397],[-121.08308299999997,38.979458999999984],[-121.08302799999998,38.97951400000001],[-121.082999,38.979543],[-121.082996,38.979583],[-121.08339699999998,38.980149],[-121.08350299999996,38.980218],[-121.08363400000002,38.98026599999999],[-121.083791,38.980324],[-121.083938,38.98043],[-121.08408399999999,38.980576000000006],[-121.0842,38.980696],[-121.084284,38.980817],[-121.08430999999997,38.980912],[-121.08430700000001,38.981047],[-121.08429700000002,38.981105],[-121.08428299999997,38.98114000000001],[-121.08423099999999,38.98123699999999],[-121.08421900000002,38.981263999999996],[-121.08421300000002,38.981303],[-121.08421300000002,38.98133899999999],[-121.08422399999999,38.981372],[-121.084246,38.981408],[-121.08430099999998,38.98148299999999],[-121.084492,38.981662],[-121.084774,38.981865],[-121.084905,38.981978],[-121.08503600000002,38.982201999999994],[-121.085104,38.982333999999994],[-121.085142,38.98244699999999],[-121.08516599999997,38.982578],[-121.08517299999997,38.982701],[-121.08516599999997,38.982766],[-121.08513899999997,38.982867],[-121.085097,38.983034999999994],[-121.08506699999998,38.983166],[-121.08505299999997,38.983331],[-121.08503999999998,38.983405000000005],[-121.08501799999999,38.983458],[-121.08497299999999,38.983521999999994],[-121.084923,38.983571],[-121.08487199999998,38.983604],[-121.08471899999998,38.983655],[-121.08439900000002,38.983699],[-121.08420399999999,38.983703],[-121.084038,38.983700999999996],[-121.083945,38.983712],[-121.083882,38.983821999999996],[-121.08367000000001,38.984218999999996],[-121.08329799999998,38.984921],[-121.08322000000001,38.985059],[-121.08298800000001,38.985474999999994],[-121.08291100000001,38.985614],[-121.08281499999998,38.98578400000001],[-121.08274199999998,38.985916],[-121.08270699999998,38.98607899999999],[-121.082697,38.98612399999999],[-121.08268599999998,38.986173],[-121.08291900000002,38.98631000000001],[-121.08307299999998,38.986490999999994],[-121.0832,38.986782],[-121.08350299999996,38.98704],[-121.083599,38.98723799999999],[-121.083644,38.98733099999999],[-121.083656,38.987742],[-121.08365899999998,38.98787200000001],[-121.08366499999998,38.988056],[-121.08373799999997,38.988251999999996],[-121.083785,38.98837499999999],[-121.08380599999998,38.98843],[-121.08405199999997,38.98880299999999],[-121.08409400000001,38.988995],[-121.08407600000001,38.989200999999994],[-121.08405899999997,38.989418],[-121.083897,38.98980799999999],[-121.08386200000001,38.990066000000006],[-121.083954,38.990286],[-121.08434799999999,38.990824],[-121.08432700000002,38.991252],[-121.08452399999997,38.991648],[-121.08452399999997,38.991699999999994],[-121.08452399999997,38.991921999999995],[-121.08426400000002,38.99215800000001],[-121.08398200000002,38.99231199999999],[-121.08396699999999,38.99231400000001],[-121.083518,38.992378],[-121.08342700000001,38.992378],[-121.082392,38.992378],[-121.08184299999998,38.99260999999999],[-121.08179399999999,38.992630999999996],[-121.08131600000002,38.992741],[-121.081119,38.992889],[-121.08114,38.99302600000001],[-121.08130200000001,38.99312499999999],[-121.081921,38.993328],[-121.082132,38.99363],[-121.08220200000001,38.993658],[-121.08266,38.99329],[-121.083209,38.993098],[-121.083339,38.993082],[-121.083807,38.99302600000001],[-121.08465099999997,38.99302600000001],[-121.08569300000002,38.992707],[-121.08662799999998,38.992707],[-121.087121,38.992855],[-121.08749400000002,38.993037],[-121.088275,38.993531],[-121.08873499999999,38.994074],[-121.088824,38.994179],[-121.08908499999997,38.99459000000001],[-121.089247,38.99497499999999],[-121.08937399999999,38.99566099999999],[-121.089346,38.99681999999999],[-121.08932199999997,38.996922999999995],[-121.08929000000002,38.997066999999994],[-121.089325,38.99777],[-121.08969799999997,38.99859399999999],[-121.089881,38.999379],[-121.08987500000002,38.999630999999994],[-121.089779,38.999755],[-121.08972899999999,38.999819],[-121.089671,38.999894999999995],[-121.08957000000001,38.99996699999999],[-121.089556,38.999987000000004],[-121.08950999999998,39.00005399999999],[-121.08935100000001,39.000285],[-121.089295,39.000356999999994],[-121.089267,39.000412000000004],[-121.08919,39.00073],[-121.089028,39.00111299999999],[-121.08901400000002,39.001148],[-121.089007,39.00120299999999],[-121.089028,39.001257],[-121.089267,39.001472],[-121.08938000000002,39.001653],[-121.089415,39.001763],[-121.08944399999999,39.00193800000001],[-121.08944399999999,39.002131],[-121.08942300000001,39.002323],[-121.08938099999999,39.002520999999994],[-121.08926100000001,39.002795],[-121.08919100000001,39.002905],[-121.08919,39.002922999999996],[-121.08914799999997,39.002971],[-121.08901499999997,39.00318],[-121.088881,39.003317],[-121.08874700000001,39.003427],[-121.08874,39.003476],[-121.088776,39.003508999999994],[-121.08890199999999,39.003586],[-121.08905000000001,39.00371199999999],[-121.08914199999997,39.003854999999994],[-121.08919100000001,39.003975999999994],[-121.08922299999998,39.004069],[-121.089304,39.004305],[-121.089388,39.004503],[-121.089586,39.00469],[-121.08964899999998,39.004772],[-121.08972600000001,39.004974999999995],[-121.08974700000002,39.005093],[-121.08980400000002,39.00540899999999],[-121.08981099999998,39.005513],[-121.08978999999995,39.005656],[-121.089748,39.00581499999999],[-121.089635,39.006013],[-121.089536,39.00613899999999],[-121.08952299999997,39.006156],[-121.08943099999999,39.006232999999995],[-121.089326,39.00630399999999],[-121.089178,39.006343],[-121.08905799999997,39.006343],[-121.088784,39.006315],[-121.08830500000002,39.006541],[-121.08827699999998,39.006596],[-121.08831899999997,39.00686999999999],[-121.08829799999998,39.007101],[-121.08822100000002,39.007271],[-121.088151,39.007364],[-121.08797500000001,39.00752399999999],[-121.087968,39.007595],[-121.08801,39.007771],[-121.08801,39.007864],[-121.087968,39.00808399999999],[-121.087883,39.008243],[-121.087781,39.008367],[-121.08777100000002,39.00838000000001],[-121.08760900000001,39.00853399999999],[-121.087398,39.00868200000001],[-121.08725,39.008759],[-121.087053,39.008836],[-121.086816,39.008903],[-121.08664099999997,39.008953000000005],[-121.086589,39.00896800000001],[-121.08614900000002,39.009189000000006],[-121.085987,39.00927099999999],[-121.08595500000001,39.00928700000001],[-121.085843,39.009364],[-121.085779,39.009424],[-121.08572300000002,39.009589000000005],[-121.08571800000001,39.009635],[-121.08566000000002,39.010253],[-121.08560399999998,39.010434999999994],[-121.08559,39.010451],[-121.08535700000002,39.010638],[-121.08510199999999,39.01081700000001],[-121.08471,39.01109400000001],[-121.08469699999999,39.011106],[-121.084659,39.011143],[-121.084648,39.011155999999986],[-121.08419899999996,39.010653999999995],[-121.084015,39.010561],[-121.08374,39.010518],[-121.08341499999999,39.010468],[-121.08300100000001,39.010364],[-121.082362,39.010063],[-121.081584,39.009814999999996],[-121.08107900000002,39.009806999999995],[-121.08092900000001,39.00976300000001],[-121.08080699999998,39.009699],[-121.08072999999999,39.00958],[-121.08067100000001,39.009335],[-121.080642,39.009212],[-121.08052899999998,39.00847699999999],[-121.08051999999999,39.008191],[-121.08051499999998,39.00803400000001],[-121.080567,39.007724],[-121.08060800000001,39.007603],[-121.08068300000001,39.007386999999994],[-121.08067,39.007207],[-121.08063,39.007067],[-121.080342,39.00686199999999],[-121.079745,39.006818],[-121.07945799999997,39.006861],[-121.07921099999999,39.006899],[-121.07898899999999,39.006916],[-121.078868,39.006879999999995],[-121.07874300000002,39.006842999999996],[-121.07792600000002,39.00655999999999],[-121.077768,39.00649],[-121.077129,39.006207],[-121.07644300000001,39.005989],[-121.075826,39.006013],[-121.07545200000001,39.006083],[-121.07514799999997,39.006181999999995],[-121.07483099999999,39.00642499999999],[-121.074706,39.00647899999999],[-121.07447699999999,39.006487],[-121.074457,39.006488],[-121.07428,39.00647899999999],[-121.073893,39.006375],[-121.073482,39.006168],[-121.07338700000001,39.006116],[-121.073292,39.00606499999999],[-121.07300799999999,39.005912],[-121.07291399999997,39.005860999999996],[-121.07280900000002,39.00580399999999],[-121.07178600000002,39.005447999999994],[-121.07146,39.005381],[-121.071404,39.005378],[-121.07115799999997,39.005368999999995],[-121.07074099999998,39.00541],[-121.070385,39.00543199999999],[-121.06943200000002,39.005292],[-121.068788,39.005176999999996],[-121.068611,39.00516],[-121.068395,39.005267999999994],[-121.06826699999999,39.00529999999999],[-121.068217,39.005313],[-121.06790700000002,39.005308],[-121.06754599999996,39.00537099999999],[-121.06726599999998,39.00556],[-121.066994,39.005784],[-121.06684199999998,39.005843],[-121.06668899999998,39.005902999999996],[-121.06648100000001,39.006073],[-121.06608400000002,39.006308],[-121.06586799999997,39.00644299999999],[-121.065689,39.006489],[-121.06543599999996,39.006533]]],"type":"Polygon"}},{"type":"Feature","id":2,"properties":{"DISTRICT":2,"POPULATION":18120},"geometry":{"coordinates":[[[-121.08658499999999,38.92730099999999],[-121.08639300000002,38.92718599999999],[-121.08536699999998,38.925875],[-121.08526099999999,38.925678999999995],[-121.084935,38.925332],[-121.08477499999998,38.92514700000001],[-121.084539,38.924857],[-121.08453,38.924846],[-121.084329,38.92459],[-121.08428900000001,38.924535],[-121.084026,38.924168],[-121.083831,38.923873],[-121.08378700000002,38.92379999999999],[-121.08364599999999,38.92356399999999],[-121.08357,38.92343199999999],[-121.08355499999999,38.92340600000001],[-121.08349600000001,38.923296],[-121.08343900000001,38.92318900000001],[-121.083385,38.923086],[-121.083275,38.922867],[-121.083221,38.92276],[-121.083166,38.922646],[-121.08300300000002,38.922306999999996],[-121.08294900000001,38.922194],[-121.08278200000001,38.921844],[-121.08252099999997,38.921296],[-121.082279,38.920796],[-121.082111,38.92044799999999],[-121.082091,38.92040899999999],[-121.082032,38.92029399999999],[-121.08201299999998,38.92025600000001],[-121.08197199999996,38.920176],[-121.08185199999997,38.919939],[-121.08181199999997,38.91985999999999],[-121.081718,38.919686],[-121.08150399999997,38.919285],[-121.08143700000001,38.919166],[-121.08134000000001,38.918995],[-121.081309,38.91894],[-121.08121699999998,38.918777999999996],[-121.08118700000001,38.91872399999999],[-121.08116699999998,38.91869],[-121.081108,38.91859],[-121.081089,38.918557],[-121.08096200000001,38.918341],[-121.080642,38.91782],[-121.080604,38.917759],[-121.08049399999997,38.91749099999999],[-121.080443,38.917364],[-121.080148,38.916923999999995],[-121.079834,38.916468],[-121.079259,38.91564799999999],[-121.078765,38.91494300000001],[-121.07843199999998,38.914468],[-121.07822099999998,38.914142],[-121.078201,38.91411099999999],[-121.078069,38.91386799999999],[-121.07791299999997,38.913529],[-121.077818,38.91327799999999],[-121.07774499999996,38.91304099999999],[-121.077679,38.91278],[-121.07762900000002,38.912513],[-121.07750899999999,38.91174800000001],[-121.077451,38.91136899999999],[-121.07730599999998,38.910413],[-121.07724399999996,38.91000699999999],[-121.07719,38.909642999999996],[-121.077126,38.90924999999999],[-121.077059,38.908792],[-121.07705500000002,38.908759],[-121.07699600000001,38.908387999999995],[-121.076931,38.907942999999996],[-121.07691599999997,38.907854],[-121.076841,38.90738],[-121.07667,38.906253],[-121.07658899999997,38.90572],[-121.07653500000002,38.905367999999996],[-121.076518,38.905254],[-121.076427,38.904413999999996],[-121.076409,38.90430899999999],[-121.07635199999997,38.903959],[-121.07621499999999,38.903957],[-121.07603799999998,38.903955],[-121.07580699999998,38.903968],[-121.07567200000001,38.90397599999999],[-121.075503,38.90398499999999],[-121.075325,38.903988],[-121.07517099999998,38.903978],[-121.075007,38.903954000000006],[-121.07483699999999,38.90391],[-121.074728,38.90387400000001],[-121.07453,38.903794],[-121.074406,38.90375],[-121.07429799999997,38.903713],[-121.07409099999997,38.903665999999994],[-121.07405299999999,38.90365799999999],[-121.07346500000001,38.90355699999999],[-121.073257,38.903522],[-121.073153,38.903504999999996],[-121.07306800000002,38.903494],[-121.07297599999998,38.903482999999994],[-121.07261999999997,38.90344799999999],[-121.07249899999998,38.903437999999994],[-121.07230899999999,38.903423999999994],[-121.072212,38.90341699999998],[-121.07200799999998,38.90340299999999],[-121.07192100000002,38.903396],[-121.07182499999999,38.90339],[-121.07157900000001,38.903372],[-121.071869,38.902843],[-121.07212499999999,38.90247999999999],[-121.07217100000001,38.90241799999999],[-121.072374,38.902179000000004],[-121.07243199999998,38.90211899999999],[-121.07390300000002,38.90077399999999],[-121.07409699999997,38.900612],[-121.074424,38.900338],[-121.07465999999998,38.900129],[-121.07468999999999,38.900102],[-121.07486799999998,38.899945],[-121.07602000000001,38.898925],[-121.07609100000002,38.89885999999999],[-121.07648899999998,38.898513],[-121.076834,38.898202],[-121.07717899999999,38.89788099999999],[-121.07732499999999,38.897754],[-121.07736799999998,38.897717],[-121.07763199999998,38.897531],[-121.07783900000001,38.897395],[-121.07806700000002,38.897273],[-121.07820299999999,38.89740900000001],[-121.07846599999999,38.897258],[-121.07870700000001,38.897112],[-121.07885100000001,38.897026],[-121.079036,38.89691899999999],[-121.079132,38.896862999999996],[-121.07924,38.896801999999994],[-121.079421,38.89670199999999],[-121.07951899999998,38.89664899999999],[-121.07953500000002,38.896644],[-121.079558,38.896626999999995],[-121.079569,38.896621999999994],[-121.079603,38.896603],[-121.07970700000001,38.896545],[-121.07974199999997,38.89652699999999],[-121.07990899999997,38.89643300000001],[-121.08008700000002,38.896334],[-121.080129,38.896311],[-121.08030400000001,38.896204999999995],[-121.080406,38.89614399999999],[-121.080552,38.896057],[-121.08057,38.896044],[-121.08081400000002,38.895872999999995],[-121.08092900000001,38.895793000000005],[-121.081198,38.89556],[-121.08148100000001,38.895278999999995],[-121.08149000000002,38.895271],[-121.08168900000001,38.895065],[-121.08177800000001,38.894973],[-121.082045,38.894698999999996],[-121.082135,38.894608],[-121.08245799999997,38.89427599999999],[-121.08269100000001,38.89405899999999],[-121.08280899999998,38.89396099999999],[-121.08325300000001,38.89367099999999],[-121.08359,38.893486],[-121.08365800000001,38.89344899999999],[-121.08390499999997,38.89333],[-121.08400299999998,38.89327699999999],[-121.08401599999998,38.89325899999999],[-121.08405100000002,38.89325],[-121.08406399999998,38.893244],[-121.08410899999997,38.893218999999995],[-121.084245,38.893145999999994],[-121.084292,38.893123],[-121.08467099999997,38.892931],[-121.08482499999997,38.892854],[-121.085032,38.892752],[-121.08526099999999,38.892654],[-121.08548699999997,38.89253899999999],[-121.085714,38.892365],[-121.08578399999999,38.892318],[-121.08591599999998,38.89222999999999],[-121.08610500000002,38.892085],[-121.08612900000001,38.89206999999999],[-121.086332,38.89194],[-121.08655300000001,38.891766999999994],[-121.086767,38.891613],[-121.086944,38.891419],[-121.08713,38.891262],[-121.08719699999999,38.89120599999999],[-121.087424,38.891003],[-121.087676,38.89082],[-121.08799199999997,38.890569],[-121.088332,38.890288],[-121.088811,38.88998],[-121.08907500000001,38.889815999999996],[-121.089277,38.8897],[-121.08948999999997,38.889585],[-121.089716,38.889489],[-121.090181,38.889307],[-121.09039500000002,38.88923299999999],[-121.09045699999997,38.889212],[-121.09084600000001,38.889059],[-121.09127200000002,38.888935],[-121.091598,38.888819999999996],[-121.091616,38.888813],[-121.09163799999999,38.888806],[-121.09219999999999,38.888619999999996],[-121.092538,38.888545],[-121.09296399999997,38.88844099999999],[-121.09339,38.88834599999999],[-121.0941,38.88817699999999],[-121.094119,38.88817099999999],[-121.09527,38.88780500000001],[-121.09565900000001,38.88764199999999],[-121.095985,38.887537],[-121.09634900000002,38.887374],[-121.09670100000001,38.887211],[-121.097053,38.88703799999999],[-121.097329,38.88691299999999],[-121.09765599999997,38.886720999999994],[-121.097996,38.886537999999994],[-121.09836100000001,38.88630599999999],[-121.09857,38.886176],[-121.098751,38.886064999999995],[-121.09896399999997,38.88594],[-121.099116,38.88585299999999],[-121.09926800000001,38.885768],[-121.098891,38.886382],[-121.098551,38.88693599999999],[-121.098501,38.88843399999999],[-121.098533,38.88912],[-121.09847899999998,38.889251],[-121.09848499999997,38.88964000000001],[-121.09852999999998,38.890024],[-121.09863200000001,38.889978],[-121.09868399999999,38.889954],[-121.09897699999998,38.889863999999996],[-121.09903700000001,38.88983999999999],[-121.099627,38.88969699999999],[-121.099774,38.889661999999994],[-121.099978,38.88964699999999],[-121.10024999999999,38.889657],[-121.10033499999997,38.889672],[-121.10037899999999,38.88967999999999],[-121.100431,38.889682],[-121.10050500000001,38.889686999999995],[-121.10062599999998,38.88971299999999],[-121.100714,38.889738],[-121.10073899999998,38.889746],[-121.10080500000001,38.88977399999999],[-121.10084400000001,38.889791],[-121.100945,38.889847],[-121.10103300000002,38.889905999999996],[-121.10112900000001,38.889950999999996],[-121.10121099999998,38.890031],[-121.101313,38.89010600000001],[-121.101506,38.890231],[-121.101941,38.89049099999999],[-121.10207599999997,38.890546],[-121.10220400000001,38.89058],[-121.102331,38.89058299999999],[-121.10258199999998,38.89055799999999],[-121.10270800000002,38.89053599999999],[-121.102974,38.890477],[-121.103368,38.890412],[-121.103494,38.89040500000001],[-121.103617,38.89040299999999],[-121.10373899999998,38.89040899999999],[-121.10386,38.890423000000006],[-121.104106,38.890469],[-121.10436000000001,38.890525],[-121.10447499999998,38.890542],[-121.10454599999998,38.890548],[-121.104608,38.890551],[-121.10466100000001,38.89054999999998],[-121.10473999999999,38.890547],[-121.104871,38.89052999999999],[-121.104944,38.89051299999999],[-121.105001,38.8905],[-121.105129,38.890465],[-121.10524600000001,38.890422],[-121.105493,38.89034300000001],[-121.10561899999998,38.890314999999994],[-121.10574499999997,38.890299999999996],[-121.105872,38.890304],[-121.10593099999998,38.890312],[-121.10612299999998,38.890339],[-121.10624500000002,38.890378999999996],[-121.106262,38.890385],[-121.10636799999999,38.890425],[-121.106379,38.890429999999995],[-121.10648300000001,38.890476],[-121.10659100000001,38.890530999999996],[-121.106694,38.890589],[-121.10671199999997,38.890604],[-121.10681099999996,38.890683],[-121.10696299999998,38.890801999999994],[-121.107042,38.890874],[-121.107124,38.89093999999999],[-121.10719699999999,38.891012999999994],[-121.10728199999998,38.891087],[-121.10734399999998,38.891164999999994],[-121.107375,38.89118199999999],[-121.10744399999997,38.891222],[-121.10755199999998,38.891272],[-121.10767199999998,38.89130899999999],[-121.1078,38.89133499999999],[-121.10793099999997,38.89135499999999],[-121.108319,38.89140100000001],[-121.10845200000001,38.891422],[-121.10869600000001,38.89142],[-121.108814,38.891405999999996],[-121.10892999999999,38.89138100000001],[-121.10904,38.891344],[-121.10913999999998,38.891298],[-121.10923299999997,38.89124499999999],[-121.10930999999997,38.891189999999995],[-121.109478,38.89110199999999],[-121.10953399999998,38.891086],[-121.10956499999999,38.89107799999999],[-121.10966199999999,38.891074999999994],[-121.109757,38.891087],[-121.10986700000001,38.89111299999999],[-121.109967,38.891149],[-121.11005999999998,38.891194999999996],[-121.11014299999998,38.891253],[-121.11021700000002,38.891312],[-121.11022300000002,38.891324],[-121.110316,38.89150000000001],[-121.11035799999999,38.89159899999999],[-121.11039199999999,38.891698],[-121.110456,38.891898999999995],[-121.11049799999998,38.891999999999996],[-121.11055100000002,38.892097],[-121.11061799999997,38.892191999999994],[-121.11076100000001,38.89236199999999],[-121.110853,38.892432],[-121.11104099999999,38.892553],[-121.111134,38.8926],[-121.11114599999998,38.892606],[-121.111262,38.892652],[-121.111387,38.89268599999999],[-121.11151700000002,38.892735],[-121.111756,38.892816],[-121.11187599999998,38.892845],[-121.11200199999998,38.89288299999999],[-121.11212599999999,38.892912],[-121.11237900000002,38.89302099999999],[-121.112525,38.893066999999995],[-121.11266399999997,38.893102999999996],[-121.113408,38.893266],[-121.11347099999998,38.89328199999999],[-121.113684,38.89334000000001],[-121.11381199999998,38.893385],[-121.11396100000002,38.89341699999999],[-121.11408999999999,38.893455],[-121.114389,38.89354599999999],[-121.114651,38.89362599999998],[-121.11479899999999,38.893657999999995],[-121.11493800000001,38.89369899999999],[-121.11539299999997,38.89379],[-121.11569700000001,38.893842],[-121.11583099999997,38.893865],[-121.11613800000002,38.89392399999999],[-121.116816,38.89405699999998],[-121.11705,38.89409499999999],[-121.11763999999998,38.894193],[-121.11830400000001,38.894362],[-121.11856899999997,38.894415],[-121.118694,38.894456999999996],[-121.118836,38.894461],[-121.11894399999997,38.894499],[-121.119056,38.894544999999994],[-121.119593,38.894836999999995],[-121.119685,38.894902],[-121.119697,38.894911],[-121.11991099999997,38.895024],[-121.120109,38.89514199999999],[-121.12020100000001,38.895205],[-121.120289,38.895273],[-121.12037100000002,38.895343000000004],[-121.120452,38.89542],[-121.120512,38.895479],[-121.12065399999999,38.89562],[-121.120696,38.89565499999999],[-121.12072300000001,38.89567799999999],[-121.12076499999999,38.895705],[-121.120799,38.895726999999994],[-121.12088399999998,38.895765],[-121.12106099999997,38.895818],[-121.12114399999997,38.89585100000001],[-121.12122199999999,38.895892],[-121.121299,38.89594399999999],[-121.12135499999998,38.896001],[-121.12139299999998,38.896064999999986],[-121.12140599999998,38.896133],[-121.121403,38.896203],[-121.12137899999998,38.896269],[-121.12134200000001,38.896331],[-121.121299,38.896390999999994],[-121.12107,38.896682999999996],[-121.12101099999998,38.896774],[-121.120995,38.896817],[-121.120985,38.89686],[-121.12098700000001,38.89690300000001],[-121.12100399999997,38.896946],[-121.12103300000001,38.896984],[-121.12107700000001,38.897014999999996],[-121.121126,38.897035],[-121.121269,38.89703999999999],[-121.12137500000001,38.89700899999999],[-121.121493,38.896996],[-121.12162,38.89698799999999],[-121.121751,38.89698799999999],[-121.122139,38.89699499999999],[-121.12227799999997,38.897003999999995],[-121.12243100000002,38.89699199999999],[-121.12264800000001,38.89699099999999],[-121.12288700000002,38.896997999999996],[-121.123007,38.897025],[-121.12311199999999,38.89705],[-121.12320899999999,38.897092],[-121.12329100000001,38.89714500000001],[-121.123355,38.897206999999995],[-121.123397,38.89727599999999],[-121.12342000000001,38.897352],[-121.123424,38.89761699999999],[-121.12346700000002,38.89771],[-121.12348199999998,38.897727999999994],[-121.123535,38.897791999999995],[-121.123628,38.897865],[-121.12373199999999,38.897927],[-121.12384999999998,38.897982],[-121.124085,38.898078],[-121.12418199999999,38.898109],[-121.124201,38.89811499999999],[-121.12431799999997,38.89814299999999],[-121.12438000000002,38.898151],[-121.124434,38.898159],[-121.124556,38.898165999999996],[-121.124682,38.898164],[-121.12481299999997,38.898167],[-121.12506200000001,38.898163],[-121.125196,38.898173],[-121.125333,38.89819099999999],[-121.12546100000002,38.89822600000001],[-121.1256,38.898256],[-121.12597,38.89842399999999],[-121.12608900000001,38.898489999999995],[-121.126222,38.89854699999999],[-121.12636399999997,38.89862300000001],[-121.12669899999997,38.898822],[-121.12691299999997,38.898971],[-121.127012,38.89906],[-121.12709700000002,38.899155],[-121.12725600000002,38.899367],[-121.12733200000001,38.89947099999999],[-121.127409,38.899583],[-121.127531,38.899795000000005],[-121.12764199999998,38.900017],[-121.12778500000002,38.90021999999999],[-121.12806299999997,38.90047799999999],[-121.128165,38.900561],[-121.128279,38.900633],[-121.128405,38.900692],[-121.12853499999999,38.90074599999999],[-121.128791,38.900861],[-121.12891400000001,38.900928],[-121.12903399999999,38.901002999999996],[-121.12914799999999,38.90108299999999],[-121.12925300000002,38.901171000000005],[-121.12935200000001,38.901268],[-121.12963599999998,38.90159599999999],[-121.129723,38.901711999999996],[-121.12980899999998,38.901838],[-121.130027,38.90218699999999],[-121.13025900000001,38.90259199999999],[-121.13035199999999,38.902759],[-121.13063199999998,38.903262],[-121.13065199999998,38.903298],[-121.130696,38.903359],[-121.130748,38.903414999999995],[-121.130902,38.903561],[-121.13100900000002,38.903651],[-121.13125300000002,38.903834999999994],[-121.13144699999997,38.903974],[-121.131545,38.904047999999996],[-121.13163,38.904137],[-121.13170999999998,38.90423400000001],[-121.13175899999997,38.90430899999999],[-121.13196799999999,38.904631],[-121.13214500000001,38.904954],[-121.13233699999998,38.90528099999999],[-121.13251300000002,38.905472],[-121.132606,38.90556300000001],[-121.13270499999999,38.905644],[-121.132819,38.905713999999996],[-121.13294199999997,38.905775],[-121.13307300000001,38.905826999999995],[-121.133348,38.905911999999994],[-121.133623,38.906000999999996],[-121.13456199999999,38.906365],[-121.13468800000001,38.90642],[-121.13481100000001,38.906481],[-121.13492700000002,38.906548],[-121.134945,38.90655999999999],[-121.135038,38.90662199999999],[-121.13514099999999,38.90670399999999],[-121.13523600000002,38.906793],[-121.13541700000002,38.90697999999999],[-121.13583499999999,38.907463],[-121.13589800000001,38.907523],[-121.13592499999999,38.907548],[-121.13602100000001,38.907624999999996],[-121.136247,38.90774100000001],[-121.13633999999998,38.907774999999994],[-121.13669499999997,38.907907],[-121.136879,38.90798999999999],[-121.137025,38.90807],[-121.13763600000001,38.90842599999999],[-121.13771099999998,38.908473],[-121.138013,38.908666],[-121.138141,38.908756],[-121.13825,38.90883500000001],[-121.138376,38.908908000000004],[-121.13856399999999,38.909033],[-121.13860600000001,38.909061],[-121.13871999999999,38.90913599999999],[-121.138823,38.909215],[-121.138914,38.909302],[-121.13899199999997,38.909398],[-121.13906300000001,38.909504],[-121.13921800000001,38.90971300000001],[-121.13931999999998,38.909814],[-121.13965099999999,38.910079999999994],[-121.13968,38.91010299999999],[-121.13992999999999,38.91029499999999],[-121.14005799999997,38.910383],[-121.14019599999999,38.910471],[-121.140335,38.910553],[-121.140424,38.9106],[-121.14047900000001,38.910629],[-121.14077399999998,38.910766],[-121.14121299999998,38.91096399999999],[-121.141584,38.91113699999999],[-121.141715,38.911199],[-121.141814,38.911244999999994],[-121.14196699999997,38.911325],[-121.14210799999998,38.91139799999999],[-121.14225000000002,38.91148],[-121.142484,38.91162099999998],[-121.14295399999997,38.91190699999999],[-121.14323899999998,38.912068],[-121.143387,38.91214300000001],[-121.14369500000001,38.912267],[-121.143856,38.912323],[-121.14401799999997,38.912372],[-121.14409,38.91239000000001],[-121.144344,38.91245399999999],[-121.14467299999997,38.912518],[-121.14500099999998,38.91257],[-121.145471,38.912634999999995],[-121.14582299999996,38.91268399999999],[-121.146161,38.912706],[-121.14632899999998,38.912707],[-121.14683200000002,38.912690999999995],[-121.14716699999997,38.912663],[-121.14733199999998,38.912640999999994],[-121.147657,38.912575],[-121.147872,38.91252099999999],[-121.14797700000001,38.91249499999999],[-121.14814,38.912468999999994],[-121.148303,38.91245299999999],[-121.148474,38.91245299999999],[-121.148651,38.912459999999996],[-121.148674,38.91246099999999],[-121.14880899999997,38.91246399999999],[-121.149215,38.912473],[-121.14935099999997,38.91247599999999],[-121.14952800000002,38.91248199999999],[-121.14970000000001,38.912483],[-121.149975,38.912479],[-121.15005399999998,38.912479],[-121.15040399999997,38.91246099999999],[-121.15126600000002,38.912386],[-121.151611,38.91236599999999],[-121.15184499999997,38.91235799999999],[-121.15195800000001,38.912355],[-121.15247,38.912352],[-121.152644,38.912353],[-121.152698,38.912353],[-121.15338199999998,38.912362],[-121.153611,38.912364999999994],[-121.15398799999998,38.912369],[-121.154261,38.912369999999996],[-121.154808,38.912373],[-121.15544300000002,38.912363],[-121.15589599999997,38.912367],[-121.156043,38.912377],[-121.15618899999997,38.91239699999999],[-121.15621200000001,38.912401],[-121.15633500000001,38.912425],[-121.15678000000001,38.912521999999996],[-121.15685100000002,38.91252099999999],[-121.156925,38.912555],[-121.15706200000001,38.91259899999999],[-121.15719300000002,38.912647],[-121.15731599999997,38.91270099999999],[-121.15743100000002,38.912763999999996],[-121.15754199999999,38.912831],[-121.15764799999998,38.912901],[-121.15823399999998,38.913333],[-121.15827499999999,38.913363],[-121.15859400000001,38.913585],[-121.158796,38.913738999999985],[-121.159004,38.913881999999994],[-121.15921800000001,38.91401199999999],[-121.15977199999999,38.914311],[-121.15987599999998,38.91437199999999],[-121.159976,38.91441799999999],[-121.16006599999997,38.91449699999999],[-121.16040100000001,38.914809999999996],[-121.16048999999997,38.91488499999999],[-121.160592,38.914951],[-121.16070400000001,38.91500799999999],[-121.16094199999998,38.91510199999999],[-121.16106400000001,38.915139999999994],[-121.16117899999998,38.915185],[-121.161288,38.915240999999995],[-121.16139599999997,38.915307999999996],[-121.161628,38.915443],[-121.16175400000002,38.915507999999996],[-121.161893,38.915567],[-121.16203399999999,38.91562],[-121.16231999999998,38.915710999999995],[-121.16239799999998,38.915732],[-121.162608,38.91578899999999],[-121.162897,38.91586],[-121.163197,38.91592099999999],[-121.16366700000002,38.915990999999984],[-121.16398499999998,38.91602300000001],[-121.164047,38.916031],[-121.16423499999998,38.916056],[-121.16429799999999,38.916065],[-121.16445199999997,38.91609],[-121.164906,38.91619],[-121.165059,38.916229],[-121.165291,38.91627999999999],[-121.16536899999998,38.91629799999999],[-121.16568599999997,38.91636],[-121.16599799999997,38.916413999999996],[-121.16615099999997,38.91644599999999],[-121.166295,38.916486],[-121.16643200000001,38.916537999999996],[-121.16655599999999,38.916601],[-121.16666600000002,38.916675999999995],[-121.16675600000002,38.916755],[-121.166836,38.916849],[-121.16690199999998,38.916947],[-121.167022,38.917154],[-121.16709499999999,38.917256],[-121.167184,38.917352999999984],[-121.16729100000002,38.91744],[-121.16763099999999,38.917663],[-121.167728,38.917739],[-121.16778600000002,38.917797],[-121.16788999999997,38.917902],[-121.16802700000001,38.918075],[-121.16808700000001,38.918170999999994],[-121.168124,38.918272],[-121.168137,38.918372999999995],[-121.168137,38.91847799999999],[-121.16812499999999,38.918699],[-121.16809199999999,38.919273],[-121.168083,38.919514],[-121.16807400000002,38.91966899999999],[-121.17249199999998,38.91963100000001],[-121.17260899999998,38.91963],[-121.17346599999999,38.919622999999994],[-121.18073899999999,38.919633],[-121.18192299999998,38.919629],[-121.18184,38.92360299999999],[-121.18183200000001,38.926964999999996],[-121.18413500000001,38.92698099999999],[-121.18643399999999,38.926964999999996],[-121.186467,38.927813],[-121.18642899999998,38.928238],[-121.18642999999997,38.934070000000006],[-121.18634800000001,38.934065000000004],[-121.18632400000001,38.934189],[-121.18631699999999,38.93433199999999],[-121.186314,38.93439899999999],[-121.18629999999999,38.934474],[-121.18629199999997,38.934558],[-121.186302,38.934654],[-121.18629999999999,38.93474499999999],[-121.18631899999997,38.93541499999999],[-121.18631899999997,38.93544800000001],[-121.18632299999999,38.935714],[-121.18631899999997,38.935826],[-121.18632599999997,38.936041],[-121.18634999999999,38.936859999999996],[-121.186376,38.93744999999999],[-121.186385,38.93768500000001],[-121.18638300000002,38.93780799999999],[-121.186421,38.938988],[-121.186437,38.939612],[-121.18643800000001,38.939644],[-121.18643599999997,38.939713999999995],[-121.186448,38.93997],[-121.18644000000002,38.940636],[-121.186424,38.941],[-121.18649800000001,38.941388],[-121.186499,38.941635],[-121.18651299999998,38.944329],[-121.18656399999999,38.945215],[-121.18644400000001,38.94525999999999],[-121.18634200000001,38.94530499999999],[-121.18634800000001,38.952434000000004],[-121.186282,38.95615699999999],[-121.18637999999999,38.95615699999999],[-121.186392,38.95665699999999],[-121.18644999999998,38.957796],[-121.186521,38.961874],[-121.18667299999997,38.968021],[-121.186746,38.970965],[-121.18646399999999,38.970971000000006],[-121.186451,38.972332],[-121.186449,38.975586],[-121.186425,38.975642],[-121.18643299999998,38.976102999999995],[-121.18646199999999,38.977488],[-121.18647199999997,38.978022],[-121.186526,38.980655],[-121.186622,38.985305],[-121.18691499999998,38.985308999999994],[-121.18688,38.993168999999995],[-121.18679799999998,39.012713],[-121.18637,39.01286699999999],[-121.18635299999997,39.012882],[-121.186114,39.01310399999999],[-121.186077,39.01314],[-121.18466900000001,39.01466599999999],[-121.184575,39.014771],[-121.18399699999999,39.01541499999999],[-121.18338699999998,39.015882],[-121.182876,39.016308],[-121.18247100000002,39.01657899999999],[-121.18192800000001,39.016944],[-121.181341,39.017112000000004],[-121.181256,39.01713899999999],[-121.18108699999999,39.017281999999994],[-121.180918,39.017469],[-121.180883,39.01757899999999],[-121.18089,39.017655000000005],[-121.180896,39.017812],[-121.180834,39.01809299999999],[-121.180693,39.01844299999999],[-121.18031900000001,39.018909],[-121.17979900000002,39.019519],[-121.17962099999997,39.019727],[-121.17938500000001,39.019951],[-121.17925200000002,39.020004],[-121.17902899999997,39.02002199999999],[-121.17822900000002,39.020053],[-121.17781899999997,39.020056999999994],[-121.177396,39.01999599999999],[-121.17694399999999,39.01972899999999],[-121.17641300000001,39.019471],[-121.17615799999999,39.019363999999996],[-121.17561599999999,39.019177000000006],[-121.175483,39.019131],[-121.17504699999998,39.01905399999999],[-121.174687,39.018983],[-121.17434199999998,39.01890199999999],[-121.17419799999998,39.01884],[-121.17394899999996,39.018516],[-121.17374999999998,39.018404999999994],[-121.17330099999997,39.01841699999999],[-121.173114,39.018422],[-121.17291699999997,39.018465],[-121.17262399999998,39.018527999999996],[-121.17221,39.018705999999995],[-121.17167599999998,39.018909],[-121.171243,39.01899999999999],[-121.17068699999999,39.019154],[-121.170026,39.019452],[-121.16953299999999,39.019705],[-121.16906699999997,39.019969],[-121.16845399999998,39.02030599999999],[-121.16812499999999,39.02051199999999],[-121.16797899999999,39.020776],[-121.16772099999999,39.021102000000006],[-121.16741,39.021271],[-121.16695,39.021589],[-121.166597,39.02172699999999],[-121.16650800000001,39.02176099999999],[-121.166257,39.02179499999999],[-121.16587,39.02170799999999],[-121.165588,39.021730000000005],[-121.16550500000001,39.02175499999999],[-121.165125,39.021875],[-121.164718,39.022026000000004],[-121.16419999999998,39.022186],[-121.163778,39.022389999999994],[-121.163552,39.022528],[-121.163423,39.02266100000001],[-121.16335899999997,39.02285599999999],[-121.16313499999997,39.023194],[-121.162924,39.02353200000001],[-121.16262200000001,39.023945],[-121.16232899999997,39.024227],[-121.16197,39.02442799999999],[-121.16174000000001,39.02444599999999],[-121.161504,39.024442],[-121.16126799999999,39.024421999999994],[-121.16071199999999,39.024543],[-121.160382,39.02467399999999],[-121.160078,39.024886],[-121.15984500000002,39.02502299999999],[-121.15959999999997,39.02507299999999],[-121.159016,39.02506399999999],[-121.158836,39.025051],[-121.15839500000001,39.024886],[-121.15816599999997,39.024888],[-121.15737,39.025178999999994],[-121.156775,39.025577],[-121.15652799999998,39.026001],[-121.15638600000001,39.026129000000005],[-121.156211,39.02614799999999],[-121.15561499999998,39.02609],[-121.1554,39.02609199999999],[-121.15483199999997,39.02628300000001],[-121.154422,39.02638],[-121.154061,39.026396],[-121.15379500000002,39.026446],[-121.15322099999999,39.026605],[-121.15248600000001,39.026787999999996],[-121.15229600000002,39.026899],[-121.152125,39.027043],[-121.15203600000001,39.027263999999995],[-121.151911,39.027511],[-121.151542,39.028054000000004],[-121.151467,39.028166],[-121.15141199999998,39.028403],[-121.151404,39.02871700000001],[-121.151449,39.02913000000001],[-121.15156999999999,39.029539],[-121.15158599999998,39.029715],[-121.15159199999998,39.02977799999999],[-121.151578,39.030043],[-121.15142499999997,39.03031699999999],[-121.150954,39.03076500000001],[-121.15078599999997,39.030947],[-121.150753,39.031141999999996],[-121.15066199999997,39.03143299999999],[-121.15046200000002,39.03165700000001],[-121.150326,39.03205700000001],[-121.15014100000002,39.032227000000006],[-121.149761,39.03239500000001],[-121.149326,39.032560999999994],[-121.14871200000002,39.032649],[-121.14812400000001,39.032781],[-121.14723100000002,39.032906999999994],[-121.14650200000001,39.033167],[-121.14638000000001,39.03318199999999],[-121.146041,39.033225],[-121.14545199999998,39.033411],[-121.14483399999997,39.033660999999995],[-121.14440400000001,39.03388199999999],[-121.143771,39.034186000000005],[-121.14306499999998,39.034586999999995],[-121.142612,39.034893999999994],[-121.14217499999997,39.035126],[-121.141796,39.035282],[-121.14142199999998,39.03575399999999],[-121.14090699999997,39.036309],[-121.13999299999999,39.037215999999994],[-121.13955399999999,39.037501999999996],[-121.139442,39.037545],[-121.13892199999998,39.037742],[-121.138571,39.037803999999994],[-121.137979,39.037911],[-121.13739699999998,39.037858],[-121.136706,39.03770599999999],[-121.13615899999998,39.037329],[-121.13600800000002,39.037232],[-121.13523999999998,39.036741000000006],[-121.135134,39.036673],[-121.135031,39.036563999999984],[-121.13446499999999,39.035964],[-121.13441700000001,39.03591300000001],[-121.13437699999997,39.035713],[-121.13425699999999,39.035119],[-121.13410599999997,39.034935],[-121.133907,39.03469],[-121.133378,39.034375999999995],[-121.13275,39.034249],[-121.132125,39.03423899999999],[-121.131792,39.03421699999999],[-121.13143099999998,39.034195],[-121.13095800000002,39.03428099999999],[-121.13075100000002,39.03406499999999],[-121.130273,39.033732],[-121.12993399999999,39.033412],[-121.129633,39.033223],[-121.129435,39.033184],[-121.12909400000001,39.033117000000004],[-121.128359,39.033051],[-121.12741600000001,39.032948999999995],[-121.12674599999998,39.032788],[-121.12658700000001,39.03275099999999],[-121.12606100000002,39.032662],[-121.12582799999998,39.03265799999999],[-121.125604,39.03263],[-121.12532000000002,39.032582],[-121.12515799999998,39.032486],[-121.125099,39.03245100000001],[-121.124936,39.032103],[-121.12498699999998,39.03193999999999],[-121.12521499999998,39.03171],[-121.12556,39.031485999999994],[-121.12584200000002,39.031305],[-121.12605999999997,39.031200999999996],[-121.12615399999999,39.03111700000001],[-121.12629499999998,39.031038],[-121.12643199999998,39.03087800000001],[-121.12654800000001,39.030685],[-121.12668499999997,39.030475],[-121.126775,39.030238],[-121.126784,39.03013800000001],[-121.126795,39.030010999999995],[-121.126674,39.02960199999999],[-121.12638499999997,39.029196],[-121.12605800000001,39.029038],[-121.125819,39.028997],[-121.12559899999998,39.028938],[-121.125439,39.028935999999995],[-121.12508299999999,39.029005999999995],[-121.124859,39.02907100000001],[-121.12469999999998,39.029055],[-121.124473,39.02894100000001],[-121.12424,39.028687999999995],[-121.12396000000001,39.028358],[-121.123815,39.028147999999995],[-121.12351200000002,39.02786],[-121.123423,39.027561],[-121.12333200000002,39.026986],[-121.123367,39.026308],[-121.12334,39.02583],[-121.12325400000002,39.025407],[-121.12327899999998,39.025269],[-121.123271,39.025178],[-121.123193,39.024431],[-121.12266600000001,39.024161],[-121.12256,39.024150999999996],[-121.12211599999999,39.024144],[-121.12147700000001,39.024175],[-121.121281,39.02422],[-121.120953,39.024222],[-121.120831,39.02413700000001],[-121.120662,39.023830000000004],[-121.12046899999997,39.023391],[-121.12028800000002,39.022908],[-121.12015000000001,39.022541999999994],[-121.11991499999999,39.02204699999999],[-121.119497,39.02144499999999],[-121.119223,39.021148000000004],[-121.11905700000001,39.020968],[-121.11848600000002,39.020426],[-121.118068,39.020107],[-121.11767399999998,39.01996299999999],[-121.117023,39.01974499999999],[-121.116121,39.019157],[-121.11541299999998,39.018772],[-121.115134,39.01860099999999],[-121.11477299999999,39.018505],[-121.11409899999997,39.018494],[-121.11349999999997,39.01834600000001],[-121.11244699999997,39.01792799999999],[-121.11185,39.017725000000006],[-121.11158000000002,39.01771999999999],[-121.11117999999998,39.017754999999994],[-121.11064499999998,39.017857],[-121.11002900000001,39.01801999999999],[-121.10945700000002,39.018177],[-121.109084,39.018218999999995],[-121.10888,39.01820899999999],[-121.108274,39.01798500000001],[-121.108141,39.017899],[-121.10769899999998,39.01761599999999],[-121.10749,39.017294],[-121.10709599999997,39.016776],[-121.10677299999999,39.016598],[-121.106603,39.016516],[-121.10623900000002,39.01634],[-121.106101,39.016186],[-121.10600899999997,39.015956],[-121.10599000000002,39.015505999999995],[-121.10598799999998,39.015444],[-121.10590399999998,39.014751],[-121.105911,39.014480999999996],[-121.105977,39.014025999999994],[-121.105992,39.013784],[-121.10592400000002,39.013346999999996],[-121.10585,39.01311599999999],[-121.10576800000001,39.01286],[-121.105496,39.012427],[-121.10513200000001,39.01211699999999],[-121.10504800000001,39.012086999999994],[-121.10501299999997,39.012135],[-121.10472699999998,39.012550999999995],[-121.104659,39.012558999999996],[-121.10462899999999,39.012569],[-121.104551,39.012599],[-121.10445099999997,39.01265],[-121.10440799999998,39.01268099999999],[-121.10435,39.01275],[-121.10423999999998,39.012917],[-121.10409000000001,39.01307800000001],[-121.10398999999997,39.0132],[-121.103777,39.013482],[-121.10372499999997,39.01356299999999],[-121.10365199999998,39.01371399999999],[-121.10360699999998,39.01386],[-121.10355599999998,39.014044999999996],[-121.10353400000001,39.01410200000001],[-121.103507,39.014146],[-121.10345399999997,39.014236],[-121.103383,39.01433],[-121.10336300000002,39.014348],[-121.10331399999997,39.014354],[-121.10326499999998,39.01434299999999],[-121.102971,39.014227],[-121.10298899999997,39.014194999999994],[-121.103128,39.013934],[-121.103701,39.01296000000001],[-121.103845,39.012701],[-121.103957,39.012477],[-121.10420000000002,39.01195],[-121.104223,39.011899],[-121.10424699999997,39.011849999999995],[-121.104113,39.011817],[-121.10401400000002,39.011801999999996],[-121.103512,39.01171699999998],[-121.10278399999999,39.011726],[-121.10244100000001,39.011746],[-121.10238099999998,39.011749],[-121.10215799999999,39.011764],[-121.10199799999998,39.011796],[-121.10186299999998,39.01185600000001],[-121.10157499999997,39.01201],[-121.10136899999999,39.012097],[-121.10124499999999,39.012102],[-121.100971,39.01206299999999],[-121.10077599999998,39.012073],[-121.100587,39.012181],[-121.100221,39.012243999999995],[-121.10000699999998,39.01231],[-121.099665,39.012484],[-121.09906300000002,39.012779],[-121.09862500000001,39.01293799999999],[-121.097975,39.013093],[-121.09792399999998,39.01310599999999],[-121.09758299999999,39.013246],[-121.09729,39.013276],[-121.09696199999999,39.013284],[-121.09681999999997,39.013261],[-121.096672,39.01316200000001],[-121.096543,39.013014],[-121.09653500000002,39.012998],[-121.096501,39.0128],[-121.096487,39.01271199999999],[-121.09643900000002,39.012425],[-121.096404,39.012220000000006],[-121.09639999999999,39.012209000000006],[-121.096381,39.012146],[-121.09636199999998,39.01208299999999],[-121.096342,39.012018999999995],[-121.09638000000001,39.011849999999995],[-121.096403,39.01164899999999],[-121.09636799999997,39.011621],[-121.096246,39.011522],[-121.09595600000002,39.011428],[-121.095664,39.01140899999999],[-121.095318,39.01141699999999],[-121.09519699999998,39.011430999999995],[-121.09501600000002,39.011454],[-121.094658,39.011586],[-121.094051,39.011874],[-121.093432,39.01216099999999],[-121.092772,39.012322999999995],[-121.09244900000002,39.012456],[-121.09210700000001,39.012651],[-121.091754,39.01289499999999],[-121.09147099999998,39.013194],[-121.09108999999998,39.013527],[-121.09091800000002,39.013693],[-121.09065300000002,39.013949],[-121.09027200000001,39.014267],[-121.089981,39.014373],[-121.08973099999997,39.014432],[-121.08951999999998,39.014434],[-121.08950099999998,39.014435],[-121.089318,39.014286],[-121.08919100000001,39.013766000000004],[-121.088797,39.01354899999999],[-121.088692,39.01349199999999],[-121.088553,39.013416],[-121.088094,39.01332599999999],[-121.08744099999998,39.013203999999995],[-121.08693199999998,39.013023],[-121.08660600000002,39.012942],[-121.08630900000001,39.01277799999998],[-121.08582699999998,39.012417000000006],[-121.08547,39.01208],[-121.08523,39.01185399999999],[-121.084689,39.01120199999999],[-121.084648,39.011155999999986],[-121.084659,39.011143],[-121.08469699999999,39.011106],[-121.08471,39.01109400000001],[-121.08510199999999,39.01081700000001],[-121.08535700000002,39.010638],[-121.08559,39.010451],[-121.08560399999998,39.010434999999994],[-121.08566000000002,39.010253],[-121.08571800000001,39.009635],[-121.08572300000002,39.009589000000005],[-121.085779,39.009424],[-121.085843,39.009364],[-121.08595500000001,39.00928700000001],[-121.085987,39.00927099999999],[-121.08614900000002,39.009189000000006],[-121.086589,39.00896800000001],[-121.08664099999997,39.008953000000005],[-121.086816,39.008903],[-121.087053,39.008836],[-121.08725,39.008759],[-121.087398,39.00868200000001],[-121.08760900000001,39.00853399999999],[-121.08777100000002,39.00838000000001],[-121.087781,39.008367],[-121.087883,39.008243],[-121.087968,39.00808399999999],[-121.08801,39.007864],[-121.08801,39.007771],[-121.087968,39.007595],[-121.08797500000001,39.00752399999999],[-121.088151,39.007364],[-121.08822100000002,39.007271],[-121.08829799999998,39.007101],[-121.08831899999997,39.00686999999999],[-121.08827699999998,39.006596],[-121.08830500000002,39.006541],[-121.088784,39.006315],[-121.08905799999997,39.006343],[-121.089178,39.006343],[-121.089326,39.00630399999999],[-121.08943099999999,39.006232999999995],[-121.08952299999997,39.006156],[-121.089536,39.00613899999999],[-121.089635,39.006013],[-121.089748,39.00581499999999],[-121.08978999999995,39.005656],[-121.08981099999998,39.005513],[-121.08980400000002,39.00540899999999],[-121.08974700000002,39.005093],[-121.08972600000001,39.004974999999995],[-121.08964899999998,39.004772],[-121.089586,39.00469],[-121.089388,39.004503],[-121.089304,39.004305],[-121.08922299999998,39.004069],[-121.08919100000001,39.003975999999994],[-121.08914199999997,39.003854999999994],[-121.08905000000001,39.00371199999999],[-121.08890199999999,39.003586],[-121.088776,39.003508999999994],[-121.08874,39.003476],[-121.08874700000001,39.003427],[-121.088881,39.003317],[-121.08901499999997,39.00318],[-121.08914799999997,39.002971],[-121.08919,39.002922999999996],[-121.08919100000001,39.002905],[-121.08926100000001,39.002795],[-121.08938099999999,39.002520999999994],[-121.08942300000001,39.002323],[-121.08944399999999,39.002131],[-121.08944399999999,39.00193800000001],[-121.089415,39.001763],[-121.08938000000002,39.001653],[-121.089267,39.001472],[-121.089028,39.001257],[-121.089007,39.00120299999999],[-121.08901400000002,39.001148],[-121.089028,39.00111299999999],[-121.08919,39.00073],[-121.089267,39.000412000000004],[-121.089295,39.000356999999994],[-121.08935100000001,39.000285],[-121.08950999999998,39.00005399999999],[-121.089556,38.999987000000004],[-121.08957000000001,38.99996699999999],[-121.089671,38.999894999999995],[-121.08972899999999,38.999819],[-121.089779,38.999755],[-121.08987500000002,38.999630999999994],[-121.089881,38.999379],[-121.08969799999997,38.99859399999999],[-121.089325,38.99777],[-121.08929000000002,38.997066999999994],[-121.08932199999997,38.996922999999995],[-121.089346,38.99681999999999],[-121.08937399999999,38.99566099999999],[-121.089247,38.99497499999999],[-121.08908499999997,38.99459000000001],[-121.088824,38.994179],[-121.08873499999999,38.994074],[-121.088275,38.993531],[-121.08749400000002,38.993037],[-121.087121,38.992855],[-121.08662799999998,38.992707],[-121.08569300000002,38.992707],[-121.08465099999997,38.99302600000001],[-121.083807,38.99302600000001],[-121.083339,38.993082],[-121.083209,38.993098],[-121.08266,38.99329],[-121.08220200000001,38.993658],[-121.082132,38.99363],[-121.081921,38.993328],[-121.08130200000001,38.99312499999999],[-121.08114,38.99302600000001],[-121.081119,38.992889],[-121.08131600000002,38.992741],[-121.08179399999999,38.992630999999996],[-121.08184299999998,38.99260999999999],[-121.082392,38.992378],[-121.08342700000001,38.992378],[-121.083518,38.992378],[-121.08396699999999,38.99231400000001],[-121.08398200000002,38.99231199999999],[-121.08426400000002,38.99215800000001],[-121.08452399999997,38.991921999999995],[-121.08452399999997,38.991699999999994],[-121.08452399999997,38.991648],[-121.08432700000002,38.991252],[-121.08434799999999,38.990824],[-121.083954,38.990286],[-121.08386200000001,38.990066000000006],[-121.083897,38.98980799999999],[-121.08405899999997,38.989418],[-121.08407600000001,38.989200999999994],[-121.08409400000001,38.988995],[-121.08405199999997,38.98880299999999],[-121.08380599999998,38.98843],[-121.083785,38.98837499999999],[-121.08373799999997,38.988251999999996],[-121.08366499999998,38.988056],[-121.08365899999998,38.98787200000001],[-121.083656,38.987742],[-121.083644,38.98733099999999],[-121.083599,38.98723799999999],[-121.08350299999996,38.98704],[-121.0832,38.986782],[-121.08307299999998,38.986490999999994],[-121.08291900000002,38.98631000000001],[-121.08268599999998,38.986173],[-121.082697,38.98612399999999],[-121.08270699999998,38.98607899999999],[-121.08274199999998,38.985916],[-121.08281499999998,38.98578400000001],[-121.08291100000001,38.985614],[-121.08298800000001,38.985474999999994],[-121.08322000000001,38.985059],[-121.08329799999998,38.984921],[-121.08367000000001,38.984218999999996],[-121.083882,38.983821999999996],[-121.083945,38.983712],[-121.084038,38.983700999999996],[-121.08420399999999,38.983703],[-121.08439900000002,38.983699],[-121.08471899999998,38.983655],[-121.08487199999998,38.983604],[-121.084923,38.983571],[-121.08497299999999,38.983521999999994],[-121.08501799999999,38.983458],[-121.08503999999998,38.983405000000005],[-121.08505299999997,38.983331],[-121.08506699999998,38.983166],[-121.085097,38.983034999999994],[-121.08513899999997,38.982867],[-121.08516599999997,38.982766],[-121.08517299999997,38.982701],[-121.08516599999997,38.982578],[-121.085142,38.98244699999999],[-121.085104,38.982333999999994],[-121.08503600000002,38.982201999999994],[-121.084905,38.981978],[-121.084774,38.981865],[-121.084492,38.981662],[-121.08430099999998,38.98148299999999],[-121.084246,38.981408],[-121.08422399999999,38.981372],[-121.08421300000002,38.98133899999999],[-121.08421300000002,38.981303],[-121.08421900000002,38.981263999999996],[-121.08423099999999,38.98123699999999],[-121.08428299999997,38.98114000000001],[-121.08429700000002,38.981105],[-121.08430700000001,38.981047],[-121.08430999999997,38.980912],[-121.084284,38.980817],[-121.0842,38.980696],[-121.08408399999999,38.980576000000006],[-121.083938,38.98043],[-121.083791,38.980324],[-121.08363400000002,38.98026599999999],[-121.08350299999996,38.980218],[-121.08339699999998,38.980149],[-121.082996,38.979583],[-121.082999,38.979543],[-121.08302799999998,38.97951400000001],[-121.08308299999997,38.979458999999984],[-121.08315299999997,38.979397],[-121.08322899999999,38.979291],[-121.083372,38.97897699999999],[-121.08344799999999,38.978823999999996],[-121.08348799999997,38.978762],[-121.083653,38.978619],[-121.08392299999998,38.978407],[-121.083981,38.978323],[-121.08399999999999,38.97824000000001],[-121.08399999999999,38.978148000000004],[-121.08397,38.978083],[-121.08393,38.978046],[-121.08385700000001,38.977999],[-121.08375499999998,38.977968999999995],[-121.08361999999998,38.977947],[-121.083486,38.9779],[-121.083389,38.977891],[-121.08327700000001,38.977863],[-121.083137,38.97779899999999],[-121.082981,38.97775099999999],[-121.082657,38.97766899999999],[-121.08262800000001,38.977642],[-121.08261099999997,38.977595],[-121.082615,38.97756900000001],[-121.08263700000002,38.977542],[-121.08270599999999,38.9775],[-121.082902,38.977404],[-121.08303600000002,38.977304000000004],[-121.08309900000002,38.977237],[-121.083137,38.977177999999995],[-121.08318300000002,38.977063],[-121.08322999999997,38.97692899999999],[-121.08325200000002,38.97689199999999],[-121.083305,38.976839999999996],[-121.08348400000001,38.976705],[-121.08352399999997,38.97666],[-121.083554,38.976603999999995],[-121.08357,38.976549],[-121.08357099999998,38.97651],[-121.083557,38.976451000000004],[-121.08351499999998,38.97638299999999],[-121.083261,38.976145],[-121.08316300000001,38.976063999999994],[-121.083089,38.976020000000005],[-121.08291999999999,38.975967],[-121.08283299999998,38.975944999999996],[-121.08262,38.975922999999995],[-121.082497,38.975899999999996],[-121.08234600000002,38.975888],[-121.08221399999998,38.975899],[-121.082066,38.97592],[-121.08192299999999,38.97593599999999],[-121.08186800000001,38.97595200000001],[-121.08180599999999,38.975982999999985],[-121.08177,38.97599799999999],[-121.08173,38.976036],[-121.081667,38.976120999999985],[-121.081639,38.976162],[-121.081616,38.976177],[-121.081585,38.97618],[-121.081549,38.976171],[-121.081501,38.97614299999999],[-121.08130200000001,38.976005],[-121.081189,38.975941],[-121.08096800000001,38.975857999999995],[-121.08090200000001,38.975843],[-121.08082699999999,38.975835],[-121.08079299999999,38.975835],[-121.08064599999999,38.97586],[-121.08031900000002,38.975927999999996],[-121.080226,38.975934],[-121.080129,38.975919],[-121.079961,38.975857000000005],[-121.079834,38.975794],[-121.079781,38.975759999999994],[-121.07975,38.975717],[-121.079669,38.97559199999999],[-121.079628,38.975533],[-121.07956300000001,38.975486],[-121.079516,38.975457999999996],[-121.079382,38.975418],[-121.07935999999997,38.975393],[-121.07935999999997,38.975352],[-121.079429,38.975230999999994],[-121.07955700000001,38.975072],[-121.079619,38.97503199999999],[-121.07973399999999,38.97496000000001],[-121.07976499999997,38.974901],[-121.07984599999997,38.97457099999999],[-121.079852,38.974487],[-121.079834,38.97438699999999],[-121.07980299999998,38.97432799999999],[-121.07973399999999,38.97426900000001],[-121.07961799999997,38.974174],[-121.07957499999998,38.974124],[-121.07971499999996,38.974072],[-121.07991199999995,38.974079999999994],[-121.08022799999999,38.974207],[-121.08086899999998,38.974689999999995],[-121.08143100000001,38.974857],[-121.08156099999997,38.974880999999996],[-121.082276,38.97501499999999],[-121.083338,38.975041999999995],[-121.083479,38.974922],[-121.08340800000002,38.974682],[-121.08183800000002,38.973411],[-121.08170900000002,38.97330699999999],[-121.08163799999997,38.973249],[-121.081375,38.973036],[-121.08107099999998,38.972729],[-121.081051,38.97258],[-121.08111500000001,38.97249600000001],[-121.08112199999997,38.972486999999994],[-121.08149499999999,38.972344],[-121.081706,38.972208],[-121.081931,38.971959],[-121.08194299999997,38.971756],[-121.081966,38.971410000000006],[-121.081874,38.970985],[-121.08173299999999,38.970752999999995],[-121.08145199999998,38.97047799999999],[-121.08074200000001,38.97004799999999],[-121.080165,38.969885],[-121.07944,38.96985999999999],[-121.07937,38.96980400000001],[-121.079357,38.969756],[-121.07933400000002,38.969664],[-121.07941899999999,38.969215],[-121.07946100000001,38.966127],[-121.079522,38.96479299999999],[-121.079479,38.964316],[-121.079479,38.96420799999999],[-121.07949199999997,38.963011],[-121.079507,38.962085],[-121.07939800000001,38.96210799999999],[-121.079219,38.962126],[-121.07903799999998,38.962125],[-121.07885699999999,38.96210799999999],[-121.07875200000001,38.96208699999999],[-121.07867799999997,38.96207299999998],[-121.07850999999998,38.962013999999996],[-121.07835499999999,38.961944],[-121.07821099999997,38.961855],[-121.07807900000002,38.961754],[-121.07807,38.96174599999999],[-121.07769899999998,38.96142799999999],[-121.07756500000002,38.96132],[-121.07743799999997,38.961204],[-121.077303,38.961096],[-121.07716000000002,38.960996],[-121.077006,38.960905999999994],[-121.07684500000002,38.960823999999995],[-121.07667699999999,38.960751],[-121.07650000000001,38.960686999999986],[-121.07631700000002,38.96063899999999],[-121.076126,38.96060799999999],[-121.07610799999998,38.960606],[-121.075926,38.960590999999994],[-121.07572900000001,38.960582],[-121.075527,38.96058],[-121.07533899999999,38.960584999999995],[-121.07525499999998,38.960586],[-121.07511199999999,38.96059],[-121.07500299999997,38.96059],[-121.07492000000002,38.96059],[-121.074511,38.960602],[-121.074277,38.96060899999999],[-121.07363599999998,38.96062],[-121.073417,38.960631],[-121.07328400000002,38.96064],[-121.07320100000001,38.96064699999999],[-121.072876,38.960667],[-121.07276399999999,38.96067899999999],[-121.07256999999998,38.9607],[-121.072428,38.960719],[-121.072317,38.960735],[-121.07214699999999,38.960758],[-121.07212800000002,38.96076],[-121.071564,38.960848000000006],[-121.071518,38.960856],[-121.071376,38.96087399999999],[-121.071311,38.960882000000005],[-121.071107,38.96089699999999],[-121.07090300000002,38.960899],[-121.07075399999998,38.96089],[-121.07049699999997,38.960876],[-121.069902,38.96082199999999],[-121.06931999999999,38.960763],[-121.068893,38.960732],[-121.06875099999999,38.960723],[-121.06856999999997,38.96070199999999],[-121.068392,38.960665000000006],[-121.068282,38.960627],[-121.068225,38.96060700000001],[-121.06806699999999,38.960536000000005],[-121.06791499999997,38.960458],[-121.06762499999999,38.96029399999999],[-121.06750299999997,38.960202],[-121.067482,38.960181],[-121.067398,38.960098],[-121.067284,38.95999299999999],[-121.06717800000001,38.959902],[-121.066943,38.959726999999994],[-121.06681399999998,38.959641],[-121.06625299999999,38.95929799999999],[-121.06563099999998,38.959025999999994],[-121.065107,38.958825],[-121.064478,38.95858400000001],[-121.064248,38.9585],[-121.06396800000002,38.958397],[-121.063635,38.958284],[-121.06330499999999,38.958203],[-121.062978,38.958141999999995],[-121.06280899999999,38.958116999999994],[-121.062472,38.958083],[-121.062309,38.958061],[-121.062148,38.95803099999999],[-121.06199200000002,38.95798599999999],[-121.061853,38.957919999999994],[-121.06172499999998,38.957843999999994],[-121.06147600000001,38.957654],[-121.06136099999999,38.95754399999999],[-121.06123600000001,38.95744499999999],[-121.061117,38.95734100000001],[-121.06100699999999,38.95722899999999],[-121.06078200000002,38.957014],[-121.060708,38.956966999999985],[-121.06053299999999,38.956855],[-121.06035000000001,38.956775],[-121.060211,38.956706999999994],[-121.060052,38.956644999999995],[-121.059806,38.956563],[-121.05972599999998,38.956536],[-121.05963800000002,38.95651],[-121.059132,38.95636399999999],[-121.058964,38.956316],[-121.058877,38.956294],[-121.058715,38.95624399999999],[-121.0587,38.956242],[-121.05853499999998,38.956219999999995],[-121.05836299999999,38.956208999999994],[-121.05788299999998,38.956234],[-121.05761,38.956249],[-121.05744100000001,38.95625499999999],[-121.05693399999998,38.95627499999999],[-121.05676599999998,38.95628299999999],[-121.05650299999999,38.956292999999995],[-121.05629099999999,38.956302],[-121.055745,38.956328],[-121.05555599999998,38.956324],[-121.05487,38.956265],[-121.054611,38.95624399999999],[-121.05439700000001,38.95622399999999],[-121.05404499999999,38.956204],[-121.05364599999999,38.95618199999999],[-121.05343800000001,38.956174000000004],[-121.05304500000001,38.95614499999999],[-121.05298899999998,38.956140999999995],[-121.052849,38.95613399999999],[-121.052638,38.956114],[-121.052263,38.956090999999994],[-121.05207300000001,38.95608299999999],[-121.05186299999997,38.956082],[-121.051815,38.95608299999999],[-121.05168200000001,38.95608599999999],[-121.051497,38.956101],[-121.051312,38.95612799999999],[-121.05113099999997,38.956163],[-121.05094099999998,38.95619],[-121.05075999999998,38.95622899999999],[-121.05039899999997,38.956318],[-121.05023500000001,38.956379],[-121.05006499999998,38.956432],[-121.04989699999997,38.956507],[-121.04971900000001,38.956581],[-121.04954299999997,38.956649],[-121.04943599999999,38.956681],[-121.04936,38.956705],[-121.04920199999998,38.95677299999999],[-121.049003,38.956828],[-121.048822,38.956846],[-121.04863899999997,38.956858],[-121.04805,38.956869999999995],[-121.04785799999998,38.956869999999995],[-121.04765300000001,38.95688199999999],[-121.04759600000001,38.95688199999999],[-121.04705099999997,38.956892],[-121.04686399999997,38.956903],[-121.04667600000002,38.956895],[-121.046501,38.956896],[-121.046315,38.95691],[-121.045946,38.95695099999999],[-121.045418,38.95702599999999],[-121.045084,38.95708799999999],[-121.044929,38.957136999999996],[-121.04466000000001,38.957272],[-121.04453300000002,38.95732999999999],[-121.04451599999997,38.95733899999999],[-121.04436799999999,38.957396],[-121.04420599999999,38.957438],[-121.044036,38.957455],[-121.04368999999996,38.957466000000004],[-121.04350900000001,38.957466000000004],[-121.04332999999998,38.95745699999999],[-121.043154,38.957434],[-121.042977,38.95740399999999],[-121.04264100000002,38.957317],[-121.042476,38.957281999999985],[-121.042307,38.95726299999999],[-121.04213,38.957252000000004],[-121.04189400000001,38.957247],[-121.04143799999999,38.957235999999995],[-121.04136600000001,38.957232],[-121.04125199999997,38.957226],[-121.04107599999998,38.957204],[-121.04090199999999,38.95717499999999],[-121.04083,38.957166],[-121.04077,38.957158],[-121.04058999999997,38.957136999999996],[-121.04056700000001,38.957134999999994],[-121.04053100000002,38.957131999999994],[-121.04037,38.957115],[-121.040022,38.957092],[-121.039684,38.957071],[-121.039209,38.957035000000005],[-121.039053,38.957029],[-121.03875,38.95700099999999],[-121.03849500000001,38.95699199999999],[-121.03802400000001,38.956978],[-121.03798599999998,38.956976],[-121.03789599999998,38.95697200000001],[-121.037626,38.956959999999995],[-121.03753700000001,38.956957],[-121.03731299999997,38.956957],[-121.037187,38.956964],[-121.037047,38.956978],[-121.03689800000001,38.956998],[-121.036839,38.957008],[-121.036744,38.957027000000004],[-121.036587,38.957068],[-121.03643000000001,38.957122],[-121.03627600000002,38.957189],[-121.036124,38.957266999999995],[-121.035212,38.957781],[-121.03495899999997,38.957923],[-121.03435,38.958268999999994],[-121.034272,38.958203],[-121.03402599999997,38.957964],[-121.03394699999998,38.95788700000001],[-121.03385199999997,38.957794],[-121.033569,38.957515],[-121.03347499999998,38.95742299999999],[-121.033784,38.95723],[-121.03405799999999,38.957058],[-121.03540000000001,38.95621899999999],[-121.03580199999996,38.955957],[-121.03589100000002,38.9559],[-121.036133,38.955737],[-121.03637,38.95556899999999],[-121.036833,38.955224],[-121.03688800000002,38.955178999999994],[-121.03727399999998,38.95487],[-121.03769399999997,38.95450699999999],[-121.038094,38.954137],[-121.03834299999997,38.953889999999994],[-121.038475,38.95376],[-121.038659,38.953567],[-121.03879,38.953419999999994],[-121.03901199999996,38.953173],[-121.03956699999998,38.952521000000004],[-121.04060899999999,38.951301],[-121.04097300000001,38.950869],[-121.04115999999999,38.950652],[-121.041261,38.950521],[-121.041799,38.94990299999999],[-121.041883,38.94980999999999],[-121.042361,38.94928899999999],[-121.04269200000002,38.948938999999996],[-121.042747,38.948881],[-121.04279099999997,38.948835],[-121.043093,38.94852899999999],[-121.04319400000001,38.948426999999995],[-121.04326400000001,38.94835500000001],[-121.04334399999999,38.948274999999995],[-121.04347600000001,38.948144000000006],[-121.04354699999998,38.94807399999999],[-121.04408600000001,38.94753299999999],[-121.045703,38.945911],[-121.04597099999998,38.945644],[-121.04625000000001,38.94537799999999],[-121.04637399999999,38.945459],[-121.04674600000001,38.945702],[-121.04683899999999,38.945762],[-121.046871,38.94578299999999],[-121.046969,38.945854],[-121.047264,38.946068],[-121.047362,38.94614099999999],[-121.047621,38.946337],[-121.04801099999997,38.946631],[-121.04828399999995,38.946822],[-121.04841500000002,38.946903999999996],[-121.04843599999998,38.94691699999999],[-121.048597,38.947010999999996],[-121.048699,38.94706500000001],[-121.04872800000001,38.94708],[-121.048769,38.947102],[-121.048816,38.94712400000001],[-121.048846,38.947138],[-121.048954,38.947189],[-121.04915,38.94727399999999],[-121.049357,38.947354],[-121.049573,38.947421999999996],[-121.04963999999998,38.94743799999999],[-121.049804,38.947478],[-121.050041,38.94752499999999],[-121.050284,38.947561],[-121.050533,38.947587],[-121.050786,38.947604],[-121.05103999999997,38.947610999999995],[-121.05129500000001,38.947608],[-121.051552,38.947596999999995],[-121.05180599999997,38.947571999999994],[-121.05206000000001,38.947536],[-121.052173,38.94751399999999],[-121.05231199999999,38.947488],[-121.05256,38.947428],[-121.05280800000001,38.94735599999999],[-121.05299099999999,38.947284999999994],[-121.05328,38.947169],[-121.05351199999997,38.947067],[-121.053981,38.94686399999999],[-121.05468100000002,38.946568],[-121.055071,38.946399],[-121.05559099999999,38.94617499999999],[-121.056054,38.94599000000001],[-121.056523,38.945817000000005],[-121.05668700000001,38.945761],[-121.05676199999998,38.94573599999999],[-121.057252,38.945592],[-121.05750000000002,38.945527999999996],[-121.05799600000002,38.94541400000001],[-121.058247,38.94536399999999],[-121.05873899999997,38.945285],[-121.05897899999998,38.94525299999999],[-121.059027,38.945246999999995],[-121.059214,38.945227],[-121.05967499999998,38.94518899999999],[-121.060141,38.94515599999999],[-121.06131099999999,38.945074999999996],[-121.06132300000002,38.94507300000001],[-121.06136199999999,38.945071],[-121.061375,38.94507],[-121.062051,38.94501600000001],[-121.06291499999998,38.944949],[-121.06338200000002,38.944904],[-121.063616,38.944877],[-121.063852,38.944844999999994],[-121.064075,38.944810000000004],[-121.06408800000001,38.944808],[-121.06432600000001,38.944766],[-121.06474099999997,38.944681],[-121.065045,38.944611],[-121.065285,38.94454499999999],[-121.06576,38.944399],[-121.06646699999997,38.944166],[-121.068356,38.94351999999999],[-121.06876299999999,38.94338499999999],[-121.069093,38.943276],[-121.06959699999999,38.943118],[-121.06977099999999,38.94306799999999],[-121.06985499999999,38.943044],[-121.07011499999997,38.942976],[-121.070217,38.942950999999994],[-121.07037800000002,38.942913],[-121.070911,38.942802],[-121.07118099999997,38.942754],[-121.07145099999998,38.942711],[-121.07164900000001,38.942685999999995],[-121.071722,38.942677],[-121.071992,38.94264999999999],[-121.072527,38.94260899999999],[-121.07305399999997,38.94258099999999],[-121.07706,38.942392],[-121.077394,38.94237499999999],[-121.07814900000001,38.942337],[-121.07931000000002,38.942263999999994],[-121.07932600000001,38.941932],[-121.07933799999998,38.94187199999999],[-121.07944199999999,38.941512],[-121.07961000000002,38.941109999999995],[-121.07965500000002,38.94099500000001],[-121.07977900000002,38.940687],[-121.07987299999998,38.94045499999999],[-121.080075,38.939964],[-121.08015999999998,38.93976],[-121.080193,38.93968499999999],[-121.080275,38.939538000000006],[-121.08030499999998,38.939493],[-121.080359,38.939415999999994],[-121.08040300000002,38.939362],[-121.08043900000001,38.939321],[-121.08034799999997,38.93927099999999],[-121.080306,38.939248],[-121.08011499999999,38.93906799999999],[-121.08003999999998,38.93899799999999],[-121.08000200000001,38.938962000000004],[-121.079891,38.93885699999999],[-121.07985400000001,38.938822],[-121.07987800000001,38.938815999999996],[-121.07995300000002,38.93879999999999],[-121.07997899999997,38.93879499999999],[-121.08018200000001,38.938737999999994],[-121.080656,38.938576],[-121.08116200000002,38.938354],[-121.08152199999999,38.938172],[-121.08191299999999,38.937957],[-121.08229400000002,38.937705],[-121.08259499999998,38.93746],[-121.08308700000002,38.93711099999999],[-121.08499899999997,38.935650999999986],[-121.08645000000001,38.93455000000001],[-121.086771,38.93431799999999],[-121.08702299999999,38.93412699999999],[-121.08778199999998,38.933555999999996],[-121.08803500000002,38.93336599999999],[-121.08847399999999,38.933021],[-121.08875000000002,38.93280500000001],[-121.08908299999999,38.932519],[-121.089362,38.93224099999999],[-121.08957999999997,38.931957999999995],[-121.089653,38.93184599999999],[-121.089961,38.93138],[-121.08985500000001,38.931256],[-121.08974700000002,38.931125],[-121.08911600000002,38.930353],[-121.08894000000001,38.930138],[-121.088906,38.93009599999999],[-121.088853,38.93003199999999],[-121.08869699999997,38.92983999999999],[-121.08864499999999,38.929777],[-121.08837399999999,38.929449],[-121.08756099999998,38.928464999999996],[-121.08729,38.92813799999999],[-121.08725599999997,38.928096999999994],[-121.087154,38.927976],[-121.08711999999998,38.927935999999995],[-121.087013,38.927809],[-121.086692,38.927428],[-121.08658499999999,38.92730099999999]]],"type":"Polygon"}},{"type":"Feature","id":3,"properties":{"DISTRICT":3,"POPULATION":17412},"geometry":{"coordinates":[[[-120.887924,38.959732],[-120.88796500000001,38.959693],[-120.88852799999997,38.95948400000001],[-120.88974800000001,38.95937399999999],[-120.89021399999999,38.959365000000005],[-120.89047799999997,38.959364],[-120.891359,38.95899099999999],[-120.894192,38.95747499999999],[-120.895332,38.956327],[-120.89633699999997,38.955607],[-120.897725,38.95473899999999],[-120.89815299999998,38.95449299999999],[-120.898895,38.953865],[-120.89905599999999,38.953678],[-120.89942799999999,38.953244999999995],[-120.89963200000001,38.952876999999994],[-120.89996299999999,38.95272899999999],[-120.900357,38.95268],[-120.90115100000001,38.952642],[-120.90196,38.95267499999999],[-120.90231899999996,38.952851],[-120.90291699999997,38.953199999999995],[-120.903743,38.953395],[-120.90471500000001,38.953532],[-120.90547799999999,38.953844],[-120.90554199999997,38.95386],[-120.90593400000002,38.953897999999995],[-120.907821,38.954102999999996],[-120.909587,38.954461],[-120.910595,38.954637],[-120.91268499999997,38.954928],[-120.913874,38.955207],[-120.914421,38.95543899999999],[-120.915121,38.955836999999995],[-120.91546,38.955965],[-120.91588900000002,38.956174000000004],[-120.916804,38.956954],[-120.91723200000001,38.95720500000001],[-120.918632,38.957784999999994],[-120.92006400000001,38.958397],[-120.92130699999998,38.95917899999999],[-120.92161899999999,38.959497999999996],[-120.921509,38.95954],[-120.922148,38.96021199999999],[-120.922795,38.960707000000006],[-120.92319,38.960899999999995],[-120.923701,38.96103399999999],[-120.92409899999998,38.961197],[-120.926304,38.96182],[-120.92859900000002,38.962111],[-120.92911000000001,38.962141],[-120.92917699999997,38.962131],[-120.930423,38.962115],[-120.931219,38.962025],[-120.93203699999997,38.962025999999994],[-120.93247299999999,38.962058],[-120.932603,38.96211299999999],[-120.93298699999998,38.962244],[-120.93337100000001,38.96253699999999],[-120.93357200000001,38.962991],[-120.93403499999998,38.96338999999999],[-120.93465299999998,38.963791],[-120.93529100000002,38.963962],[-120.93621000000002,38.963927],[-120.937269,38.963684],[-120.93823,38.963299],[-120.93900300000001,38.962894999999996],[-120.939533,38.96264],[-120.93965499999997,38.96256],[-120.94000299999999,38.96253999999999],[-120.94012999999998,38.962447999999995],[-120.940281,38.96233899999999],[-120.94047799999998,38.961806],[-120.94056499999998,38.960978],[-120.940569,38.959861999999994],[-120.94055,38.959821999999996],[-120.940062,38.958839999999995],[-120.93968,38.958507000000004],[-120.93892199999999,38.957982],[-120.938415,38.95736999999999],[-120.93837099999998,38.95721999999999],[-120.938202,38.95664],[-120.93815399999998,38.956089999999996],[-120.93805299999997,38.955055],[-120.938002,38.954104],[-120.93800999999998,38.95335],[-120.938036,38.952469],[-120.93803900000002,38.951916999999995],[-120.93800099999999,38.951426],[-120.93797900000001,38.950371999999994],[-120.937952,38.949942],[-120.93775699999999,38.948302999999996],[-120.93767299999999,38.946697],[-120.93779499999997,38.945539],[-120.937783,38.94513799999999],[-120.93776200000002,38.944409],[-120.93787699999999,38.944084],[-120.938176,38.943572999999994],[-120.93826400000002,38.943022000000006],[-120.938299,38.942502000000005],[-120.938318,38.942415],[-120.93833600000002,38.94179199999999],[-120.93834699999996,38.94072400000001],[-120.93842099999998,38.940113000000004],[-120.938443,38.93993799999999],[-120.93857700000001,38.93892899999999],[-120.93847,38.938114],[-120.938377,38.93748399999999],[-120.93827000000002,38.93643399999999],[-120.93830099999998,38.935826],[-120.93857,38.935565],[-120.939328,38.935395],[-120.94054100000001,38.93529300000001],[-120.94103899999998,38.935343],[-120.94195100000002,38.935436],[-120.94270800000001,38.93548],[-120.943037,38.935532],[-120.94339999999997,38.935671],[-120.943846,38.935873],[-120.944482,38.936262000000006],[-120.945009,38.937054],[-120.94576100000002,38.937312],[-120.946394,38.937509],[-120.94675000000001,38.937621],[-120.947525,38.937977],[-120.948346,38.938323999999994],[-120.94918200000001,38.938599],[-120.94980399999997,38.938712],[-120.95158000000002,38.93884599999999],[-120.95253800000002,38.938781],[-120.95419000000001,38.938686999999994],[-120.956195,38.93860999999999],[-120.95663699999999,38.938689],[-120.95707,38.93881999999999],[-120.957302,38.938889999999994],[-120.95776699999998,38.939108],[-120.958052,38.939005],[-120.95903799999999,38.938159],[-120.959436,38.937506],[-120.95966299999999,38.937034999999995],[-120.95974100000001,38.93689899999999],[-120.95978599999998,38.936822],[-120.959956,38.936616],[-120.96004500000001,38.936549],[-120.96017000000002,38.936456],[-120.961058,38.936052],[-120.96144,38.935798000000005],[-120.96149199999998,38.935764],[-120.96201999999998,38.93517],[-120.962673,38.934302],[-120.96300699999999,38.934051999999994],[-120.96333800000001,38.933935],[-120.963721,38.93378899999999],[-120.96410999999998,38.933479000000005],[-120.964553,38.933098],[-120.96464399999999,38.93305699999999],[-120.96514900000001,38.932832],[-120.965994,38.932581],[-120.96714800000001,38.93248899999999],[-120.96816099999998,38.93261499999999],[-120.968198,38.93262],[-120.96879899999999,38.932671],[-120.969318,38.932803],[-120.969928,38.933018],[-120.97042299999997,38.93308799999999],[-120.970699,38.93306199999999],[-120.971067,38.93297599999999],[-120.97127999999998,38.932857000000006],[-120.97186199999999,38.932652999999995],[-120.972785,38.931943000000004],[-120.97367399999997,38.931048999999994],[-120.973902,38.93090000000001],[-120.974241,38.93068],[-120.974695,38.930361000000005],[-120.975833,38.929921],[-120.976124,38.929834],[-120.97657899999996,38.929484],[-120.97726599999999,38.92925],[-120.97844600000002,38.92910599999999],[-120.97917000000001,38.92901799999999],[-120.98034100000001,38.92881299999999],[-120.98263499999997,38.928892999999995],[-120.98406999999997,38.929050999999994],[-120.984981,38.92879099999999],[-120.986608,38.92808099999999],[-120.98665,38.928063],[-120.987248,38.927991999999996],[-120.988437,38.928043],[-120.98890900000002,38.92803099999999],[-120.989383,38.92793699999999],[-120.98962400000002,38.927840999999994],[-120.99015000000001,38.927633],[-120.99033899999999,38.92753],[-120.990569,38.927407],[-120.99077499999999,38.92729599999999],[-120.99104299999998,38.927055],[-120.991266,38.927049],[-120.99168,38.92723],[-120.991968,38.927225],[-120.99209800000001,38.926798],[-120.99198899999999,38.92601899999999],[-120.99190599999999,38.92572299999999],[-120.99182199999998,38.925423],[-120.99151699999997,38.924640999999994],[-120.991088,38.924091999999995],[-120.99115599999998,38.923628],[-120.99195399999999,38.92297200000001],[-120.99260000000001,38.92254899999999],[-120.992896,38.92250799999999],[-120.99333999999998,38.92251499999999],[-120.99368999999997,38.92242399999999],[-120.99412800000002,38.922241],[-120.99477600000002,38.921803000000004],[-120.99536800000001,38.921592],[-120.99656399999998,38.9214],[-120.997026,38.921124],[-120.99731900000002,38.920809],[-120.99750500000002,38.92061199999999],[-120.997844,38.92005],[-120.99803,38.919509],[-120.99829899999997,38.918946],[-120.998822,38.918624],[-120.99912499999998,38.918429999999994],[-120.99934400000001,38.918288999999994],[-120.999542,38.91816300000001],[-121.00006400000001,38.918001],[-121.00024400000001,38.91794600000001],[-121.000315,38.917933],[-121.000461,38.917907],[-121.00081200000001,38.917846],[-121.00090299999997,38.917841],[-121.00105199999999,38.91783499999998],[-121.001067,38.91783699999999],[-121.001114,38.917843],[-121.00112999999999,38.917846],[-121.001371,38.91788199999999],[-121.002026,38.917987],[-121.002792,38.91827299999999],[-121.00326,38.918583],[-121.003326,38.918627],[-121.003936,38.919362],[-121.00453400000002,38.91986399999999],[-121.00488299999998,38.920111999999996],[-121.00512599999999,38.92020599999999],[-121.005443,38.920149],[-121.00590100000001,38.919958999999984],[-121.006413,38.919686],[-121.00647099999996,38.919464],[-121.00641700000001,38.919011],[-121.00647099999996,38.918725],[-121.00662299999999,38.91841399999999],[-121.00682599999998,38.918117999999986],[-121.00713200000001,38.917855],[-121.007598,38.917782],[-121.00792599999997,38.917697999999994],[-121.00798699999999,38.917687],[-121.00811099999999,38.91766599999999],[-121.00867599999998,38.917522999999996],[-121.00918499999999,38.917335],[-121.00976200000001,38.917103],[-121.00996999999998,38.917039],[-121.010165,38.91702],[-121.01044699999997,38.91696699999999],[-121.01155400000002,38.916717],[-121.011697,38.916693],[-121.01195100000001,38.916652],[-121.01235000000001,38.91664600000001],[-121.012906,38.916816],[-121.01413300000002,38.917418999999995],[-121.014682,38.917643],[-121.014844,38.917677],[-121.01496400000002,38.91771099999999],[-121.015384,38.917829999999995],[-121.01615499999997,38.917935],[-121.016429,38.91797300000001],[-121.017257,38.918041],[-121.017711,38.91812],[-121.018401,38.91823899999999],[-121.01892800000002,38.91823899999999],[-121.019767,38.918115],[-121.02183100000002,38.917778],[-121.022157,38.91768],[-121.02272300000001,38.917511],[-121.02349799999999,38.91723399999999],[-121.02402900000001,38.916473],[-121.025001,38.91531199999999],[-121.02537199999998,38.91503599999999],[-121.02644499999997,38.91479499999999],[-121.027894,38.91438999999999],[-121.028571,38.914227],[-121.029265,38.91401],[-121.03015399999998,38.91374299999999],[-121.03075,38.91353],[-121.03111699999997,38.91341899999999],[-121.032399,38.913239999999995],[-121.033004,38.91303099999999],[-121.033438,38.912867999999996],[-121.033783,38.912816],[-121.03409600000002,38.912883],[-121.03422300000001,38.91299],[-121.034684,38.913380999999994],[-121.03484,38.91342900000001],[-121.03515000000002,38.913419999999995],[-121.03548600000002,38.913475],[-121.035837,38.913619999999995],[-121.03616000000001,38.91375999999999],[-121.03634399999997,38.91392799999999],[-121.03689800000001,38.914842],[-121.037502,38.91568899999999],[-121.037926,38.915600000000005],[-121.03811999999999,38.915600000000005],[-121.038644,38.915602],[-121.03948299999999,38.915783],[-121.03993499999997,38.91586],[-121.039973,38.915842],[-121.040406,38.91565099999999],[-121.04051099999998,38.915538],[-121.04056,38.915608],[-121.040571,38.915623999999994],[-121.04060899999999,38.915678],[-121.040752,38.91588399999999],[-121.04081300000001,38.915971],[-121.040958,38.915905],[-121.04104099999999,38.91586199999999],[-121.041221,38.91575699999999],[-121.04131500000001,38.91568899999999],[-121.04140399999999,38.915608],[-121.04148900000001,38.915515],[-121.04157099999998,38.915413],[-121.04164799999998,38.915304],[-121.04172299999999,38.915188],[-121.04194500000001,38.914818999999994],[-121.04209299999998,38.914563],[-121.042331,38.914178],[-121.04240100000001,38.914044],[-121.04255399999998,38.913782],[-121.042613,38.91364999999999],[-121.042646,38.913512999999995],[-121.04266899999999,38.913228],[-121.04269900000001,38.913084999999995],[-121.042836,38.912671999999986],[-121.042871,38.912533],[-121.04289899999999,38.912395],[-121.04293800000002,38.91226399999999],[-121.04295099999996,38.91223999999999],[-121.043006,38.912147],[-121.04319400000001,38.91195599999999],[-121.04326900000001,38.911857],[-121.043316,38.91174899999999],[-121.04336200000002,38.911515],[-121.0434,38.911393999999994],[-121.04346499999998,38.911280999999995],[-121.043637,38.911069999999995],[-121.04383300000002,38.910863000000006],[-121.04405099999997,38.91065999999999],[-121.04428700000001,38.91046099999999],[-121.04453300000002,38.910261999999996],[-121.04466299999997,38.91016799999999],[-121.044802,38.910082],[-121.045078,38.909926999999996],[-121.04518899999998,38.909842],[-121.045265,38.909743],[-121.04529900000001,38.909634999999994],[-121.04529599999998,38.909523],[-121.04527,38.90941099999999],[-121.04522,38.90929899999999],[-121.04516299999999,38.909188],[-121.045126,38.90907299999999],[-121.045123,38.908956999999994],[-121.04516399999999,38.908852],[-121.04524799999996,38.908770999999994],[-121.04536,38.908717],[-121.04548299999998,38.908675],[-121.04560799999999,38.908626999999996],[-121.04586600000002,38.908504],[-121.04613199999997,38.90835899999999],[-121.04626299999998,38.908275999999994],[-121.047077,38.90770299999999],[-121.047351,38.907511],[-121.047495,38.907433],[-121.04764900000002,38.907382],[-121.04780999999997,38.90735599999999],[-121.04814299999998,38.907332],[-121.048307,38.907332],[-121.048469,38.907344],[-121.04861100000001,38.90739899999999],[-121.04884699999997,38.907538],[-121.048972,38.907594],[-121.04911099999997,38.907638],[-121.04925599999999,38.90766599999999],[-121.049401,38.907707],[-121.04953800000001,38.90777],[-121.049652,38.907852],[-121.04975799999998,38.90794],[-121.04982099999998,38.90803900000001],[-121.049878,38.90822399999999],[-121.04989499999999,38.908322999999996],[-121.04995000000001,38.90838200000001],[-121.050025,38.908418],[-121.05011,38.908424],[-121.050192,38.90839999999999],[-121.050282,38.908337],[-121.05035100000002,38.908266999999995],[-121.05041199999998,38.908178],[-121.05046300000001,38.908083],[-121.05049200000002,38.907973999999996],[-121.05050899999998,38.907859],[-121.05056499999999,38.907756],[-121.05066099999999,38.907681],[-121.05078099999999,38.907645],[-121.05091099999999,38.907636],[-121.051049,38.907644],[-121.05119300000001,38.907658],[-121.051488,38.907707],[-121.051627,38.907725],[-121.051759,38.90772100000001],[-121.051885,38.90768899999999],[-121.05200300000001,38.90762999999999],[-121.05211799999998,38.907554],[-121.052471,38.907309999999995],[-121.05256499999997,38.90722499999999],[-121.05260399999999,38.907157000000005],[-121.052625,38.907123],[-121.05265200000001,38.907016999999996],[-121.052665,38.906907999999994],[-121.05269599999997,38.906803999999994],[-121.05276300000001,38.906718999999995],[-121.052945,38.906573],[-121.053022,38.906484],[-121.05308400000001,38.90638],[-121.053133,38.90626399999999],[-121.053313,38.905764],[-121.053364,38.905646],[-121.053436,38.90554],[-121.05353400000001,38.90544599999999],[-121.05365199999997,38.905359999999995],[-121.05391600000002,38.90518899999999],[-121.054193,38.905002],[-121.05432100000002,38.904897],[-121.054443,38.904782],[-121.054544,38.90465499999999],[-121.05462400000002,38.904515],[-121.054685,38.904368999999996],[-121.05478400000001,38.904053000000005],[-121.054852,38.903896],[-121.054947,38.90374799999999],[-121.05506200000002,38.90361699999999],[-121.055311,38.903354],[-121.05538,38.903265],[-121.05542000000001,38.903216],[-121.05551600000001,38.903074],[-121.055593,38.90292399999999],[-121.055796,38.90247299999999],[-121.05591600000001,38.902184],[-121.055964,38.90204299999999],[-121.05597599999997,38.90198],[-121.055991,38.90190599999999],[-121.05598099999999,38.901771999999994],[-121.05590300000001,38.90151999999999],[-121.055894,38.9014],[-121.055929,38.901276],[-121.055998,38.901179],[-121.05609600000001,38.90107499999999],[-121.056209,38.90096900000001],[-121.056388,38.900808],[-121.056461,38.900744],[-121.056538,38.90067],[-121.056584,38.90062699999999],[-121.05669300000001,38.90050299999999],[-121.05678600000002,38.900376],[-121.05689,38.90024],[-121.05712399999997,38.89999999999999],[-121.05721000000001,38.899944],[-121.05737500000001,38.89991899999999],[-121.05752,38.89990499999999],[-121.05776299999998,38.89993799999999],[-121.05826000000002,38.900137],[-121.05858100000002,38.900258],[-121.058667,38.900243999999994],[-121.058706,38.900239],[-121.058943,38.900245999999996],[-121.05911999999998,38.90030900000001],[-121.05929499999999,38.90046900000001],[-121.05941299999999,38.900517],[-121.059492,38.900521],[-121.05973499999998,38.900535],[-121.05979599999998,38.90055699999999],[-121.059931,38.900608],[-121.06056899999999,38.90105899999999],[-121.06082199999997,38.90123799999999],[-121.06096800000002,38.90134100000001],[-121.06105200000002,38.90147999999999],[-121.061061,38.901695],[-121.060984,38.90189399999999],[-121.060972,38.901928],[-121.060985,38.902019],[-121.06103599999997,38.90214799999999],[-121.061342,38.902397],[-121.06145800000002,38.902578],[-121.06148899999998,38.902743],[-121.061453,38.902994],[-121.06149000000002,38.903169],[-121.06157399999996,38.903242],[-121.061916,38.903375],[-121.062187,38.903445],[-121.062258,38.90346499999999],[-121.06239099999999,38.903504999999996],[-121.062593,38.903575000000004],[-121.06276700000001,38.903642],[-121.06296299999998,38.903699],[-121.06299,38.90370099999999],[-121.063082,38.90370999999999],[-121.063231,38.903713],[-121.06341900000001,38.903724],[-121.06355699999997,38.903744],[-121.06363199999998,38.903756],[-121.063814,38.903789],[-121.06392200000002,38.903801],[-121.064152,38.903792],[-121.06434000000002,38.903777],[-121.06443399999998,38.90377399999999],[-121.064491,38.90377800000001],[-121.06459600000001,38.903803],[-121.06464300000002,38.903827],[-121.06471099999997,38.90389199999999],[-121.064777,38.90400799999999],[-121.06483799999997,38.904104],[-121.064891,38.90416],[-121.064966,38.904207],[-121.06504200000002,38.904231],[-121.065064,38.90423299999999],[-121.06512400000001,38.904239999999994],[-121.065201,38.904235],[-121.065309,38.9042],[-121.06539499999998,38.904159],[-121.06561000000002,38.90409699999999],[-121.065723,38.904053000000005],[-121.06606400000001,38.903923],[-121.06617800000001,38.903881],[-121.066233,38.904025],[-121.066402,38.904457],[-121.066458,38.904601],[-121.066777,38.905386],[-121.066956,38.90576999999999],[-121.06697100000001,38.905799999999985],[-121.06730400000001,38.90642100000001],[-121.067836,38.907364],[-121.06809299999999,38.907784],[-121.06818700000001,38.907938],[-121.06842600000002,38.908349],[-121.068578,38.908666999999994],[-121.06867299999998,38.908955],[-121.06872199999998,38.909138],[-121.06878700000001,38.909381],[-121.06882699999997,38.909778],[-121.068795,38.910152],[-121.06932199999997,38.909762],[-121.069762,38.90943699999999],[-121.069987,38.909246],[-121.07021199999997,38.90903800000001],[-121.070401,38.90883099999999],[-121.070602,38.908575],[-121.070803,38.908264],[-121.07093699999997,38.90801799999999],[-121.071023,38.907812],[-121.071136,38.907478],[-121.07120799999997,38.90717599999999],[-121.07125100000002,38.906867999999996],[-121.071253,38.906797],[-121.071259,38.906492],[-121.07121299999999,38.90578599999999],[-121.07117899999999,38.905274999999996],[-121.07117899999999,38.905057],[-121.07119,38.904796999999995],[-121.071212,38.904604],[-121.07126499999997,38.904304999999994],[-121.07129799999997,38.904174],[-121.07146200000001,38.903682999999994],[-121.071531,38.903478],[-121.07157900000001,38.903372],[-121.07182499999999,38.90339],[-121.07192100000002,38.903396],[-121.07200799999998,38.90340299999999],[-121.072212,38.90341699999998],[-121.07230899999999,38.903423999999994],[-121.07249899999998,38.903437999999994],[-121.07261999999997,38.90344799999999],[-121.07297599999998,38.903482999999994],[-121.07306800000002,38.903494],[-121.073153,38.903504999999996],[-121.073257,38.903522],[-121.07346500000001,38.90355699999999],[-121.07405299999999,38.90365799999999],[-121.07409099999997,38.903665999999994],[-121.07429799999997,38.903713],[-121.074406,38.90375],[-121.07453,38.903794],[-121.074728,38.90387400000001],[-121.07483699999999,38.90391],[-121.075007,38.903954000000006],[-121.07517099999998,38.903978],[-121.075325,38.903988],[-121.075503,38.90398499999999],[-121.07567200000001,38.90397599999999],[-121.07580699999998,38.903968],[-121.07603799999998,38.903955],[-121.07621499999999,38.903957],[-121.07635199999997,38.903959],[-121.076409,38.90430899999999],[-121.076427,38.904413999999996],[-121.076518,38.905254],[-121.07653500000002,38.905367999999996],[-121.07658899999997,38.90572],[-121.07667,38.906253],[-121.076841,38.90738],[-121.07691599999997,38.907854],[-121.076931,38.907942999999996],[-121.07699600000001,38.908387999999995],[-121.07705500000002,38.908759],[-121.077059,38.908792],[-121.077126,38.90924999999999],[-121.07719,38.909642999999996],[-121.07724399999996,38.91000699999999],[-121.07730599999998,38.910413],[-121.077451,38.91136899999999],[-121.07750899999999,38.91174800000001],[-121.07762900000002,38.912513],[-121.077679,38.91278],[-121.07774499999996,38.91304099999999],[-121.077818,38.91327799999999],[-121.07791299999997,38.913529],[-121.078069,38.91386799999999],[-121.078201,38.91411099999999],[-121.07822099999998,38.914142],[-121.07843199999998,38.914468],[-121.078765,38.91494300000001],[-121.079259,38.91564799999999],[-121.079834,38.916468],[-121.080148,38.916923999999995],[-121.080443,38.917364],[-121.08049399999997,38.91749099999999],[-121.080604,38.917759],[-121.080642,38.91782],[-121.08096200000001,38.918341],[-121.081089,38.918557],[-121.081108,38.91859],[-121.08116699999998,38.91869],[-121.08118700000001,38.91872399999999],[-121.08121699999998,38.918777999999996],[-121.081309,38.91894],[-121.08134000000001,38.918995],[-121.08143700000001,38.919166],[-121.08150399999997,38.919285],[-121.081718,38.919686],[-121.08181199999997,38.91985999999999],[-121.08185199999997,38.919939],[-121.08197199999996,38.920176],[-121.08201299999998,38.92025600000001],[-121.082032,38.92029399999999],[-121.082091,38.92040899999999],[-121.082111,38.92044799999999],[-121.082279,38.920796],[-121.08252099999997,38.921296],[-121.08278200000001,38.921844],[-121.08294900000001,38.922194],[-121.08300300000002,38.922306999999996],[-121.083166,38.922646],[-121.083221,38.92276],[-121.083275,38.922867],[-121.083385,38.923086],[-121.08343900000001,38.92318900000001],[-121.08349600000001,38.923296],[-121.08355499999999,38.92340600000001],[-121.08357,38.92343199999999],[-121.08364599999999,38.92356399999999],[-121.08378700000002,38.92379999999999],[-121.083831,38.923873],[-121.084026,38.924168],[-121.08428900000001,38.924535],[-121.084329,38.92459],[-121.08453,38.924846],[-121.084539,38.924857],[-121.08477499999998,38.92514700000001],[-121.084935,38.925332],[-121.08526099999999,38.925678999999995],[-121.08536699999998,38.925875],[-121.08639300000002,38.92718599999999],[-121.08658499999999,38.92730099999999],[-121.086692,38.927428],[-121.087013,38.927809],[-121.08711999999998,38.927935999999995],[-121.087154,38.927976],[-121.08725599999997,38.928096999999994],[-121.08729,38.92813799999999],[-121.08756099999998,38.928464999999996],[-121.08837399999999,38.929449],[-121.08864499999999,38.929777],[-121.08869699999997,38.92983999999999],[-121.088853,38.93003199999999],[-121.088906,38.93009599999999],[-121.08894000000001,38.930138],[-121.08911600000002,38.930353],[-121.08974700000002,38.931125],[-121.08985500000001,38.931256],[-121.089961,38.93138],[-121.089653,38.93184599999999],[-121.08957999999997,38.931957999999995],[-121.089362,38.93224099999999],[-121.08908299999999,38.932519],[-121.08875000000002,38.93280500000001],[-121.08847399999999,38.933021],[-121.08803500000002,38.93336599999999],[-121.08778199999998,38.933555999999996],[-121.08702299999999,38.93412699999999],[-121.086771,38.93431799999999],[-121.08645000000001,38.93455000000001],[-121.08499899999997,38.935650999999986],[-121.08308700000002,38.93711099999999],[-121.08259499999998,38.93746],[-121.08229400000002,38.937705],[-121.08191299999999,38.937957],[-121.08152199999999,38.938172],[-121.08116200000002,38.938354],[-121.080656,38.938576],[-121.08018200000001,38.938737999999994],[-121.07997899999997,38.93879499999999],[-121.07995300000002,38.93879999999999],[-121.07987800000001,38.938815999999996],[-121.07985400000001,38.938822],[-121.079891,38.93885699999999],[-121.08000200000001,38.938962000000004],[-121.08003999999998,38.93899799999999],[-121.08011499999999,38.93906799999999],[-121.080306,38.939248],[-121.08034799999997,38.93927099999999],[-121.08043900000001,38.939321],[-121.08040300000002,38.939362],[-121.080359,38.939415999999994],[-121.08030499999998,38.939493],[-121.080275,38.939538000000006],[-121.080193,38.93968499999999],[-121.08015999999998,38.93976],[-121.080075,38.939964],[-121.07987299999998,38.94045499999999],[-121.07977900000002,38.940687],[-121.07965500000002,38.94099500000001],[-121.07961000000002,38.941109999999995],[-121.07944199999999,38.941512],[-121.07933799999998,38.94187199999999],[-121.07932600000001,38.941932],[-121.07931000000002,38.942263999999994],[-121.07814900000001,38.942337],[-121.077394,38.94237499999999],[-121.07706,38.942392],[-121.07305399999997,38.94258099999999],[-121.072527,38.94260899999999],[-121.071992,38.94264999999999],[-121.071722,38.942677],[-121.07164900000001,38.942685999999995],[-121.07145099999998,38.942711],[-121.07118099999997,38.942754],[-121.070911,38.942802],[-121.07037800000002,38.942913],[-121.070217,38.942950999999994],[-121.07011499999997,38.942976],[-121.06985499999999,38.943044],[-121.06977099999999,38.94306799999999],[-121.06959699999999,38.943118],[-121.069093,38.943276],[-121.06876299999999,38.94338499999999],[-121.068356,38.94351999999999],[-121.06646699999997,38.944166],[-121.06576,38.944399],[-121.065285,38.94454499999999],[-121.065045,38.944611],[-121.06474099999997,38.944681],[-121.06432600000001,38.944766],[-121.06408800000001,38.944808],[-121.064075,38.944810000000004],[-121.063852,38.944844999999994],[-121.063616,38.944877],[-121.06338200000002,38.944904],[-121.06291499999998,38.944949],[-121.062051,38.94501600000001],[-121.061375,38.94507],[-121.06136199999999,38.945071],[-121.06132300000002,38.94507300000001],[-121.06131099999999,38.945074999999996],[-121.060141,38.94515599999999],[-121.05967499999998,38.94518899999999],[-121.059214,38.945227],[-121.059027,38.945246999999995],[-121.05897899999998,38.94525299999999],[-121.05873899999997,38.945285],[-121.058247,38.94536399999999],[-121.05799600000002,38.94541400000001],[-121.05750000000002,38.945527999999996],[-121.057252,38.945592],[-121.05676199999998,38.94573599999999],[-121.05668700000001,38.945761],[-121.056523,38.945817000000005],[-121.056054,38.94599000000001],[-121.05559099999999,38.94617499999999],[-121.055071,38.946399],[-121.05468100000002,38.946568],[-121.053981,38.94686399999999],[-121.05351199999997,38.947067],[-121.05328,38.947169],[-121.05299099999999,38.947284999999994],[-121.05280800000001,38.94735599999999],[-121.05256,38.947428],[-121.05231199999999,38.947488],[-121.052173,38.94751399999999],[-121.05206000000001,38.947536],[-121.05180599999997,38.947571999999994],[-121.051552,38.947596999999995],[-121.05129500000001,38.947608],[-121.05103999999997,38.947610999999995],[-121.050786,38.947604],[-121.050533,38.947587],[-121.050284,38.947561],[-121.050041,38.94752499999999],[-121.049804,38.947478],[-121.04963999999998,38.94743799999999],[-121.049573,38.947421999999996],[-121.049357,38.947354],[-121.04915,38.94727399999999],[-121.048954,38.947189],[-121.048846,38.947138],[-121.048816,38.94712400000001],[-121.048769,38.947102],[-121.04872800000001,38.94708],[-121.048699,38.94706500000001],[-121.048597,38.947010999999996],[-121.04843599999998,38.94691699999999],[-121.04841500000002,38.946903999999996],[-121.04828399999995,38.946822],[-121.04801099999997,38.946631],[-121.047621,38.946337],[-121.047362,38.94614099999999],[-121.047264,38.946068],[-121.046969,38.945854],[-121.046871,38.94578299999999],[-121.04683899999999,38.945762],[-121.04674600000001,38.945702],[-121.04637399999999,38.945459],[-121.04625000000001,38.94537799999999],[-121.04597099999998,38.945644],[-121.045703,38.945911],[-121.04408600000001,38.94753299999999],[-121.04354699999998,38.94807399999999],[-121.04347600000001,38.948144000000006],[-121.04334399999999,38.948274999999995],[-121.04326400000001,38.94835500000001],[-121.04319400000001,38.948426999999995],[-121.043093,38.94852899999999],[-121.04279099999997,38.948835],[-121.042747,38.948881],[-121.04269200000002,38.948938999999996],[-121.042361,38.94928899999999],[-121.041883,38.94980999999999],[-121.041799,38.94990299999999],[-121.041261,38.950521],[-121.04115999999999,38.950652],[-121.04097300000001,38.950869],[-121.04060899999999,38.951301],[-121.03956699999998,38.952521000000004],[-121.03901199999996,38.953173],[-121.03879,38.953419999999994],[-121.038659,38.953567],[-121.038475,38.95376],[-121.03834299999997,38.953889999999994],[-121.038094,38.954137],[-121.03769399999997,38.95450699999999],[-121.03727399999998,38.95487],[-121.03688800000002,38.955178999999994],[-121.036833,38.955224],[-121.03637,38.95556899999999],[-121.036133,38.955737],[-121.03589100000002,38.9559],[-121.03580199999996,38.955957],[-121.03540000000001,38.95621899999999],[-121.03405799999999,38.957058],[-121.033784,38.95723],[-121.03347499999998,38.95742299999999],[-121.033146,38.957618],[-121.032812,38.957825],[-121.030835,38.959051],[-121.03017699999997,38.95945999999999],[-121.02966899999997,38.959773],[-121.02890200000002,38.960251],[-121.02864,38.960416],[-121.027108,38.961364999999994],[-121.025079,38.96262399999999],[-121.024194,38.963174],[-121.023943,38.96333899999999],[-121.02380700000002,38.96342],[-121.023683,38.963494],[-121.02362699999999,38.963528],[-121.023094,38.963863],[-121.022917,38.96397499999999],[-121.022674,38.964144999999995],[-121.02244199999997,38.964324],[-121.022221,38.96450999999999],[-121.02201199999999,38.964703],[-121.02181600000002,38.964904999999995],[-121.02147099999999,38.965334],[-121.02131500000002,38.965554],[-121.02073499999999,38.96645],[-121.020308,38.96713],[-121.02012899999998,38.967325],[-121.019873,38.967695000000006],[-121.01979899999999,38.967783],[-121.01941199999999,38.968196],[-121.01864300000001,38.968963],[-121.017831,38.969809],[-121.017185,38.97047400000001],[-121.01677899999999,38.970908],[-121.016583,38.971129],[-121.016213,38.971584],[-121.01603599999999,38.971814],[-121.01536699999998,38.97274899999999],[-121.01370299999999,38.974995],[-121.00904100000001,38.981359000000005],[-121.00834,38.982297],[-121.007977,38.982756],[-121.00760000000001,38.983214999999994],[-121.00742000000001,38.983436],[-121.007038,38.983881],[-121.00699999999998,38.983923],[-121.00645000000002,38.98453500000001],[-121.005845,38.985173999999994],[-121.00517700000002,38.985865999999994],[-121.00166799999998,38.989506999999996],[-121.00128499999997,38.98990899999999],[-121.001105,38.99011399999999],[-121.00093400000002,38.990323999999994],[-121.000627,38.990761],[-121.00048400000001,38.99097799999999],[-120.99995899999999,38.991883],[-120.999702,38.992326999999996],[-120.99957999999997,38.99256],[-120.999321,38.99301],[-120.999186,38.99322600000001],[-120.99879399999999,38.9939],[-120.99867099999999,38.99413799999999],[-120.99863700000002,38.994197],[-120.99846399999998,38.99450000000001],[-120.99841200000002,38.994592],[-120.998162,38.995047],[-120.99814200000002,38.995087],[-120.998047,38.99527599999999],[-120.997976,38.995425],[-120.99789600000001,38.995596000000006],[-120.99783,38.995735999999994],[-120.99735299999999,38.99687500000001],[-120.997333,38.996922999999995],[-120.99708200000002,38.997555999999996],[-120.99671099999998,38.998461999999996],[-120.99614899999999,38.99982800000001],[-120.99605000000001,39.000051],[-120.99585499999998,39.000474],[-120.995844,39.000499],[-120.995733,39.00072],[-120.995615,39.00094],[-120.99549099999999,39.00115799999999],[-120.995231,39.00159299999999],[-120.99501099999999,39.001928],[-120.99494899999998,39.00202399999999],[-120.99464799999998,39.002448],[-120.99430699999999,39.00290199999999],[-120.99406800000001,39.003224],[-120.99396199999997,39.003365],[-120.99385499999998,39.003508],[-120.9937,39.00370199999999],[-120.99364,39.003783999999996],[-120.99353699999998,39.003928],[-120.99316799999998,39.00442000000001],[-120.99264799999999,39.00510299999999],[-120.99207999999999,39.00584],[-120.991634,39.00645299999999],[-120.99146299999997,39.006695],[-120.99131599999997,39.006892],[-120.990845,39.007521999999994],[-120.990565,39.00789999999999],[-120.99054100000001,39.007934],[-120.990409,39.008151999999995],[-120.99029,39.008374999999994],[-120.99018200000002,39.008599999999994],[-120.99008999999998,39.00882899999999],[-120.99000800000002,39.009061],[-120.98987299999999,39.00952099999999],[-120.98984100000001,39.009766],[-120.98981599999999,39.01000899999999],[-120.989799,39.010249],[-120.98980200000001,39.010495],[-120.989813,39.010735999999994],[-120.989845,39.011216000000005],[-120.98987,39.01151599999999],[-120.98988599999998,39.011697],[-120.98991899999999,39.012176999999994],[-120.98991899999999,39.012414],[-120.98991200000002,39.012654000000005],[-120.98990099999999,39.012770999999994],[-120.98988899999998,39.012893999999996],[-120.98985500000002,39.013133],[-120.98980499999998,39.01337199999999],[-120.98974400000002,39.013582],[-120.989737,39.013609],[-120.98968799999997,39.01374899999999],[-120.989656,39.01384399999999],[-120.989612,39.013949],[-120.98956099999998,39.01407499999999],[-120.98945000000002,39.014303],[-120.989328,39.014533],[-120.98903299999998,39.014971],[-120.988863,39.01518299999999],[-120.98868,39.015389],[-120.98848300000002,39.015586],[-120.98841400000002,39.015648],[-120.98827299999996,39.015777],[-120.98804999999997,39.015961],[-120.98781499999997,39.016138],[-120.98777,39.016168],[-120.98756400000002,39.016304],[-120.98741699999997,39.016392],[-120.98730399999998,39.016461],[-120.98703400000001,39.01660699999999],[-120.98675599999997,39.016741999999994],[-120.98629699999996,39.016955],[-120.986197,39.01700199999999],[-120.98591600000002,39.017125],[-120.98545700000001,39.017331000000006],[-120.98408099999999,39.017949],[-120.98397300000002,39.017998],[-120.983624,39.018159],[-120.983557,39.018189],[-120.983357,39.018281],[-120.983291,39.018311999999995],[-120.98316900000002,39.01836699999999],[-120.983147,39.018378],[-120.98280899999997,39.01853899999999],[-120.98268899999998,39.01859699999999],[-120.98259899999998,39.018641],[-120.98258100000001,39.01865],[-120.98233700000002,39.018786000000006],[-120.98227,39.018829],[-120.98216999999995,39.01889500000001],[-120.98208700000002,39.01894899999999],[-120.98207399999998,39.01895699999999],[-120.98184200000001,39.019118],[-120.981795,39.019153],[-120.981705,39.019222],[-120.981607,39.019296],[-120.981505,39.01937999999999],[-120.98138099999997,39.01948399999999],[-120.98133800000001,39.01952399999999],[-120.981169,39.01968099999999],[-120.98096999999997,39.01988599999999],[-120.980951,39.01990599999999],[-120.98078200000002,39.020095999999995],[-120.98057400000002,39.020337],[-120.980319,39.020634],[-120.980237,39.02073],[-120.98005999999997,39.020947],[-120.97995399999998,39.021065],[-120.979876,39.021154],[-120.979747,39.021307],[-120.979514,39.021582],[-120.979156,39.022016],[-120.97899299999999,39.022242999999996],[-120.97884300000001,39.022473],[-120.97871000000002,39.022709],[-120.978676,39.022774],[-120.97859100000001,39.022945],[-120.978487,39.02318600000001],[-120.97839800000001,39.023429],[-120.97832100000001,39.02367199999999],[-120.97782500000001,39.025377],[-120.97739500000002,39.026876],[-120.97710400000001,39.02786999999999],[-120.97707199999998,39.027994],[-120.97697700000002,39.028371],[-120.97681399999998,39.029121999999994],[-120.97671900000002,39.029621999999996],[-120.976686,39.029774],[-120.976665,39.02986800000001],[-120.97662300000002,39.030083],[-120.97650699999998,39.030696999999996],[-120.97644599999997,39.031014],[-120.97638699999999,39.031325],[-120.97637999999999,39.031364],[-120.97636599999998,39.031428999999996],[-120.97630299999999,39.031743],[-120.976283,39.031848000000004],[-120.97618099999997,39.032357],[-120.976156,39.03247999999999],[-120.976133,39.032596999999996],[-120.976073,39.03284],[-120.97600099999997,39.03307899999999],[-120.97592,39.033313],[-120.97581999999997,39.033539],[-120.975713,39.033767],[-120.975667,39.033849],[-120.97559100000001,39.033987],[-120.97545900000001,39.034202],[-120.975244,39.034501999999996],[-120.975197,39.03456599999999],[-120.97515799999996,39.034622],[-120.97505899999999,39.03475999999999],[-120.97501400000002,39.034825],[-120.974778,39.03515699999999],[-120.97442200000002,39.03566],[-120.97414699999999,39.03607100000001],[-120.97409399999997,39.036167],[-120.97391300000001,39.036501],[-120.973902,39.03652600000001],[-120.97381300000002,39.036716999999996],[-120.97372099999998,39.036938],[-120.97363600000001,39.037161999999995],[-120.97352099999999,39.037532],[-120.97349299999998,39.037626],[-120.97344399999999,39.037859],[-120.97340299999998,39.038096],[-120.97336899999996,39.038337999999996],[-120.973343,39.038582],[-120.97332700000001,39.038828],[-120.97332199999997,39.03907499999999],[-120.97332900000002,39.039323],[-120.97334800000002,39.039573],[-120.973382,39.039821],[-120.97342999999998,39.04006799999999],[-120.973488,39.04031400000001],[-120.97355500000002,39.040557],[-120.97359400000002,39.040683],[-120.97360399999998,39.040715999999996],[-120.97370299999997,39.041033000000006],[-120.973863,39.041508],[-120.97393,39.041744],[-120.97396699999999,39.041862],[-120.97399100000001,39.04193699999999],[-120.974053,39.04213699999999],[-120.97407799999998,39.042218],[-120.974122,39.04234000000001],[-120.974157,39.042465],[-120.97418199999998,39.042562999999994],[-120.97422499999998,39.042732],[-120.97426100000001,39.04296000000001],[-120.97427599999999,39.043189000000005],[-120.974284,39.043306],[-120.974292,39.043435],[-120.97429299999999,39.04368199999999],[-120.974284,39.04385],[-120.97427999999998,39.043925],[-120.97425500000001,39.044152],[-120.974247,39.04422799999999],[-120.97423600000002,39.04432],[-120.97421599999998,39.044425999999994],[-120.97417900000002,39.044594],[-120.97415499999997,39.044685],[-120.97409500000002,39.04469999999999],[-120.97398400000002,39.044713],[-120.973971,39.044714000000006],[-120.973908,39.044712],[-120.97383199999999,39.044709],[-120.97369600000002,39.044682],[-120.973568,39.044634],[-120.973452,39.044566],[-120.973359,39.04448299999999],[-120.97328499999996,39.044388999999995],[-120.973257,39.044282],[-120.97324500000002,39.044177],[-120.97326,39.044067999999996],[-120.97328200000001,39.043969],[-120.973388,39.043779],[-120.97342400000001,39.043724999999995],[-120.973499,39.04361399999999],[-120.97350900000002,39.043601],[-120.973539,39.043507],[-120.97361000000001,39.043375],[-120.973656,39.043288999999994],[-120.97372600000001,39.043123],[-120.973652,39.043088999999995],[-120.97362499999998,39.043085],[-120.97350900000002,39.043077999999994],[-120.973358,39.043057000000005],[-120.97331,39.043051],[-120.97323199999998,39.043043999999995],[-120.97336699999998,39.042614],[-120.973278,39.042596999999994],[-120.97284000000002,39.042581],[-120.972824,39.04258],[-120.972141,39.042562999999994],[-120.971902,39.04255],[-120.971654,39.04255],[-120.97152999999997,39.04254600000001],[-120.97129299999997,39.042556999999995],[-120.971191,39.042564],[-120.97106,39.042575],[-120.97094800000002,39.042596999999994],[-120.97074,39.042624],[-120.97065199999999,39.042632],[-120.97062499999998,39.04263300000001],[-120.97054799999998,39.042639],[-120.97052200000002,39.042641],[-120.97005200000001,39.041864],[-120.96952600000002,39.040936],[-120.96951399999999,39.04091499999999],[-120.96899799999996,39.03998],[-120.96808499999997,39.037727],[-120.96746399999998,39.036024],[-120.967251,39.035478999999995],[-120.96673,39.034142],[-120.966609,39.033617],[-120.96651200000001,39.033326],[-120.96650600000001,39.03318800000001],[-120.966478,39.032458999999996],[-120.966552,39.031862],[-120.96656300000001,39.031781],[-120.966659,39.031432],[-120.96662899999998,39.03142400000001],[-120.966618,39.031419],[-120.96656599999999,39.0314],[-120.966501,39.03136],[-120.966474,39.03133499999999],[-120.96644099999997,39.031306],[-120.96638599999999,39.03123600000001],[-120.966297,39.031123],[-120.966237,39.031071999999995],[-120.96616699999998,39.031035],[-120.96609099999999,39.03100799999999],[-120.96607600000002,39.03100399999999],[-120.96594799999997,39.03097399999999],[-120.965874,39.03095499999999],[-120.965847,39.030949],[-120.96577899999998,39.030923],[-120.96576799999997,39.030916],[-120.96571799999997,39.030879],[-120.965685,39.030821],[-120.96567499999998,39.030752],[-120.965676,39.03067500000001],[-120.965661,39.030583],[-120.96563399999997,39.03040200000001],[-120.965618,39.030315],[-120.96562799999997,39.030231],[-120.96566,39.030043],[-120.965717,39.02983699999999],[-120.965726,39.029737999999995],[-120.965708,39.029659],[-120.96570399999996,39.02949499999999],[-120.96570399999996,39.029469999999996],[-120.96568899999998,39.029377],[-120.96566,39.02928699999999],[-120.965615,39.029201],[-120.965586,39.029151999999996],[-120.96556499999998,39.029118000000004],[-120.96551199999999,39.02904199999999],[-120.965457,39.028944],[-120.965403,39.02888500000001],[-120.96536799999998,39.028815],[-120.96536299999997,39.028794],[-120.965352,39.028738999999995],[-120.965396,39.028586999999995],[-120.96544499999999,39.028516999999994],[-120.96550999999997,39.028461],[-120.96564099999998,39.02831],[-120.96569700000002,39.028228999999996],[-120.96573400000001,39.02814],[-120.96574600000001,39.028049],[-120.96573400000001,39.027918],[-120.96570899999999,39.027812],[-120.965673,39.027743],[-120.96565499999997,39.027662],[-120.96563,39.027549],[-120.965573,39.027365999999994],[-120.96553300000001,39.027256],[-120.96552100000001,39.027224000000004],[-120.96550799999999,39.02718899999999],[-120.96547399999997,39.027136],[-120.965456,39.027109],[-120.965403,39.027061999999994],[-120.96538999999997,39.02705],[-120.96529899999999,39.02700599999999],[-120.96521200000001,39.026977],[-120.965198,39.02697200000001],[-120.96514500000002,39.026959999999995],[-120.96509199999997,39.02694799999998],[-120.96498599999998,39.02693599999999],[-120.96487800000001,39.026932],[-120.964773,39.02693899999999],[-120.96466700000002,39.026959999999995],[-120.964574,39.026996],[-120.96448599999998,39.027044],[-120.964357,39.027133],[-120.964253,39.027204],[-120.96417899999999,39.02724899999999],[-120.964102,39.027282],[-120.964021,39.02729600000001],[-120.963944,39.027288000000006],[-120.96387899999998,39.02726500000001],[-120.96382400000002,39.027214],[-120.96379100000001,39.02716499999999],[-120.963784,39.02710799999999],[-120.963799,39.027048],[-120.96390599999998,39.02685],[-120.96391200000001,39.026782999999995],[-120.96389299999998,39.026715],[-120.96384,39.026656],[-120.96375500000002,39.026626],[-120.963634,39.026554999999995],[-120.963604,39.026525],[-120.96358799999997,39.026509],[-120.96356699999997,39.02645799999999],[-120.96358099999996,39.026416999999995],[-120.963613,39.026374999999994],[-120.96366499999996,39.026341],[-120.96373299999999,39.026313],[-120.96388799999995,39.026262],[-120.963987,39.026215],[-120.964032,39.026194],[-120.964093,39.026154999999996],[-120.96414399999998,39.026107],[-120.964156,39.026041],[-120.96413900000002,39.025976],[-120.96409499999999,39.025908],[-120.96404300000002,39.025842999999995],[-120.96397800000001,39.02579099999999],[-120.96393800000001,39.02573600000001],[-120.963918,39.025681000000006],[-120.96392600000001,39.02563099999999],[-120.96395599999998,39.025589],[-120.96400599999997,39.02555900000001],[-120.964071,39.025542],[-120.964156,39.02553199999999],[-120.964253,39.025522],[-120.964355,39.025504],[-120.964406,39.02549199999999],[-120.96445799999998,39.025479000000004],[-120.96456300000001,39.025459999999995],[-120.964663,39.02542199999999],[-120.96483299999998,39.025296000000004],[-120.964908,39.02523500000001],[-120.96497299999997,39.025163],[-120.96503,39.025089],[-120.96512599999997,39.024938],[-120.96515500000001,39.024883],[-120.965201,39.024798999999994],[-120.965219,39.024726],[-120.965195,39.024656],[-120.965139,39.024595],[-120.96506500000001,39.024546],[-120.964914,39.024465],[-120.964859,39.024417],[-120.96482700000001,39.024359],[-120.96482199999998,39.024292],[-120.96483899999998,39.02422099999999],[-120.96486899999998,39.02414199999999],[-120.96495899999998,39.023982],[-120.965005,39.023875],[-120.965074,39.023793],[-120.96514200000001,39.023749],[-120.965216,39.02367499999999],[-120.965291,39.023621],[-120.96540700000001,39.02350499999999],[-120.96543700000001,39.023441000000005],[-120.96543700000001,39.023374999999994],[-120.965403,39.023313],[-120.965339,39.023264],[-120.965252,39.02323],[-120.96514699999997,39.023213999999996],[-120.96477599999999,39.023194],[-120.96464999999999,39.023172],[-120.96452400000001,39.023142],[-120.964427,39.023108],[-120.96428399999998,39.023058999999996],[-120.964168,39.023014],[-120.96405299999998,39.022978],[-120.96396500000002,39.02295500000001],[-120.96394,39.02295299999999],[-120.963826,39.02293400000001],[-120.963558,39.02293],[-120.96344799999997,39.022922],[-120.96317499999999,39.022901999999995],[-120.963153,39.022901],[-120.96303899999997,39.02289999999999],[-120.96289699999998,39.022881],[-120.96275500000002,39.02286899999999],[-120.96261199999998,39.022868],[-120.96247899999999,39.022878],[-120.96235699999997,39.022893],[-120.96227,39.022908],[-120.96197999999997,39.022961],[-120.961808,39.02298699999999],[-120.96170100000002,39.022998],[-120.96155400000002,39.023002],[-120.961286,39.022997000000004],[-120.96111300000001,39.022994],[-120.96103099999999,39.022991999999995],[-120.96086700000001,39.02298999999999],[-120.960785,39.022994999999995],[-120.960731,39.02299899999999],[-120.96070400000002,39.02299899999999],[-120.960661,39.022998],[-120.96059,39.022998],[-120.96053400000001,39.022991999999995],[-120.96049199999999,39.022989],[-120.960429,39.022977],[-120.960242,39.022942],[-120.96018000000001,39.022931],[-120.96009000000001,39.02291399999999],[-120.96005300000002,39.022908],[-120.959826,39.02284499999999],[-120.95974100000001,39.022814999999994],[-120.959631,39.02277699999999],[-120.959266,39.02257300000001],[-120.959019,39.022405],[-120.958935,39.022341999999995],[-120.958667,39.022158],[-120.958086,39.021719000000004],[-120.957874,39.02154],[-120.95775400000001,39.021423],[-120.95760099999998,39.021232],[-120.95747700000001,39.021105],[-120.95734299999998,39.020975],[-120.95719699999997,39.020848],[-120.95698899999996,39.020648],[-120.956852,39.020503],[-120.956731,39.020376],[-120.95660599999997,39.020255],[-120.95648099999995,39.020145],[-120.956408,39.020088],[-120.956275,39.019965],[-120.95615799999999,39.01988599999999],[-120.956106,39.01985299999999],[-120.95598500000001,39.019816999999996],[-120.95592799999999,39.019809],[-120.955911,39.019807],[-120.95586800000001,39.019805999999996],[-120.95582399999998,39.019804],[-120.95575599999997,39.019802],[-120.955692,39.019802],[-120.955648,39.019803],[-120.955591,39.019803],[-120.955488,39.019805],[-120.95541999999999,39.019803],[-120.955384,39.019803],[-120.955364,39.019802],[-120.955274,39.019796],[-120.955159,39.01977999999999],[-120.95503900000001,39.019758],[-120.954999,39.01974799999999],[-120.95491699999998,39.01972799999999],[-120.95479300000001,39.019692],[-120.95454,39.01960600000001],[-120.954404,39.019567],[-120.95426100000002,39.019542],[-120.954113,39.019534],[-120.95396400000001,39.019541],[-120.953921,39.019545],[-120.953815,39.01955699999999],[-120.95355599999998,39.019596],[-120.95339299999999,39.019620999999994],[-120.953377,39.01962399999999],[-120.95326199999998,39.01964799999999],[-120.95313900000001,39.019683],[-120.952897,39.019771999999996],[-120.95285900000002,39.019787],[-120.95269199999998,39.019856000000004],[-120.95264999999998,39.01987299999999],[-120.952525,39.01991699999999],[-120.952396,39.019951999999996],[-120.95235799999999,39.01995800000001],[-120.95213299999999,39.01999899999999],[-120.95199799999999,39.02002],[-120.95186600000001,39.02005199999999],[-120.951735,39.020092],[-120.95133999999999,39.020201],[-120.951321,39.020207],[-120.95102799999998,39.020277],[-120.95100099999998,39.020281000000004],[-120.950858,39.020303999999996],[-120.950735,39.020324],[-120.950428,39.020357000000004],[-120.95028600000002,39.020377999999994],[-120.95026599999998,39.020381],[-120.950113,39.020415],[-120.949967,39.020459],[-120.949828,39.02051300000001],[-120.949805,39.02052299999999],[-120.949561,39.020635999999996],[-120.94916499999997,39.020818999999996],[-120.949039,39.020889],[-120.94891199999998,39.020946],[-120.94877099999998,39.020993999999995],[-120.948645,39.021060000000006],[-120.94851200000001,39.02111],[-120.948434,39.021151999999994],[-120.94826900000001,39.02124299999999],[-120.94815299999998,39.02129999999999],[-120.94798099999997,39.021368],[-120.94782400000001,39.02143600000001],[-120.947733,39.021463],[-120.94771099999998,39.02147099999999],[-120.94761699999998,39.02151],[-120.94738200000002,39.021571],[-120.94715500000001,39.021619],[-120.947043,39.021635999999994],[-120.94694,39.021637999999996],[-120.94686600000001,39.021626999999995],[-120.94684000000001,39.021624],[-120.946742,39.021601999999994],[-120.94665600000002,39.021550999999995],[-120.946606,39.021514999999994],[-120.94651800000001,39.021451],[-120.94648099999999,39.021423999999996],[-120.94637999999999,39.021367],[-120.946272,39.021327],[-120.94622599999997,39.02131800000001],[-120.94615200000001,39.021305],[-120.94611999999998,39.021305],[-120.94602999999998,39.021302999999996],[-120.945917,39.021309],[-120.945789,39.021354],[-120.94575599999999,39.021367],[-120.945686,39.021397],[-120.94558700000002,39.02144400000001],[-120.94549700000002,39.021492],[-120.9454,39.021534],[-120.945307,39.02156200000001],[-120.94520199999997,39.02156399999999],[-120.94509500000001,39.021554],[-120.94499199999997,39.021538],[-120.94487899999999,39.021511],[-120.94476499999999,39.021489],[-120.944683,39.02147699999998],[-120.944664,39.021474999999995],[-120.94455799999999,39.021472],[-120.94446500000001,39.02148199999999],[-120.94431200000001,39.021458],[-120.944274,39.021452],[-120.944205,39.021429],[-120.944139,39.021375],[-120.94393299999999,39.021156999999995],[-120.943866,39.021106],[-120.943847,39.021092],[-120.943731,39.021044999999994],[-120.943523,39.020946],[-120.94340500000001,39.02088299999999],[-120.943131,39.020724],[-120.94305599999998,39.020661999999994],[-120.94299299999999,39.02059700000001],[-120.942945,39.02052999999999],[-120.942908,39.020461],[-120.94288500000002,39.02038],[-120.94287300000002,39.020296],[-120.942861,39.020107],[-120.94288,39.019931],[-120.942884,39.019906999999996],[-120.94290999999998,39.01977099999999],[-120.94293600000002,39.01970099999999],[-120.94294599999998,39.019566],[-120.94292499999997,39.01949599999999],[-120.94287799999996,39.019428],[-120.94283100000001,39.01937],[-120.94276499999998,39.019387],[-120.94256700000001,39.01943899999999],[-120.942502,39.019457],[-120.9407,39.01985799999999],[-120.935294,39.021062],[-120.933493,39.021464],[-120.933446,39.02147699999998],[-120.93244799999997,39.021321],[-120.92931100000001,39.020832],[-120.928266,39.020669],[-120.92799300000001,39.020542999999996],[-120.927769,39.020368000000005],[-120.92734800000001,39.020039],[-120.926791,39.01999299999999],[-120.92614599999999,39.020136],[-120.92576399999997,39.02022199999999],[-120.92561200000002,39.020341],[-120.925016,39.020270999999994],[-120.92323100000002,39.020064000000005],[-120.922636,39.019994999999994],[-120.92220599999997,39.01994499999999],[-120.920918,39.019794999999995],[-120.920489,39.01974499999999],[-120.92018299999997,39.019710999999994],[-120.91926500000001,39.01960999999999],[-120.91919000000001,39.019602000000006],[-120.91907399999998,39.019588999999996],[-120.91895899999999,39.019577],[-120.91853,39.020197],[-120.918498,39.020247999999995],[-120.91829399999999,39.020587],[-120.91799599999997,39.02101900000001],[-120.917597,39.021544],[-120.91736799999998,39.02203600000001],[-120.91734900000002,39.022356],[-120.91733,39.022685],[-120.91711200000002,39.023118000000004],[-120.917037,39.02343799999999],[-120.916894,39.023997],[-120.916343,39.025577],[-120.91608200000002,39.02601799999999],[-120.91604300000002,39.026067],[-120.91575200000001,39.026442],[-120.91539200000001,39.026924],[-120.915225,39.027169],[-120.915101,39.027255],[-120.91417600000001,39.027865],[-120.913195,39.028635],[-120.91274900000002,39.029503],[-120.912476,39.02989199999999],[-120.912135,39.030345],[-120.911871,39.030749],[-120.91138199999997,39.031287],[-120.91117700000001,39.031597],[-120.911072,39.031989],[-120.91099700000001,39.032294],[-120.91088899999997,39.032489],[-120.91071999999998,39.032835999999996],[-120.91053400000001,39.03311],[-120.910346,39.03337499999999],[-120.910061,39.03377999999999],[-120.90961299999998,39.03468399999999],[-120.909311,39.035093999999994],[-120.90877699999999,39.035776999999996],[-120.908629,39.036008],[-120.90859699999999,39.036161],[-120.90852800000002,39.036276],[-120.90835700000001,39.036353],[-120.90799300000002,39.036347],[-120.907622,39.036245],[-120.90726599999999,39.036114999999995],[-120.90691799999999,39.035965],[-120.906554,39.035809999999984],[-120.90597000000001,39.035661],[-120.90519500000002,39.035604],[-120.90458600000001,39.035650999999994],[-120.90410500000002,39.035773999999996],[-120.90363999999998,39.03599899999999],[-120.90343600000001,39.036258],[-120.90312399999999,39.03671099999999],[-120.90296100000002,39.037321],[-120.90291499999998,39.03792599999999],[-120.90295300000001,39.03835899999999],[-120.902964,39.038481],[-120.903075,39.039131999999995],[-120.903068,39.039395000000006],[-120.90284,39.03983199999999],[-120.902738,39.040113999999996],[-120.902708,39.040257],[-120.902639,39.04026799999999],[-120.90256999999997,39.040277999999994],[-120.90230299999999,39.040319],[-120.902062,39.040350999999994],[-120.901958,39.040373],[-120.901767,39.040431],[-120.901721,39.040437999999995],[-120.901672,39.04043299999999],[-120.90162200000002,39.04041699999999],[-120.90157700000002,39.04039399999999],[-120.901541,39.04036399999999],[-120.90151200000001,39.040324999999996],[-120.90143299999998,39.040121],[-120.90139899999997,39.04007],[-120.901317,39.03997199999999],[-120.90116199999997,39.039842],[-120.901116,39.03979699999999],[-120.90102199999998,39.039669],[-120.90100899999999,39.03965],[-120.90096599999998,39.039598000000005],[-120.900817,39.039457],[-120.90077399999997,39.039407000000004],[-120.90066200000001,39.039244],[-120.90056999999997,39.039041000000005],[-120.900475,39.038898999999994],[-120.900442,39.038857],[-120.900389,39.03881],[-120.900254,39.038723999999995],[-120.90019999999998,39.03868099999999],[-120.90015499999997,39.038630999999995],[-120.90007299999999,39.038517],[-120.90005299999999,39.03842699999999],[-120.899912,39.038237],[-120.899816,39.038177999999995],[-120.89977900000001,39.038135999999994],[-120.89975599999998,39.03805599999999],[-120.899663,39.037924999999994],[-120.89959300000001,39.037869],[-120.89953299999999,39.037842999999995],[-120.899465,39.037828],[-120.89933800000001,39.037754],[-120.899251,39.037656000000005],[-120.89918599999997,39.037623],[-120.89912299999997,39.037618],[-120.89907,39.037592999999994],[-120.89902000000001,39.037563],[-120.898973,39.037525],[-120.898929,39.037467],[-120.898883,39.037438],[-120.89885,39.037397999999996],[-120.89876799999998,39.037313999999995],[-120.89870100000002,39.03731199999999],[-120.89864199999998,39.037317],[-120.89857999999997,39.037332],[-120.89852,39.037355999999996],[-120.89846799999998,39.037380999999996],[-120.89842899999995,39.037394],[-120.89841099999998,39.037399],[-120.89836299999997,39.037405],[-120.898303,39.037405],[-120.89823600000001,39.037406],[-120.89816600000002,39.037408],[-120.89801399999999,39.03741999999999],[-120.897763,39.03742199999999],[-120.89751599999995,39.037417999999995],[-120.89734300000002,39.037426],[-120.89717999999998,39.037453],[-120.897106,39.037472],[-120.897039,39.03749899999998],[-120.89692499999997,39.037569],[-120.896878,39.037624],[-120.896829,39.03767],[-120.896773,39.037698],[-120.89665099999998,39.037741000000004],[-120.89637299999997,39.037806],[-120.89631200000001,39.037811999999995],[-120.89624800000001,39.03781],[-120.89618599999997,39.037803],[-120.89607,39.037785],[-120.896013,39.037794],[-120.895995,39.037802],[-120.89596199999997,39.037818],[-120.89586799999998,39.037896],[-120.89573,39.038036],[-120.89568100000001,39.038079999999994],[-120.89563499999998,39.03813699999999],[-120.89560699999997,39.038208],[-120.89557999999997,39.03826],[-120.89557999999997,39.038334],[-120.89555799999998,39.038435],[-120.89554000000001,39.038470999999994],[-120.89552700000002,39.038517],[-120.89552,39.038596000000005],[-120.895493,39.038653],[-120.895484,39.038706999999995],[-120.8955,39.038898],[-120.895512,39.038959],[-120.89551499999999,39.039072],[-120.89550700000001,39.03912],[-120.89548300000001,39.039158],[-120.89544400000001,39.039185],[-120.89539699999997,39.039196999999994],[-120.89534299999997,39.039198],[-120.89528800000001,39.039190000000005],[-120.89517900000001,39.039162999999995],[-120.89512599999998,39.03916099999999],[-120.89507899999997,39.039168],[-120.895037,39.039179999999995],[-120.89499299999999,39.039199999999994],[-120.89497500000002,39.039214],[-120.89495499999997,39.039228],[-120.89492,39.039272],[-120.89491700000002,39.03933],[-120.89492299999999,39.039386],[-120.89491500000001,39.039431],[-120.89489100000002,39.03947000000001],[-120.89485200000001,39.03950799999999],[-120.89475000000002,39.039581],[-120.89469600000001,39.03960899999999],[-120.89464099999996,39.039632],[-120.89459,39.03965899999999],[-120.894545,39.039696],[-120.89451000000001,39.03974],[-120.89445300000001,39.039826000000005],[-120.894415,39.039865],[-120.894364,39.039962],[-120.89429,39.040122000000004],[-120.894283,39.040184],[-120.89425200000001,39.04022299999999],[-120.89422999999996,39.040302],[-120.894208,39.040353999999994],[-120.89418900000001,39.040427],[-120.89418200000001,39.040497],[-120.89419799999999,39.040627],[-120.894229,39.040696000000004],[-120.894256,39.04079899999999],[-120.89426999999998,39.04092],[-120.89428500000001,39.040987],[-120.89431700000002,39.041053],[-120.89439600000001,39.041177],[-120.894419,39.04123799999999],[-120.89443200000001,39.04130299999999],[-120.89443699999997,39.04143599999999],[-120.89442399999997,39.041498],[-120.894398,39.04156100000001],[-120.89436300000001,39.04162199999999],[-120.894316,39.041682],[-120.89425499999999,39.04173699999999],[-120.89390899999998,39.041993999999995],[-120.89377100000002,39.042086],[-120.89363799999997,39.04214999999999],[-120.89356699999999,39.04217299999999],[-120.89350499999998,39.04217799999999],[-120.893427,39.042172],[-120.89334199999999,39.042158],[-120.89325500000001,39.042148999999995],[-120.89316500000001,39.042154000000004],[-120.89307799999999,39.042165],[-120.89299700000001,39.042184],[-120.892924,39.04222],[-120.89280500000001,39.042318],[-120.89274499999998,39.042352],[-120.892677,39.042371],[-120.892591,39.042381],[-120.892305,39.042382999999994],[-120.892211,39.042388],[-120.89211999999998,39.04239799999999],[-120.89203500000002,39.04241199999999],[-120.89195699999999,39.042435999999995],[-120.891884,39.042466000000005],[-120.89174,39.042547],[-120.89167,39.042595999999996],[-120.891606,39.042649],[-120.89150499999998,39.042765],[-120.89142300000002,39.042886],[-120.89134699999997,39.043013],[-120.89130000000002,39.04307599999999],[-120.891245,39.043135],[-120.891119,39.043241],[-120.89104699999997,39.043284],[-120.890969,39.043318],[-120.890887,39.043342],[-120.89080299999998,39.043354],[-120.89072000000002,39.043354],[-120.890641,39.04334299999999],[-120.89057,39.04332099999999],[-120.89050499999998,39.043295],[-120.890452,39.043261],[-120.89040799999997,39.043218],[-120.89034299999999,39.04311],[-120.890339,39.043071],[-120.890293,39.04296999999999],[-120.890242,39.04291],[-120.890223,39.04289300000001],[-120.89021399999999,39.042851000000006],[-120.89018699999998,39.042798],[-120.89011700000002,39.04272699999999],[-120.88999599999997,39.04257299999999],[-120.88996199999997,39.042511],[-120.889907,39.04245399999999],[-120.88978700000001,39.042291],[-120.889654,39.04206599999999],[-120.88960799999997,39.042017],[-120.889548,39.041963],[-120.889477,39.04191600000001],[-120.88940299999999,39.04187799999999],[-120.889254,39.04178699999999],[-120.88917799999999,39.04174799999999],[-120.889109,39.04172299999998],[-120.88904099999999,39.04168799999999],[-120.88871499999996,39.041484999999994],[-120.888597,39.041404],[-120.88855200000002,39.041348],[-120.888509,39.041304],[-120.888479,39.041244],[-120.88841199999999,39.041146],[-120.88837199999999,39.041106],[-120.88832100000002,39.04106899999999],[-120.88826499999999,39.041039],[-120.88813599999999,39.040988000000006],[-120.88799100000001,39.040952999999995],[-120.887913,39.040944],[-120.88775400000002,39.040952],[-120.88768,39.040962],[-120.887483,39.04101299999999],[-120.88742100000002,39.041025],[-120.88735799999998,39.041025],[-120.88729700000002,39.04100799999999],[-120.887041,39.040901000000005],[-120.886855,39.040811],[-120.88671800000002,39.040758],[-120.886504,39.04069299999999],[-120.886443,39.040672],[-120.88639100000002,39.04065099999999],[-120.88627,39.040597],[-120.88621400000001,39.040583],[-120.88618,39.040578],[-120.886143,39.040580999999996],[-120.88608500000001,39.04059399999999],[-120.886045,39.04061699999999],[-120.886108,39.040635],[-120.88613000000001,39.04065299999999],[-120.88613900000001,39.04070399999999],[-120.88615,39.040777999999996],[-120.88617,39.040818],[-120.886234,39.040897],[-120.88632199999999,39.040977],[-120.886521,39.041129],[-120.88659199999996,39.041209],[-120.886687,39.041354],[-120.886801,39.041565],[-120.886857,39.041673],[-120.88686999999997,39.041733],[-120.88686600000001,39.041790999999996],[-120.88683300000001,39.041914],[-120.88681,39.04197],[-120.88677600000001,39.042172],[-120.88675100000002,39.042379999999994],[-120.886754,39.042449],[-120.88676300000002,39.042517000000004],[-120.88678200000001,39.042584],[-120.88687400000002,39.042793],[-120.886895,39.042868999999996],[-120.886908,39.042942],[-120.88690399999999,39.043034000000006],[-120.88688699999999,39.043095],[-120.886862,39.043132],[-120.886818,39.04316399999999],[-120.88676399999999,39.043189000000005],[-120.88662599999998,39.043220999999996],[-120.88648100000002,39.043234],[-120.88641199999999,39.043246],[-120.886273,39.043283],[-120.88620500000002,39.04330699999999],[-120.886144,39.043338],[-120.886042,39.043432],[-120.885999,39.04348499999999],[-120.88584399999999,39.043723],[-120.88577900000001,39.043856999999996],[-120.885762,39.043927999999994],[-120.88575499999999,39.044],[-120.885762,39.044306],[-120.88576099999999,39.044380999999994],[-120.88575200000001,39.044448],[-120.88574000000001,39.04450799999999],[-120.885698,39.044650999999995],[-120.88568900000001,39.04476],[-120.88571900000001,39.04494999999999],[-120.88574000000001,39.04506000000001],[-120.88574999999997,39.04517200000001],[-120.885747,39.045224999999995],[-120.88574000000001,39.045267999999986],[-120.885708,39.045347],[-120.88565600000001,39.04543],[-120.88558199999997,39.045519],[-120.885421,39.04566199999999],[-120.885051,39.045956999999994],[-120.884924,39.046049],[-120.88480299999998,39.046155],[-120.88474200000002,39.046203],[-120.88459999999998,39.046297],[-120.88452,39.04633599999999],[-120.884234,39.046530999999995],[-120.88415700000002,39.046581],[-120.883949,39.04675799999999],[-120.88373100000001,39.046924000000004],[-120.88355100000001,39.047093],[-120.88332299999999,39.047335],[-120.88310999999999,39.047533],[-120.88308199999999,39.047568],[-120.883072,39.047592],[-120.88307600000002,39.047611],[-120.88308299999998,39.047643],[-120.88310899999999,39.047709],[-120.883039,39.04773099999999],[-120.88256800000002,39.04807399999999],[-120.882364,39.048315],[-120.88227200000001,39.048556999999995],[-120.88225100000001,39.048766],[-120.88229299999999,39.049002],[-120.88239800000001,39.049248999999996],[-120.88235600000002,39.049336999999994],[-120.882307,39.049375],[-120.882236,39.04938599999999],[-120.881328,39.049282],[-120.880962,39.049292],[-120.87968699999998,39.049627],[-120.87852500000001,39.049707999999995],[-120.878271,39.049818],[-120.87817999999999,39.049889],[-120.87809500000002,39.049977],[-120.87802400000001,39.05009799999999],[-120.87786200000001,39.050477],[-120.87781300000002,39.05084999999999],[-120.877833,39.05152],[-120.87788899999998,39.052146],[-120.877994,39.052585],[-120.878149,39.052981],[-120.87843699999999,39.05356299999999],[-120.878458,39.05370599999999],[-120.87829600000002,39.05405199999999],[-120.87820400000001,39.05416699999999],[-120.878091,39.054244],[-120.877788,39.054331],[-120.877232,39.054331],[-120.87671100000001,39.054368999999994],[-120.87635199999997,39.05443499999999],[-120.876049,39.054534],[-120.87579199999999,39.054811],[-120.875486,39.055015999999995],[-120.87525699999999,39.055201],[-120.87511400000001,39.055397],[-120.87506199999997,39.05551199999999],[-120.87503200000002,39.055643999999994],[-120.875073,39.055721],[-120.875191,39.055820999999995],[-120.87538000000002,39.055894],[-120.87561899999999,39.055935],[-120.875887,39.055943],[-120.87604999999999,39.055938],[-120.87668100000002,39.055737],[-120.87672600000002,39.05573499999999],[-120.876815,39.05573099999999],[-120.877076,39.055764],[-120.877294,39.055935],[-120.877392,39.056171],[-120.87739900000001,39.056281000000006],[-120.877385,39.056412],[-120.877286,39.05661],[-120.87718800000002,39.056714],[-120.87705399999999,39.056802],[-120.876737,39.05688399999999],[-120.87629999999999,39.056922],[-120.876089,39.056961],[-120.876047,39.05697700000001],[-120.875949,39.057137999999995],[-120.875884,39.05720099999999],[-120.875848,39.057315],[-120.87583799999999,39.057499],[-120.87594799999997,39.058066],[-120.87598,39.058264],[-120.87597000000001,39.058451],[-120.875875,39.058681],[-120.87575999999997,39.058854999999994],[-120.875653,39.058931],[-120.875434,39.058978],[-120.875067,39.058989000000004],[-120.87466600000002,39.058968],[-120.874251,39.058931],[-120.87407500000002,39.058907999999995],[-120.873731,39.058877],[-120.873251,39.058911],[-120.872609,39.059004],[-120.87189800000002,39.059163],[-120.87172499999998,39.059203],[-120.871105,39.059412],[-120.870765,39.05953999999999],[-120.87021199999997,39.059733],[-120.86979299999999,39.05991499999999],[-120.869603,39.05999],[-120.86943300000001,39.05999899999999],[-120.869342,39.059971],[-120.86920200000002,39.059898000000004],[-120.86910600000002,39.05977099999999],[-120.86899599999998,39.059567],[-120.86897699999999,39.05928699999999],[-120.86901900000001,39.058831],[-120.86906699999999,39.05845299999999],[-120.86912,39.058223],[-120.86927800000001,39.058032],[-120.869393,39.057852],[-120.86941699999997,39.057715],[-120.86938299999997,39.057627000000004],[-120.869258,39.057531999999995],[-120.869068,39.057459],[-120.868837,39.05742899999999],[-120.86854700000002,39.05744299999999],[-120.86824400000002,39.05748899999998],[-120.86800999999998,39.05758000000001],[-120.86765499999997,39.057754],[-120.867506,39.05782800000001],[-120.86737799999997,39.057908999999995],[-120.867087,39.058049],[-120.86656999999998,39.05822499999999],[-120.86618699999997,39.058409],[-120.86595300000002,39.05850999999999],[-120.86569,39.058579],[-120.86544999999998,39.05861],[-120.865289,39.05863],[-120.865055,39.05866199999999],[-120.864865,39.058689],[-120.863864,39.058761],[-120.863466,39.058753],[-120.86339600000001,39.058906],[-120.86337199999998,39.059048],[-120.863413,39.059169],[-120.863523,39.059341],[-120.86366200000002,39.059469],[-120.86398300000002,39.059664],[-120.864325,39.05982899999999],[-120.864637,39.05994599999999],[-120.86471699999998,39.059976],[-120.86514099999998,39.060100999999996],[-120.86549099999998,39.06027999999999],[-120.86571999999998,39.060469],[-120.865879,39.06067399999999],[-120.86595399999999,39.060877999999995],[-120.86596399999998,39.061086],[-120.86591800000001,39.06131100000001],[-120.865788,39.061502],[-120.86552700000001,39.06175799999999],[-120.86512999999997,39.062116],[-120.86481300000001,39.062371],[-120.864379,39.06264199999999],[-120.86401699999999,39.062786],[-120.863812,39.062872],[-120.86374000000002,39.062943],[-120.86373899999997,39.063003],[-120.863774,39.06305299999999],[-120.863871,39.06310899999999],[-120.864025,39.063144],[-120.86437100000002,39.063163],[-120.86450300000001,39.06317799999999],[-120.864799,39.06321200000001],[-120.86503699999999,39.063285],[-120.86513399999998,39.06339599999999],[-120.865426,39.063893],[-120.86559900000002,39.06405999999999],[-120.86576699999999,39.064171],[-120.86595999999999,39.064254000000005],[-120.866159,39.06434],[-120.86647999999998,39.064469],[-120.86674599999999,39.064625],[-120.86685,39.064753],[-120.866861,39.064874],[-120.866796,39.06502699999999],[-120.866681,39.065147],[-120.86639599999998,39.065352],[-120.86619600000002,39.06552099999999],[-120.865911,39.065716],[-120.86586300000002,39.065731],[-120.86564200000001,39.065806],[-120.86523299999999,39.065857],[-120.864528,39.06587799999999],[-120.86391499999999,39.065882999999985],[-120.86369500000002,39.06592499999999],[-120.86339800000002,39.066032],[-120.863199,39.066129],[-120.863085,39.066221],[-120.86303999999997,39.066340999999994],[-120.863052,39.066506],[-120.863175,39.066737999999994],[-120.86334499999998,39.066965],[-120.86348800000002,39.067241],[-120.863563,39.067423],[-120.863616,39.067626000000004],[-120.863688,39.06792899999999],[-120.86373899999997,39.068287],[-120.86376800000001,39.068633],[-120.86377899999997,39.068853],[-120.86374099999999,39.069045],[-120.86361799999999,39.069263],[-120.86345500000002,39.069486999999995],[-120.86324799999998,39.06964399999999],[-120.86303600000001,39.069724],[-120.862845,39.069766],[-120.86254899999999,39.069762999999995],[-120.862427,39.06974299999999],[-120.86233099999997,39.069727999999984],[-120.862153,39.069661],[-120.861992,39.069544],[-120.861604,39.06915],[-120.86135999999999,39.06899400000001],[-120.86117100000001,39.06893199999999],[-120.86096000000002,39.068924],[-120.86074099999999,39.068949],[-120.86048599999998,39.069029],[-120.860224,39.069098],[-120.86015300000001,39.06911399999999],[-120.86002000000002,39.069101],[-120.85975999999998,39.06905],[-120.859592,39.06898799999999],[-120.85943900000001,39.068904],[-120.85925499999996,39.068727],[-120.85907499999999,39.068494],[-120.858978,39.06835],[-120.858885,39.068295],[-120.85876900000001,39.068227],[-120.858587,39.068154],[-120.85838299999998,39.06812999999999],[-120.858221,39.068144999999994],[-120.85786099999997,39.068202],[-120.85770600000001,39.068183999999995],[-120.857545,39.068132999999996],[-120.857391,39.06804399999999],[-120.85724899999998,39.06791],[-120.85715400000001,39.067710999999996],[-120.85700600000001,39.067276],[-120.856891,39.06699499999999],[-120.85670399999998,39.066774],[-120.856432,39.066551],[-120.856238,39.066356999999996],[-120.85605799999998,39.06618499999999],[-120.85590399999998,39.066095999999995],[-120.855691,39.066039],[-120.85538799999999,39.066003],[-120.85507899999999,39.065989],[-120.85503399999999,39.065995],[-120.854725,39.06604000000001],[-120.854308,39.066151],[-120.85386899999999,39.066337],[-120.853464,39.06649699999999],[-120.85289000000002,39.066683999999995],[-120.85217899999998,39.066875],[-120.85193700000002,39.067009999999996],[-120.851681,39.067194],[-120.851525,39.067286],[-120.85134,39.067352],[-120.851207,39.067335],[-120.85110099999999,39.067305999999995],[-120.85099599999998,39.06725],[-120.85094799999997,39.067195],[-120.850929,39.067100999999994],[-120.850946,39.066885],[-120.85102200000001,39.06656099999999],[-120.851111,39.06628799999999],[-120.851114,39.066084],[-120.85106,39.065929999999994],[-120.85088700000001,39.065785999999996],[-120.85066899999998,39.065718],[-120.85045799999999,39.065694],[-120.85003100000002,39.065761],[-120.849508,39.065887],[-120.849141,39.065935999999994],[-120.84891499999998,39.065928],[-120.84874000000002,39.06589399999999],[-120.848606,39.065843],[-120.848517,39.06574299999999],[-120.848451,39.065462],[-120.84837999999996,39.06523299999999],[-120.848264,39.065051],[-120.84810999999999,39.064918000000006],[-120.84775999999998,39.06481],[-120.84768399999997,39.064727],[-120.847615,39.064615999999994],[-120.84750399999997,39.06454399999999],[-120.847328,39.064504],[-120.847138,39.064515],[-120.84689700000001,39.064568],[-120.846572,39.06470199999999],[-120.84581099999997,39.065107],[-120.84551999999996,39.065247],[-120.845105,39.065413],[-120.84477899999997,39.0655],[-120.844733,39.06550699999999],[-120.844532,39.06554199999999],[-120.844385,39.065523999999996],[-120.84428699999997,39.06549],[-120.84415399999997,39.0654],[-120.844044,39.065251],[-120.844004,39.06509100000001],[-120.84400699999998,39.064921],[-120.844088,39.064727],[-120.844232,39.064514],[-120.844475,39.064286],[-120.84478900000002,39.064097],[-120.845001,39.06398900000001],[-120.84506599999997,39.063907],[-120.845074,39.063825],[-120.845062,39.063759],[-120.845007,39.063675999999994],[-120.84485299999999,39.063603],[-120.84441099999998,39.06347199999999],[-120.843671,39.063267],[-120.84302599999997,39.06307999999999],[-120.84223400000002,39.062858],[-120.841546,39.062692],[-120.84079699999998,39.062602],[-120.840564,39.062605],[-120.84039499999997,39.06264699999999],[-120.84022499999999,39.06273399999999],[-120.84009600000002,39.06281499999999],[-120.83997399999998,39.062986],[-120.839885,39.063243],[-120.83980199999999,39.063583],[-120.839705,39.063907],[-120.83953799999998,39.064218],[-120.83940200000002,39.064354],[-120.83923099999998,39.06446700000001],[-120.83909700000001,39.06449899999999],[-120.83891999999997,39.064524999999996],[-120.838638,39.06450499999999],[-120.83847,39.064474],[-120.83835800000001,39.064428],[-120.838177,39.064319],[-120.83785000000002,39.06406399999999],[-120.83746499999997,39.063725],[-120.837138,39.063458],[-120.83697699999998,39.063357999999994],[-120.836666,39.06320100000001],[-120.83642,39.063149],[-120.83611,39.063179],[-120.83602799999998,39.063216],[-120.835929,39.06327],[-120.83577000000001,39.063477],[-120.835589,39.06383499999999],[-120.83533800000001,39.06447500000001],[-120.83521999999999,39.064809],[-120.835112,39.064951],[-120.834934,39.065085999999994],[-120.834771,39.065155999999995],[-120.83457299999998,39.065186999999995],[-120.83382700000001,39.065157],[-120.83294499999998,39.06501699999998],[-120.832712,39.065006],[-120.83261400000002,39.065014000000005],[-120.83249299999997,39.065059],[-120.83236200000002,39.06513499999999],[-120.83208999999998,39.065389999999994],[-120.831916,39.065635],[-120.83162900000002,39.066005999999994],[-120.831514,39.06613099999999],[-120.83134299999998,39.06622899999999],[-120.831181,39.06626],[-120.831012,39.066247000000004],[-120.83075900000001,39.066206],[-120.83055200000001,39.066163],[-120.83023599999999,39.066126999999994],[-120.83010100000001,39.066156],[-120.830041,39.066193],[-120.829983,39.06627000000001],[-120.829983,39.06629699999999],[-120.82997400000002,39.066351999999995],[-120.82999300000002,39.06649],[-120.830082,39.066666],[-120.83029699999999,39.066887999999985],[-120.830413,39.067106],[-120.83045999999997,39.067249],[-120.830451,39.067347999999996],[-120.83038699999999,39.067413],[-120.83025100000002,39.067472],[-120.830118,39.067493],[-120.82992100000001,39.06747399999999],[-120.82949299999997,39.06736599999999],[-120.82934599999997,39.06729899999999],[-120.82909299999999,39.067293],[-120.82902799999997,39.067344999999996],[-120.82900000000001,39.067361],[-120.828977,39.067449],[-120.829017,39.067553],[-120.829114,39.067707999999996],[-120.829277,39.068034],[-120.829358,39.06827599999999],[-120.82938999999999,39.068490999999995],[-120.82936599999998,39.06865500000001],[-120.829307,39.068814],[-120.82923499999997,39.06892299999999],[-120.82908400000001,39.069042],[-120.828836,39.069169],[-120.828511,39.069265],[-120.82774700000002,39.069427000000005],[-120.827485,39.069496],[-120.82729999999998,39.069587000000006],[-120.82716500000001,39.069707],[-120.82702599999999,39.06977899999999],[-120.826817,39.06987399999999],[-120.82657499999999,39.069945],[-120.826385,39.069993],[-120.82614099999999,39.070048],[-120.825921,39.070137],[-120.82559,39.070333999999995],[-120.82534000000001,39.070501],[-120.82521900000002,39.07057700000001],[-120.825015,39.070613],[-120.82481,39.070606],[-120.824705,39.07058800000001],[-120.824579,39.07052699999999],[-120.82444700000002,39.070427],[-120.82433600000002,39.070332],[-120.82399699999999,39.07015],[-120.82372699999999,39.07007599999999],[-120.823495,39.070043],[-120.82324199999996,39.070052],[-120.82308199999996,39.070108],[-120.822968,39.070178],[-120.82288900000002,39.070276],[-120.82279499999997,39.070424],[-120.822704,39.070598],[-120.822596,39.07073499999999],[-120.82238799999999,39.07093],[-120.82216600000001,39.071153],[-120.822015,39.071349],[-120.821979,39.071412],[-120.821906,39.071546000000005],[-120.82184799999999,39.071693999999994],[-120.82176700000001,39.071873999999994],[-120.821701,39.07200499999999],[-120.821579,39.072157999999995],[-120.82131099999998,39.072342],[-120.82124700000001,39.072429],[-120.821198,39.072593],[-120.82112600000002,39.072702],[-120.82102499999999,39.072806],[-120.82084800000001,39.072881],[-120.82064299999999,39.072912],[-120.820411,39.072898],[-120.820168,39.07285400000001],[-120.819958,39.072806],[-120.81923499999999,39.072422],[-120.81908500000002,39.072369],[-120.81882399999999,39.07232499999999],[-120.81853600000001,39.072327],[-120.81834499999998,39.072345],[-120.81807600000002,39.07245199999999],[-120.817847,39.072639],[-120.817694,39.072722000000006],[-120.81746100000001,39.072773],[-120.817076,39.07284799999999],[-120.816688,39.072863],[-120.816427,39.072839],[-120.816063,39.07275799999999],[-120.815523,39.07261],[-120.814919,39.072427999999995],[-120.81453099999999,39.072281],[-120.81419499999998,39.07213500000001],[-120.813878,39.071945],[-120.81332099999997,39.071536],[-120.81299000000001,39.071313],[-120.81279099999999,39.071242],[-120.812572,39.071262],[-120.81246899999998,39.071298999999996],[-120.81232100000001,39.071333],[-120.81201299999996,39.07142700000001],[-120.81176200000002,39.07144],[-120.811488,39.071432],[-120.81056299999997,39.071290999999995],[-120.81003600000001,39.071187],[-120.80911700000001,39.071007],[-120.808599,39.07097400000001],[-120.80828899999999,39.070989999999995],[-120.807943,39.071025],[-120.80757300000002,39.07105700000001],[-120.80731299999998,39.071042999999996],[-120.807081,39.07098599999999],[-120.80685,39.07087899999999],[-120.80670399999998,39.070757],[-120.80651399999999,39.070557],[-120.806285,39.070385],[-120.806123,39.070327999999996],[-120.80598899999998,39.070338],[-120.805819,39.07038599999999],[-120.805579,39.07044299999999],[-120.805438,39.070459],[-120.805234,39.07044],[-120.80505799999996,39.070372],[-120.804906,39.070244],[-120.80458700000001,39.069878],[-120.80454700000001,39.069847],[-120.80428900000001,39.069645],[-120.80367399999999,39.06935299999999],[-120.803239,39.069205999999994],[-120.802898,39.069174999999994],[-120.80271399999998,39.069205999999994],[-120.802601,39.06927099999999],[-120.802472,39.069385],[-120.80236999999997,39.069554],[-120.802241,39.069908999999996],[-120.80213400000001,39.070007],[-120.80199900000001,39.070061],[-120.80180099999997,39.070092],[-120.80158700000001,39.070072999999994],[-120.801496,39.07005600000001],[-120.801432,39.070044],[-120.801237,39.069932],[-120.801105,39.069804999999995],[-120.80104599999999,39.069562],[-120.80103400000002,39.069441],[-120.801,39.06937],[-120.80090199999997,39.069329999999994],[-120.800627,39.06928899999999],[-120.800225,39.069301],[-120.79976700000002,39.06933999999999],[-120.799514,39.069329],[-120.79919,39.069277],[-120.79864199999999,39.069210000000005],[-120.79812199999999,39.069159],[-120.79773199999998,39.069115999999994],[-120.79733699999997,39.069107],[-120.797021,39.069081],[-120.79692599999997,39.069089],[-120.79685800000001,39.069095999999995],[-120.79671,39.06911699999999],[-120.796526,39.06912599999999],[-120.79633600000001,39.069112999999994],[-120.79618200000002,39.069084],[-120.795992,39.069087],[-120.795851,39.06909699999999],[-120.79567500000002,39.069062],[-120.79542900000001,39.06904299999999],[-120.795286,39.06905],[-120.79526300000002,39.069058],[-120.79499699999998,39.069158],[-120.79481300000002,39.069229],[-120.79416899999998,39.069341],[-120.79388999999998,39.06938999999999],[-120.793683,39.06939899999999],[-120.793149,39.069366],[-120.793119,39.069365],[-120.792644,39.069377],[-120.79237,39.069341],[-120.79193399999998,39.06929199999999],[-120.79130599999999,39.06929699999999],[-120.79093099999999,39.06929199999999],[-120.79019000000001,39.069285],[-120.78991600000002,39.069035],[-120.789534,39.068735],[-120.78926200000001,39.06855099999999],[-120.78907899999999,39.06836199999999],[-120.78888399999998,39.068211999999995],[-120.78856900000001,39.068104],[-120.78807099999997,39.068006],[-120.787768,39.067956],[-120.78748,39.067865],[-120.78705199999999,39.067766999999996],[-120.786772,39.067693],[-120.78631700000001,39.06751799999999],[-120.78599499999999,39.06738800000001],[-120.785937,39.06736599999999],[-120.78553599999998,39.067218999999994],[-120.785046,39.067053999999985],[-120.78477999999997,39.066975],[-120.78460500000001,39.066900999999994],[-120.78448,39.06679599999999],[-120.784306,39.06664],[-120.784057,39.06640099999999],[-120.78376499999999,39.06619],[-120.78343599999997,39.066027000000005],[-120.78308599999998,39.06590200000001],[-120.78274699999996,39.06576700000001],[-120.782454,39.06561],[-120.78217499999997,39.065415],[-120.78187099999998,39.065088],[-120.781656,39.064893],[-120.781405,39.064736999999994],[-120.781166,39.06467099999999],[-120.78094199999998,39.064642],[-120.78029,39.064624],[-120.78007199999998,39.064605],[-120.779911,39.064565],[-120.779686,39.06450199999999],[-120.779469,39.06446700000001],[-120.77925800000001,39.064382],[-120.77898599999997,39.064253],[-120.77858799999998,39.06407900000001],[-120.77828599999998,39.063988],[-120.77771400000002,39.06389399999999],[-120.77731399999999,39.06383499999999],[-120.77664099999997,39.063572],[-120.77550499999998,39.063297],[-120.775028,39.06316499999999],[-120.77460099999996,39.063018],[-120.774192,39.06285999999999],[-120.77366700000002,39.062624],[-120.77338799999998,39.062478],[-120.77310899999999,39.062321],[-120.772904,39.062144999999994],[-120.77263700000002,39.061915],[-120.772155,39.061477],[-120.77157799999998,39.06101999999999],[-120.77134900000001,39.06081199999999],[-120.771101,39.060496],[-120.77079699999999,39.060162999999996],[-120.77021399999998,39.059636],[-120.769982,39.059397],[-120.76947600000001,39.058968],[-120.769409,39.05891700000001],[-120.76941399999997,39.058948],[-120.769447,39.059058],[-120.769517,39.059381],[-120.76956899999999,39.059499],[-120.769642,39.05961],[-120.76975400000002,39.059767],[-120.76982,39.059876],[-120.769847,39.059914000000006],[-120.76994799999999,39.060052999999996],[-120.77002900000001,39.060192999999984],[-120.770098,39.060337],[-120.77015400000002,39.06049200000001],[-120.77021799999999,39.060718],[-120.77022399999998,39.060787],[-120.770245,39.060855],[-120.770286,39.06101999999999],[-120.770309,39.061097],[-120.77036499999998,39.061244],[-120.77042499999999,39.061372999999996],[-120.770496,39.061555999999996],[-120.770537,39.06171899999999],[-120.77056399999996,39.06179899999999],[-120.77057599999998,39.061862999999995],[-120.77059800000002,39.061939],[-120.77060999999999,39.06201099999999],[-120.77067299999999,39.06216899999999],[-120.770811,39.06257500000001],[-120.770855,39.06269400000001],[-120.770895,39.06276799999999],[-120.77096599999997,39.062929999999994],[-120.771006,39.06300399999999],[-120.77108199999999,39.063144],[-120.77115100000002,39.06329499999999],[-120.77123200000001,39.063435],[-120.77126800000002,39.063508999999996],[-120.771309,39.063654],[-120.771312,39.063776],[-120.771289,39.06387699999999],[-120.771255,39.063946],[-120.77120200000002,39.064012],[-120.771045,39.063943],[-120.77096299999998,39.063926],[-120.77055900000002,39.063810000000004],[-120.77052699999999,39.06378999999999],[-120.770483,39.063777],[-120.77044800000002,39.063757],[-120.770387,39.06371],[-120.77034400000001,39.06366899999999],[-120.770324,39.063657],[-120.77030499999998,39.063630999999994],[-120.77013399999998,39.06345700000001],[-120.77005500000001,39.06335099999999],[-120.76999899999997,39.063273],[-120.76995900000001,39.063225],[-120.76992099999998,39.063174999999994],[-120.76979599999997,39.06307999999999],[-120.769688,39.063044],[-120.76957,39.062995],[-120.769499,39.062965999999996],[-120.769397,39.06291],[-120.76934700000001,39.06287400000001],[-120.76920800000002,39.062827],[-120.769156,39.062794],[-120.76909,39.06276],[-120.769029,39.062735],[-120.76876599999997,39.06253800000001],[-120.768708,39.062478],[-120.768591,39.0624],[-120.76853699999998,39.06234800000001],[-120.76850599999999,39.06232599999999],[-120.76824100000002,39.062177999999996],[-120.768109,39.062098999999996],[-120.76806099999999,39.062089],[-120.767866,39.061964999999994],[-120.767845,39.061939],[-120.76779100000002,39.06189499999999],[-120.76773399999999,39.061841],[-120.767608,39.061752999999996],[-120.767518,39.06173],[-120.76744599999999,39.06170699999999],[-120.76738599999999,39.061683],[-120.7673,39.061661],[-120.767267,39.06164799999999],[-120.76722699999999,39.06163800000001],[-120.767046,39.06154899999999],[-120.76698600000002,39.061524000000006],[-120.76682599999997,39.06150800000001],[-120.766695,39.061479],[-120.766564,39.061422],[-120.76649100000002,39.061382],[-120.766437,39.061339999999994],[-120.76640599999998,39.061324],[-120.76636800000001,39.061313],[-120.7663,39.061273],[-120.766208,39.06123499999999],[-120.76607099999998,39.061221],[-120.76577700000001,39.061275],[-120.765698,39.061283],[-120.76562199999996,39.061278],[-120.76554599999999,39.061267],[-120.76547600000002,39.061246],[-120.765407,39.061231],[-120.76533899999998,39.06120299999999],[-120.76527799999998,39.061188],[-120.76521200000002,39.061161999999996],[-120.765079,39.06112],[-120.76499199999999,39.06108799999999],[-120.764941,39.061062],[-120.76485999999997,39.061029],[-120.76480099999999,39.060991],[-120.76471499999998,39.060948999999994],[-120.76455800000001,39.06089],[-120.764343,39.060792000000006],[-120.764281,39.06074999999999],[-120.76422799999997,39.060707],[-120.76411000000002,39.060612],[-120.76402099999999,39.060526],[-120.76394299999997,39.06038],[-120.76390399999998,39.060268],[-120.76385899999998,39.060165999999995],[-120.76382000000001,39.060025],[-120.76371699999999,39.05974299999999],[-120.76367499999999,39.059663],[-120.763617,39.059582],[-120.76355299999997,39.059464000000006],[-120.76353100000001,39.05935600000001],[-120.763524,39.059298999999996],[-120.763526,39.05924099999999],[-120.76354299999998,39.059183],[-120.76357000000002,39.059116],[-120.76362699999999,39.059044],[-120.76367699999997,39.058964],[-120.76379399999999,39.058776],[-120.76390000000002,39.05861],[-120.76393699999997,39.058537],[-120.76395700000002,39.05846199999999],[-120.76396,39.05839199999999],[-120.76393399999998,39.058259],[-120.763901,39.05816200000001],[-120.76389399999998,39.058141],[-120.763874,39.058074],[-120.76380799999998,39.057964],[-120.76374699999998,39.057829],[-120.76371299999997,39.05777],[-120.763661,39.057719999999996],[-120.76360200000002,39.05767699999999],[-120.76353899999997,39.05764],[-120.76347100000001,39.057612],[-120.76341099999999,39.057575],[-120.76328500000001,39.057475],[-120.763269,39.05745999999999],[-120.76322499999998,39.057418000000006],[-120.76302899999999,39.05727],[-120.76294699999997,39.057224],[-120.76273499999999,39.057137999999995],[-120.762593,39.057072],[-120.76243600000001,39.056979999999996],[-120.762388,39.05694199999999],[-120.76235,39.056891],[-120.76223599999999,39.056772],[-120.762136,39.056675],[-120.761842,39.056341],[-120.76174200000001,39.056219],[-120.761614,39.05602999999999],[-120.76158999999997,39.055981],[-120.761578,39.055955],[-120.761532,39.05580900000001],[-120.761446,39.055614999999996],[-120.761424,39.055547000000004],[-120.76135899999997,39.055412],[-120.761329,39.055379],[-120.76124599999999,39.055322999999994],[-120.76139299999998,39.055277000000004],[-120.76147599999997,39.05525299999999],[-120.761577,39.055226],[-120.761912,39.055164],[-120.76218599999999,39.05513199999999],[-120.76220499999998,39.05512999999999],[-120.76242599999999,39.05511],[-120.76250799999998,39.055102000000005],[-120.76265399999998,39.05508999999999],[-120.762755,39.055074999999995],[-120.762838,39.055064],[-120.762865,39.05506],[-120.762948,39.055054],[-120.76297600000001,39.055052],[-120.76298400000002,39.05487900000001],[-120.76297899999999,39.054776],[-120.76297800000002,39.054753999999996],[-120.76297899999999,39.054666999999995],[-120.76296600000002,39.054518],[-120.76296400000001,39.05444],[-120.762956,39.05436400000001],[-120.762932,39.054299],[-120.76292399999998,39.054229],[-120.76292399999998,39.054153],[-120.762935,39.05403],[-120.76293099999998,39.05395099999999],[-120.762898,39.05378999999999],[-120.76287699999997,39.05373399999999],[-120.762865,39.053689],[-120.76286199999998,39.053675],[-120.76284799999998,39.05364699999999],[-120.762808,39.053561],[-120.762785,39.053528],[-120.76275999999997,39.05349199999999],[-120.762731,39.05345],[-120.76272000000002,39.053433999999996],[-120.76264899999995,39.053324999999994],[-120.76262200000001,39.05328299999999],[-120.762578,39.05321599999999],[-120.762524,39.053146],[-120.76246599999997,39.053081],[-120.762325,39.052969],[-120.76225500000001,39.052916],[-120.76199199999998,39.052768],[-120.761821,39.052682],[-120.76172999999997,39.05265599999999],[-120.761641,39.052636],[-120.761536,39.052623999999994],[-120.76142899999996,39.05261899999999],[-120.761333,39.052626999999994],[-120.76125499999996,39.05265599999999],[-120.76117599999999,39.052698],[-120.761119,39.052761999999994],[-120.761083,39.05281200000001],[-120.76104499999998,39.05297699999999],[-120.761013,39.053057],[-120.76099099999998,39.053097],[-120.76095499999998,39.05313499999999],[-120.76092499999999,39.053147],[-120.760903,39.053157],[-120.76084399999998,39.05315800000001],[-120.760791,39.053147],[-120.76038299999998,39.05225899999999],[-120.76034500000002,39.052214],[-120.76023100000002,39.052133999999995],[-120.760104,39.052063],[-120.76004,39.05202299999999],[-120.759983,39.051975],[-120.759939,39.051922000000005],[-120.75991799999997,39.05186200000001],[-120.75992499999998,39.05180099999999],[-120.75992100000002,39.051742999999995],[-120.759866,39.051602],[-120.75985600000001,39.05154399999999],[-120.759836,39.051474],[-120.75979900000002,39.051401999999996],[-120.75975,39.051259],[-120.759678,39.05112],[-120.75963799999998,39.05105499999999],[-120.75958999999997,39.050992],[-120.75952800000002,39.05093],[-120.75936100000001,39.05083],[-120.75907000000001,39.050695],[-120.758855,39.050636],[-120.75852300000001,39.050551],[-120.75808500000001,39.05044899999999],[-120.75798399999996,39.050416],[-120.75789,39.05037],[-120.75780900000001,39.050309999999996],[-120.757741,39.050233],[-120.757687,39.05015499999999],[-120.757569,39.05001399999999],[-120.75734299999998,39.049784],[-120.757206,39.049641],[-120.75713500000002,39.049577],[-120.75706400000001,39.049522],[-120.756982,39.04947800000001],[-120.756879,39.049449],[-120.756783,39.049426999999994],[-120.756666,39.049426999999994],[-120.75656099999999,39.049444],[-120.756482,39.049464],[-120.75626199999999,39.049533999999994],[-120.756161,39.049586],[-120.755766,39.04979199999999],[-120.75547699999997,39.04991],[-120.75532299999998,39.04999699999999],[-120.755234,39.05004000000001],[-120.75515199999995,39.050087000000005],[-120.75508599999998,39.050139],[-120.75503100000002,39.05018999999999],[-120.754954,39.050305],[-120.754918,39.05037999999999],[-120.75487599999998,39.050433],[-120.75480300000001,39.050490999999994],[-120.75471500000002,39.05053],[-120.75461,39.05055],[-120.75442399999999,39.05055699999999],[-120.75434099999998,39.050578999999985],[-120.754274,39.050607],[-120.754172,39.050650000000005],[-120.754011,39.05072799999999],[-120.753997,39.050735],[-120.75392,39.05078],[-120.75382799999997,39.050841999999996],[-120.75374,39.05089499999999],[-120.753601,39.05102099999999],[-120.753523,39.05107900000001],[-120.75338099999998,39.051198],[-120.753315,39.051241],[-120.75330599999997,39.051248],[-120.75322300000002,39.05128800000001],[-120.75313300000002,39.051322],[-120.75309,39.051322],[-120.75304300000002,39.05131999999999],[-120.75300599999997,39.051311999999996],[-120.75296500000002,39.051302],[-120.75289899999999,39.05125499999999],[-120.75286000000001,39.051205],[-120.752853,39.051148999999995],[-120.752946,39.050994],[-120.75303400000001,39.050861],[-120.75308200000002,39.05079700000001],[-120.75312700000002,39.050723999999995],[-120.75316399999998,39.050642999999994],[-120.75317200000002,39.050628999999994],[-120.75321,39.050568],[-120.75326600000001,39.050501],[-120.753302,39.05044899999999],[-120.75335899999999,39.050367],[-120.753391,39.050295],[-120.753483,39.050179],[-120.75351399999997,39.050122],[-120.75358399999998,39.049818],[-120.753601,39.04974899999999],[-120.75361400000001,39.04964499999999],[-120.75363400000002,39.049488],[-120.753636,39.04939999999999],[-120.75363099999997,39.049315],[-120.75361699999999,39.049235],[-120.75359499999999,39.04916099999999],[-120.75355700000001,39.049095],[-120.75350600000002,39.049036],[-120.753438,39.04898299999999],[-120.75335799999999,39.048937],[-120.75327299999998,39.048896],[-120.75317200000002,39.04885699999999],[-120.752974,39.04879799999999],[-120.75289,39.04876399999999],[-120.752813,39.04871899999999],[-120.752744,39.048664],[-120.75269,39.048584999999996],[-120.752672,39.048519999999996],[-120.752682,39.048443],[-120.752723,39.048366],[-120.752788,39.048314],[-120.75285400000001,39.04827399999999],[-120.75303899999997,39.0482],[-120.753339,39.048064],[-120.753436,39.048015],[-120.75353399999997,39.047975],[-120.753649,39.04791],[-120.75371099999998,39.04785],[-120.753774,39.04777],[-120.753822,39.04769],[-120.75393800000002,39.047567],[-120.75398900000002,39.04750599999999],[-120.754043,39.047412],[-120.754087,39.047346999999995],[-120.75416300000002,39.04727999999999],[-120.754254,39.047223],[-120.75435399999998,39.047179],[-120.75448,39.047133],[-120.75459399999997,39.047122],[-120.75492099999997,39.047125],[-120.75511,39.047134],[-120.755207,39.047117],[-120.755306,39.047090999999995],[-120.755362,39.047071],[-120.755399,39.047059],[-120.755489,39.047021],[-120.755573,39.04696500000001],[-120.75565799999998,39.046915999999996],[-120.75573399999998,39.046856],[-120.755805,39.046789],[-120.75600299999999,39.046573],[-120.756063,39.04651199999999],[-120.75609399999999,39.046465],[-120.756224,39.046312],[-120.756261,39.046258],[-120.75628000000002,39.046211],[-120.756287,39.046164999999995],[-120.75626999999997,39.04611200000001],[-120.75623999999999,39.046077],[-120.75621,39.046067],[-120.756164,39.04607299999999],[-120.756087,39.04612199999999],[-120.75601300000001,39.046195],[-120.755954,39.046260999999994],[-120.75583599999999,39.04636899999999],[-120.75575700000002,39.046429],[-120.75566399999997,39.04648099999999],[-120.755474,39.046562],[-120.75526899999997,39.046627],[-120.75514599999998,39.046626],[-120.75504999999998,39.04660299999999],[-120.754951,39.04658799999999],[-120.75486599999999,39.046583],[-120.75483600000001,39.04658200000001],[-120.75463399999997,39.046519],[-120.75454700000002,39.046496],[-120.75431999999998,39.046515],[-120.75410900000001,39.04652500000001],[-120.753558,39.046576],[-120.753155,39.04660599999999],[-120.75280599999999,39.046685],[-120.752625,39.046836],[-120.752564,39.046879],[-120.75250800000002,39.046933],[-120.752439,39.046985],[-120.75237199999998,39.047028],[-120.75223600000001,39.047087000000005],[-120.75214600000001,39.047111],[-120.75196599999998,39.04712099999999],[-120.75177399999995,39.047143],[-120.751486,39.047186],[-120.75120099999998,39.047236],[-120.75041399999998,39.047334],[-120.750322,39.047356],[-120.75023399999998,39.047368],[-120.749971,39.047387],[-120.749784,39.04740699999999],[-120.749607,39.047426],[-120.74950899999999,39.047444],[-120.749338,39.047461000000006],[-120.74915599999997,39.047509],[-120.74903200000001,39.04756499999999],[-120.74894299999998,39.047637],[-120.74889599999999,39.047782],[-120.748893,39.047833],[-120.74889599999999,39.04789699999999],[-120.74891500000001,39.04795599999999],[-120.74894,39.048086000000005],[-120.748992,39.048301],[-120.748998,39.048364],[-120.748977,39.04841],[-120.748934,39.048434],[-120.748914,39.048435],[-120.74888500000002,39.048437],[-120.748841,39.048411],[-120.74878699999998,39.048333],[-120.74874299999999,39.048255],[-120.748728,39.048227],[-120.748649,39.048114],[-120.74852500000001,39.047988],[-120.74844100000001,39.04785999999999],[-120.74837799999999,39.047793],[-120.74828599999996,39.047659],[-120.748263,39.047630999999996],[-120.748239,39.047601],[-120.74818699999997,39.047549],[-120.748128,39.04750599999999],[-120.748057,39.047474],[-120.74798599999997,39.047461000000006],[-120.74791200000001,39.047453],[-120.74773200000001,39.04746999999999],[-120.74763000000002,39.047486],[-120.74743799999999,39.047541],[-120.74691999999997,39.047672],[-120.746695,39.04773],[-120.746611,39.047753],[-120.74639900000001,39.047795],[-120.74594599999998,39.047872],[-120.74571,39.0479],[-120.74558899999998,39.04790599999999],[-120.74535700000001,39.04789699999999],[-120.74488600000001,39.047839999999994],[-120.744654,39.04780499999999],[-120.744425,39.047757],[-120.744314,39.047729],[-120.744202,39.047692],[-120.74409399999998,39.047644999999996],[-120.743999,39.047585999999995],[-120.74386399999999,39.047437],[-120.743821,39.047356],[-120.74378999999999,39.047275],[-120.74376599999998,39.04719099999999],[-120.743734,39.047012],[-120.74370900000001,39.04682999999999],[-120.743684,39.046741999999995],[-120.743651,39.046661],[-120.74360999999999,39.046583999999996],[-120.743456,39.04635499999999],[-120.74342700000001,39.046306],[-120.74336399999997,39.04619699999999],[-120.74332400000002,39.04611499999999],[-120.74329100000001,39.046031],[-120.743221,39.04580000000001],[-120.743203,39.045719],[-120.743143,39.045572],[-120.74310499999999,39.045501],[-120.74308100000002,39.045430999999994],[-120.743058,39.045309],[-120.743046,39.045285],[-120.743033,39.045217],[-120.74303000000002,39.04515599999999],[-120.74302299999997,39.04512100000001],[-120.74304200000002,39.04498799999999],[-120.743062,39.04485999999999],[-120.743068,39.04479099999999],[-120.74306600000001,39.04473000000001],[-120.74305400000001,39.044685],[-120.743051,39.044671],[-120.74302700000001,39.044623],[-120.74298900000001,39.044581],[-120.74294399999998,39.044555],[-120.74288099999998,39.044533],[-120.74280900000001,39.04452500000001],[-120.742732,39.04452500000001],[-120.742647,39.044532],[-120.74256,39.044548],[-120.742299,39.044606],[-120.742206,39.044607],[-120.74212399999998,39.044597],[-120.74204300000001,39.044579],[-120.74196399999998,39.044547],[-120.741927,39.04452500000001],[-120.741543,39.04430099999999],[-120.74145199999998,39.04426699999999],[-120.741357,39.04424399999999],[-120.741036,39.04420999999999],[-120.740819,39.044162],[-120.74050899999997,39.044018],[-120.74043300000001,39.043991],[-120.74025400000001,39.043964],[-120.73996799999999,39.043969],[-120.73986999999997,39.043958999999994],[-120.73967400000001,39.04391799999999],[-120.73928,39.04380299999999],[-120.739108,39.04374599999999],[-120.739021,39.04372999999999],[-120.738843,39.043717],[-120.738648,39.043727],[-120.73847200000002,39.043749],[-120.73814500000002,39.043812],[-120.73807199999997,39.043817999999995],[-120.738,39.043805],[-120.737942,39.043769],[-120.73789999999997,39.04371199999999],[-120.73782300000002,39.043516],[-120.73770700000001,39.043313999999995],[-120.737679,39.043244],[-120.73768099999998,39.043176],[-120.73768200000002,39.04316599999999],[-120.737691,39.043093],[-120.737673,39.04296500000001],[-120.737658,39.042904],[-120.737609,39.04278999999999],[-120.737594,39.042766],[-120.737574,39.04273100000001],[-120.73751200000001,39.042649999999995],[-120.73747999999998,39.042608],[-120.73742400000002,39.042548],[-120.737363,39.04249099999999],[-120.73730199999999,39.04243499999999],[-120.73700700000002,39.042191],[-120.736873,39.04206],[-120.73683900000002,39.04202699999999],[-120.736799,39.041981],[-120.73672200000001,39.04190499999999],[-120.736756,39.04187499999999],[-120.736803,39.041864],[-120.73684300000001,39.041874],[-120.73687399999997,39.04189499999999],[-120.73696800000002,39.04197799999999],[-120.73706,39.042031],[-120.737241,39.04205499999999],[-120.737298,39.04206599999999],[-120.73735599999998,39.042082],[-120.73747900000001,39.042126],[-120.73776399999998,39.042253],[-120.73792000000002,39.042348],[-120.73801799999997,39.042427999999994],[-120.738114,39.04253],[-120.73814300000001,39.04256000000001],[-120.73817800000002,39.04261],[-120.73819799999997,39.042665],[-120.738231,39.04277199999999],[-120.73824,39.042829],[-120.738244,39.042939000000004],[-120.73824199999999,39.042995],[-120.73825399999998,39.04303899999999],[-120.73827299999999,39.043067],[-120.738328,39.043083],[-120.738381,39.043085],[-120.73841900000001,39.043077999999994],[-120.73852599999996,39.043031],[-120.73865200000002,39.042979],[-120.73873000000002,39.04296000000001],[-120.73880999999997,39.042950000000005],[-120.73889099999998,39.042955],[-120.73911699999996,39.042996],[-120.739186,39.04299400000001],[-120.739248,39.042976],[-120.73930700000001,39.042944999999996],[-120.739434,39.04286],[-120.739507,39.04282599999999],[-120.73958699999999,39.042801],[-120.73967099999999,39.04278],[-120.73984299999996,39.042752],[-120.74002099999997,39.042736999999995],[-120.74011299999998,39.042736999999995],[-120.74029199999998,39.042753],[-120.740826,39.042816],[-120.74099699999996,39.04282800000001],[-120.74108099999997,39.04282599999999],[-120.741165,39.042817],[-120.741611,39.042739],[-120.741707,39.04273100000001],[-120.741882,39.042725],[-120.741966,39.042715],[-120.74204599999999,39.042695],[-120.742119,39.04266199999999],[-120.74219800000002,39.042618],[-120.74225600000001,39.042576999999994],[-120.742336,39.042511],[-120.74237200000002,39.042482],[-120.742413,39.042438999999995],[-120.74245199999997,39.042372],[-120.74253899999998,39.042277999999996],[-120.742651,39.042202],[-120.742798,39.042115],[-120.74292599999997,39.04208499999999],[-120.74300900000001,39.04207],[-120.743092,39.042061],[-120.74326499999998,39.04206],[-120.74335199999999,39.042067],[-120.74343500000002,39.04208],[-120.74366600000002,39.042132],[-120.74376599999998,39.042131],[-120.743804,39.04210599999999],[-120.74384999999998,39.042049999999996],[-120.74390599999997,39.041822999999994],[-120.74395799999999,39.041659],[-120.74396900000002,39.041597],[-120.74400399999998,39.04146],[-120.74403900000001,39.04124500000001],[-120.74403300000002,39.04117899999999],[-120.744016,39.04111399999999],[-120.743989,39.041053],[-120.743971,39.040994000000005],[-120.743932,39.04086000000001],[-120.74391000000001,39.040726],[-120.74389099999999,39.040664],[-120.74385699999998,39.040476999999996],[-120.743821,39.040352999999996],[-120.743774,39.040169],[-120.74377599999997,39.04010999999999],[-120.74379599999996,39.040058],[-120.74383299999998,39.040012],[-120.74388500000002,39.039978000000005],[-120.74395,39.03996],[-120.74402000000002,39.039961],[-120.744098,39.039971],[-120.74425899999999,39.040018999999994],[-120.74434000000001,39.04005],[-120.744503,39.040122000000004],[-120.744654,39.04020299999999],[-120.74496699999999,39.040336],[-120.74524000000001,39.04041699999999],[-120.74537800000002,39.040448],[-120.74553,39.04047],[-120.745608,39.040474],[-120.74576900000001,39.04047],[-120.74584600000001,39.040457999999994],[-120.745921,39.04043699999999],[-120.74599099999999,39.040406],[-120.74604999999997,39.04037],[-120.74612399999998,39.040316],[-120.74625099999999,39.040234999999996],[-120.74626000000002,39.040226999999994],[-120.74643399999997,39.040103],[-120.74648399999997,39.040058],[-120.746521,39.040014],[-120.746578,39.039935],[-120.74670900000001,39.039764],[-120.746758,39.039714],[-120.74681300000002,39.039668],[-120.74693600000002,39.039581],[-120.747059,39.039515],[-120.747118,39.039488999999996],[-120.747176,39.039474999999996],[-120.747142,39.039209],[-120.74713699999997,39.039072],[-120.74711099999999,39.03895000000001],[-120.74710099999999,39.038768999999995],[-120.747088,39.038654],[-120.746986,39.03844899999999],[-120.74688900000001,39.038184],[-120.746835,39.03805799999999],[-120.74679500000002,39.037941999999994],[-120.74676200000002,39.037788],[-120.74674799999995,39.037753],[-120.74670800000001,39.03764999999999],[-120.74659499999997,39.037325],[-120.74657500000002,39.037253],[-120.746713,39.036612000000005],[-120.74672299999999,39.03640899999999],[-120.746727,39.03618899999999],[-120.746722,39.03605699999999],[-120.74670299999998,39.035903],[-120.74663499999997,39.03577099999999],[-120.746546,39.035654],[-120.74647,39.035577],[-120.74639500000002,39.035459999999986],[-120.746229,39.035267],[-120.74586799999999,39.034980000000004],[-120.745554,39.034795],[-120.74536500000002,39.03472699999999],[-120.74521099999998,39.03469799999999],[-120.74492299999997,39.034667],[-120.74442400000001,39.034646],[-120.744202,39.034616],[-120.744002,39.034580999999996],[-120.743725,39.034507999999995],[-120.74343399999997,39.03443200000001],[-120.743119,39.03434099999999],[-120.74297600000001,39.03429499999999],[-120.742851,39.034206],[-120.742615,39.034020000000005],[-120.74221300000002,39.033631],[-120.742144,39.033542],[-120.741966,39.03324899999999],[-120.74190200000001,39.03318099999999],[-120.741765,39.033033],[-120.741649,39.032878],[-120.741341,39.032363],[-120.74109999999999,39.032081],[-120.74093999999997,39.031936],[-120.740889,39.03189999999999],[-120.74070400000001,39.03177199999999],[-120.74064100000001,39.031711],[-120.74058,39.03158400000001],[-120.740546,39.031496],[-120.740515,39.03149299999999],[-120.74048899999997,39.03148899999999],[-120.740474,39.031479],[-120.740438,39.031457],[-120.74038899999998,39.03141300000001],[-120.74038,39.031375999999995],[-120.740384,39.03133999999999],[-120.740399,39.031302],[-120.74042800000001,39.03126999999999],[-120.74045299999997,39.031251],[-120.74043899999998,39.031214000000006],[-120.74033999999999,39.03082899999998],[-120.74022599999999,39.030476],[-120.74016599999999,39.030304999999984],[-120.74004099999998,39.030013],[-120.73997399999998,39.02986899999999],[-120.739954,39.029748],[-120.73995000000001,39.029616],[-120.73995900000001,39.029489999999996],[-120.739949,39.02924800000001],[-120.73994600000002,39.02903899999999],[-120.739961,39.028963],[-120.73999,39.028886],[-120.74003400000001,39.028809],[-120.74028599999998,39.02854299999999],[-120.74047999999999,39.028308999999986],[-120.740574,39.028162],[-120.74066899999997,39.027965],[-120.74070699999999,39.027845],[-120.740723,39.02771299999999],[-120.74071899999997,39.027548],[-120.74069100000001,39.027333999999996],[-120.74068600000001,39.02722899999999],[-120.74069399999999,39.027136],[-120.74068299999998,39.02693599999999],[-120.74062699999998,39.026545],[-120.74059500000001,39.026402],[-120.74049399999998,39.02613699999999],[-120.74045299999997,39.02604899999999],[-120.74035499999998,39.025614],[-120.740282,39.025377],[-120.74015300000002,39.02512899999999],[-120.740038,39.024863],[-120.73999,39.024786],[-120.73991400000001,39.02472499999999],[-120.73969,39.024602],[-120.739537,39.024523],[-120.739369,39.02445],[-120.73915199999998,39.02439],[-120.738915,39.024267],[-120.73862799999999,39.024153999999996],[-120.73843299999999,39.024035999999995],[-120.738269,39.023925],[-120.73816600000002,39.02382399999998],[-120.73807599999999,39.023703000000005],[-120.73798099999998,39.023504],[-120.73790700000002,39.023299999999985],[-120.73784299999997,39.02306999999999],[-120.73783499999999,39.02304099999999],[-120.737786,39.022997000000004],[-120.73768799999999,39.02297399999999],[-120.737575,39.022961],[-120.737414,39.022962],[-120.73718,39.023009],[-120.73708899999998,39.022997000000004],[-120.73699800000001,39.02299099999999],[-120.736892,39.022962],[-120.73683000000001,39.022923],[-120.73676100000002,39.022851],[-120.73670200000001,39.022592],[-120.736619,39.022075],[-120.736609,39.021871999999995],[-120.736564,39.021624],[-120.73655499999998,39.021589],[-120.736525,39.02147],[-120.73648399999999,39.021354],[-120.736403,39.021155],[-120.736294,39.02079199999999],[-120.73625499999997,39.020636999999994],[-120.73625,39.020478],[-120.73625999999999,39.020341],[-120.73626199999997,39.02021700000001],[-120.736229,39.02008000000001],[-120.73617599999999,39.019946999999995],[-120.73607899999999,39.019836999999995],[-120.73596,39.019741999999994],[-120.73589199999999,39.01964199999999],[-120.73580999999997,39.019477],[-120.73564700000001,39.01918899999999],[-120.735599,39.019096],[-120.735502,39.01901199999999],[-120.73518899999998,39.018822],[-120.735103,39.018732],[-120.735057,39.018682999999996],[-120.73494700000002,39.01853899999999],[-120.734859,39.018361999999996],[-120.73470399999997,39.018116],[-120.73464499999999,39.018032],[-120.73478599999999,39.017944],[-120.73494700000002,39.01771399999999],[-120.73500199999998,39.01735099999999],[-120.73506200000001,39.016846],[-120.73517699999998,39.016421],[-120.735415,39.015379],[-120.73556900000001,39.01459299999999],[-120.73560200000001,39.014427],[-120.73581300000001,39.014209],[-120.736142,39.013948],[-120.736907,39.01351900000001],[-120.737204,39.01336599999999],[-120.738555,39.012374],[-120.73960500000001,39.011706],[-120.73989599999999,39.011484],[-120.740194,39.011279],[-120.74053200000002,39.011216999999995],[-120.74078200000001,39.011148],[-120.741116,39.01117700000001],[-120.74143499999997,39.011258],[-120.741745,39.01136],[-120.74200499999999,39.011422],[-120.742407,39.011402],[-120.742606,39.01132599999999],[-120.742734,39.01122],[-120.742732,39.01103199999999],[-120.742567,39.010511],[-120.742374,39.010138],[-120.74232499999998,39.009841],[-120.742365,39.00951800000001],[-120.74253899999998,39.00931599999999],[-120.74279699999998,39.00924200000001],[-120.742981,39.009227],[-120.743155,39.00921399999999],[-120.74351100000001,39.00925],[-120.743727,39.009351],[-120.74381100000001,39.00946],[-120.743986,39.009663],[-120.74419500000002,39.009968],[-120.744407,39.01019399999999],[-120.74465699999999,39.010359],[-120.744879,39.010470999999995],[-120.745113,39.01047499999999],[-120.745428,39.010407],[-120.74567,39.010378],[-120.74608000000002,39.01025599999999],[-120.74639500000002,39.010352],[-120.74690999999999,39.010366],[-120.747118,39.010373],[-120.74765599999999,39.010397],[-120.748136,39.01030299999999],[-120.748886,39.01004900000001],[-120.74933699999997,39.009817],[-120.74961200000001,39.009676999999996],[-120.74992699999999,39.009504],[-120.749994,39.009339999999995],[-120.750252,39.008994],[-120.750409,39.008769],[-120.75041399999998,39.008755],[-120.750619,39.008271],[-120.750748,39.00783899999999],[-120.75103999999999,39.00704],[-120.75116399999999,39.006727999999995],[-120.751213,39.006606],[-120.75143700000001,39.006203],[-120.75151199999999,39.0061],[-120.75176799999997,39.00575],[-120.752091,39.00553099999999],[-120.752522,39.005381],[-120.75283199999997,39.005294000000006],[-120.75326999999997,39.00530199999999],[-120.75371600000001,39.005423],[-120.75447000000001,39.005810000000004],[-120.754847,39.006013],[-120.755439,39.006349],[-120.75601899999998,39.00667099999998],[-120.75660199999999,39.006995],[-120.757117,39.00733099999999],[-120.75762200000001,39.007661],[-120.75778,39.007678999999996],[-120.75780500000002,39.007682],[-120.758035,39.00757800000001],[-120.75845399999999,39.00717000000001],[-120.758662,39.00690899999999],[-120.75914800000001,39.006628],[-120.75940999999997,39.00644299999999],[-120.75954399999999,39.00628300000001],[-120.759845,39.005927],[-120.76003499999997,39.00572700000001],[-120.760052,39.005714999999995],[-120.76025599999998,39.005570999999996],[-120.760428,39.0055],[-120.76044800000001,39.005492],[-120.76064799999999,39.005483],[-120.761227,39.00577999999999],[-120.76160699999998,39.005990999999995],[-120.76198799999999,39.006204000000004],[-120.762097,39.006263999999994],[-120.762226,39.00633599999999],[-120.76243200000002,39.00643399999999],[-120.762545,39.006488],[-120.76258500000002,39.006507],[-120.76270600000001,39.006564],[-120.76274700000002,39.006584000000004],[-120.76284900000002,39.00655499999999],[-120.76315600000001,39.006468999999996],[-120.76325899999998,39.006441],[-120.76351699999998,39.006359999999994],[-120.76375600000001,39.006232],[-120.763872,39.00591],[-120.763947,39.005489999999995],[-120.763959,39.005456],[-120.76405199999999,39.005216],[-120.764106,39.004829],[-120.76398399999997,39.004466],[-120.763831,39.00413399999999],[-120.76354299999998,39.00395499999999],[-120.76309899999998,39.003825],[-120.762685,39.003815],[-120.762013,39.00381200000001],[-120.76144400000001,39.003818],[-120.76125899999998,39.003809999999994],[-120.76083499999999,39.003792],[-120.760317,39.003651999999995],[-120.76013500000002,39.003313],[-120.76009899999998,39.003085],[-120.76017499999998,39.00286],[-120.760303,39.002489],[-120.76060699999998,39.002151999999995],[-120.76114199999998,39.002002],[-120.761398,39.001932],[-120.761599,39.001904],[-120.76209599999999,39.001836999999995],[-120.762652,39.001763],[-120.76357999999998,39.001936],[-120.76407399999997,39.002028],[-120.76453,39.00226299999999],[-120.764899,39.002487],[-120.76529,39.002777],[-120.765485,39.002934],[-120.76566699999998,39.003082],[-120.76605599999999,39.003370999999994],[-120.766511,39.003839000000006],[-120.76685299999997,39.004287],[-120.76692799999998,39.004553],[-120.76707000000002,39.004892],[-120.76710700000001,39.00500499999999],[-120.76709700000002,39.005447999999994],[-120.76688699999997,39.00608600000001],[-120.766388,39.00671100000001],[-120.76619,39.006982],[-120.766109,39.007041],[-120.765875,39.00721599999999],[-120.765589,39.007401],[-120.76523000000002,39.007606],[-120.76470800000001,39.007808],[-120.76464399999999,39.00785],[-120.764598,39.00787999999999],[-120.76455800000001,39.007908],[-120.76447100000001,39.00796499999999],[-120.76441199999998,39.007989],[-120.76435199999997,39.008013],[-120.764172,39.008087],[-120.764113,39.008112],[-120.763959,39.00816],[-120.763919,39.008173000000006],[-120.76362199999997,39.008196],[-120.76361999999999,39.008335999999986],[-120.76361999999999,39.008345999999996],[-120.763617,39.008497],[-120.76361500000002,39.008633],[-120.76358499999999,39.009021],[-120.76362899999997,39.009346],[-120.763811,39.00953500000001],[-120.76385699999997,39.009583],[-120.76399799999997,39.009691999999994],[-120.764448,39.00974999999999],[-120.765073,39.009733],[-120.76566200000002,39.009694999999994],[-120.765979,39.009666],[-120.766424,39.009603999999996],[-120.767091,39.00955],[-120.76721199999999,39.00954099999999],[-120.76795799999998,39.00939399999999],[-120.768162,39.009276],[-120.768336,39.009175],[-120.768625,39.008884],[-120.76895099999999,39.00849099999999],[-120.768982,39.008454],[-120.770225,39.007024],[-120.770522,39.00678299999999],[-120.77085299999999,39.006626999999995],[-120.771144,39.006569],[-120.771521,39.006558],[-120.77157799999998,39.006557],[-120.77235200000001,39.006677],[-120.77261900000002,39.006767999999994],[-120.77280900000001,39.006831999999996],[-120.77283500000001,39.006841],[-120.77328399999998,39.006949],[-120.773399,39.00696299999999],[-120.773599,39.006989999999995],[-120.773797,39.007001],[-120.77399,39.006913],[-120.77410300000001,39.006633],[-120.773979,39.00625699999999],[-120.77383200000001,39.006021],[-120.77383,39.005817],[-120.774026,39.005623],[-120.77432799999998,39.00549399999999],[-120.77493299999999,39.005506],[-120.775582,39.005575],[-120.77580999999999,39.005513],[-120.77649399999997,39.00533099999999],[-120.77719499999999,39.005182],[-120.77795,39.005013],[-120.77827900000001,39.00492100000001],[-120.77949799999999,39.004541999999994],[-120.78025,39.00419],[-120.78086100000002,39.00374299999999],[-120.781114,39.003457999999995],[-120.781205,39.003143],[-120.78119699999999,39.002804],[-120.781259,39.00255800000001],[-120.78205600000001,39.00195200000001],[-120.78249500000001,39.001642999999994],[-120.782762,39.00149300000001],[-120.78321799999999,39.001347],[-120.78409499999998,39.001046],[-120.78458299999997,39.00078],[-120.78504399999996,39.000471],[-120.78544900000001,39.00026],[-120.78572500000001,39.00010399999999],[-120.78598799999997,38.999996],[-120.78614,38.9999],[-120.786385,38.999790999999995],[-120.78679100000001,38.999622],[-120.78730400000002,38.999528],[-120.787585,38.999492],[-120.78794000000002,38.99949599999999],[-120.788423,38.99950799999999],[-120.788521,38.999525],[-120.788535,38.999525999999996],[-120.78857699999999,38.99953000000001],[-120.788592,38.999532],[-120.78870299999998,38.99954199999999],[-120.788747,38.999547],[-120.788901,38.999568],[-120.78903700000001,38.99958199999999],[-120.78914899999998,38.999595],[-120.78961900000002,38.999646999999996],[-120.79024700000001,38.999659],[-120.790798,38.99963000000001],[-120.791113,38.999544],[-120.791522,38.999433999999994],[-120.792224,38.999061999999995],[-120.79305099999999,38.998434],[-120.794397,38.997477999999994],[-120.79459800000001,38.99734600000001],[-120.795149,38.997116],[-120.795725,38.996803],[-120.796212,38.99657499999999],[-120.79677,38.996315],[-120.79712200000002,38.996194],[-120.79752800000001,38.99611399999999],[-120.79810299999997,38.996051],[-120.798286,38.996107],[-120.798325,38.996128],[-120.798656,38.996311],[-120.79891599999998,38.996514],[-120.799103,38.99665999999999],[-120.79936799999999,38.996866999999995],[-120.799724,38.997457999999995],[-120.79974700000001,38.997496],[-120.79997800000001,38.998108999999985],[-120.80013,38.998616],[-120.80039500000001,38.999115],[-120.80062900000001,38.999641],[-120.80070799999999,38.999804],[-120.80072099999997,38.999899],[-120.80077099999995,39.000118],[-120.80091,39.000276],[-120.80120200000002,39.00060800000001],[-120.80140299999997,39.000786],[-120.80154,39.000899],[-120.80166799999998,39.000956],[-120.80191599999999,39.001103],[-120.80261399999998,39.001181],[-120.803084,39.001194],[-120.80344200000002,39.001205],[-120.804443,39.001174000000006],[-120.80524,39.001101999999996],[-120.805807,39.001194999999996],[-120.80613000000001,39.001205],[-120.80696199999998,39.00119099999999],[-120.807456,39.001148],[-120.807684,39.001129000000006],[-120.808224,39.001059],[-120.80858900000001,39.00099699999999],[-120.8089,39.000929],[-120.80926,39.000852],[-120.80938599999998,39.000826],[-120.81032799999997,39.000571],[-120.810684,39.000474999999994],[-120.81086099999999,39.000427],[-120.81111700000001,39.000327999999996],[-120.811759,39.00024],[-120.812295,39.000133000000005],[-120.812775,38.999899],[-120.81333200000002,38.999479],[-120.813608,38.999169],[-120.81393299999998,38.998806],[-120.81431799999997,38.998233],[-120.814397,38.997327000000006],[-120.81450999999998,38.996295],[-120.81465300000002,38.99594799999999],[-120.814841,38.995633],[-120.81514000000001,38.995201],[-120.815342,38.99492699999999],[-120.81549,38.994778],[-120.81619499999998,38.99437],[-120.81682199999999,38.994206999999996],[-120.81762500000002,38.99396699999999],[-120.817891,38.993931999999994],[-120.819203,38.994020000000006],[-120.819874,38.994089],[-120.820264,38.994012],[-120.82042799999998,38.99398000000001],[-120.822104,38.99356999999999],[-120.82267799999997,38.993480999999996],[-120.823187,38.99334699999999],[-120.823465,38.99323299999999],[-120.82392899999998,38.993066999999996],[-120.82459299999996,38.992799],[-120.82472399999997,38.992746999999994],[-120.82660899999999,38.991437999999995],[-120.82751000000002,38.990643],[-120.827988,38.990174999999994],[-120.82835699999998,38.989791999999994],[-120.82917899999998,38.988551],[-120.82954699999998,38.987857000000005],[-120.82971100000002,38.987342999999996],[-120.82974399999998,38.98672800000001],[-120.829758,38.98646899999999],[-120.829695,38.984861],[-120.82971399999998,38.984726],[-120.82972099999998,38.98451099999999],[-120.82965399999999,38.984025],[-120.829551,38.983720999999996],[-120.82943399999999,38.983225],[-120.829232,38.98183],[-120.829262,38.981011],[-120.82938300000002,38.980385],[-120.829767,38.979834999999994],[-120.830301,38.979352],[-120.83087399999998,38.978941],[-120.83203800000001,38.978365999999994],[-120.832453,38.978117],[-120.83262000000002,38.978018000000006],[-120.83297800000001,38.97761899999999],[-120.833013,38.976808999999996],[-120.832885,38.97599499999999],[-120.83284300000001,38.975525],[-120.832762,38.975189],[-120.83267700000002,38.974957],[-120.83262600000002,38.974622],[-120.832692,38.973812],[-120.83302599999999,38.97319699999999],[-120.833415,38.972671999999996],[-120.833858,38.972154999999994],[-120.83406799999999,38.971976],[-120.83416300000002,38.971866],[-120.83428600000002,38.971821],[-120.83469099999999,38.971597],[-120.83474600000001,38.971583],[-120.83506,38.971509],[-120.835264,38.971512999999995],[-120.835661,38.971504],[-120.83626600000001,38.971722],[-120.83701099999998,38.97168799999999],[-120.83783899999999,38.971599999999995],[-120.838297,38.97164],[-120.838485,38.97165999999999],[-120.838837,38.971785999999994],[-120.83958699999998,38.972277000000005],[-120.839993,38.97265],[-120.84025899999999,38.973308],[-120.84040300000001,38.973931],[-120.84051699999999,38.974879],[-120.840627,38.97544599999999],[-120.840786,38.975569],[-120.841141,38.97563100000001],[-120.84200699999998,38.975647],[-120.84243299999999,38.97571000000001],[-120.843373,38.975624],[-120.84424899999999,38.975624999999994],[-120.844757,38.97568199999999],[-120.84483800000001,38.975708],[-120.84606899999997,38.976112],[-120.84679799999999,38.97643599999999],[-120.847208,38.97669],[-120.84755799999998,38.976926999999996],[-120.847943,38.976982],[-120.848433,38.976966999999995],[-120.84881099999997,38.976926],[-120.84938600000001,38.976808999999996],[-120.849893,38.97654],[-120.850204,38.976218],[-120.85051400000002,38.975899],[-120.85098399999995,38.975192],[-120.85183599999999,38.97378400000001],[-120.852616,38.973289],[-120.85324100000001,38.972815],[-120.85335800000001,38.97267899999999],[-120.85362099999998,38.972376999999994],[-120.85401900000001,38.971683999999996],[-120.85408799999998,38.971491],[-120.85415700000001,38.971298],[-120.85425900000001,38.971011999999995],[-120.854596,38.970412],[-120.85480800000002,38.97003599999999],[-120.85509099999997,38.969094999999996],[-120.855422,38.96809799999999],[-120.85550699999999,38.967654],[-120.85551099999999,38.967597],[-120.855555,38.96705099999999],[-120.85553200000001,38.96682],[-120.85544599999997,38.966627],[-120.85489200000002,38.965499],[-120.854153,38.96448699999999],[-120.85411200000001,38.964407999999985],[-120.853669,38.96354399999999],[-120.85357799999998,38.963009],[-120.85350999999997,38.962809],[-120.85336999999998,38.96238499999999],[-120.853167,38.961713],[-120.85293199999998,38.961366],[-120.85222099999999,38.959945],[-120.852101,38.95954499999999],[-120.85233400000001,38.959247],[-120.85298000000002,38.958766],[-120.853672,38.95846000000001],[-120.85421099999999,38.958342],[-120.85451299999997,38.95827699999999],[-120.85509000000002,38.95808899999999],[-120.85615700000001,38.95750400000001],[-120.85655600000001,38.957263999999995],[-120.85690799999998,38.957096],[-120.85717899999997,38.956942],[-120.85771599999997,38.956641],[-120.85791699999997,38.95604099999999],[-120.85822,38.955237999999994],[-120.85839300000002,38.95478399999999],[-120.85840299999998,38.954567999999995],[-120.85840999999999,38.954403],[-120.85838499999997,38.953877],[-120.858434,38.95326599999999],[-120.858903,38.952256],[-120.85928799999998,38.95198499999999],[-120.859863,38.951653],[-120.86032499999997,38.951541999999996],[-120.860485,38.951553],[-120.86060900000001,38.951563],[-120.860988,38.951849],[-120.861323,38.952220999999994],[-120.861574,38.952670999999995],[-120.86167299999998,38.952784],[-120.861831,38.952937999999996],[-120.8628,38.953592],[-120.86307499999998,38.953948],[-120.863547,38.95416300000001],[-120.86387999999998,38.95426499999999],[-120.86426699999997,38.954272],[-120.86599200000002,38.953842],[-120.86697,38.953836],[-120.868045,38.953991],[-120.86859899999999,38.954192],[-120.869378,38.954722999999994],[-120.87058600000002,38.955556],[-120.87123,38.955815],[-120.87140099999998,38.955844],[-120.872062,38.955957],[-120.873317,38.956052],[-120.87419999999997,38.956154999999995],[-120.875061,38.956345999999996],[-120.87538299999997,38.956390999999996],[-120.87554600000001,38.95641499999999],[-120.87577100000001,38.956447],[-120.87604499999998,38.956482],[-120.87630999999998,38.956647999999994],[-120.87691800000002,38.956874],[-120.87737599999997,38.957014],[-120.87745099999998,38.957017999999984],[-120.877706,38.95703399999999],[-120.877956,38.957044],[-120.87843299999997,38.957007],[-120.87886999999999,38.956973999999995],[-120.87953699999998,38.95694999999999],[-120.87986699999998,38.956952],[-120.87990300000001,38.95695299999999],[-120.880343,38.9569],[-120.880922,38.956713],[-120.88126200000002,38.956713],[-120.88159299999998,38.95671399999999],[-120.882082,38.956863],[-120.88230199999998,38.95692999999999],[-120.88252199999997,38.956998],[-120.883315,38.957347],[-120.88390199999999,38.957685999999995],[-120.884027,38.957759],[-120.88458,38.958344],[-120.88467100000001,38.958447],[-120.88485199999998,38.958652],[-120.88494799999998,38.958753],[-120.88504300000001,38.95885299999999],[-120.88515699999999,38.959],[-120.88518,38.959013999999996],[-120.88545599999998,38.959182999999996],[-120.88574800000002,38.959281],[-120.885963,38.95933699999999],[-120.886423,38.959507],[-120.88728500000002,38.95967999999999],[-120.887924,38.959732]]],"type":"Polygon"}},{"type":"Feature","id":4,"properties":{"DISTRICT":4,"POPULATION":16745},"geometry":{"coordinates":[[[-121.20866500000001,38.883041999999996],[-121.20749499999998,38.883041000000006],[-121.205087,38.88302099999999],[-121.20275,38.88300799999999],[-121.20086599999998,38.88300799999999],[-121.20080800000001,38.88301800000001],[-121.20080400000002,38.88309899999999],[-121.200689,38.88305999999999],[-121.198803,38.88310599999999],[-121.198707,38.883154],[-121.19807300000001,38.88317599999999],[-121.19806999999997,38.88313099999999],[-121.19706400000001,38.88316900000001],[-121.195832,38.883196000000005],[-121.19586699999999,38.885217000000004],[-121.195942,38.887985999999984],[-121.19607699999997,38.890561999999996],[-121.19596499999999,38.890547],[-121.19593199999998,38.890381000000005],[-121.195922,38.89026100000001],[-121.195916,38.890171],[-121.19591300000002,38.890075],[-121.19593699999999,38.88976799999999],[-121.195939,38.889715],[-121.195935,38.889665],[-121.19592300000001,38.889619999999994],[-121.19590500000001,38.889585],[-121.19588000000002,38.88955599999999],[-121.19584199999997,38.889529],[-121.19579000000002,38.889506],[-121.195748,38.889492999999995],[-121.195471,38.889410999999996],[-121.19540300000001,38.88938399999999],[-121.195349,38.88935300000001],[-121.19530100000001,38.889316],[-121.195261,38.889272999999996],[-121.19523100000002,38.889227],[-121.19522099999998,38.88920399999999],[-121.19518799999997,38.889126999999995],[-121.19488999999999,38.88856299999999],[-121.19506900000002,38.888422000000006],[-121.19511800000001,38.888374999999996],[-121.1952,38.888316],[-121.19522999999997,38.88829499999999],[-121.195401,38.888188],[-121.19547899999998,38.888130999999994],[-121.19550599999998,38.888110999999995],[-121.195588,38.88805099999999],[-121.19561600000002,38.888031999999995],[-121.19567900000001,38.887985999999984],[-121.195714,38.887957],[-121.19574500000002,38.88792200000001],[-121.195756,38.887904],[-121.19577299999997,38.88788],[-121.19579299999997,38.887831999999996],[-121.19580200000001,38.88778099999999],[-121.19580299999998,38.887634],[-121.19579999999998,38.887536],[-121.195794,38.88749000000001],[-121.195781,38.887447],[-121.195756,38.887409],[-121.195717,38.887378],[-121.19570699999998,38.88737299999999],[-121.19566700000001,38.887357],[-121.195523,38.887324],[-121.195419,38.887300999999994],[-121.194927,38.88719499999999],[-121.194798,38.887156999999995],[-121.19462500000002,38.887816],[-121.192621,38.887397],[-121.192642,38.886441],[-121.191267,38.886441],[-121.19133100000002,38.889824999999995],[-121.19134400000002,38.890505999999995],[-121.18256100000002,38.890538],[-121.18224,38.890564],[-121.18229,38.892109999999995],[-121.182395,38.894915999999995],[-121.18250099999999,38.89675199999999],[-121.18253200000001,38.897827],[-121.180305,38.89784900000001],[-121.180257,38.898086],[-121.180182,38.898495000000004],[-121.180149,38.89870799999999],[-121.18011999999999,38.898988],[-121.18011499999999,38.899045],[-121.18010299999999,38.899322999999995],[-121.180104,38.899460999999995],[-121.180113,38.899597],[-121.18015900000002,38.89982899999998],[-121.180167,38.89986700000001],[-121.180266,38.90009],[-121.180342,38.900261],[-121.180432,38.900463],[-121.18049900000001,38.90058],[-121.18059100000002,38.900679],[-121.18063599999999,38.90073499999999],[-121.18067900000001,38.90078799999999],[-121.180773,38.900863],[-121.180801,38.900885],[-121.180885,38.90095099999999],[-121.180914,38.900973],[-121.181043,38.90107299999999],[-121.18111800000001,38.90113099999999],[-121.18120899999997,38.90121499999999],[-121.18134699999997,38.901388999999995],[-121.18137300000001,38.90143],[-121.18140200000002,38.901475999999995],[-121.18143699999997,38.901561],[-121.18143900000001,38.90157899999999],[-121.181462,38.901737],[-121.18145700000001,38.90185699999999],[-121.18145399999999,38.90194399999999],[-121.18142399999998,38.902414],[-121.18141499999999,38.90252199999999],[-121.181386,38.902642],[-121.18138099999999,38.902692],[-121.181371,38.902812],[-121.18138099999999,38.902891999999994],[-121.181423,38.902959],[-121.18132800000001,38.903017],[-121.18127999999999,38.90306000000001],[-121.181165,38.903195],[-121.18110999999998,38.90324499999999],[-121.181043,38.903292],[-121.18097199999997,38.90333099999999],[-121.18089800000001,38.903363999999996],[-121.18073100000001,38.90342],[-121.18063700000002,38.90344299999999],[-121.180221,38.90351],[-121.180099,38.903526],[-121.179762,38.90359000000001],[-121.17955799999997,38.90364499999999],[-121.17947199999999,38.903679],[-121.17941999999996,38.903716],[-121.179281,38.90379599999999],[-121.179263,38.90380699999999],[-121.17919599999998,38.903864],[-121.17907699999998,38.903984],[-121.17902199999997,38.90404699999999],[-121.17889000000001,38.90423200000001],[-121.17886899999998,38.90425499999999],[-121.178838,38.904291],[-121.178801,38.90431899999999],[-121.178777,38.904339],[-121.17870799999997,38.90439299999999],[-121.17862499999998,38.904436],[-121.178534,38.904477],[-121.17824399999999,38.904599],[-121.17777800000002,38.904818999999996],[-121.177753,38.904832],[-121.177562,38.90494199999999],[-121.17737900000002,38.905061],[-121.17712099999999,38.90527699999999],[-121.176997,38.905404999999995],[-121.17693299999998,38.90548299999999],[-121.17687500000001,38.90556300000001],[-121.17674000000001,38.905713],[-121.17665600000001,38.905778],[-121.176561,38.90583399999999],[-121.17627099999999,38.905975],[-121.17618200000001,38.906028],[-121.175941,38.906207],[-121.175857,38.90626199999999],[-121.17576999999999,38.906311],[-121.17568199999997,38.906354],[-121.17558899999999,38.906387],[-121.17549100000001,38.90641],[-121.17529799999998,38.90643],[-121.175111,38.906466],[-121.17501999999998,38.906496000000004],[-121.17499299999997,38.906508],[-121.17484599999997,38.906577999999996],[-121.174577,38.90672],[-121.17438499999999,38.906806],[-121.174285,38.90684100000001],[-121.17418100000002,38.906862999999994],[-121.17407900000002,38.906873],[-121.173961,38.90687499999999],[-121.17377299999998,38.906877],[-121.173476,38.906898],[-121.173381,38.9069],[-121.173288,38.90689199999999],[-121.173196,38.906873999999995],[-121.17300400000002,38.906817],[-121.17292600000002,38.906774999999996],[-121.172845,38.90672500000001],[-121.17276,38.90666499999999],[-121.17280999999998,38.907126],[-121.172794,38.90742999999999],[-121.17268300000002,38.90746],[-121.172588,38.90754600000001],[-121.172559,38.90832399999999],[-121.17255400000002,38.908662],[-121.172745,38.908666],[-121.17266200000002,38.910768999999995],[-121.17252,38.91671099999999],[-121.17253899999999,38.917231],[-121.17259000000001,38.91822199999999],[-121.17261199999997,38.91889599999999],[-121.17261199999997,38.918983],[-121.17260899999998,38.91963],[-121.17249199999998,38.91963100000001],[-121.16807400000002,38.91966899999999],[-121.168083,38.919514],[-121.16809199999999,38.919273],[-121.16812499999999,38.918699],[-121.168137,38.91847799999999],[-121.168137,38.918372999999995],[-121.168124,38.918272],[-121.16808700000001,38.918170999999994],[-121.16802700000001,38.918075],[-121.16788999999997,38.917902],[-121.16778600000002,38.917797],[-121.167728,38.917739],[-121.16763099999999,38.917663],[-121.16729100000002,38.91744],[-121.167184,38.917352999999984],[-121.16709499999999,38.917256],[-121.167022,38.917154],[-121.16690199999998,38.916947],[-121.166836,38.916849],[-121.16675600000002,38.916755],[-121.16666600000002,38.916675999999995],[-121.16655599999999,38.916601],[-121.16643200000001,38.916537999999996],[-121.166295,38.916486],[-121.16615099999997,38.91644599999999],[-121.16599799999997,38.916413999999996],[-121.16568599999997,38.91636],[-121.16536899999998,38.91629799999999],[-121.165291,38.91627999999999],[-121.165059,38.916229],[-121.164906,38.91619],[-121.16445199999997,38.91609],[-121.16429799999999,38.916065],[-121.16423499999998,38.916056],[-121.164047,38.916031],[-121.16398499999998,38.91602300000001],[-121.16366700000002,38.915990999999984],[-121.163197,38.91592099999999],[-121.162897,38.91586],[-121.162608,38.91578899999999],[-121.16239799999998,38.915732],[-121.16231999999998,38.915710999999995],[-121.16203399999999,38.91562],[-121.161893,38.915567],[-121.16175400000002,38.915507999999996],[-121.161628,38.915443],[-121.16139599999997,38.915307999999996],[-121.161288,38.915240999999995],[-121.16117899999998,38.915185],[-121.16106400000001,38.915139999999994],[-121.16094199999998,38.91510199999999],[-121.16070400000001,38.91500799999999],[-121.160592,38.914951],[-121.16048999999997,38.91488499999999],[-121.16040100000001,38.914809999999996],[-121.16006599999997,38.91449699999999],[-121.159976,38.91441799999999],[-121.15987599999998,38.91437199999999],[-121.15977199999999,38.914311],[-121.15921800000001,38.91401199999999],[-121.159004,38.913881999999994],[-121.158796,38.913738999999985],[-121.15859400000001,38.913585],[-121.15827499999999,38.913363],[-121.15823399999998,38.913333],[-121.15764799999998,38.912901],[-121.15754199999999,38.912831],[-121.15743100000002,38.912763999999996],[-121.15731599999997,38.91270099999999],[-121.15719300000002,38.912647],[-121.15706200000001,38.91259899999999],[-121.156925,38.912555],[-121.15685100000002,38.91252099999999],[-121.15678000000001,38.912521999999996],[-121.15633500000001,38.912425],[-121.15621200000001,38.912401],[-121.15618899999997,38.91239699999999],[-121.156043,38.912377],[-121.15589599999997,38.912367],[-121.15544300000002,38.912363],[-121.154808,38.912373],[-121.154261,38.912369999999996],[-121.15398799999998,38.912369],[-121.153611,38.912364999999994],[-121.15338199999998,38.912362],[-121.152698,38.912353],[-121.152644,38.912353],[-121.15247,38.912352],[-121.15195800000001,38.912355],[-121.15184499999997,38.91235799999999],[-121.151611,38.91236599999999],[-121.15126600000002,38.912386],[-121.15040399999997,38.91246099999999],[-121.15005399999998,38.912479],[-121.149975,38.912479],[-121.14970000000001,38.912483],[-121.14952800000002,38.91248199999999],[-121.14935099999997,38.91247599999999],[-121.149215,38.912473],[-121.14880899999997,38.91246399999999],[-121.148674,38.91246099999999],[-121.148651,38.912459999999996],[-121.148474,38.91245299999999],[-121.148303,38.91245299999999],[-121.14814,38.912468999999994],[-121.14797700000001,38.91249499999999],[-121.147872,38.91252099999999],[-121.147657,38.912575],[-121.14733199999998,38.912640999999994],[-121.14716699999997,38.912663],[-121.14683200000002,38.912690999999995],[-121.14632899999998,38.912707],[-121.146161,38.912706],[-121.14582299999996,38.91268399999999],[-121.145471,38.912634999999995],[-121.14500099999998,38.91257],[-121.14467299999997,38.912518],[-121.144344,38.91245399999999],[-121.14409,38.91239000000001],[-121.14401799999997,38.912372],[-121.143856,38.912323],[-121.14369500000001,38.912267],[-121.143387,38.91214300000001],[-121.14323899999998,38.912068],[-121.14295399999997,38.91190699999999],[-121.142484,38.91162099999998],[-121.14225000000002,38.91148],[-121.14210799999998,38.91139799999999],[-121.14196699999997,38.911325],[-121.141814,38.911244999999994],[-121.141715,38.911199],[-121.141584,38.91113699999999],[-121.14121299999998,38.91096399999999],[-121.14077399999998,38.910766],[-121.14047900000001,38.910629],[-121.140424,38.9106],[-121.140335,38.910553],[-121.14019599999999,38.910471],[-121.14005799999997,38.910383],[-121.13992999999999,38.91029499999999],[-121.13968,38.91010299999999],[-121.13965099999999,38.910079999999994],[-121.13931999999998,38.909814],[-121.13921800000001,38.90971300000001],[-121.13906300000001,38.909504],[-121.13899199999997,38.909398],[-121.138914,38.909302],[-121.138823,38.909215],[-121.13871999999999,38.90913599999999],[-121.13860600000001,38.909061],[-121.13856399999999,38.909033],[-121.138376,38.908908000000004],[-121.13825,38.90883500000001],[-121.138141,38.908756],[-121.138013,38.908666],[-121.13771099999998,38.908473],[-121.13763600000001,38.90842599999999],[-121.137025,38.90807],[-121.136879,38.90798999999999],[-121.13669499999997,38.907907],[-121.13633999999998,38.907774999999994],[-121.136247,38.90774100000001],[-121.13602100000001,38.907624999999996],[-121.13592499999999,38.907548],[-121.13589800000001,38.907523],[-121.13583499999999,38.907463],[-121.13541700000002,38.90697999999999],[-121.13523600000002,38.906793],[-121.13514099999999,38.90670399999999],[-121.135038,38.90662199999999],[-121.134945,38.90655999999999],[-121.13492700000002,38.906548],[-121.13481100000001,38.906481],[-121.13468800000001,38.90642],[-121.13456199999999,38.906365],[-121.133623,38.906000999999996],[-121.133348,38.905911999999994],[-121.13307300000001,38.905826999999995],[-121.13294199999997,38.905775],[-121.132819,38.905713999999996],[-121.13270499999999,38.905644],[-121.132606,38.90556300000001],[-121.13251300000002,38.905472],[-121.13233699999998,38.90528099999999],[-121.13214500000001,38.904954],[-121.13196799999999,38.904631],[-121.13175899999997,38.90430899999999],[-121.13170999999998,38.90423400000001],[-121.13163,38.904137],[-121.131545,38.904047999999996],[-121.13144699999997,38.903974],[-121.13125300000002,38.903834999999994],[-121.13100900000002,38.903651],[-121.130902,38.903561],[-121.130748,38.903414999999995],[-121.130696,38.903359],[-121.13065199999998,38.903298],[-121.13063199999998,38.903262],[-121.13035199999999,38.902759],[-121.13025900000001,38.90259199999999],[-121.130027,38.90218699999999],[-121.12980899999998,38.901838],[-121.129723,38.901711999999996],[-121.12963599999998,38.90159599999999],[-121.12935200000001,38.901268],[-121.12925300000002,38.901171000000005],[-121.12914799999999,38.90108299999999],[-121.12903399999999,38.901002999999996],[-121.12891400000001,38.900928],[-121.128791,38.900861],[-121.12853499999999,38.90074599999999],[-121.128405,38.900692],[-121.128279,38.900633],[-121.128165,38.900561],[-121.12806299999997,38.90047799999999],[-121.12778500000002,38.90021999999999],[-121.12764199999998,38.900017],[-121.127531,38.899795000000005],[-121.127409,38.899583],[-121.12733200000001,38.89947099999999],[-121.12725600000002,38.899367],[-121.12709700000002,38.899155],[-121.127012,38.89906],[-121.12691299999997,38.898971],[-121.12669899999997,38.898822],[-121.12636399999997,38.89862300000001],[-121.126222,38.89854699999999],[-121.12608900000001,38.898489999999995],[-121.12597,38.89842399999999],[-121.1256,38.898256],[-121.12546100000002,38.89822600000001],[-121.125333,38.89819099999999],[-121.125196,38.898173],[-121.12506200000001,38.898163],[-121.12481299999997,38.898167],[-121.124682,38.898164],[-121.124556,38.898165999999996],[-121.124434,38.898159],[-121.12438000000002,38.898151],[-121.12431799999997,38.89814299999999],[-121.124201,38.89811499999999],[-121.12418199999999,38.898109],[-121.124085,38.898078],[-121.12384999999998,38.897982],[-121.12373199999999,38.897927],[-121.123628,38.897865],[-121.123535,38.897791999999995],[-121.12348199999998,38.897727999999994],[-121.12346700000002,38.89771],[-121.123424,38.89761699999999],[-121.12342000000001,38.897352],[-121.123397,38.89727599999999],[-121.123355,38.897206999999995],[-121.12329100000001,38.89714500000001],[-121.12320899999999,38.897092],[-121.12311199999999,38.89705],[-121.123007,38.897025],[-121.12288700000002,38.896997999999996],[-121.12264800000001,38.89699099999999],[-121.12243100000002,38.89699199999999],[-121.12227799999997,38.897003999999995],[-121.122139,38.89699499999999],[-121.121751,38.89698799999999],[-121.12162,38.89698799999999],[-121.121493,38.896996],[-121.12137500000001,38.89700899999999],[-121.121269,38.89703999999999],[-121.121126,38.897035],[-121.12107700000001,38.897014999999996],[-121.12103300000001,38.896984],[-121.12100399999997,38.896946],[-121.12098700000001,38.89690300000001],[-121.120985,38.89686],[-121.120995,38.896817],[-121.12101099999998,38.896774],[-121.12107,38.896682999999996],[-121.121299,38.896390999999994],[-121.12134200000001,38.896331],[-121.12137899999998,38.896269],[-121.121403,38.896203],[-121.12140599999998,38.896133],[-121.12139299999998,38.896064999999986],[-121.12135499999998,38.896001],[-121.121299,38.89594399999999],[-121.12122199999999,38.895892],[-121.12114399999997,38.89585100000001],[-121.12106099999997,38.895818],[-121.12088399999998,38.895765],[-121.120799,38.895726999999994],[-121.12076499999999,38.895705],[-121.12072300000001,38.89567799999999],[-121.120696,38.89565499999999],[-121.12065399999999,38.89562],[-121.120512,38.895479],[-121.120452,38.89542],[-121.12037100000002,38.895343000000004],[-121.120289,38.895273],[-121.12020100000001,38.895205],[-121.120109,38.89514199999999],[-121.11991099999997,38.895024],[-121.119697,38.894911],[-121.119685,38.894902],[-121.119593,38.894836999999995],[-121.119056,38.894544999999994],[-121.11894399999997,38.894499],[-121.118836,38.894461],[-121.118694,38.894456999999996],[-121.11856899999997,38.894415],[-121.11830400000001,38.894362],[-121.11763999999998,38.894193],[-121.11705,38.89409499999999],[-121.116816,38.89405699999998],[-121.11613800000002,38.89392399999999],[-121.11583099999997,38.893865],[-121.11569700000001,38.893842],[-121.11539299999997,38.89379],[-121.11493800000001,38.89369899999999],[-121.11479899999999,38.893657999999995],[-121.114651,38.89362599999998],[-121.114389,38.89354599999999],[-121.11408999999999,38.893455],[-121.11396100000002,38.89341699999999],[-121.11381199999998,38.893385],[-121.113684,38.89334000000001],[-121.11347099999998,38.89328199999999],[-121.113408,38.893266],[-121.11266399999997,38.893102999999996],[-121.112525,38.893066999999995],[-121.11237900000002,38.89302099999999],[-121.11212599999999,38.892912],[-121.11200199999998,38.89288299999999],[-121.11187599999998,38.892845],[-121.111756,38.892816],[-121.11151700000002,38.892735],[-121.111387,38.89268599999999],[-121.111262,38.892652],[-121.11114599999998,38.892606],[-121.111134,38.8926],[-121.11104099999999,38.892553],[-121.110853,38.892432],[-121.11076100000001,38.89236199999999],[-121.11061799999997,38.892191999999994],[-121.11055100000002,38.892097],[-121.11049799999998,38.891999999999996],[-121.110456,38.891898999999995],[-121.11039199999999,38.891698],[-121.11035799999999,38.89159899999999],[-121.110316,38.89150000000001],[-121.11022300000002,38.891324],[-121.11021700000002,38.891312],[-121.11014299999998,38.891253],[-121.11005999999998,38.891194999999996],[-121.109967,38.891149],[-121.10986700000001,38.89111299999999],[-121.109757,38.891087],[-121.10966199999999,38.891074999999994],[-121.10956499999999,38.89107799999999],[-121.10953399999998,38.891086],[-121.109478,38.89110199999999],[-121.10930999999997,38.891189999999995],[-121.10923299999997,38.89124499999999],[-121.10913999999998,38.891298],[-121.10904,38.891344],[-121.10892999999999,38.89138100000001],[-121.108814,38.891405999999996],[-121.10869600000001,38.89142],[-121.10845200000001,38.891422],[-121.108319,38.89140100000001],[-121.10793099999997,38.89135499999999],[-121.1078,38.89133499999999],[-121.10767199999998,38.89130899999999],[-121.10755199999998,38.891272],[-121.10744399999997,38.891222],[-121.107375,38.89118199999999],[-121.10734399999998,38.891164999999994],[-121.10728199999998,38.891087],[-121.10719699999999,38.891012999999994],[-121.107124,38.89093999999999],[-121.107042,38.890874],[-121.10696299999998,38.890801999999994],[-121.10681099999996,38.890683],[-121.10671199999997,38.890604],[-121.106694,38.890589],[-121.10659100000001,38.890530999999996],[-121.10648300000001,38.890476],[-121.106379,38.890429999999995],[-121.10636799999999,38.890425],[-121.106262,38.890385],[-121.10624500000002,38.890378999999996],[-121.10612299999998,38.890339],[-121.10593099999998,38.890312],[-121.105872,38.890304],[-121.10574499999997,38.890299999999996],[-121.10561899999998,38.890314999999994],[-121.105493,38.89034300000001],[-121.10524600000001,38.890422],[-121.105129,38.890465],[-121.105001,38.8905],[-121.104944,38.89051299999999],[-121.104871,38.89052999999999],[-121.10473999999999,38.890547],[-121.10466100000001,38.89054999999998],[-121.104608,38.890551],[-121.10454599999998,38.890548],[-121.10447499999998,38.890542],[-121.10436000000001,38.890525],[-121.104106,38.890469],[-121.10386,38.890423000000006],[-121.10373899999998,38.89040899999999],[-121.103617,38.89040299999999],[-121.103494,38.89040500000001],[-121.103368,38.890412],[-121.102974,38.890477],[-121.10270800000002,38.89053599999999],[-121.10258199999998,38.89055799999999],[-121.102331,38.89058299999999],[-121.10220400000001,38.89058],[-121.10207599999997,38.890546],[-121.101941,38.89049099999999],[-121.101506,38.890231],[-121.101313,38.89010600000001],[-121.10121099999998,38.890031],[-121.10112900000001,38.889950999999996],[-121.10103300000002,38.889905999999996],[-121.100945,38.889847],[-121.10084400000001,38.889791],[-121.10080500000001,38.88977399999999],[-121.10073899999998,38.889746],[-121.100714,38.889738],[-121.10062599999998,38.88971299999999],[-121.10050500000001,38.889686999999995],[-121.100431,38.889682],[-121.10037899999999,38.88967999999999],[-121.10033499999997,38.889672],[-121.10024999999999,38.889657],[-121.099978,38.88964699999999],[-121.099774,38.889661999999994],[-121.099627,38.88969699999999],[-121.09903700000001,38.88983999999999],[-121.09897699999998,38.889863999999996],[-121.09868399999999,38.889954],[-121.09863200000001,38.889978],[-121.09852999999998,38.890024],[-121.09848499999997,38.88964000000001],[-121.09847899999998,38.889251],[-121.098533,38.88912],[-121.098501,38.88843399999999],[-121.098551,38.88693599999999],[-121.098891,38.886382],[-121.09926800000001,38.885768],[-121.099116,38.88585299999999],[-121.09896399999997,38.88594],[-121.098751,38.886064999999995],[-121.09857,38.886176],[-121.09836100000001,38.88630599999999],[-121.097996,38.886537999999994],[-121.09765599999997,38.886720999999994],[-121.097329,38.88691299999999],[-121.097053,38.88703799999999],[-121.09670100000001,38.887211],[-121.09634900000002,38.887374],[-121.095985,38.887537],[-121.09565900000001,38.88764199999999],[-121.09527,38.88780500000001],[-121.094119,38.88817099999999],[-121.0941,38.88817699999999],[-121.09339,38.88834599999999],[-121.09296399999997,38.88844099999999],[-121.092538,38.888545],[-121.09219999999999,38.888619999999996],[-121.09163799999999,38.888806],[-121.091616,38.888813],[-121.091598,38.888819999999996],[-121.09127200000002,38.888935],[-121.09084600000001,38.889059],[-121.09045699999997,38.889212],[-121.09039500000002,38.88923299999999],[-121.090181,38.889307],[-121.089716,38.889489],[-121.08948999999997,38.889585],[-121.089277,38.8897],[-121.08907500000001,38.889815999999996],[-121.088811,38.88998],[-121.088332,38.890288],[-121.08799199999997,38.890569],[-121.087676,38.89082],[-121.087424,38.891003],[-121.08719699999999,38.89120599999999],[-121.08713,38.891262],[-121.086944,38.891419],[-121.086767,38.891613],[-121.08655300000001,38.891766999999994],[-121.086332,38.89194],[-121.08612900000001,38.89206999999999],[-121.08610500000002,38.892085],[-121.08591599999998,38.89222999999999],[-121.08578399999999,38.892318],[-121.085714,38.892365],[-121.08548699999997,38.89253899999999],[-121.08526099999999,38.892654],[-121.085032,38.892752],[-121.08482499999997,38.892854],[-121.08467099999997,38.892931],[-121.084292,38.893123],[-121.084245,38.893145999999994],[-121.08410899999997,38.893218999999995],[-121.08406399999998,38.893244],[-121.08405100000002,38.89325],[-121.08401599999998,38.89325899999999],[-121.08400299999998,38.89327699999999],[-121.08390499999997,38.89333],[-121.08365800000001,38.89344899999999],[-121.08359,38.893486],[-121.08325300000001,38.89367099999999],[-121.08280899999998,38.89396099999999],[-121.08269100000001,38.89405899999999],[-121.08245799999997,38.89427599999999],[-121.082135,38.894608],[-121.082045,38.894698999999996],[-121.08177800000001,38.894973],[-121.08168900000001,38.895065],[-121.08149000000002,38.895271],[-121.08148100000001,38.895278999999995],[-121.081198,38.89556],[-121.08092900000001,38.895793000000005],[-121.08081400000002,38.895872999999995],[-121.08057,38.896044],[-121.080552,38.896057],[-121.080406,38.89614399999999],[-121.08030400000001,38.896204999999995],[-121.080129,38.896311],[-121.08008700000002,38.896334],[-121.07990899999997,38.89643300000001],[-121.07974199999997,38.89652699999999],[-121.07970700000001,38.896545],[-121.079603,38.896603],[-121.079569,38.896621999999994],[-121.079558,38.896626999999995],[-121.07953500000002,38.896644],[-121.07951899999998,38.89664899999999],[-121.079421,38.89670199999999],[-121.07924,38.896801999999994],[-121.079132,38.896862999999996],[-121.079036,38.89691899999999],[-121.07885100000001,38.897026],[-121.07870700000001,38.897112],[-121.07846599999999,38.897258],[-121.07820299999999,38.89740900000001],[-121.07806700000002,38.897273],[-121.07783900000001,38.897395],[-121.07763199999998,38.897531],[-121.07736799999998,38.897717],[-121.07732499999999,38.897754],[-121.07717899999999,38.89788099999999],[-121.076834,38.898202],[-121.07648899999998,38.898513],[-121.07609100000002,38.89885999999999],[-121.07602000000001,38.898925],[-121.07486799999998,38.899945],[-121.07468999999999,38.900102],[-121.07465999999998,38.900129],[-121.074424,38.900338],[-121.07409699999997,38.900612],[-121.07390300000002,38.90077399999999],[-121.07243199999998,38.90211899999999],[-121.072374,38.902179000000004],[-121.07217100000001,38.90241799999999],[-121.07212499999999,38.90247999999999],[-121.071869,38.902843],[-121.07157900000001,38.903372],[-121.071531,38.903478],[-121.07146200000001,38.903682999999994],[-121.07129799999997,38.904174],[-121.07126499999997,38.904304999999994],[-121.071212,38.904604],[-121.07119,38.904796999999995],[-121.07117899999999,38.905057],[-121.07117899999999,38.905274999999996],[-121.07121299999999,38.90578599999999],[-121.071259,38.906492],[-121.071253,38.906797],[-121.07125100000002,38.906867999999996],[-121.07120799999997,38.90717599999999],[-121.071136,38.907478],[-121.071023,38.907812],[-121.07093699999997,38.90801799999999],[-121.070803,38.908264],[-121.070602,38.908575],[-121.070401,38.90883099999999],[-121.07021199999997,38.90903800000001],[-121.069987,38.909246],[-121.069762,38.90943699999999],[-121.06932199999997,38.909762],[-121.068795,38.910152],[-121.06882699999997,38.909778],[-121.06878700000001,38.909381],[-121.06872199999998,38.909138],[-121.06867299999998,38.908955],[-121.068578,38.908666999999994],[-121.06842600000002,38.908349],[-121.06818700000001,38.907938],[-121.06809299999999,38.907784],[-121.067836,38.907364],[-121.06730400000001,38.90642100000001],[-121.06697100000001,38.905799999999985],[-121.066956,38.90576999999999],[-121.066777,38.905386],[-121.066458,38.904601],[-121.066402,38.904457],[-121.066233,38.904025],[-121.06617800000001,38.903881],[-121.06606400000001,38.903923],[-121.065723,38.904053000000005],[-121.06561000000002,38.90409699999999],[-121.06539499999998,38.904159],[-121.065309,38.9042],[-121.065201,38.904235],[-121.06512400000001,38.904239999999994],[-121.065064,38.90423299999999],[-121.06504200000002,38.904231],[-121.064966,38.904207],[-121.064891,38.90416],[-121.06483799999997,38.904104],[-121.064777,38.90400799999999],[-121.06471099999997,38.90389199999999],[-121.06464300000002,38.903827],[-121.06459600000001,38.903803],[-121.064491,38.90377800000001],[-121.06443399999998,38.90377399999999],[-121.06434000000002,38.903777],[-121.064152,38.903792],[-121.06392200000002,38.903801],[-121.063814,38.903789],[-121.06363199999998,38.903756],[-121.06355699999997,38.903744],[-121.06341900000001,38.903724],[-121.063231,38.903713],[-121.063082,38.90370999999999],[-121.06299,38.90370099999999],[-121.06296299999998,38.903699],[-121.06276700000001,38.903642],[-121.062593,38.903575000000004],[-121.06239099999999,38.903504999999996],[-121.062258,38.90346499999999],[-121.062187,38.903445],[-121.061916,38.903375],[-121.06157399999996,38.903242],[-121.06149000000002,38.903169],[-121.061453,38.902994],[-121.06148899999998,38.902743],[-121.06145800000002,38.902578],[-121.061342,38.902397],[-121.06103599999997,38.90214799999999],[-121.060985,38.902019],[-121.060972,38.901928],[-121.060984,38.90189399999999],[-121.061061,38.901695],[-121.06105200000002,38.90147999999999],[-121.06096800000002,38.90134100000001],[-121.06082199999997,38.90123799999999],[-121.06056899999999,38.90105899999999],[-121.059931,38.900608],[-121.05979599999998,38.90055699999999],[-121.05973499999998,38.900535],[-121.059492,38.900521],[-121.05941299999999,38.900517],[-121.05929499999999,38.90046900000001],[-121.05911999999998,38.90030900000001],[-121.058943,38.900245999999996],[-121.058706,38.900239],[-121.058667,38.900243999999994],[-121.05858100000002,38.900258],[-121.05826000000002,38.900137],[-121.05776299999998,38.89993799999999],[-121.05752,38.89990499999999],[-121.05737500000001,38.89991899999999],[-121.05721000000001,38.899944],[-121.05712399999997,38.89999999999999],[-121.05689,38.90024],[-121.05678600000002,38.900376],[-121.05669300000001,38.90050299999999],[-121.056584,38.90062699999999],[-121.056538,38.90067],[-121.056461,38.900744],[-121.056388,38.900808],[-121.056209,38.90096900000001],[-121.05609600000001,38.90107499999999],[-121.055998,38.901179],[-121.055929,38.901276],[-121.055894,38.9014],[-121.05590300000001,38.90151999999999],[-121.05598099999999,38.901771999999994],[-121.055991,38.90190599999999],[-121.05597599999997,38.90198],[-121.055964,38.90204299999999],[-121.05591600000001,38.902184],[-121.055796,38.90247299999999],[-121.055593,38.90292399999999],[-121.05551600000001,38.903074],[-121.05542000000001,38.903216],[-121.05538,38.903265],[-121.055311,38.903354],[-121.05506200000002,38.90361699999999],[-121.054947,38.90374799999999],[-121.054852,38.903896],[-121.05478400000001,38.904053000000005],[-121.054685,38.904368999999996],[-121.05462400000002,38.904515],[-121.054544,38.90465499999999],[-121.054443,38.904782],[-121.05432100000002,38.904897],[-121.054193,38.905002],[-121.05391600000002,38.90518899999999],[-121.05365199999997,38.905359999999995],[-121.05353400000001,38.90544599999999],[-121.053436,38.90554],[-121.053364,38.905646],[-121.053313,38.905764],[-121.053133,38.90626399999999],[-121.05308400000001,38.90638],[-121.053022,38.906484],[-121.052945,38.906573],[-121.05276300000001,38.906718999999995],[-121.05269599999997,38.906803999999994],[-121.052665,38.906907999999994],[-121.05265200000001,38.907016999999996],[-121.052625,38.907123],[-121.05260399999999,38.907157000000005],[-121.05256499999997,38.90722499999999],[-121.052471,38.907309999999995],[-121.05211799999998,38.907554],[-121.05200300000001,38.90762999999999],[-121.051885,38.90768899999999],[-121.051759,38.90772100000001],[-121.051627,38.907725],[-121.051488,38.907707],[-121.05119300000001,38.907658],[-121.051049,38.907644],[-121.05091099999999,38.907636],[-121.05078099999999,38.907645],[-121.05066099999999,38.907681],[-121.05056499999999,38.907756],[-121.05050899999998,38.907859],[-121.05049200000002,38.907973999999996],[-121.05046300000001,38.908083],[-121.05041199999998,38.908178],[-121.05035100000002,38.908266999999995],[-121.050282,38.908337],[-121.050192,38.90839999999999],[-121.05011,38.908424],[-121.050025,38.908418],[-121.04995000000001,38.90838200000001],[-121.04989499999999,38.908322999999996],[-121.049878,38.90822399999999],[-121.04982099999998,38.90803900000001],[-121.04975799999998,38.90794],[-121.049652,38.907852],[-121.04953800000001,38.90777],[-121.049401,38.907707],[-121.04925599999999,38.90766599999999],[-121.04911099999997,38.907638],[-121.048972,38.907594],[-121.04884699999997,38.907538],[-121.04861100000001,38.90739899999999],[-121.048469,38.907344],[-121.048307,38.907332],[-121.04814299999998,38.907332],[-121.04780999999997,38.90735599999999],[-121.04764900000002,38.907382],[-121.047495,38.907433],[-121.047351,38.907511],[-121.047077,38.90770299999999],[-121.04626299999998,38.908275999999994],[-121.04613199999997,38.90835899999999],[-121.04586600000002,38.908504],[-121.04560799999999,38.908626999999996],[-121.04548299999998,38.908675],[-121.04536,38.908717],[-121.04524799999996,38.908770999999994],[-121.04516399999999,38.908852],[-121.045123,38.908956999999994],[-121.045126,38.90907299999999],[-121.04516299999999,38.909188],[-121.04522,38.90929899999999],[-121.04527,38.90941099999999],[-121.04529599999998,38.909523],[-121.04529900000001,38.909634999999994],[-121.045265,38.909743],[-121.04518899999998,38.909842],[-121.045078,38.909926999999996],[-121.044802,38.910082],[-121.04466299999997,38.91016799999999],[-121.04453300000002,38.910261999999996],[-121.04428700000001,38.91046099999999],[-121.04405099999997,38.91065999999999],[-121.04383300000002,38.910863000000006],[-121.043637,38.911069999999995],[-121.04346499999998,38.911280999999995],[-121.0434,38.911393999999994],[-121.04336200000002,38.911515],[-121.043316,38.91174899999999],[-121.04326900000001,38.911857],[-121.04319400000001,38.91195599999999],[-121.043006,38.912147],[-121.04295099999996,38.91223999999999],[-121.04293800000002,38.91226399999999],[-121.04289899999999,38.912395],[-121.042871,38.912533],[-121.042836,38.912671999999986],[-121.04269900000001,38.913084999999995],[-121.04266899999999,38.913228],[-121.042646,38.913512999999995],[-121.042613,38.91364999999999],[-121.04255399999998,38.913782],[-121.04240100000001,38.914044],[-121.042331,38.914178],[-121.04209299999998,38.914563],[-121.04194500000001,38.914818999999994],[-121.04172299999999,38.915188],[-121.04164799999998,38.915304],[-121.04157099999998,38.915413],[-121.04148900000001,38.915515],[-121.04140399999999,38.915608],[-121.04131500000001,38.91568899999999],[-121.041221,38.91575699999999],[-121.04104099999999,38.91586199999999],[-121.040958,38.915905],[-121.04081300000001,38.915971],[-121.040752,38.91588399999999],[-121.04060899999999,38.915678],[-121.040571,38.915623999999994],[-121.04056,38.915608],[-121.04051099999998,38.915538],[-121.04096499999997,38.91505],[-121.04146699999998,38.91419299999999],[-121.04151900000001,38.913661999999995],[-121.04161399999997,38.912975],[-121.04154799999999,38.912176],[-121.041608,38.911972000000006],[-121.041721,38.911589],[-121.042188,38.911115],[-121.04248500000001,38.910833999999994],[-121.04258499999999,38.910403],[-121.042701,38.909391],[-121.043015,38.908491000000005],[-121.04358999999998,38.907536],[-121.043958,38.906981],[-121.04454999999997,38.906518999999996],[-121.04555499999998,38.905679],[-121.04674699999998,38.90537499999999],[-121.04801399999998,38.90511999999999],[-121.048426,38.90454600000001],[-121.04889500000002,38.903966999999994],[-121.04892199999999,38.90393499999999],[-121.04940299999998,38.903361999999994],[-121.04953200000001,38.90233099999999],[-121.049825,38.901754999999994],[-121.05032500000002,38.901439],[-121.051073,38.90106999999999],[-121.05117400000002,38.90102000000001],[-121.052193,38.900604],[-121.05291099999998,38.900144],[-121.053407,38.899502],[-121.05353899999997,38.89880599999999],[-121.05356,38.898047999999996],[-121.05337300000001,38.897297],[-121.053022,38.89678],[-121.05238499999999,38.89657199999999],[-121.051071,38.896275],[-121.049984,38.895876],[-121.04942100000001,38.8961],[-121.04930700000001,38.896003],[-121.049298,38.895987999999996],[-121.04920099999997,38.89583799999999],[-121.04913099999997,38.895782999999994],[-121.04854800000001,38.895525000000006],[-121.04815400000001,38.895315999999994],[-121.04768399999998,38.894959],[-121.047606,38.894859999999994],[-121.047431,38.894465],[-121.047009,38.893778],[-121.04684799999998,38.89359699999999],[-121.04633500000001,38.89309200000001],[-121.04549199999997,38.892389],[-121.04532999999998,38.892208],[-121.04454999999997,38.89153699999999],[-121.044304,38.891219],[-121.04419900000002,38.890933],[-121.04405899999999,38.890685999999995],[-121.04403800000001,38.890412],[-121.044073,38.890219],[-121.044129,38.890104],[-121.044354,38.889791],[-121.04449499999998,38.889665],[-121.04542899999997,38.889044000000005],[-121.045535,38.888924],[-121.04571099999998,38.888814],[-121.04625900000002,38.888560999999996],[-121.04668000000001,38.88842399999999],[-121.04684200000001,38.888341999999994],[-121.047348,38.887967999999994],[-121.047474,38.88793],[-121.047805,38.887738],[-121.04803700000001,38.887546],[-121.048261,38.887392],[-121.04845799999995,38.88729299999999],[-121.04876000000002,38.88708999999999],[-121.049126,38.886909],[-121.04933700000001,38.886843],[-121.04965999999997,38.886816],[-121.04981399999998,38.886772],[-121.050116,38.886579],[-121.05030599999999,38.88650799999999],[-121.050784,38.886607],[-121.051437,38.886673],[-121.05199999999998,38.886645],[-121.052245,38.886602],[-121.05237200000002,38.886563],[-121.052758,38.886354999999995],[-121.05342599999999,38.886091],[-121.05404400000002,38.885761],[-121.05441700000002,38.885641],[-121.054627,38.88551499999999],[-121.05497899999999,38.885388],[-121.05584299999998,38.885158000000004],[-121.05603299999997,38.88507],[-121.056286,38.884905],[-121.05653199999998,38.884783999999996],[-121.05672099999997,38.88472899999999],[-121.05689699999999,38.884631000000006],[-121.05703799999999,38.884603],[-121.057071,38.88463300000001],[-121.059934,38.882481],[-121.06031999999998,38.881460999999994],[-121.059436,38.880279],[-121.057052,38.877573999999996],[-121.05688699999999,38.877326999999994],[-121.05672199999997,38.87707999999999],[-121.056364,38.876476],[-121.055921,38.875525999999994],[-121.05571100000002,38.875213],[-121.05566899999998,38.874931999999994],[-121.05566899999998,38.8749],[-121.055706,38.8749],[-121.05565,38.873802],[-121.05563599999999,38.873758],[-121.05560800000002,38.873697],[-121.05558,38.873692],[-121.05552400000002,38.87362100000001],[-121.05550699999999,38.87360799999999],[-121.05534799999998,38.87327499999999],[-121.05524299999999,38.873099],[-121.05513799999999,38.872852],[-121.055032,38.87250600000001],[-121.054857,38.872313000000005],[-121.05476500000002,38.87210499999999],[-121.05468100000002,38.871858],[-121.05456199999998,38.87165399999999],[-121.054541,38.87160999999999],[-121.05433,38.87124300000001],[-121.05421800000002,38.871122],[-121.05372599999998,38.87069299999999],[-121.053494,38.870463],[-121.05329100000002,38.870078],[-121.053206,38.869957],[-121.053178,38.869771],[-121.05315699999997,38.869683],[-121.05313599999997,38.869561],[-121.05313599999997,38.869538999999996],[-121.052941,38.869082],[-121.05273299999999,38.868504],[-121.05297000000002,38.867652],[-121.05350499999997,38.866009999999996],[-121.05415799999999,38.86469799999999],[-121.054653,38.864107],[-121.05511300000002,38.863713],[-121.05601499999999,38.863376],[-121.056917,38.863006999999996],[-121.05742399999997,38.862883],[-121.058037,38.86268700000001],[-121.058637,38.862305],[-121.058814,38.86205900000001],[-121.05884999999998,38.861822999999994],[-121.0585,38.861601],[-121.058346,38.861424],[-121.05836000000001,38.861287],[-121.058557,38.86131499999999],[-121.05889400000001,38.86148099999999],[-121.05929499999999,38.861483],[-121.059598,38.861441],[-121.05997199999997,38.86125499999999],[-121.060148,38.860980999999995],[-121.060523,38.860763],[-121.060841,38.86046199999999],[-121.060843,38.85999499999999],[-121.06061400000002,38.859185],[-121.06049100000001,38.85863400000001],[-121.06035099999998,38.858231999999994],[-121.060282,38.858110999999994],[-121.06017699999998,38.858039],[-121.060129,38.857884],[-121.05988700000002,38.85681100000001],[-121.05978300000001,38.856519],[-121.05966499999998,38.856123],[-121.05942,38.85581899999998],[-121.05945699999997,38.855555],[-121.05942300000001,38.855378],[-121.05933900000001,38.855032],[-121.059214,38.854811999999995],[-121.05907400000001,38.85454699999999],[-121.058992,38.854261],[-121.05895699999999,38.854188],[-121.058867,38.853908],[-121.05881200000002,38.853616],[-121.05840499999998,38.853229],[-121.058056,38.852826],[-121.05793699999998,38.85264899999999],[-121.05786899999997,38.85225799999999],[-121.05757599999998,38.851777999999996],[-121.057205,38.851293],[-121.057052,38.85085299999999],[-121.05709599999997,38.850455999999994],[-121.05709699999997,38.85017100000001],[-121.057028,38.850016],[-121.05719099999999,38.849768999999995],[-121.057181,38.84895499999999],[-121.05728100000002,38.848587],[-121.05738900000001,38.848126],[-121.057517,38.847702999999996],[-121.05753299999999,38.847438999999994],[-121.05741400000001,38.847257],[-121.05718300000001,38.847106999999994],[-121.05685299999998,38.84699599999999],[-121.056848,38.846965999999995],[-121.05684599999998,38.846936],[-121.056838,38.846896],[-121.05683199999997,38.846858],[-121.05708000000001,38.846678],[-121.05782599999998,38.84636799999999],[-121.05839,38.846149999999994],[-121.05893999999998,38.845932999999995],[-121.05941899999999,38.845605000000006],[-121.059632,38.845348],[-121.059619,38.84494600000001],[-121.05916399999998,38.84473499999999],[-121.05892799999997,38.844457999999996],[-121.05891899999997,38.844448],[-121.058687,38.84419400000001],[-121.05833699999997,38.843971999999994],[-121.05830300000001,38.843835],[-121.058327,38.843795],[-121.058937,38.844289],[-121.05899300000002,38.844331999999994],[-121.059633,38.844828],[-121.06061400000002,38.84528099999999],[-121.060871,38.84556299999999],[-121.06091599999999,38.84561299999999],[-121.06139200000001,38.845469],[-121.06158400000001,38.84534],[-121.06162099999997,38.845330999999995],[-121.06185599999999,38.845277],[-121.061934,38.845242],[-121.062354,38.845053],[-121.06316999999999,38.844876],[-121.063987,38.844701],[-121.064258,38.844649],[-121.06491499999997,38.844524],[-121.06544299999997,38.84437900000001],[-121.06626,38.84409200000001],[-121.066318,38.844082],[-121.06688399999997,38.843979999999995],[-121.06706499999997,38.843966],[-121.06791600000001,38.843906],[-121.06800499999997,38.84389999999999],[-121.06827700000001,38.843835],[-121.068869,38.84365999999999],[-121.06938099999999,38.843435],[-121.07000599999999,38.84335599999999],[-121.07027499999997,38.843323999999996],[-121.07036999999998,38.84331199999999],[-121.070464,38.84330099999999],[-121.071094,38.843227999999996],[-121.07267899999995,38.842940999999996],[-121.07357500000002,38.842603999999994],[-121.07367800000002,38.84245599999999],[-121.07383099999998,38.842237],[-121.07390999999997,38.84194399999999],[-121.073943,38.84181999999999],[-121.07403199999999,38.841738],[-121.07432799999997,38.84146899999999],[-121.07492000000002,38.84078],[-121.07519100000002,38.84033199999999],[-121.07533499999998,38.840091],[-121.075493,38.83993],[-121.07581599999997,38.839594999999996],[-121.07603,38.83945],[-121.07656799999997,38.839083],[-121.076983,38.838886],[-121.077108,38.838826000000005],[-121.077233,38.838767000000004],[-121.077331,38.83872],[-121.07743000000002,38.83867399999999],[-121.07754500000001,38.83861900000001],[-121.077841,38.838457999999996],[-121.078135,38.838298],[-121.07843,38.83813899999999],[-121.07848899999998,38.838106999999994],[-121.079209,38.83765799999999],[-121.080026,38.83725999999999],[-121.080398,38.837002],[-121.08065499999996,38.836819999999996],[-121.08100299999997,38.836315],[-121.08151499999998,38.835738],[-121.081931,38.83517899999999],[-121.082267,38.834891],[-121.082474,38.834855],[-121.08255499999997,38.834842],[-121.08301900000001,38.834746],[-121.083647,38.834821999999996],[-121.08367600000001,38.834826],[-121.084476,38.834954999999994],[-121.08457799999998,38.834954999999994],[-121.08475999999999,38.834954],[-121.08494199999997,38.834954999999994],[-121.08497199999996,38.834954999999994],[-121.085011,38.834939],[-121.08532399999999,38.834810000000004],[-121.085533,38.834650999999994],[-121.085791,38.83444999999999],[-121.08589,38.834374],[-121.086041,38.834252],[-121.086191,38.834128],[-121.08637300000001,38.833979],[-121.086556,38.83382999999999],[-121.086589,38.833803],[-121.08674100000002,38.833695],[-121.087341,38.833274],[-121.087629,38.832825],[-121.087695,38.832703],[-121.087761,38.83258099999999],[-121.087826,38.83245899999999],[-121.08791800000002,38.83210699999999],[-121.088018,38.83189699999999],[-121.08810999999999,38.831706],[-121.08812999999998,38.831626],[-121.088206,38.831348],[-121.08828299999998,38.831071],[-121.08828799999999,38.831052],[-121.088332,38.83093099999999],[-121.08837999999999,38.830802999999996],[-121.08847700000001,38.830541999999994],[-121.088488,38.830511],[-121.08851299999999,38.830443],[-121.088538,38.83037499999999],[-121.08857499999999,38.830274],[-121.08861200000001,38.830174],[-121.08885499999998,38.829513999999996],[-121.08886,38.82949299999999],[-121.08892100000001,38.829335999999984],[-121.088957,38.829238],[-121.08895899999997,38.829169],[-121.08895899999997,38.82895800000001],[-121.088956,38.828811],[-121.08895899999997,38.828748],[-121.08895899999997,38.828320999999995],[-121.08898700000002,38.828202999999995],[-121.089004,38.82813199999999],[-121.08903000000001,38.82801899999999],[-121.08904899999997,38.827938],[-121.088929,38.827649],[-121.088853,38.827447],[-121.088757,38.827196],[-121.088721,38.827101],[-121.08831699999999,38.826756],[-121.08802999999999,38.826511],[-121.087889,38.826391],[-121.08772400000001,38.82628700000001],[-121.08751399999998,38.82615500000001],[-121.08735900000002,38.826053],[-121.08687799999997,38.825737999999994],[-121.08662699999996,38.825598],[-121.08565199999998,38.824914],[-121.084864,38.824349999999995],[-121.084521,38.824104],[-121.08327399999999,38.82321099999999],[-121.08305499999999,38.823054],[-121.08269899999999,38.822374],[-121.08281499999998,38.82158799999999],[-121.08285600000002,38.82130999999999],[-121.082897,38.821031],[-121.08305499999999,38.81996399999999],[-121.08317500000001,38.81966499999999],[-121.083256,38.819465],[-121.08433400000001,38.816808],[-121.084408,38.816624999999995],[-121.084482,38.816442],[-121.084957,38.81601],[-121.08699100000001,38.81528099999999],[-121.08766600000001,38.81504],[-121.088766,38.814646999999994],[-121.08927500000001,38.814465],[-121.09266899999999,38.813961],[-121.092896,38.813927],[-121.093123,38.813893],[-121.093435,38.813846999999996],[-121.09408,38.81396199999999],[-121.09549199999996,38.81421399999999],[-121.096905,38.81446699999999],[-121.097239,38.814527],[-121.097999,38.814709],[-121.10084400000001,38.815391999999996],[-121.10142799999997,38.815282],[-121.101431,38.815671],[-121.10143499999997,38.816158],[-121.10144,38.816838999999995],[-121.10144199999998,38.81703299999999],[-121.101443,38.817131],[-121.10144400000001,38.81722899999999],[-121.10144400000001,38.817423999999995],[-121.101443,38.817619],[-121.101441,38.81828699999999],[-121.10143800000002,38.819419],[-121.10143299999999,38.82122],[-121.10143200000002,38.821462],[-121.101431,38.82187],[-121.10143000000001,38.822521],[-121.101429,38.82253399999999],[-121.10142599999999,38.82257],[-121.101429,38.82258699999999],[-121.101446,38.82257],[-121.1015,38.82252],[-121.10151799999997,38.822504],[-121.10163300000002,38.822396],[-121.101843,38.82229699999999],[-121.101935,38.822258999999995],[-121.102106,38.822203],[-121.10215900000001,38.82218699999999],[-121.102251,38.822148999999996],[-121.10239099999998,38.822120999999996],[-121.102461,38.822050000000004],[-121.10269299999999,38.821966999999994],[-121.10284699999998,38.821901],[-121.10298699999998,38.821857],[-121.10307899999997,38.821819],[-121.103437,38.82180799999999],[-121.10395599999997,38.821791],[-121.10402999999998,38.821775],[-121.104139,38.821752999999994],[-121.10424399999998,38.821736],[-121.10467899999998,38.821736],[-121.10469600000002,38.82174],[-121.10519500000001,38.821631],[-121.10540399999996,38.82158600000001],[-121.10611299999997,38.821431],[-121.106654,38.821313],[-121.106695,38.82130399999999],[-121.107195,38.82119500000001],[-121.10707999999998,38.82108199999999],[-121.10704399999999,38.82075199999999],[-121.10718500000002,38.820615],[-121.107606,38.820615],[-121.107781,38.820697],[-121.107992,38.820877999999986],[-121.10806199999999,38.821043],[-121.10813299999997,38.821014999999996],[-121.108154,38.820823],[-121.10813899999997,38.820587],[-121.10801299999999,38.820302],[-121.107907,38.820082000000006],[-121.107928,38.81999999999999],[-121.10799899999998,38.819917],[-121.10806899999997,38.819889999999994],[-121.108655,38.819829],[-121.108771,38.819818000000005],[-121.10907199999997,38.819615],[-121.10893199999997,38.81948799999999],[-121.10882700000002,38.81934],[-121.10882700000002,38.819202999999995],[-121.10889700000001,38.819104],[-121.108826,38.818956],[-121.108707,38.818873],[-121.108616,38.818764],[-121.10851000000001,38.818538999999994],[-121.10858,38.818264],[-121.10879800000001,38.81817],[-121.10935900000001,38.818088],[-121.109254,38.817704],[-121.10935900000001,38.81745599999999],[-121.10946400000002,38.81735799999999],[-121.109429,38.817044],[-121.10948499999999,38.816726],[-121.10968100000001,38.816578],[-121.109801,38.816495],[-121.110194,38.81638499999999],[-121.11027800000001,38.816340999999994],[-121.11064999999999,38.81627499999999],[-121.11068499999999,38.816209],[-121.11067100000001,38.815962],[-121.110495,38.815780999999994],[-121.110474,38.815397],[-121.11040399999999,38.815325],[-121.109968,38.815188],[-121.10984200000001,38.81510599999999],[-121.10977100000001,38.814266],[-121.10970100000002,38.81421099999999],[-121.109631,38.81408999999999],[-121.10949699999996,38.813799],[-121.109532,38.813277],[-121.10946200000001,38.813205999999994],[-121.10936999999997,38.813123000000004],[-121.109054,38.812864999999995],[-121.10893500000002,38.812893],[-121.10877400000001,38.813002999999995],[-121.10863299999998,38.813085],[-121.108577,38.81319499999999],[-121.108669,38.81325],[-121.10871799999997,38.813288],[-121.10878800000002,38.813452999999996],[-121.108669,38.813645],[-121.10863399999997,38.81365399999999],[-121.10847199999999,38.8137],[-121.10833500000001,38.813681],[-121.10819099999999,38.813662],[-121.10798100000001,38.813536000000006],[-121.10787500000002,38.813463999999996],[-121.1077,38.813316],[-121.107574,38.813216999999995],[-121.107524,38.813135],[-121.107328,38.813024999999996],[-121.10722200000001,38.81294299999999],[-121.10668199999998,38.81247599999999],[-121.10659,38.812339],[-121.10652,38.811965999999984],[-121.106541,38.81172999999999],[-121.10663200000002,38.811592],[-121.106737,38.811499],[-121.10684299999998,38.81142700000001],[-121.10680199999997,38.811354],[-121.10710299999997,38.811344],[-121.108007,38.81131799999999],[-121.108309,38.811308999999994],[-121.108436,38.811303],[-121.10861099999998,38.81129599999999],[-121.108817,38.811294],[-121.108945,38.811293],[-121.109111,38.81129099999999],[-121.10917599999998,38.81129099999999],[-121.10961199999998,38.811284],[-121.10977899999999,38.81128199999999],[-121.109871,38.811279000000006],[-121.110168,38.81128199999999],[-121.11023299999998,38.81127999999999],[-121.11047900000001,38.81127699999999],[-121.110649,38.81128199999999],[-121.110823,38.811281],[-121.11159799999999,38.81125999999999],[-121.111897,38.811252],[-121.112053,38.811248],[-121.11268600000001,38.811229999999995],[-121.11284800000001,38.811226],[-121.114101,38.81120299999999],[-121.114588,38.811190999999994],[-121.11497100000001,38.81118299999999],[-121.11522299999999,38.811178],[-121.11548299999997,38.811173],[-121.115759,38.81117],[-121.11736899999998,38.81115700000001],[-121.117431,38.81115700000001],[-121.11790600000002,38.811159999999994],[-121.117942,38.811159999999994],[-121.118051,38.811159999999994],[-121.11808799999997,38.81116099999999],[-121.118491,38.81117199999999],[-121.118655,38.81116899999999],[-121.11991,38.81117],[-121.12036599999999,38.81117],[-121.12038499999997,38.81117],[-121.120836,38.81117199999999],[-121.12093600000001,38.81117199999999],[-121.12115799999997,38.81117199999999],[-121.12182399999999,38.81117499999999],[-121.122047,38.811175999999996],[-121.122117,38.811175999999996],[-121.12232700000001,38.811179],[-121.122397,38.81117999999999],[-121.122484,38.81118099999999],[-121.12274499999998,38.81118399999999],[-121.122833,38.811185],[-121.12299399999998,38.811188],[-121.12301099999999,38.811188],[-121.123548,38.811189],[-121.123728,38.811189999999996],[-121.12439800000001,38.811195],[-121.12525499999998,38.81120299999999],[-121.125337,38.811205],[-121.126334,38.811223000000005],[-121.126408,38.811223000000005],[-121.127079,38.81122499999999],[-121.127135,38.811223000000005],[-121.12785999999998,38.81123099999999],[-121.128347,38.811232999999994],[-121.130038,38.811243],[-121.13040799999999,38.81123399999999],[-121.130985,38.81120799999999],[-121.13214999999997,38.81117499999999],[-121.132611,38.811161999999996],[-121.133418,38.81114500000001],[-121.133734,38.81113700000001],[-121.134683,38.811113],[-121.13499999999999,38.811105999999995],[-121.13544,38.81108799999999],[-121.135593,38.811081],[-121.13630599999998,38.811052],[-121.13737499999999,38.81102400000001],[-121.13796899999998,38.811009],[-121.138069,38.81100599999999],[-121.138314,38.81099999999999],[-121.139351,38.81097499999999],[-121.13969699999997,38.810968],[-121.13990399999997,38.810962],[-121.14013,38.810952],[-121.14026200000002,38.81094699999999],[-121.14043499999995,38.810928],[-121.140604,38.810894],[-121.14076699999998,38.810844999999986],[-121.140923,38.81078099999999],[-121.141036,38.810719],[-121.141069,38.81070199999999],[-121.14120200000002,38.81061199999999],[-121.14132399999998,38.810515],[-121.141648,38.810227],[-121.14201,38.80990100000001],[-121.142131,38.809805],[-121.142259,38.809723000000005],[-121.142397,38.80965299999999],[-121.14254199999999,38.809596],[-121.14269699999997,38.809552000000004],[-121.142859,38.80951799999999],[-121.14336800000001,38.80942700000001],[-121.14384799999999,38.80934299999999],[-121.144114,38.80929600000001],[-121.144264,38.80926999999999],[-121.144913,38.809157],[-121.14518,38.80911099999999],[-121.14526499999998,38.809096000000004],[-121.14551999999999,38.80904999999999],[-121.14560599999997,38.809036],[-121.145658,38.809025999999996],[-121.145817,38.808998],[-121.14586999999997,38.80899],[-121.14605799999998,38.808955],[-121.14617599999998,38.80893399999999],[-121.14662500000001,38.808857],[-121.146815,38.808825],[-121.14703700000001,38.808791],[-121.14719600000001,38.808774],[-121.147351,38.808767],[-121.14744800000001,38.80877],[-121.14750100000002,38.80878299999999],[-121.147647,38.808793],[-121.14778499999998,38.80883299999999],[-121.14791300000002,38.808892],[-121.148032,38.808966999999996],[-121.148149,38.809054],[-121.14839099999998,38.809242],[-121.14905199999998,38.809751],[-121.149453,38.810058999999995],[-121.149557,38.810141],[-121.14978999999998,38.810325],[-121.15013200000001,38.810596000000004],[-121.150283,38.810735],[-121.15038,38.810801999999995],[-121.150567,38.810970999999995],[-121.150773,38.81112799999999],[-121.15092399999999,38.811195],[-121.15111700000001,38.811219],[-121.15141400000002,38.811249],[-121.151777,38.811267],[-121.15206699999997,38.811285],[-121.152248,38.811279000000006],[-121.15244799999998,38.811267],[-121.15271999999999,38.811237],[-121.152938,38.811195],[-121.15324600000001,38.811104],[-121.15357300000001,38.810983],[-121.15397599999999,38.810891],[-121.15430900000001,38.810841],[-121.15481599999998,38.81069899999999],[-121.155175,38.81063600000001],[-121.15577000000002,38.81061799999999],[-121.15652200000001,38.810626],[-121.15715299999998,38.810621999999995],[-121.157496,38.810607999999995],[-121.15766899999998,38.81058900000001],[-121.157769,38.81057],[-121.157839,38.81055599999999],[-121.15817600000001,38.810466999999996],[-121.158516,38.81037200000001],[-121.159018,38.810235999999996],[-121.15935599999997,38.810158],[-121.1602,38.809991],[-121.16051899999997,38.809940000000005],[-121.16067400000001,38.809927],[-121.16078,38.809924],[-121.160832,38.80992299999999],[-121.16099799999998,38.809924],[-121.16164499999998,38.809931999999996],[-121.16181,38.809937],[-121.16187100000002,38.809941],[-121.161976,38.809948],[-121.16214100000002,38.80996400000001],[-121.16215999999999,38.809965999999996],[-121.162303,38.809985],[-121.16261099999998,38.810033],[-121.16302199999998,38.810106],[-121.16316599999999,38.81013199999999],[-121.163308,38.810159999999996],[-121.163444,38.810186],[-121.16375700000002,38.810247],[-121.16384799999999,38.81027799999999],[-121.16398000000001,38.810323000000004],[-121.163991,38.810747000000006],[-121.16398499999998,38.811079],[-121.16398800000002,38.811375],[-121.16399199999998,38.811626000000004],[-121.163987,38.81177999999999],[-121.16398899999999,38.812068],[-121.163997,38.81222],[-121.163999,38.812369],[-121.163993,38.812516],[-121.16400099999996,38.81269199999999],[-121.163996,38.812850999999995],[-121.16400099999996,38.81315],[-121.163991,38.813469999999995],[-121.16397699999999,38.81363699999999],[-121.163966,38.814102],[-121.163969,38.814533000000004],[-121.16397000000002,38.814583999999996],[-121.16396,38.81474599999999],[-121.163969,38.815051],[-121.16396700000001,38.81529999999999],[-121.163966,38.815374],[-121.163973,38.815518999999995],[-121.163973,38.815585999999996],[-121.163973,38.81567499999999],[-121.16398600000001,38.815836999999995],[-121.163984,38.81586899999999],[-121.163979,38.815989999999985],[-121.163979,38.816295999999994],[-121.16398600000001,38.81672199999999],[-121.16399199999998,38.817007],[-121.16399499999999,38.81720200000001],[-121.163996,38.81721799999999],[-121.16400499999997,38.817357],[-121.16401199999999,38.817851],[-121.164016,38.818062999999995],[-121.164016,38.818110000000004],[-121.164018,38.818253],[-121.16401899999998,38.818301000000005],[-121.16402,38.818433],[-121.16402499999998,38.81883],[-121.16402700000002,38.81896299999999],[-121.16402499999998,38.819238],[-121.16402199999999,38.82006199999999],[-121.16402100000002,38.820338],[-121.16402,38.820529],[-121.16402,38.820552],[-121.16402799999997,38.821011999999996],[-121.164029,38.821192999999994],[-121.16403100000001,38.82140799999999],[-121.16403100000001,38.821467999999996],[-121.16403199999998,38.821648],[-121.16403300000002,38.82170899999999],[-121.16403199999998,38.821802],[-121.16403199999998,38.821839],[-121.16403999999999,38.822008],[-121.164038,38.822084000000004],[-121.164038,38.82211300000001],[-121.164038,38.82212699999999],[-121.16403700000001,38.822178],[-121.164047,38.822502],[-121.16404599999998,38.82280600000001],[-121.16404599999998,38.822869],[-121.164057,38.82312699999999],[-121.16404799999997,38.823273],[-121.16405800000001,38.823413],[-121.16406199999997,38.823559],[-121.164053,38.823821],[-121.164069,38.824184],[-121.164063,38.824310999999994],[-121.16406400000001,38.824676],[-121.164063,38.82468999999999],[-121.16405200000001,38.825319],[-121.164642,38.825318],[-121.166424,38.825318],[-121.16663100000001,38.825322],[-121.16700499999999,38.825323000000004],[-121.16729,38.825323000000004],[-121.16814799999997,38.825323999999995],[-121.168434,38.825325],[-121.16846899999997,38.825325],[-121.168575,38.825325],[-121.168611,38.825325],[-121.16861,38.825517],[-121.16861,38.82578199999999],[-121.168614,38.82595899999999],[-121.168612,38.826096],[-121.168611,38.826288999999996],[-121.168611,38.826386],[-121.16862100000002,38.827184],[-121.16861500000002,38.82732],[-121.16862199999997,38.827465],[-121.16861999999999,38.827614],[-121.16861,38.827751],[-121.16861999999999,38.82817299999999],[-121.168623,38.828925999999996],[-121.16862699999999,38.829542999999994],[-121.168618,38.829703],[-121.168626,38.829761999999995],[-121.16863900000001,38.83008399999999],[-121.168631,38.830604],[-121.16860600000001,38.831442],[-121.168614,38.832204],[-121.168612,38.83223999999999],[-121.16859499999995,38.832621],[-121.168575,38.833127999999995],[-121.16854599999996,38.833654],[-121.16854599999996,38.83368000000001],[-121.16854599999996,38.833828],[-121.16854599999996,38.83387],[-121.16854399999998,38.834038],[-121.16854399999998,38.83408399999999],[-121.16825199999998,38.834324],[-121.168214,38.834355],[-121.16779600000001,38.834697999999996],[-121.16738699999999,38.83502399999999],[-121.167113,38.83525999999999],[-121.16657399999998,38.83571200000001],[-121.166243,38.83600499999999],[-121.16610500000002,38.836133],[-121.16540599999998,38.836707],[-121.165344,38.836757000000006],[-121.16476699999998,38.83722099999999],[-121.16437500000002,38.837581],[-121.16393799999999,38.83793599999999],[-121.16339999999998,38.83840099999999],[-121.162974,38.838761],[-121.162568,38.8391],[-121.16216199999997,38.839431],[-121.16165999999997,38.839839000000005],[-121.161084,38.840316],[-121.16065300000001,38.840679],[-121.160131,38.841105999999996],[-121.159152,38.84192099999999],[-121.15867100000001,38.842328],[-121.157891,38.842958],[-121.15751699999997,38.843259],[-121.15720600000002,38.843511],[-121.156908,38.84375099999999],[-121.15669200000002,38.84393],[-121.156308,38.844244],[-121.15576899999998,38.844669999999994],[-121.15512600000001,38.845209000000004],[-121.155221,38.84535400000001],[-121.155295,38.84545599999999],[-121.15544999999997,38.845654999999994],[-121.155536,38.84574],[-121.155562,38.84575999999999],[-121.15563500000002,38.845817],[-121.15570799999998,38.845859],[-121.155745,38.84588],[-121.155863,38.84592],[-121.15610099999999,38.845973],[-121.156339,38.84599799999999],[-121.156449,38.846029],[-121.15654,38.846076999999994],[-121.156568,38.846098999999995],[-121.15669600000001,38.846197],[-121.156726,38.846225999999994],[-121.15676499999998,38.84626299999999],[-121.156823,38.84631799999999],[-121.15690000000001,38.846398],[-121.15696599999998,38.846478999999995],[-121.15707299999997,38.846655],[-121.157234,38.847044],[-121.15728799999998,38.84714],[-121.15742300000001,38.847283],[-121.157576,38.847416],[-121.15769300000001,38.84755499999999],[-121.15773800000001,38.847637],[-121.15778799999998,38.847816],[-121.157819,38.848024],[-121.15786000000001,38.848226],[-121.15789399999998,38.84832200000001],[-121.157946,38.848404],[-121.15801199999997,38.848486],[-121.158091,38.84856299999999],[-121.158181,38.84863],[-121.15828000000002,38.84869099999999],[-121.15838699999998,38.84874899999999],[-121.158739,38.848915999999996],[-121.158888,38.848991],[-121.158913,38.84900199999999],[-121.15907700000001,38.84909],[-121.159172,38.849152],[-121.159267,38.849224],[-121.159333,38.849291],[-121.15941800000002,38.84936],[-121.159504,38.849436999999995],[-121.159588,38.84950400000001],[-121.159784,38.84963599999999],[-121.16004399999998,38.849799000000004],[-121.16013599999998,38.849866999999996],[-121.16022,38.849917],[-121.16040699999998,38.850054],[-121.160663,38.85026899999999],[-121.16075800000002,38.850331],[-121.16086099999997,38.85038],[-121.160967,38.850418],[-121.161177,38.850471999999996],[-121.16136800000001,38.85053099999999],[-121.162047,38.850858],[-121.162366,38.85098],[-121.16259000000001,38.851036],[-121.162806,38.85107299999999],[-121.16300899999999,38.8511],[-121.16319899999998,38.851098],[-121.163387,38.85107299999999],[-121.163555,38.851029],[-121.163798,38.850998999999995],[-121.16397099999998,38.85104299999999],[-121.164435,38.851318],[-121.16450699999999,38.851352999999996],[-121.16369299999997,38.85213],[-121.16365699999997,38.852357999999995],[-121.163656,38.852401],[-121.16364600000001,38.852456],[-121.16361600000002,38.852668],[-121.163609,38.852997],[-121.16361699999997,38.85308599999999],[-121.163615,38.853156],[-121.16362299999997,38.85372799999999],[-121.163624,38.853758],[-121.163636,38.854125],[-121.16362799999999,38.85425099999999],[-121.16362799999999,38.85445699999999],[-121.16363499999999,38.854560000000006],[-121.163629,38.854651],[-121.163631,38.85475100000001],[-121.16362600000001,38.85493600000001],[-121.163636,38.855566],[-121.163639,38.85643599999999],[-121.16362600000001,38.85665099999999],[-121.16362099999999,38.856678],[-121.16361000000002,38.856761],[-121.163606,38.85678899999999],[-121.16357399999998,38.85703099999999],[-121.163554,38.857297],[-121.16355099999998,38.857351],[-121.16355099999998,38.858045999999995],[-121.163561,38.858501999999994],[-121.163564,38.858725],[-121.16357099999999,38.858830999999995],[-121.16359599999997,38.859187999999996],[-121.163598,38.85930599999999],[-121.16359500000002,38.859342],[-121.163588,38.859421999999995],[-121.163564,38.859533],[-121.163521,38.859637],[-121.16346099999998,38.85973499999999],[-121.16338599999997,38.85983099999999],[-121.16312599999999,38.86012300000001],[-121.16304600000001,38.860228],[-121.162974,38.86033599999999],[-121.162909,38.860443999999994],[-121.16288100000001,38.86049800000001],[-121.16279700000001,38.860659],[-121.16272799999999,38.860756],[-121.16264699999998,38.860846],[-121.16255300000002,38.860927],[-121.16246100000001,38.86099],[-121.16233999999999,38.861045999999995],[-121.16220199999998,38.861083],[-121.16216299999999,38.860971],[-121.161817,38.86112399999999],[-121.16167100000001,38.86112399999999],[-121.161384,38.861109],[-121.16109399999999,38.861099],[-121.16097400000001,38.861101999999995],[-121.16095099999997,38.861101999999995],[-121.16081099999997,38.86111599999999],[-121.160676,38.861141],[-121.160548,38.861179],[-121.16043099999999,38.861228999999994],[-121.160324,38.861290999999994],[-121.160306,38.861304000000004],[-121.16022900000002,38.86136400000001],[-121.160159,38.861452],[-121.160087,38.86153300000001],[-121.160034,38.861625],[-121.15975099999997,38.862232000000006],[-121.15968999999997,38.86233899999999],[-121.159642,38.862449],[-121.15958399999998,38.86256],[-121.15930599999997,38.86315999999999],[-121.159135,38.863534],[-121.159045,38.86374200000001],[-121.15902599999998,38.863809999999994],[-121.159017,38.86384399999999],[-121.15899899999998,38.86394399999999],[-121.15898700000001,38.864195],[-121.158984,38.864262999999994],[-121.15898900000002,38.864827],[-121.158985,38.86513099999999],[-121.15899599999999,38.865254],[-121.15897400000001,38.86535899999999],[-121.15896000000001,38.865428],[-121.158913,38.865627999999994],[-121.158876,38.865734999999994],[-121.158934,38.865757],[-121.15896800000002,38.86576999999999],[-121.159075,38.865831],[-121.15909799999999,38.86584800000001],[-121.15914899999999,38.865885000000006],[-121.15912499999999,38.86592],[-121.159057,38.866026],[-121.15903400000002,38.866062],[-121.1591,38.866059],[-121.15929799999999,38.866052999999994],[-121.15936500000001,38.86605099999999],[-121.159436,38.866096999999996],[-121.15955099999998,38.86615],[-121.159678,38.86619099999999],[-121.15980799999997,38.866219],[-121.15994799999997,38.866233],[-121.160092,38.866229],[-121.160117,38.866223999999995],[-121.16023800000002,38.86620599999999],[-121.160819,38.866060999999995],[-121.16105999999999,38.865974],[-121.161219,38.865922999999995],[-121.16161300000002,38.86576999999999],[-121.16186900000001,38.86565499999998],[-121.161997,38.86559299999999],[-121.16212100000001,38.865527],[-121.162241,38.865456999999985],[-121.16232500000001,38.86540899999999],[-121.16261600000001,38.86524399999999],[-121.162849,38.865106],[-121.16294599999999,38.865039],[-121.16299700000002,38.864998],[-121.16303799999997,38.86496499999999],[-121.16321899999997,38.86478700000001],[-121.163414,38.864582999999996],[-121.16362000000001,38.864387],[-121.16372499999999,38.86429799999999],[-121.16383500000002,38.86421699999999],[-121.16395499999999,38.864142],[-121.164053,38.86408800000001],[-121.16434200000002,38.863933],[-121.16462599999997,38.863794],[-121.16477999999996,38.863732999999996],[-121.16493799999998,38.863684],[-121.16509400000001,38.863643],[-121.16540299999998,38.863581999999994],[-121.16568199999999,38.863506],[-121.165813,38.863455],[-121.16593199999998,38.86339199999999],[-121.16613800000002,38.863231],[-121.16623499999997,38.86314899999999],[-121.16631099999996,38.863042],[-121.166403,38.86295],[-121.16650399999999,38.86287899999999],[-121.16658200000002,38.862802],[-121.166661,38.862736],[-121.16675099999999,38.862686],[-121.16685600000001,38.862658],[-121.16697300000001,38.86265399999999],[-121.16709600000002,38.862660999999996],[-121.16735200000001,38.86269099999999],[-121.16748300000002,38.86269699999999],[-121.167614,38.86269099999999],[-121.16773300000001,38.862655],[-121.16783500000001,38.86263499999999],[-121.16788299999999,38.862626],[-121.168002,38.862565999999994],[-121.16811,38.862456],[-121.168122,38.862364],[-121.16816400000002,38.862261],[-121.168224,38.862044999999995],[-121.168262,38.861934999999995],[-121.168316,38.86183],[-121.16838400000002,38.861720999999996],[-121.168463,38.861614999999986],[-121.168553,38.861522],[-121.168563,38.86151399999999],[-121.168675,38.861425],[-121.1688,38.861346],[-121.16894099999998,38.861277],[-121.16923,38.86116],[-121.16938799999997,38.86112399999999],[-121.16948900000001,38.861109],[-121.16954699999998,38.861101999999995],[-121.16970200000002,38.86109399999999],[-121.17016400000001,38.861118999999995],[-121.17029199999998,38.861122],[-121.17044100000001,38.861095999999996],[-121.170535,38.861024],[-121.170721,38.860838],[-121.170901,38.86064799999999],[-121.17107400000002,38.860457],[-121.17124699999997,38.860284],[-121.17148500000002,38.860018],[-121.171571,38.859942999999994],[-121.17166999999998,38.859879],[-121.171925,38.859793999999994],[-121.172015,38.859722],[-121.17203200000002,38.85970999999999],[-121.172177,38.859666999999995],[-121.172424,38.859564999999996],[-121.17253499999997,38.859511],[-121.172706,38.85941],[-121.172745,38.859378],[-121.172796,38.859371],[-121.172935,38.859289],[-121.17299000000001,38.859508999999996],[-121.172995,38.85953799999999],[-121.17304199999998,38.85983699999999],[-121.173039,38.859942000000004],[-121.17300699999997,38.860045],[-121.172925,38.860153],[-121.17287599999997,38.860219999999984],[-121.17283400000001,38.860315],[-121.17280300000002,38.860409],[-121.17279199999997,38.860504],[-121.17279800000001,38.860600999999996],[-121.17285,38.86079899999999],[-121.17288999999997,38.860902],[-121.17293699999998,38.861242],[-121.17294999999999,38.861486],[-121.17294799999999,38.862016000000004],[-121.172936,38.86215699999999],[-121.17293200000002,38.862432999999996],[-121.17293900000001,38.862827],[-121.17294,38.862841],[-121.17293900000001,38.86311499999999],[-121.17295199999998,38.863495],[-121.17295099999998,38.863735],[-121.17295199999998,38.863986000000004],[-121.17297200000002,38.864114],[-121.17297200000002,38.86424],[-121.17297299999997,38.86437099999999],[-121.17297799999999,38.864502],[-121.17295799999998,38.864604],[-121.17296900000001,38.864742],[-121.17297700000002,38.865001],[-121.172992,38.86524699999999],[-121.17297999999997,38.865604999999995],[-121.172983,38.865734],[-121.172982,38.865758],[-121.17297799999999,38.86586400000001],[-121.172982,38.866135],[-121.172979,38.866265],[-121.17298100000001,38.86642199999999],[-121.17297700000002,38.86654999999999],[-121.17299699999998,38.866691],[-121.17299699999998,38.866713999999995],[-121.17299799999999,38.867085],[-121.172989,38.867202],[-121.17300400000002,38.867338],[-121.173018,38.867691],[-121.17301399999998,38.86780999999999],[-121.17301399999998,38.86806599999999],[-121.17301399999998,38.868269],[-121.17302099999998,38.86835799999999],[-121.17303500000001,38.86842299999999],[-121.17312199999999,38.86845699999999],[-121.17321499999998,38.86849399999999],[-121.173313,38.86849999999999],[-121.173342,38.86850199999999],[-121.17346799999997,38.86850099999999],[-121.17419699999998,38.868474],[-121.175012,38.86851000000001],[-121.175028,38.86851099999999],[-121.175057,38.868527],[-121.175136,38.86857299999999],[-121.175219,38.868657999999996],[-121.17528399999998,38.868744],[-121.17535899999999,38.868825],[-121.175457,38.868891999999995],[-121.17558100000001,38.86893799999999],[-121.17572,38.86896599999999],[-121.176018,38.869008999999984],[-121.176173,38.869036],[-121.17632599999999,38.869069],[-121.17648200000001,38.869108],[-121.17663499999998,38.869150999999995],[-121.17676100000001,38.869158],[-121.17723600000001,38.869299],[-121.17788199999997,38.869363],[-121.17802299999998,38.869402],[-121.178159,38.869455],[-121.17829,38.869514],[-121.17860400000002,38.869629],[-121.17875,38.869690999999996],[-121.17887200000001,38.86969700000001],[-121.17906999999998,38.869676000000005],[-121.179339,38.86952599999999],[-121.179443,38.869459],[-121.17968800000001,38.869257],[-121.179807,38.869237],[-121.17991600000002,38.86924],[-121.180038,38.86925],[-121.180272,38.869282],[-121.180304,38.869282],[-121.18038400000002,38.869282999999996],[-121.180497,38.869262],[-121.18064099999998,38.869256],[-121.18072,38.86919999999999],[-121.18087499999997,38.86906],[-121.18099,38.869018999999994],[-121.18133999999998,38.86892399999999],[-121.18146699999997,38.86890400000001],[-121.18159099999997,38.868897999999994],[-121.18171599999998,38.868911999999995],[-121.18182799999997,38.868953999999995],[-121.181914,38.86901999999999],[-121.18198200000002,38.869094999999994],[-121.182028,38.869137],[-121.18205100000002,38.869157],[-121.18213500000002,38.86920299999999],[-121.18222999999998,38.869234],[-121.182326,38.869253],[-121.18242600000002,38.869257999999995],[-121.18253,38.869252],[-121.18263600000002,38.869235],[-121.18301500000001,38.869142999999994],[-121.18308100000002,38.869127999999996],[-121.183315,38.86908799999999],[-121.183425,38.869077999999995],[-121.18352599999999,38.869081],[-121.18361699999997,38.86911],[-121.183688,38.869166],[-121.18372300000001,38.869240999999995],[-121.18371199999999,38.86932099999999],[-121.183656,38.869393],[-121.183573,38.869455],[-121.18347499999999,38.869512],[-121.18336300000001,38.86956899999999],[-121.18285000000002,38.869806999999994],[-121.18247100000002,38.869992999999994],[-121.18195,38.870232],[-121.18175400000001,38.87032299999999],[-121.181164,38.870601],[-121.18083,38.87076700000001],[-121.18078100000001,38.870791],[-121.18053399999997,38.870928],[-121.18005,38.871213],[-121.17970700000001,38.871417],[-121.17969400000001,38.87142200000001],[-121.17958600000001,38.871466],[-121.17946300000001,38.871503],[-121.17933600000002,38.871529],[-121.17921300000002,38.871549],[-121.179107,38.871577],[-121.17902100000002,38.871625999999985],[-121.17896200000001,38.871696],[-121.178922,38.87177499999999],[-121.178861,38.87193599999999],[-121.178735,38.87218599999999],[-121.17865199999999,38.872342],[-121.178597,38.872478],[-121.17858100000001,38.87254],[-121.17856500000002,38.87265499999999],[-121.178567,38.872712],[-121.17858700000001,38.872827],[-121.178599,38.87294599999999],[-121.17862499999998,38.873087],[-121.17873700000001,38.873467],[-121.17875100000002,38.873545],[-121.178754,38.873625],[-121.178741,38.873706],[-121.17871299999999,38.873783],[-121.17866700000002,38.873861999999995],[-121.17855000000002,38.874017],[-121.178283,38.874329],[-121.178231,38.87440099999999],[-121.178183,38.874477999999996],[-121.17816900000001,38.874534],[-121.178161,38.87457199999999],[-121.178122,38.874638999999995],[-121.178182,38.87479199999999],[-121.17824099999999,38.87484999999999],[-121.178328,38.87488999999999],[-121.17855699999997,38.87493599999999],[-121.178678,38.87496500000001],[-121.178805,38.87501],[-121.178928,38.875059],[-121.179045,38.875113],[-121.179135,38.87515199999999],[-121.17969100000002,38.87539199999999],[-121.18069100000001,38.87580599999999],[-121.1808,38.875857],[-121.181104,38.87602199999999],[-121.18120800000001,38.87607199999999],[-121.181231,38.87608],[-121.181317,38.87610999999999],[-121.18143599999999,38.87613399999999],[-121.181694,38.87615799999999],[-121.182345,38.876234999999994],[-121.18260699999998,38.876256999999995],[-121.18287699999999,38.876268],[-121.18315099999998,38.87627],[-121.18384400000001,38.87626399999999],[-121.18411899999997,38.87625499999999],[-121.184499,38.87624900000001],[-121.18494599999998,38.876241],[-121.18522800000001,38.87624900000001],[-121.18551399999998,38.876265999999994],[-121.18669299999999,38.876347],[-121.187283,38.876399],[-121.18800400000002,38.87646],[-121.188091,38.876467999999996],[-121.18869200000002,38.876526000000005],[-121.18921899999998,38.876577999999995],[-121.18946999999999,38.876598],[-121.189691,38.876598],[-121.189937,38.876563],[-121.19000499999999,38.876549999999995],[-121.19030500000001,38.876512],[-121.190373,38.876502],[-121.190549,38.876476999999994],[-121.19067399999999,38.876452],[-121.190925,38.876391],[-121.19105099999997,38.87635499999999],[-121.191412,38.876229],[-121.19163800000001,38.876139],[-121.191746,38.876105],[-121.19210100000001,38.87602],[-121.19223899999999,38.87598199999999],[-121.192454,38.875964],[-121.192651,38.875949],[-121.192919,38.87594299999999],[-121.193167,38.87590399999999],[-121.19339700000002,38.87585599999999],[-121.193504,38.87582299999999],[-121.193607,38.875775999999995],[-121.19370299999999,38.875713000000005],[-121.19390500000002,38.875586],[-121.194003,38.87551899999999],[-121.194287,38.875295],[-121.19449199999997,38.87515199999999],[-121.19460100000002,38.875085],[-121.19471500000002,38.875021999999994],[-121.194835,38.874964],[-121.19495900000001,38.87491599999999],[-121.19508299999997,38.874855],[-121.195212,38.874811],[-121.19572500000001,38.87461999999999],[-121.195871,38.87460999999999],[-121.195984,38.874559],[-121.196104,38.874516],[-121.196198,38.874432],[-121.19632400000002,38.874382],[-121.19645199999998,38.874338],[-121.19659,38.874303],[-121.196729,38.874274],[-121.197269,38.874182],[-121.19752200000002,38.874146],[-121.19777800000001,38.874119],[-121.198038,38.874109],[-121.198503,38.874120999999995],[-121.199101,38.874137],[-121.19922800000002,38.874132],[-121.19933699999997,38.874115],[-121.19944700000002,38.874075],[-121.199554,38.87401199999999],[-121.19966499999997,38.87393899999999],[-121.199884,38.873785999999996],[-121.200112,38.87363799999999],[-121.20044400000002,38.873439],[-121.20046399999997,38.87342799999999],[-121.20064,38.87333499999999],[-121.200728,38.87329999999999],[-121.20081699999999,38.873288],[-121.20089599999997,38.873291],[-121.20111900000002,38.87334499999999],[-121.201358,38.873439],[-121.20187700000001,38.873663],[-121.202004,38.873725],[-121.20224699999997,38.873851],[-121.202356,38.873915999999994],[-121.20245399999997,38.87398199999999],[-121.20254299999999,38.87405199999999],[-121.202623,38.874126999999994],[-121.20269599999999,38.874206],[-121.202865,38.874409],[-121.20309500000002,38.87468599999999],[-121.203268,38.874913],[-121.20329100000001,38.87495499999999],[-121.203355,38.87507099999999],[-121.20349200000001,38.87525599999999],[-121.20357000000001,38.875347],[-121.20365400000001,38.875435],[-121.203739,38.875512999999984],[-121.20390600000002,38.875645],[-121.204163,38.875921],[-121.20426399999998,38.876039],[-121.204333,38.87610699999999],[-121.20434699999998,38.876121],[-121.20454000000001,38.876388],[-121.20459,38.876471],[-121.204656,38.87655399999999],[-121.204775,38.876729999999995],[-121.20483999999999,38.876811999999994],[-121.204898,38.876895],[-121.20517900000002,38.877285999999984],[-121.20524599999997,38.87736199999999],[-121.20536399999997,38.877511],[-121.20542800000001,38.877603],[-121.20555,38.877759999999995],[-121.205614,38.877888999999996],[-121.20588100000002,38.878012],[-121.20594899999998,38.87806799999999],[-121.205982,38.87813],[-121.20600800000001,38.87823199999999],[-121.20598400000002,38.87836099999999],[-121.205931,38.878505000000004],[-121.20592899999997,38.87862199999999],[-121.206027,38.878786],[-121.20618299999998,38.878989000000004],[-121.20626999999998,38.879110999999995],[-121.2064,38.879253999999996],[-121.20667100000001,38.87957699999999],[-121.20674700000001,38.87968],[-121.20687299999999,38.879825],[-121.207048,38.880025999999994],[-121.207114,38.880108],[-121.20718199999997,38.880204],[-121.20731699999999,38.88036699999999],[-121.20737100000001,38.880407],[-121.20751399999999,38.880558],[-121.20763800000002,38.880669],[-121.20767400000001,38.88071599999999],[-121.207784,38.88081700000001],[-121.207821,38.880914],[-121.207826,38.881022],[-121.20777999999999,38.88119799999999],[-121.207833,38.881381],[-121.207866,38.881473],[-121.20794400000001,38.88156699999999],[-121.208027,38.881705],[-121.208098,38.881784999999994],[-121.208189,38.881924],[-121.20826899999997,38.882064],[-121.208369,38.88222],[-121.20838500000002,38.882281],[-121.208501,38.88244699999999],[-121.20854200000001,38.882535],[-121.208565,38.882619999999996],[-121.2086,38.88271999999999],[-121.20866500000001,38.883041999999996]]],"type":"Polygon"}},{"type":"Feature","id":5,"properties":{"DISTRICT":5,"POPULATION":15249},"geometry":{"coordinates":[[[-121.102238,38.796204],[-121.10232100000002,38.795908],[-121.10218000000002,38.794439],[-121.101852,38.792865],[-121.101306,38.79141899999999],[-121.101239,38.790534],[-121.101197,38.789972],[-121.101743,38.78797300000001],[-121.10186499999999,38.787737],[-121.102432,38.78664199999999],[-121.102999,38.785548],[-121.107689,38.78012199999999],[-121.10793299999999,38.779632],[-121.10842199999999,38.778652],[-121.108893,38.77779999999999],[-121.10988799999997,38.77599899999999],[-121.110348,38.77542900000001],[-121.110425,38.775333999999994],[-121.11050300000001,38.775238],[-121.110599,38.77511899999999],[-121.11069499999999,38.77499999999999],[-121.11088899999997,38.77476],[-121.11108299999998,38.774519999999995],[-121.111207,38.774366],[-121.11133099999999,38.774212999999996],[-121.111475,38.77403499999999],[-121.11161799999998,38.77385699999999],[-121.11166799999998,38.77379499999999],[-121.11359900000001,38.77258499999999],[-121.11459999999997,38.771958],[-121.11519199999996,38.77162499999999],[-121.11721700000001,38.77048800000001],[-121.118579,38.768936999999994],[-121.119259,38.765794],[-121.118809,38.764272],[-121.118788,38.76420199999999],[-121.11822800000002,38.761463],[-121.117479,38.757793],[-121.117689,38.756446],[-121.11920700000002,38.75432299999999],[-121.11955900000001,38.75396500000001],[-121.120617,38.75289],[-121.12096999999997,38.752533],[-121.12144600000002,38.75253],[-121.12194399999997,38.75252700000001],[-121.12287599999999,38.752520999999994],[-121.12291800000001,38.752520999999994],[-121.123135,38.75252],[-121.123353,38.752517999999995],[-121.123472,38.752517999999995],[-121.123592,38.75251900000001],[-121.12379399999999,38.752520999999994],[-121.123902,38.752522],[-121.12401099999998,38.752522],[-121.12805500000002,38.752545],[-121.135438,38.752588],[-121.142163,38.752626],[-121.14686599999999,38.752653],[-121.14707600000001,38.753191],[-121.147447,38.75343799999999],[-121.14748199999998,38.753558999999996],[-121.14739799999998,38.753614],[-121.146641,38.753482000000005],[-121.14609399999998,38.75318],[-121.14595399999997,38.753191],[-121.145813,38.753317],[-121.14577799999999,38.753427],[-121.14664000000002,38.75415199999999],[-121.14710299999999,38.754636],[-121.14717299999998,38.754773],[-121.14778999999999,38.75485],[-121.147839,38.754905],[-121.147839,38.75498699999999],[-121.147474,38.755234],[-121.14740399999997,38.755443],[-121.14722799999997,38.756458999999985],[-121.14749500000002,38.75669499999999],[-121.14749500000002,38.75675],[-121.14707399999998,38.756953],[-121.14698500000002,38.757067],[-121.146933,38.757134],[-121.14656800000002,38.75720599999999],[-121.14646300000001,38.757369999999995],[-121.14649799999997,38.757573],[-121.146617,38.75767199999999],[-121.14679300000002,38.7577],[-121.14712899999999,38.757601],[-121.147326,38.75764],[-121.14743099999997,38.757766],[-121.147396,38.757985999999995],[-121.14712899999999,38.758161],[-121.146624,38.758233],[-121.146378,38.758249],[-121.14623800000001,38.758331],[-121.14623800000001,38.758397],[-121.14632199999998,38.75845199999999],[-121.14708,38.758562],[-121.14713599999999,38.758617],[-121.14682000000002,38.75913899999999],[-121.146764,38.75918299999999],[-121.14653899999998,38.759193999999994],[-121.14648299999999,38.75924899999999],[-121.14660899999997,38.759375000000006],[-121.146876,38.759441],[-121.147156,38.75970499999999],[-121.14709099999999,38.75991700000001],[-121.14827100000001,38.759890999999996],[-121.15019199999999,38.759837],[-121.15059700000002,38.759882999999995],[-121.15471499999998,38.75982299999999],[-121.154924,38.759807],[-121.15487199999997,38.75373499999999],[-121.15487899999998,38.753509],[-121.15486499999997,38.752553999999996],[-121.155415,38.752547],[-121.161054,38.752497],[-121.161121,38.752491000000006],[-121.16112299999999,38.752315],[-121.16108599999998,38.751659000000004],[-121.16109999999999,38.751367],[-121.16114800000001,38.750345],[-121.16547999999999,38.750288999999995],[-121.16614499999999,38.75114299999999],[-121.16798400000002,38.753454],[-121.168046,38.753526],[-121.16797000000001,38.753572000000005],[-121.167621,38.75378499999999],[-121.16735200000001,38.753955999999995],[-121.167275,38.75400599999999],[-121.16712700000001,38.75410999999999],[-121.166791,38.754369],[-121.16653099999999,38.754603],[-121.166489,38.754642],[-121.16633599999999,38.754769],[-121.166186,38.75490099999999],[-121.165888,38.755168999999995],[-121.16485499999997,38.756068],[-121.16478499999998,38.756131],[-121.164716,38.756196],[-121.164435,38.756435],[-121.16430900000002,38.756557],[-121.16422199999997,38.75665999999999],[-121.16419999999998,38.756686],[-121.164128,38.756799],[-121.16411100000002,38.756826000000004],[-121.164036,38.756986],[-121.16399499999999,38.75714299999999],[-121.163979,38.75727599999998],[-121.16397599999999,38.757307],[-121.163969,38.75744399999999],[-121.16396700000001,38.75748],[-121.16396499999998,38.757723999999996],[-121.16396499999998,38.757828999999994],[-121.163973,38.75819599999999],[-121.16396700000001,38.75839],[-121.163969,38.758567],[-121.163973,38.758848],[-121.163975,38.75915299999999],[-121.163975,38.759173],[-121.16398000000001,38.759747999999995],[-121.17281899999998,38.75972899999999],[-121.173964,38.759733],[-121.17768200000002,38.75967599999999],[-121.178186,38.759669],[-121.18218299999998,38.759615999999994],[-121.18253099999998,38.759594],[-121.18256199999999,38.760199],[-121.18267900000001,38.76047199999999],[-121.18265799999999,38.76074499999999],[-121.18265499999998,38.760997999999994],[-121.18266100000001,38.76130499999999],[-121.18272100000002,38.761306],[-121.18268,38.762058999999994],[-121.18576300000001,38.762028],[-121.18611,38.762029],[-121.18613,38.76350699999999],[-121.18611900000002,38.76403199999999],[-121.18507899999997,38.76403199999999],[-121.185073,38.76448],[-121.19192099999998,38.764402],[-121.19192300000002,38.764864],[-121.191925,38.76519100000001],[-121.191918,38.76551799999999],[-121.19191700000002,38.76557199999999],[-121.191879,38.766177000000006],[-121.19188400000002,38.76638899999999],[-121.19189099999998,38.766499],[-121.191912,38.766826],[-121.19197499999999,38.766816999999996],[-121.19224199999998,38.766815],[-121.19229099999997,38.766816999999996],[-121.19237,38.766822],[-121.19250599999998,38.766816],[-121.192657,38.766822],[-121.19281200000002,38.766816],[-121.192976,38.766822],[-121.193433,38.766819999999996],[-121.193528,38.766819],[-121.19381399999999,38.766819],[-121.19423899999998,38.766816999999996],[-121.19522999999997,38.766815],[-121.19543000000002,38.766811999999994],[-121.195516,38.76681099999999],[-121.195606,38.76680999999999],[-121.195942,38.766808999999995],[-121.19617100000002,38.766808999999995],[-121.196309,38.766807],[-121.19654400000002,38.766805999999995],[-121.19672599999997,38.766808999999995],[-121.196901,38.766805999999995],[-121.19707000000001,38.76681099999999],[-121.19723199999999,38.766808],[-121.19738799999998,38.76681099999999],[-121.19741199999999,38.76680999999999],[-121.19778,38.766808999999995],[-121.198044,38.766808999999995],[-121.19805599999997,38.766808999999995],[-121.19821499999998,38.766802000000006],[-121.198387,38.766801],[-121.19857000000002,38.766793],[-121.198747,38.766791],[-121.19883500000002,38.766789],[-121.19909999999997,38.766785],[-121.199196,38.766766999999994],[-121.19976299999999,38.76680999999999],[-121.201197,38.766774],[-121.20128699999997,38.766777],[-121.202885,38.76678399999999],[-121.20359799999997,38.766783],[-121.20452200000001,38.766785],[-121.204766,38.766783],[-121.20591200000001,38.766731],[-121.206589,38.76673799999999],[-121.207087,38.766788],[-121.210522,38.766774],[-121.21746999999999,38.766712999999996],[-121.21759700000001,38.766831],[-121.218221,38.766829],[-121.218331,38.766706000000006],[-121.21931499999998,38.766698],[-121.21967500000001,38.76641300000001],[-121.21973,38.765236],[-121.219661,38.759463],[-121.22432900000001,38.759561999999995],[-121.22429099999998,38.75978099999999],[-121.22425,38.759943],[-121.224179,38.76015600000001],[-121.22415,38.76022299999999],[-121.22377199999997,38.761126000000004],[-121.223469,38.761844999999994],[-121.223066,38.762807],[-121.222975,38.76303599999999],[-121.22285799999999,38.763383],[-121.22276500000001,38.763735],[-121.22271600000002,38.763972],[-121.222703,38.764052],[-121.22258400000001,38.76482399999999],[-121.22250199999999,38.765357],[-121.222325,38.766522],[-121.22227100000002,38.766766999999994],[-121.222216,38.76694799999999],[-121.222124,38.76718799999999],[-121.22201100000001,38.76742099999999],[-121.22199900000001,38.767441],[-121.22187699999998,38.767647],[-121.221724,38.76786500000001],[-121.22155199999997,38.768074999999996],[-121.22137400000001,38.76826],[-121.221361,38.76827500000001],[-121.221207,38.76841699999999],[-121.220986,38.768597],[-121.220751,38.76876399999999],[-121.22050000000002,38.768919],[-121.21874399999999,38.769885],[-121.217839,38.77038400000001],[-121.21783999999998,38.77044899999999],[-121.21625299999998,38.77135199999999],[-121.215146,38.771955],[-121.21467899999999,38.772209999999994],[-121.21387700000001,38.772653],[-121.21349900000001,38.772861],[-121.213097,38.773081000000005],[-121.21286099999998,38.773211],[-121.21252200000002,38.77339],[-121.21221199999998,38.773529999999994],[-121.21190099999998,38.773642],[-121.21167099999998,38.77371999999999],[-121.21135800000002,38.773808],[-121.21111800000001,38.77386299999999],[-121.210954,38.773893],[-121.21087499999999,38.773908],[-121.210569,38.773951],[-121.210513,38.773954999999994],[-121.21051200000001,38.773887],[-121.21051200000001,38.773871],[-121.21037100000001,38.77388199999999],[-121.21010099999995,38.773903],[-121.20968,38.773929],[-121.209218,38.77395899999999],[-121.20915,38.773990999999995],[-121.20873100000001,38.774014],[-121.20768799999999,38.774072999999994],[-121.207615,38.77408],[-121.207484,38.774095],[-121.20721599999997,38.774137],[-121.20695199999997,38.774193],[-121.206934,38.774198],[-121.20669399999997,38.774263999999995],[-121.206442,38.774348999999994],[-121.20620699999998,38.774444],[-121.20593800000002,38.77457299999999],[-121.20581500000002,38.774637999999996],[-121.20557899999999,38.77478399999999],[-121.20469699999997,38.775394999999996],[-121.204275,38.775693999999994],[-121.20418899999997,38.775756],[-121.203788,38.776064999999996],[-121.20367899999998,38.77617699999999],[-121.203614,38.77621899999999],[-121.20355700000002,38.77625699999999],[-121.203445,38.776372],[-121.203392,38.776428],[-121.20332699999999,38.776495000000004],[-121.20328999999997,38.776538],[-121.20317600000001,38.776682],[-121.20304200000001,38.776876],[-121.202926,38.77707699999999],[-121.20284999999998,38.777232],[-121.20282200000001,38.77729699999999],[-121.20280400000001,38.777348],[-121.202763,38.777468999999996],[-121.20272299999999,38.77759199999999],[-121.20268700000001,38.777741],[-121.202652,38.77796699999999],[-121.20263699999997,38.77819399999999],[-121.20264299999998,38.778422000000006],[-121.20266000000001,38.778592999999994],[-121.20268700000001,38.778754],[-121.20272799999996,38.778923],[-121.20280199999998,38.779144],[-121.202896,38.77936],[-121.20297800000002,38.779518],[-121.203079,38.779687],[-121.203257,38.779976],[-121.20353,38.780407999999994],[-121.20411900000002,38.78133699999999],[-121.20422299999997,38.781513],[-121.204538,38.782041],[-121.204643,38.78221799999999],[-121.20469099999997,38.782299],[-121.204828,38.782548],[-121.20495299999999,38.782799999999995],[-121.205055,38.783027],[-121.20517300000002,38.783328999999995],[-121.20526900000002,38.78363],[-121.20538699999997,38.783998999999994],[-121.20566800000002,38.7849],[-121.20587399999997,38.78555999999999],[-121.20591800000001,38.78569999999999],[-121.20618800000001,38.78661699999999],[-121.20624599999998,38.786849],[-121.20628299999997,38.787079],[-121.2063,38.787311],[-121.206301,38.787431999999995],[-121.20628400000001,38.787647],[-121.20627699999997,38.787749],[-121.206274,38.78777699999999],[-121.20633200000002,38.78792899999999],[-121.20631899999997,38.787988999999996],[-121.20618800000001,38.788438],[-121.20615800000002,38.78855699999999],[-121.20612500000001,38.788676],[-121.206038,38.788991],[-121.20603400000002,38.78900699999999],[-121.20594199999998,38.78907999999999],[-121.20591499999998,38.789185],[-121.20584000000001,38.789680999999995],[-121.205773,38.790181],[-121.20576400000002,38.790252],[-121.20575199999999,38.790361999999995],[-121.205754,38.791450999999995],[-121.20578,38.794359],[-121.205781,38.79439],[-121.205774,38.794902],[-121.20575299999999,38.795278],[-121.20573100000001,38.795675],[-121.205672,38.796532],[-121.20564199999998,38.796975],[-121.205638,38.797009],[-121.20562199999998,38.797253999999995],[-121.20561100000002,38.79740999999999],[-121.20555400000002,38.79821199999999],[-121.205544,38.798367],[-121.20551799999998,38.79872],[-121.205487,38.799155],[-121.205479,38.799257999999995],[-121.20547699999997,38.79929099999999],[-121.20547300000001,38.799405],[-121.20547000000002,38.79949700000001],[-121.205469,38.79951899999999],[-121.20546700000001,38.799573],[-121.20546400000002,38.79968099999999],[-121.20544699999998,38.800363],[-121.20544699999998,38.800398],[-121.20544300000002,38.80053199999999],[-121.20543100000002,38.800683],[-121.20542800000001,38.801004999999996],[-121.205424,38.801381],[-121.20541399999998,38.80242299999999],[-121.205413,38.802679],[-121.20541000000001,38.802797999999996],[-121.20541000000001,38.802864],[-121.205421,38.803093],[-121.20541900000002,38.803149999999995],[-121.20541399999998,38.803276999999994],[-121.20539899999999,38.803834],[-121.20539299999997,38.804019],[-121.20542900000001,38.804534999999994],[-121.20543700000002,38.804624],[-121.205451,38.80481699999999],[-121.205469,38.80504199999999],[-121.20547499999999,38.805117],[-121.20549099999998,38.805322],[-121.20555400000002,38.80540899999999],[-121.205548,38.806244],[-121.20554599999998,38.80650299999999],[-121.20554499999999,38.806603],[-121.205542,38.806951],[-121.205523,38.80816300000001],[-121.205458,38.808293],[-121.20542800000001,38.809532],[-121.20541399999998,38.810154],[-121.20540400000002,38.81029199999999],[-121.20539999999997,38.810494999999996],[-121.205401,38.810669],[-121.205402,38.81074999999999],[-121.20541099999998,38.810872999999994],[-121.205445,38.811098],[-121.20548899999999,38.811294],[-121.20555099999999,38.8115],[-121.20556099999997,38.811531],[-121.20565400000001,38.811765],[-121.20571399999997,38.811915000000006],[-121.205814,38.812107],[-121.206343,38.811787999999986],[-121.20638600000001,38.81176],[-121.20722999999998,38.811229999999995],[-121.20809200000001,38.810704],[-121.208627,38.810379],[-121.20866399999997,38.810356999999996],[-121.208909,38.810206],[-121.20926500000002,38.809988999999995],[-121.209648,38.80975599999999],[-121.20989499999999,38.80960699999999],[-121.20998000000002,38.809554],[-121.21023699999999,38.809397000000004],[-121.210323,38.809346],[-121.210699,38.809118],[-121.211378,38.808702],[-121.21151299999997,38.808619],[-121.21508,38.806431],[-121.215875,38.805944],[-121.215966,38.80583699999999],[-121.21624099999997,38.80566999999999],[-121.21668399999999,38.80539999999999],[-121.218016,38.804591],[-121.218212,38.804472999999994],[-121.21846200000002,38.804325],[-121.218533,38.804282999999984],[-121.21874599999997,38.804157],[-121.218817,38.804114999999996],[-121.218831,38.804126999999994],[-121.218876,38.804163],[-121.21889099999999,38.804175],[-121.21894499999999,38.80421900000001],[-121.21895799999999,38.804232],[-121.219025,38.8043],[-121.21912300000001,38.804439],[-121.21915499999999,38.804484],[-121.21917099999997,38.80451399999999],[-121.21923199999998,38.80463199999999],[-121.219282,38.804773999999995],[-121.219293,38.80483],[-121.219307,38.804898],[-121.21931499999998,38.80497999999999],[-121.21930999999998,38.805099],[-121.21943,38.805035999999994],[-121.21957399999998,38.80495100000001],[-121.220301,38.804519],[-121.220538,38.80500099999999],[-121.220466,38.805023],[-121.22032499999997,38.80502199999999],[-121.22025499999998,38.805017],[-121.22023699999995,38.80507099999999],[-121.22024300000001,38.805644],[-121.22027099999997,38.80569700000001],[-121.22026899999999,38.805752],[-121.220272,38.806052],[-121.220278,38.80619900000001],[-121.21999099999998,38.80619599999999],[-121.219996,38.80627499999999],[-121.219998,38.806395],[-121.219998,38.80661299999999],[-121.220021,38.806711],[-121.21996399999998,38.80675900000001],[-121.21994299999997,38.806823],[-121.219959,38.807342],[-121.21997499999999,38.80738699999999],[-121.22003000000001,38.807441],[-121.220082,38.807463],[-121.22014000000001,38.80747100000001],[-121.22027699999997,38.80747100000001],[-121.220307,38.80755],[-121.220292,38.807996],[-121.220283,38.808897],[-121.220266,38.809547],[-121.22024799999998,38.810275],[-121.22065899999997,38.81027799999999],[-121.22695500000002,38.810333],[-121.226617,38.81149099999999],[-121.22644000000001,38.812101],[-121.22579799999997,38.814146],[-121.22523000000001,38.816129000000004],[-121.22519099999998,38.816266],[-121.22463200000001,38.81762799999999],[-121.224114,38.819107],[-121.22408999999998,38.819177999999994],[-121.22340400000002,38.82063399999999],[-121.22315299999997,38.821081],[-121.221895,38.823245],[-121.221109,38.824600999999994],[-121.22068599999999,38.825644],[-121.22059000000002,38.825963],[-121.220502,38.826262],[-121.220452,38.826649999999994],[-121.22043799999997,38.827118000000006],[-121.220459,38.82816],[-121.22038000000002,38.83032300000001],[-121.22032700000001,38.831782],[-121.220322,38.83187099999999],[-121.22030899999999,38.83214099999999],[-121.22030600000001,38.832232],[-121.220299,38.832534],[-121.220328,38.832818],[-121.22035199999998,38.833037],[-121.22039600000001,38.833323],[-121.220407,38.833769],[-121.22039899999999,38.834578],[-121.220394,38.835167],[-121.22041499999997,38.83576000000001],[-121.22041799999997,38.835868999999995],[-121.220452,38.836792],[-121.22046200000001,38.837283],[-121.22046800000001,38.83754],[-121.220481,38.83813399999999],[-121.22047899999998,38.838358],[-121.220475,38.83903],[-121.220475,38.839254999999994],[-121.220471,38.839414],[-121.220768,38.839399],[-121.22144799999997,38.839387],[-121.22306099999999,38.839324999999995],[-121.224938,38.839262999999995],[-121.226116,38.839231999999996],[-121.226276,38.839225],[-121.226662,38.83920899999999],[-121.22813900000001,38.839129],[-121.22969100000002,38.839125],[-121.229687,38.838913000000005],[-121.231643,38.83904199999999],[-121.23164600000001,38.839157],[-121.23165,38.839238],[-121.231657,38.839438],[-121.23169300000002,38.840973],[-121.231695,38.84105999999999],[-121.23171399999997,38.84214699999999],[-121.23161900000001,38.843582999999995],[-121.231557,38.844552],[-121.23148000000002,38.84524299999999],[-121.231461,38.84856099999999],[-121.23144799999999,38.84995],[-121.231452,38.851404],[-121.23146600000001,38.852474],[-121.23155399999997,38.852472999999996],[-121.231553,38.85406799999999],[-121.231553,38.854667000000006],[-121.23150399999999,38.854679000000004],[-121.23081499999998,38.855063],[-121.22940699999998,38.855832],[-121.22880899999998,38.856154],[-121.22849300000001,38.85654799999999],[-121.228221,38.85688499999999],[-121.22781700000002,38.85738899999999],[-121.227699,38.857862999999995],[-121.227711,38.857969],[-121.227777,38.858126000000006],[-121.22788599999998,38.858288],[-121.22791499999997,38.858331],[-121.228188,38.858731],[-121.22855399999997,38.85927099999999],[-121.228605,38.859399],[-121.22858099999998,38.85945699999999],[-121.22840999999997,38.859635000000004],[-121.227925,38.860141999999996],[-121.22788999999999,38.860255],[-121.227859,38.860532],[-121.22790199999999,38.860728],[-121.227988,38.86088999999999],[-121.22825500000002,38.86117599999999],[-121.22827699999999,38.861199000000006],[-121.228335,38.861213],[-121.22872700000002,38.86130599999999],[-121.228716,38.861931],[-121.22868699999997,38.864259999999994],[-121.22868499999998,38.864484],[-121.22868200000002,38.86461299999999],[-121.22868099999997,38.864706999999996],[-121.23187899999999,38.866350000000004],[-121.23225200000002,38.866569],[-121.232416,38.86667099999999],[-121.23287099999997,38.86695400000001],[-121.233026,38.867031],[-121.23323499999996,38.86713399999999],[-121.23357099999998,38.867299],[-121.23412599999999,38.867572],[-121.23441399999999,38.867714],[-121.23490899999999,38.867966],[-121.235067,38.86803700000001],[-121.23511899999998,38.86806099999999],[-121.23528999999999,38.868154999999994],[-121.23582799999998,38.86841299999999],[-121.234953,38.86841199999999],[-121.233954,38.86841499999999],[-121.234163,38.86849],[-121.23426199999997,38.868531],[-121.234418,38.868596],[-121.234662,38.86871500000001],[-121.234892,38.868848],[-121.23493300000001,38.868875],[-121.23510999999999,38.868994],[-121.235317,38.86915],[-121.23550899999996,38.86931799999999],[-121.23557800000002,38.869389],[-121.23568299999997,38.869496],[-121.23584000000001,38.869681],[-121.235902,38.869763999999996],[-121.235983,38.869871999999994],[-121.236959,38.871221],[-121.23706500000002,38.871374],[-121.23722400000001,38.871604999999995],[-121.237344,38.871803],[-121.237449,38.872004999999994],[-121.237484,38.872085999999996],[-121.23750100000001,38.872127],[-121.237538,38.87221199999999],[-121.237551,38.872251000000006],[-121.237565,38.87229399999999],[-121.237609,38.87242499999999],[-121.237664,38.87264],[-121.237706,38.87286],[-121.23773200000001,38.87308099999999],[-121.23774700000001,38.873304000000005],[-121.23776,38.873748],[-121.23775300000001,38.873962999999996],[-121.237775,38.874177],[-121.23779799999998,38.87459599999999],[-121.23780099999999,38.874645],[-121.23780099999999,38.874871],[-121.237809,38.875176999999994],[-121.23782800000001,38.87569],[-121.23784099999997,38.87600200000001],[-121.23788399999997,38.877232],[-121.23790199999999,38.877747],[-121.23792000000002,38.878287],[-121.23796600000001,38.879588999999996],[-121.237973,38.87991],[-121.23798699999998,38.880450999999994],[-121.23798799999997,38.880694999999996],[-121.23799299999999,38.88134500000001],[-121.23799199999999,38.881427],[-121.23799000000001,38.881672],[-121.23798600000002,38.88213199999999],[-121.237982,38.882783],[-121.23797799999998,38.883512],[-121.237976,38.883973],[-121.23797199999998,38.884481],[-121.23796499999999,38.885676],[-121.23796499999999,38.886005999999995],[-121.23796499999999,38.88615],[-121.23795300000002,38.886515],[-121.237736,38.88651599999999],[-121.237087,38.886517999999995],[-121.23687099999998,38.88652],[-121.23618200000001,38.88652199999999],[-121.23570599999995,38.88652499999999],[-121.23411700000001,38.88653600000001],[-121.23342900000002,38.886542],[-121.233356,38.884402],[-121.23340899999995,38.883898],[-121.23340899999995,38.88182],[-121.23339699999998,38.880329999999994],[-121.233407,38.879268],[-121.23318399999998,38.879259],[-121.22875100000002,38.879268],[-121.22875,38.879076],[-121.228746,38.87806499999999],[-121.228741,38.87725399999999],[-121.228734,38.876121],[-121.22873899999999,38.87565299999999],[-121.22855099999998,38.875668999999995],[-121.214557,38.875736999999994],[-121.21286200000002,38.875778999999994],[-121.21270000000001,38.875801],[-121.212248,38.87580199999999],[-121.21095499999997,38.875812],[-121.210124,38.875827],[-121.210124,38.875896],[-121.21011899999998,38.877521],[-121.21011,38.87912399999999],[-121.21010700000001,38.880627],[-121.21010700000001,38.88100699999999],[-121.21010700000001,38.88185699999999],[-121.21010700000001,38.88304999999998],[-121.21003799999997,38.883049],[-121.20951599999997,38.883045],[-121.20866500000001,38.883041999999996],[-121.2086,38.88271999999999],[-121.208565,38.882619999999996],[-121.20854200000001,38.882535],[-121.208501,38.88244699999999],[-121.20838500000002,38.882281],[-121.208369,38.88222],[-121.20826899999997,38.882064],[-121.208189,38.881924],[-121.208098,38.881784999999994],[-121.208027,38.881705],[-121.20794400000001,38.88156699999999],[-121.207866,38.881473],[-121.207833,38.881381],[-121.20777999999999,38.88119799999999],[-121.207826,38.881022],[-121.207821,38.880914],[-121.207784,38.88081700000001],[-121.20767400000001,38.88071599999999],[-121.20763800000002,38.880669],[-121.20751399999999,38.880558],[-121.20737100000001,38.880407],[-121.20731699999999,38.88036699999999],[-121.20718199999997,38.880204],[-121.207114,38.880108],[-121.207048,38.880025999999994],[-121.20687299999999,38.879825],[-121.20674700000001,38.87968],[-121.20667100000001,38.87957699999999],[-121.2064,38.879253999999996],[-121.20626999999998,38.879110999999995],[-121.20618299999998,38.878989000000004],[-121.206027,38.878786],[-121.20592899999997,38.87862199999999],[-121.205931,38.878505000000004],[-121.20598400000002,38.87836099999999],[-121.20600800000001,38.87823199999999],[-121.205982,38.87813],[-121.20594899999998,38.87806799999999],[-121.20588100000002,38.878012],[-121.205614,38.877888999999996],[-121.20555,38.877759999999995],[-121.20542800000001,38.877603],[-121.20536399999997,38.877511],[-121.20524599999997,38.87736199999999],[-121.20517900000002,38.877285999999984],[-121.204898,38.876895],[-121.20483999999999,38.876811999999994],[-121.204775,38.876729999999995],[-121.204656,38.87655399999999],[-121.20459,38.876471],[-121.20454000000001,38.876388],[-121.20434699999998,38.876121],[-121.204333,38.87610699999999],[-121.20426399999998,38.876039],[-121.204163,38.875921],[-121.20390600000002,38.875645],[-121.203739,38.875512999999984],[-121.20365400000001,38.875435],[-121.20357000000001,38.875347],[-121.20349200000001,38.87525599999999],[-121.203355,38.87507099999999],[-121.20329100000001,38.87495499999999],[-121.203268,38.874913],[-121.20309500000002,38.87468599999999],[-121.202865,38.874409],[-121.20269599999999,38.874206],[-121.202623,38.874126999999994],[-121.20254299999999,38.87405199999999],[-121.20245399999997,38.87398199999999],[-121.202356,38.873915999999994],[-121.20224699999997,38.873851],[-121.202004,38.873725],[-121.20187700000001,38.873663],[-121.201358,38.873439],[-121.20111900000002,38.87334499999999],[-121.20089599999997,38.873291],[-121.20081699999999,38.873288],[-121.200728,38.87329999999999],[-121.20064,38.87333499999999],[-121.20046399999997,38.87342799999999],[-121.20044400000002,38.873439],[-121.200112,38.87363799999999],[-121.199884,38.873785999999996],[-121.19966499999997,38.87393899999999],[-121.199554,38.87401199999999],[-121.19944700000002,38.874075],[-121.19933699999997,38.874115],[-121.19922800000002,38.874132],[-121.199101,38.874137],[-121.198503,38.874120999999995],[-121.198038,38.874109],[-121.19777800000001,38.874119],[-121.19752200000002,38.874146],[-121.197269,38.874182],[-121.196729,38.874274],[-121.19659,38.874303],[-121.19645199999998,38.874338],[-121.19632400000002,38.874382],[-121.196198,38.874432],[-121.196104,38.874516],[-121.195984,38.874559],[-121.195871,38.87460999999999],[-121.19572500000001,38.87461999999999],[-121.195212,38.874811],[-121.19508299999997,38.874855],[-121.19495900000001,38.87491599999999],[-121.194835,38.874964],[-121.19471500000002,38.875021999999994],[-121.19460100000002,38.875085],[-121.19449199999997,38.87515199999999],[-121.194287,38.875295],[-121.194003,38.87551899999999],[-121.19390500000002,38.875586],[-121.19370299999999,38.875713000000005],[-121.193607,38.875775999999995],[-121.193504,38.87582299999999],[-121.19339700000002,38.87585599999999],[-121.193167,38.87590399999999],[-121.192919,38.87594299999999],[-121.192651,38.875949],[-121.192454,38.875964],[-121.19223899999999,38.87598199999999],[-121.19210100000001,38.87602],[-121.191746,38.876105],[-121.19163800000001,38.876139],[-121.191412,38.876229],[-121.19105099999997,38.87635499999999],[-121.190925,38.876391],[-121.19067399999999,38.876452],[-121.190549,38.876476999999994],[-121.190373,38.876502],[-121.19030500000001,38.876512],[-121.19000499999999,38.876549999999995],[-121.189937,38.876563],[-121.189691,38.876598],[-121.18946999999999,38.876598],[-121.18921899999998,38.876577999999995],[-121.18869200000002,38.876526000000005],[-121.188091,38.876467999999996],[-121.18800400000002,38.87646],[-121.187283,38.876399],[-121.18669299999999,38.876347],[-121.18551399999998,38.876265999999994],[-121.18522800000001,38.87624900000001],[-121.18494599999998,38.876241],[-121.184499,38.87624900000001],[-121.18411899999997,38.87625499999999],[-121.18384400000001,38.87626399999999],[-121.18315099999998,38.87627],[-121.18287699999999,38.876268],[-121.18260699999998,38.876256999999995],[-121.182345,38.876234999999994],[-121.181694,38.87615799999999],[-121.18143599999999,38.87613399999999],[-121.181317,38.87610999999999],[-121.181231,38.87608],[-121.18120800000001,38.87607199999999],[-121.181104,38.87602199999999],[-121.1808,38.875857],[-121.18069100000001,38.87580599999999],[-121.17969100000002,38.87539199999999],[-121.179135,38.87515199999999],[-121.179045,38.875113],[-121.178928,38.875059],[-121.178805,38.87501],[-121.178678,38.87496500000001],[-121.17855699999997,38.87493599999999],[-121.178328,38.87488999999999],[-121.17824099999999,38.87484999999999],[-121.178182,38.87479199999999],[-121.178122,38.874638999999995],[-121.178161,38.87457199999999],[-121.17816900000001,38.874534],[-121.178183,38.874477999999996],[-121.178231,38.87440099999999],[-121.178283,38.874329],[-121.17855000000002,38.874017],[-121.17866700000002,38.873861999999995],[-121.17871299999999,38.873783],[-121.178741,38.873706],[-121.178754,38.873625],[-121.17875100000002,38.873545],[-121.17873700000001,38.873467],[-121.17862499999998,38.873087],[-121.178599,38.87294599999999],[-121.17858700000001,38.872827],[-121.178567,38.872712],[-121.17856500000002,38.87265499999999],[-121.17858100000001,38.87254],[-121.178597,38.872478],[-121.17865199999999,38.872342],[-121.178735,38.87218599999999],[-121.178861,38.87193599999999],[-121.178922,38.87177499999999],[-121.17896200000001,38.871696],[-121.17902100000002,38.871625999999985],[-121.179107,38.871577],[-121.17921300000002,38.871549],[-121.17933600000002,38.871529],[-121.17946300000001,38.871503],[-121.17958600000001,38.871466],[-121.17969400000001,38.87142200000001],[-121.17970700000001,38.871417],[-121.18005,38.871213],[-121.18053399999997,38.870928],[-121.18078100000001,38.870791],[-121.18083,38.87076700000001],[-121.181164,38.870601],[-121.18175400000001,38.87032299999999],[-121.18195,38.870232],[-121.18247100000002,38.869992999999994],[-121.18285000000002,38.869806999999994],[-121.18336300000001,38.86956899999999],[-121.18347499999999,38.869512],[-121.183573,38.869455],[-121.183656,38.869393],[-121.18371199999999,38.86932099999999],[-121.18372300000001,38.869240999999995],[-121.183688,38.869166],[-121.18361699999997,38.86911],[-121.18352599999999,38.869081],[-121.183425,38.869077999999995],[-121.183315,38.86908799999999],[-121.18308100000002,38.869127999999996],[-121.18301500000001,38.869142999999994],[-121.18263600000002,38.869235],[-121.18253,38.869252],[-121.18242600000002,38.869257999999995],[-121.182326,38.869253],[-121.18222999999998,38.869234],[-121.18213500000002,38.86920299999999],[-121.18205100000002,38.869157],[-121.182028,38.869137],[-121.18198200000002,38.869094999999994],[-121.181914,38.86901999999999],[-121.18182799999997,38.868953999999995],[-121.18171599999998,38.868911999999995],[-121.18159099999997,38.868897999999994],[-121.18146699999997,38.86890400000001],[-121.18133999999998,38.86892399999999],[-121.18099,38.869018999999994],[-121.18087499999997,38.86906],[-121.18072,38.86919999999999],[-121.18064099999998,38.869256],[-121.180497,38.869262],[-121.18038400000002,38.869282999999996],[-121.180304,38.869282],[-121.180272,38.869282],[-121.180038,38.86925],[-121.17991600000002,38.86924],[-121.179807,38.869237],[-121.17968800000001,38.869257],[-121.179443,38.869459],[-121.179339,38.86952599999999],[-121.17906999999998,38.869676000000005],[-121.17887200000001,38.86969700000001],[-121.17875,38.869690999999996],[-121.17860400000002,38.869629],[-121.17829,38.869514],[-121.178159,38.869455],[-121.17802299999998,38.869402],[-121.17788199999997,38.869363],[-121.17723600000001,38.869299],[-121.17676100000001,38.869158],[-121.17663499999998,38.869150999999995],[-121.17648200000001,38.869108],[-121.17632599999999,38.869069],[-121.176173,38.869036],[-121.176018,38.869008999999984],[-121.17572,38.86896599999999],[-121.17558100000001,38.86893799999999],[-121.175457,38.868891999999995],[-121.17535899999999,38.868825],[-121.17528399999998,38.868744],[-121.175219,38.868657999999996],[-121.175136,38.86857299999999],[-121.175057,38.868527],[-121.175028,38.86851099999999],[-121.175012,38.86851000000001],[-121.17419699999998,38.868474],[-121.17346799999997,38.86850099999999],[-121.173342,38.86850199999999],[-121.173313,38.86849999999999],[-121.17321499999998,38.86849399999999],[-121.17312199999999,38.86845699999999],[-121.17303500000001,38.86842299999999],[-121.17302099999998,38.86835799999999],[-121.17301399999998,38.868269],[-121.17301399999998,38.86806599999999],[-121.17301399999998,38.86780999999999],[-121.173018,38.867691],[-121.17300400000002,38.867338],[-121.172989,38.867202],[-121.17299799999999,38.867085],[-121.17299699999998,38.866713999999995],[-121.17299699999998,38.866691],[-121.17297700000002,38.86654999999999],[-121.17298100000001,38.86642199999999],[-121.172979,38.866265],[-121.172982,38.866135],[-121.17297799999999,38.86586400000001],[-121.172982,38.865758],[-121.172983,38.865734],[-121.17297999999997,38.865604999999995],[-121.172992,38.86524699999999],[-121.17297700000002,38.865001],[-121.17296900000001,38.864742],[-121.17295799999998,38.864604],[-121.17297799999999,38.864502],[-121.17297299999997,38.86437099999999],[-121.17297200000002,38.86424],[-121.17297200000002,38.864114],[-121.17295199999998,38.863986000000004],[-121.17295099999998,38.863735],[-121.17295199999998,38.863495],[-121.17293900000001,38.86311499999999],[-121.17294,38.862841],[-121.17293900000001,38.862827],[-121.17293200000002,38.862432999999996],[-121.172936,38.86215699999999],[-121.17294799999999,38.862016000000004],[-121.17294999999999,38.861486],[-121.17293699999998,38.861242],[-121.17288999999997,38.860902],[-121.17285,38.86079899999999],[-121.17279800000001,38.860600999999996],[-121.17279199999997,38.860504],[-121.17280300000002,38.860409],[-121.17283400000001,38.860315],[-121.17287599999997,38.860219999999984],[-121.172925,38.860153],[-121.17300699999997,38.860045],[-121.173039,38.859942000000004],[-121.17304199999998,38.85983699999999],[-121.172995,38.85953799999999],[-121.17299000000001,38.859508999999996],[-121.172935,38.859289],[-121.172796,38.859371],[-121.172745,38.859378],[-121.172706,38.85941],[-121.17253499999997,38.859511],[-121.172424,38.859564999999996],[-121.172177,38.859666999999995],[-121.17203200000002,38.85970999999999],[-121.172015,38.859722],[-121.171925,38.859793999999994],[-121.17166999999998,38.859879],[-121.171571,38.859942999999994],[-121.17148500000002,38.860018],[-121.17124699999997,38.860284],[-121.17107400000002,38.860457],[-121.170901,38.86064799999999],[-121.170721,38.860838],[-121.170535,38.861024],[-121.17044100000001,38.861095999999996],[-121.17029199999998,38.861122],[-121.17016400000001,38.861118999999995],[-121.16970200000002,38.86109399999999],[-121.16954699999998,38.861101999999995],[-121.16948900000001,38.861109],[-121.16938799999997,38.86112399999999],[-121.16923,38.86116],[-121.16894099999998,38.861277],[-121.1688,38.861346],[-121.168675,38.861425],[-121.168563,38.86151399999999],[-121.168553,38.861522],[-121.168463,38.861614999999986],[-121.16838400000002,38.861720999999996],[-121.168316,38.86183],[-121.168262,38.861934999999995],[-121.168224,38.862044999999995],[-121.16816400000002,38.862261],[-121.168122,38.862364],[-121.16811,38.862456],[-121.168002,38.862565999999994],[-121.16788299999999,38.862626],[-121.16783500000001,38.86263499999999],[-121.16773300000001,38.862655],[-121.167614,38.86269099999999],[-121.16748300000002,38.86269699999999],[-121.16735200000001,38.86269099999999],[-121.16709600000002,38.862660999999996],[-121.16697300000001,38.86265399999999],[-121.16685600000001,38.862658],[-121.16675099999999,38.862686],[-121.166661,38.862736],[-121.16658200000002,38.862802],[-121.16650399999999,38.86287899999999],[-121.166403,38.86295],[-121.16631099999996,38.863042],[-121.16623499999997,38.86314899999999],[-121.16613800000002,38.863231],[-121.16593199999998,38.86339199999999],[-121.165813,38.863455],[-121.16568199999999,38.863506],[-121.16540299999998,38.863581999999994],[-121.16509400000001,38.863643],[-121.16493799999998,38.863684],[-121.16477999999996,38.863732999999996],[-121.16462599999997,38.863794],[-121.16434200000002,38.863933],[-121.164053,38.86408800000001],[-121.16395499999999,38.864142],[-121.16383500000002,38.86421699999999],[-121.16372499999999,38.86429799999999],[-121.16362000000001,38.864387],[-121.163414,38.864582999999996],[-121.16321899999997,38.86478700000001],[-121.16303799999997,38.86496499999999],[-121.16299700000002,38.864998],[-121.16294599999999,38.865039],[-121.162849,38.865106],[-121.16261600000001,38.86524399999999],[-121.16232500000001,38.86540899999999],[-121.162241,38.865456999999985],[-121.16212100000001,38.865527],[-121.161997,38.86559299999999],[-121.16186900000001,38.86565499999998],[-121.16161300000002,38.86576999999999],[-121.161219,38.865922999999995],[-121.16105999999999,38.865974],[-121.160819,38.866060999999995],[-121.16023800000002,38.86620599999999],[-121.160117,38.866223999999995],[-121.160092,38.866229],[-121.15994799999997,38.866233],[-121.15980799999997,38.866219],[-121.159678,38.86619099999999],[-121.15955099999998,38.86615],[-121.159436,38.866096999999996],[-121.15936500000001,38.86605099999999],[-121.15929799999999,38.866052999999994],[-121.1591,38.866059],[-121.15903400000002,38.866062],[-121.159057,38.866026],[-121.15912499999999,38.86592],[-121.15914899999999,38.865885000000006],[-121.15909799999999,38.86584800000001],[-121.159075,38.865831],[-121.15896800000002,38.86576999999999],[-121.158934,38.865757],[-121.158876,38.865734999999994],[-121.158913,38.865627999999994],[-121.15896000000001,38.865428],[-121.15897400000001,38.86535899999999],[-121.15899599999999,38.865254],[-121.158985,38.86513099999999],[-121.15898900000002,38.864827],[-121.158984,38.864262999999994],[-121.15898700000001,38.864195],[-121.15899899999998,38.86394399999999],[-121.159017,38.86384399999999],[-121.15902599999998,38.863809999999994],[-121.159045,38.86374200000001],[-121.159135,38.863534],[-121.15930599999997,38.86315999999999],[-121.15958399999998,38.86256],[-121.159642,38.862449],[-121.15968999999997,38.86233899999999],[-121.15975099999997,38.862232000000006],[-121.160034,38.861625],[-121.160087,38.86153300000001],[-121.160159,38.861452],[-121.16022900000002,38.86136400000001],[-121.160306,38.861304000000004],[-121.160324,38.861290999999994],[-121.16043099999999,38.861228999999994],[-121.160548,38.861179],[-121.160676,38.861141],[-121.16081099999997,38.86111599999999],[-121.16095099999997,38.861101999999995],[-121.16097400000001,38.861101999999995],[-121.16109399999999,38.861099],[-121.161384,38.861109],[-121.16167100000001,38.86112399999999],[-121.161817,38.86112399999999],[-121.16216299999999,38.860971],[-121.16220199999998,38.861083],[-121.16233999999999,38.861045999999995],[-121.16246100000001,38.86099],[-121.16255300000002,38.860927],[-121.16264699999998,38.860846],[-121.16272799999999,38.860756],[-121.16279700000001,38.860659],[-121.16288100000001,38.86049800000001],[-121.162909,38.860443999999994],[-121.162974,38.86033599999999],[-121.16304600000001,38.860228],[-121.16312599999999,38.86012300000001],[-121.16338599999997,38.85983099999999],[-121.16346099999998,38.85973499999999],[-121.163521,38.859637],[-121.163564,38.859533],[-121.163588,38.859421999999995],[-121.16359500000002,38.859342],[-121.163598,38.85930599999999],[-121.16359599999997,38.859187999999996],[-121.16357099999999,38.858830999999995],[-121.163564,38.858725],[-121.163561,38.858501999999994],[-121.16355099999998,38.858045999999995],[-121.16355099999998,38.857351],[-121.163554,38.857297],[-121.16357399999998,38.85703099999999],[-121.163606,38.85678899999999],[-121.16361000000002,38.856761],[-121.16362099999999,38.856678],[-121.16362600000001,38.85665099999999],[-121.163639,38.85643599999999],[-121.163636,38.855566],[-121.16362600000001,38.85493600000001],[-121.163631,38.85475100000001],[-121.163629,38.854651],[-121.16363499999999,38.854560000000006],[-121.16362799999999,38.85445699999999],[-121.16362799999999,38.85425099999999],[-121.163636,38.854125],[-121.163624,38.853758],[-121.16362299999997,38.85372799999999],[-121.163615,38.853156],[-121.16361699999997,38.85308599999999],[-121.163609,38.852997],[-121.16361600000002,38.852668],[-121.16364600000001,38.852456],[-121.163656,38.852401],[-121.16365699999997,38.852357999999995],[-121.16369299999997,38.85213],[-121.16450699999999,38.851352999999996],[-121.164435,38.851318],[-121.16397099999998,38.85104299999999],[-121.163798,38.850998999999995],[-121.163555,38.851029],[-121.163387,38.85107299999999],[-121.16319899999998,38.851098],[-121.16300899999999,38.8511],[-121.162806,38.85107299999999],[-121.16259000000001,38.851036],[-121.162366,38.85098],[-121.162047,38.850858],[-121.16136800000001,38.85053099999999],[-121.161177,38.850471999999996],[-121.160967,38.850418],[-121.16086099999997,38.85038],[-121.16075800000002,38.850331],[-121.160663,38.85026899999999],[-121.16040699999998,38.850054],[-121.16022,38.849917],[-121.16013599999998,38.849866999999996],[-121.16004399999998,38.849799000000004],[-121.159784,38.84963599999999],[-121.159588,38.84950400000001],[-121.159504,38.849436999999995],[-121.15941800000002,38.84936],[-121.159333,38.849291],[-121.159267,38.849224],[-121.159172,38.849152],[-121.15907700000001,38.84909],[-121.158913,38.84900199999999],[-121.158888,38.848991],[-121.158739,38.848915999999996],[-121.15838699999998,38.84874899999999],[-121.15828000000002,38.84869099999999],[-121.158181,38.84863],[-121.158091,38.84856299999999],[-121.15801199999997,38.848486],[-121.157946,38.848404],[-121.15789399999998,38.84832200000001],[-121.15786000000001,38.848226],[-121.157819,38.848024],[-121.15778799999998,38.847816],[-121.15773800000001,38.847637],[-121.15769300000001,38.84755499999999],[-121.157576,38.847416],[-121.15742300000001,38.847283],[-121.15728799999998,38.84714],[-121.157234,38.847044],[-121.15707299999997,38.846655],[-121.15696599999998,38.846478999999995],[-121.15690000000001,38.846398],[-121.156823,38.84631799999999],[-121.15676499999998,38.84626299999999],[-121.156726,38.846225999999994],[-121.15669600000001,38.846197],[-121.156568,38.846098999999995],[-121.15654,38.846076999999994],[-121.156449,38.846029],[-121.156339,38.84599799999999],[-121.15610099999999,38.845973],[-121.155863,38.84592],[-121.155745,38.84588],[-121.15570799999998,38.845859],[-121.15563500000002,38.845817],[-121.155562,38.84575999999999],[-121.155536,38.84574],[-121.15544999999997,38.845654999999994],[-121.155295,38.84545599999999],[-121.155221,38.84535400000001],[-121.15512600000001,38.845209000000004],[-121.15576899999998,38.844669999999994],[-121.156308,38.844244],[-121.15669200000002,38.84393],[-121.156908,38.84375099999999],[-121.15720600000002,38.843511],[-121.15751699999997,38.843259],[-121.157891,38.842958],[-121.15867100000001,38.842328],[-121.159152,38.84192099999999],[-121.160131,38.841105999999996],[-121.16065300000001,38.840679],[-121.161084,38.840316],[-121.16165999999997,38.839839000000005],[-121.16216199999997,38.839431],[-121.162568,38.8391],[-121.162974,38.838761],[-121.16339999999998,38.83840099999999],[-121.16393799999999,38.83793599999999],[-121.16437500000002,38.837581],[-121.16476699999998,38.83722099999999],[-121.165344,38.836757000000006],[-121.16540599999998,38.836707],[-121.16610500000002,38.836133],[-121.166243,38.83600499999999],[-121.16657399999998,38.83571200000001],[-121.167113,38.83525999999999],[-121.16738699999999,38.83502399999999],[-121.16779600000001,38.834697999999996],[-121.168214,38.834355],[-121.16825199999998,38.834324],[-121.16854399999998,38.83408399999999],[-121.16854399999998,38.834038],[-121.16854599999996,38.83387],[-121.16854599999996,38.833828],[-121.16854599999996,38.83368000000001],[-121.16854599999996,38.833654],[-121.168575,38.833127999999995],[-121.16859499999995,38.832621],[-121.168612,38.83223999999999],[-121.168614,38.832204],[-121.16860600000001,38.831442],[-121.168631,38.830604],[-121.16863900000001,38.83008399999999],[-121.168626,38.829761999999995],[-121.168618,38.829703],[-121.16862699999999,38.829542999999994],[-121.168623,38.828925999999996],[-121.16861999999999,38.82817299999999],[-121.16861,38.827751],[-121.16861999999999,38.827614],[-121.16862199999997,38.827465],[-121.16861500000002,38.82732],[-121.16862100000002,38.827184],[-121.168611,38.826386],[-121.168611,38.826288999999996],[-121.168612,38.826096],[-121.168614,38.82595899999999],[-121.16861,38.82578199999999],[-121.16861,38.825517],[-121.168611,38.825325],[-121.168575,38.825325],[-121.16846899999997,38.825325],[-121.168434,38.825325],[-121.16814799999997,38.825323999999995],[-121.16729,38.825323000000004],[-121.16700499999999,38.825323000000004],[-121.16663100000001,38.825322],[-121.166424,38.825318],[-121.164642,38.825318],[-121.16405200000001,38.825319],[-121.164063,38.82468999999999],[-121.16406400000001,38.824676],[-121.164063,38.824310999999994],[-121.164069,38.824184],[-121.164053,38.823821],[-121.16406199999997,38.823559],[-121.16405800000001,38.823413],[-121.16404799999997,38.823273],[-121.164057,38.82312699999999],[-121.16404599999998,38.822869],[-121.16404599999998,38.82280600000001],[-121.164047,38.822502],[-121.16403700000001,38.822178],[-121.164038,38.82212699999999],[-121.164038,38.82211300000001],[-121.164038,38.822084000000004],[-121.16403999999999,38.822008],[-121.16403199999998,38.821839],[-121.16403199999998,38.821802],[-121.16403300000002,38.82170899999999],[-121.16403199999998,38.821648],[-121.16403100000001,38.821467999999996],[-121.16403100000001,38.82140799999999],[-121.164029,38.821192999999994],[-121.16402799999997,38.821011999999996],[-121.16402,38.820552],[-121.16402,38.820529],[-121.16402100000002,38.820338],[-121.16402199999999,38.82006199999999],[-121.16402499999998,38.819238],[-121.16402700000002,38.81896299999999],[-121.16402499999998,38.81883],[-121.16402,38.818433],[-121.16401899999998,38.818301000000005],[-121.164018,38.818253],[-121.164016,38.818110000000004],[-121.164016,38.818062999999995],[-121.16401199999999,38.817851],[-121.16400499999997,38.817357],[-121.163996,38.81721799999999],[-121.16399499999999,38.81720200000001],[-121.16399199999998,38.817007],[-121.16398600000001,38.81672199999999],[-121.163979,38.816295999999994],[-121.163979,38.815989999999985],[-121.163984,38.81586899999999],[-121.16398600000001,38.815836999999995],[-121.163973,38.81567499999999],[-121.163973,38.815585999999996],[-121.163973,38.815518999999995],[-121.163966,38.815374],[-121.16396700000001,38.81529999999999],[-121.163969,38.815051],[-121.16396,38.81474599999999],[-121.16397000000002,38.814583999999996],[-121.163969,38.814533000000004],[-121.163966,38.814102],[-121.16397699999999,38.81363699999999],[-121.163991,38.813469999999995],[-121.16400099999996,38.81315],[-121.163996,38.812850999999995],[-121.16400099999996,38.81269199999999],[-121.163993,38.812516],[-121.163999,38.812369],[-121.163997,38.81222],[-121.16398899999999,38.812068],[-121.163987,38.81177999999999],[-121.16399199999998,38.811626000000004],[-121.16398800000002,38.811375],[-121.16398499999998,38.811079],[-121.163991,38.810747000000006],[-121.16398000000001,38.810323000000004],[-121.16384799999999,38.81027799999999],[-121.16375700000002,38.810247],[-121.163444,38.810186],[-121.163308,38.810159999999996],[-121.16316599999999,38.81013199999999],[-121.16302199999998,38.810106],[-121.16261099999998,38.810033],[-121.162303,38.809985],[-121.16215999999999,38.809965999999996],[-121.16214100000002,38.80996400000001],[-121.161976,38.809948],[-121.16187100000002,38.809941],[-121.16181,38.809937],[-121.16164499999998,38.809931999999996],[-121.16099799999998,38.809924],[-121.160832,38.80992299999999],[-121.16078,38.809924],[-121.16067400000001,38.809927],[-121.16051899999997,38.809940000000005],[-121.1602,38.809991],[-121.15935599999997,38.810158],[-121.159018,38.810235999999996],[-121.158516,38.81037200000001],[-121.15817600000001,38.810466999999996],[-121.157839,38.81055599999999],[-121.157769,38.81057],[-121.15766899999998,38.81058900000001],[-121.157496,38.810607999999995],[-121.15715299999998,38.810621999999995],[-121.15652200000001,38.810626],[-121.15577000000002,38.81061799999999],[-121.155175,38.81063600000001],[-121.15481599999998,38.81069899999999],[-121.15430900000001,38.810841],[-121.15397599999999,38.810891],[-121.15357300000001,38.810983],[-121.15324600000001,38.811104],[-121.152938,38.811195],[-121.15271999999999,38.811237],[-121.15244799999998,38.811267],[-121.152248,38.811279000000006],[-121.15206699999997,38.811285],[-121.151777,38.811267],[-121.15141400000002,38.811249],[-121.15111700000001,38.811219],[-121.15092399999999,38.811195],[-121.150773,38.81112799999999],[-121.150567,38.810970999999995],[-121.15038,38.810801999999995],[-121.150283,38.810735],[-121.15013200000001,38.810596000000004],[-121.14978999999998,38.810325],[-121.149557,38.810141],[-121.149453,38.810058999999995],[-121.14905199999998,38.809751],[-121.14839099999998,38.809242],[-121.148149,38.809054],[-121.148032,38.808966999999996],[-121.14791300000002,38.808892],[-121.14778499999998,38.80883299999999],[-121.147647,38.808793],[-121.14750100000002,38.80878299999999],[-121.14744800000001,38.80877],[-121.147351,38.808767],[-121.14719600000001,38.808774],[-121.14703700000001,38.808791],[-121.146815,38.808825],[-121.14662500000001,38.808857],[-121.14617599999998,38.80893399999999],[-121.14605799999998,38.808955],[-121.14586999999997,38.80899],[-121.145817,38.808998],[-121.145658,38.809025999999996],[-121.14560599999997,38.809036],[-121.14551999999999,38.80904999999999],[-121.14526499999998,38.809096000000004],[-121.14518,38.80911099999999],[-121.144913,38.809157],[-121.144264,38.80926999999999],[-121.144114,38.80929600000001],[-121.14384799999999,38.80934299999999],[-121.14336800000001,38.80942700000001],[-121.142859,38.80951799999999],[-121.14269699999997,38.809552000000004],[-121.14254199999999,38.809596],[-121.142397,38.80965299999999],[-121.142259,38.809723000000005],[-121.142131,38.809805],[-121.14201,38.80990100000001],[-121.141648,38.810227],[-121.14132399999998,38.810515],[-121.14120200000002,38.81061199999999],[-121.141069,38.81070199999999],[-121.141036,38.810719],[-121.140923,38.81078099999999],[-121.14076699999998,38.810844999999986],[-121.140604,38.810894],[-121.14043499999995,38.810928],[-121.14026200000002,38.81094699999999],[-121.14013,38.810952],[-121.13990399999997,38.810962],[-121.13969699999997,38.810968],[-121.139351,38.81097499999999],[-121.138314,38.81099999999999],[-121.138069,38.81100599999999],[-121.13796899999998,38.811009],[-121.13737499999999,38.81102400000001],[-121.13630599999998,38.811052],[-121.135593,38.811081],[-121.13544,38.81108799999999],[-121.13499999999999,38.811105999999995],[-121.134683,38.811113],[-121.133734,38.81113700000001],[-121.133418,38.81114500000001],[-121.132611,38.811161999999996],[-121.13214999999997,38.81117499999999],[-121.130985,38.81120799999999],[-121.13040799999999,38.81123399999999],[-121.130038,38.811243],[-121.128347,38.811232999999994],[-121.12785999999998,38.81123099999999],[-121.127135,38.811223000000005],[-121.127079,38.81122499999999],[-121.126408,38.811223000000005],[-121.126334,38.811223000000005],[-121.125337,38.811205],[-121.12525499999998,38.81120299999999],[-121.12439800000001,38.811195],[-121.123728,38.811189999999996],[-121.123548,38.811189],[-121.12301099999999,38.811188],[-121.12299399999998,38.811188],[-121.122833,38.811185],[-121.12274499999998,38.81118399999999],[-121.122484,38.81118099999999],[-121.122397,38.81117999999999],[-121.12232700000001,38.811179],[-121.122117,38.811175999999996],[-121.122047,38.811175999999996],[-121.12182399999999,38.81117499999999],[-121.12115799999997,38.81117199999999],[-121.12093600000001,38.81117199999999],[-121.120836,38.81117199999999],[-121.12038499999997,38.81117],[-121.12036599999999,38.81117],[-121.11991,38.81117],[-121.118655,38.81116899999999],[-121.118491,38.81117199999999],[-121.11808799999997,38.81116099999999],[-121.118051,38.811159999999994],[-121.117942,38.811159999999994],[-121.11790600000002,38.811159999999994],[-121.117431,38.81115700000001],[-121.11736899999998,38.81115700000001],[-121.115759,38.81117],[-121.11548299999997,38.811173],[-121.11522299999999,38.811178],[-121.11497100000001,38.81118299999999],[-121.114588,38.811190999999994],[-121.114101,38.81120299999999],[-121.11284800000001,38.811226],[-121.11268600000001,38.811229999999995],[-121.112053,38.811248],[-121.111897,38.811252],[-121.11159799999999,38.81125999999999],[-121.110823,38.811281],[-121.110649,38.81128199999999],[-121.11047900000001,38.81127699999999],[-121.11023299999998,38.81127999999999],[-121.110168,38.81128199999999],[-121.109871,38.811279000000006],[-121.10977899999999,38.81128199999999],[-121.10961199999998,38.811284],[-121.10917599999998,38.81129099999999],[-121.109111,38.81129099999999],[-121.108945,38.811293],[-121.108817,38.811294],[-121.10861099999998,38.81129599999999],[-121.108436,38.811303],[-121.108309,38.811308999999994],[-121.108007,38.81131799999999],[-121.10710299999997,38.811344],[-121.10680199999997,38.811354],[-121.10684299999998,38.81142700000001],[-121.106737,38.811499],[-121.10663200000002,38.811592],[-121.106541,38.81172999999999],[-121.10652,38.811965999999984],[-121.10659,38.812339],[-121.10668199999998,38.81247599999999],[-121.10722200000001,38.81294299999999],[-121.107328,38.813024999999996],[-121.107524,38.813135],[-121.107574,38.813216999999995],[-121.1077,38.813316],[-121.10787500000002,38.813463999999996],[-121.10798100000001,38.813536000000006],[-121.10819099999999,38.813662],[-121.10833500000001,38.813681],[-121.10847199999999,38.8137],[-121.10863399999997,38.81365399999999],[-121.108669,38.813645],[-121.10878800000002,38.813452999999996],[-121.10871799999997,38.813288],[-121.108669,38.81325],[-121.108577,38.81319499999999],[-121.10863299999998,38.813085],[-121.10877400000001,38.813002999999995],[-121.10893500000002,38.812893],[-121.109054,38.812864999999995],[-121.10936999999997,38.813123000000004],[-121.10946200000001,38.813205999999994],[-121.109532,38.813277],[-121.10949699999996,38.813799],[-121.109631,38.81408999999999],[-121.10970100000002,38.81421099999999],[-121.10977100000001,38.814266],[-121.10984200000001,38.81510599999999],[-121.109968,38.815188],[-121.11040399999999,38.815325],[-121.110474,38.815397],[-121.110495,38.815780999999994],[-121.11067100000001,38.815962],[-121.11068499999999,38.816209],[-121.11064999999999,38.81627499999999],[-121.11027800000001,38.816340999999994],[-121.110194,38.81638499999999],[-121.109801,38.816495],[-121.10968100000001,38.816578],[-121.10948499999999,38.816726],[-121.109429,38.817044],[-121.10946400000002,38.81735799999999],[-121.10935900000001,38.81745599999999],[-121.109254,38.817704],[-121.10935900000001,38.818088],[-121.10879800000001,38.81817],[-121.10858,38.818264],[-121.10851000000001,38.818538999999994],[-121.108616,38.818764],[-121.108707,38.818873],[-121.108826,38.818956],[-121.10889700000001,38.819104],[-121.10882700000002,38.819202999999995],[-121.10882700000002,38.81934],[-121.10893199999997,38.81948799999999],[-121.10907199999997,38.819615],[-121.108771,38.819818000000005],[-121.108655,38.819829],[-121.10806899999997,38.819889999999994],[-121.10799899999998,38.819917],[-121.107928,38.81999999999999],[-121.107907,38.820082000000006],[-121.10801299999999,38.820302],[-121.10813899999997,38.820587],[-121.108154,38.820823],[-121.10813299999997,38.821014999999996],[-121.10806199999999,38.821043],[-121.107992,38.820877999999986],[-121.107781,38.820697],[-121.107606,38.820615],[-121.10718500000002,38.820615],[-121.10704399999999,38.82075199999999],[-121.10707999999998,38.82108199999999],[-121.107195,38.82119500000001],[-121.106695,38.82130399999999],[-121.106654,38.821313],[-121.10611299999997,38.821431],[-121.10540399999996,38.82158600000001],[-121.10519500000001,38.821631],[-121.10469600000002,38.82174],[-121.10467899999998,38.821736],[-121.10424399999998,38.821736],[-121.104139,38.821752999999994],[-121.10402999999998,38.821775],[-121.10395599999997,38.821791],[-121.103437,38.82180799999999],[-121.10307899999997,38.821819],[-121.10298699999998,38.821857],[-121.10284699999998,38.821901],[-121.10269299999999,38.821966999999994],[-121.102461,38.822050000000004],[-121.10239099999998,38.822120999999996],[-121.102251,38.822148999999996],[-121.10215900000001,38.82218699999999],[-121.102106,38.822203],[-121.101935,38.822258999999995],[-121.101843,38.82229699999999],[-121.10163300000002,38.822396],[-121.10151799999997,38.822504],[-121.1015,38.82252],[-121.101446,38.82257],[-121.101429,38.82258699999999],[-121.10142599999999,38.82257],[-121.101429,38.82253399999999],[-121.10143000000001,38.822521],[-121.101431,38.82187],[-121.10143200000002,38.821462],[-121.10143299999999,38.82122],[-121.10143800000002,38.819419],[-121.101441,38.81828699999999],[-121.101443,38.817619],[-121.10144400000001,38.817423999999995],[-121.10144400000001,38.81722899999999],[-121.101443,38.817131],[-121.10144199999998,38.81703299999999],[-121.10144,38.816838999999995],[-121.10143499999997,38.816158],[-121.101431,38.815671],[-121.10142799999997,38.815282],[-121.101759,38.81522199999999],[-121.101614,38.81432699999999],[-121.10152299999999,38.813765999999994],[-121.101319,38.813538],[-121.099378,38.81165399999999],[-121.09930999999999,38.81152299999999],[-121.098744,38.810418],[-121.09775699999999,38.807328],[-121.09793,38.805211],[-121.09808499999998,38.803329999999995],[-121.09955900000001,38.799671000000004],[-121.100895,38.797485],[-121.10110099999997,38.797177],[-121.10148899999999,38.796847],[-121.10186800000001,38.796641],[-121.102238,38.796204]]],"type":"Polygon"}}]}