{"type":"FeatureCollection","name":"RCSD Districts","crs":{"type":"name","properties":{"name":"EPSG:4326"}},"features":[{"bbox":[-121.30882300000002,38.71773399999999,-121.23409800000002,38.75807499999999],"geometry":{"coordinates":[[[-121.25414399999998,38.744234999999996],[-121.25410099999999,38.74407899999999],[-121.25409200000001,38.74339100000001],[-121.25409200000001,38.74336699999999],[-121.254088,38.74302999999999],[-121.254085,38.742811],[-121.25408300000001,38.742564],[-121.25407999999999,38.742383999999994],[-121.254078,38.742200999999994],[-121.25407599999997,38.742056999999996],[-121.25407199999998,38.741808],[-121.25406699999999,38.741378],[-121.254063,38.74098399999999],[-121.254058,38.740565],[-121.25405399999998,38.74019],[-121.25405299999998,38.740085],[-121.25404999999999,38.73985699999999],[-121.25404400000001,38.739436999999995],[-121.254043,38.739373],[-121.25403899999998,38.739028],[-121.254036,38.73884400000001],[-121.25403400000002,38.738657999999994],[-121.254031,38.73847399999999],[-121.25402800000002,38.738268999999995],[-121.254025,38.738084],[-121.25402299999999,38.737879],[-121.25402099999997,38.737805],[-121.25401899999997,38.73773099999999],[-121.254016,38.737519],[-121.25401400000001,38.737333],[-121.25401199999997,38.73714799999999],[-121.25400800000001,38.736854],[-121.25400599999998,38.736757],[-121.25400599999998,38.736734],[-121.25398999999999,38.735656999999996],[-121.25397899999997,38.734871999999996],[-121.25397799999998,38.734804],[-121.25397700000002,38.734734],[-121.253961,38.73361],[-121.25395799999997,38.733388],[-121.25395700000001,38.73328],[-121.253745,38.733267999999995],[-121.25094899999998,38.733267000000005],[-121.25025099999999,38.733267000000005],[-121.249422,38.73326399999999],[-121.24941400000002,38.73326399999999],[-121.24938999999999,38.73326399999999],[-121.249378,38.73326399999999],[-121.249365,38.73326399999999],[-121.24934099999997,38.73326399999999],[-121.24931600000001,38.73326399999999],[-121.24929199999998,38.733263],[-121.24926700000002,38.733261],[-121.249242,38.73326],[-121.24921900000001,38.733258],[-121.24919399999999,38.73325499999999],[-121.24917000000002,38.733253],[-121.249146,38.73325],[-121.249121,38.73324699999999],[-121.24909800000002,38.733242999999995],[-121.24907299999998,38.733239],[-121.24904899999997,38.733235],[-121.249026,38.73322999999999],[-121.24900200000002,38.733225],[-121.248978,38.733219999999996],[-121.24895500000001,38.733215],[-121.24893199999997,38.733208999999995],[-121.24891299999999,38.73320399999999],[-121.24875700000001,38.73320699999999],[-121.24867,38.733208000000005],[-121.248656,38.73320199999999],[-121.248647,38.733197999999994],[-121.24864600000001,38.733197999999994],[-121.247404,38.733197999999994],[-121.24711799999999,38.733197999999994],[-121.24557999999999,38.73319699999999],[-121.24517299999997,38.73319699999999],[-121.24516899999999,38.73319699999999],[-121.24469699999999,38.73319699999999],[-121.24402299999997,38.733191999999995],[-121.24283999999997,38.733184],[-121.24100099999998,38.73317],[-121.240916,38.73316899999999],[-121.24080699999998,38.73316799999999],[-121.240739,38.73316799999999],[-121.24056899999998,38.73316599999999],[-121.240406,38.733165],[-121.240306,38.733164],[-121.240196,38.733163],[-121.24002599999999,38.73316199999999],[-121.239995,38.733161],[-121.23998600000002,38.733161],[-121.23977600000002,38.73316],[-121.23954800000001,38.73315800000001],[-121.239495,38.73315699999999],[-121.23921500000002,38.733155],[-121.23915700000002,38.733154],[-121.23893399999997,38.733152999999994],[-121.23876400000002,38.73315099999999],[-121.23865399999998,38.73315],[-121.23837199999997,38.73314799999999],[-121.238093,38.733145],[-121.23806199999999,38.733145],[-121.237976,38.733145],[-121.23781999999997,38.73314299999999],[-121.23758,38.733140999999996],[-121.237469,38.73314],[-121.237171,38.733137],[-121.23714499999997,38.73313799999999],[-121.23689799999998,38.733135999999995],[-121.23678999999997,38.733134],[-121.23640200000001,38.733131],[-121.23600899999998,38.733128],[-121.23561500000001,38.73312500000001],[-121.23530599999998,38.733122],[-121.235292,38.733122],[-121.235289,38.73297],[-121.23528599999997,38.732819],[-121.235281,38.732637999999994],[-121.235277,38.732460999999994],[-121.235273,38.732286],[-121.235273,38.732248999999996],[-121.23526900000002,38.732108],[-121.23526499999997,38.731930999999996],[-121.23526100000001,38.731759999999994],[-121.23525500000001,38.731498],[-121.23525100000002,38.731321],[-121.23525100000002,38.731304],[-121.235247,38.731142],[-121.235241,38.730881999999994],[-121.23523199999997,38.73046899999999],[-121.23523199999997,38.730465],[-121.23522400000002,38.730112],[-121.23521800000002,38.72987199999999],[-121.235214,38.729665999999995],[-121.235214,38.729664],[-121.23521200000002,38.72953699999999],[-121.23520899999998,38.729404],[-121.235208,38.729348],[-121.23520699999999,38.72930699999999],[-121.235205,38.729037],[-121.235205,38.72899399999999],[-121.235203,38.728764],[-121.235201,38.728544],[-121.23519800000001,38.728242],[-121.235197,38.72809800000001],[-121.23519599999997,38.727965],[-121.23519499999998,38.72791],[-121.23519400000002,38.727719],[-121.235193,38.72764599999999],[-121.235193,38.727581],[-121.23519200000001,38.727574000000004],[-121.23519100000001,38.727333],[-121.23518899999998,38.727112999999996],[-121.235187,38.726972],[-121.23518599999998,38.72675499999999],[-121.235184,38.72651599999999],[-121.23518199999997,38.726330999999995],[-121.23518199999997,38.726295],[-121.23517999999999,38.72605],[-121.23517900000002,38.72596599999999],[-121.235178,38.725851],[-121.235178,38.725797],[-121.23517700000001,38.72564899999999],[-121.23517299999999,38.72515299999999],[-121.235172,38.72504399999999],[-121.23517100000001,38.724999],[-121.23516700000002,38.724447000000005],[-121.23516700000002,38.72439199999999],[-121.23516500000001,38.72411],[-121.235164,38.72389],[-121.235163,38.72366999999999],[-121.235163,38.72362799999999],[-121.23516199999997,38.72345],[-121.23516100000002,38.72323],[-121.23516,38.723012999999995],[-121.23516,38.723009999999995],[-121.23515899999998,38.72278399999999],[-121.235157,38.72245000000001],[-121.235157,38.72229800000001],[-121.235157,38.722297],[-121.235184,38.722225],[-121.235193,38.72220099999999],[-121.23527600000001,38.722203],[-121.23549399999999,38.72220699999999],[-121.235712,38.722210000000004],[-121.23593000000001,38.722213],[-121.236147,38.722215999999996],[-121.23620499999997,38.722215999999996],[-121.23623899999998,38.72221699999999],[-121.23623899999998,38.722215999999996],[-121.23624299999999,38.72215599999999],[-121.23624299999999,38.722127],[-121.23624200000002,38.72211299999999],[-121.23623899999998,38.722008],[-121.23623300000001,38.721838999999996],[-121.236082,38.72172700000001],[-121.23600199999998,38.72166799999999],[-121.23582499999999,38.721547],[-121.235748,38.721494],[-121.23541100000001,38.721261],[-121.235377,38.721239],[-121.23525199999997,38.721156],[-121.23507799999997,38.721042999999995],[-121.23488500000002,38.72091899999999],[-121.23474399999996,38.720828999999995],[-121.23451999999997,38.720683],[-121.23443599999997,38.720629],[-121.234415,38.720615],[-121.23422500000001,38.720493],[-121.23409800000002,38.72041099999999],[-121.234101,38.720224],[-121.23410199999998,38.720104],[-121.23410500000001,38.719912],[-121.23439599999998,38.71957799999999],[-121.234514,38.719441999999994],[-121.234524,38.71942899999999],[-121.234544,38.71940599999999],[-121.234677,38.719252],[-121.23516,38.718688],[-121.235241,38.71859299999999],[-121.235242,38.718591999999994],[-121.235244,38.71858999999999],[-121.23524599999999,38.71858799999999],[-121.235247,38.718586],[-121.23524900000001,38.718585],[-121.23525,38.71858300000001],[-121.23525199999997,38.71858099999999],[-121.235277,38.718551],[-121.235646,38.71811700000001],[-121.235971,38.71773399999999],[-121.23602399999997,38.717737],[-121.23968300000001,38.717957],[-121.24036,38.718002],[-121.24037,38.718003],[-121.24045699999999,38.718009],[-121.24090399999997,38.718039],[-121.242287,38.718132],[-121.242576,38.718148],[-121.24272500000001,38.718156],[-121.24272899999997,38.718156],[-121.24281200000001,38.718175],[-121.242823,38.71817800000001],[-121.24283200000002,38.718180000000004],[-121.24292299999998,38.718201],[-121.244501,38.718328],[-121.24450300000001,38.718329],[-121.24450300000001,38.718322],[-121.24496099999999,38.718354000000005],[-121.245432,38.718388],[-121.246148,38.71843899999999],[-121.246179,38.718441],[-121.24639400000001,38.718455999999996],[-121.24662100000002,38.71847199999999],[-121.24684699999999,38.718488],[-121.24701699999997,38.7185],[-121.24702500000001,38.718500999999996],[-121.24707200000002,38.718504],[-121.24729700000002,38.71852],[-121.24752199999999,38.71853600000001],[-121.24775,38.718552],[-121.24810099999999,38.718577],[-121.24823,38.718586],[-121.248479,38.71860399999999],[-121.248479,38.71863499999999],[-121.24876999999998,38.718639],[-121.24932400000002,38.71864699999999],[-121.24963199999999,38.71865],[-121.24980199999997,38.718650999999994],[-121.24986899999998,38.71865199999999],[-121.24990999999999,38.71865199999999],[-121.250191,38.718654999999984],[-121.250537,38.718658],[-121.250885,38.718661],[-121.251268,38.71866399999999],[-121.25165199999998,38.718667999999994],[-121.251965,38.718672],[-121.252248,38.71867599999999],[-121.25225199999998,38.71867599999999],[-121.252525,38.71867999999999],[-121.252674,38.718682],[-121.25288800000001,38.718683999999996],[-121.253475,38.71869199999999],[-121.25374599999999,38.71869499999999],[-121.25375600000001,38.718788],[-121.253767,38.718895999999994],[-121.253769,38.71891999999999],[-121.253779,38.719011],[-121.25402099999997,38.71903],[-121.25418499999999,38.71904399999998],[-121.254261,38.71905],[-121.25433500000001,38.71905599999999],[-121.254656,38.719077],[-121.25487800000002,38.719092],[-121.255108,38.71910799999999],[-121.25534299999997,38.719123999999994],[-121.255563,38.719139],[-121.25580799999997,38.71915599999999],[-121.256027,38.719171],[-121.256264,38.719188],[-121.25650300000001,38.719205],[-121.25671899999999,38.71922000000001],[-121.256934,38.71923499999999],[-121.25696299999998,38.719237],[-121.257198,38.71925399999999],[-121.257603,38.719282],[-121.25768300000001,38.719287],[-121.257699,38.719288],[-121.2577,38.719288],[-121.257789,38.719294],[-121.25819599999998,38.71932399999999],[-121.25844899999996,38.71934099999999],[-121.25867300000002,38.719356],[-121.258915,38.71937199999999],[-121.25916,38.719389],[-121.25940300000002,38.719404999999995],[-121.25966500000001,38.719423],[-121.259927,38.71944],[-121.26050800000002,38.719480000000004],[-121.260595,38.719486999999994],[-121.26068200000002,38.71949299999999],[-121.26094000000002,38.71951099999999],[-121.26103799999997,38.719518],[-121.261179,38.719528],[-121.261458,38.71954699999999],[-121.26180200000002,38.719571],[-121.26215099999997,38.71959399999999],[-121.26216499999997,38.719595],[-121.26232999999999,38.71960700000001],[-121.26234200000002,38.71960700000001],[-121.262539,38.71962099999999],[-121.26305,38.719655],[-121.26327799999997,38.71967099999999],[-121.26351999999999,38.71968699999999],[-121.263692,38.719699],[-121.26374500000001,38.719702],[-121.263972,38.719717],[-121.26419599999998,38.719730999999996],[-121.264423,38.719745999999994],[-121.26464600000001,38.71976],[-121.26485600000001,38.719775],[-121.26485699999998,38.719775],[-121.26523199999998,38.719794],[-121.26524399999997,38.719794],[-121.266025,38.71984499999999],[-121.26719,38.71992699999999],[-121.267203,38.719928],[-121.26736600000001,38.719939],[-121.267704,38.719961],[-121.267908,38.719974999999984],[-121.26806799999999,38.71998599999999],[-121.26823699999997,38.719998],[-121.268406,38.72000899999999],[-121.26857699999998,38.72002],[-121.26874699999999,38.720031],[-121.26891699999999,38.720042],[-121.26909,38.720054],[-121.269262,38.720065000000005],[-121.26943499999999,38.720076000000006],[-121.26960599999998,38.720088],[-121.26977499999997,38.720099],[-121.27007299999997,38.72011799999999],[-121.27033499999999,38.720136000000004],[-121.27064899999999,38.720156],[-121.270664,38.72015699999999],[-121.27115,38.72016599999999],[-121.271196,38.720167],[-121.27173799999997,38.720203999999995],[-121.27174299999999,38.720203999999995],[-121.27189199999997,38.72021500000001],[-121.271894,38.72021500000001],[-121.271976,38.720220999999995],[-121.27321299999997,38.720318],[-121.273793,38.72036299999999],[-121.27437000000002,38.72040799999999],[-121.275487,38.72049499999999],[-121.275528,38.720498],[-121.27668499999999,38.72058899999999],[-121.27783499999998,38.720671],[-121.278437,38.720711],[-121.27899199999997,38.720747],[-121.28010899999998,38.720808999999996],[-121.28014999999999,38.720811],[-121.28069400000001,38.720841],[-121.28071099999997,38.720842000000005],[-121.280729,38.720842999999995],[-121.28123699999999,38.72087199999999],[-121.28131499999999,38.720851999999994],[-121.28136999999998,38.720838],[-121.28170699999997,38.720869],[-121.28187,38.720882999999986],[-121.28243899999997,38.720935999999995],[-121.282467,38.720939],[-121.283575,38.721044],[-121.283858,38.721071],[-121.284141,38.721098],[-121.28471000000002,38.721152],[-121.285279,38.72120399999999],[-121.28556299999997,38.721223],[-121.28584599999999,38.72124199999999],[-121.28635099999995,38.721273000000004],[-121.28662100000001,38.721289],[-121.28690499999999,38.721307],[-121.28728899999997,38.721331],[-121.287462,38.721343000000005],[-121.28805499999999,38.72138199999999],[-121.288691,38.721424],[-121.288909,38.721438],[-121.28929600000001,38.72146399999998],[-121.28961,38.721484],[-121.28961,38.72149499999998],[-121.28961,38.72151300000001],[-121.28962699999998,38.72151499999999],[-121.28963399999999,38.72151600000001],[-121.289696,38.72152],[-121.28989600000001,38.721535],[-121.290258,38.721562999999996],[-121.29040599999999,38.721571],[-121.290538,38.721579000000006],[-121.29065899999998,38.72158699999999],[-121.291136,38.72162],[-121.29161499999996,38.721654],[-121.29267199999997,38.72172700000001],[-121.292675,38.72172700000001],[-121.29268200000001,38.72172700000001],[-121.29269100000002,38.721728],[-121.29332499999998,38.72176499999999],[-121.29343799999997,38.721771999999994],[-121.29351,38.721776],[-121.293638,38.721784],[-121.293837,38.721796],[-121.294134,38.72181299999999],[-121.29489899999997,38.72185799999999],[-121.29659,38.72197],[-121.29737599999999,38.72202299999999],[-121.29766899999998,38.722043],[-121.298723,38.72211399999999],[-121.29888099999997,38.722125],[-121.299178,38.722126],[-121.299262,38.722125],[-121.29947700000001,38.722123999999994],[-121.29948000000002,38.722123999999994],[-121.299484,38.722123999999994],[-121.299488,38.722125],[-121.29949099999999,38.722125],[-121.299495,38.722126],[-121.29949799999999,38.722127],[-121.299502,38.722128],[-121.29950499999998,38.722128999999995],[-121.299509,38.72213],[-121.299512,38.722132],[-121.299515,38.72213299999999],[-121.29951800000002,38.72213500000001],[-121.29952099999997,38.72213699999999],[-121.29952400000002,38.72213899999999],[-121.299527,38.722141],[-121.299529,38.722143],[-121.299532,38.72214499999999],[-121.29953399999998,38.722148],[-121.29953700000002,38.72214999999999],[-121.299539,38.722153],[-121.29954099999998,38.72215599999999],[-121.299542,38.722158],[-121.29954399999998,38.722161],[-121.299545,38.722164],[-121.299547,38.722167],[-121.29954799999999,38.722170000000006],[-121.29954799999999,38.722173],[-121.29954900000001,38.722176],[-121.29954999999997,38.722179],[-121.29954999999997,38.72218199999999],[-121.29965,38.72218699999999],[-121.29969699999995,38.72219],[-121.299739,38.72219199999999],[-121.30036000000001,38.722234],[-121.30042499999999,38.72223799999999],[-121.30045199999999,38.72223900000001],[-121.30063600000001,38.72224],[-121.30086299999999,38.72224],[-121.30109200000001,38.72223900000001],[-121.30132099999999,38.72224],[-121.30155199999999,38.72224],[-121.30155100000002,38.722316],[-121.30175600000001,38.722331],[-121.301968,38.722346],[-121.30207700000001,38.722354],[-121.302325,38.722368],[-121.303004,38.722405],[-121.30321500000001,38.722405],[-121.30342599999997,38.722404],[-121.30363599999998,38.722406],[-121.30364799999998,38.722406],[-121.303659,38.722406],[-121.30367099999997,38.72240699999999],[-121.303682,38.72240699999999],[-121.303694,38.722407999999994],[-121.30370500000001,38.72240899999999],[-121.303717,38.722409999999996],[-121.30372800000002,38.722411],[-121.303739,38.722413],[-121.303751,38.72241499999999],[-121.303762,38.722415999999996],[-121.30377300000002,38.722418],[-121.30378500000002,38.72242],[-121.303796,38.72242299999999],[-121.303807,38.722425],[-121.30381800000002,38.722428],[-121.303829,38.722431],[-121.30384499999997,38.72243499999999],[-121.30387199999998,38.722441999999994],[-121.30390000000001,38.72244899999999],[-121.30392699999999,38.722455999999994],[-121.30395499999997,38.722462],[-121.30398300000002,38.722468],[-121.30401099999999,38.722472999999994],[-121.30404,38.722477999999995],[-121.30405399999997,38.72247999999999],[-121.30406799999996,38.722483],[-121.304097,38.722487],[-121.30412500000001,38.722491],[-121.304154,38.722494000000005],[-121.30418299999998,38.722497],[-121.304212,38.72249999999998],[-121.304264,38.722503999999994],[-121.304476,38.722505],[-121.30468400000001,38.722503],[-121.30489299999999,38.72250199999999],[-121.30489600000001,38.72250199999999],[-121.3049,38.722503],[-121.30490399999996,38.722503],[-121.304907,38.722503],[-121.30491100000002,38.722503999999994],[-121.30491499999998,38.722503999999994],[-121.30491799999999,38.722505],[-121.30492199999998,38.722505999999996],[-121.304925,38.722507],[-121.30492899999999,38.72250799999999],[-121.304932,38.72250900000001],[-121.30493599999998,38.72251000000001],[-121.30494,38.722512],[-121.304943,38.722513],[-121.304947,38.722514],[-121.30495000000002,38.722515],[-121.304953,38.722516999999996],[-121.30495699999999,38.722517999999994],[-121.30496000000001,38.72251899999999],[-121.304964,38.72252],[-121.304967,38.72252099999999],[-121.30497,38.72252199999999],[-121.30497400000002,38.722523],[-121.304977,38.722523],[-121.30498100000001,38.72252399999999],[-121.304984,38.72252499999999],[-121.30498799999997,38.722526],[-121.304991,38.722526],[-121.30499500000002,38.722527],[-121.304998,38.722527],[-121.30500199999999,38.72252799999999],[-121.30500599999998,38.72252799999999],[-121.305009,38.722529],[-121.30501300000002,38.722529],[-121.305016,38.722529],[-121.30501999999998,38.722529],[-121.305024,38.722529],[-121.305027,38.72252999999999],[-121.30503100000001,38.72252999999999],[-121.30503400000002,38.72252999999999],[-121.30503800000001,38.72252999999999],[-121.30504199999997,38.722529],[-121.305045,38.722529],[-121.30504899999998,38.722529],[-121.30505200000002,38.722529],[-121.30505600000001,38.722529],[-121.30506,38.72252799999999],[-121.305063,38.72252799999999],[-121.305067,38.722527],[-121.30507000000001,38.722527],[-121.305074,38.722526],[-121.30507700000001,38.722526],[-121.305081,38.72252499999999],[-121.305084,38.72252399999999],[-121.305088,38.722523],[-121.30509100000002,38.722523],[-121.30509500000001,38.72252199999999],[-121.30509799999997,38.72252099999999],[-121.305102,38.72252],[-121.30510499999997,38.72251899999999],[-121.305108,38.722517999999994],[-121.30511199999997,38.722516999999996],[-121.30511500000001,38.722515],[-121.30511799999996,38.722514],[-121.30512200000001,38.722513],[-121.30512499999998,38.722511000000004],[-121.30512800000001,38.72251000000001],[-121.30513199999997,38.72250799999999],[-121.30513199999997,38.722542999999995],[-121.305201,38.722549],[-121.30554500000001,38.722572],[-121.30602,38.722604],[-121.306193,38.722616],[-121.306312,38.722624],[-121.30661099999999,38.722645],[-121.30702600000001,38.722673],[-121.307198,38.722685000000006],[-121.30762399999998,38.72271399999999],[-121.30788900000002,38.722732],[-121.30803399999999,38.72274199999999],[-121.30817200000001,38.72275199999999],[-121.30825099999998,38.722758],[-121.308287,38.72276],[-121.308705,38.72278899999999],[-121.30870999999998,38.72278899999999],[-121.30877600000001,38.722792999999996],[-121.30882300000002,38.722795999999995],[-121.30881599999996,38.722803],[-121.308781,38.72283699999999],[-121.308769,38.722849],[-121.308755,38.722862],[-121.308754,38.722863],[-121.30864399999999,38.72296899999999],[-121.307933,38.72365799999999],[-121.307898,38.723709],[-121.30786399999998,38.723759],[-121.30780699999997,38.72384399999999],[-121.307751,38.723929],[-121.30773499999998,38.72395499999999],[-121.307724,38.72397199999999],[-121.30771500000002,38.72398900000001],[-121.307706,38.724005999999996],[-121.30769700000002,38.724023],[-121.307688,38.72404],[-121.30767999999998,38.724056999999995],[-121.307672,38.724075],[-121.30766499999999,38.724092],[-121.30765799999999,38.72411],[-121.30765099999998,38.72412800000001],[-121.307645,38.72414599999999],[-121.30763899999997,38.724163999999995],[-121.307634,38.72418199999999],[-121.307629,38.7242],[-121.30762500000002,38.72421799999999],[-121.30761999999999,38.724236],[-121.30761699999998,38.724253999999995],[-121.30761300000002,38.724273],[-121.30760999999998,38.724291],[-121.30760799999999,38.724309],[-121.30757,38.724602],[-121.30756299999997,38.724652999999996],[-121.30751799999999,38.725004999999996],[-121.30751500000001,38.725030999999994],[-121.30746600000002,38.72541400000001],[-121.30735500000002,38.725635],[-121.30734700000001,38.725658],[-121.307342,38.72567300000001],[-121.307336,38.72568799999999],[-121.30733,38.725702999999996],[-121.30732299999998,38.725718],[-121.30731699999998,38.725733],[-121.30731199999997,38.72574199999999],[-121.307309,38.725747],[-121.307302,38.725762],[-121.307294,38.725775999999996],[-121.30728600000002,38.725790999999994],[-121.30727799999995,38.725805],[-121.30726899999998,38.725819],[-121.30725999999999,38.725833],[-121.30724599999999,38.725854],[-121.307236,38.72586799999999],[-121.30722599999999,38.725880999999994],[-121.307216,38.725894],[-121.307205,38.725908],[-121.30719400000001,38.72592099999999],[-121.307183,38.725934],[-121.307171,38.725947],[-121.307159,38.725958999999996],[-121.307147,38.725971999999985],[-121.307135,38.725984000000004],[-121.30583099999998,38.727248],[-121.30577300000002,38.72730399999998],[-121.30445299999998,38.72855199999999],[-121.30427499999999,38.72888999999999],[-121.30426899999998,38.728901],[-121.304268,38.72890199999999],[-121.30422199999997,38.72899],[-121.304057,38.72925699999999],[-121.30405300000001,38.72926399999999],[-121.30400400000002,38.72934399999999],[-121.303993,38.729357],[-121.30384899999999,38.72953999999999],[-121.30375299999999,38.729486],[-121.30365600000002,38.729445],[-121.30364299999997,38.72944],[-121.303358,38.729347],[-121.303181,38.729305],[-121.30303599999998,38.729284],[-121.30302399999997,38.729283],[-121.302892,38.729274999999994],[-121.302822,38.729274],[-121.302204,38.72927899999999],[-121.300706,38.729292],[-121.300352,38.72929800000001],[-121.29973499999998,38.72930999999999],[-121.29951399999997,38.729316],[-121.29932699999998,38.729316],[-121.298106,38.729321999999996],[-121.297699,38.729324999999996],[-121.29727799999999,38.72932900000001],[-121.29684999999999,38.729333999999994],[-121.29672199999997,38.729334999999985],[-121.29601600000001,38.729337],[-121.295596,38.729339],[-121.295419,38.72933799999999],[-121.294891,38.729334999999985],[-121.29471500000001,38.729334999999985],[-121.29469,38.729334999999985],[-121.29440899999999,38.729333999999994],[-121.294182,38.729333999999994],[-121.29300000000002,38.72933299999999],[-121.292661,38.729333999999994],[-121.29215399999998,38.729336],[-121.292002,38.729336],[-121.291818,38.729336],[-121.29081299999997,38.729336],[-121.29047799999996,38.729337],[-121.290479,38.73003],[-121.29048200000001,38.732108999999994],[-121.29048400000002,38.732802],[-121.29048499999998,38.73296199999999],[-121.290489,38.733442999999994],[-121.29049099999999,38.733604],[-121.290467,38.733604],[-121.29010999999997,38.73370899999999],[-121.289682,38.733764],[-121.28938000000001,38.73389499999999],[-121.289394,38.734379],[-121.28944899999999,38.73473899999999],[-121.289478,38.734977],[-121.289478,38.73508699999999],[-121.289492,38.735115],[-121.289309,38.73565299999999],[-121.28925300000002,38.735933],[-121.28917600000001,38.736129999999996],[-121.289129,38.736186],[-121.288755,38.73663],[-121.28827099999997,38.73707999999999],[-121.28778600000001,38.73744],[-121.287705,38.73749900000001],[-121.28745800000002,38.737683999999994],[-121.28738800000002,38.737744],[-121.28731700000002,38.737805],[-121.28720899999999,38.737912999999985],[-121.28707199999998,38.738052],[-121.286791,38.738382],[-121.286715,38.73846199999999],[-121.286695,38.738482],[-121.286547,38.73864199999999],[-121.28650299999998,38.738689],[-121.286205,38.73897099999999],[-121.285641,38.73950699999999],[-121.285641,38.73952899999999],[-121.28554899999997,38.739612],[-121.28541599999998,38.739765000000006],[-121.285232,38.73999799999999],[-121.28521299999998,38.740022999999994],[-121.28503,38.740265],[-121.284962,38.740387999999996],[-121.28494899999998,38.74041],[-121.284766,38.740736999999996],[-121.28469299999998,38.740869],[-121.28433200000002,38.74177399999999],[-121.284194,38.742123],[-121.284147,38.742238],[-121.28401,38.742584],[-121.28396399999997,38.742700000000006],[-121.283869,38.74293599999999],[-121.28372399999998,38.74330199999999],[-121.283682,38.743466],[-121.28367499999999,38.743527],[-121.28366699999998,38.743668],[-121.283653,38.74392300000001],[-121.283574,38.74392300000001],[-121.283464,38.74392300000001],[-121.28333599999998,38.74392300000001],[-121.28325799999999,38.743924],[-121.28310200000001,38.743924],[-121.282634,38.743924],[-121.28254200000002,38.74392499999999],[-121.28247799999998,38.74392499999999],[-121.28236699999998,38.743924],[-121.282037,38.743924],[-121.281927,38.743924],[-121.28174499999999,38.743924],[-121.2812,38.743926],[-121.281019,38.743926999999985],[-121.280944,38.743926999999985],[-121.280719,38.743926999999985],[-121.28064499999999,38.743928],[-121.28041199999997,38.743926999999985],[-121.279713,38.743926999999985],[-121.27948099999999,38.743926999999985],[-121.27939000000002,38.743928],[-121.27911999999999,38.743930999999996],[-121.27902999999999,38.743933],[-121.27883599999998,38.74393499999999],[-121.27825299999998,38.743940999999985],[-121.27806,38.743944],[-121.27777899999998,38.74394699999999],[-121.27735799999999,38.743953],[-121.27694,38.743958],[-121.27666,38.743961999999996],[-121.27552100000001,38.74397699999999],[-121.27435399999997,38.74399199999999],[-121.27380299999999,38.74401499999999],[-121.2729,38.744023],[-121.272562,38.744025],[-121.27162499999997,38.74403799999999],[-121.271091,38.744045],[-121.27097200000001,38.744045],[-121.270838,38.744049000000004],[-121.270589,38.744051999999996],[-121.27038099999997,38.74437799999999],[-121.26979200000001,38.745250999999996],[-121.26839800000002,38.747459],[-121.267136,38.749325],[-121.26669599999998,38.750058],[-121.26563699999998,38.751737],[-121.26540899999998,38.752086],[-121.264798,38.753051],[-121.264417,38.753669],[-121.26411700000001,38.754119],[-121.26302099999998,38.75570499999999],[-121.26274200000002,38.756097],[-121.26253999999999,38.756382],[-121.26183499999999,38.75741599999999],[-121.26160799999998,38.757884],[-121.26149599999998,38.75807499999999],[-121.26130699999999,38.758042],[-121.261243,38.758028],[-121.26105099999997,38.757983],[-121.26088300000002,38.75793699999999],[-121.26028499999997,38.75774299999999],[-121.26014200000002,38.75768299999999],[-121.25992300000001,38.757616999999996],[-121.25959399999999,38.75751900000001],[-121.25936100000001,38.757421],[-121.25900799999998,38.757274],[-121.25888400000001,38.757224],[-121.25866099999999,38.757135],[-121.258427,38.757042000000006],[-121.257736,38.756766],[-121.25572699999996,38.755963],[-121.255666,38.755934999999994],[-121.255357,38.75579499999999],[-121.254998,38.755612000000006],[-121.254766,38.755482],[-121.254429,38.755275],[-121.254106,38.755055],[-121.254078,38.755033999999995],[-121.25379799999997,38.754822],[-121.25350699999998,38.754576],[-121.253322,38.754405999999996],[-121.253058,38.754142],[-121.25281299999999,38.75386699999999],[-121.25258700000002,38.75358200000001],[-121.252379,38.753288999999995],[-121.25219200000001,38.752987],[-121.252011,38.752666],[-121.25196300000002,38.752592],[-121.25184699999998,38.752409],[-121.25166600000001,38.752159],[-121.251469,38.751915999999994],[-121.25130300000001,38.75173199999999],[-121.25188899999998,38.751297],[-121.25193699999998,38.75126],[-121.251985,38.751222999999996],[-121.25203200000001,38.75118499999999],[-121.25207799999998,38.751147],[-121.25212299999998,38.751107000000005],[-121.25216699999999,38.75106799999999],[-121.25220999999998,38.75102699999999],[-121.25225299999997,38.75098599999999],[-121.252294,38.750945],[-121.25233500000002,38.750903],[-121.25237400000002,38.750859999999996],[-121.25241300000002,38.75081699999999],[-121.252451,38.75077300000001],[-121.25250099999998,38.75071299999999],[-121.252526,38.750681],[-121.25255200000001,38.75064999999999],[-121.252563,38.750636],[-121.25257099999997,38.75062500000001],[-121.25264500000002,38.75070199999999],[-121.25268399999996,38.750742],[-121.25273,38.75079099999999],[-121.25277199999998,38.750835],[-121.253111,38.75119],[-121.253509,38.75160600000001],[-121.25355,38.751649],[-121.25360200000001,38.75170399999999],[-121.25396499999997,38.752084],[-121.25396899999998,38.752084],[-121.25410099999999,38.752084],[-121.254108,38.751042999999996],[-121.25411900000002,38.74981],[-121.254121,38.749632],[-121.25413100000002,38.74848099999999],[-121.25412800000001,38.748425],[-121.25413199999997,38.74842400000001],[-121.254134,38.74828099999999],[-121.25413699999999,38.74813199999999],[-121.25413699999999,38.74805],[-121.254133,38.74802799999999],[-121.254003,38.747294000000004],[-121.254025,38.74725899999999],[-121.254025,38.746724],[-121.254165,38.746729],[-121.25422199999997,38.746731000000004],[-121.254225,38.746731000000004],[-121.254225,38.74673],[-121.254219,38.74452899999999],[-121.254219,38.744427],[-121.25419699999999,38.744428000000006],[-121.25415800000002,38.744286],[-121.25414999999998,38.744258],[-121.25414399999998,38.744234999999996]]],"type":"Polygon"},"id":"0","properties":{"ACS_15-19_AfAm":460.7180772720736,"ACS_15-19_AfAmP":0.021858993270551075,"ACS_15-19_AiAn":41,"ACS_15-19_AiAnP":0.0019452649424983141,"ACS_15-19_Asian":912.9192978616945,"ACS_15-19_AsianP":0.04331390013318367,"ACS_15-19_Hispanic_or_Latino":3632.325097711312,"ACS_15-19_Hispanic_or_LatinoP":0.1723374310325507,"ACS_15-19_HoPI":42,"ACS_15-19_Other":16070.858017912073,"ACS_15-19_OtherP":0.7624896755637146,"ACS_15-19_Total":21076.820490757153,"ACS_15-19_White":15460.515517497628,"ACS_15_19_EDU_25+_10th_grade":234,"ACS_15_19_EDU_25+_11th_grade":220.3933228906381,"ACS_15_19_EDU_25+_12th_grade_no_diploma":288.31786740793336,"ACS_15_19_EDU_25+_1st_grade":23,"ACS_15_19_EDU_25+_2nd_grade":23,"ACS_15_19_EDU_25+_3rd_grade":2.417651184520489,"ACS_15_19_EDU_25+_4th_grade":44,"ACS_15_19_EDU_25+_5th_grade":8,"ACS_15_19_EDU_25+_6th_grade":39.01241597265165,"ACS_15_19_EDU_25+_7th_grade":0,"ACS_15_19_EDU_25+_8th_grade":75.38826913876652,"ACS_15_19_EDU_25+_9th_grade":129.41765118452048,"ACS_15_19_EDU_25+_Associates_degree":1738.6054827312537,"ACS_15_19_EDU_25+_Bachelors_degree":3492.0987117686136,"ACS_15_19_EDU_25+_Doctorate_degree":163.18494403733567,"ACS_15_19_EDU_25+_GED_or_alternative_credential":381.5743467972401,"ACS_15_19_EDU_25+_Kindergarten":0,"ACS_15_19_EDU_25+_Masters_degree":979.8040125755651,"ACS_15_19_EDU_25+_No_schooling_completed":141.74292117627886,"ACS_15_19_EDU_25+_Nursery_school":0,"ACS_15_19_EDU_25+_Professional_school_degree":331.2045012318058,"ACS_15_19_EDU_25+_Regular_high_school_diploma":2531.0347290434506,"ACS_15_19_EDU_25+_Some_college_1_or_more_years,_no_degree":3156.225188266314,"ACS_15_19_EDU_25+_Some_college_less_than_1_year":1205.3944112867405,"CVAP_06_10_American Indian or Alaska Native Alone":29.549944220274956,"CVAP_06_10_American Indian or Alaska Native AloneP":0.0019277843672970702,"CVAP_06_10_American Indian or Alaska Native and Black or African American":0,"CVAP_06_10_American Indian or Alaska Native and White":58.215114660350984,"CVAP_06_10_Asian Alone":574.008109263384,"CVAP_06_10_Asian AloneP":0.037447240221200113,"CVAP_06_10_Asian and White":59.54994422027496,"CVAP_06_10_Black or African American Alone":110.18181851350101,"CVAP_06_10_Black or African American AloneP":0.00718806051569304,"CVAP_06_10_Black or African American and White":0,"CVAP_06_10_Hispanic or Latino":1538.5668159883278,"CVAP_06_10_Hispanic or LatinoP":0.10037328780706335,"CVAP_06_10_Native Hawaiian or Other Pacific Islander Alone":0,"CVAP_06_10_Not Hispanic or Latino":13784.882113030988,"CVAP_06_10_Other":13105.692185254104,"CVAP_06_10_OtherP":0.8549914114560435,"CVAP_06_10_Remainder of Two or More Race Responses":95,"CVAP_06_10_Total":15328.448929019316,"CVAP_06_10_White Alone":12863.407485238786,"CVAP_15-19_American Indian or Alaska Native Alone":48,"CVAP_15-19_American Indian or Alaska Native AloneP":0.003054017942355411,"CVAP_15-19_Asian Alone":638,"CVAP_15-19_Asian AloneP":0.040592988483807345,"CVAP_15-19_Black or African American Alone":237,"CVAP_15-19_Black or African American AloneP":0.015079213590379843,"CVAP_15-19_Hispanic or Latino":2131,"CVAP_15-19_Hispanic or LatinoP":0.13558567156582044,"CVAP_15-19_Native Hawaiian or Other Pacific Islander Alone":70,"CVAP_15-19_Other":12711,"CVAP_15-19_OtherP":0.8087421263599923,"CVAP_15-19_Total":15717,"CVAP_15-19_White Alone":12264,"CVAP_16_20_American Indian or Alaska Native and Black or African American":0,"CVAP_16_20_American Indian or Alaska Native and White":57,"CVAP_16_20_Asian and White":193,"CVAP_16_20_Black or African American and White":14,"CVAP_16_20_Not Hispanic or Latino":13590,"CVAP_16_20_Remainder of Two or More Race Responses":23,"DISTRICT":"1","Deviation10":4092.9044300193564,"Deviation10P":0.2479946940147453,"Deviation20":-400,"Deviation20P":-0.01802451333813987,"DeviationACS":1676.8204907571526,"DeviationACSP":0.08643404591531714,"Hispanic_or_Latino":3245.4878552083173,"Hispanic_or_LatinoP":0.15757163248658465,"LF_20_AfAm":363,"LF_20_AfAmP":0.016657488986784142,"LF_20_AiAn":115,"LF_20_AiAnP":0.005277165932452276,"LF_20_Asian":938,"LF_20_AsianP":0.04304331864904552,"LF_20_Hispanic_or_Latino":4028,"LF_20_Hispanic_or_LatinoP":0.18483847283406754,"LF_20_HoPI":52,"LF_20_Other":16463,"LF_20_OtherP":0.7554607195301027,"LF_20_Total":21792,"LF_20_White":14834,"NH_AfAm":334.01001051427426,"NH_AfAmP":0.01621651504230242,"NH_AiAn":109.94180540543685,"NH_AiAnP":0.005337782955636772,"NH_Asian":623.9419581795696,"NH_AsianP":0.030292996712175512,"NH_HOPI":34.05287292354372,"NH_Others":983.724796494638,"NH_Pop":17351.41657481104,"NH_White":15682.944810862055,"Other":16393.464606117195,"OtherP":0.7959188557589374,"PPA_NH_1 Race":16428,"PPA_NH_2+ Races":1336,"PPA_NH_AsnWht_CVAP_19":157,"PPA_NH_BlkWht_CVAP_19":4,"PPA_NH_CVAP_19":14017,"PPA_NH_IndBlk_CVAP_19":0,"PPA_NH_IndWht_CVAP_19":147,"PPA_NH_Oth":126,"PPA_NH_OthMR_CVAP_19":24,"PPA_Not Hispanic":17764,"Population":20596.904430019356,"RP_LF_20_AfAm":360,"RP_LF_20_AiAn":114,"RP_LF_20_Asian":937,"RP_LF_20_Hispanic_or_Latino":4016,"RP_LF_20_HoPI":51,"RP_LF_20_Total":21757,"RP_LF_20_White":14818,"SWDB_G18_ATGDEM01":4099.314132,"SWDB_G18_ATGREP01":5281.387367,"SWDB_G18_BOEDEM01":3700.762772,"SWDB_G18_BOEREP01":5589.084139,"SWDB_G18_CONDEM01":4524.032348,"SWDB_G18_CONREP01":4854.853356,"SWDB_G18_GOVDEM01":3933.777085,"SWDB_G18_GOVREP01":5595.591718,"SWDB_G20_PRSAIP01":0,"SWDB_G20_PRSDEM01":5203,"SWDB_G20_PRSGRN01":2,"SWDB_G20_PRSLIB01":85,"SWDB_G20_PRSPAF01":0,"SWDB_G20_PRSREP01":6103,"SWDB_G20_PR_14_N":6629,"SWDB_G20_PR_14_Y":4501,"SWDB_G20_PR_15_N":7677,"SWDB_G20_PR_15_Y":3653,"SWDB_G20_PR_16_N":8273,"SWDB_G20_PR_16_Y":2908,"SWDB_G20_PR_17_N":6588,"SWDB_G20_PR_17_Y":4719,"SWDB_G20_PR_18_N":8166,"SWDB_G20_PR_18_Y":3175,"SWDB_G20_PR_19_N":5934,"SWDB_G20_PR_19_Y":5204,"SWDB_G20_PR_20_N":5895,"SWDB_G20_PR_20_Y":5122,"SWDB_G20_PR_21_N":8149,"SWDB_G20_PR_21_Y":2970,"SWDB_G20_PR_22_N":3478,"SWDB_G20_PR_22_Y":7777,"SWDB_G20_PR_23_N":8369,"SWDB_G20_PR_23_Y":2761,"SWDB_G20_PR_24_N":5669,"SWDB_G20_PR_24_Y":5319,"SWDB_G20_PR_25_N":7304,"SWDB_G20_PR_25_Y":3635,"VOT_DemPlus_Count":5217,"VOT_Dem_Count":4616,"VOT_Dem_CountP":0.32243643475831235,"VOT_Eth_Afam":77,"VOT_Eth_Asian":414,"VOT_Eth_Latin":1496,"VOT_Eth_Other":12329,"VOT_Other_Count":3882,"VOT_Other_CountP":0.27116512992455993,"VOT_RepPlus_Count":6270,"VOT_Rep_Count":5818,"VOT_Rep_CountP":0.4063984353171277,"VOT_Total_Count":14316,"color":"#ff7f0e","index_left":0},"type":"Feature"},{"bbox":[-121.31285999999997,38.729274,-121.26149599999998,38.76965],"geometry":{"coordinates":[[[-121.30199199999997,38.73429399999999],[-121.30202000000001,38.734377],[-121.302051,38.734459],[-121.30208299999998,38.734541],[-121.30211699999998,38.734622],[-121.30215299999998,38.734703],[-121.30219,38.734782999999986],[-121.302226,38.73485599999999],[-121.30223,38.734863],[-121.302249,38.73490100000001],[-121.302271,38.734943],[-121.30231299999997,38.735020999999996],[-121.302358,38.735099],[-121.302404,38.73517700000001],[-121.30245200000002,38.735254],[-121.302502,38.73532999999999],[-121.302553,38.73540499999999],[-121.30260699999997,38.735479999999995],[-121.302658,38.73554899999999],[-121.30266300000001,38.735555999999995],[-121.30269699999997,38.735599],[-121.302737,38.735649],[-121.30277799999998,38.735698000000006],[-121.30282099999997,38.73574700000001],[-121.30286400000001,38.735794999999996],[-121.30290899999999,38.735842],[-121.302955,38.735889],[-121.303001,38.735934999999984],[-121.30304899999999,38.735981],[-121.303097,38.73602499999999],[-121.30314699999998,38.73607],[-121.30319799999997,38.73611300000001],[-121.30324899999998,38.73615600000001],[-121.30330200000002,38.736198],[-121.303355,38.736239],[-121.303409,38.736279999999994],[-121.30346400000002,38.736320000000006],[-121.30352099999999,38.73635899999999],[-121.303577,38.736397],[-121.30363500000001,38.736435],[-121.303694,38.736470999999995],[-121.30375299999999,38.736507],[-121.30393000000001,38.73661499999999],[-121.303943,38.736622999999994],[-121.30397,38.736639],[-121.304378,38.73688799999999],[-121.30484699999997,38.73718499999999],[-121.30499,38.73727499999999],[-121.305135,38.737364],[-121.305477,38.737565],[-121.30556999999997,38.73762],[-121.30575099999997,38.737727],[-121.30600499999998,38.73787600000001],[-121.306098,38.73793100000001],[-121.30618899999997,38.737986],[-121.306412,38.738122999999995],[-121.30663200000001,38.738262999999996],[-121.30676,38.738347999999995],[-121.30684500000001,38.738406999999995],[-121.307009,38.738527],[-121.30709,38.738589],[-121.30716999999999,38.73865299999999],[-121.307248,38.738717],[-121.30732500000002,38.738783],[-121.30739999999999,38.738848999999995],[-121.307474,38.738917],[-121.307546,38.73898599999999],[-121.307589,38.739028999999995],[-121.307628,38.73905799999999],[-121.307654,38.739093999999994],[-121.30768599999999,38.73912599999999],[-121.307753,38.739198],[-121.30781899999998,38.73927],[-121.30788400000002,38.739344],[-121.307946,38.73941799999999],[-121.30800699999999,38.73949400000001],[-121.30812499999998,38.739650999999995],[-121.30818400000001,38.739734999999996],[-121.308242,38.739819999999995],[-121.308297,38.73990599999999],[-121.308351,38.739992],[-121.308402,38.74008],[-121.308452,38.740167],[-121.30849999999998,38.740256],[-121.308546,38.74034499999999],[-121.30858999999998,38.740434999999984],[-121.30863099999999,38.740525999999996],[-121.308671,38.740617],[-121.308709,38.740708000000005],[-121.30874500000002,38.7408],[-121.30877899999999,38.74089299999999],[-121.30881100000002,38.74097499999999],[-121.30884399999997,38.741058],[-121.30886899999999,38.741124],[-121.30889300000001,38.74119099999999],[-121.308909,38.74123999999999],[-121.30892499999999,38.741272],[-121.308928,38.741296999999996],[-121.308937,38.741325999999994],[-121.30895600000001,38.741392999999995],[-121.30897399999998,38.741460999999994],[-121.30898999999997,38.74153],[-121.309005,38.741597999999996],[-121.309019,38.741667],[-121.30903099999998,38.741735999999996],[-121.30904099999998,38.741805],[-121.30905,38.74187400000001],[-121.309057,38.741942999999985],[-121.309063,38.742011999999995],[-121.30906700000001,38.742081999999996],[-121.309071,38.74222000000001],[-121.30907899999998,38.74259599999999],[-121.309083,38.742628],[-121.30911199999998,38.743815],[-121.30910599999999,38.743815],[-121.309109,38.744251999999996],[-121.309111,38.744348],[-121.30911399999997,38.744443],[-121.30912,38.744538999999996],[-121.309129,38.744634999999995],[-121.30913899999999,38.74473],[-121.30915100000001,38.744826],[-121.30916599999999,38.744921],[-121.30917599999998,38.744979],[-121.30923800000001,38.745325],[-121.30925499999996,38.74542099999999],[-121.30927100000001,38.745516],[-121.30927100000001,38.745518000000004],[-121.30927100000001,38.745519],[-121.309285,38.745611],[-121.309296,38.745707],[-121.30930400000001,38.745779],[-121.30931099999997,38.74588],[-121.30931800000002,38.746007999999996],[-121.30932,38.74607099999999],[-121.30932199999998,38.746136],[-121.30933399999999,38.74715199999999],[-121.309339,38.747607],[-121.30934599999999,38.748178],[-121.30936,38.74942899999999],[-121.30936100000001,38.749536],[-121.309366,38.74996599999999],[-121.30935100000002,38.75182699999999],[-121.30934499999996,38.75231],[-121.30934499999996,38.752405],[-121.309348,38.752501],[-121.30935199999996,38.75259700000001],[-121.30935800000002,38.752692],[-121.30936700000001,38.752787999999995],[-121.30937699999998,38.752884],[-121.30939,38.752978999999996],[-121.309405,38.753074000000005],[-121.30942199999997,38.753169],[-121.309425,38.753185],[-121.309432,38.75321700000001],[-121.30944100000002,38.753263],[-121.30946199999997,38.753358],[-121.30948600000002,38.753452],[-121.30951100000001,38.753545999999986],[-121.30953800000002,38.753639],[-121.30956800000001,38.75373199999999],[-121.309599,38.753824],[-121.309633,38.753916999999994],[-121.309651,38.753962],[-121.309666,38.75399999999999],[-121.30967300000002,38.754017],[-121.309708,38.754109],[-121.309741,38.754200999999995],[-121.309771,38.75429399999999],[-121.309801,38.754386999999994],[-121.30982699999998,38.75448],[-121.30983099999997,38.754493999999994],[-121.309852,38.754574],[-121.309875,38.754667999999995],[-121.309895,38.754763],[-121.309913,38.754856999999994],[-121.30992999999997,38.754951999999996],[-121.309945,38.75504699999999],[-121.30995699999997,38.755143000000004],[-121.309966,38.755238],[-121.30997400000001,38.755334],[-121.30998000000001,38.755429],[-121.30998199999999,38.755498],[-121.30998299999999,38.755594],[-121.30998299999999,38.755689],[-121.30998199999999,38.755773999999995],[-121.30996700000001,38.75674800000001],[-121.309966,38.756795999999994],[-121.30996399999997,38.756915],[-121.309932,38.758935],[-121.30992900000001,38.75917],[-121.30992500000002,38.75958299999999],[-121.30992500000002,38.759722999999994],[-121.30992799999999,38.75981899999999],[-121.309932,38.759915],[-121.309939,38.760009999999994],[-121.30994900000002,38.760106],[-121.309952,38.760130999999994],[-121.30996,38.76020100000001],[-121.30998600000001,38.760375],[-121.310003,38.76047],[-121.310023,38.760564],[-121.310044,38.760658],[-121.31006799999997,38.760752],[-121.31007800000002,38.760788999999995],[-121.31008400000002,38.760814],[-121.310093,38.760845999999994],[-121.31012100000001,38.76093900000001],[-121.31015099999998,38.761032],[-121.310189,38.761142],[-121.31022300000001,38.761233999999995],[-121.31025899999999,38.761325],[-121.31029799999997,38.76141599999999],[-121.310338,38.761506],[-121.31037999999998,38.761596000000004],[-121.31042400000001,38.761685],[-121.31046999999998,38.76177299999999],[-121.310519,38.761860999999996],[-121.31056899999997,38.761948],[-121.310621,38.762034],[-121.310675,38.76212],[-121.310731,38.762205],[-121.310788,38.762288999999996],[-121.31084800000001,38.762373],[-121.310909,38.762455],[-121.31097300000002,38.762537],[-121.310999,38.76256999999999],[-121.311038,38.762618],[-121.311101,38.76269299999999],[-121.31111199999998,38.762707],[-121.311173,38.76277700000001],[-121.31124399999999,38.762854999999995],[-121.31126700000002,38.76287899999999],[-121.311316,38.762932],[-121.31136899999998,38.762986999999995],[-121.31139000000002,38.76300799999999],[-121.31141799999999,38.763037],[-121.311497,38.76311899999999],[-121.31156800000001,38.763196],[-121.311638,38.76327500000001],[-121.31170600000002,38.76335399999999],[-121.31177199999999,38.763434],[-121.31185300000001,38.76353699999999],[-121.311915,38.76362],[-121.31196099999998,38.763683],[-121.31197600000002,38.76370300000001],[-121.31203399999998,38.76378799999999],[-121.31209100000001,38.763873],[-121.312145,38.763959],[-121.31219799999998,38.764044999999996],[-121.312249,38.76413199999999],[-121.31229799999998,38.76422],[-121.312344,38.764309],[-121.312389,38.76439799999999],[-121.31243200000002,38.76448799999999],[-121.312473,38.76457899999998],[-121.312474,38.764582],[-121.312473,38.764582],[-121.31251199999997,38.76467],[-121.31253100000002,38.764718],[-121.31256800000001,38.764811],[-121.31258299999999,38.764852999999995],[-121.312597,38.764892999999994],[-121.31267600000001,38.765132],[-121.31268499999999,38.76516899999999],[-121.31274899999997,38.76541399999999],[-121.31280299999997,38.765698],[-121.31280299999997,38.765699],[-121.31283800000001,38.76598499999999],[-121.312855,38.766273],[-121.312855,38.766741999999994],[-121.31285699999998,38.767272],[-121.31285699999998,38.767514],[-121.31285899999999,38.768241999999994],[-121.31285999999997,38.768485],[-121.312069,38.768485],[-121.31206600000002,38.768262],[-121.31204399999997,38.768165999999994],[-121.311998,38.76806799999999],[-121.31193099999999,38.767976],[-121.31183500000002,38.767888],[-121.311762,38.767838999999995],[-121.31168199999999,38.7678],[-121.31164299999999,38.76778199999999],[-121.31154,38.767748999999995],[-121.311428,38.767726999999994],[-121.31133999999999,38.76771999999999],[-121.31130799999997,38.767717999999995],[-121.31129499999999,38.767717999999995],[-121.31115999999999,38.767720999999995],[-121.311116,38.767723],[-121.310831,38.767737],[-121.31080699999997,38.767739000000006],[-121.31063799999998,38.767758],[-121.310447,38.767789],[-121.309895,38.767906],[-121.30959299999998,38.767971],[-121.30957999999998,38.767932],[-121.309545,38.76779499999999],[-121.30953699999999,38.767744],[-121.30952299999998,38.767646],[-121.309521,38.767605999999994],[-121.30951699999999,38.767496],[-121.309528,38.767346999999994],[-121.309555,38.767202],[-121.309598,38.767061999999996],[-121.30933799999997,38.767018],[-121.30912799999997,38.766999],[-121.30905400000002,38.766997999999994],[-121.308922,38.766997999999994],[-121.307411,38.767052],[-121.306864,38.76707199999999],[-121.306717,38.767079],[-121.30666500000001,38.767082],[-121.306543,38.767104],[-121.30642800000001,38.76714299999999],[-121.306333,38.767191],[-121.306304,38.76721],[-121.306249,38.76724999999998],[-121.30619099999996,38.76730299999999],[-121.30606,38.767234999999985],[-121.30600799999998,38.76721499999999],[-121.30592600000001,38.767183],[-121.30578499999999,38.767144],[-121.305639,38.767119],[-121.305511,38.767109],[-121.305415,38.76711],[-121.30536199999997,38.76711099999999],[-121.30521399999999,38.767126999999995],[-121.30508899999998,38.767152],[-121.30496899999999,38.767187],[-121.30495000000002,38.767193],[-121.30425400000001,38.767438],[-121.30401599999999,38.767522],[-121.303907,38.76756],[-121.30366999999997,38.767630000000004],[-121.30360300000001,38.767651],[-121.30329299999998,38.76773],[-121.303381,38.768422],[-121.3034,38.768567000000004],[-121.30342800000001,38.76865099999999],[-121.30344900000001,38.768688],[-121.302085,38.768808],[-121.302018,38.76877199999999],[-121.30190799999997,38.768713999999996],[-121.301925,38.768801],[-121.30197899999997,38.769062],[-121.301997,38.76914899999999],[-121.30201699999999,38.769249],[-121.30207900000002,38.76954899999999],[-121.3021,38.76965],[-121.30188,38.76964],[-121.30176199999998,38.769628],[-121.30140800000001,38.769594999999995],[-121.30135099999998,38.76958799999999],[-121.301297,38.769586],[-121.300925,38.769566],[-121.300782,38.76952699999999],[-121.300472,38.76944399999999],[-121.30028699999998,38.76938],[-121.300268,38.769369],[-121.30003200000002,38.769321999999995],[-121.29979899999998,38.769352],[-121.29972599999999,38.769389],[-121.29959,38.76946],[-121.29956400000002,38.76949],[-121.29948000000002,38.769406],[-121.299274,38.7692],[-121.29918699999998,38.76912699999999],[-121.299143,38.76909],[-121.29910799999999,38.769065],[-121.29895100000002,38.76896899999999],[-121.29881000000002,38.76890199999999],[-121.29863499999999,38.76883899999999],[-121.298478,38.768798000000004],[-121.29806,38.768721],[-121.29766199999997,38.768649],[-121.297435,38.768607],[-121.296754,38.768482999999996],[-121.29652799999997,38.76844199999999],[-121.296142,38.768373],[-121.29599999999999,38.768348],[-121.295855,38.768334],[-121.29551599999999,38.768328000000004],[-121.29536600000002,38.768308],[-121.295236,38.76827299999999],[-121.294991,38.768185],[-121.29481,38.76812],[-121.29461899999998,38.768066999999995],[-121.29440899999999,38.768024],[-121.29438,38.768018999999995],[-121.294012,38.767971],[-121.29377599999998,38.767924],[-121.293567,38.767883],[-121.29324099999998,38.767813999999994],[-121.29295599999998,38.767754],[-121.29277900000001,38.767701],[-121.292442,38.76759],[-121.29227999999999,38.767543999999994],[-121.29195999999997,38.767452999999996],[-121.291594,38.767353],[-121.29153599999998,38.767337],[-121.29137900000002,38.76731],[-121.29122100000001,38.767295],[-121.29106099999998,38.767293],[-121.29090099999999,38.767305],[-121.290744,38.767329],[-121.29059200000002,38.767365999999996],[-121.290477,38.767404],[-121.29044500000002,38.767415],[-121.290129,38.767551999999995],[-121.28969899999997,38.767737],[-121.28952,38.767793999999995],[-121.289361,38.767828],[-121.28917000000001,38.767852999999995],[-121.28897700000002,38.767859],[-121.288812,38.76784899999999],[-121.288622,38.76782099999999],[-121.28829799999997,38.767757],[-121.287835,38.767666000000006],[-121.287177,38.767534999999995],[-121.286689,38.767439],[-121.28649800000001,38.767419999999994],[-121.28633200000002,38.76741799999999],[-121.285496,38.767473],[-121.28532900000002,38.767468],[-121.28518099999997,38.76744899999999],[-121.28516499999998,38.767447],[-121.28502699999997,38.767416999999995],[-121.28489799999998,38.76736999999999],[-121.28456199999997,38.767205],[-121.284313,38.767096],[-121.28422700000002,38.76706699999999],[-121.284145,38.767039],[-121.28397000000001,38.76699599999999],[-121.283791,38.766968],[-121.283639,38.76695599999999],[-121.283518,38.766952999999994],[-121.28315499999997,38.76695599999999],[-121.282794,38.76695899999999],[-121.28249599999998,38.766961],[-121.28237,38.76696200000001],[-121.28219899999998,38.76694799999999],[-121.28205700000001,38.766923999999996],[-121.28162199999998,38.76681099999999],[-121.28136999999998,38.76674599999999],[-121.281334,38.766739],[-121.28115700000001,38.76670899999999],[-121.28097299999999,38.766692000000006],[-121.28077,38.76668800000001],[-121.28061999999997,38.76668999999999],[-121.280441,38.766693],[-121.280003,38.76669900000001],[-121.27965099999999,38.766704000000004],[-121.279475,38.76668999999999],[-121.279327,38.766664],[-121.279182,38.766627],[-121.27906599999999,38.766592],[-121.278918,38.766560999999996],[-121.27876599999999,38.766545],[-121.278708,38.766544],[-121.278612,38.76654299999999],[-121.278437,38.766558999999994],[-121.27827499999997,38.766591000000005],[-121.27733499999998,38.76676799999999],[-121.27719300000001,38.76681099999999],[-121.27705800000001,38.766867],[-121.27696800000001,38.766916],[-121.27671199999999,38.767069],[-121.27661300000001,38.767168],[-121.27646399999998,38.767255999999996],[-121.276153,38.767356],[-121.27461799999998,38.767333],[-121.27403,38.76733600000001],[-121.273586,38.767338],[-121.27312299999997,38.76734400000001],[-121.27275,38.76733600000001],[-121.272582,38.76733600000001],[-121.27251599999998,38.767325],[-121.27243300000002,38.76730599999999],[-121.27225999999997,38.767239999999994],[-121.272193,38.767188999999995],[-121.27206599999997,38.767106999999996],[-121.271991,38.76704500000001],[-121.27186899999998,38.766971],[-121.27178899999998,38.766915],[-121.27169800000001,38.766878],[-121.27156999999998,38.766845999999994],[-121.271352,38.76680000000001],[-121.27117099999998,38.766793],[-121.27117099999998,38.766876],[-121.27115500000001,38.767076],[-121.27112700000002,38.767276],[-121.27106800000001,38.76754],[-121.27104900000002,38.76760699999999],[-121.27097899999997,38.76780599999999],[-121.27092299999997,38.767937],[-121.27089,38.76801699999999],[-121.270787,38.768224999999994],[-121.27067,38.76842799999999],[-121.27054000000001,38.768626],[-121.270397,38.768818],[-121.270377,38.76884199999999],[-121.27034700000002,38.768881],[-121.27014999999997,38.769112],[-121.269896,38.768904],[-121.269136,38.76827999999999],[-121.26888299999997,38.76807199999999],[-121.268254,38.767541],[-121.266368,38.76594899999999],[-121.26574,38.765418999999994],[-121.26573900000001,38.765280999999995],[-121.265742,38.764868],[-121.26574299999997,38.76473099999998],[-121.265749,38.763664],[-121.265769,38.760466],[-121.265776,38.7594],[-121.265773,38.75926599999999],[-121.26578399999998,38.75906299999999],[-121.26581299999997,38.758862],[-121.265879,38.758575],[-121.265884,38.758561],[-121.265963,38.758317],[-121.26603499999999,38.75813999999999],[-121.265497,38.758147],[-121.26481399999999,38.758156],[-121.26397699999997,38.75816700000001],[-121.26363600000002,38.758172],[-121.26340900000001,38.75818],[-121.262585,38.758163],[-121.262489,38.758163],[-121.26229799999997,38.758157],[-121.26224199999997,38.758154],[-121.262203,38.75815200000001],[-121.26215000000002,38.758149],[-121.261959,38.758134],[-121.261723,38.75810799999999],[-121.26166999999998,38.758101],[-121.26161600000002,38.758094],[-121.26160399999999,38.758092000000005],[-121.26149599999998,38.75807499999999],[-121.26160799999998,38.757884],[-121.26183499999999,38.75741599999999],[-121.26253999999999,38.756382],[-121.26274200000002,38.756097],[-121.26302099999998,38.75570499999999],[-121.26411700000001,38.754119],[-121.264417,38.753669],[-121.264798,38.753051],[-121.26540899999998,38.752086],[-121.26563699999998,38.751737],[-121.26669599999998,38.750058],[-121.267136,38.749325],[-121.26839800000002,38.747459],[-121.26979200000001,38.745250999999996],[-121.27038099999997,38.74437799999999],[-121.270589,38.744051999999996],[-121.270838,38.744049000000004],[-121.27097200000001,38.744045],[-121.271091,38.744045],[-121.27162499999997,38.74403799999999],[-121.272562,38.744025],[-121.2729,38.744023],[-121.27380299999999,38.74401499999999],[-121.27435399999997,38.74399199999999],[-121.27552100000001,38.74397699999999],[-121.27666,38.743961999999996],[-121.27694,38.743958],[-121.27735799999999,38.743953],[-121.27777899999998,38.74394699999999],[-121.27806,38.743944],[-121.27825299999998,38.743940999999985],[-121.27883599999998,38.74393499999999],[-121.27902999999999,38.743933],[-121.27911999999999,38.743930999999996],[-121.27939000000002,38.743928],[-121.27948099999999,38.743926999999985],[-121.279713,38.743926999999985],[-121.28041199999997,38.743926999999985],[-121.28064499999999,38.743928],[-121.280719,38.743926999999985],[-121.280944,38.743926999999985],[-121.281019,38.743926999999985],[-121.2812,38.743926],[-121.28174499999999,38.743924],[-121.281927,38.743924],[-121.282037,38.743924],[-121.28236699999998,38.743924],[-121.28247799999998,38.74392499999999],[-121.28254200000002,38.74392499999999],[-121.282634,38.743924],[-121.28310200000001,38.743924],[-121.28325799999999,38.743924],[-121.28333599999998,38.74392300000001],[-121.283464,38.74392300000001],[-121.283574,38.74392300000001],[-121.283653,38.74392300000001],[-121.28366699999998,38.743668],[-121.28367499999999,38.743527],[-121.283682,38.743466],[-121.28372399999998,38.74330199999999],[-121.283869,38.74293599999999],[-121.28396399999997,38.742700000000006],[-121.28401,38.742584],[-121.284147,38.742238],[-121.284194,38.742123],[-121.28433200000002,38.74177399999999],[-121.28469299999998,38.740869],[-121.284766,38.740736999999996],[-121.28494899999998,38.74041],[-121.284962,38.740387999999996],[-121.28503,38.740265],[-121.28521299999998,38.740022999999994],[-121.285232,38.73999799999999],[-121.28541599999998,38.739765000000006],[-121.28554899999997,38.739612],[-121.285641,38.73952899999999],[-121.285641,38.73950699999999],[-121.286205,38.73897099999999],[-121.28650299999998,38.738689],[-121.286547,38.73864199999999],[-121.286695,38.738482],[-121.286715,38.73846199999999],[-121.286791,38.738382],[-121.28707199999998,38.738052],[-121.28720899999999,38.737912999999985],[-121.28731700000002,38.737805],[-121.28738800000002,38.737744],[-121.28745800000002,38.737683999999994],[-121.287705,38.73749900000001],[-121.28778600000001,38.73744],[-121.28827099999997,38.73707999999999],[-121.288755,38.73663],[-121.289129,38.736186],[-121.28917600000001,38.736129999999996],[-121.28925300000002,38.735933],[-121.289309,38.73565299999999],[-121.289492,38.735115],[-121.289478,38.73508699999999],[-121.289478,38.734977],[-121.28944899999999,38.73473899999999],[-121.289394,38.734379],[-121.28938000000001,38.73389499999999],[-121.289682,38.733764],[-121.29010999999997,38.73370899999999],[-121.290467,38.733604],[-121.29049099999999,38.733604],[-121.290489,38.733442999999994],[-121.29048499999998,38.73296199999999],[-121.29048400000002,38.732802],[-121.29048200000001,38.732108999999994],[-121.290479,38.73003],[-121.29047799999996,38.729337],[-121.29081299999997,38.729336],[-121.291818,38.729336],[-121.292002,38.729336],[-121.29215399999998,38.729336],[-121.292661,38.729333999999994],[-121.29300000000002,38.72933299999999],[-121.294182,38.729333999999994],[-121.29440899999999,38.729333999999994],[-121.29469,38.729334999999985],[-121.29471500000001,38.729334999999985],[-121.294891,38.729334999999985],[-121.295419,38.72933799999999],[-121.295596,38.729339],[-121.29601600000001,38.729337],[-121.29672199999997,38.729334999999985],[-121.29684999999999,38.729333999999994],[-121.29727799999999,38.72932900000001],[-121.297699,38.729324999999996],[-121.298106,38.729321999999996],[-121.29932699999998,38.729316],[-121.29951399999997,38.729316],[-121.29973499999998,38.72930999999999],[-121.300352,38.72929800000001],[-121.300706,38.729292],[-121.302204,38.72927899999999],[-121.302822,38.729274],[-121.302892,38.729274999999994],[-121.30302399999997,38.729283],[-121.30303599999998,38.729284],[-121.303181,38.729305],[-121.303358,38.729347],[-121.30364299999997,38.72944],[-121.30365600000002,38.729445],[-121.30375299999999,38.729486],[-121.30384899999999,38.72953999999999],[-121.30370199999999,38.729724],[-121.30319799999997,38.73037599999999],[-121.303087,38.73051999999999],[-121.30306899999998,38.730543999999995],[-121.30247099999998,38.73131599999999],[-121.302409,38.731398999999996],[-121.302371,38.731451],[-121.30236899999997,38.73145499999999],[-121.30232999999998,38.731512],[-121.30229199999997,38.731569],[-121.30225599999997,38.73162700000001],[-121.30222199999997,38.73168499999999],[-121.30218800000002,38.731744],[-121.30215599999998,38.73180299999999],[-121.30212500000002,38.73186299999999],[-121.30209599999998,38.731923],[-121.30206799999999,38.731984],[-121.30204100000002,38.732045],[-121.302016,38.732105999999995],[-121.30199199999997,38.732167999999994],[-121.30196900000001,38.732229999999994],[-121.30194800000001,38.732291999999994],[-121.30192899999999,38.732355],[-121.30191,38.732417000000005],[-121.30189299999999,38.73248100000001],[-121.301878,38.732544],[-121.30186400000001,38.732607],[-121.301851,38.732670999999996],[-121.30184000000001,38.732735],[-121.30183,38.73279899999999],[-121.30182200000002,38.732863],[-121.30181500000002,38.732928],[-121.30180899999999,38.732991999999996],[-121.30180499999997,38.733051999999994],[-121.30180499999997,38.73305599999999],[-121.30180199999998,38.73312099999998],[-121.30180199999998,38.733154],[-121.30180100000001,38.733185999999996],[-121.30180100000001,38.73325],[-121.30180299999999,38.733315],[-121.301806,38.73337899999999],[-121.30180999999999,38.733444],[-121.30181599999999,38.733508],[-121.301824,38.733573],[-121.301833,38.733637],[-121.30184299999999,38.733701],[-121.30185899999998,38.733791999999994],[-121.301877,38.733876],[-121.301896,38.733959999999996],[-121.301917,38.734044],[-121.30194,38.734128],[-121.301955,38.734178],[-121.301961,38.734198],[-121.301962,38.73420099999999],[-121.30196499999997,38.734211],[-121.30199199999997,38.73429399999999]]],"type":"Polygon"},"id":"1","properties":{"ACS_15-19_AfAm":471.35496360225983,"ACS_15-19_AfAmP":0.021931997000859686,"ACS_15-19_AiAn":14.828048235819562,"ACS_15-19_AiAnP":0.0006899443827879491,"ACS_15-19_Asian":1054.5956452800397,"ACS_15-19_AsianP":0.04907000098744823,"ACS_15-19_Hispanic_or_Latino":5453.568806160661,"ACS_15-19_Hispanic_or_LatinoP":0.25375282735247745,"ACS_15-19_HoPI":14,"ACS_15-19_Other":14512.137892031438,"ACS_15-19_OtherP":0.6752451746592146,"ACS_15-19_Total":21491.657307074398,"ACS_15-19_White":13622.826148370768,"ACS_15_19_EDU_25+_10th_grade":120,"ACS_15_19_EDU_25+_11th_grade":166.21997614341672,"ACS_15_19_EDU_25+_12th_grade_no_diploma":224.32946174983482,"ACS_15_19_EDU_25+_1st_grade":0,"ACS_15_19_EDU_25+_2nd_grade":0,"ACS_15_19_EDU_25+_3rd_grade":13,"ACS_15_19_EDU_25+_4th_grade":66,"ACS_15_19_EDU_25+_5th_grade":33,"ACS_15_19_EDU_25+_6th_grade":143,"ACS_15_19_EDU_25+_7th_grade":12,"ACS_15_19_EDU_25+_8th_grade":57,"ACS_15_19_EDU_25+_9th_grade":91,"ACS_15_19_EDU_25+_Associates_degree":1716.4425182234177,"ACS_15_19_EDU_25+_Bachelors_degree":3205.5511231044306,"ACS_15_19_EDU_25+_Doctorate_degree":60,"ACS_15_19_EDU_25+_GED_or_alternative_credential":314.0063645603429,"ACS_15_19_EDU_25+_Kindergarten":0,"ACS_15_19_EDU_25+_Masters_degree":802.0469645075979,"ACS_15_19_EDU_25+_No_schooling_completed":238.41321503470715,"ACS_15_19_EDU_25+_Nursery_school":4,"ACS_15_19_EDU_25+_Professional_school_degree":161.19990687047874,"ACS_15_19_EDU_25+_Regular_high_school_diploma":3070.1900786632373,"ACS_15_19_EDU_25+_Some_college_1_or_more_years,_no_degree":3347.0084355106496,"ACS_15_19_EDU_25+_Some_college_less_than_1_year":1375.8596119828221,"CVAP_06_10_American Indian or Alaska Native Alone":106.7601607860652,"CVAP_06_10_American Indian or Alaska Native AloneP":0.007870493110340538,"CVAP_06_10_American Indian or Alaska Native and Black or African American":0,"CVAP_06_10_American Indian or Alaska Native and White":151.30167981311118,"CVAP_06_10_Asian Alone":425.3038327238683,"CVAP_06_10_Asian AloneP":0.03135393259628306,"CVAP_06_10_Asian and White":35,"CVAP_06_10_Black or African American Alone":230.0064587322715,"CVAP_06_10_Black or African American AloneP":0.016956364953530978,"CVAP_06_10_Black or African American and White":40,"CVAP_06_10_Hispanic or Latino":2191.8284601175133,"CVAP_06_10_Hispanic or LatinoP":0.16158434632720078,"CVAP_06_10_Native Hawaiian or Other Pacific Islander Alone":80,"CVAP_06_10_Not Hispanic or Latino":11362.78042643368,"CVAP_06_10_Other":10717.470134977539,"CVAP_06_10_OtherP":0.7901053561229852,"CVAP_06_10_Remainder of Two or More Race Responses":15,"CVAP_06_10_Total":13564.608886551192,"CVAP_06_10_White Alone":10277.409370833742,"CVAP_15-19_American Indian or Alaska Native Alone":12,"CVAP_15-19_American Indian or Alaska Native AloneP":0.0007701687953276426,"CVAP_15-19_Asian Alone":654,"CVAP_15-19_Asian AloneP":0.041974199345356525,"CVAP_15-19_Black or African American Alone":395,"CVAP_15-19_Black or African American AloneP":0.025351389512868236,"CVAP_15-19_Hispanic or Latino":2883,"CVAP_15-19_Hispanic or LatinoP":0.18503305307746615,"CVAP_15-19_Native Hawaiian or Other Pacific Islander Alone":19,"CVAP_15-19_Other":11649,"CVAP_15-19_OtherP":0.7476413580643091,"CVAP_15-19_Total":15581,"CVAP_15-19_White Alone":11247,"CVAP_16_20_American Indian or Alaska Native and Black or African American":0,"CVAP_16_20_American Indian or Alaska Native and White":109,"CVAP_16_20_Asian and White":87,"CVAP_16_20_Black or African American and White":19,"CVAP_16_20_Not Hispanic or Latino":12703,"CVAP_16_20_Remainder of Two or More Race Responses":174,"DISTRICT":"2","Deviation10":4332.083855873992,"Deviation10P":0.26248690353090115,"Deviation20":98,"Deviation20P":0.004416005767844268,"DeviationACS":2091.657307074398,"DeviationACSP":0.10781738696259784,"Hispanic_or_Latino":5175,"Hispanic_or_LatinoP":0.2483672092988382,"LF_20_AfAm":440,"LF_20_AfAmP":0.01973979362943024,"LF_20_AiAn":130,"LF_20_AiAnP":0.005832211754149843,"LF_20_Asian":1246,"LF_20_AsianP":0.05589950650515926,"LF_20_Hispanic_or_Latino":5786,"LF_20_Hispanic_or_LatinoP":0.2595782862270076,"LF_20_HoPI":84,"LF_20_Other":14818,"LF_20_OtherP":0.6647824136384028,"LF_20_Total":22290,"LF_20_White":12986,"NH_AfAm":344,"NH_AfAmP":0.016509820289623257,"NH_AiAn":163,"NH_AiAnP":0.007822967172117995,"NH_Asian":860,"NH_AsianP":0.04127455072405814,"NH_HOPI":82,"NH_Others":1868,"NH_Pop":15661.083855873992,"NH_White":13628,"Other":14457.083855873992,"OtherP":0.6938484196874803,"PPA_NH_1 Race":15028,"PPA_NH_2+ Races":1476,"PPA_NH_AsnWht_CVAP_19":109,"PPA_NH_BlkWht_CVAP_19":62,"PPA_NH_CVAP_19":12984,"PPA_NH_IndBlk_CVAP_19":0,"PPA_NH_IndWht_CVAP_19":145,"PPA_NH_Oth":142,"PPA_NH_OthMR_CVAP_19":96,"PPA_Not Hispanic":16504,"Population":20836.083855873992,"RP_LF_20_AfAm":430,"RP_LF_20_AiAn":130,"RP_LF_20_Asian":1246,"RP_LF_20_Hispanic_or_Latino":5773,"RP_LF_20_HoPI":83,"RP_LF_20_Total":22234,"RP_LF_20_White":12956,"SWDB_G18_ATGDEM01":3555.9237813,"SWDB_G18_ATGREP01":3734.4157803,"SWDB_G18_BOEDEM01":3301.2770951,"SWDB_G18_BOEREP01":3893.578663,"SWDB_G18_CONDEM01":3835.5430887,"SWDB_G18_CONREP01":3429.2980878,"SWDB_G18_GOVDEM01":3464.3668711,"SWDB_G18_GOVREP01":3955.2174915,"SWDB_G20_PRSAIP01":4,"SWDB_G20_PRSDEM01":6748,"SWDB_G20_PRSGRN01":12,"SWDB_G20_PRSLIB01":136,"SWDB_G20_PRSPAF01":0,"SWDB_G20_PRSREP01":6577,"SWDB_G20_PR_14_N":7178,"SWDB_G20_PR_14_Y":5992,"SWDB_G20_PR_15_N":8226,"SWDB_G20_PR_15_Y":5158,"SWDB_G20_PR_16_N":9194,"SWDB_G20_PR_16_Y":3993,"SWDB_G20_PR_17_N":7269,"SWDB_G20_PR_17_Y":6119,"SWDB_G20_PR_18_N":9163,"SWDB_G20_PR_18_Y":4295,"SWDB_G20_PR_19_N":6423,"SWDB_G20_PR_19_Y":6662,"SWDB_G20_PR_20_N":7451,"SWDB_G20_PR_20_Y":5581,"SWDB_G20_PR_21_N":8992,"SWDB_G20_PR_21_Y":4130,"SWDB_G20_PR_22_N":4317,"SWDB_G20_PR_22_Y":8919,"SWDB_G20_PR_23_N":9298,"SWDB_G20_PR_23_Y":3829,"SWDB_G20_PR_24_N":6029,"SWDB_G20_PR_24_Y":6926,"SWDB_G20_PR_25_N":8180,"SWDB_G20_PR_25_Y":4728,"VOT_DemPlus_Count":4929,"VOT_Dem_Count":4439,"VOT_Dem_CountP":0.3437887236679058,"VOT_Eth_Afam":70,"VOT_Eth_Asian":425,"VOT_Eth_Latin":2018,"VOT_Eth_Other":10399,"VOT_Other_Count":3977,"VOT_Other_CountP":0.3080080545229244,"VOT_RepPlus_Count":4856,"VOT_Rep_Count":4496,"VOT_Rep_CountP":0.34820322180916974,"VOT_Total_Count":12912,"color":"#2ca02c","index_left":331},"type":"Feature"},{"bbox":[-121.30379100000002,38.75173199999999,-121.217839,38.795704],"geometry":{"coordinates":[[[-121.30028200000001,38.79523999999999],[-121.30018200000002,38.79523999999999],[-121.30006599999999,38.795241],[-121.300025,38.795241],[-121.29987700000001,38.795244],[-121.29973599999998,38.79524799999999],[-121.299599,38.795254],[-121.29946199999999,38.795261999999994],[-121.299323,38.79527399999999],[-121.299179,38.79528899999999],[-121.299028,38.795306999999994],[-121.29886599999998,38.79533099999999],[-121.29883100000002,38.795336],[-121.29881099999997,38.79534],[-121.29881000000002,38.79534],[-121.29875900000002,38.79534799999999],[-121.298691,38.79535899999999],[-121.298505,38.795390999999995],[-121.298311,38.795427],[-121.29810899999997,38.795466],[-121.29790299999999,38.795507],[-121.29769599999999,38.79555],[-121.297591,38.795572],[-121.297491,38.795593],[-121.29748799999997,38.795594],[-121.297392,38.79561499999999],[-121.297359,38.795622],[-121.29728300000001,38.79563799999999],[-121.29723400000002,38.795649],[-121.29717699999999,38.79566199999999],[-121.297148,38.79566799999999],[-121.29711699999999,38.795675],[-121.29693699999999,38.795676],[-121.29680200000001,38.795676],[-121.29599799999998,38.795679],[-121.29582900000001,38.795679],[-121.29567199999997,38.79567999999999],[-121.29541100000002,38.795681],[-121.29512099999998,38.79568199999999],[-121.29511999999998,38.79568199999999],[-121.29507000000001,38.79568199999999],[-121.294939,38.79568199999999],[-121.29471200000002,38.79568299999999],[-121.29356199999998,38.795687],[-121.293537,38.795687],[-121.29350499999998,38.795687],[-121.29238800000002,38.795688],[-121.291964,38.795688],[-121.29189800000002,38.795688],[-121.29184099999999,38.795689],[-121.291552,38.795689],[-121.29144200000002,38.795689],[-121.291429,38.795689],[-121.29139700000002,38.795689],[-121.288393,38.795691],[-121.28833800000001,38.795691],[-121.288163,38.795691],[-121.28780000000002,38.795691999999995],[-121.28774600000001,38.795691999999995],[-121.28756099999998,38.795691999999995],[-121.28737699999999,38.795691999999995],[-121.28719199999998,38.795691999999995],[-121.28700700000002,38.795691999999995],[-121.28659000000002,38.795691999999995],[-121.28639800000002,38.795693],[-121.28581399999997,38.795693],[-121.28557599999998,38.795693],[-121.28533899999998,38.795693],[-121.28510100000001,38.795694],[-121.284863,38.795694],[-121.284626,38.795694],[-121.284388,38.795694],[-121.284276,38.795694],[-121.28424099999997,38.795694],[-121.284224,38.795694],[-121.284224,38.79566100000001],[-121.284223,38.79566100000001],[-121.284153,38.79566100000001],[-121.28408799999997,38.79566100000001],[-121.283917,38.79566199999999],[-121.28368099999999,38.79566199999999],[-121.283445,38.79566199999999],[-121.28321000000001,38.79566199999999],[-121.28297399999997,38.79566299999999],[-121.28274399999998,38.79566299999999],[-121.282268,38.79566299999999],[-121.28206099999997,38.795664],[-121.28206099999997,38.79569699999999],[-121.280138,38.79569899999999],[-121.277004,38.795702],[-121.276578,38.795703],[-121.27647699999997,38.795703],[-121.276453,38.795703],[-121.276452,38.795703],[-121.276451,38.795703],[-121.27644899999999,38.795703],[-121.27644799999999,38.795703],[-121.276443,38.795703],[-121.27623,38.795703],[-121.275951,38.795703],[-121.275783,38.795704],[-121.27554100000002,38.795704],[-121.274943,38.795704],[-121.274931,38.7957],[-121.27492299999999,38.79569699999999],[-121.27479499999997,38.795647],[-121.274609,38.795573999999995],[-121.274423,38.795502],[-121.274406,38.795494999999995],[-121.27423699999997,38.795429],[-121.27422000000001,38.795423],[-121.274051,38.795356999999996],[-121.27403400000001,38.79534999999999],[-121.273865,38.79528499999999],[-121.273849,38.795278],[-121.27367899999999,38.795212],[-121.273663,38.795206],[-121.273493,38.79514],[-121.27347799999997,38.795134],[-121.27330399999997,38.79506599999999],[-121.27328900000002,38.79505999999999],[-121.27311399999999,38.794992],[-121.273098,38.794986],[-121.27292300000002,38.794917999999996],[-121.27290800000002,38.794912],[-121.27278199999996,38.794863],[-121.272733,38.794844],[-121.27254800000001,38.794772],[-121.272189,38.79463199999999],[-121.27215,38.794617],[-121.271949,38.794537999999996],[-121.27160899999998,38.794406],[-121.27136,38.794309],[-121.27120300000001,38.794248],[-121.271163,38.794233],[-121.27116099999999,38.794232],[-121.27114600000002,38.794225999999995],[-121.271046,38.794187],[-121.271022,38.794178],[-121.27101999999998,38.794177],[-121.271019,38.794177],[-121.27088899999997,38.79412500000001],[-121.27086199999997,38.794115],[-121.27086100000001,38.794115],[-121.27085799999999,38.794113999999986],[-121.27073200000001,38.79406399999999],[-121.270703,38.79405299999999],[-121.27070199999999,38.79405299999999],[-121.27069500000002,38.79404999999999],[-121.27057499999997,38.794003],[-121.27055800000001,38.793997],[-121.27054200000002,38.79399099999999],[-121.270459,38.793957999999996],[-121.270418,38.793941999999994],[-121.270383,38.793927999999994],[-121.27031099999998,38.793901],[-121.27026,38.79388099999999],[-121.27024499999999,38.793875],[-121.27022400000001,38.793866],[-121.27016799999998,38.793845000000005],[-121.27010300000002,38.79381999999999],[-121.270072,38.793807],[-121.27006399999999,38.793804],[-121.269946,38.793758],[-121.269937,38.793755],[-121.26990599999998,38.79374299999999],[-121.269842,38.793718],[-121.26983300000002,38.79371400000001],[-121.269815,38.793707],[-121.26978899999997,38.793697],[-121.269748,38.79368099999999],[-121.269629,38.793634999999995],[-121.26958599999998,38.793617999999995],[-121.269394,38.793543],[-121.26935099999997,38.793527],[-121.269063,38.793414],[-121.26901599999997,38.79339699999999],[-121.26874400000001,38.79329299999999],[-121.26862100000001,38.79324499999999],[-121.268614,38.793240999999995],[-121.268385,38.793150999999995],[-121.26835100000001,38.79313799999999],[-121.26792099999999,38.792970999999994],[-121.26717400000001,38.79268199999999],[-121.26655899999997,38.792443],[-121.26643199999998,38.792394],[-121.265656,38.792093],[-121.265656,38.792087],[-121.26565899999997,38.791672],[-121.26565999999998,38.791461],[-121.26566100000001,38.791316],[-121.265662,38.791131],[-121.26566300000002,38.790959],[-121.26566399999999,38.790804],[-121.265665,38.790639999999996],[-121.26566599999998,38.79048],[-121.26566599999998,38.790319],[-121.26566700000001,38.79015799999999],[-121.265668,38.789989],[-121.265668,38.789975],[-121.26566900000002,38.789825],[-121.26566999999999,38.789664],[-121.265671,38.789501],[-121.265672,38.789334],[-121.26567299999998,38.789173],[-121.265674,38.789001],[-121.26567500000002,38.788841999999995],[-121.26567599999998,38.788669],[-121.265677,38.78839899999999],[-121.265679,38.78814],[-121.26568800000001,38.78652999999999],[-121.26568800000001,38.786483],[-121.26569000000002,38.786248],[-121.26569000000002,38.786091],[-121.265691,38.78607699999999],[-121.265691,38.78593500000001],[-121.265691,38.78593299999999],[-121.26569299999998,38.785693999999985],[-121.26569299999998,38.785692999999995],[-121.26569400000001,38.785408],[-121.26569600000002,38.785180999999994],[-121.265713,38.78424799999999],[-121.26570699999999,38.78416200000001],[-121.26570299999999,38.784076000000006],[-121.26570200000002,38.78404499999999],[-121.26570200000002,38.784032],[-121.26570299999999,38.783752],[-121.265704,38.78363199999999],[-121.265704,38.78362899999999],[-121.26570899999997,38.78255],[-121.26571,38.782506999999995],[-121.265711,38.782176],[-121.265713,38.78181300000001],[-121.26571599999997,38.781182],[-121.265717,38.780896999999996],[-121.265719,38.780593],[-121.265719,38.780545],[-121.265722,38.779886000000005],[-121.265722,38.77974400000001],[-121.26572299999997,38.779681],[-121.265725,38.779222],[-121.265725,38.779195],[-121.265725,38.779168999999996],[-121.265725,38.779095000000005],[-121.26572999999998,38.77790399999999],[-121.265731,38.777668999999996],[-121.265731,38.777665000000006],[-121.265731,38.777663],[-121.26573200000001,38.777519999999996],[-121.26573200000001,38.777491000000005],[-121.26573300000001,38.77733599999999],[-121.26573300000001,38.777249999999995],[-121.265734,38.777101],[-121.265734,38.77709900000001],[-121.26573599999998,38.776672999999995],[-121.26573800000001,38.776090999999994],[-121.26573800000001,38.776062],[-121.26574,38.775566],[-121.265744,38.774522],[-121.26574500000001,38.774368],[-121.26574500000001,38.77431599999999],[-121.265746,38.77400299999999],[-121.26553,38.774024],[-121.264812,38.774023],[-121.264812,38.773923],[-121.263086,38.77391899999999],[-121.26256199999996,38.773917999999995],[-121.260434,38.77391299999999],[-121.260434,38.774288999999996],[-121.25950399999999,38.77391899999999],[-121.25940600000001,38.773881],[-121.259404,38.77387999999999],[-121.25846199999997,38.773897],[-121.257435,38.773915],[-121.256598,38.77393],[-121.256573,38.77393],[-121.25656599999999,38.77393],[-121.255055,38.773931999999995],[-121.25466499999999,38.773933],[-121.25386000000002,38.773934],[-121.25335699999998,38.773935],[-121.253352,38.773935],[-121.25171399999999,38.77393099999999],[-121.25149999999996,38.77393],[-121.251307,38.77393],[-121.25130600000001,38.77393],[-121.25075999999999,38.77393099999999],[-121.250446,38.77393099999999],[-121.250119,38.773931999999995],[-121.250092,38.773931999999995],[-121.249804,38.773933],[-121.24966199999997,38.773933],[-121.249604,38.773933],[-121.248801,38.773934],[-121.248242,38.773935],[-121.24738100000002,38.773936],[-121.24738100000002,38.773905],[-121.24738100000002,38.773872999999995],[-121.24738100000002,38.77382699999998],[-121.24738,38.773629],[-121.24738,38.773432],[-121.24738,38.773345],[-121.24738,38.773341],[-121.24738,38.773201],[-121.24738,38.77302600000001],[-121.24738,38.77302399999999],[-121.24737900000001,38.772816],[-121.24737900000001,38.77273699999999],[-121.24737900000001,38.772504],[-121.24737900000001,38.772294],[-121.24737799999998,38.771994],[-121.24737799999998,38.77193199999999],[-121.24737799999998,38.771877],[-121.24737799999998,38.771329],[-121.24737799999998,38.771276],[-121.247377,38.77120800000001],[-121.247377,38.77120500000001],[-121.24736300000002,38.771111],[-121.247326,38.770862],[-121.247312,38.770772],[-121.24729799999999,38.770675],[-121.24729799999999,38.77067399999999],[-121.24726699999997,38.770473],[-121.24724699999997,38.770338],[-121.24720399999998,38.770338],[-121.24512700000001,38.77033099999999],[-121.24470599999998,38.770329999999994],[-121.244687,38.770329999999994],[-121.24422399999997,38.770329999999994],[-121.24386299999998,38.770329999999994],[-121.243645,38.770329999999994],[-121.24333400000002,38.770329999999994],[-121.24237300000001,38.77032899999999],[-121.24209399999998,38.77032899999999],[-121.24178699999999,38.77032899999999],[-121.24154800000001,38.77032799999999],[-121.24131,38.77032799999999],[-121.241072,38.77032799999999],[-121.240833,38.77032799999999],[-121.240595,38.77032799999999],[-121.240357,38.77032799999999],[-121.240241,38.77032799999999],[-121.24011799999997,38.77032799999999],[-121.23987999999997,38.770327],[-121.23964099999999,38.770327],[-121.239403,38.770327],[-121.239165,38.770327],[-121.239007,38.770327],[-121.23880699999998,38.770327],[-121.23872599999997,38.770327],[-121.238646,38.770327],[-121.23830200000002,38.770327],[-121.23826099999995,38.770327],[-121.238199,38.77032599999999],[-121.237706,38.77032599999999],[-121.237568,38.77032599999999],[-121.23706,38.77032599999999],[-121.23670499999999,38.77032599999999],[-121.23639899999998,38.770325],[-121.23611499999997,38.770325],[-121.23589,38.770325],[-121.23566900000002,38.770325],[-121.235445,38.770325],[-121.23522400000002,38.770325],[-121.235007,38.770325],[-121.23447699999998,38.77032399999999],[-121.23360799999999,38.77032399999999],[-121.232992,38.770323],[-121.23297800000002,38.770323],[-121.23293400000001,38.770323],[-121.232854,38.770323],[-121.232816,38.77032199999999],[-121.23249799999999,38.770315],[-121.23247299999997,38.770315],[-121.231452,38.770311],[-121.231417,38.770311],[-121.23131699999998,38.77031],[-121.23010299999999,38.770300000000006],[-121.23004500000002,38.770300000000006],[-121.22988,38.770301],[-121.227414,38.770274],[-121.22737399999998,38.770278],[-121.22733499999998,38.770282],[-121.22729599999997,38.770287],[-121.22725699999998,38.770292000000005],[-121.22721800000001,38.77029799999999],[-121.227179,38.770304],[-121.22713999999998,38.770311],[-121.227102,38.77031899999999],[-121.22703900000002,38.77033199999999],[-121.22677199999997,38.770334],[-121.225675,38.77033999999999],[-121.225501,38.770341],[-121.22542200000001,38.77034200000001],[-121.224958,38.770344],[-121.22481,38.770345],[-121.22456499999997,38.770345999999996],[-121.224359,38.770348],[-121.224249,38.770348],[-121.22408300000001,38.770349],[-121.223933,38.77034999999999],[-121.223805,38.770351],[-121.22361799999997,38.770352],[-121.223529,38.770352],[-121.223235,38.770354],[-121.22321700000002,38.770354],[-121.223154,38.770354],[-121.223073,38.77035500000001],[-121.22305600000001,38.77035500000001],[-121.22292899999997,38.770356],[-121.22016100000002,38.77037299999999],[-121.22016,38.77037199999999],[-121.22008,38.77037199999999],[-121.21989700000002,38.77037299999999],[-121.219818,38.770374],[-121.21965700000001,38.770374999999994],[-121.21956,38.770374999999994],[-121.21927800000002,38.770378],[-121.21914,38.770379],[-121.21907400000002,38.770379],[-121.218541,38.77038300000001],[-121.21828100000002,38.770386],[-121.217839,38.77038400000001],[-121.21788600000001,38.770358],[-121.21796699999997,38.770313],[-121.21803500000001,38.770276],[-121.220428,38.768959],[-121.22050000000002,38.768919],[-121.22056400000001,38.768881],[-121.22062700000001,38.768843],[-121.22068899999996,38.768804],[-121.220751,38.76876399999999],[-121.220811,38.76872399999999],[-121.22086999999999,38.768682],[-121.220929,38.76863999999999],[-121.220986,38.768597],[-121.22104299999997,38.768553],[-121.22109799999998,38.768509],[-121.221153,38.76846299999999],[-121.221207,38.76841699999999],[-121.221259,38.76836999999999],[-121.22131100000001,38.768323],[-121.221361,38.76827500000001],[-121.22141000000002,38.76822599999999],[-121.22145800000001,38.768176],[-121.22150599999999,38.768125999999995],[-121.22155199999997,38.768074999999996],[-121.22159600000002,38.76802299999999],[-121.22164,38.767971],[-121.22168299999998,38.767919],[-121.221724,38.76786500000001],[-121.221764,38.767812],[-121.221803,38.767757],[-121.221841,38.767702],[-121.22187699999998,38.767647],[-121.22191199999999,38.767591],[-121.221946,38.767534999999995],[-121.221979,38.767478],[-121.22199900000001,38.767441],[-121.22201100000001,38.76742099999999],[-121.22204099999999,38.767362999999996],[-121.22207,38.767305],[-121.22209700000002,38.767247],[-121.222124,38.76718799999999],[-121.22214900000002,38.767129000000004],[-121.222172,38.767069],[-121.222195,38.767009],[-121.222216,38.766949],[-121.222216,38.76694799999999],[-121.222235,38.766889],[-121.22225399999998,38.76682799999999],[-121.22227100000002,38.766766999999994],[-121.222286,38.766706000000006],[-121.2223,38.76664499999999],[-121.22230099999999,38.766639999999995],[-121.222313,38.766583999999995],[-121.222325,38.766522],[-121.22233499999999,38.76646],[-121.22254200000002,38.765101],[-121.222577,38.764872],[-121.22258100000002,38.764843],[-121.22258400000001,38.76482399999999],[-121.22259999999999,38.764719],[-121.22267100000002,38.764250999999994],[-121.22268700000001,38.764145],[-121.222703,38.764052],[-121.22271600000002,38.763972],[-121.222739,38.76385299999999],[-121.22276500000001,38.763735],[-121.222794,38.763616999999996],[-121.22282499999997,38.76350000000001],[-121.22285799999999,38.763383],[-121.22289499999997,38.76326699999999],[-121.222934,38.763151],[-121.222975,38.76303599999999],[-121.223019,38.76292099999999],[-121.223066,38.762807],[-121.224146,38.760239999999996],[-121.22416900000002,38.760183],[-121.224179,38.76015600000001],[-121.224199,38.760103],[-121.22421699999997,38.76004999999999],[-121.224234,38.759995999999994],[-121.22425,38.759943],[-121.22426499999999,38.759888999999994],[-121.224279,38.759834999999995],[-121.22429099999998,38.75978099999999],[-121.22430200000001,38.759726],[-121.224312,38.759671999999995],[-121.22432099999997,38.759617000000006],[-121.22432900000001,38.759561999999995],[-121.22433499999998,38.75950699999999],[-121.22434,38.759451999999996],[-121.22434399999997,38.759397],[-121.224346,38.759342],[-121.22434799999998,38.759287],[-121.22434799999998,38.759232000000004],[-121.22434700000001,38.759177],[-121.22434399999997,38.759122],[-121.22434099999998,38.759066999999995],[-121.22433599999998,38.75901199999999],[-121.22432999999997,38.758957],[-121.224229,38.758109],[-121.224178,38.75767999999999],[-121.224168,38.757578],[-121.22416399999999,38.757518000000005],[-121.22416099999998,38.757458],[-121.224159,38.757398],[-121.224159,38.75733799999999],[-121.224159,38.757323],[-121.224159,38.757317],[-121.22416,38.757278],[-121.22416300000002,38.757218],[-121.224166,38.757159],[-121.224172,38.757099],[-121.224178,38.757039],[-121.224186,38.75697999999999],[-121.224195,38.75692],[-121.224205,38.756860999999994],[-121.22421699999997,38.75680199999999],[-121.22423,38.756743],[-121.22424500000001,38.75668399999999],[-121.22425999999997,38.756625],[-121.224277,38.756567],[-121.22429600000001,38.756508999999994],[-121.224315,38.756451],[-121.22433599999998,38.756393],[-121.224346,38.756368],[-121.224358,38.756336],[-121.22438199999999,38.756279],[-121.22440700000001,38.756222],[-121.22443300000002,38.756166],[-121.22446,38.75611],[-121.22448799999998,38.75605399999999],[-121.22451799999999,38.75599900000001],[-121.22468300000001,38.755700000000004],[-121.225546,38.754133],[-121.22619000000002,38.752965],[-121.226195,38.75295700000001],[-121.22622600000001,38.752899],[-121.226255,38.752841000000004],[-121.22628399999998,38.752783],[-121.22631099999998,38.75272499999999],[-121.22633700000002,38.752666],[-121.22636099999998,38.752605999999986],[-121.226384,38.752547],[-121.226406,38.752487],[-121.226426,38.752427],[-121.22644600000001,38.752365999999995],[-121.226463,38.75230499999999],[-121.22647999999997,38.75224399999999],[-121.22648499999998,38.752221999999996],[-121.226489,38.752208],[-121.22649300000002,38.752192],[-121.226705,38.752208],[-121.226741,38.752210999999996],[-121.226756,38.75221],[-121.22683,38.752208],[-121.22684500000001,38.752208],[-121.226913,38.752208],[-121.22705200000001,38.752208],[-121.22712799999998,38.752207],[-121.22730099999998,38.752207],[-121.227432,38.752206],[-121.22758000000002,38.752206],[-121.227711,38.752205],[-121.227841,38.752205],[-121.22798999999998,38.75220399999999],[-121.22811999999999,38.75220399999999],[-121.22827499999998,38.752202999999994],[-121.22842300000002,38.752202999999994],[-121.22855399999997,38.75220199999999],[-121.228684,38.75220199999999],[-121.22883300000001,38.75220099999999],[-121.22895800000002,38.752199999999995],[-121.228963,38.75220099999999],[-121.22911199999997,38.752199999999995],[-121.22926,38.752199999999995],[-121.229391,38.75219899999999],[-121.229522,38.75219899999999],[-121.22967000000001,38.752198],[-121.22980099999997,38.752198],[-121.229931,38.752197],[-121.23013,38.752196],[-121.230555,38.752195],[-121.23055900000001,38.752195],[-121.23059700000002,38.752195],[-121.23084799999998,38.752193999999996],[-121.23123400000001,38.752192],[-121.23148099999999,38.752192],[-121.23173000000001,38.752191],[-121.231947,38.75219],[-121.23214399999999,38.752189],[-121.232345,38.75218799999999],[-121.23252000000001,38.75218799999999],[-121.23257300000002,38.75218799999999],[-121.23271,38.75218699999999],[-121.23273099999997,38.75218699999999],[-121.23288800000002,38.75218600000001],[-121.233064,38.75218600000001],[-121.23322200000001,38.752185000000004],[-121.23339699999998,38.752185000000004],[-121.2335,38.75218399999999],[-121.23354900000001,38.75218399999999],[-121.233572,38.75218399999999],[-121.23373000000001,38.752182999999995],[-121.233905,38.752182999999995],[-121.23390799999997,38.752182999999995],[-121.23397599999998,38.752182999999995],[-121.23408099999999,38.752182],[-121.234238,38.75218099999999],[-121.23441399999999,38.75218099999999],[-121.23447399999999,38.75218099999999],[-121.234589,38.75218000000001],[-121.23476399999997,38.75218000000001],[-121.23492199999998,38.752179],[-121.235097,38.752177999999994],[-121.235292,38.752177999999994],[-121.23599899999999,38.752175],[-121.23601400000001,38.752175],[-121.23602499999997,38.752185000000004],[-121.23614300000001,38.752294000000006],[-121.236231,38.752174],[-121.236967,38.75217099999999],[-121.238739,38.752165],[-121.241463,38.752155],[-121.24226900000001,38.752152],[-121.242741,38.75215],[-121.242744,38.75215],[-121.242744,38.752146],[-121.24274600000001,38.752084999999994],[-121.24292000000001,38.752084],[-121.242922,38.752084],[-121.242922,38.75209499999999],[-121.24292000000001,38.752140999999995],[-121.242919,38.75216199999999],[-121.242915,38.752229],[-121.24290799999999,38.752296],[-121.24290200000002,38.752363],[-121.24289300000001,38.75243],[-121.24288300000002,38.752496],[-121.242871,38.752563],[-121.24285999999998,38.75261799999999],[-121.24279399999999,38.75295899999998],[-121.243214,38.753013],[-121.24321499999998,38.753013],[-121.243216,38.753014],[-121.24321700000002,38.753014],[-121.243218,38.753015],[-121.243219,38.753015],[-121.24322,38.753015999999995],[-121.24322199999999,38.753015999999995],[-121.24374599999997,38.753082],[-121.24402999999997,38.753122],[-121.244174,38.753136000000005],[-121.24434399999997,38.753157],[-121.24593200000001,38.75335700000001],[-121.24611800000001,38.75338],[-121.24630000000002,38.753402],[-121.246483,38.75342199999999],[-121.24666599999999,38.75344],[-121.246938,38.753461],[-121.24699599999997,38.75346499999999],[-121.24705400000002,38.753466999999986],[-121.247112,38.753468999999996],[-121.24716999999997,38.75346999999999],[-121.24722800000002,38.75347099999999],[-121.24723099999999,38.75347099999999],[-121.24728499999999,38.75346999999999],[-121.24734299999999,38.753468999999996],[-121.247401,38.753466999999986],[-121.24745899999999,38.75346400000001],[-121.24751699999999,38.753461],[-121.24755199999998,38.753458],[-121.24757399999996,38.753456],[-121.247632,38.753451],[-121.24768899999998,38.753445000000006],[-121.247731,38.75344],[-121.24774700000002,38.753439],[-121.247851,38.753423999999995],[-121.24796999999998,38.753406],[-121.24808799999998,38.753384999999994],[-121.248206,38.753363],[-121.24830600000001,38.753343],[-121.248317,38.75334099999999],[-121.248323,38.75334],[-121.24844,38.75331500000001],[-121.24855600000001,38.753288],[-121.24867199999998,38.75325899999999],[-121.24882200000002,38.75322],[-121.24887599999997,38.753205],[-121.248929,38.753189],[-121.24898200000001,38.753173],[-121.24903500000002,38.753155],[-121.249088,38.753137],[-121.24913999999997,38.753119],[-121.249191,38.753099],[-121.249242,38.753079],[-121.24929299999997,38.753058],[-121.24934299999997,38.753037],[-121.24939300000001,38.753015],[-121.249442,38.75299199999999],[-121.249491,38.752968],[-121.249539,38.75294399999999],[-121.24962100000002,38.752901],[-121.24965999999999,38.752879],[-121.24971799999997,38.752847],[-121.24981399999999,38.752791],[-121.249908,38.752735],[-121.250001,38.75267699999999],[-121.25009299999998,38.752616999999994],[-121.25018399999998,38.752556999999996],[-121.250273,38.752495],[-121.25030799999999,38.752469999999995],[-121.250358,38.75243499999999],[-121.250367,38.752428],[-121.25085199999998,38.752074],[-121.25093399999999,38.752014],[-121.251115,38.75187499999999],[-121.25130300000001,38.75173199999999],[-121.251469,38.751915999999994],[-121.25166600000001,38.752159],[-121.25184699999998,38.752409],[-121.25196300000002,38.752592],[-121.252011,38.752666],[-121.25219200000001,38.752987],[-121.252379,38.753288999999995],[-121.25258700000002,38.75358200000001],[-121.25281299999999,38.75386699999999],[-121.253058,38.754142],[-121.253322,38.754405999999996],[-121.25350699999998,38.754576],[-121.25379799999997,38.754822],[-121.254078,38.755033999999995],[-121.254106,38.755055],[-121.254429,38.755275],[-121.254766,38.755482],[-121.254998,38.755612000000006],[-121.255357,38.75579499999999],[-121.255666,38.755934999999994],[-121.25572699999996,38.755963],[-121.257736,38.756766],[-121.258427,38.757042000000006],[-121.25866099999999,38.757135],[-121.25888400000001,38.757224],[-121.25900799999998,38.757274],[-121.25936100000001,38.757421],[-121.25959399999999,38.75751900000001],[-121.25992300000001,38.757616999999996],[-121.26014200000002,38.75768299999999],[-121.26028499999997,38.75774299999999],[-121.26088300000002,38.75793699999999],[-121.26105099999997,38.757983],[-121.261243,38.758028],[-121.26130699999999,38.758042],[-121.26149599999998,38.75807499999999],[-121.26160399999999,38.758092000000005],[-121.26161600000002,38.758094],[-121.26166999999998,38.758101],[-121.261723,38.75810799999999],[-121.261959,38.758134],[-121.26215000000002,38.758149],[-121.262203,38.75815200000001],[-121.26224199999997,38.758154],[-121.26229799999997,38.758157],[-121.262489,38.758163],[-121.262585,38.758163],[-121.26340900000001,38.75818],[-121.26363600000002,38.758172],[-121.26397699999997,38.75816700000001],[-121.26481399999999,38.758156],[-121.265497,38.758147],[-121.26603499999999,38.75813999999999],[-121.265963,38.758317],[-121.265884,38.758561],[-121.265879,38.758575],[-121.26581299999997,38.758862],[-121.26578399999998,38.75906299999999],[-121.265773,38.75926599999999],[-121.265776,38.7594],[-121.265769,38.760466],[-121.265749,38.763664],[-121.26574299999997,38.76473099999998],[-121.265742,38.764868],[-121.26573900000001,38.765280999999995],[-121.26574,38.765418999999994],[-121.266368,38.76594899999999],[-121.268254,38.767541],[-121.26888299999997,38.76807199999999],[-121.269136,38.76827999999999],[-121.269896,38.768904],[-121.27014999999997,38.769112],[-121.27034700000002,38.768881],[-121.270377,38.76884199999999],[-121.270397,38.768818],[-121.27054000000001,38.768626],[-121.27067,38.76842799999999],[-121.270787,38.768224999999994],[-121.27089,38.76801699999999],[-121.27092299999997,38.767937],[-121.27097899999997,38.76780599999999],[-121.27104900000002,38.76760699999999],[-121.27106800000001,38.76754],[-121.27112700000002,38.767276],[-121.27115500000001,38.767076],[-121.27117099999998,38.766876],[-121.27117099999998,38.766793],[-121.271352,38.76680000000001],[-121.27156999999998,38.766845999999994],[-121.27169800000001,38.766878],[-121.27178899999998,38.766915],[-121.27186899999998,38.766971],[-121.271991,38.76704500000001],[-121.27206599999997,38.767106999999996],[-121.272193,38.767188999999995],[-121.27225999999997,38.767239999999994],[-121.27243300000002,38.76730599999999],[-121.27251599999998,38.767325],[-121.272582,38.76733600000001],[-121.27275,38.76733600000001],[-121.27312299999997,38.76734400000001],[-121.273586,38.767338],[-121.27403,38.76733600000001],[-121.27461799999998,38.767333],[-121.276153,38.767356],[-121.27646399999998,38.767255999999996],[-121.27661300000001,38.767168],[-121.27671199999999,38.767069],[-121.27696800000001,38.766916],[-121.27705800000001,38.766867],[-121.27719300000001,38.76681099999999],[-121.27733499999998,38.76676799999999],[-121.27827499999997,38.766591000000005],[-121.278437,38.766558999999994],[-121.278612,38.76654299999999],[-121.278708,38.766544],[-121.27876599999999,38.766545],[-121.278918,38.766560999999996],[-121.27906599999999,38.766592],[-121.279182,38.766627],[-121.279327,38.766664],[-121.279475,38.76668999999999],[-121.27965099999999,38.766704000000004],[-121.280003,38.76669900000001],[-121.280441,38.766693],[-121.28061999999997,38.76668999999999],[-121.28077,38.76668800000001],[-121.28097299999999,38.766692000000006],[-121.28115700000001,38.76670899999999],[-121.281334,38.766739],[-121.28136999999998,38.76674599999999],[-121.28162199999998,38.76681099999999],[-121.28205700000001,38.766923999999996],[-121.28219899999998,38.76694799999999],[-121.28237,38.76696200000001],[-121.28249599999998,38.766961],[-121.282794,38.76695899999999],[-121.28315499999997,38.76695599999999],[-121.283518,38.766952999999994],[-121.283639,38.76695599999999],[-121.283791,38.766968],[-121.28397000000001,38.76699599999999],[-121.284145,38.767039],[-121.28422700000002,38.76706699999999],[-121.284313,38.767096],[-121.28456199999997,38.767205],[-121.28489799999998,38.76736999999999],[-121.28502699999997,38.767416999999995],[-121.28516499999998,38.767447],[-121.28518099999997,38.76744899999999],[-121.28532900000002,38.767468],[-121.285496,38.767473],[-121.28633200000002,38.76741799999999],[-121.28649800000001,38.767419999999994],[-121.286689,38.767439],[-121.287177,38.767534999999995],[-121.287835,38.767666000000006],[-121.28829799999997,38.767757],[-121.288622,38.76782099999999],[-121.288812,38.76784899999999],[-121.28897700000002,38.767859],[-121.28917000000001,38.767852999999995],[-121.289361,38.767828],[-121.28952,38.767793999999995],[-121.28969899999997,38.767737],[-121.290129,38.767551999999995],[-121.29044500000002,38.767415],[-121.290477,38.767404],[-121.29059200000002,38.767365999999996],[-121.290744,38.767329],[-121.29090099999999,38.767305],[-121.29106099999998,38.767293],[-121.29122100000001,38.767295],[-121.29137900000002,38.76731],[-121.29153599999998,38.767337],[-121.291594,38.767353],[-121.29195999999997,38.767452999999996],[-121.29227999999999,38.767543999999994],[-121.292442,38.76759],[-121.29277900000001,38.767701],[-121.29295599999998,38.767754],[-121.29324099999998,38.767813999999994],[-121.293567,38.767883],[-121.29377599999998,38.767924],[-121.294012,38.767971],[-121.29438,38.768018999999995],[-121.29440899999999,38.768024],[-121.29461899999998,38.768066999999995],[-121.29481,38.76812],[-121.294991,38.768185],[-121.295236,38.76827299999999],[-121.29536600000002,38.768308],[-121.29551599999999,38.768328000000004],[-121.295855,38.768334],[-121.29599999999999,38.768348],[-121.296142,38.768373],[-121.29652799999997,38.76844199999999],[-121.296754,38.768482999999996],[-121.297435,38.768607],[-121.29766199999997,38.768649],[-121.29806,38.768721],[-121.298478,38.768798000000004],[-121.29863499999999,38.76883899999999],[-121.29881000000002,38.76890199999999],[-121.29895100000002,38.76896899999999],[-121.29910799999999,38.769065],[-121.299143,38.76909],[-121.29918699999998,38.76912699999999],[-121.299274,38.7692],[-121.29948000000002,38.769406],[-121.29956400000002,38.76949],[-121.29959,38.76946],[-121.29972599999999,38.769389],[-121.29979899999998,38.769352],[-121.30003200000002,38.769321999999995],[-121.300268,38.769369],[-121.30028699999998,38.76938],[-121.300472,38.76944399999999],[-121.300782,38.76952699999999],[-121.300925,38.769566],[-121.301297,38.769586],[-121.30135099999998,38.76958799999999],[-121.30140800000001,38.769594999999995],[-121.30176199999998,38.769628],[-121.30188,38.76964],[-121.3021,38.76965],[-121.302115,38.769722],[-121.302187,38.770017],[-121.30227200000002,38.77031],[-121.30237,38.770601000000006],[-121.302493,38.770921],[-121.30258799999999,38.771165],[-121.30372499999999,38.773681],[-121.30375000000001,38.773773],[-121.30376,38.773809],[-121.30379100000002,38.773887],[-121.303421,38.77385699999999],[-121.30308599999998,38.77391299999999],[-121.30275300000001,38.773978],[-121.30226000000002,38.774093],[-121.30177600000002,38.774228],[-121.301458,38.774329],[-121.301145,38.77443800000001],[-121.30083700000002,38.77455599999999],[-121.299841,38.77496500000001],[-121.299509,38.77508699999999],[-121.29917000000002,38.775195000000004],[-121.298824,38.77529],[-121.298472,38.775369000000005],[-121.29811399999998,38.775434999999995],[-121.29775300000001,38.775486],[-121.29751000000002,38.775511],[-121.29726700000002,38.775529999999996],[-121.296927,38.775545],[-121.294444,38.775607],[-121.293928,38.77562],[-121.29361699999998,38.775633],[-121.293341,38.775655],[-121.293251,38.775662999999994],[-121.29289299999998,38.775707],[-121.29265200000002,38.77574499999999],[-121.292519,38.775769999999994],[-121.29229399999997,38.77581399999999],[-121.292248,38.775825],[-121.29194100000001,38.775897],[-121.291726,38.775957],[-121.291594,38.77599500000001],[-121.29125400000001,38.776108],[-121.29092299999998,38.776233],[-121.290602,38.776372],[-121.29028999999998,38.776524],[-121.29023000000001,38.77655599999999],[-121.289988,38.776688],[-121.28976399999999,38.776823],[-121.289669,38.776884],[-121.289398,38.777069],[-121.289129,38.77727300000001],[-121.28888,38.777484],[-121.28864399999999,38.77770499999999],[-121.288496,38.777857999999995],[-121.28841599999998,38.777947],[-121.288286,38.778094],[-121.28813300000002,38.778285],[-121.2883,38.77835499999998],[-121.28851200000001,38.778451],[-121.28882199999995,38.778606],[-121.28912099999997,38.77877199999999],[-121.28936800000001,38.778923],[-121.291496,38.780222],[-121.29180299999999,38.78042099999999],[-121.29207300000002,38.780616],[-121.29232899999998,38.780820999999996],[-121.292512,38.780982],[-121.29257199999998,38.781037000000005],[-121.29279999999999,38.781263],[-121.292807,38.781271],[-121.29298500000002,38.78146699999999],[-121.293119,38.781627],[-121.29330700000001,38.781874],[-121.29347799999998,38.782129],[-121.29363100000002,38.78239],[-121.29371800000001,38.78255599999999],[-121.293843,38.78282699999999],[-121.294059,38.78337],[-121.294443,38.784330999999995],[-121.294513,38.7845],[-121.294617,38.784716],[-121.294778,38.784994999999995],[-121.294915,38.78519899999999],[-121.295065,38.785396],[-121.295228,38.78558799999999],[-121.295465,38.78583199999999],[-121.295723,38.786063],[-121.29593,38.786226],[-121.296148,38.78638099999999],[-121.296375,38.786525999999995],[-121.296612,38.786662],[-121.29690899999997,38.786812999999995],[-121.297164,38.78692699999999],[-121.29736900000002,38.787007],[-121.29742699999997,38.787029999999994],[-121.29769599999999,38.787122],[-121.29778199999997,38.78714699999999],[-121.297971,38.78720299999999],[-121.298251,38.787273],[-121.298535,38.78733100000001],[-121.29882299999998,38.78737799999999],[-121.29911399999999,38.787412],[-121.299406,38.787435],[-121.2997,38.787446],[-121.299817,38.787446],[-121.30065100000002,38.78744799999999],[-121.30064500000002,38.78789999999999],[-121.300629,38.789257],[-121.300625,38.78971000000001],[-121.30061800000001,38.790279],[-121.30059900000002,38.79198699999999],[-121.30059300000002,38.792557],[-121.30058799999999,38.792905],[-121.30058699999996,38.79305599999999],[-121.30057900000001,38.793762],[-121.30057000000001,38.794555],[-121.30056700000002,38.794834],[-121.30056399999998,38.79505499999999],[-121.300563,38.795092],[-121.300562,38.795203],[-121.300562,38.795241],[-121.300346,38.79523999999999],[-121.30031799999999,38.79523999999999],[-121.30028200000001,38.79523999999999]]],"type":"Polygon"},"id":"2","properties":{"ACS_15-19_AfAm":523.1550754919407,"ACS_15-19_AfAmP":0.027647832593649547,"ACS_15-19_AiAn":69.21940029313778,"ACS_15-19_AiAnP":0.0036581244858188743,"ACS_15-19_Asian":2211.1421002491566,"ACS_15-19_AsianP":0.11685500053874774,"ACS_15-19_Hispanic_or_Latino":2477.9124135370066,"ACS_15-19_Hispanic_or_LatinoP":0.13095334595918043,"ACS_15-19_HoPI":62.36491031601436,"ACS_15-19_Other":13709.891219886395,"ACS_15-19_OtherP":0.7245438209084223,"ACS_15-19_Total":18922.100809164498,"ACS_15-19_White":12457.241547749143,"ACS_15_19_EDU_25+_10th_grade":43.158092939378676,"ACS_15_19_EDU_25+_11th_grade":18.16337244010119,"ACS_15_19_EDU_25+_12th_grade_no_diploma":118.58166066507138,"ACS_15_19_EDU_25+_1st_grade":0,"ACS_15_19_EDU_25+_2nd_grade":0,"ACS_15_19_EDU_25+_3rd_grade":0,"ACS_15_19_EDU_25+_4th_grade":0,"ACS_15_19_EDU_25+_5th_grade":12.754113052849902,"ACS_15_19_EDU_25+_6th_grade":2.460744756262542,"ACS_15_19_EDU_25+_7th_grade":4,"ACS_15_19_EDU_25+_8th_grade":22.85364950200724,"ACS_15_19_EDU_25+_9th_grade":15.791448106166579,"ACS_15_19_EDU_25+_Associates_degree":1408.1381610631624,"ACS_15_19_EDU_25+_Bachelors_degree":4342.4242633173835,"ACS_15_19_EDU_25+_Doctorate_degree":171.72702611093436,"ACS_15_19_EDU_25+_GED_or_alternative_credential":80.92538536908383,"ACS_15_19_EDU_25+_Kindergarten":0,"ACS_15_19_EDU_25+_Masters_degree":1372.8782827975447,"ACS_15_19_EDU_25+_No_schooling_completed":105.86627824694618,"ACS_15_19_EDU_25+_Nursery_school":2.750991912313254,"ACS_15_19_EDU_25+_Professional_school_degree":475.77290700950243,"ACS_15_19_EDU_25+_Regular_high_school_diploma":1779.4752752554973,"ACS_15_19_EDU_25+_Some_college_1_or_more_years,_no_degree":1870.631601921804,"ACS_15_19_EDU_25+_Some_college_less_than_1_year":789.0347175550859,"CVAP_06_10_American Indian or Alaska Native Alone":20.004772155182454,"CVAP_06_10_American Indian or Alaska Native AloneP":0.0016536111126652148,"CVAP_06_10_American Indian or Alaska Native and Black or African American":0,"CVAP_06_10_American Indian or Alaska Native and White":79.7577755615467,"CVAP_06_10_Asian Alone":1278.8967293572225,"CVAP_06_10_Asian AloneP":0.10571466784081514,"CVAP_06_10_Asian and White":46.75646105244707,"CVAP_06_10_Black or African American Alone":171.5532450318355,"CVAP_06_10_Black or African American AloneP":0.01418073398676179,"CVAP_06_10_Black or African American and White":19.6407419910359,"CVAP_06_10_Hispanic or Latino":1155.584960865915,"CVAP_06_10_Hispanic or LatinoP":0.09552161444746263,"CVAP_06_10_Native Hawaiian or Other Pacific Islander Alone":39.71335481397026,"CVAP_06_10_Not Hispanic or Latino":10946.752345739074,"CVAP_06_10_Other":9491.593099512935,"CVAP_06_10_OtherP":0.7845829837249605,"CVAP_06_10_Remainder of Two or More Race Responses":10,"CVAP_06_10_Total":12097.628034767908,"CVAP_06_10_White Alone":9283.949748310528,"CVAP_15-19_American Indian or Alaska Native Alone":20,"CVAP_15-19_American Indian or Alaska Native AloneP":0.001398308047262812,"CVAP_15-19_Asian Alone":1191,"CVAP_15-19_Asian AloneP":0.08326924421450045,"CVAP_15-19_Black or African American Alone":532,"CVAP_15-19_Black or African American AloneP":0.037194994057190796,"CVAP_15-19_Hispanic or Latino":1562,"CVAP_15-19_Hispanic or LatinoP":0.10920785849122562,"CVAP_15-19_Native Hawaiian or Other Pacific Islander Alone":35,"CVAP_15-19_Other":11018,"CVAP_15-19_OtherP":0.7703279032370831,"CVAP_15-19_Total":14303,"CVAP_15-19_White Alone":10180,"CVAP_16_20_American Indian or Alaska Native and Black or African American":25,"CVAP_16_20_American Indian or Alaska Native and White":176,"CVAP_16_20_Asian and White":74,"CVAP_16_20_Black or African American and White":359,"CVAP_16_20_Not Hispanic or Latino":12745,"CVAP_16_20_Remainder of Two or More Race Responses":104,"DISTRICT":"3","Deviation10":1509.8381684406231,"Deviation10P":0.09148316580469118,"Deviation20":-97,"Deviation20P":-0.004370944484498918,"DeviationACS":-477.89919083550194,"DeviationACSP":-0.02463397890904649,"Hispanic_or_Latino":2107.8674495542155,"Hispanic_or_LatinoP":0.11701378850216927,"LF_20_AfAm":592,"LF_20_AfAmP":0.02679339217017425,"LF_20_AiAn":63,"LF_20_AiAnP":0.0028513238289205704,"LF_20_Asian":3530,"LF_20_AsianP":0.15976465263634307,"LF_20_Hispanic_or_Latino":2917,"LF_20_Hispanic_or_LatinoP":0.13202081918986197,"LF_20_HoPI":110,"LF_20_Other":15056,"LF_20_OtherP":0.6814211360036208,"LF_20_Total":22095,"LF_20_White":13313,"NH_AfAm":419.12081006922864,"NH_AfAmP":0.02326660238368901,"NH_AiAn":62.811079502537844,"NH_AiAnP":0.003486823791532658,"NH_Asian":2299.5192870987353,"NH_AsianP":0.12765293357233454,"NH_HOPI":48.54029623559018,"NH_Others":426.19018708326695,"NH_Pop":15905.970718886409,"NH_White":12453.802404820253,"Other":13187.330621718444,"OtherP":0.7320666755418072,"PPA_NH_1 Race":17689,"PPA_NH_2+ Races":1489,"PPA_NH_AsnWht_CVAP_19":134,"PPA_NH_BlkWht_CVAP_19":346,"PPA_NH_CVAP_19":12732,"PPA_NH_IndBlk_CVAP_19":0,"PPA_NH_IndWht_CVAP_19":109,"PPA_NH_Oth":81,"PPA_NH_OthMR_CVAP_19":119,"PPA_Not Hispanic":19178,"Population":18013.838168440623,"RP_LF_20_AfAm":587,"RP_LF_20_AiAn":62,"RP_LF_20_Asian":3530,"RP_LF_20_Hispanic_or_Latino":2913,"RP_LF_20_HoPI":109,"RP_LF_20_Total":22063,"RP_LF_20_White":13295,"SWDB_G18_ATGDEM01":3371.4214394,"SWDB_G18_ATGREP01":3957.4074859,"SWDB_G18_BOEDEM01":3092.7734316,"SWDB_G18_BOEREP01":4148.7275757,"SWDB_G18_CONDEM01":3622.9040592,"SWDB_G18_CONREP01":3716.65544827,"SWDB_G18_GOVDEM01":3359.936238,"SWDB_G18_GOVREP01":4107.1817288,"SWDB_G20_PRSAIP01":3,"SWDB_G20_PRSDEM01":5431,"SWDB_G20_PRSGRN01":13,"SWDB_G20_PRSLIB01":121,"SWDB_G20_PRSPAF01":0,"SWDB_G20_PRSREP01":5593,"SWDB_G20_PR_14_N":6129,"SWDB_G20_PR_14_Y":4807,"SWDB_G20_PR_15_N":6996,"SWDB_G20_PR_15_Y":4110,"SWDB_G20_PR_16_N":7708,"SWDB_G20_PR_16_Y":3243,"SWDB_G20_PR_17_N":6200,"SWDB_G20_PR_17_Y":4841,"SWDB_G20_PR_18_N":7625,"SWDB_G20_PR_18_Y":3533,"SWDB_G20_PR_19_N":5562,"SWDB_G20_PR_19_Y":5193,"SWDB_G20_PR_20_N":5874,"SWDB_G20_PR_20_Y":4856,"SWDB_G20_PR_21_N":7754,"SWDB_G20_PR_21_Y":3110,"SWDB_G20_PR_22_N":3357,"SWDB_G20_PR_22_Y":7628,"SWDB_G20_PR_23_N":7823,"SWDB_G20_PR_23_Y":3034,"SWDB_G20_PR_24_N":5135,"SWDB_G20_PR_24_Y":5674,"SWDB_G20_PR_25_N":6923,"SWDB_G20_PR_25_Y":3753,"VOT_DemPlus_Count":4860,"VOT_Dem_Count":4276,"VOT_Dem_CountP":0.320011974255351,"VOT_Eth_Afam":90,"VOT_Eth_Asian":1157,"VOT_Eth_Latin":1230,"VOT_Eth_Other":10885,"VOT_Other_Count":3973,"VOT_Other_CountP":0.2973357281844035,"VOT_RepPlus_Count":5516,"VOT_Rep_Count":5113,"VOT_Rep_CountP":0.3826522975602455,"VOT_Total_Count":13362,"color":"#d62728","index_left":420},"type":"Feature"},{"bbox":[-121.35858999999998,38.764582,-121.28813300000002,38.824675],"geometry":{"coordinates":[[[[-121.31285999999997,38.768485],[-121.31285999999997,38.76875499999999],[-121.312861,38.769818],[-121.31286200000001,38.770309],[-121.31286299999998,38.77217999999999],[-121.31286299999998,38.77225],[-121.31286299999998,38.77253699999999],[-121.31286299999998,38.77254799999999],[-121.31286299999998,38.77257],[-121.31286299999998,38.77275199999999],[-121.31286299999998,38.773399],[-121.31286200000001,38.774249],[-121.31286200000001,38.77429],[-121.31286299999998,38.774386],[-121.31286699999997,38.77448199999999],[-121.312872,38.774576999999994],[-121.312879,38.77467200000001],[-121.31288900000001,38.774767999999995],[-121.31289999999997,38.774862999999996],[-121.31291399999998,38.774958000000005],[-121.31292999999997,38.77505299999999],[-121.31294799999999,38.775147],[-121.312968,38.775241],[-121.31299,38.77533499999999],[-121.31301399999997,38.77542900000001],[-121.31306599999999,38.775605],[-121.313196,38.77601599999999],[-121.31335199999998,38.776509],[-121.31335499999997,38.776519],[-121.31355899999998,38.77716499999999],[-121.313595,38.77728499999999],[-121.313621,38.77737999999999],[-121.313645,38.77747399999999],[-121.31365899999997,38.77753800000001],[-121.31366599999998,38.777569],[-121.31367299999998,38.777604],[-121.313686,38.777665000000006],[-121.313704,38.777759999999994],[-121.313719,38.777855999999986],[-121.31373200000002,38.777952],[-121.31374299999997,38.778049],[-121.31375199999997,38.77814500000001],[-121.31375900000002,38.778240999999994],[-121.31376399999998,38.778337],[-121.313767,38.778492],[-121.313767,38.778663],[-121.313767,38.77871],[-121.31376900000001,38.78053800000001],[-121.31376900000001,38.780557],[-121.31376900000001,38.78096699999999],[-121.31398400000002,38.780961],[-121.31399600000002,38.78096],[-121.313998,38.78096],[-121.31481300000002,38.780949],[-121.31543499999998,38.780941000000006],[-121.316805,38.780925],[-121.31680900000002,38.780925],[-121.319466,38.780893999999996],[-121.321556,38.780871],[-121.32155700000001,38.780871],[-121.321991,38.780872],[-121.325101,38.780881],[-121.32623199999999,38.78088399999999],[-121.32739599999996,38.78088799999999],[-121.327413,38.78088799999999],[-121.328729,38.780892],[-121.328729,38.78090099999999],[-121.32873000000001,38.78131199999999],[-121.32873000000001,38.78134399999999],[-121.32873000000001,38.781464],[-121.32873000000001,38.781568],[-121.32873000000001,38.781693000000004],[-121.32873000000001,38.78173499999999],[-121.32890400000001,38.78173499999999],[-121.32906299999999,38.78173499999999],[-121.329221,38.78173499999999],[-121.32947800000001,38.78173499999999],[-121.329636,38.78173499999999],[-121.329794,38.78173499999999],[-121.32991800000002,38.781736],[-121.32995099999997,38.78173499999999],[-121.33010899999998,38.78173499999999],[-121.33026699999999,38.78173499999999],[-121.330358,38.78173499999999],[-121.330425,38.78173499999999],[-121.330512,38.78173499999999],[-121.33058299999998,38.78173499999999],[-121.33074100000002,38.78173499999999],[-121.33089799999998,38.78173499999999],[-121.33105599999999,38.78173499999999],[-121.331214,38.78173499999999],[-121.33137200000002,38.78173499999999],[-121.33152999999997,38.78173499999999],[-121.331664,38.78173499999999],[-121.33168799999999,38.78173499999999],[-121.331845,38.78173499999999],[-121.33200299999999,38.78173499999999],[-121.332161,38.78173499999999],[-121.332319,38.78173499999999],[-121.33247699999998,38.78173499999999],[-121.332634,38.78173499999999],[-121.33279200000001,38.78173499999999],[-121.33295,38.78173499999999],[-121.33310800000001,38.78173499999999],[-121.333266,38.78173499999999],[-121.333424,38.78173499999999],[-121.33359900000002,38.78173499999999],[-121.33377799999998,38.78173499999999],[-121.33381299999999,38.78173499999999],[-121.333859,38.78173499999999],[-121.33391499999999,38.781734],[-121.334032,38.78173300000001],[-121.334034,38.78173300000001],[-121.334034,38.781315],[-121.334034,38.781227999999984],[-121.334034,38.780970999999994],[-121.334034,38.780905],[-121.334067,38.780907],[-121.33420899999999,38.780907],[-121.33425499999998,38.780907],[-121.33443299999998,38.780907],[-121.33450899999998,38.780908],[-121.33471900000002,38.780908],[-121.334926,38.780909],[-121.33493000000001,38.780909],[-121.334982,38.780909],[-121.33514000000001,38.780909],[-121.335273,38.78090999999999],[-121.335365,38.78090999999999],[-121.33553499999996,38.780911],[-121.33558899999997,38.780911],[-121.33578600000001,38.780911],[-121.33581299999997,38.780911],[-121.335997,38.780912],[-121.33603799999999,38.780912],[-121.336207,38.780912],[-121.33626199999999,38.780913000000005],[-121.33641699999998,38.780913000000005],[-121.336487,38.780913000000005],[-121.336628,38.780913999999996],[-121.33671100000001,38.780913999999996],[-121.336838,38.780913999999996],[-121.33693600000001,38.780913999999996],[-121.337049,38.780915],[-121.33716,38.780915],[-121.33725899999999,38.780915],[-121.33738499999997,38.780916],[-121.33746899999997,38.780916],[-121.33760899999997,38.780916],[-121.33767999999999,38.780916],[-121.33783300000002,38.780916999999995],[-121.33789000000002,38.780916999999995],[-121.33805799999999,38.780916999999995],[-121.33811599999999,38.780918],[-121.33828199999998,38.780918],[-121.33828300000002,38.780918],[-121.33838500000002,38.780918],[-121.338507,38.780919],[-121.33867099999999,38.780919],[-121.33876400000001,38.780919],[-121.33888899999997,38.78092],[-121.33919600000002,38.780921],[-121.33948500000001,38.780921],[-121.339486,38.780921],[-121.339958,38.780922999999994],[-121.34006399999998,38.780922999999994],[-121.34006499999998,38.780716999999996],[-121.34006499999998,38.780674],[-121.340159,38.78071],[-121.34028999999995,38.780759999999994],[-121.34052399999999,38.780849999999994],[-121.34075999999999,38.78079],[-121.340771,38.780795],[-121.34107600000002,38.780922999999994],[-121.34254400000002,38.780976],[-121.34258299999999,38.780977],[-121.34269199999999,38.78098099999999],[-121.34277899999998,38.78098399999999],[-121.34293999999998,38.78099000000001],[-121.34307299999998,38.78090599999999],[-121.34314199999999,38.780871],[-121.34321999999997,38.780831],[-121.34343499999999,38.780758],[-121.343449,38.780753],[-121.343698,38.780705],[-121.343729,38.780699],[-121.34375,38.780695],[-121.34379800000002,38.780685999999996],[-121.34384599999997,38.78067899999999],[-121.34389500000002,38.780672],[-121.34394299999998,38.78066599999999],[-121.34399100000002,38.78065999999999],[-121.344014,38.780658],[-121.34403999999998,38.780655],[-121.344089,38.780651],[-121.34413800000002,38.780646999999995],[-121.34418699999998,38.780643999999995],[-121.34423599999997,38.78064199999999],[-121.344285,38.78064],[-121.34430399999998,38.78064],[-121.34433399999998,38.780638999999994],[-121.34438299999997,38.780638999999994],[-121.344432,38.780638999999994],[-121.34448099999999,38.780640999999996],[-121.34453,38.78064199999999],[-121.34455699999997,38.780643999999995],[-121.344579,38.78064499999999],[-121.34462800000001,38.78064799999999],[-121.344677,38.780651],[-121.344726,38.780656],[-121.344774,38.780660999999995],[-121.344807,38.78066499999999],[-121.34482299999999,38.780667],[-121.34487100000001,38.78067299999999],[-121.34491899999996,38.78068],[-121.34496799999997,38.78068799999999],[-121.34501500000002,38.780696000000006],[-121.34506299999998,38.780705],[-121.345073,38.780707],[-121.34511099999999,38.780715],[-121.345158,38.78072499999999],[-121.34532699999998,38.780761],[-121.345329,38.780761],[-121.34522199999999,38.780976],[-121.345171,38.781077],[-121.345157,38.781122999999994],[-121.345143,38.78117],[-121.34511699999999,38.781264],[-121.34510599999997,38.78130399999999],[-121.345092,38.78135799999999],[-121.345081,38.781407],[-121.345081,38.781409],[-121.345128,38.78141599999999],[-121.345211,38.781429],[-121.345296,38.781446],[-121.34529999999998,38.78144699999999],[-121.34548300000002,38.781484],[-121.345548,38.781496999999995],[-121.345653,38.78151799999999],[-121.34571799999998,38.781530999999994],[-121.34582300000001,38.78155199999999],[-121.345888,38.781565],[-121.34599300000002,38.781585],[-121.34605600000002,38.781597],[-121.34623500000001,38.781631],[-121.34625999999997,38.781636000000006],[-121.34626099999998,38.781636000000006],[-121.34632700000002,38.781668999999994],[-121.34639300000002,38.781702],[-121.346494,38.78171799999999],[-121.346737,38.781757],[-121.34674799999998,38.781717],[-121.34675700000001,38.78168599999999],[-121.346767,38.781656],[-121.34677799999997,38.781625999999996],[-121.34678899999999,38.78159599999999],[-121.346809,38.781546],[-121.34682200000002,38.78151700000001],[-121.346836,38.781487],[-121.34684999999999,38.78145799999999],[-121.34686100000002,38.781437],[-121.34686500000001,38.781429],[-121.346881,38.781400000000005],[-121.346897,38.78137099999999],[-121.346914,38.781342999999985],[-121.34693,38.781319999999994],[-121.34694599999999,38.781298],[-121.34695799999996,38.78128099999999],[-121.34695899999997,38.78128],[-121.34696299999999,38.781275],[-121.34698,38.781253],[-121.346998,38.78123099999999],[-121.347016,38.781209999999994],[-121.34703500000002,38.781189],[-121.34703500000002,38.78118800000001],[-121.34705400000001,38.781166999999996],[-121.34707399999999,38.781147],[-121.34708299999997,38.781139],[-121.35519899999998,38.78136500000001],[-121.35521800000001,38.781372999999995],[-121.35522099999999,38.78137399999999],[-121.35547699999998,38.781477],[-121.355774,38.781597],[-121.35600799999997,38.781691],[-121.35601300000002,38.781689],[-121.35622300000001,38.781611],[-121.35635299999998,38.781562],[-121.35645299999997,38.781525],[-121.357387,38.781175],[-121.357531,38.781121],[-121.35785700000001,38.78101900000001],[-121.35790799999998,38.781003],[-121.357932,38.780996],[-121.35800400000001,38.780982],[-121.358318,38.780950999999995],[-121.35856899999997,38.780947],[-121.35856899999997,38.781383999999996],[-121.35857199999995,38.78319299999999],[-121.35857300000002,38.783796],[-121.35857300000002,38.78396],[-121.35857300000002,38.784451999999995],[-121.35857399999999,38.78461699999999],[-121.358575,38.785946],[-121.358579,38.789154999999994],[-121.35858000000002,38.789936],[-121.358582,38.791266],[-121.358582,38.7913],[-121.358582,38.791404],[-121.358582,38.791439],[-121.358582,38.791486],[-121.358582,38.79163],[-121.358582,38.791678],[-121.358588,38.793645999999995],[-121.358588,38.79372099999999],[-121.35858999999998,38.794432],[-121.35858999999998,38.795319000000006],[-121.358497,38.795373],[-121.358272,38.795445],[-121.358216,38.79550499999999],[-121.357676,38.795775],[-121.35734599999999,38.795956],[-121.35705099999997,38.796126],[-121.35674300000001,38.796319],[-121.35590799999999,38.796901],[-121.355817,38.79691199999999],[-121.35561999999999,38.79701099999999],[-121.355424,38.79705],[-121.35520599999998,38.797065999999994],[-121.35463800000001,38.79705],[-121.35391499999999,38.79692899999999],[-121.35376700000002,38.796897],[-121.35356399999998,38.796868999999994],[-121.353346,38.796879999999994],[-121.35318500000001,38.796908],[-121.35272900000001,38.79706199999999],[-121.35258199999998,38.79712599999999],[-121.35258799999998,38.797142],[-121.35272099999997,38.79743299999999],[-121.35275599999999,38.797529999999995],[-121.35277099999998,38.797627],[-121.35276700000001,38.797723],[-121.352745,38.797817],[-121.35270499999999,38.797903],[-121.35264700000002,38.797976],[-121.352572,38.79804],[-121.35249999999996,38.798083],[-121.35240100000001,38.798123999999994],[-121.352315,38.798148999999995],[-121.352132,38.798188],[-121.35184199999999,38.798233],[-121.35157600000001,38.798282],[-121.35088199999998,38.79835],[-121.35070199999998,38.798372],[-121.34997500000001,38.798491],[-121.34985800000001,38.79851699999999],[-121.349578,38.798612999999996],[-121.34949899999998,38.79870099999999],[-121.34948000000001,38.798737],[-121.349463,38.798787999999995],[-121.349452,38.798861],[-121.34944299999997,38.798962999999986],[-121.34944299999997,38.799103],[-121.34944999999998,38.799304],[-121.349444,38.799429999999994],[-121.349438,38.799629],[-121.34943699999997,38.800048],[-121.34943500000001,38.80011400000001],[-121.34942600000001,38.800778],[-121.34943699999997,38.801503],[-121.34940800000001,38.801837],[-121.349398,38.801972],[-121.349376,38.802272],[-121.34937799999999,38.80246999999999],[-121.34937999999997,38.80264699999999],[-121.349374,38.804054],[-121.34948399999998,38.804449999999996],[-121.349709,38.804743],[-121.349944,38.804929],[-121.350391,38.805125],[-121.35027699999999,38.805280999999994],[-121.35012,38.80552599999999],[-121.34988500000001,38.805908],[-121.349758,38.806241],[-121.34960099999998,38.80670099999999],[-121.34948399999998,38.807151],[-121.349445,38.80763],[-121.34941699999999,38.807978999999996],[-121.349431,38.809454],[-121.34935299999997,38.809684],[-121.349352,38.809937],[-121.349352,38.809988999999995],[-121.349352,38.810006],[-121.349356,38.810089],[-121.349354,38.810305],[-121.34935900000002,38.810513],[-121.34933899999997,38.812657],[-121.34933800000002,38.81282800000001],[-121.34932699999999,38.81376099999999],[-121.349304,38.81579399999999],[-121.34929900000002,38.817238999999994],[-121.349277,38.819311],[-121.34925499999999,38.821579],[-121.349238,38.823414],[-121.34923699999999,38.82414800000001],[-121.34923600000002,38.824554],[-121.34874000000002,38.82455],[-121.34721599999996,38.824535999999995],[-121.34671199999998,38.824532],[-121.34444800000001,38.824533],[-121.34361699999997,38.824533],[-121.33847899999998,38.824537],[-121.334335,38.82453900000001],[-121.332329,38.824541],[-121.331819,38.824522],[-121.331451,38.8245],[-121.331244,38.824473999999995],[-121.33094499999999,38.824473999999995],[-121.325872,38.82459699999999],[-121.325876,38.824675],[-121.32349600000002,38.824658],[-121.321325,38.824642],[-121.316818,38.82459899999999],[-121.307681,38.824629],[-121.30746600000002,38.82463],[-121.30722000000002,38.824631999999994],[-121.30718199999998,38.824631999999994],[-121.30715100000002,38.824633],[-121.30693100000002,38.824634999999994],[-121.30301799999997,38.82465599999999],[-121.30059,38.824648],[-121.300526,38.824648],[-121.300277,38.824648],[-121.30023900000002,38.824648],[-121.300061,38.824647],[-121.30005900000002,38.824647],[-121.30006299999998,38.824274],[-121.30006500000002,38.82415699999999],[-121.300081,38.82292699999999],[-121.300131,38.819505],[-121.30016100000002,38.81729],[-121.300181,38.81584699999999],[-121.300238,38.810007999999996],[-121.300242,38.80960799999999],[-121.30026300000002,38.806537],[-121.30026399999998,38.806366],[-121.30027799999999,38.803846],[-121.300271,38.803609],[-121.300256,38.80331699999999],[-121.30021699999998,38.801795000000006],[-121.300222,38.80175],[-121.30022500000001,38.80166299999999],[-121.300224,38.80158300000001],[-121.30022299999997,38.801523],[-121.300221,38.801475],[-121.30021800000002,38.801388],[-121.30021800000002,38.801385999999994],[-121.30020999999998,38.80124899999999],[-121.300202,38.80117899999999],[-121.30020099999999,38.801164],[-121.300199,38.80115299999999],[-121.30019800000001,38.80114199999999],[-121.30018299999998,38.801036],[-121.300177,38.801014],[-121.30017599999996,38.801012],[-121.30015599999997,38.800886],[-121.300136,38.800763999999994],[-121.30013299999997,38.80074599999999],[-121.30012299999999,38.80068099999999],[-121.300074,38.80035],[-121.30002899999998,38.800019000000006],[-121.30002199999997,38.799853],[-121.30002199999997,38.799789999999994],[-121.30002199999997,38.799777],[-121.300023,38.79976],[-121.300023,38.799688],[-121.30002899999998,38.79956],[-121.30003,38.79953599999999],[-121.300031,38.79953],[-121.300031,38.799523],[-121.30004699999999,38.799358000000005],[-121.300055,38.799302],[-121.30006299999998,38.799243999999995],[-121.30006999999998,38.799193],[-121.3001,38.799029999999995],[-121.300101,38.79902400000001],[-121.30011299999998,38.79897299999999],[-121.300138,38.79886699999999],[-121.300265,38.798384],[-121.300268,38.798373],[-121.300292,38.79828500000001],[-121.300367,38.797988],[-121.300422,38.797771999999995],[-121.30043999999997,38.797700999999996],[-121.30046800000001,38.797571],[-121.30047099999999,38.79755000000001],[-121.300478,38.797509999999996],[-121.30048900000001,38.797439000000004],[-121.30050099999998,38.797337],[-121.30050399999998,38.79731199999999],[-121.30050399999998,38.797308],[-121.300505,38.797294],[-121.30051300000001,38.797175],[-121.300514,38.79711499999999],[-121.30051600000002,38.797043],[-121.300523,38.796973],[-121.300533,38.796882999999994],[-121.30054299999999,38.796722],[-121.30054299999999,38.796713],[-121.30054699999998,38.796561],[-121.30054699999998,38.796531],[-121.30055,38.79619100000001],[-121.30055,38.796189999999996],[-121.30055200000001,38.79606999999999],[-121.300557,38.79566299999999],[-121.30055799999998,38.79561699999999],[-121.300562,38.795241],[-121.300562,38.795203],[-121.300563,38.795092],[-121.30056399999998,38.79505499999999],[-121.30056700000002,38.794834],[-121.30057000000001,38.794555],[-121.30057900000001,38.793762],[-121.30058699999996,38.79305599999999],[-121.30058799999999,38.792905],[-121.30059300000002,38.792557],[-121.30059900000002,38.79198699999999],[-121.30061800000001,38.790279],[-121.300625,38.78971000000001],[-121.300629,38.789257],[-121.30064500000002,38.78789999999999],[-121.30065100000002,38.78744799999999],[-121.299817,38.787446],[-121.2997,38.787446],[-121.299406,38.787435],[-121.29911399999999,38.787412],[-121.29882299999998,38.78737799999999],[-121.298535,38.78733100000001],[-121.298251,38.787273],[-121.297971,38.78720299999999],[-121.29778199999997,38.78714699999999],[-121.29769599999999,38.787122],[-121.29742699999997,38.787029999999994],[-121.29736900000002,38.787007],[-121.297164,38.78692699999999],[-121.29690899999997,38.786812999999995],[-121.296612,38.786662],[-121.296375,38.786525999999995],[-121.296148,38.78638099999999],[-121.29593,38.786226],[-121.295723,38.786063],[-121.295465,38.78583199999999],[-121.295228,38.78558799999999],[-121.295065,38.785396],[-121.294915,38.78519899999999],[-121.294778,38.784994999999995],[-121.294617,38.784716],[-121.294513,38.7845],[-121.294443,38.784330999999995],[-121.294059,38.78337],[-121.293843,38.78282699999999],[-121.29371800000001,38.78255599999999],[-121.29363100000002,38.78239],[-121.29347799999998,38.782129],[-121.29330700000001,38.781874],[-121.293119,38.781627],[-121.29298500000002,38.78146699999999],[-121.292807,38.781271],[-121.29279999999999,38.781263],[-121.29257199999998,38.781037000000005],[-121.292512,38.780982],[-121.29232899999998,38.780820999999996],[-121.29207300000002,38.780616],[-121.29180299999999,38.78042099999999],[-121.291496,38.780222],[-121.28936800000001,38.778923],[-121.28912099999997,38.77877199999999],[-121.28882199999995,38.778606],[-121.28851200000001,38.778451],[-121.2883,38.77835499999998],[-121.28813300000002,38.778285],[-121.288286,38.778094],[-121.28841599999998,38.777947],[-121.288496,38.777857999999995],[-121.28864399999999,38.77770499999999],[-121.28888,38.777484],[-121.289129,38.77727300000001],[-121.289398,38.777069],[-121.289669,38.776884],[-121.28976399999999,38.776823],[-121.289988,38.776688],[-121.29023000000001,38.77655599999999],[-121.29028999999998,38.776524],[-121.290602,38.776372],[-121.29092299999998,38.776233],[-121.29125400000001,38.776108],[-121.291594,38.77599500000001],[-121.291726,38.775957],[-121.29194100000001,38.775897],[-121.292248,38.775825],[-121.29229399999997,38.77581399999999],[-121.292519,38.775769999999994],[-121.29265200000002,38.77574499999999],[-121.29289299999998,38.775707],[-121.293251,38.775662999999994],[-121.293341,38.775655],[-121.29361699999998,38.775633],[-121.293928,38.77562],[-121.294444,38.775607],[-121.296927,38.775545],[-121.29726700000002,38.775529999999996],[-121.29751000000002,38.775511],[-121.29775300000001,38.775486],[-121.29811399999998,38.775434999999995],[-121.298472,38.775369000000005],[-121.298824,38.77529],[-121.29917000000002,38.775195000000004],[-121.299509,38.77508699999999],[-121.299841,38.77496500000001],[-121.30083700000002,38.77455599999999],[-121.301145,38.77443800000001],[-121.301458,38.774329],[-121.30177600000002,38.774228],[-121.30226000000002,38.774093],[-121.30275300000001,38.773978],[-121.30308599999998,38.77391299999999],[-121.303421,38.77385699999999],[-121.30379100000002,38.773887],[-121.30376,38.773809],[-121.30375000000001,38.773773],[-121.30372499999999,38.773681],[-121.30258799999999,38.771165],[-121.302493,38.770921],[-121.30237,38.770601000000006],[-121.30227200000002,38.77031],[-121.302187,38.770017],[-121.302115,38.769722],[-121.3021,38.76965],[-121.30207900000002,38.76954899999999],[-121.30201699999999,38.769249],[-121.301997,38.76914899999999],[-121.30197899999997,38.769062],[-121.301925,38.768801],[-121.30190799999997,38.768713999999996],[-121.302018,38.76877199999999],[-121.302085,38.768808],[-121.30344900000001,38.768688],[-121.30342800000001,38.76865099999999],[-121.3034,38.768567000000004],[-121.303381,38.768422],[-121.30329299999998,38.76773],[-121.30360300000001,38.767651],[-121.30366999999997,38.767630000000004],[-121.303907,38.76756],[-121.30401599999999,38.767522],[-121.30425400000001,38.767438],[-121.30495000000002,38.767193],[-121.30496899999999,38.767187],[-121.30508899999998,38.767152],[-121.30521399999999,38.767126999999995],[-121.30536199999997,38.76711099999999],[-121.305415,38.76711],[-121.305511,38.767109],[-121.305639,38.767119],[-121.30578499999999,38.767144],[-121.30592600000001,38.767183],[-121.30600799999998,38.76721499999999],[-121.30606,38.767234999999985],[-121.30619099999996,38.76730299999999],[-121.306249,38.76724999999998],[-121.306304,38.76721],[-121.306333,38.767191],[-121.30642800000001,38.76714299999999],[-121.306543,38.767104],[-121.30666500000001,38.767082],[-121.306717,38.767079],[-121.306864,38.76707199999999],[-121.307411,38.767052],[-121.308922,38.766997999999994],[-121.30905400000002,38.766997999999994],[-121.30912799999997,38.766999],[-121.30933799999997,38.767018],[-121.309598,38.767061999999996],[-121.309555,38.767202],[-121.309528,38.767346999999994],[-121.30951699999999,38.767496],[-121.309521,38.767605999999994],[-121.30952299999998,38.767646],[-121.30953699999999,38.767744],[-121.309545,38.76779499999999],[-121.30957999999998,38.767932],[-121.30959299999998,38.767971],[-121.309895,38.767906],[-121.310447,38.767789],[-121.31063799999998,38.767758],[-121.31080699999997,38.767739000000006],[-121.310831,38.767737],[-121.311116,38.767723],[-121.31115999999999,38.767720999999995],[-121.31129499999999,38.767717999999995],[-121.31130799999997,38.767717999999995],[-121.31133999999999,38.76771999999999],[-121.311428,38.767726999999994],[-121.31154,38.767748999999995],[-121.31164299999999,38.76778199999999],[-121.31168199999999,38.7678],[-121.311762,38.767838999999995],[-121.31183500000002,38.767888],[-121.31193099999999,38.767976],[-121.311998,38.76806799999999],[-121.31204399999997,38.768165999999994],[-121.31206600000002,38.768262],[-121.312069,38.768485],[-121.31285999999997,38.768485]]],[[[-121.312855,38.766273],[-121.31285600000001,38.766369],[-121.31285699999998,38.766816999999996],[-121.31285699999998,38.76683799999999],[-121.31285999999997,38.768485],[-121.31285899999999,38.768241999999994],[-121.31285699999998,38.767514],[-121.31285699999998,38.767272],[-121.312855,38.766741999999994],[-121.312855,38.766273]]],[[[-121.31283800000001,38.76598499999999],[-121.31280299999997,38.765699],[-121.31281699999998,38.765794],[-121.31282900000001,38.765888999999994],[-121.31283800000001,38.76598499999999]]],[[[-121.31274899999997,38.76541399999999],[-121.31268499999999,38.76516899999999],[-121.31267600000001,38.765132],[-121.312702,38.765225],[-121.312726,38.76532],[-121.31272900000002,38.765329],[-121.31274899999997,38.76541399999999]]],[[[-121.31267600000001,38.765132],[-121.312597,38.764892999999994],[-121.31261599999998,38.764946],[-121.312617,38.764948999999994],[-121.31262199999999,38.764962],[-121.312647,38.765038999999994],[-121.31267600000001,38.765132]]],[[[-121.312474,38.764582],[-121.31251199999997,38.76467],[-121.312473,38.764582],[-121.312474,38.764582]]],[[[-121.31253100000002,38.764718],[-121.31253199999998,38.764718],[-121.31254900000002,38.76476099999999],[-121.31256800000001,38.764811],[-121.31253100000002,38.764718]]],[[[-121.31274899999997,38.76541399999999],[-121.31276899999997,38.765508],[-121.31278700000001,38.76560299999999],[-121.31280299999997,38.765698],[-121.31274899999997,38.76541399999999]]],[[[-121.31283800000001,38.76598499999999],[-121.31284599999996,38.766081],[-121.31285099999998,38.766177000000006],[-121.312855,38.766273],[-121.31283800000001,38.76598499999999]]]],"type":"MultiPolygon"},"id":"3","properties":{"ACS_15-19_AfAm":525.8133084349216,"ACS_15-19_AfAmP":0.023834514876055937,"ACS_15-19_AiAn":38.705141063881875,"ACS_15-19_AiAnP":0.0017544597020809592,"ACS_15-19_Asian":3511.4350104939535,"ACS_15-19_AsianP":0.15916932616832055,"ACS_15-19_Hispanic_or_Latino":2382.3770604378115,"ACS_15-19_Hispanic_or_LatinoP":0.10799042279168039,"ACS_15-19_HoPI":12.229771138702754,"ACS_15-19_Other":15641.377798975813,"ACS_15-19_OtherP":0.7090057361639431,"ACS_15-19_Total":22061.0031783425,"ACS_15-19_White":14439.73342696998,"ACS_15_19_EDU_25+_10th_grade":60.32163722709474,"ACS_15_19_EDU_25+_11th_grade":90.81978502946876,"ACS_15_19_EDU_25+_12th_grade_no_diploma":126.43491926196792,"ACS_15_19_EDU_25+_1st_grade":0,"ACS_15_19_EDU_25+_2nd_grade":6.601371204701274,"ACS_15_19_EDU_25+_3rd_grade":18,"ACS_15_19_EDU_25+_4th_grade":30.168762874682304,"ACS_15_19_EDU_25+_5th_grade":10.933521057786484,"ACS_15_19_EDU_25+_6th_grade":56.272526934378064,"ACS_15_19_EDU_25+_7th_grade":1.856635651322233,"ACS_15_19_EDU_25+_8th_grade":27.478412855939997,"ACS_15_19_EDU_25+_9th_grade":37.73843877191896,"ACS_15_19_EDU_25+_Associates_degree":1544.9820416051546,"ACS_15_19_EDU_25+_Bachelors_degree":4872.202822269342,"ACS_15_19_EDU_25+_Doctorate_degree":203.78946649517968,"ACS_15_19_EDU_25+_GED_or_alternative_credential":175.95920955284237,"ACS_15_19_EDU_25+_Kindergarten":0,"ACS_15_19_EDU_25+_Masters_degree":1674.9968548561014,"ACS_15_19_EDU_25+_No_schooling_completed":88.72214695738106,"ACS_15_19_EDU_25+_Nursery_school":0,"ACS_15_19_EDU_25+_Professional_school_degree":556.8719025861727,"ACS_15_19_EDU_25+_Regular_high_school_diploma":1969.196698171938,"ACS_15_19_EDU_25+_Some_college_1_or_more_years,_no_degree":2434.6517505865572,"ACS_15_19_EDU_25+_Some_college_less_than_1_year":888.4042027490037,"CVAP_06_10_American Indian or Alaska Native Alone":91.8180489980779,"CVAP_06_10_American Indian or Alaska Native AloneP":0.008985566798901822,"CVAP_06_10_American Indian or Alaska Native and Black or African American":0,"CVAP_06_10_American Indian or Alaska Native and White":56.75606689420943,"CVAP_06_10_Asian Alone":848.6577348344815,"CVAP_06_10_Asian AloneP":0.08305197996441394,"CVAP_06_10_Asian and White":70.25643987524546,"CVAP_06_10_Black or African American Alone":117.13620880244716,"CVAP_06_10_Black or African American AloneP":0.011463271549001591,"CVAP_06_10_Black or African American and White":25.085479958415156,"CVAP_06_10_Hispanic or Latino":920.4974656983961,"CVAP_06_10_Hispanic or LatinoP":0.09008241360504103,"CVAP_06_10_Native Hawaiian or Other Pacific Islander Alone":4.400188353435532,"CVAP_06_10_Not Hispanic or Latino":9302.98280949419,"CVAP_06_10_Other":8332.101158766169,"CVAP_06_10_OtherP":0.8154023348815435,"CVAP_06_10_Remainder of Two or More Race Responses":5.334333248442712,"CVAP_06_10_Total":10218.392568101493,"CVAP_06_10_White Alone":8076.0433236786885,"CVAP_15-19_American Indian or Alaska Native Alone":32,"CVAP_15-19_American Indian or Alaska Native AloneP":0.0021634777905483065,"CVAP_15-19_Asian Alone":1729,"CVAP_15-19_Asian AloneP":0.11689540937056318,"CVAP_15-19_Black or African American Alone":211,"CVAP_15-19_Black or African American AloneP":0.014265431681427895,"CVAP_15-19_Hispanic or Latino":1464,"CVAP_15-19_Hispanic or LatinoP":0.09897910891758502,"CVAP_15-19_Native Hawaiian or Other Pacific Islander Alone":0,"CVAP_15-19_Other":11387,"CVAP_15-19_OtherP":0.7698600500304239,"CVAP_15-19_Total":14791,"CVAP_15-19_White Alone":11022,"CVAP_16_20_American Indian or Alaska Native and Black or African American":0,"CVAP_16_20_American Indian or Alaska Native and White":40,"CVAP_16_20_Asian and White":161,"CVAP_16_20_Black or African American and White":10,"CVAP_16_20_Not Hispanic or Latino":13322,"CVAP_16_20_Remainder of Two or More Race Responses":110,"DISTRICT":"4","Deviation10":1090.6577992340026,"Deviation10P":0.0660844522075862,"Deviation20":-656,"Deviation20P":-0.029560201874549386,"DeviationACS":2661.0031783425,"DeviationACSP":0.1371651122856959,"Hispanic_or_Latino":1851.3859132366088,"Hispanic_or_LatinoP":0.10522432060697483,"LF_20_AfAm":591,"LF_20_AfAmP":0.027442421991084695,"LF_20_AiAn":52,"LF_20_AiAnP":0.0024145616641901933,"LF_20_Asian":3066,"LF_20_AsianP":0.14236627043090638,"LF_20_Hispanic_or_Latino":2746,"LF_20_Hispanic_or_LatinoP":0.1275074294205052,"LF_20_HoPI":62,"LF_20_Other":15133,"LF_20_OtherP":0.7026838781575037,"LF_20_Total":21536,"LF_20_White":13616,"NH_AfAm":362.8097421952631,"NH_AfAmP":0.02062044890756888,"NH_AiAn":59.44594437682352,"NH_AiAnP":0.003378636007311921,"NH_Asian":2159.59351291285,"NH_AsianP":0.12274143308469858,"NH_HOPI":48.34581081576127,"NH_Others":414.8623478129522,"NH_Pop":15743.271885997392,"NH_White":12509.63416025764,"Other":13220.868630889281,"OtherP":0.7514137974007578,"PPA_NH_1 Race":17479,"PPA_NH_2+ Races":1311,"PPA_NH_AsnWht_CVAP_19":232,"PPA_NH_BlkWht_CVAP_19":58,"PPA_NH_CVAP_19":13454,"PPA_NH_IndBlk_CVAP_19":1,"PPA_NH_IndWht_CVAP_19":39,"PPA_NH_Oth":92,"PPA_NH_OthMR_CVAP_19":110,"PPA_Not Hispanic":18790,"Population":17594.657799234003,"RP_LF_20_AfAm":591,"RP_LF_20_AiAn":51,"RP_LF_20_Asian":3066,"RP_LF_20_Hispanic_or_Latino":2742,"RP_LF_20_HoPI":62,"RP_LF_20_Total":21517,"RP_LF_20_White":13603,"SWDB_G18_ATGDEM01":4723.40480393288,"SWDB_G18_ATGREP01":5636.9280684212,"SWDB_G18_BOEDEM01":4222.19304728018,"SWDB_G18_BOEREP01":5976.1603899919,"SWDB_G18_CONDEM01":5117.1863574874,"SWDB_G18_CONREP01":5239.0104446235,"SWDB_G18_GOVDEM01":4664.91484725988,"SWDB_G18_GOVREP01":5885.1648811705,"SWDB_G20_PRSAIP01":2,"SWDB_G20_PRSDEM01":5894,"SWDB_G20_PRSGRN01":2,"SWDB_G20_PRSLIB01":94,"SWDB_G20_PRSPAF01":0,"SWDB_G20_PRSREP01":6099,"SWDB_G20_PR_14_N":6798,"SWDB_G20_PR_14_Y":4991,"SWDB_G20_PR_15_N":7707,"SWDB_G20_PR_15_Y":4316,"SWDB_G20_PR_16_N":8386,"SWDB_G20_PR_16_Y":3457,"SWDB_G20_PR_17_N":6960,"SWDB_G20_PR_17_Y":5003,"SWDB_G20_PR_18_N":8425,"SWDB_G20_PR_18_Y":3602,"SWDB_G20_PR_19_N":6128,"SWDB_G20_PR_19_Y":5571,"SWDB_G20_PR_20_N":6081,"SWDB_G20_PR_20_Y":5583,"SWDB_G20_PR_21_N":8660,"SWDB_G20_PR_21_Y":3096,"SWDB_G20_PR_22_N":3499,"SWDB_G20_PR_22_Y":8395,"SWDB_G20_PR_23_N":8753,"SWDB_G20_PR_23_Y":2998,"SWDB_G20_PR_24_N":6046,"SWDB_G20_PR_24_Y":5562,"SWDB_G20_PR_25_N":7599,"SWDB_G20_PR_25_Y":3967,"VOT_DemPlus_Count":5609,"VOT_Dem_Count":4992,"VOT_Dem_CountP":0.33295537917694923,"VOT_Eth_Afam":131,"VOT_Eth_Asian":1118,"VOT_Eth_Latin":1384,"VOT_Eth_Other":12360,"VOT_Other_Count":4178,"VOT_Other_CountP":0.2786633762422464,"VOT_RepPlus_Count":6301,"VOT_Rep_Count":5823,"VOT_Rep_CountP":0.38838124458080436,"VOT_Total_Count":14993,"color":"#9467bd","index_left":750},"type":"Feature"},{"bbox":[-121.46980599999999,38.76555799999999,-121.34923600000002,38.824554],"geometry":{"coordinates":[[[-121.357932,38.780996],[-121.35800699999996,38.780972],[-121.35831399999995,38.780945],[-121.35843599999998,38.780945],[-121.35856899999997,38.780945],[-121.35857,38.780945],[-121.35856899999997,38.780782],[-121.35856899999997,38.780781],[-121.35856800000002,38.77972499999999],[-121.358567,38.779157],[-121.358567,38.77910200000001],[-121.358567,38.779099],[-121.358567,38.778922],[-121.35856599999998,38.778472999999984],[-121.35856599999998,38.77835199999999],[-121.35856599999998,38.77828099999999],[-121.35856500000001,38.778057],[-121.358564,38.77717499999999],[-121.358564,38.776881],[-121.35856299999998,38.776669],[-121.358561,38.775670000000005],[-121.35855900000001,38.775013],[-121.358558,38.774752],[-121.358558,38.774565],[-121.358558,38.77455599999999],[-121.358557,38.774263999999995],[-121.358557,38.77418399999999],[-121.35855599999998,38.773509],[-121.35855599999998,38.77330499999999],[-121.358555,38.772204],[-121.358555,38.77217199999999],[-121.35855399999998,38.771326],[-121.35855399999998,38.771212999999996],[-121.358552,38.76949],[-121.358551,38.76894699999998],[-121.358551,38.768365],[-121.35854899999997,38.766398],[-121.35854899999997,38.76639699999999],[-121.35854899999997,38.766292],[-121.35854899999997,38.766236000000006],[-121.35865999999997,38.766234],[-121.36111,38.766271],[-121.361112,38.766271],[-121.36249800000002,38.766292],[-121.362675,38.766295],[-121.36267599999998,38.766295],[-121.36284999999998,38.766296999999994],[-121.36310200000001,38.766301],[-121.36340599999998,38.766306],[-121.363634,38.76630899999999],[-121.36386200000001,38.766312000000006],[-121.36408999999998,38.766315999999996],[-121.36431799999998,38.766319],[-121.36454599999999,38.766323],[-121.36477400000001,38.76632599999999],[-121.36500200000002,38.76632899999999],[-121.365229,38.766333],[-121.365457,38.766336],[-121.36579800000001,38.766341],[-121.36613699999998,38.76634599999999],[-121.36619099999999,38.76634699999999],[-121.36666000000001,38.766354],[-121.36691800000001,38.766358000000004],[-121.367129,38.766361],[-121.367339,38.766364],[-121.36754899999998,38.76636799999999],[-121.367726,38.76637],[-121.36776,38.76637099999999],[-121.36797,38.766374],[-121.36818099999999,38.766377000000006],[-121.36839099999997,38.76638],[-121.36860099999997,38.766383],[-121.36881200000002,38.76638599999999],[-121.369022,38.766389999999994],[-121.36923300000001,38.76639300000001],[-121.36944299999999,38.766396],[-121.36965300000001,38.766399],[-121.370012,38.766403999999994],[-121.37029899999999,38.76640900000001],[-121.37119900000002,38.766422],[-121.37157800000001,38.76642799999999],[-121.37173899999999,38.76643000000001],[-121.37202,38.766434],[-121.37225900000001,38.766438],[-121.37249,38.766441],[-121.372721,38.766445],[-121.37295300000001,38.766448],[-121.37318400000001,38.76645100000001],[-121.373414,38.76645499999999],[-121.373681,38.766459],[-121.37419899999998,38.76646699999999],[-121.37467099999998,38.766473999999995],[-121.37493100000002,38.76647799999999],[-121.37514200000001,38.76648099999999],[-121.375352,38.76648399999999],[-121.37556999999997,38.766487],[-121.37578,38.76649],[-121.37599,38.766493],[-121.376201,38.76649599999999],[-121.37657,38.766502],[-121.37681100000002,38.766504999999995],[-121.37698299999998,38.766508],[-121.37706699999998,38.766509],[-121.37706699999998,38.76650999999998],[-121.377071,38.767786],[-121.377084,38.767786],[-121.377342,38.767785],[-121.37860600000002,38.76778300000001],[-121.37923199999997,38.76778199999999],[-121.38029399999999,38.767781],[-121.380419,38.767776999999995],[-121.38054300000002,38.767765999999995],[-121.380667,38.767748999999995],[-121.380788,38.767724],[-121.380879,38.767701],[-121.38088200000001,38.7677],[-121.38090700000001,38.767693],[-121.380968,38.767672999999995],[-121.381022,38.767656],[-121.38113400000002,38.767612],[-121.381241,38.76756099999999],[-121.381344,38.767505],[-121.381442,38.767444],[-121.38153300000002,38.767376999999996],[-121.38161800000002,38.767305],[-121.38169599999998,38.767228],[-121.381948,38.766964],[-121.382025,38.766889],[-121.38210799999997,38.766819],[-121.38219700000002,38.766752999999994],[-121.382292,38.766692000000006],[-121.38239199999997,38.766636999999996],[-121.382454,38.76660799999999],[-121.382497,38.766586999999994],[-121.38260600000001,38.76654299999999],[-121.382718,38.766504999999995],[-121.38283400000002,38.76647299999999],[-121.382953,38.766448],[-121.38299900000001,38.766441],[-121.383021,38.766438],[-121.38520199999999,38.766411],[-121.38527199999999,38.76641000000001],[-121.38527199999999,38.76638],[-121.38602699999997,38.766366999999995],[-121.386517,38.766359],[-121.387658,38.76633999999999],[-121.389831,38.766304],[-121.390957,38.766285],[-121.39102,38.766284],[-121.392991,38.76625099999999],[-121.393126,38.766245],[-121.393261,38.766233],[-121.393395,38.76621299999999],[-121.393527,38.766186999999995],[-121.393603,38.766168],[-121.39365599999998,38.76615499999999],[-121.393783,38.766116],[-121.393905,38.76606999999999],[-121.39402399999999,38.76601899999999],[-121.39413899999997,38.765961],[-121.394248,38.765898],[-121.394799,38.76555799999999],[-121.39506600000001,38.765823],[-121.39538700000001,38.766142],[-121.395649,38.766403],[-121.396074,38.76682499999999],[-121.396175,38.76692499999999],[-121.397296,38.768038999999995],[-121.397454,38.76819900000001],[-121.39760600000001,38.768362999999994],[-121.397753,38.768529],[-121.39789499999998,38.768698],[-121.39803200000001,38.76887],[-121.398971,38.770082],[-121.398743,38.77019],[-121.39851399999998,38.770299],[-121.39836000000001,38.77037199999999],[-121.39819,38.770453],[-121.398037,38.77052499999999],[-121.39769899999999,38.77066599999999],[-121.39745999999998,38.77074499999999],[-121.397122,38.77082999999999],[-121.396923,38.770866],[-121.39660900000001,38.770905],[-121.39664999999997,38.771209],[-121.39666700000001,38.771348],[-121.39668799999998,38.771589],[-121.396697,38.771778999999995],[-121.39670000000001,38.772037],[-121.39670499999998,38.77248499999999],[-121.396709,38.77285],[-121.39672099999997,38.773962],[-121.396729,38.774634999999996],[-121.39673299999998,38.775282000000004],[-121.395626,38.77529],[-121.395626,38.775305],[-121.395626,38.775389000000004],[-121.395626,38.77539399999999],[-121.39564099999997,38.77539399999999],[-121.39564099999997,38.775394999999996],[-121.395642,38.775459],[-121.39564599999999,38.77659599999999],[-121.39564799999997,38.776956999999996],[-121.395649,38.777107],[-121.395649,38.77723699999999],[-121.39565199999998,38.777794],[-121.39566099999998,38.779962],[-121.39566400000001,38.780534],[-121.395665,38.780741],[-121.39566300000001,38.78132299999999],[-121.39566300000001,38.781400000000005],[-121.39565799999998,38.783732],[-121.39565700000001,38.784019],[-121.395656,38.78433400000001],[-121.395593,38.784421],[-121.39512299999998,38.78506099999999],[-121.39558800000002,38.78596699999999],[-121.39558800000002,38.785968],[-121.39565199999998,38.786094],[-121.39565100000002,38.786348],[-121.39565100000002,38.786593999999994],[-121.39565100000002,38.78666299999999],[-121.39564799999997,38.78774799999999],[-121.395713,38.788042999999995],[-121.39596100000001,38.78915799999999],[-121.39583200000001,38.78985899999999],[-121.39575199999997,38.790293999999996],[-121.39568,38.79068699999999],[-121.39565199999998,38.79083800000001],[-121.39563999999999,38.79090300000001],[-121.39563,38.795247],[-121.39563,38.795258],[-121.39563,38.79526299999999],[-121.40012199999998,38.795263999999996],[-121.400259,38.795263999999996],[-121.40033299999997,38.795263999999996],[-121.40033299999997,38.795269],[-121.40034599999997,38.795269],[-121.40258900000002,38.795269],[-121.40484399999997,38.79526299999999],[-121.40787199999998,38.795244],[-121.40951499999997,38.795233],[-121.414172,38.79520000000001],[-121.414188,38.79520000000001],[-121.41882,38.795178],[-121.432637,38.79523699999999],[-121.43266500000001,38.79523699999999],[-121.43284799999999,38.79523699999999],[-121.44166399999996,38.795166],[-121.44856700000001,38.795109999999994],[-121.45117500000002,38.79509],[-121.45127599999998,38.79509],[-121.451384,38.79508899999999],[-121.456771,38.79513699999999],[-121.45868800000001,38.79515399999999],[-121.46047400000002,38.795169],[-121.465933,38.795184],[-121.46962799999999,38.795195],[-121.46969200000001,38.795195],[-121.469798,38.795195],[-121.469798,38.79519599999999],[-121.46979700000001,38.795252],[-121.46979700000001,38.795273],[-121.46976,38.797183],[-121.46975800000001,38.797509],[-121.469736,38.801514999999995],[-121.469763,38.80414],[-121.469783,38.806125],[-121.46977899999999,38.809681999999995],[-121.46977499999997,38.813199],[-121.46977399999997,38.814057],[-121.46980599999999,38.814057],[-121.46979999999999,38.815402],[-121.469762,38.824152],[-121.469762,38.82420499999999],[-121.469762,38.82421099999999],[-121.469762,38.824268999999994],[-121.469762,38.824288],[-121.46975800000001,38.82430399999999],[-121.469672,38.824303],[-121.46956399999998,38.824301],[-121.46954100000002,38.824301],[-121.46953900000001,38.824301],[-121.46943600000002,38.8243],[-121.469292,38.824301],[-121.46912700000001,38.824302],[-121.46894199999998,38.824303],[-121.46880599999999,38.824302],[-121.468789,38.824302],[-121.46874000000001,38.824302],[-121.46852399999999,38.824301],[-121.468303,38.8243],[-121.46808299999998,38.82429799999999],[-121.467864,38.82429799999999],[-121.46764399999998,38.824297],[-121.46742299999997,38.82429599999999],[-121.467201,38.82429599999999],[-121.46697700000001,38.824294],[-121.46675199999999,38.82429299999999],[-121.466526,38.82429299999999],[-121.466298,38.82429199999999],[-121.46607100000001,38.82428999999999],[-121.465844,38.824287],[-121.465616,38.824285999999994],[-121.46538999999997,38.824285],[-121.465165,38.824284],[-121.46494,38.824283],[-121.46478399999997,38.824283],[-121.46471700000001,38.824283],[-121.464496,38.824282],[-121.46427500000001,38.824282],[-121.464054,38.82428],[-121.463833,38.82427899999999],[-121.46363899999999,38.824278],[-121.46361400000002,38.824278],[-121.46339599999999,38.82427700000001],[-121.463179,38.824275],[-121.46296300000002,38.824274],[-121.46274899999999,38.824274],[-121.46253499999997,38.824273],[-121.46232099999999,38.824273],[-121.46210500000001,38.824271],[-121.46189,38.824268999999994],[-121.461673,38.82426799999999],[-121.46145699999997,38.82426699999999],[-121.46124599999999,38.82426799999999],[-121.461242,38.82426799999999],[-121.461235,38.82426799999999],[-121.461028,38.82426699999999],[-121.460812,38.824265999999994],[-121.460596,38.824265999999994],[-121.46038,38.824265999999994],[-121.46016299999997,38.824265999999994],[-121.459947,38.824265],[-121.45973000000001,38.824265999999994],[-121.45951300000002,38.824265999999994],[-121.459296,38.824265],[-121.459079,38.82426400000001],[-121.45897699999998,38.824262999999995],[-121.45886,38.824262],[-121.45864199999997,38.82426099999999],[-121.45842400000001,38.82426099999999],[-121.45820700000002,38.82425899999999],[-121.45798899999998,38.824256],[-121.457771,38.824255],[-121.45770000000002,38.824255],[-121.457554,38.824256],[-121.45733799999998,38.824256],[-121.457122,38.824255],[-121.45690799999998,38.824254],[-121.45669400000001,38.824254],[-121.45648,38.824254],[-121.45626799999998,38.82425299999999],[-121.45621999999999,38.824252],[-121.45620099999996,38.824252],[-121.456056,38.824252],[-121.45584500000001,38.82425099999999],[-121.455635,38.82425099999999],[-121.455424,38.82425099999999],[-121.455212,38.82425],[-121.45500199999998,38.824249],[-121.45479000000002,38.824248],[-121.45457899999997,38.824248],[-121.454517,38.824248],[-121.45451499999997,38.824248],[-121.45451299999999,38.824248],[-121.454368,38.82424699999999],[-121.45415799999998,38.824246],[-121.453949,38.824246],[-121.45374000000001,38.82424399999999],[-121.453534,38.82424399999999],[-121.45333,38.82424399999999],[-121.45324700000002,38.82424399999999],[-121.45313000000002,38.82424499999999],[-121.45293500000001,38.82424399999999],[-121.45279499999998,38.824243],[-121.45274599999999,38.824243],[-121.452694,38.824243],[-121.452562,38.824243],[-121.45245299999998,38.824242],[-121.45238599999999,38.824242],[-121.452253,38.824241],[-121.45223799999997,38.824241],[-121.45221599999999,38.824241],[-121.452053,38.824241],[-121.451913,38.824241],[-121.451901,38.824241],[-121.45175999999996,38.824242],[-121.45163299999997,38.824242],[-121.451523,38.824239999999996],[-121.45143199999997,38.824243],[-121.45136199999997,38.824246],[-121.45130499999998,38.82425700000001],[-121.451301,38.824258],[-121.451288,38.824259999999995],[-121.451253,38.824265],[-121.45115199999998,38.824272],[-121.45107600000001,38.824274],[-121.450979,38.824275],[-121.450863,38.824275],[-121.45073,38.824276],[-121.45058399999999,38.824276],[-121.45042699999999,38.824276],[-121.450259,38.824276],[-121.450085,38.82427700000001],[-121.44990600000001,38.82427700000001],[-121.449723,38.824278],[-121.44958499999998,38.82427899999999],[-121.449536,38.82427899999999],[-121.44934500000001,38.82427899999999],[-121.44914799999997,38.82427899999999],[-121.44897,38.824278],[-121.44894700000002,38.824278],[-121.448742,38.824278],[-121.448532,38.824278],[-121.44831699999999,38.82427899999999],[-121.44816700000001,38.82428],[-121.4481,38.82428],[-121.44801,38.82428],[-121.44788099999997,38.82428],[-121.447661,38.82428],[-121.447438,38.82428],[-121.447278,38.824281],[-121.44721500000001,38.824282],[-121.44699099999997,38.824282],[-121.44676499999998,38.824282],[-121.44653699999998,38.824282],[-121.44632399999999,38.824284],[-121.44630800000002,38.824284],[-121.44627299999998,38.824284],[-121.44608,38.824285999999994],[-121.445854,38.824285999999994],[-121.44585299999999,38.824285999999994],[-121.445823,38.824285999999994],[-121.445794,38.824285999999994],[-121.445626,38.824287],[-121.445398,38.824287],[-121.44517099999999,38.82428899999999],[-121.44510799999999,38.82428999999999],[-121.44501500000001,38.82428999999999],[-121.44494500000002,38.824290999999995],[-121.44474700000002,38.824290999999995],[-121.44471799999998,38.824290999999995],[-121.44455299999997,38.82429199999999],[-121.444491,38.82429199999999],[-121.44426300000002,38.82429299999999],[-121.44403299999999,38.824294],[-121.44380099999997,38.82429499999999],[-121.443569,38.82429599999999],[-121.44333699999999,38.824297],[-121.443104,38.82429799999999],[-121.44287299999999,38.82429900000001],[-121.442641,38.8243],[-121.44240900000001,38.824301],[-121.44217899999997,38.824302],[-121.44194899999998,38.824302],[-121.44171799999998,38.824303],[-121.441486,38.824303],[-121.441318,38.824303],[-121.44130099999998,38.82430399999999],[-121.441286,38.82430399999999],[-121.441254,38.82430399999999],[-121.44102299999997,38.824304999999995],[-121.44079199999997,38.82430599999999],[-121.44056,38.82430599999999],[-121.440329,38.82430599999999],[-121.440095,38.82430599999999],[-121.439863,38.82430599999999],[-121.43963100000002,38.82430599999999],[-121.43939999999999,38.82430699999999],[-121.439168,38.82430699999999],[-121.438937,38.824308],[-121.43870499999997,38.824308],[-121.43847499999998,38.824309],[-121.43824700000002,38.824309],[-121.43801999999998,38.824309],[-121.43779299999998,38.824309],[-121.437568,38.82430999999999],[-121.43734300000001,38.82430999999999],[-121.43733100000001,38.82430999999999],[-121.43729799999998,38.82430999999999],[-121.43711800000001,38.82430999999999],[-121.43689399999998,38.824309],[-121.43666800000001,38.824309],[-121.43644199999999,38.82430999999999],[-121.436215,38.824310999999994],[-121.435988,38.82431199999999],[-121.43576199999997,38.824313],[-121.435535,38.824314],[-121.43545499999998,38.82431499999999],[-121.43538199999999,38.82431499999999],[-121.43531,38.824315999999996],[-121.43508500000002,38.824317],[-121.43485999999999,38.82431799999999],[-121.434637,38.824318999999996],[-121.434439,38.824318999999996],[-121.43441099999997,38.824318999999996],[-121.43418499999999,38.824318999999996],[-121.433958,38.82431999999999],[-121.433732,38.824322],[-121.433507,38.82432299999999],[-121.433283,38.82432299999999],[-121.43305799999999,38.82432299999999],[-121.43297500000001,38.82432299999999],[-121.432892,38.82432299999999],[-121.432874,38.82432299999999],[-121.43283399999999,38.82432299999999],[-121.43260899999999,38.824322],[-121.432481,38.824322],[-121.432464,38.824322],[-121.432381,38.82432099999999],[-121.43229399999997,38.824322],[-121.432153,38.82432299999999],[-121.43203199999999,38.824324000000004],[-121.43192399999998,38.824324000000004],[-121.43169599999997,38.824325],[-121.431616,38.824325],[-121.43146800000001,38.824326],[-121.43124,38.824327],[-121.43101400000002,38.824329],[-121.43078799999999,38.82433],[-121.43056300000002,38.82433],[-121.43033800000002,38.824330999999994],[-121.430115,38.824332],[-121.429893,38.824332],[-121.42967,38.824332],[-121.42944700000001,38.824332],[-121.42922199999998,38.824332],[-121.428996,38.824330999999994],[-121.428769,38.82433],[-121.428608,38.824329],[-121.42854099999998,38.824329],[-121.42831199999998,38.824329],[-121.428082,38.824329],[-121.42785200000002,38.824329],[-121.42761999999998,38.824328],[-121.42738599999997,38.824329],[-121.42715200000002,38.824329],[-121.42691900000001,38.824328],[-121.42668799999998,38.824327],[-121.42645899999997,38.824327],[-121.426234,38.824326],[-121.42618199999997,38.824325],[-121.426177,38.824287],[-121.42617200000001,38.824255],[-121.426171,38.824249],[-121.42609599999999,38.824258],[-121.425918,38.82426099999999],[-121.42342499999998,38.82430399999999],[-121.42225500000002,38.824330999999994],[-121.41915800000001,38.824403000000004],[-121.418807,38.824412],[-121.41853900000001,38.82441],[-121.41424900000001,38.824377999999996],[-121.41225400000002,38.82433499999999],[-121.409516,38.824276],[-121.40481799999999,38.824238],[-121.404812,38.824238],[-121.40085,38.824283],[-121.39885099999996,38.82430599999999],[-121.398435,38.824310999999994],[-121.398357,38.824310999999994],[-121.397857,38.824314],[-121.39746999999997,38.82434],[-121.39726899999997,38.82433899999999],[-121.397067,38.82434],[-121.39697200000002,38.82434],[-121.396866,38.82434],[-121.396842,38.82434],[-121.396666,38.82434],[-121.39646499999999,38.82434],[-121.39626399999999,38.82434],[-121.39606299999998,38.82434099999999],[-121.39586199999998,38.82434],[-121.39566099999998,38.82434],[-121.395644,38.82434],[-121.395462,38.82434],[-121.39526399999998,38.82433899999999],[-121.395065,38.82433899999999],[-121.39486700000002,38.82433899999999],[-121.394668,38.82433799999999],[-121.39446899999999,38.82433799999999],[-121.394269,38.82433799999999],[-121.394067,38.82433799999999],[-121.393861,38.82433799999999],[-121.393654,38.82433799999999],[-121.39344699999997,38.82433799999999],[-121.393241,38.82433899999999],[-121.39303599999998,38.82433799999999],[-121.392836,38.82434],[-121.39263700000001,38.824341999999994],[-121.39243599999999,38.824343],[-121.39223500000001,38.824343999999996],[-121.392032,38.824345],[-121.39182900000002,38.824345],[-121.391626,38.824345],[-121.391427,38.824345],[-121.39140399999998,38.824345],[-121.39122999999998,38.824345],[-121.39103699999998,38.82434599999999],[-121.39089299999998,38.824347],[-121.390848,38.82434799999999],[-121.39066,38.82434799999999],[-121.39047000000001,38.82434799999999],[-121.390276,38.82434899999999],[-121.39007600000001,38.82434899999999],[-121.38987399999999,38.824349999999995],[-121.389669,38.824349999999995],[-121.38946499999997,38.82435099999999],[-121.38926199999999,38.82435199999999],[-121.389059,38.82435199999999],[-121.38888100000001,38.82435099999999],[-121.38885699999999,38.82435099999999],[-121.388655,38.82435099999999],[-121.38845199999999,38.82435199999999],[-121.388248,38.824352999999995],[-121.388041,38.824355],[-121.387835,38.824356],[-121.387631,38.824355],[-121.38742800000001,38.824355],[-121.387222,38.824355],[-121.387015,38.824355],[-121.386805,38.824356],[-121.38659099999997,38.82435699999999],[-121.38637399999999,38.82435699999999],[-121.38615499999999,38.824358999999994],[-121.38593500000002,38.824358999999994],[-121.385715,38.824359999999984],[-121.385493,38.824361],[-121.38526900000001,38.824362],[-121.38504600000002,38.82436400000001],[-121.38482199999999,38.82436500000001],[-121.3846,38.824367],[-121.38438,38.824367],[-121.38415800000001,38.824368],[-121.38393699999997,38.824368],[-121.38386099999998,38.824368],[-121.38371399999998,38.824368],[-121.38349199999998,38.824368],[-121.38326899999998,38.82437],[-121.383046,38.824371],[-121.38303299999998,38.824371],[-121.38281999999998,38.824372999999994],[-121.38258800000001,38.82437399999999],[-121.382354,38.824375],[-121.38211999999999,38.824376],[-121.38188600000001,38.824377],[-121.38164899999997,38.824377999999996],[-121.38140999999999,38.82438],[-121.381259,38.824381],[-121.38117100000001,38.82438199999999],[-121.380929,38.82438199999999],[-121.38072900000002,38.82438199999999],[-121.38069000000002,38.82438199999999],[-121.38044999999998,38.82438299999999],[-121.380334,38.82438299999999],[-121.380211,38.824383999999995],[-121.379973,38.824385],[-121.379882,38.824386],[-121.379735,38.824387],[-121.379497,38.82438799999999],[-121.379263,38.82438899999999],[-121.37903000000001,38.82438899999999],[-121.37879799999999,38.82438899999999],[-121.378569,38.82438899999999],[-121.37833900000001,38.82438899999999],[-121.37811000000002,38.82438899999999],[-121.377879,38.824389999999994],[-121.37764399999998,38.824391],[-121.37740699999998,38.824392],[-121.37716999999999,38.824392],[-121.37713000000001,38.82439299999999],[-121.37703400000001,38.824394000000005],[-121.376961,38.824394999999996],[-121.376933,38.824394999999996],[-121.376696,38.824397],[-121.376458,38.824397],[-121.376427,38.824397],[-121.37621799999997,38.824397],[-121.37597899999999,38.824397],[-121.37573900000001,38.824397999999995],[-121.37549999999997,38.8244],[-121.37526,38.824400999999995],[-121.37502,38.824403000000004],[-121.37478100000001,38.824403999999994],[-121.374541,38.824403999999994],[-121.374392,38.824403000000004],[-121.374302,38.824403000000004],[-121.37418100000001,38.824403999999994],[-121.37406199999998,38.824403999999994],[-121.37382400000001,38.824403999999994],[-121.37358600000002,38.824403999999994],[-121.37334999999997,38.824403999999994],[-121.37311199999998,38.824403000000004],[-121.37287499999998,38.824403000000004],[-121.372639,38.82440499999999],[-121.37240300000002,38.82440600000001],[-121.37216999999998,38.82440600000001],[-121.37193800000001,38.82440600000001],[-121.37170600000002,38.82440600000001],[-121.371474,38.824406999999994],[-121.37124200000001,38.824408],[-121.37108200000002,38.824409],[-121.37100899999997,38.82441],[-121.370952,38.82441],[-121.370777,38.824409],[-121.37054499999999,38.824409],[-121.370313,38.82441],[-121.37007999999999,38.824411],[-121.369844,38.824413],[-121.369607,38.824414],[-121.369369,38.824415],[-121.369366,38.824415],[-121.36913100000001,38.824417000000004],[-121.36889499999997,38.82441899999999],[-121.368661,38.824419999999996],[-121.36842699999997,38.824420999999994],[-121.36819100000001,38.824420999999994],[-121.36795499999997,38.824422],[-121.367719,38.824422],[-121.367482,38.824422],[-121.36724399999997,38.82442399999999],[-121.36700599999998,38.82442699999999],[-121.36676899999998,38.824429],[-121.36653300000002,38.824431],[-121.366298,38.824431],[-121.36610299999997,38.824431],[-121.36606299999998,38.824431],[-121.365829,38.824431],[-121.36559499999997,38.824432],[-121.36536299999999,38.824433],[-121.365198,38.824434000000004],[-121.365133,38.824434000000004],[-121.36510399999999,38.824434000000004],[-121.36509200000002,38.824434000000004],[-121.364901,38.824434000000004],[-121.36467,38.824435],[-121.36443799999998,38.824436],[-121.364205,38.824436],[-121.363969,38.824439],[-121.363968,38.824439],[-121.36373299999998,38.82444],[-121.36349599999998,38.82444099999999],[-121.36326099999998,38.82444199999999],[-121.36302499999998,38.82444299999999],[-121.36278900000002,38.824445],[-121.36255599999998,38.82444699999999],[-121.36232499999998,38.824448999999994],[-121.36209099999998,38.82444999999999],[-121.36185399999998,38.824452],[-121.36161800000002,38.824453],[-121.36138199999998,38.824454],[-121.361146,38.824456],[-121.360912,38.824458],[-121.36067899999998,38.82446],[-121.360446,38.824461],[-121.36021399999997,38.824463],[-121.35998099999999,38.82446399999999],[-121.35974800000001,38.824466],[-121.35951300000002,38.824467],[-121.359278,38.824468999999986],[-121.35904399999997,38.824468999999986],[-121.35880900000001,38.82447],[-121.35857399999999,38.824470999999996],[-121.35850200000002,38.82447],[-121.35846499999997,38.82447],[-121.35834000000001,38.82447],[-121.358107,38.824470999999996],[-121.357873,38.824472],[-121.35764000000002,38.824473999999995],[-121.357631,38.824473999999995],[-121.35740700000001,38.824476],[-121.35732199999998,38.824476],[-121.357264,38.824476999999995],[-121.357177,38.824476999999995],[-121.356949,38.824476999999995],[-121.356722,38.824478],[-121.35649600000002,38.82447899999999],[-121.35627,38.824481000000006],[-121.356047,38.824482999999994],[-121.355826,38.824485],[-121.355609,38.82448699999999],[-121.35558600000002,38.82448699999999],[-121.35539400000002,38.82448899999999],[-121.35518,38.82449099999999],[-121.35496899999998,38.82449299999999],[-121.354759,38.824494],[-121.354549,38.82449499999999],[-121.354337,38.824496],[-121.354124,38.824498],[-121.35391099999998,38.8245],[-121.353698,38.824501],[-121.35348499999999,38.82450299999999],[-121.353274,38.824504999999995],[-121.353066,38.824507999999994],[-121.35295699999999,38.82451],[-121.352859,38.82451099999999],[-121.352654,38.824512999999996],[-121.35244999999998,38.82451499999999],[-121.352265,38.824515999999996],[-121.35224800000002,38.824515999999996],[-121.352168,38.824517],[-121.352049,38.824518],[-121.35202299999999,38.824518],[-121.35185200000001,38.824518999999995],[-121.35174000000002,38.824521000000004],[-121.35165699999997,38.824522],[-121.351465,38.82452399999999],[-121.35127500000002,38.82452599999999],[-121.35108900000002,38.824526999999996],[-121.35090600000001,38.824529],[-121.350727,38.824529999999996],[-121.35055400000002,38.824531],[-121.350388,38.824532],[-121.350228,38.824534],[-121.35007700000001,38.824535999999995],[-121.34993599999999,38.824537],[-121.34980799999998,38.82453900000001],[-121.34969300000002,38.82454],[-121.34959499999998,38.824543],[-121.349514,38.824545],[-121.34944999999998,38.824545],[-121.349406,38.824545],[-121.34937099999999,38.824543],[-121.34923600000002,38.824554],[-121.34923699999999,38.82414800000001],[-121.349238,38.823414],[-121.34925499999999,38.821579],[-121.349277,38.819311],[-121.34929900000002,38.817238999999994],[-121.349304,38.81579399999999],[-121.34932699999999,38.81376099999999],[-121.34933800000002,38.81282800000001],[-121.34933899999997,38.812657],[-121.34935900000002,38.810513],[-121.349354,38.810305],[-121.349356,38.810089],[-121.349352,38.810006],[-121.349352,38.809988999999995],[-121.349352,38.809937],[-121.34935299999997,38.809684],[-121.349431,38.809454],[-121.34941699999999,38.807978999999996],[-121.349445,38.80763],[-121.34948399999998,38.807151],[-121.34960099999998,38.80670099999999],[-121.349758,38.806241],[-121.34988500000001,38.805908],[-121.35012,38.80552599999999],[-121.35027699999999,38.805280999999994],[-121.350391,38.805125],[-121.349944,38.804929],[-121.349709,38.804743],[-121.34948399999998,38.804449999999996],[-121.349374,38.804054],[-121.34937999999997,38.80264699999999],[-121.34937799999999,38.80246999999999],[-121.349376,38.802272],[-121.349398,38.801972],[-121.34940800000001,38.801837],[-121.34943699999997,38.801503],[-121.34942600000001,38.800778],[-121.34943500000001,38.80011400000001],[-121.34943699999997,38.800048],[-121.349438,38.799629],[-121.349444,38.799429999999994],[-121.34944999999998,38.799304],[-121.34944299999997,38.799103],[-121.34944299999997,38.798962999999986],[-121.349452,38.798861],[-121.349463,38.798787999999995],[-121.34948000000001,38.798737],[-121.34949899999998,38.79870099999999],[-121.349578,38.798612999999996],[-121.34985800000001,38.79851699999999],[-121.34997500000001,38.798491],[-121.35070199999998,38.798372],[-121.35088199999998,38.79835],[-121.35157600000001,38.798282],[-121.35184199999999,38.798233],[-121.352132,38.798188],[-121.352315,38.798148999999995],[-121.35240100000001,38.798123999999994],[-121.35249999999996,38.798083],[-121.352572,38.79804],[-121.35264700000002,38.797976],[-121.35270499999999,38.797903],[-121.352745,38.797817],[-121.35276700000001,38.797723],[-121.35277099999998,38.797627],[-121.35275599999999,38.797529999999995],[-121.35272099999997,38.79743299999999],[-121.35258799999998,38.797142],[-121.35258199999998,38.79712599999999],[-121.35272900000001,38.79706199999999],[-121.35318500000001,38.796908],[-121.353346,38.796879999999994],[-121.35356399999998,38.796868999999994],[-121.35376700000002,38.796897],[-121.35391499999999,38.79692899999999],[-121.35463800000001,38.79705],[-121.35520599999998,38.797065999999994],[-121.355424,38.79705],[-121.35561999999999,38.79701099999999],[-121.355817,38.79691199999999],[-121.35590799999999,38.796901],[-121.35674300000001,38.796319],[-121.35705099999997,38.796126],[-121.35734599999999,38.795956],[-121.357676,38.795775],[-121.358216,38.79550499999999],[-121.358272,38.795445],[-121.358497,38.795373],[-121.35858999999998,38.795319000000006],[-121.35858999999998,38.794432],[-121.358588,38.79372099999999],[-121.358588,38.793645999999995],[-121.358582,38.791678],[-121.358582,38.79163],[-121.358582,38.791486],[-121.358582,38.791439],[-121.358582,38.791404],[-121.358582,38.7913],[-121.358582,38.791266],[-121.35858000000002,38.789936],[-121.358579,38.789154999999994],[-121.358575,38.785946],[-121.35857399999999,38.78461699999999],[-121.35857300000002,38.784451999999995],[-121.35857300000002,38.78396],[-121.35857300000002,38.783796],[-121.35857199999995,38.78319299999999],[-121.35856899999997,38.781383999999996],[-121.35856899999997,38.780947],[-121.358318,38.780950999999995],[-121.35800400000001,38.780982],[-121.357932,38.780996]]],"type":"Polygon"},"id":"4","properties":{"ACS_15-19_AfAm":380.93498603295285,"ACS_15-19_AfAmP":0.02832134413199859,"ACS_15-19_AiAn":11.502477375773,"ACS_15-19_AiAnP":0.0008551738014990694,"ACS_15-19_Asian":3187.5394657215647,"ACS_15-19_AsianP":0.23698375169777153,"ACS_15-19_Hispanic_or_Latino":1993.3116675898386,"ACS_15-19_Hispanic_or_LatinoP":0.14819658936566227,"ACS_15-19_HoPI":39.92036265709453,"ACS_15-19_Other":7888.669630831611,"ACS_15-19_OtherP":0.5864983148045676,"ACS_15-19_Total":13450.455750175968,"ACS_15-19_White":7316.25222730785,"ACS_15_19_EDU_25+_10th_grade":29.511936440185302,"ACS_15_19_EDU_25+_11th_grade":66.40185699041693,"ACS_15_19_EDU_25+_12th_grade_no_diploma":67.07258281860297,"ACS_15_19_EDU_25+_1st_grade":0,"ACS_15_19_EDU_25+_2nd_grade":21.46322650195295,"ACS_15_19_EDU_25+_3rd_grade":0,"ACS_15_19_EDU_25+_4th_grade":20.121774845580887,"ACS_15_19_EDU_25+_5th_grade":35.54846889385957,"ACS_15_19_EDU_25+_6th_grade":156.94984379553094,"ACS_15_19_EDU_25+_7th_grade":6.036532453674266,"ACS_15_19_EDU_25+_8th_grade":35.54846889385957,"ACS_15_19_EDU_25+_9th_grade":0,"ACS_15_19_EDU_25+_Associates_degree":1018.1618071863929,"ACS_15_19_EDU_25+_Bachelors_degree":2929.7304175165773,"ACS_15_19_EDU_25+_Doctorate_degree":99.93814839971841,"ACS_15_19_EDU_25+_GED_or_alternative_credential":100.60887422790445,"ACS_15_19_EDU_25+_Kindergarten":0,"ACS_15_19_EDU_25+_Masters_degree":827.0049461533745,"ACS_15_19_EDU_25+_No_schooling_completed":73.77984110046326,"ACS_15_19_EDU_25+_Nursery_school":0,"ACS_15_19_EDU_25+_Professional_school_degree":239.44912066241258,"ACS_15_19_EDU_25+_Regular_high_school_diploma":954.4428535087202,"ACS_15_19_EDU_25+_Some_college_1_or_more_years,_no_degree":1152.977698651785,"ACS_15_19_EDU_25+_Some_college_less_than_1_year":544.6293724870561,"CVAP_06_10_American Indian or Alaska Native Alone":20.298489486658234,"CVAP_06_10_American Indian or Alaska Native AloneP":0.00823045267489712,"CVAP_06_10_American Indian or Alaska Native and Black or African American":0,"CVAP_06_10_American Indian or Alaska Native and White":10.149244743329117,"CVAP_06_10_Asian Alone":226.6664659343503,"CVAP_06_10_Asian AloneP":0.09190672153635117,"CVAP_06_10_Asian and White":50.74622371664559,"CVAP_06_10_Black or African American Alone":33.83081581109706,"CVAP_06_10_Black or African American AloneP":0.013717421124828533,"CVAP_06_10_Black or African American and White":16.91540790554853,"CVAP_06_10_Hispanic or Latino":199.60181328547264,"CVAP_06_10_Hispanic or LatinoP":0.08093278463648834,"CVAP_06_10_Native Hawaiian or Other Pacific Islander Alone":0,"CVAP_06_10_Not Hispanic or Latino":2266.664659343503,"CVAP_06_10_Other":2006.1673775980553,"CVAP_06_10_OtherP":0.8134430727023318,"CVAP_06_10_Remainder of Two or More Race Responses":6.766163162219412,"CVAP_06_10_Total":2466.2664726289754,"CVAP_06_10_White Alone":1901.2918485836547,"CVAP_15-19_American Indian or Alaska Native Alone":15,"CVAP_15-19_American Indian or Alaska Native AloneP":0.0013709898546750755,"CVAP_15-19_Asian Alone":3090,"CVAP_15-19_Asian AloneP":0.28242391006306555,"CVAP_15-19_Black or African American Alone":200,"CVAP_15-19_Black or African American AloneP":0.018279864729001005,"CVAP_15-19_Hispanic or Latino":1012,"CVAP_15-19_Hispanic or LatinoP":0.0924961155287451,"CVAP_15-19_Native Hawaiian or Other Pacific Islander Alone":0,"CVAP_15-19_Other":6639,"CVAP_15-19_OtherP":0.6068001096791884,"CVAP_15-19_Total":10941,"CVAP_15-19_White Alone":6355,"CVAP_16_20_American Indian or Alaska Native and Black or African American":4,"CVAP_16_20_American Indian or Alaska Native and White":15,"CVAP_16_20_Asian and White":141,"CVAP_16_20_Black or African American and White":0,"CVAP_16_20_Not Hispanic or Latino":9928,"CVAP_16_20_Remainder of Two or More Race Responses":110,"DISTRICT":"5","Deviation10":-11025.51143537651,"Deviation10P":-0.6680508625409907,"Deviation20":1054,"Deviation20P":0.047494592645998555,"DeviationACS":-5949.544249824032,"DeviationACSP":-0.3066775386507233,"Hispanic_or_Latino":555.9730600574007,"Hispanic_or_LatinoP":0.10148292790962686,"LF_20_AfAm":729,"LF_20_AfAmP":0.031360234018755914,"LF_20_AiAn":57,"LF_20_AiAnP":0.002452034758668158,"LF_20_Asian":5777,"LF_20_AsianP":0.24851587369870085,"LF_20_Hispanic_or_Latino":3143,"LF_20_Hispanic_or_LatinoP":0.13520605695603544,"LF_20_HoPI":69,"LF_20_Other":13597,"LF_20_OtherP":0.5849178353265078,"LF_20_Total":23246,"LF_20_White":11677,"NH_AfAm":144.9898065082057,"NH_AfAmP":0.026465293264360434,"NH_AiAn":19.999271893443265,"NH_AiAnP":0.0036505090149472124,"NH_Asian":1110.9417514754612,"NH_AsianP":0.2027825263064706,"NH_HOPI":24.99417514754611,"NH_Others":124.9978156803298,"NH_Pop":4922.5155045660895,"NH_White":3372.6087022053516,"Other":3666.583946582422,"OtherP":0.6692692525195421,"PPA_NH_1 Race":18392,"PPA_NH_2+ Races":1711,"PPA_NH_AsnWht_CVAP_19":143,"PPA_NH_BlkWht_CVAP_19":0,"PPA_NH_CVAP_19":9247,"PPA_NH_IndBlk_CVAP_19":10,"PPA_NH_IndWht_CVAP_19":8,"PPA_NH_Oth":83,"PPA_NH_OthMR_CVAP_19":78,"PPA_Not Hispanic":20103,"Population":5478.48856462349,"RP_LF_20_AfAm":726,"RP_LF_20_AiAn":57,"RP_LF_20_Asian":5777,"RP_LF_20_Hispanic_or_Latino":3138,"RP_LF_20_HoPI":69,"RP_LF_20_Total":23228,"RP_LF_20_White":11668,"SWDB_G18_ATGDEM01":2780.86064009748,"SWDB_G18_ATGREP01":2859.7536821248,"SWDB_G18_BOEDEM01":2456.64432466748,"SWDB_G18_BOEREP01":3088.0850112048,"SWDB_G18_CONDEM01":2990.07428626,"SWDB_G18_CONREP01":2640.8661140048,"SWDB_G18_GOVDEM01":2704.14583422748,"SWDB_G18_GOVREP01":3028.5409027748,"SWDB_G20_PRSAIP01":8,"SWDB_G20_PRSDEM01":4646,"SWDB_G20_PRSGRN01":9,"SWDB_G20_PRSLIB01":102,"SWDB_G20_PRSPAF01":3,"SWDB_G20_PRSREP01":4217,"SWDB_G20_PR_14_N":4747,"SWDB_G20_PR_14_Y":4009,"SWDB_G20_PR_15_N":5359,"SWDB_G20_PR_15_Y":3523,"SWDB_G20_PR_16_N":5884,"SWDB_G20_PR_16_Y":2887,"SWDB_G20_PR_17_N":4878,"SWDB_G20_PR_17_Y":3992,"SWDB_G20_PR_18_N":5990,"SWDB_G20_PR_18_Y":2934,"SWDB_G20_PR_19_N":4138,"SWDB_G20_PR_19_Y":4516,"SWDB_G20_PR_20_N":4728,"SWDB_G20_PR_20_Y":3916,"SWDB_G20_PR_21_N":6133,"SWDB_G20_PR_21_Y":2559,"SWDB_G20_PR_22_N":2797,"SWDB_G20_PR_22_Y":6000,"SWDB_G20_PR_23_N":6156,"SWDB_G20_PR_23_Y":2575,"SWDB_G20_PR_24_N":3961,"SWDB_G20_PR_24_Y":4673,"SWDB_G20_PR_25_N":5427,"SWDB_G20_PR_25_Y":3129,"VOT_DemPlus_Count":6082,"VOT_Dem_Count":5458,"VOT_Dem_CountP":0.3701844818231145,"VOT_Eth_Afam":132,"VOT_Eth_Asian":1848,"VOT_Eth_Latin":1482,"VOT_Eth_Other":11282,"VOT_Other_Count":4228,"VOT_Other_CountP":0.28676071622354854,"VOT_RepPlus_Count":5434,"VOT_Rep_Count":5058,"VOT_Rep_CountP":0.34305480195333693,"VOT_Total_Count":14744,"color":"#8c564b","index_left":1336},"type":"Feature"}]}