{"type":"FeatureCollection","name":"City_Council_District","crs":{"type":"name","properties":{"name":"urn:ogc:def:crs:OGC:1.3:CRS84"}},"features":[{"type":"Feature","properties":{"OBJECTID":1,"DISTRICT":4,"CREATEDATE":"2020-06-13T20:07:49Z","LASTEDITDATE":"2026-04-11T02:07:58Z","GlobalID":"{504081C3-1F01-4717-AC7A-86D2C31880EE}","SHAPESTArea":196945606.70352188,"SHAPESTLength":60506.5785203541},"geometry":{"type":"Polygon","coordinates":[[[-121.31178516505219,38.76343910929952],[-121.31183216507709,38.763501108692026],[-121.31197416516537,38.7636881094584],[-121.31198916528932,38.76370810857146],[-121.31201816583966,38.763753109479346],[-121.31213416505894,38.76392810852297],[-121.31215816547649,38.763964109429295],[-121.3123111656045,38.764225108972745],[-121.312439165035,38.764482109018175],[-121.3124451658372,38.764493109828955],[-121.31248616553817,38.76458710902716],[-121.31252516451131,38.76467510950231],[-121.31259716598856,38.764858108648816],[-121.31268916610847,38.765137109243526],[-121.31269816628051,38.765174109291344],[-121.31276216579273,38.76541910910907],[-121.31281616481135,38.76570410965398],[-121.3128511656162,38.76599010912302],[-121.3128681666872,38.76627810885215],[-121.31286816603811,38.76674710947634],[-121.31287016562818,38.76727710946018],[-121.31287016522053,38.767519109287],[-121.3128721658719,38.76824710934459],[-121.31287316596996,38.768490109796105],[-121.31287316610116,38.76876010935999],[-121.31287416647594,38.7698231098766],[-121.31287616605985,38.772542109855074],[-121.31287616688198,38.77275711005595],[-121.31287616670208,38.773404109671674],[-121.31287616663944,38.77362010937805],[-121.31287616668376,38.77410810964329],[-121.31287616654133,38.7742601095299],[-121.31287616665084,38.774391110466304],[-121.3128921666215,38.77467710982448],[-121.31292716687857,38.774963109729796],[-121.31298116768377,38.775246110217445],[-121.31302716673261,38.7754341098255],[-121.3130641672685,38.77555410975211],[-121.3132091671295,38.77602111009422],[-121.31334116799594,38.77644111059391],[-121.3136081666714,38.777290110099464],[-121.313680167778,38.77757411041271],[-121.31370516713095,38.77771311044156],[-121.31373216788248,38.77786110977809],[-121.31376516738736,38.77815010980697],[-121.31377716736006,38.7783421107515],[-121.31378016764558,38.77866811081188],[-121.3137801676596,38.77871511043637],[-121.31378116783904,38.78041211063033],[-121.31378216779021,38.780978110306414],[-121.31378216786295,38.78126711016177],[-121.31378216738479,38.782922111033294],[-121.31378116759808,38.78313911035523],[-121.31378116806135,38.78515711054435],[-121.31378216778428,38.78817211118679],[-121.31378216866828,38.78822011167732],[-121.31378316895291,38.78962411076288],[-121.3137851694305,38.791786111447074],[-121.31378516875081,38.7925001117363],[-121.31378517022829,38.79464511162645],[-121.3137851695468,38.79536011195505],[-121.31378517006574,38.79721411143627],[-121.31378616926563,38.79734211190209],[-121.3137861702372,38.79764711129434],[-121.31378716994769,38.7994221114489],[-121.31379117026935,38.79948811183651],[-121.31381716978146,38.79970911196929],[-121.31385816977246,38.799898112329146],[-121.31391616966555,38.80008411224912],[-121.31399017038078,38.80026711129335],[-121.31408017024647,38.80044511174806],[-121.3141861702544,38.800618112208745],[-121.31430717039714,38.800784111800155],[-121.31444316986098,38.80094411205267],[-121.31459217025812,38.801096111684465],[-121.31475516993898,38.801239112208386],[-121.31479117048508,38.8012681117012],[-121.31427317029821,38.80171311225698],[-121.31371616967861,38.80219211165416],[-121.31359617061149,38.80229511256168],[-121.31347717045816,38.80239611196818],[-121.3165481714462,38.80450511210754],[-121.3172611711207,38.80499511268111],[-121.3186846124883,38.805972647747645],[-121.31881379315534,38.80606135929668],[-121.31887183968516,38.80605046884259],[-121.32042537215229,38.80715856277405],[-121.32043917524415,38.80716841907964],[-121.3204226093268,38.808482132244116],[-121.32040280874905,38.810053610877404],[-121.32040278346022,38.810054420781135],[-121.32128418660795,38.8100476023692],[-121.32137800380605,38.81004690115617],[-121.32141453889555,38.81004684002218],[-121.32407780375293,38.810042996860645],[-121.32677615507235,38.810040023682994],[-121.32724243064335,38.81003860650419],[-121.32988349476605,38.81003485928873],[-121.33043950266803,38.810034069834714],[-121.33050140809738,38.810034495335024],[-121.33069931679536,38.81003584258381],[-121.33077633511802,38.810035722772895],[-121.33086404009047,38.81003559720264],[-121.33194306906914,38.81003387212211],[-121.33269896828654,38.81003267064612],[-121.33330772796012,38.810031711952924],[-121.33344233814182,38.810031488454804],[-121.33384450003693,38.810031269457525],[-121.33413383877922,38.810030835486906],[-121.33413559444877,38.810030833881825],[-121.33419672391008,38.81003073535517],[-121.3342003388205,38.810030727931334],[-121.3342022866407,38.81003072605376],[-121.33442846289293,38.810030402250625],[-121.33465651703933,38.81003004757549],[-121.33469456176262,38.81003001768506],[-121.33488460589827,38.81002973315388],[-121.33511272895868,38.81002941985312],[-121.33518055282845,38.81002932755242],[-121.33534074800481,38.81002906363368],[-121.3353560157798,38.810029027435974],[-121.33535612106078,38.81002902803843],[-121.3355315836257,38.81002876884354],[-121.33556883811337,38.81002870737305],[-121.33570706387086,38.81002849506858],[-121.33579692721403,38.81002836438848],[-121.33588252643324,38.810028235343566],[-121.33598192190036,38.81002808556961],[-121.33598367668607,38.81002808461803],[-121.33699117485658,38.81002656544892],[-121.33719424036867,38.81002626909035],[-121.33858723691947,38.81002413240159],[-121.33881529064176,38.81002381074775],[-121.33932404266643,38.81002302621437],[-121.33976783221689,38.8100223095463],[-121.3400659725761,38.81002188954953],[-121.34023265439636,38.81002046812368],[-121.34086631859519,38.81001510795068],[-121.34118215046692,38.81001242329713],[-121.34149798204778,38.81000976661564],[-121.34165590648522,38.81000845070183],[-121.34181381361775,38.81000710770242],[-121.34196450836025,38.81000579227506],[-121.34197172174876,38.81000575076432],[-121.34217502749453,38.810004032903755],[-121.34228755239941,38.810003091244425],[-121.34259606623955,38.81000045810077],[-121.34260340183152,38.81000038978317],[-121.34280658546933,38.80999868385583],[-121.34291923331216,38.809997728550584],[-121.34301710468857,38.809996909229355],[-121.3432350650227,38.80999503900129],[-121.34371273194569,38.80999099088946],[-121.34371906981445,38.809990936771825],[-121.34372650537058,38.80999087444007],[-121.3437298212755,38.80999084649511],[-121.3439218322681,38.80998922720052],[-121.34504904722704,38.8099796625711],[-121.3452218198595,38.809978213413615],[-121.34528989105189,38.80997764293103],[-121.34545200991874,38.809976250078904],[-121.34562783550102,38.80997474200926],[-121.3457091748006,38.809974046952206],[-121.34612961634531,38.809970483437404],[-121.34615429034623,38.80997027909919],[-121.34641247427675,38.80996802592012],[-121.34672509202163,38.80996540421784],[-121.34673337601218,38.80996534097374],[-121.34682971359977,38.809964521483934],[-121.34688296462015,38.8099640678634],[-121.34692641624753,38.80996369435607],[-121.3470408723064,38.809962731491645],[-121.34711943880104,38.809962061047926],[-121.34719877823201,38.809961394895346],[-121.3473124777631,38.80996045497059],[-121.34735664968339,38.80996008535006],[-121.34750550230558,38.80995879357282],[-121.34751452162656,38.809958721360786],[-121.34767239357627,38.809957355784064],[-121.34769854175384,38.809957131938035],[-121.34783030035543,38.80995601833416],[-121.3478915642718,38.80995549734675],[-121.3479881721609,38.80995466674361],[-121.34808460457941,38.809953835075255],[-121.34814607929945,38.809953288363964],[-121.34827762607638,38.80995221356643],[-121.3483039495926,38.80995200429764],[-121.34846185697371,38.80995069345196],[-121.34847066661443,38.809950619302995],[-121.34861518299135,38.80994934365512],[-121.34861973001632,38.80994929913463],[-121.34866368959365,38.80994892919919],[-121.34876020961119,38.809948110504415],[-121.34879677489383,38.80994780134454],[-121.34881798735849,38.80994762165414],[-121.34893964907448,38.80994659022589],[-121.34908496472353,38.809944356711306],[-121.34908557898822,38.80994434642411],[-121.34925282029421,38.80994108228198],[-121.34927525104395,38.80994065876758],[-121.34927563632247,38.80994064719649],[-121.34936518853249,38.80993891987391],[-121.34936562359883,38.809829050720424],[-121.34936617678224,38.80968911015644],[-121.34944417656149,38.80945911053916],[-121.34943017690863,38.807984109706254],[-121.34945817646272,38.80763510959688],[-121.34949717559682,38.80715610999689],[-121.34961417700431,38.80670610970057],[-121.34977117685025,38.80624611011213],[-121.3498981764355,38.80591310994823],[-121.35013317660595,38.805531109427854],[-121.35029017652583,38.80528610946841],[-121.35040417697856,38.80513010954923],[-121.35047817623773,38.80503710953999],[-121.35061517708188,38.80487510912324],[-121.3507591760102,38.80471711004781],[-121.35091117720519,38.80456410918183],[-121.35106917630054,38.80441510950501],[-121.3512351762153,38.80427010913839],[-121.35140717681816,38.804131109646534],[-121.35158617598762,38.80399710881701],[-121.3517711761945,38.80386810928759],[-121.3519631767129,38.80374410974086],[-121.35216017661304,38.80362710968972],[-121.35236217660132,38.80351510870074],[-121.35239917667852,38.80349510908108],[-121.35347317721491,38.802931109453],[-121.35490917718003,38.802179109267364],[-121.35565117682522,38.801790108448884],[-121.35579017696945,38.80171510901429],[-121.35598917768833,38.80160010921906],[-121.35618317718988,38.80147910895723],[-121.35637117682626,38.801353108416976],[-121.35642717620657,38.801312108269826],[-121.35655317657739,38.801222109000065],[-121.35672917760876,38.80108510847587],[-121.35689817602376,38.80094310838281],[-121.35706017621474,38.80079610877564],[-121.35721517705183,38.800645109196395],[-121.35727217727664,38.80058410869584],[-121.35736317707124,38.80048910877257],[-121.3575041775079,38.80033010863543],[-121.35763617699695,38.8001661083122],[-121.35776117721977,38.79999810881156],[-121.35787817700407,38.7998271089447],[-121.3579861771951,38.79965310870363],[-121.35808617729006,38.79947510862664],[-121.35817817682927,38.79929510845653],[-121.3582611775528,38.79911310818739],[-121.35833517713739,38.79892810830592],[-121.35840117721503,38.798741108390224],[-121.35845717684732,38.798552108383305],[-121.35850517622268,38.79836110836443],[-121.35854317742624,38.79817010870278],[-121.35857317675946,38.797977108352185],[-121.35858917613584,38.79782310871875],[-121.35859317631585,38.79778410836545],[-121.35860417734837,38.79759010857971],[-121.35860617727714,38.797452108365924],[-121.35860317678103,38.795324108454494],[-121.35860317635422,38.794437107490076],[-121.35860117636557,38.793726107693914],[-121.35860117644957,38.79365110801263],[-121.35859517635822,38.79168310740962],[-121.3585951759231,38.79163510779497],[-121.35859517638433,38.79149110758673],[-121.35859517657762,38.79144410818128],[-121.3585951755718,38.7914091078142],[-121.35859517667872,38.79130510831465],[-121.35859517543037,38.79127110746587],[-121.35859317580075,38.789941107306106],[-121.35859217569988,38.789160107911854],[-121.35858817547636,38.78595110735013],[-121.35858717574187,38.78462210684909],[-121.35858617452303,38.78445710697395],[-121.35858617585589,38.78396510739517],[-121.35858617513495,38.78380110706714],[-121.35858517509459,38.783198107084154],[-121.35858217419832,38.781389106955444],[-121.35858217424934,38.78095210766733],[-121.35858217490613,38.780786107579125],[-121.35858117411242,38.78030010699569],[-121.35857917509107,38.77884210655695],[-121.35857917474246,38.77835710682793],[-121.35857817504488,38.778062107356824],[-121.35857717392057,38.777180106834095],[-121.35857717463674,38.77688610689215],[-121.35857117341801,38.774757105850085],[-121.35856917422025,38.773514106913865],[-121.35856717376257,38.772060106523],[-121.35856417312014,38.768370105804955],[-121.35856217228151,38.766241106248344],[-121.35711317298954,38.76624810617453],[-121.3552301724355,38.76625810610502],[-121.35364717225544,38.766265106438524],[-121.3527691717904,38.76627010565691],[-121.35132117168651,38.76627810634446],[-121.35122917194239,38.76627810566745],[-121.35116317160265,38.76627810608904],[-121.3509521718466,38.766279106049424],[-121.35086117134333,38.766280106071775],[-121.35038917216718,38.76628210616131],[-121.34897517194646,38.766290106535955],[-121.34850417180364,38.76629310614677],[-121.34821417140486,38.766294105974254],[-121.34783817106019,38.76629610679441],[-121.3474551716385,38.76630910642302],[-121.3473461708753,38.76631710624836],[-121.34709917111927,38.7663371067085],[-121.34705817113321,38.7663421064187],[-121.34674517122212,38.76638010657376],[-121.34639517135004,38.76643710747636],[-121.3460491713313,38.76650810670647],[-121.3457561706163,38.76658010660317],[-121.34553317057495,38.766643107282945],[-121.34520217087977,38.76675010686994],[-121.34487917058908,38.766869107184924],[-121.34397117141728,38.767240106547796],[-121.34377817098208,38.767319107207356],[-121.3436251711181,38.76738210728215],[-121.34327716996403,38.767515106828576],[-121.34319516982309,38.767542107792565],[-121.34299817088197,38.767608106527106],[-121.34293917134018,38.767628106965965],[-121.34287217130868,38.767646106972734],[-121.34259317028733,38.76772610708591],[-121.34249117021653,38.76774910671584],[-121.34236317068039,38.76778010685888],[-121.34188017137997,38.76775810734],[-121.341712169836,38.76772010713943],[-121.34157117050779,38.76762110702783],[-121.34142417021849,38.7676211071862],[-121.34127017017532,38.767506107161026],[-121.34116417010027,38.76734110733835],[-121.34102417014498,38.76724210741779],[-121.34087017089863,38.767215106780654],[-121.34070117028546,38.76717610677346],[-121.34068017001772,38.76713810789419],[-121.34056116980273,38.76709410710566],[-121.34004216999914,38.76706710714378],[-121.33989517022805,38.76709410759628],[-121.33985917027813,38.76713810706329],[-121.33992316961728,38.76742910714672],[-121.33995117066598,38.76750110779864],[-121.33993717016394,38.76753310698295],[-121.33990216936317,38.76755010716549],[-121.33986717027885,38.76755510757529],[-121.33982517058702,38.767544107364635],[-121.33977516973576,38.76751210733698],[-121.33959316950947,38.767374107796265],[-121.33942517045635,38.76711110786043],[-121.33941816957869,38.767089107336666],[-121.33934017032654,38.76702310677099],[-121.3390251703921,38.7668251069089],[-121.3390181701356,38.76679210748605],[-121.33906717027362,38.76673710790917],[-121.33926316954204,38.766721107598336],[-121.33945217013266,38.766682107610016],[-121.33955617010874,38.766597107642106],[-121.33960016977582,38.76656110740677],[-121.33960016967687,38.76653910759312],[-121.33959316961369,38.766512107406875],[-121.3395081695974,38.76645210682087],[-121.33936116946306,38.76638010777184],[-121.33933317076952,38.7663801076805],[-121.33899616986425,38.766347107068874],[-121.33872317048119,38.76647410760685],[-121.33861817015854,38.76662210749966],[-121.33859016984664,38.766688107350994],[-121.33857016918665,38.76676210709203],[-121.33854816906026,38.76677010697592],[-121.3383441690834,38.76674810741436],[-121.33819716991749,38.76664410772537],[-121.33811316919162,38.76653410748595],[-121.33808417012486,38.76633710737486],[-121.33813316917636,38.766188106970155],[-121.33826017003729,38.765941107791214],[-121.33826016923612,38.7658751076506],[-121.3381961696991,38.7658201067268],[-121.33802116910528,38.76580910741182],[-121.33785316970204,38.76590810704147],[-121.33767717043105,38.76600210778645],[-121.33730616973953,38.76612810778993],[-121.33709516958974,38.766101107565596],[-121.33691316985406,38.76601310740541],[-121.33661116946139,38.76568310760676],[-121.33656216889051,38.765661107815745],[-121.33641516932752,38.765502107310326],[-121.33637216915147,38.76548010741681],[-121.33621816906665,38.765519107581596],[-121.33602216941998,38.76559010743644],[-121.33585316994932,38.765661107679726],[-121.33567116978665,38.76578810752008],[-121.3355941692443,38.76596910783184],[-121.33549616922618,38.76605710767679],[-121.33543316878082,38.76606310729152],[-121.33510316942692,38.76606310806036],[-121.33506116954267,38.7660461075984],[-121.3349981688471,38.76596910736607],[-121.3348151686774,38.765821108199205],[-121.33464716828833,38.76571110729245],[-121.33447816949453,38.765513107297515],[-121.33435916913568,38.76543710710305],[-121.33407916868772,38.76537110797766],[-121.33395916905374,38.765266107888515],[-121.3339241685297,38.76501910768325],[-121.33375616804021,38.76502510722719],[-121.33362216822648,38.76511810723519],[-121.33351716837795,38.765201108118674],[-121.33338416898796,38.76538210741113],[-121.33332816861866,38.765547108160156],[-121.33325116796144,38.765678108097994],[-121.33276716849427,38.76582110779152],[-121.33274616870192,38.7658431077248],[-121.33278116838616,38.76605810841469],[-121.33272516880727,38.766118107370865],[-121.33257716836067,38.766151107803005],[-121.33238816818856,38.76613410747862],[-121.33217116862684,38.76613410791558],[-121.33177816828066,38.76609610768478],[-121.33114616886462,38.76598610759895],[-121.33102716887201,38.765893107261],[-121.33084516888167,38.76582210798442],[-121.33071816776426,38.76577810790748],[-121.3306971682984,38.765734107985146],[-121.33072516860186,38.765613108014655],[-121.33069716859974,38.76547010796235],[-121.33052216852874,38.76536010804719],[-121.33037416864238,38.76533310744285],[-121.3302481675978,38.765305107747345],[-121.33020616902776,38.76530210779051],[-121.33016316777568,38.76529710778909],[-121.33012016772314,38.765301107616274],[-121.3299961684611,38.76539910800235],[-121.32978816812988,38.765437108321784],[-121.32969616786995,38.76541110842858],[-121.32943516760669,38.76538110829409],[-121.32929616724944,38.7653911077535],[-121.32913916858448,38.7654201072588],[-121.32893816773809,38.76549610784391],[-121.32877516814737,38.76559010852667],[-121.32864216821069,38.76572510854006],[-121.32860816792387,38.765793108141665],[-121.3282381682391,38.766212107699936],[-121.32794516803766,38.76641710794959],[-121.32788916828957,38.7664321074623],[-121.32786516871549,38.766418108332736],[-121.32778616852356,38.76633210776904],[-121.32756116795596,38.76606110799144],[-121.3275171680399,38.76595810801291],[-121.32741216838343,38.765807108285436],[-121.32698516746808,38.76551010854484],[-121.32691816796658,38.765457108404235],[-121.32676116811473,38.76548110844282],[-121.32669216770091,38.76551410853744],[-121.32657316810426,38.76560110794737],[-121.32635616808189,38.76567410810424],[-121.3261511675228,38.76577410839067],[-121.32610016802619,38.76577610861048],[-121.3260091675211,38.76576110773841],[-121.3258051673337,38.765528108142455],[-121.32576616699193,38.765511107994456],[-121.3257491676254,38.76549510815866],[-121.32558216788667,38.76550910819014],[-121.32545216769728,38.765718108804535],[-121.32527216743472,38.76589010807896],[-121.32502116827568,38.76602510793043],[-121.32481516792699,38.76612010861282],[-121.32458516819648,38.76625310843175],[-121.32451216668812,38.76640210845282],[-121.3244851680144,38.76646910827184],[-121.3244001679311,38.76648810911205],[-121.32436916751628,38.766475108535964],[-121.32435016751703,38.76644910915556],[-121.32419116664927,38.76641610882204],[-121.32400216808753,38.76633510810137],[-121.32396716767057,38.766249107832785],[-121.32395616751703,38.766175107768596],[-121.3237451666572,38.765897108479614],[-121.32285416791153,38.76539910851667],[-121.32258916718496,38.765146108301394],[-121.32235816755777,38.765082108408876],[-121.3221651668646,38.76504810907886],[-121.3226321671059,38.76370310833034],[-121.3223271668722,38.76363810805576],[-121.32225316696093,38.76362310804964],[-121.32209916699564,38.76359910844613],[-121.32191216665542,38.76358510881362],[-121.32172416587156,38.76358610826672],[-121.32140016601892,38.76361610798711],[-121.32134716656755,38.76362210830794],[-121.32109116662554,38.76363910862463],[-121.32102316613593,38.76364110807859],[-121.3209191672129,38.763645108749316],[-121.32082016642826,38.763643108470625],[-121.32075316617359,38.76364310839044],[-121.32057716591208,38.76364110830209],[-121.32043516631853,38.763633108723866],[-121.32032016677712,38.76362710892415],[-121.32006516679785,38.76360210806109],[-121.31998516680277,38.76359110800226],[-121.31981216693428,38.763566109163314],[-121.31964716686079,38.763536108530445],[-121.31956416698608,38.763509108489295],[-121.31931516703436,38.763464108765504],[-121.31845516645313,38.763227108475505],[-121.31827616638287,38.763177108683855],[-121.3181901663597,38.7631541087294],[-121.31802916704069,38.76312410800563],[-121.31783816663693,38.76310510812699],[-121.3177261653051,38.763103108430236],[-121.31754116683038,38.763101108502234],[-121.31701816637509,38.7630971089175],[-121.3154491661636,38.76308710880989],[-121.3149261658574,38.76308410893516],[-121.31428416476413,38.76307910902187],[-121.31367716602008,38.76307610906863],[-121.31327116481722,38.763074109275095],[-121.31304416458723,38.763073109254066],[-121.31286016571175,38.763079109479264],[-121.31267916438681,38.76310110859387],[-121.31250216532806,38.76313710939282],[-121.3123691645043,38.76317510877403],[-121.31233016540213,38.763187108876494],[-121.31216616492934,38.76325210927072],[-121.31178516505219,38.76343910929952]]]}},{"type":"Feature","properties":{"OBJECTID":2,"DISTRICT":5,"CREATEDATE":"2020-06-13T20:07:49Z","LASTEDITDATE":"2026-05-23T00:19:19Z","GlobalID":"{3F4272FA-1CC9-4950-9ADC-67041ABB0797}","SHAPESTArea":393114781.9281455,"SHAPESTLength":135669.87001588763},"geometry":{"type":"Polygon","coordinates":[[[-121.33016316777568,38.76529710778909],[-121.33020616902776,38.76530210779051],[-121.3302481675978,38.765305107747345],[-121.33037416864238,38.76533310744285],[-121.33052216852874,38.76536010804719],[-121.33069716859974,38.76547010796235],[-121.33072516860186,38.765613108014655],[-121.3306971682984,38.765734107985146],[-121.33071816776426,38.76577810790748],[-121.33084516888167,38.76582210798442],[-121.33102716887201,38.765893107261],[-121.33114616886462,38.76598610759895],[-121.33177816828066,38.76609610768478],[-121.33217116862684,38.76613410791558],[-121.33238816818856,38.76613410747862],[-121.33257716836067,38.766151107803005],[-121.33272516880727,38.766118107370865],[-121.33278116838616,38.76605810841469],[-121.33274616870192,38.7658431077248],[-121.33276716849427,38.76582110779152],[-121.33325116796144,38.765678108097994],[-121.33332816861866,38.765547108160156],[-121.33338416898796,38.76538210741113],[-121.33351716837795,38.765201108118674],[-121.33362216822648,38.76511810723519],[-121.33375616804021,38.76502510722719],[-121.3339241685297,38.76501910768325],[-121.33395916905374,38.765266107888515],[-121.33407916868772,38.76537110797766],[-121.33435916913568,38.76543710710305],[-121.33447816949453,38.765513107297515],[-121.33464716828833,38.76571110729245],[-121.3348151686774,38.765821108199205],[-121.3349981688471,38.76596910736607],[-121.33506116954267,38.7660461075984],[-121.33510316942692,38.76606310806036],[-121.33543316878082,38.76606310729152],[-121.33549616922618,38.76605710767679],[-121.3355941692443,38.76596910783184],[-121.33567116978665,38.76578810752008],[-121.33585316994932,38.765661107679726],[-121.33602216941998,38.76559010743644],[-121.33621816906665,38.765519107581596],[-121.33637216915147,38.76548010741681],[-121.33641516932752,38.765502107310326],[-121.33656216889051,38.765661107815745],[-121.33661116946139,38.76568310760676],[-121.33691316985406,38.76601310740541],[-121.33709516958974,38.766101107565596],[-121.33730616973953,38.76612810778993],[-121.33767717043105,38.76600210778645],[-121.33785316970204,38.76590810704147],[-121.33802116910528,38.76580910741182],[-121.3381961696991,38.7658201067268],[-121.33826016923612,38.7658751076506],[-121.33826017003729,38.765941107791214],[-121.33813316917636,38.766188106970155],[-121.33808417012486,38.76633710737486],[-121.33811316919162,38.76653410748595],[-121.33819716991749,38.76664410772537],[-121.3383441690834,38.76674810741436],[-121.33854816906026,38.76677010697592],[-121.33857016918665,38.76676210709203],[-121.33859016984664,38.766688107350994],[-121.33861817015854,38.76662210749966],[-121.33872317048119,38.76647410760685],[-121.33899616986425,38.766347107068874],[-121.33933317076952,38.7663801076805],[-121.33936116946306,38.76638010777184],[-121.3395081695974,38.76645210682087],[-121.33959316961369,38.766512107406875],[-121.33960016967687,38.76653910759312],[-121.33960016977582,38.76656110740677],[-121.33955617010874,38.766597107642106],[-121.33945217013266,38.766682107610016],[-121.33926316954204,38.766721107598336],[-121.33906717027362,38.76673710790917],[-121.3390181701356,38.76679210748605],[-121.3390251703921,38.7668251069089],[-121.33934017032654,38.76702310677099],[-121.33941816957869,38.767089107336666],[-121.33942517045635,38.76711110786043],[-121.33959316950947,38.767374107796265],[-121.33977516973576,38.76751210733698],[-121.33982517058702,38.767544107364635],[-121.33986717027885,38.76755510757529],[-121.33990216936317,38.76755010716549],[-121.33993717016394,38.76753310698295],[-121.33995117066598,38.76750110779864],[-121.33992316961728,38.76742910714672],[-121.33985917027813,38.76713810706329],[-121.33989517022805,38.76709410759628],[-121.34004216999914,38.76706710714378],[-121.34056116980273,38.76709410710566],[-121.34068017001772,38.76713810789419],[-121.34070117028546,38.76717610677346],[-121.34087017089863,38.767215106780654],[-121.34102417014498,38.76724210741779],[-121.34116417010027,38.76734110733835],[-121.34127017017532,38.767506107161026],[-121.34142417021849,38.7676211071862],[-121.34157117050779,38.76762110702783],[-121.341712169836,38.76772010713943],[-121.34188017137997,38.76775810734],[-121.34236317068039,38.76778010685888],[-121.34249117021653,38.76774910671584],[-121.34259317028733,38.76772610708591],[-121.34287217130868,38.767646106972734],[-121.34293917134018,38.767628106965965],[-121.34299817088197,38.767608106527106],[-121.34319516982309,38.767542107792565],[-121.34327716996403,38.767515106828576],[-121.3436251711181,38.76738210728215],[-121.34377817098208,38.767319107207356],[-121.34397117141728,38.767240106547796],[-121.34487917058908,38.766869107184924],[-121.34520217087977,38.76675010686994],[-121.34553317057495,38.766643107282945],[-121.3457561706163,38.76658010660317],[-121.3460491713313,38.76650810670647],[-121.34639517135004,38.76643710747636],[-121.34674517122212,38.76638010657376],[-121.34705817113321,38.7663421064187],[-121.34709917111927,38.7663371067085],[-121.3473461708753,38.76631710624836],[-121.3474551716385,38.76630910642302],[-121.34783817106019,38.76629610679441],[-121.34821417140486,38.766294105974254],[-121.34850417180364,38.76629310614677],[-121.34897517194646,38.766290106535955],[-121.35038917216718,38.76628210616131],[-121.35086117134333,38.766280106071775],[-121.3509521718466,38.766279106049424],[-121.35116317160265,38.76627810608904],[-121.35122917194239,38.76627810566745],[-121.35132117168651,38.76627810634446],[-121.3527691717904,38.76627010565691],[-121.35364717225544,38.766265106438524],[-121.3552301724355,38.76625810610502],[-121.35711317298954,38.76624810617453],[-121.35856217228151,38.766241106248344],[-121.35856417312014,38.768370105804955],[-121.35856717376257,38.772060106523],[-121.35856917422025,38.773514106913865],[-121.35857117341801,38.774757105850085],[-121.35857717463674,38.77688610689215],[-121.35857717392057,38.777180106834095],[-121.35857817504488,38.778062107356824],[-121.35857917474246,38.77835710682793],[-121.35857917509107,38.77884210655695],[-121.35858117411242,38.78030010699569],[-121.35858217490613,38.780786107579125],[-121.35858217424934,38.78095210766733],[-121.35858217419832,38.781389106955444],[-121.35858517509459,38.783198107084154],[-121.35858617513495,38.78380110706714],[-121.35858617585589,38.78396510739517],[-121.35858617452303,38.78445710697395],[-121.35858717574187,38.78462210684909],[-121.35858817547636,38.78595110735013],[-121.35859217569988,38.789160107911854],[-121.35859317580075,38.789941107306106],[-121.35859517543037,38.79127110746587],[-121.35859517667872,38.79130510831465],[-121.3585951755718,38.7914091078142],[-121.35859517657762,38.79144410818128],[-121.35859517638433,38.79149110758673],[-121.3585951759231,38.79163510779497],[-121.35859517635822,38.79168310740962],[-121.35860117644957,38.79365110801263],[-121.35860117636557,38.793726107693914],[-121.35860317635422,38.794437107490076],[-121.35860317678103,38.795324108454494],[-121.35860617727714,38.797452108365924],[-121.35860417734837,38.79759010857971],[-121.35859317631585,38.79778410836545],[-121.35858917613584,38.79782310871875],[-121.35857317675946,38.797977108352185],[-121.35854317742624,38.79817010870278],[-121.35850517622268,38.79836110836443],[-121.35845717684732,38.798552108383305],[-121.35840117721503,38.798741108390224],[-121.35833517713739,38.79892810830592],[-121.3582611775528,38.79911310818739],[-121.35817817682927,38.79929510845653],[-121.35808617729006,38.79947510862664],[-121.3579861771951,38.79965310870363],[-121.35787817700407,38.7998271089447],[-121.35776117721977,38.79999810881156],[-121.35763617699695,38.8001661083122],[-121.3575041775079,38.80033010863543],[-121.35736317707124,38.80048910877257],[-121.35727217727664,38.80058410869584],[-121.35721517705183,38.800645109196395],[-121.35706017621474,38.80079610877564],[-121.35689817602376,38.80094310838281],[-121.35672917760876,38.80108510847587],[-121.35655317657739,38.801222109000065],[-121.35642717620657,38.801312108269826],[-121.35637117682626,38.801353108416976],[-121.35618317718988,38.80147910895723],[-121.35598917768833,38.80160010921906],[-121.35579017696945,38.80171510901429],[-121.35565117682522,38.801790108448884],[-121.35490917718003,38.802179109267364],[-121.35347317721491,38.802931109453],[-121.35239917667852,38.80349510908108],[-121.35236217660132,38.80351510870074],[-121.35216017661304,38.80362710968972],[-121.3519631767129,38.80374410974086],[-121.3517711761945,38.80386810928759],[-121.35158617598762,38.80399710881701],[-121.35140717681816,38.804131109646534],[-121.3512351762153,38.80427010913839],[-121.35106917630054,38.80441510950501],[-121.35091117720519,38.80456410918183],[-121.3507591760102,38.80471711004781],[-121.35061517708188,38.80487510912324],[-121.35047817623773,38.80503710953999],[-121.35040417697856,38.80513010954923],[-121.35029017652583,38.80528610946841],[-121.35013317660595,38.805531109427854],[-121.3498981764355,38.80591310994823],[-121.34977117685025,38.80624611011213],[-121.34961417700431,38.80670610970057],[-121.34949717559682,38.80715610999689],[-121.34945817646272,38.80763510959688],[-121.34943017690863,38.807984109706254],[-121.34944417656149,38.80945911053916],[-121.34936617678224,38.80968911015644],[-121.34936562359883,38.809829050720424],[-121.34936518853249,38.80993891987391],[-121.34959715164652,38.80993444367099],[-121.34969069657899,38.80993264715371],[-121.34969152153096,38.80993262431329],[-121.34974070717001,38.80993269374761],[-121.34975607869264,38.80993272488634],[-121.34975627170772,38.8099327259669],[-121.34994066070298,38.80993108013903],[-121.34998923671432,38.80993065247495],[-121.35014068603915,38.80992928878897],[-121.35019979165584,38.80992875450835],[-121.35034072903746,38.80992748346367],[-121.35041034657363,38.80992685753299],[-121.35054075435343,38.809925691424645],[-121.350620901361,38.809924973218465],[-121.35074076136043,38.80992388520923],[-121.35083145626885,38.80992307410682],[-121.3509408059577,38.80992209258916],[-121.35104201102764,38.80992118971535],[-121.35114082948242,38.80992030019336],[-121.3512525657815,38.80991930425576],[-121.35134085563527,38.80991850678139],[-121.35146312153306,38.80991740400395],[-121.35167367462878,38.80991550472862],[-121.35169566455738,38.80991531169048],[-121.35188423022639,38.80991361812886],[-121.35201214605209,38.80991246460916],[-121.35223403750412,38.8099104758617],[-121.35226855673619,38.809910160376354],[-121.35266973028494,38.80990656184386],[-121.35281071934152,38.80990528809052],[-121.35288379494196,38.80990462434122],[-121.35309787700913,38.80990270027079],[-121.35331192397115,38.80990077561032],[-121.35335290117405,38.80990041338146],[-121.35352598859316,38.809898836924155],[-121.35374005396227,38.80989691089086],[-121.3537880498863,38.80989649145377],[-121.35395411655061,38.809894999550245],[-121.35399858694105,38.809894601605045],[-121.3541681818904,38.80989307341437],[-121.35420914253974,38.80989269706175],[-121.35441218533494,38.80989086021553],[-121.35441969537665,38.809890805164635],[-121.35463025082197,38.80988891427335],[-121.3547121352622,38.8098881610231],[-121.35484080550948,38.809887008580084],[-121.35511569518607,38.80988453915609],[-121.3553122105165,38.8098827612883],[-121.35556642739098,38.80988046437223],[-121.35557630748987,38.80988038258058],[-121.35578686212679,38.80987847517233],[-121.35586897453322,38.809877735414254],[-121.35599741662801,38.80987658111135],[-121.35617143416056,38.80987497841037],[-121.35620797136671,38.80987465921077],[-121.35641850742122,38.80987276428432],[-121.35649709327765,38.80987206014641],[-121.35662906276615,38.8098708690832],[-121.35674639621425,38.809869816487335],[-121.35676226065188,38.8098696709434],[-121.35700692056295,38.80986731726067],[-121.35736186505628,38.809863901042554],[-121.35736281270867,38.809863892556166],[-121.35762427628323,38.80986153443819],[-121.35764005386044,38.80986138829394],[-121.35764135243674,38.8098613831191],[-121.35775063087176,38.809860394797305],[-121.35775364930304,38.80986036961256],[-121.35775659753466,38.80986034541252],[-121.35779650434797,38.80985997432448],[-121.3577991727015,38.80985994926232],[-121.35800163778445,38.809858129034446],[-121.35800669012127,38.80985808968555],[-121.35818221647197,38.809856505355455],[-121.35818577809476,38.80985647011793],[-121.35836883387914,38.80985481864793],[-121.35837797701714,38.80985473117386],[-121.35846032623888,38.80985399226526],[-121.35854267546516,38.809853252611845],[-121.35854428990254,38.8098532471119],[-121.35855874947258,38.80985321713065],[-121.35871977010318,38.80985288502638],[-121.35874440744743,38.809852842567444],[-121.35889523188408,38.80985252188758],[-121.3590022783151,38.809852300598685],[-121.35999019419553,38.809850240474184],[-121.36617026590936,38.809840672467246],[-121.36631064317973,38.80984045127545],[-121.37700762753069,38.80982310050758],[-121.37702166586615,38.80982307695224],[-121.37701271925496,38.81263064028979],[-121.37701078084999,38.81323829761803],[-121.37701078055525,38.813238331254006],[-121.37701050176814,38.813322320052514],[-121.37701050146138,38.81332235506147],[-121.37701026743233,38.81339702992199],[-121.37701004047217,38.813469095504814],[-121.37700973695499,38.81356381730298],[-121.37700973661215,38.8135638564306],[-121.37700940951505,38.81366527472583],[-121.3770094069888,38.813665563034384],[-121.37700915045653,38.81374891420807],[-121.37700914769573,38.81374922928813],[-121.37700122702962,38.81623121497224],[-121.37700030484092,38.81652090571763],[-121.37699841376552,38.817115126595176],[-121.37699814298877,38.817200000281524],[-121.37698976420593,38.81982449547367],[-121.37698773852533,38.820456185633006],[-121.37698749884146,38.82053160044146],[-121.37698749888878,38.82053169517606],[-121.37698748452117,38.8205373400306],[-121.37698707984438,38.820661522235355],[-121.3769867684313,38.82076114334308],[-121.37698661912621,38.82080822070769],[-121.37698661895698,38.8208083401544],[-121.37698661114715,38.82081313655377],[-121.3769865638931,38.82083054476635],[-121.37698653196148,38.820840196514794],[-121.37698560707821,38.82112797802164],[-121.37698525230095,38.821240557589654],[-121.37697805839846,38.82349533413518],[-121.37697768805211,38.82360968746113],[-121.37697566346496,38.8242452333683],[-121.37713958550046,38.82424465839772],[-121.37811579156389,38.82424122834228],[-121.3781298320968,38.824241178563334],[-121.38104440656657,38.82423088757085],[-121.38181682423073,38.82422813560889],[-121.38626199773341,38.8242122595566],[-121.39079246164768,38.824201054198014],[-121.39098554634296,38.8242005837864],[-121.3953230118744,38.82418967262041],[-121.39555820273611,38.824189084256034],[-121.39547512790611,38.819923553263536],[-121.39541960798628,38.81707457833924],[-121.3955701782855,38.81707295924089],[-121.4048055998818,38.81703685639069],[-121.41408581509084,38.81714914260681],[-121.41863356976596,38.8171794065979],[-121.41862922846019,38.81710939147913],[-121.41885422197954,38.81705233138437],[-121.41911470154712,38.81676740002207],[-121.4193262145864,38.81658585416567],[-121.41990524160067,38.81640872503024],[-121.42036627074795,38.81616631049526],[-121.42084341366821,38.81560852369967],[-121.42083867528348,38.81534571594373],[-121.41934574553447,38.8153332924484],[-121.41931650917654,38.813115846357626],[-121.41931519798678,38.81299276782198],[-121.41958957043353,38.81306759243852],[-121.42101995816033,38.81302239403591],[-121.42199585988487,38.81286692040837],[-121.42332186911408,38.81250956769049],[-121.42452099495279,38.81191330819304],[-121.4245245537535,38.811911568439164],[-121.42469835385504,38.81186775335802],[-121.42475302493432,38.81359100379748],[-121.4247761578474,38.81442343274207],[-121.42487692265871,38.8170094027451],[-121.42639211860762,38.81698539918447],[-121.42636185775244,38.820661945932045],[-121.426284614255,38.824181289348715],[-121.43249548420741,38.824164236679074],[-121.43266416193583,38.817015378077535],[-121.43258593374624,38.81117861115779],[-121.4325819361476,38.81054931038608],[-121.43531171079154,38.812090467947975],[-121.43602778176226,38.812532771476626],[-121.43623557750813,38.81252526790233],[-121.4364978980394,38.81253738718109],[-121.43676932320476,38.81259197437791],[-121.43686507626207,38.81264392452669],[-121.43691099543568,38.81261127856231],[-121.43715689264117,38.81265868409471],[-121.43739605226057,38.81266165505358],[-121.43769708722682,38.81267349232874],[-121.43801375284852,38.81276366297406],[-121.4381451698302,38.812686232431524],[-121.43828148586688,38.812681674506976],[-121.43838962485502,38.81264087143018],[-121.43878599296025,38.812615767455675],[-121.43898333677011,38.812629626585846],[-121.43908398706671,38.81268385019939],[-121.43923350778967,38.812700470994365],[-121.43944797455659,38.81264812566322],[-121.43965343241578,38.81262552963063],[-121.44001620840359,38.81269007820535],[-121.44020412205695,38.812720447648566],[-121.44062944731921,38.812699458512995],[-121.44077615811294,38.81270302070327],[-121.44087049475216,38.81266769561393],[-121.44098572092292,38.81269395196876],[-121.44125518121669,38.81266858569368],[-121.44160501996352,38.812606507958876],[-121.44177858156968,38.81253380668031],[-121.44189079034248,38.81245265500047],[-121.44200221304814,38.81242691194952],[-121.44197762307306,38.80977797653471],[-121.44197416089922,38.80614530852987],[-121.44663007058713,38.80613098241016],[-121.4466300919556,38.80612823659886],[-121.4466425263702,38.80260031869589],[-121.44664366233965,38.802386356314194],[-121.4466438259612,38.80237919643659],[-121.44201230844781,38.80239753833383],[-121.43737047138649,38.80240685861632],[-121.43280271684345,38.802402103908314],[-121.43259044512236,38.80240249487207],[-121.4247759499668,38.80240653161842],[-121.4187044111573,38.80240642305812],[-121.4140940292575,38.80241280119989],[-121.40950159794832,38.80240395757276],[-121.4048403195012,38.802377994172325],[-121.4026296095766,38.80236672627334],[-121.40035781634718,38.802358341102774],[-121.40035628991645,38.8014012005776],[-121.40035371309267,38.79981000230327],[-121.4003531799041,38.79948049902653],[-121.40034635321688,38.79526385852057],[-121.40027512319914,38.7880011633582],[-121.40027501795026,38.788001162814595],[-121.40029202708043,38.78073684587208],[-121.4002947809279,38.78073684636729],[-121.40028684787633,38.779041812691865],[-121.40027791870766,38.77770963985454],[-121.40027907189629,38.777381452437844],[-121.400253413929,38.77189395947452],[-121.4002268213377,38.76620076646325],[-121.40026269651418,38.75893244401043],[-121.40037979774428,38.75893221153848],[-121.40044853788649,38.75893210807862],[-121.4006907059419,38.7589634081906],[-121.40093184909013,38.75900181451984],[-121.40230141322542,38.7592394376509],[-121.40252806200198,38.759275675088496],[-121.40275552835368,38.75930636512986],[-121.40276970519488,38.759308077401286],[-121.40298882913757,38.759331684989895],[-121.40306093453508,38.75933828363471],[-121.40312115334632,38.75934335958474],[-121.40325816259943,38.75935278173915],[-121.40325392169198,38.75892792653846],[-121.40323588392415,38.75748240268851],[-121.40321720217875,38.752183845016624],[-121.40321715425601,38.75217011579109],[-121.40321645895592,38.75197297412414],[-121.40321386413011,38.7519729607806],[-121.40321501550449,38.751835669356275],[-121.40321569423422,38.751754736465664],[-121.40321617126854,38.75168321902885],[-121.4032155085157,38.75168321836667],[-121.40305128926069,38.75168319686631],[-121.40303375686548,38.75168319455185],[-121.40155557844473,38.75168298931086],[-121.40066503643418,38.75167556602604],[-121.40049676169214,38.75167429871281],[-121.40013907108964,38.7516715991614],[-121.39996115359189,38.751670267499044],[-121.39723202626736,38.75164977675162],[-121.39710930105385,38.751648853682],[-121.39351355098492,38.75162175462419],[-121.3933908258681,38.75162082762237],[-121.39306082505406,38.75161833473584],[-121.39274542148715,38.751615957109415],[-121.39260853363062,38.75162686978486],[-121.38736246636988,38.75163517008323],[-121.38726261727507,38.75163532530331],[-121.3871398869101,38.75163551681071],[-121.38388996620698,38.75164052752585],[-121.38371463785244,38.75164079450593],[-121.38351276721144,38.75164110351864],[-121.38351245077803,38.75160618655968],[-121.38351236396306,38.75159657600472],[-121.3835112727297,38.75147946971525],[-121.3835112553616,38.751477629158565],[-121.38309965462125,38.75147685540008],[-121.38309931708572,38.751476857724754],[-121.38309919522918,38.75147685776346],[-121.38309744190008,38.75147685805397],[-121.38307296586237,38.751476811693955],[-121.38237483763209,38.751475500378966],[-121.38181213963016,38.75148178355742],[-121.38171045609695,38.751482918257146],[-121.38101285089688,38.75149070431945],[-121.38101282284492,38.75149070416984],[-121.38093029887466,38.751491624593356],[-121.38075498769786,38.75149358074907],[-121.37942920738159,38.751508362055866],[-121.37840170504256,38.751506405343434],[-121.37608966992875,38.751508131218465],[-121.37596693965988,38.75150822166675],[-121.37453837811815,38.7515092633079],[-121.37411755514555,38.751482102579445],[-121.3733248530285,38.75148267062143],[-121.37307805300188,38.75148284860124],[-121.37307812668563,38.7515103083931],[-121.37276477892985,38.75151148474512],[-121.36916328688774,38.75152491484456],[-121.36534072635999,38.7515390433807],[-121.36534012565494,38.75150220329705],[-121.36513498286038,38.751500600011624],[-121.36492465071736,38.751500905227246],[-121.36482247288934,38.75150020804623],[-121.36479531740255,38.75151355571554],[-121.36469957457432,38.751514101862064],[-121.36457684750069,38.75151480155188],[-121.36450177748532,38.751515229378604],[-121.3643751205536,38.75151590252976],[-121.36420429385973,38.75151793444851],[-121.36420388265037,38.75151794043347],[-121.36390608776215,38.75152457041639],[-121.36376315448369,38.75152869251789],[-121.3628548173653,38.75155489891522],[-121.36257385430538,38.75156121766867],[-121.36257299241323,38.75156123215623],[-121.36229118287872,38.75156397997106],[-121.36229107417132,38.75156398006017],[-121.3622495552365,38.75156408279071],[-121.36043272831985,38.7515668248753],[-121.3604331192241,38.75159151304844],[-121.36027615050027,38.75159159729037],[-121.36015342012483,38.751591664837385],[-121.3595080748915,38.75159201312452],[-121.35889203859102,38.75159233232821],[-121.35887810738964,38.751591467281465],[-121.35887261379331,38.75159063649008],[-121.35886719893101,38.751589532225644],[-121.35886452834742,38.751588879726796],[-121.35885303553522,38.75158595293438],[-121.35884217179758,38.75158119582912],[-121.35883222645495,38.751574735101116],[-121.35882346436937,38.75156674281094],[-121.35881611889057,38.75155743180736],[-121.35881038564165,38.75154705005881],[-121.3588064173091,38.75153587404956],[-121.35880431957662,38.75152420141641],[-121.35880407187047,38.751497207434134],[-121.35837593775621,38.75149786170243],[-121.35830096437988,38.75149796889618],[-121.35827071895673,38.7514980213279],[-121.35827085731793,38.75154489533153],[-121.358267874001,38.751558261686014],[-121.35826265189401,38.75157092222355],[-121.35825534441848,38.75158250498719],[-121.35824616626249,38.75159266968417],[-121.35823538707325,38.751601117683435],[-121.35822332353514,38.7516076007892],[-121.3582103300657,38.75161192853277],[-121.35819678840319,38.751613973768315],[-121.35818309639131,38.75161367640839],[-121.35805631423008,38.75161352436781],[-121.35653936342835,38.75161178231702],[-121.35653883302669,38.751556036736105],[-121.35558546876264,38.751558792406655],[-121.35558340945998,38.75161581420915],[-121.35558239019734,38.75162547005193],[-121.35557988581,38.75163485100284],[-121.35557595689683,38.75164373007021],[-121.35557069852608,38.75165189240646],[-121.355564237935,38.75165914050683],[-121.35555673145109,38.75166529898841],[-121.35554279477915,38.751673775632],[-121.35552768248148,38.75167991589015],[-121.3555117830819,38.75168356190223],[-121.35549550533995,38.75168461993249],[-121.34854246660403,38.75170101829196],[-121.34851765615232,38.751701098691456],[-121.34413874405648,38.75171118406678],[-121.34391701365467,38.7517096424339],[-121.34390428125933,38.75172048257974],[-121.34388988955497,38.75172899736096],[-121.34387425855529,38.75173493827856],[-121.34385784444201,38.75173813195025],[-121.34384112625166,38.75173848517055],[-121.34276783645451,38.751753802738406],[-121.34276701581027,38.751723057227544],[-121.34160390742298,38.75172645965409],[-121.34160463711125,38.75175940141684],[-121.33727424455304,38.751769936238404],[-121.3371144617173,38.751770415182705],[-121.33711407890276,38.7517365980312],[-121.33703216700266,38.751726182243964],[-121.33703216767772,38.75209356936631],[-121.33703216798315,38.752255105877666],[-121.33703516796612,38.75345610680475],[-121.33703616791387,38.75385710654477],[-121.33703316850963,38.75411110663594],[-121.33703216804201,38.75419910644971],[-121.33701916778291,38.75436910650514],[-121.33701016721236,38.754486105865254],[-121.33696916850381,38.75477210636567],[-121.33694816845828,38.75486810618816],[-121.33690916787194,38.75505610632516],[-121.33689216899181,38.75511710650965],[-121.33683016882053,38.755336106686656],[-121.33679016816204,38.75544810699987],[-121.3367331682915,38.75561310714289],[-121.33661716806796,38.75588610653867],[-121.3364831685137,38.75615310668333],[-121.33634716873961,38.756386107285834],[-121.33633116715787,38.75641510633956],[-121.3361581684132,38.75667610699616],[-121.33597616806196,38.75691810680738],[-121.33587616855121,38.75703610733795],[-121.33576216810894,38.757171106753574],[-121.33496316763829,38.758061106957285],[-121.33465816833099,38.75840210724386],[-121.33433116851063,38.75876510670651],[-121.33378616773521,38.759375107579274],[-121.33335316850396,38.75985710718763],[-121.33302816864472,38.76022110716403],[-121.33290716861133,38.76035510730533],[-121.33254516819696,38.76075810744805],[-121.3324251678909,38.76089310687365],[-121.33215616859347,38.7612131076286],[-121.33202616779955,38.7613751069714],[-121.33194116744134,38.76148810771985],[-121.33177916814735,38.76170610741529],[-121.33154616839451,38.76204310685361],[-121.33132916888513,38.762387108180015],[-121.3311271680261,38.762736107348466],[-121.33094116903759,38.76309010747282],[-121.33077116797884,38.76345010813],[-121.33076516841628,38.76346310785808],[-121.33061616788059,38.76381510823378],[-121.33048016864987,38.76417610773606],[-121.33035816804623,38.764547107568035],[-121.33025216817319,38.76492110823786],[-121.33016316777568,38.76529710778909]]]}},{"type":"Feature","properties":{"OBJECTID":3,"DISTRICT":1,"CREATEDATE":"2020-06-13T20:07:49Z","LASTEDITDATE":"2025-08-14T23:18:30Z","GlobalID":"{37A1CE25-01A2-48DB-94AA-BD12D490BBC4}","SHAPESTArea":202220400.06556052,"SHAPESTLength":91347.84070650722},"geometry":{"type":"Polygon","coordinates":[[[-121.22587394435274,38.73685888666567],[-121.22589714904527,38.736998113518446],[-121.22589914768413,38.737110113948184],[-121.22592814898316,38.73836611308125],[-121.22592914929795,38.73838511367161],[-121.22595714867285,38.73878511389329],[-121.22602714797812,38.73980011323097],[-121.22604114934735,38.73999311417188],[-121.2260381499586,38.74020211372343],[-121.2260361488373,38.740330113646415],[-121.22614314934071,38.74285011428558],[-121.22617714981529,38.74363211398408],[-121.22622814851873,38.74386211369202],[-121.2263211498991,38.74587011417622],[-121.2263931498458,38.74739611413531],[-121.22639615050844,38.74746111418895],[-121.22640515042296,38.747657114554826],[-121.2264081498853,38.74772311413348],[-121.22642614972233,38.7481081146769],[-121.22653215019588,38.7504041149509],[-121.22654715081735,38.75073811503097],[-121.22658215116265,38.75150711448847],[-121.22657515053754,38.75174211492368],[-121.22657515003804,38.75175611526597],[-121.2265451512504,38.75200411426208],[-121.2265311498761,38.75207411466267],[-121.22652515008194,38.75210111427476],[-121.22650715135485,38.75218511514877],[-121.2265021506047,38.75221311546059],[-121.22643915075089,38.75243211529166],[-121.22635015052116,38.75267111436938],[-121.22623915031902,38.75290411503157],[-121.22620215071362,38.75297011494461],[-121.22614415055398,38.753076114765385],[-121.22555915022392,38.7541381148673],[-121.22478615073936,38.75553911548101],[-121.22453115079253,38.75600411545524],[-121.22444615078464,38.75617111568365],[-121.22436015076633,38.75637311551896],[-121.22434915052423,38.75639811479606],[-121.22427315087187,38.7566301152541],[-121.2242181506626,38.75686611549601],[-121.22418515034818,38.75710411561798],[-121.22417215027032,38.75732811521563],[-121.22417215067416,38.757343115095644],[-121.22418115082122,38.757583114941006],[-121.22434315099085,38.75896211586423],[-121.22436015039355,38.75918211597027],[-121.22435915135901,38.75934711546961],[-121.22434215045632,38.75956711557604],[-121.22430415189174,38.759786115169284],[-121.22426315166415,38.759948115758505],[-121.22419215198367,38.760161115841],[-121.22416315134167,38.76022811593448],[-121.22378515150895,38.76113111554283],[-121.2234821512273,38.76185011589566],[-121.22307915124813,38.76281211616348],[-121.22298815084241,38.76304111627522],[-121.22287115132592,38.763388115841316],[-121.22277815176315,38.763740116458656],[-121.22272915136085,38.763977115833946],[-121.22271615170962,38.764057115740826],[-121.2225971508343,38.76482911560131],[-121.22325815208369,38.764891116279216],[-121.22347715161052,38.76490711601106],[-121.22379515101717,38.76491611614409],[-121.2239411521748,38.764911116472994],[-121.2241131521388,38.76490711557412],[-121.22443015210771,38.7648811160596],[-121.22466515166245,38.76485011537717],[-121.22497615155783,38.76479411574924],[-121.22519015164195,38.76474511605351],[-121.2254891520315,38.76466011644802],[-121.22570915180151,38.764586116009646],[-121.2259761522168,38.76449711568098],[-121.2262011525673,38.76443511529025],[-121.22650715195145,38.76436511566688],[-121.22681815123347,38.76431311543338],[-121.22713315259523,38.764277115702654],[-121.22737115192845,38.76426211520429],[-121.22761015264892,38.76425711621556],[-121.22784815253813,38.76426111548765],[-121.2279111528211,38.7642641157833],[-121.22800015228813,38.764269115726414],[-121.22831615206967,38.764299115399396],[-121.22862915260188,38.76434511564277],[-121.22893715166033,38.76440911528829],[-121.2292381526496,38.76448911509301],[-121.2293191524835,38.764513115188635],[-121.22953815268987,38.76458711554023],[-121.22975215351799,38.764670115854784],[-121.23002815254392,38.76479411523634],[-121.23029215289175,38.76493311594151],[-121.23051415296258,38.765068115450596],[-121.23054315362671,38.765086115315334],[-121.23061115217139,38.76513311574085],[-121.23072215302696,38.765210115270044],[-121.23094815221249,38.76538511557813],[-121.23119715293268,38.7656071153992],[-121.23134915276609,38.765732115615165],[-121.23156415242609,38.76588811594896],[-121.23173415331301,38.765998115511884],[-121.23194215338788,38.76611711560931],[-121.23282715327642,38.76510811569948],[-121.23291315359891,38.7650251146242],[-121.23302615336428,38.76494211546431],[-121.23313715268472,38.76488011513515],[-121.23326015343174,38.764827115632635],[-121.23340515310097,38.76478411520339],[-121.23360615320861,38.7647461154386],[-121.23369115360367,38.76474011514686],[-121.23420215298376,38.764746115517404],[-121.234210152997,38.76397311487497],[-121.23421815307172,38.76311911496219],[-121.23420415402164,38.76302011484901],[-121.2341751539684,38.762923115051514],[-121.23412415365134,38.76281611479678],[-121.23406415275551,38.76272811558348],[-121.2339791527101,38.762635115015264],[-121.2338781530155,38.76255211463101],[-121.23413815312257,38.76233011430222],[-121.23423515354656,38.762257115642875],[-121.23434415264268,38.76219611493435],[-121.23447915330357,38.762142114844515],[-121.23460715214136,38.762108114689276],[-121.23483915304726,38.76207411493672],[-121.23496115285515,38.762046115291014],[-121.23507715317415,38.762004115471925],[-121.23519715305208,38.761944114603956],[-121.23529215292517,38.76187811509303],[-121.2354541524766,38.76173011462228],[-121.23553715247591,38.761638114606],[-121.23558215392814,38.76157611524947],[-121.23563915303743,38.7614801153496],[-121.23570515369049,38.76132611461067],[-121.23574215298005,38.7612331140528],[-121.23579515319206,38.7611261148528],[-121.23586615313697,38.761026114845215],[-121.23595515253335,38.7609341149015],[-121.23604515284998,38.76086311509971],[-121.23616115328902,38.760792114717084],[-121.23630515289561,38.760729114853945],[-121.23642515350515,38.7606921143472],[-121.23675715303236,38.760626114929636],[-121.23688615303091,38.760591114527905],[-121.23703115301012,38.76053611454965],[-121.23716615387488,38.760468114472935],[-121.2372891538762,38.7603871149084],[-121.23783315351591,38.75994011409281],[-121.23810915334661,38.759730114497096],[-121.2387321535572,38.75929911465659],[-121.2390181539551,38.759119114382706],[-121.23949815388332,38.75884511473848],[-121.23966815394785,38.75876111449084],[-121.23984715354646,38.75868811425126],[-121.24064415272323,38.75842611439427],[-121.24074915373176,38.75837711371778],[-121.24085615274885,38.75831011383532],[-121.2409481530262,38.75823011451713],[-121.2410161536766,38.75815011333179],[-121.24106815350966,38.75806311441101],[-121.24110315356506,38.757978113901665],[-121.24112015354412,38.75791311402631],[-121.24120615396988,38.757050113817684],[-121.24122315253369,38.75696211368202],[-121.24132815313409,38.75669911365855],[-121.24161515394825,38.75677111457785],[-121.24180015361833,38.75681111422408],[-121.24201515307212,38.75684311416288],[-121.2422321536052,38.75686011455783],[-121.2424511532153,38.75686311423159],[-121.24266915443847,38.75685011377105],[-121.24288515301495,38.75682311393433],[-121.24305415365123,38.75679011410526],[-121.24326215374212,38.756737114062055],[-121.24346315355903,38.756669114160495],[-121.24356615312126,38.75662511410976],[-121.24365515295192,38.75658811351085],[-121.24369115379726,38.75656911398444],[-121.24383815347683,38.756495113760046],[-121.24404715424791,38.756365114341556],[-121.2441641536722,38.75629411323088],[-121.24361215344186,38.755752114321744],[-121.24336615368912,38.75551111315613],[-121.2432261537062,38.755354114006096],[-121.24310015374216,38.75519011383704],[-121.24309215431661,38.7551771137379],[-121.24299015352176,38.75501911338152],[-121.24289415391596,38.754842114279334],[-121.24279815294632,38.75461511305204],[-121.24273915349683,38.75442911365187],[-121.24269715233928,38.75424011326905],[-121.24267215346288,38.75405011376006],[-121.24266415248863,38.75385811351602],[-121.24267015325476,38.753724113692606],[-121.24267315328899,38.753667113224104],[-121.24269915321445,38.753476113331274],[-121.2428071530635,38.752964114027556],[-121.24375915358043,38.753087113697966],[-121.2440431542568,38.753127113041636],[-121.24418715329523,38.75314111351365],[-121.24435715357833,38.75316211301782],[-121.24594515397347,38.75336211342471],[-121.24649615413878,38.75342711333402],[-121.24667915386586,38.75344511285203],[-121.24706715397747,38.75347211311707],[-121.24729815401922,38.75347511360466],[-121.24753015329061,38.75346611336699],[-121.24774415363694,38.753445112824146],[-121.24798315348177,38.753411113147095],[-121.24833615481631,38.75334511329176],[-121.24868515393854,38.753264113382585],[-121.24894215423564,38.7531941133033],[-121.24899815459058,38.75317511320018],[-121.24915315392482,38.75312411298888],[-121.24940615383875,38.75302011289711],[-121.24963415353547,38.75290611318862],[-121.24992115474679,38.75274011300515],[-121.25019715415146,38.752562112555886],[-121.25037115443293,38.752440112938686],[-121.25038015369717,38.75243311324562],[-121.25056115379553,38.75230011290703],[-121.25094715465426,38.752019112685964],[-121.25112815439896,38.75188011290516],[-121.25131615370222,38.75173711250564],[-121.25148215434592,38.75192111208623],[-121.25167915463349,38.752164112766984],[-121.25186015419625,38.75241411308191],[-121.25197615423389,38.75259711270537],[-121.25202415437458,38.752671112848226],[-121.25220515463896,38.752992112320115],[-121.25239215459875,38.75329411304139],[-121.25260015468855,38.75358711285834],[-121.25282615414888,38.75387211246484],[-121.25307115425751,38.754147112957554],[-121.25333515511328,38.75441111331206],[-121.25352015544713,38.75458111303345],[-121.25381115474448,38.754827112438356],[-121.25409115457329,38.755039112621304],[-121.25411915507976,38.7550601124928],[-121.25444215490593,38.75528011256093],[-121.2547791547244,38.75548711227886],[-121.25501115602901,38.75561711225593],[-121.25537015565772,38.755800113040024],[-121.25567915648492,38.75594011288637],[-121.25574015563582,38.755968113385606],[-121.25774915628996,38.75677111280252],[-121.25844015633268,38.75704711272259],[-121.25867415574564,38.75714011275295],[-121.2588971566084,38.75722911191516],[-121.25902115625219,38.75727911201134],[-121.25937415679824,38.75742611317957],[-121.25960715624217,38.75752411288122],[-121.25993615670984,38.75762211263668],[-121.2601551563094,38.75768811248453],[-121.26029815628337,38.75774811229962],[-121.26089615688483,38.757942112280055],[-121.26106415666789,38.75798811284231],[-121.2612561567678,38.75803311262171],[-121.26132015729252,38.75804711317849],[-121.26150915751185,38.758080112119444],[-121.26161715756386,38.75809711234478],[-121.26162915621927,38.75809911291304],[-121.26168315737586,38.758106111977234],[-121.26173615727795,38.758113112198764],[-121.26175915701924,38.75807611247724],[-121.26182915677511,38.75796711253222],[-121.26185315694448,38.75793111250746],[-121.26197615602274,38.757740112511],[-121.26209315636385,38.75755911280212],[-121.26281715705872,38.75644511257386],[-121.26305915691582,38.75607411214812],[-121.26329915635709,38.755704111786365],[-121.26401915596966,38.75459711253808],[-121.26426015644194,38.75422811197307],[-121.26457115607727,38.75374411214669],[-121.26543315595292,38.75240711170597],[-121.26550615664509,38.75229311168917],[-121.2658201563656,38.751811111502676],[-121.26835315604625,38.747906111642365],[-121.27036615605624,38.74483911082818],[-121.27085115724535,38.744054111030245],[-121.27060215589563,38.744057110604075],[-121.27065315610972,38.74397911010074],[-121.27084015617218,38.7436951100979],[-121.2714561570572,38.742759110672786],[-121.27209015606502,38.741797110241485],[-121.27242015648952,38.74136011058584],[-121.27285415605084,38.740783110071874],[-121.27410915647641,38.739439109394745],[-121.27975315706861,38.734283108462385],[-121.28171415682287,38.732396109153946],[-121.28278515580465,38.73142310901391],[-121.28348315628823,38.7307921082934],[-121.28497715710692,38.72941210852942],[-121.28508115709634,38.729411108054556],[-121.28526815759402,38.729407108141665],[-121.28548215639714,38.729403108078],[-121.28560415678237,38.72929110878063],[-121.28596515632366,38.72895610770781],[-121.28608615658172,38.72884510814964],[-121.2863201566114,38.72862910811312],[-121.28678915684647,38.72819910841877],[-121.28702515689595,38.727983107602704],[-121.28726115650326,38.72776910811661],[-121.28756715630882,38.72749010862048],[-121.28848715659434,38.72665410753945],[-121.2885681576094,38.726581107924225],[-121.28879315728364,38.726375108286675],[-121.2890301575235,38.72615610754947],[-121.28960915764719,38.72562410737104],[-121.28974415693817,38.725502107748596],[-121.28998215703629,38.7252841073098],[-121.29006315716234,38.72520710716337],[-121.29009415669725,38.72517910818774],[-121.29031215690459,38.724981107791066],[-121.29039615681305,38.724907107881755],[-121.29039315770672,38.72477710733572],[-121.29039115764148,38.724687107845796],[-121.29039415773558,38.72452310710044],[-121.2903901571375,38.72451010726881],[-121.29050015696701,38.72442110723634],[-121.29116915712969,38.723815107190184],[-121.29196615732822,38.7230941073156],[-121.29309750092227,38.722089602401404],[-121.29344466879836,38.721781348193105],[-121.29270406567755,38.72173363887314],[-121.29044868216937,38.72158830623407],[-121.28965042161519,38.72153056097471],[-121.28965423590039,38.72201774568698],[-121.28856326717077,38.722023142240005],[-121.28856416806344,38.722162738821595],[-121.28857209199644,38.723370901485076],[-121.28857482888544,38.72378277157263],[-121.28857488446675,38.72379650172972],[-121.2885754867102,38.72390635768237],[-121.28783900386401,38.72391308347697],[-121.28784249567686,38.724536397403135],[-121.28735617109922,38.724540838712485],[-121.2873575603092,38.72478952100414],[-121.28735757635943,38.72479089408442],[-121.28735882659437,38.72501616755411],[-121.2873591239269,38.72506875457816],[-121.28736016724397,38.725255170705836],[-121.28736150804001,38.725494160125024],[-121.28736300208088,38.7257634514993],[-121.28694364465224,38.7257673413991],[-121.2868766675269,38.72576795943773],[-121.2867014083571,38.72576855768896],[-121.2862185568696,38.72577021475321],[-121.2857321981336,38.72577187567352],[-121.28565079870714,38.72577215706891],[-121.28559199423817,38.72577235787656],[-121.28500665677205,38.72577792329252],[-121.28479284109537,38.725779954686],[-121.28457904291866,38.7257819871664],[-121.28436522633434,38.72578401845283],[-121.28415319956265,38.7257860185135],[-121.28415141075222,38.72578603562155],[-121.28393761342214,38.72578806623882],[-121.28372379767762,38.725790096348454],[-121.28347417066114,38.72579246711902],[-121.28226392085269,38.72579467969149],[-121.28200418639838,38.725796476761964],[-121.28135132717975,38.725800974932255],[-121.28135123359162,38.72578246655096],[-121.28134991495615,38.72537495722721],[-121.2813486301892,38.72496739318343],[-121.28134739537566,38.724554969080856],[-121.28134583464916,38.7240775184994],[-121.281344829747,38.723917331901845],[-121.28134482169952,38.723915958869526],[-121.28134385986849,38.72376279122352],[-121.28134162646339,38.72350484889577],[-121.28133671166954,38.72302292904036],[-121.28133570137719,38.72293203133645],[-121.28133205095814,38.722626959454],[-121.28124531428503,38.72243590700479],[-121.28124655003072,38.72243003818809],[-121.28124695873302,38.72242405462399],[-121.28124638792289,38.72214902893809],[-121.27983170639153,38.72215959686948],[-121.27941110996396,38.72216273571001],[-121.27219168479647,38.72221637471087],[-121.27218296496552,38.72202356681667],[-121.2721738504007,38.721913945527895],[-121.27127166965113,38.721922303830254],[-121.27126991688912,38.72192231821961],[-121.27069758832462,38.72192761631378],[-121.27069601079148,38.721927633855564],[-121.27069466954934,38.721832474891116],[-121.27069465031619,38.72183110178626],[-121.27069402128458,38.72178651978923],[-121.27069324358456,38.72173070241624],[-121.27069229016679,38.721662954080834],[-121.27069054139645,38.72153940130384],[-121.27069047651958,38.72153375861838],[-121.27068881014296,38.721415850008924],[-121.2706870790432,38.7212922842977],[-121.2706848077007,38.72113069726219],[-121.27068408508762,38.72107976874269],[-121.27068143573223,38.72089195464717],[-121.27068088015373,38.72085209411472],[-121.27068049462544,38.72082463201047],[-121.27067922351348,38.720733238202236],[-121.27067740823294,38.720604206793205],[-121.27067468978655,38.72041107949565],[-121.27067112974372,38.720158112258375],[-121.27035913012485,38.72013826090007],[-121.27009224738778,38.72012128685349],[-121.26979299852248,38.7201022411967],[-121.26962251552,38.72009139225086],[-121.26945203082406,38.720080542356875],[-121.26928154704926,38.72006969290437],[-121.26911106317844,38.72005885761664],[-121.26894057950754,38.72004800766304],[-121.26877009588864,38.72003715745883],[-121.26859961232168,38.72002630700406],[-121.26842912793046,38.72001545629318],[-121.26825864534362,38.72000460534285],[-121.26808816106337,38.71999375344444],[-121.26791767858047,38.71998290199294],[-121.26770806848099,38.71996956532446],[-121.26737083352096,38.71994809124416],[-121.26719872057136,38.71993714605789],[-121.2672025584297,38.720202787198396],[-121.26720569371084,38.720419203775606],[-121.26720768064948,38.720556486628126],[-121.26720950451181,38.720682455743855],[-121.26721132647977,38.720808439262925],[-121.26721316700356,38.72093440848179],[-121.26721499000901,38.72106037758899],[-121.26721681287965,38.72118636042411],[-121.26721863502182,38.72131232952372],[-121.2672204589229,38.72143829863343],[-121.2672222819542,38.72156426773659],[-121.26722410573393,38.721690249886755],[-121.26722634853284,38.72184516483612],[-121.26722833555114,38.72198244767623],[-121.26723218647797,38.722248543321314],[-121.26723235142751,38.72225976164515],[-121.26712401806205,38.722260120744515],[-121.26656401827714,38.72226196288621],[-121.2661752029066,38.722263252867045],[-121.26599646003686,38.72226425014684],[-121.26550834965335,38.722268093518615],[-121.26537785617911,38.72226912142282],[-121.26509490702797,38.72227135207148],[-121.26493004187299,38.72227264157341],[-121.26491619492732,38.72227275909082],[-121.26491493586632,38.72216733335471],[-121.26491086059852,38.72182518722258],[-121.26490932203993,38.721695910969004],[-121.26490540323624,38.72136594419197],[-121.26490327433498,38.721186825535824],[-121.26490180446729,38.721062780783825],[-121.26490017172881,38.72092548569625],[-121.26489615502192,38.72058803551549],[-121.264892138502,38.7202505709122],[-121.26489049524102,38.720112686053774],[-121.26488655060979,38.71978175798988],[-121.26467699949046,38.7197679082063],[-121.26444997054013,38.71975291747955],[-121.26422295834075,38.71973792572764],[-121.26399594548849,38.719722921169804],[-121.26376891682506,38.719707929110115],[-121.26354190504743,38.719692922982844],[-121.26329741461397,38.71967677566742],[-121.26307024443882,38.71966176760989],[-121.26256867274132,38.71962863460184],[-121.26218098845007,38.719601717179984],[-121.26183186717714,38.71957747336308],[-121.26148272774138,38.71955322837826],[-121.26134023176797,38.719543334202235],[-121.2613384866134,38.71954321187758],[-121.25891662965701,38.719375001428624],[-121.25844877318941,38.7193425197455],[-121.25762118628182,38.71928501157655],[-121.25467804059534,38.71908051065951],[-121.25434626212042,38.71905744037074],[-121.25419997838567,38.71904727347618],[-121.25419962716752,38.71904725748816],[-121.25381359461379,38.71902041810286],[-121.25380023353088,38.71901946717213],[-121.25379991838882,38.71901943699869],[-121.25367043617426,38.71901004959291],[-121.25367008591184,38.719010026058044],[-121.25209406233803,38.71889577058723],[-121.25162782069339,38.71886195369737],[-121.25128327059592,38.71883697989422],[-121.24900250467829,38.71867156449194],[-121.24823965950793,38.71863010166907],[-121.24613202360868,38.7184711474797],[-121.24449387779869,38.7183423165234],[-121.24449393644701,38.718351653220104],[-121.24344578564016,38.718282103634024],[-121.2428540743518,38.71823805551287],[-121.24264302616692,38.7182240462569],[-121.24262683218024,38.71822245769636],[-121.24238045983199,38.718204523978606],[-121.24211544330791,38.71841847539496],[-121.24208712598197,38.71844240239565],[-121.24206290312983,38.7184704670664],[-121.24204337196379,38.71850197747521],[-121.24202901402303,38.7185361567357],[-121.24202018330134,38.718572162161195],[-121.24201709751938,38.718609106041065],[-121.24201983275684,38.71864607752719],[-121.24202832157667,38.71868216509081],[-121.2421381581679,38.718974752482126],[-121.24230703175753,38.719788403499756],[-121.24231628525806,38.7198461843587],[-121.24232061968681,38.71990454074361],[-121.24232000399557,38.71996305463817],[-121.24231444259463,38.720021306897806],[-121.24230397532122,38.72007888025205],[-121.2422846100162,38.72014663046063],[-121.24225935723848,38.7202124134601],[-121.242228412965,38.720275718734285],[-121.24219201734219,38.7203360549957],[-121.24215045282224,38.72039295399818],[-121.24210404197117,38.72044597417079],[-121.24208525658577,38.72046551261577],[-121.2403664977201,38.72220330530482],[-121.23981549294452,38.72219969580155],[-121.23981471567016,38.72212148532702],[-121.23718266116352,38.72210294405333],[-121.23686819735525,38.722100738462274],[-121.23625918901548,38.72209642840914],[-121.23538024294648,38.72209034993837],[-121.23525073375248,38.72208944130137],[-121.23517004130593,38.722301667577035],[-121.23517003068628,38.72230265605856],[-121.23517063699393,38.722455034297326],[-121.23517202940086,38.722788734548395],[-121.23517296026282,38.72301531120712],[-121.23517296050426,38.72301855146094],[-121.23517392599346,38.7232353801283],[-121.23517496242138,38.72345539459298],[-121.23517605168551,38.72367881166771],[-121.23517717579503,38.723895396979906],[-121.23517838779262,38.72411538513316],[-121.23518009363121,38.7243970786256],[-121.2351804494323,38.724452055415725],[-121.23518447252901,38.72500421537195],[-121.23519133578712,38.7258466986177],[-121.23519645403589,38.7263360927348],[-121.23519837979791,38.72652228259604],[-121.23520071359606,38.72675043365577],[-121.23520182422688,38.72711853903412],[-121.2352036354946,38.727338229035006],[-121.23520573616618,38.72758645162803],[-121.23520766377058,38.727586491795286],[-121.23520871287495,38.72772377003542],[-121.23520646979183,38.7277237277885],[-121.2352090144245,38.72796978398124],[-121.23521136328317,38.728247115541166],[-121.23521389589574,38.728538342943544],[-121.23521397776861,38.728548668351195],[-121.23521397245862,38.7285491625918],[-121.23521395404698,38.728549244849695],[-121.23521588925513,38.72876882580795],[-121.23522148948433,38.729409169274625],[-121.2352220261643,38.72946689321455],[-121.23462649795913,38.72946387896238],[-121.23462474613144,38.72946386946469],[-121.23346808868833,38.72945799521219],[-121.23206767305818,38.72945088954632],[-121.23196315905291,38.72945034872292],[-121.23058232146421,38.72944332727421],[-121.23058172466902,38.72944332400271],[-121.23002612391653,38.72944053994473],[-121.23001911306807,38.72944050508488],[-121.22850255432188,38.72943289304016],[-121.22844776494628,38.72943258359805],[-121.22830554981284,38.729431884166004],[-121.2281913299891,38.72943131314116],[-121.22818957727185,38.729431304913376],[-121.22797292023697,38.72943022102308],[-121.2279027764959,38.729429891525335],[-121.22625456143386,38.729421684119245],[-121.22620353472769,38.729178434605465],[-121.22616815635274,38.728982355499866],[-121.226082383138,38.72898156366937],[-121.22605294535808,38.72852287137153],[-121.2261048228208,38.728523327283476],[-121.22603341002161,38.72806589270062],[-121.22602418583314,38.72767941713944],[-121.22602518958517,38.7275419601756],[-121.22602175472271,38.72754190980003],[-121.22601515452568,38.72715591854684],[-121.22600565375937,38.726691729932355],[-121.22599992041616,38.726242147583136],[-121.2260103113071,38.725879692853205],[-121.2260139531301,38.72578654610538],[-121.22600118847662,38.724400647984126],[-121.22604285678106,38.723987299229066],[-121.22562190180714,38.7239307237138],[-121.22234136719564,38.72390724089548],[-121.2223293700219,38.722139985184214],[-121.22231918708205,38.7220421325728],[-121.22233308155666,38.722040880190164],[-121.22237710882453,38.72203755064135],[-121.22242126939022,38.722034853544734],[-121.2224654590048,38.722032705821995],[-121.22250964171958,38.72203118961162],[-121.22255385288567,38.722030277690656],[-121.22259805775397,38.72202994236638],[-121.22264225542621,38.72203026601227],[-121.22268644680292,38.72203116625489],[-121.22273063158546,38.72203267055202],[-121.22277470462517,38.7220347781992],[-121.22281873602292,38.722037489666164],[-121.22286272548016,38.72204083241085],[-121.22290656874735,38.72204472335543],[-121.22384076650025,38.72213673465492],[-121.22430880528034,38.72220272076243],[-121.22472374692921,38.722290620018946],[-121.22486497839715,38.72229343108203],[-121.2249583899131,38.72229699341963],[-121.22505161094452,38.72230195485883],[-121.22514467744347,38.72230823326082],[-121.22520541426812,38.722309015142045],[-121.22520576562277,38.72230901954827],[-121.22535759236332,38.72231097332303],[-121.22536172707831,38.722311110772786],[-121.22536396938744,38.72231120812566],[-121.22536614129773,38.72231133246822],[-121.22536831291666,38.72231148358208],[-121.22537051897316,38.72231169121839],[-121.2253727247384,38.72231192562604],[-121.22537489515484,38.722312187257415],[-121.22537710032259,38.7223124765806],[-121.22537923539019,38.72231276543559],[-121.22538140404158,38.722313108747954],[-121.22538357383306,38.722313508360436],[-121.22538574245694,38.722313934738324],[-121.22538787603825,38.72231436019574],[-121.22539004435605,38.72231481471782],[-121.2253921069335,38.72231532276692],[-121.2253942404949,38.72231583060343],[-121.22539637169133,38.72231639471667],[-121.2253984681239,38.72231701283085],[-121.22540053010398,38.72231757579536],[-121.22540259088908,38.72231824859099],[-121.22540465167414,38.722318921386645],[-121.22540671186177,38.72231964909778],[-121.2254087372981,38.72232034911708],[-121.22541076213693,38.722321104051915],[-121.2254127513283,38.72232191366831],[-121.22541470547705,38.72232272236414],[-121.2254166943622,38.72232356012471],[-121.22541861285596,38.72232442418851],[-121.22542056667864,38.72232534340774],[-121.22542244807119,38.722326234683486],[-121.22542433062618,38.7223271802001],[-121.22542617839497,38.72232818177694],[-121.22542806094266,38.72232912797997],[-121.22542987249392,38.7223301560882],[-121.22543164840515,38.72233123819156],[-121.2254334246002,38.722332294210005],[-121.22543520051155,38.72233337631331],[-121.2254369407604,38.722334514471015],[-121.22543864566791,38.72233567916602],[-121.22544035058303,38.7223368431746],[-121.22544202013437,38.72233803577972],[-121.22544365464313,38.722339227464424],[-121.22544525350435,38.72234047383068],[-121.22544685236568,38.722341720196816],[-121.2254483805368,38.72234302032409],[-121.22544990899922,38.72234429368],[-121.22545147190694,38.72234562287193],[-121.2254528951992,38.72234697790494],[-121.22545435149043,38.72234836061804],[-121.22545577303033,38.72234971563929],[-121.22545716155147,38.72235112535969],[-121.2254584773437,38.72235253459444],[-121.22545982993857,38.72235394407488],[-121.22546114514088,38.72235540753875],[-121.22546239081308,38.72235689868467],[-121.22546363617914,38.72235841797477],[-121.22546481175127,38.72235990865256],[-121.22546598702469,38.722361426788204],[-121.22546705684908,38.722362971679516],[-121.22546823182383,38.72236451727286],[-121.22546926630699,38.72236608870151],[-121.2254703007752,38.72236766150297],[-121.22547133408342,38.722369260383545],[-121.22547226340137,38.72237083248297],[-121.22547322835449,38.72237243159361],[-121.2254740860936,38.72237413914108],[-121.22547497976414,38.722375765922024],[-121.2254757682918,38.72237739131447],[-121.22547607597588,38.72237810732337],[-121.22547662632978,38.722379071404106],[-121.22547676234055,38.7223794574358],[-121.22547730910217,38.72238075169655],[-121.22547806110613,38.72238243176469],[-121.22547874446366,38.72238413883432],[-121.2254793919023,38.72238584497765],[-121.22547996834955,38.722387552019875],[-121.22548054683557,38.7223893133089],[-121.2254810882402,38.72239101943073],[-121.22548159460226,38.7223927246321],[-121.22548203230282,38.72239445820778],[-121.22548246884344,38.72239621786254],[-121.22548283556758,38.72239795096432],[-121.22548320142299,38.72239968337387],[-121.22548353338328,38.72240147047665],[-121.22548375961573,38.722403229413736],[-121.2254843012993,38.72240499045697],[-121.2254846519201,38.722404981814044],[-121.22548780489362,38.722404902637116],[-121.22608175051965,38.72239910609447],[-121.22608170413943,38.72239265136158],[-121.2260817046997,38.72238784384277],[-121.22609085468949,38.72192800558535],[-121.22609111333794,38.721923398185154],[-121.22608128066895,38.720354288349355],[-121.22581828582878,38.72034780072917],[-121.22569669658346,38.720344603611295],[-121.22564299481682,38.720346455651324],[-121.2223960699052,38.72026954117293],[-121.22238479051992,38.719314180200875],[-121.22238262157147,38.719135690664416],[-121.22237448205539,38.71844805631676],[-121.22236151663033,38.71844774971928],[-121.22235630841256,38.71801001922909],[-121.22234133586392,38.71676070357107],[-121.2222906637277,38.716757057678024],[-121.22187184259843,38.716726924267384],[-121.21651226247982,38.71634117173275],[-121.21651484202468,38.71654303327866],[-121.21651508431475,38.71656082888098],[-121.21651892106946,38.71686670231011],[-121.21651973253206,38.71693151297372],[-121.21652134488927,38.71705890998313],[-121.21652197376015,38.71710997577134],[-121.21652369775086,38.71725111717453],[-121.21652416315321,38.71728845194676],[-121.21652612350017,38.717443311125955],[-121.21652642352882,38.71746692859959],[-121.21652856400675,38.71763551890465],[-121.21652921217174,38.71768658413484],[-121.21653098803736,38.717827712153245],[-121.21653146993646,38.7178650614519],[-121.21653343032268,38.71801991993914],[-121.21653373034863,38.718043538098364],[-121.21653594095726,38.71821212887088],[-121.2165360601431,38.71822200148146],[-121.21653831970194,38.71840047811803],[-121.21653836501993,38.71840432279903],[-121.21654080559252,38.71859653056622],[-121.2165409255048,38.71860641691139],[-121.21654323055758,38.718788724495695],[-121.21654353148136,38.71881234128683],[-121.21654566006919,38.71897891388671],[-121.2165459904823,38.71900454917346],[-121.21654826761511,38.719183025919705],[-121.21654881053156,38.71922605980981],[-121.21655115671462,38.71941100380722],[-121.21657181395241,38.72104553792872],[-121.21656802925567,38.7213878676217],[-121.21656810177008,38.72139401911007],[-121.21657016088326,38.72156365229596],[-121.21657040562111,38.72158282089985],[-121.2165739047786,38.72187004673598],[-121.21657699968779,38.72212393362215],[-121.2165796220539,38.72233794566315],[-121.21658073185826,38.72242821356606],[-121.21658218853736,38.72254748137411],[-121.21658479220069,38.7227631957913],[-121.2165872157943,38.72296342165494],[-121.21658741518766,38.72298042062559],[-121.21658938861006,38.723141842731245],[-121.21659008568999,38.723202725842974],[-121.21659279758231,38.7234245363735],[-121.21659279485532,38.72342478417989],[-121.21659547896583,38.72364912082227],[-121.21659575785444,38.7236715580582],[-121.21659804979606,38.72385819041425],[-121.2165996760184,38.723993990162285],[-121.21660018849165,38.72403661124966],[-121.21660236168236,38.72421500416965],[-121.21660293277928,38.72426185446311],[-121.2166044986469,38.724393424989195],[-121.21660663766929,38.72457181904718],[-121.21660881058274,38.72475024010525],[-121.2166098706038,38.72483866785042],[-121.21661144133148,38.72496979904732],[-121.21661519522677,38.72528813850299],[-121.21661530461265,38.725290940142145],[-121.21661570923696,38.72533062161158],[-121.21662048757942,38.725724620435095],[-121.21662171443336,38.72582655952656],[-121.21662577638017,38.72616461649935],[-121.21662583922625,38.72616846198328],[-121.21662863505084,38.726401778696065],[-121.21663040011691,38.72655037631509],[-121.21663077331777,38.72658017272522],[-121.21663291130082,38.72675859352361],[-121.21663364623456,38.72682241438912],[-121.21663504929457,38.72693701431997],[-121.216636498607,38.72706333921276],[-121.21663718760122,38.7271154076565],[-121.21663963839865,38.72732593038655],[-121.2166402775372,38.72737615868582],[-121.2166419432379,38.72751786252671],[-121.2166432375417,38.727623234537035],[-121.21664359503379,38.727654459435264],[-121.21664616280859,38.72787028337631],[-121.21664633717835,38.72788629361951],[-121.21664862996498,38.72807613872601],[-121.21664908417523,38.728117688476075],[-121.21665109743778,38.72828196661522],[-121.21665151206007,38.72831755732004],[-121.21665373749238,38.72850396880444],[-121.21665438662549,38.7285564763308],[-121.21665463593767,38.728578419083256],[-121.216655418357,38.728647485083954],[-121.21665698316889,38.728776063132486],[-121.21665893449425,38.72893649578733],[-121.21666215362481,38.72920782036727],[-121.21666216241314,38.72921012773648],[-121.21666246945915,38.729236381380154],[-121.21666307753893,38.72928935544337],[-121.21666673481626,38.729536875327604],[-121.21666698761125,38.72955213095406],[-121.21666830689477,38.72963453299501],[-121.21666836190349,38.72963749833847],[-121.21666850574678,38.7296467264893],[-121.21667602229067,38.730113703689476],[-121.21667755752397,38.7302083405262],[-121.21667775275333,38.73022086351314],[-121.2166791130097,38.73030432302923],[-121.21668221278387,38.73049738634974],[-121.21668352231808,38.73057900502871],[-121.21668379612431,38.73059553767658],[-121.21668531686521,38.73068990050078],[-121.21668885159333,38.73088151069696],[-121.21668978424445,38.73094967290082],[-121.2166899226319,38.730959476983244],[-121.21669147092358,38.73107363781924],[-121.21669457442825,38.73126628857113],[-121.21669515166407,38.73130303436464],[-121.21669543454273,38.73132033594728],[-121.21669765073605,38.73145822655504],[-121.21670097758914,38.73166570710025],[-121.21670117194778,38.73167663741182],[-121.21670143261622,38.73169277180263],[-121.21670325185987,38.731806206777556],[-121.21670725208608,38.732051258238776],[-121.21670763340734,38.732075384244595],[-121.21670973129874,38.73220818025413],[-121.2167128055806,38.73240030974378],[-121.21671291317375,38.732406461464485],[-121.21671305975539,38.73241544180739],[-121.21723310398879,38.73242826050233],[-121.21724708793042,38.73242862944696],[-121.21751986728874,38.73243538479681],[-121.21819251135729,38.7324519742584],[-121.21840227425982,38.73245717702291],[-121.21869895717049,38.732464475066365],[-121.21878727784899,38.73246671738994],[-121.21879356924143,38.73286454227221],[-121.21879488632783,38.73294577719855],[-121.21879969377075,38.733248828343854],[-121.21880277373872,38.73344095776506],[-121.21880576187101,38.733631713575946],[-121.21880578361201,38.73363308671175],[-121.21880745958275,38.73373920261819],[-121.21880882825593,38.73382524334973],[-121.21881187321762,38.73401737252743],[-121.21881495325164,38.73420950193869],[-121.21881799706857,38.73440165856325],[-121.21882127940621,38.73460738192574],[-121.21882214698655,38.73466241717933],[-121.2188250975222,38.73484910112078],[-121.21882511926388,38.734850474256476],[-121.21882665791334,38.73494786456874],[-121.218829816477,38.73514562375211],[-121.21883563141398,38.73551343180646],[-121.218841321552,38.73587025509729],[-121.21885168131242,38.736523565637974],[-121.22033108119236,38.736535560653685],[-121.22033283401595,38.736535575178195],[-121.22075945726968,38.73653903020254],[-121.22138434078599,38.73654420009735],[-121.22139780152843,38.736544317886974],[-121.22140702138307,38.73654439417339],[-121.22143376861675,38.736544614160216],[-121.22273078921583,38.73655535599314],[-121.22294435342202,38.73655711599503],[-121.22294610605933,38.736557147641136],[-121.22335114875051,38.73656049871704],[-121.22360380135147,38.73656254660492],[-121.22371240674345,38.73656341059053],[-121.22399250951104,38.736518973408266],[-121.22428715410253,38.73652348370373],[-121.22449035362115,38.736524045714674],[-121.2244911952903,38.73652402388053],[-121.22457400777876,38.73651743782148],[-121.22541537444256,38.736523359836845],[-121.2258189000456,38.73652861847325],[-121.22587394435274,38.73685888666567]]]}},{"type":"Feature","properties":{"OBJECTID":4,"DISTRICT":3,"CREATEDATE":"2020-06-13T20:07:49Z","LASTEDITDATE":"2025-11-21T02:16:24Z","GlobalID":"{10FCF295-6478-43D3-89A4-A5970C98D33C}","SHAPESTArea":251598748.5226604,"SHAPESTLength":106443.91845347056},"geometry":{"type":"Polygon","coordinates":[[[-121.30076328471135,38.80263374685399],[-121.30072149728589,38.80632297290616],[-121.30068361426233,38.81003218429111],[-121.3016262952763,38.81009133351197],[-121.30163329254462,38.81009177306017],[-121.3028628007849,38.81016890620727],[-121.30305959286892,38.81016783623205],[-121.30311932896595,38.81016750817557],[-121.30326386205071,38.81016659041479],[-121.30417340646122,38.81016077085225],[-121.30464957957332,38.81015771879549],[-121.30514430191863,38.81015454166795],[-121.30570979910287,38.81015090819386],[-121.30643815826238,38.81014622838404],[-121.30644517609853,38.81014618173339],[-121.30706173437602,38.81014221774824],[-121.3070929202687,38.8101400697495],[-121.30742463193968,38.81013776451355],[-121.30742462926514,38.810138039091676],[-121.30768783145844,38.81013601105512],[-121.30778040753052,38.81013665893679],[-121.30795587940639,38.81013552156231],[-121.30797971950821,38.808093507219766],[-121.3080133840293,38.80808719991647],[-121.30802903011251,38.807182670188645],[-121.30804204315059,38.806660469625896],[-121.30809672297345,38.80569716204319],[-121.30815136400204,38.805376102511644],[-121.30923153945467,38.80517348358086],[-121.31052984104225,38.80492990345566],[-121.31186724536408,38.80467900295004],[-121.31190490429037,38.80480187354194],[-121.31263680919733,38.8071919907726],[-121.31264432860873,38.80721644668502],[-121.31264497479022,38.80721857861311],[-121.31798145628251,38.80621752387602],[-121.31819151916197,38.80617810360797],[-121.31881379315534,38.80606135929668],[-121.3186846124883,38.805972647747645],[-121.3172611711207,38.80499511268111],[-121.3165481714462,38.80450511210754],[-121.31347717045816,38.80239611196818],[-121.31359617061149,38.80229511256168],[-121.31371616967861,38.80219211165416],[-121.31427317029821,38.80171311225698],[-121.31479117048508,38.8012681117012],[-121.31475516993898,38.801239112208386],[-121.31459217025812,38.801096111684465],[-121.31444316986098,38.80094411205267],[-121.31430717039714,38.800784111800155],[-121.3141861702544,38.800618112208745],[-121.31408017024647,38.80044511174806],[-121.31399017038078,38.80026711129335],[-121.31391616966555,38.80008411224912],[-121.31385816977246,38.799898112329146],[-121.31381716978146,38.79970911196929],[-121.31379117026935,38.79948811183651],[-121.31378716994769,38.7994221114489],[-121.3137861702372,38.79764711129434],[-121.31378616926563,38.79734211190209],[-121.31378517006574,38.79721411143627],[-121.3137851695468,38.79536011195505],[-121.31378517022829,38.79464511162645],[-121.31378516875081,38.7925001117363],[-121.3137851694305,38.791786111447074],[-121.31378316895291,38.78962411076288],[-121.31378216866828,38.78822011167732],[-121.31378216778428,38.78817211118679],[-121.31378116806135,38.78515711054435],[-121.31378116759808,38.78313911035523],[-121.31378216738479,38.782922111033294],[-121.31378216786295,38.78126711016177],[-121.31378216779021,38.780978110306414],[-121.31378116783904,38.78041211063033],[-121.3137801676596,38.77871511043637],[-121.31378016764558,38.77866811081188],[-121.31377716736006,38.7783421107515],[-121.31376516738736,38.77815010980697],[-121.31373216788248,38.77786110977809],[-121.31370516713095,38.77771311044156],[-121.313680167778,38.77757411041271],[-121.3136081666714,38.777290110099464],[-121.31334116799594,38.77644111059391],[-121.3132091671295,38.77602111009422],[-121.3130641672685,38.77555410975211],[-121.31302716673261,38.7754341098255],[-121.31298116768377,38.775246110217445],[-121.31292716687857,38.774963109729796],[-121.3128921666215,38.77467710982448],[-121.31287616665084,38.774391110466304],[-121.31287616654133,38.7742601095299],[-121.31287616668376,38.77410810964329],[-121.31287616663944,38.77362010937805],[-121.31287616670208,38.773404109671674],[-121.31287616688198,38.77275711005595],[-121.31287616605985,38.772542109855074],[-121.31287416647594,38.7698231098766],[-121.31287316610116,38.76876010935999],[-121.31287316596996,38.768490109796105],[-121.3128721658719,38.76824710934459],[-121.31287016522053,38.767519109287],[-121.31287016562818,38.76727710946018],[-121.31286816603811,38.76674710947634],[-121.3128681666872,38.76627810885215],[-121.3128511656162,38.76599010912302],[-121.31281616481135,38.76570410965398],[-121.31276216579273,38.76541910910907],[-121.31269816628051,38.765174109291344],[-121.31268916610847,38.765137109243526],[-121.31259716598856,38.764858108648816],[-121.31252516451131,38.76467510950231],[-121.31248616553817,38.76458710902716],[-121.3124451658372,38.764493109828955],[-121.312439165035,38.764482109018175],[-121.3123111656045,38.764225108972745],[-121.31215816547649,38.763964109429295],[-121.31213416505894,38.76392810852297],[-121.31201816583966,38.763753109479346],[-121.31198916528932,38.76370810857146],[-121.31197416516537,38.7636881094584],[-121.31183216507709,38.763501108692026],[-121.31178516505219,38.76343910929952],[-121.31158116541607,38.76320110869337],[-121.31128016491182,38.76288410921124],[-121.31125716530943,38.76286010905326],[-121.31113916588674,38.762725109159454],[-121.31105116554069,38.76262310955885],[-121.3110141644427,38.76257510969787],[-121.31096416536566,38.7625121091081],[-121.3108611656139,38.76237810962049],[-121.31082916513525,38.76233110939539],[-121.31068816498174,38.762125109074134],[-121.31053216429629,38.761866109111686],[-121.31039316517159,38.76160110912539],[-121.31027216436523,38.76133010892165],[-121.3101641648241,38.76103710909194],[-121.31008116432064,38.76075710948992],[-121.31001616485894,38.76047510931424],[-121.3099731644039,38.76020610878404],[-121.30996516492978,38.76013610879811],[-121.30995216357687,38.760015108721525],[-121.30993816465883,38.75972810856598],[-121.3099421643709,38.759175108670306],[-121.30963216362771,38.75917610858255],[-121.30870616459605,38.75917910866027],[-121.30839716408975,38.759181109385345],[-121.30821916446484,38.759181108521666],[-121.30812416363239,38.75918110928492],[-121.30768616480006,38.75918410883273],[-121.30750916369338,38.759185108930495],[-121.30682916409226,38.759187109382545],[-121.30662716302064,38.75918710895282],[-121.30609116408544,38.75918710946908],[-121.30515916340387,38.759187109258],[-121.30502116342646,38.75918710885655],[-121.30469216295583,38.75918810949235],[-121.30298516295736,38.75918510978948],[-121.30131916314672,38.75918110985117],[-121.30095716327601,38.759180109511036],[-121.29987216315631,38.75917710980478],[-121.29982316344392,38.75917711009212],[-121.29951116287212,38.75918010909339],[-121.29928716339661,38.7591901094192],[-121.29926116186934,38.75919110985704],[-121.2989511626393,38.759216110411046],[-121.29861816224634,38.75925710980325],[-121.29851716337288,38.759273109695286],[-121.29827116325504,38.759313109880274],[-121.29823516304066,38.759318109529275],[-121.2981281618576,38.759337110503594],[-121.29809316332128,38.75934411041547],[-121.29801916248455,38.7593561095915],[-121.2976781620752,38.759436109499234],[-121.29762916208875,38.75944810936739],[-121.2972841618244,38.759547109949565],[-121.29694516339482,38.75965911020543],[-121.29661516233226,38.759785110020765],[-121.29629316247357,38.75992510961142],[-121.29598116233322,38.76007711044156],[-121.29568016174284,38.760243109476406],[-121.29539016221872,38.76042011028767],[-121.29511316165973,38.76060911020256],[-121.29411816139016,38.76142511009881],[-121.2913071619066,38.75935010981523],[-121.2911041618478,38.75911211034711],[-121.29081216186941,38.75889710986739],[-121.29052116138718,38.7586821106297],[-121.28962416035665,38.75868411007664],[-121.28915116185455,38.75869011097841],[-121.289031160936,38.75869211092272],[-121.28867316117326,38.75869911083204],[-121.28855416112887,38.758702110453896],[-121.28775816118362,38.75871911023515],[-121.28697316100364,38.75873511013756],[-121.28649416063342,38.758745110883545],[-121.2843421606258,38.75879011069263],[-121.28433816056462,38.75925511053292],[-121.28433816018298,38.75927511071318],[-121.28435316030476,38.75929111053702],[-121.2843471610409,38.759678111465604],[-121.28432516043607,38.7598111108148],[-121.28428216047634,38.759941111142425],[-121.28421916054207,38.760066111294186],[-121.28415016094345,38.76016711112366],[-121.28405416007939,38.76027811126739],[-121.28395715979879,38.76036511099011],[-121.28383416100236,38.760454111284695],[-121.28369416136093,38.76053211125718],[-121.28356615987836,38.760588111056585],[-121.28343216042059,38.760633111136606],[-121.28331516013283,38.7606611114603],[-121.28329216129183,38.76066711077933],[-121.28314815985543,38.76069011062857],[-121.28297716030944,38.76070111118509],[-121.28207116001926,38.76070311078031],[-121.28192416052957,38.76070811140975],[-121.281773160572,38.76072411143278],[-121.28162515942182,38.76075311065051],[-121.28148216000693,38.76079411164789],[-121.28135015954545,38.76084511133004],[-121.28124016051474,38.760897111402514],[-121.28121515913203,38.760910111773775],[-121.28107616074367,38.760997111254994],[-121.28095116054666,38.76109611131824],[-121.28094215924516,38.76110411150836],[-121.28085716036368,38.76119011071926],[-121.2808251600947,38.761228110780486],[-121.28074916071746,38.761332111198186],[-121.28072815974248,38.761368111000365],[-121.28068816073392,38.76144111086483],[-121.28063416023429,38.761574110992605],[-121.28060315955179,38.76171111103637],[-121.28059416042466,38.7618101115765],[-121.28059815985257,38.76200311131104],[-121.2806031598312,38.76222411159884],[-121.28061916057567,38.762753111093545],[-121.28063816043887,38.76334011142159],[-121.28066315993242,38.76415311100316],[-121.28067716067362,38.76416911127995],[-121.28068416019471,38.7642091117718],[-121.28070216049818,38.76427911205858],[-121.28071916043777,38.76433011166845],[-121.28074116059724,38.764395111632325],[-121.28079316082153,38.76450711125028],[-121.28087216019695,38.76463711173938],[-121.2809681601123,38.76475911141914],[-121.28098816062277,38.76478211188418],[-121.28095316049642,38.76480011106602],[-121.28085016086862,38.76485611176382],[-121.28081616067496,38.76487511113648],[-121.28077416010436,38.764898111213896],[-121.28069116106114,38.7649291115629],[-121.28067516080557,38.764936111394206],[-121.28055816068908,38.76496311151241],[-121.28042416084551,38.764974111839685],[-121.2802881609363,38.764970112175284],[-121.28015216017245,38.76496611165965],[-121.27999916065629,38.76496111173372],[-121.27954316052714,38.764947111722506],[-121.27940616111862,38.76494311168517],[-121.27939116020272,38.76494311123322],[-121.27932315967524,38.76494511167224],[-121.27916116079754,38.76495011183572],[-121.27912116028888,38.764952111670524],[-121.27905416002308,38.76495811147331],[-121.27904016003681,38.764869111777024],[-121.27900916008942,38.764656111612666],[-121.2789931595187,38.76460611199102],[-121.27897816060637,38.76455911168297],[-121.27896115977913,38.76452311228747],[-121.27894015967819,38.76448011125275],[-121.27893316025863,38.764465111911434],[-121.2788731602859,38.76437611199887],[-121.27886216069446,38.76436311225844],[-121.27883316008528,38.764328111959294],[-121.27874016045001,38.76424011104357],[-121.27873116061758,38.76423311196447],[-121.27863215971345,38.76416211233775],[-121.27852715947068,38.764104111770735],[-121.27839715998341,38.76405011170085],[-121.27836516032846,38.7640411112767],[-121.2782601600259,38.764012111901806],[-121.27823115989652,38.76400511198701],[-121.27805915990477,38.76396711192075],[-121.27754516016726,38.763853112337884],[-121.2773741599733,38.76381611151147],[-121.27735615960353,38.76381111163928],[-121.2773031600638,38.76379911133657],[-121.2772861591277,38.76379611192857],[-121.27685715979833,38.763701111939504],[-121.27557115972802,38.76341711228846],[-121.27514315955966,38.76332311169851],[-121.27476415937896,38.763239111678274],[-121.27362916006447,38.76298811208982],[-121.27325115976953,38.76290511220504],[-121.27319215993212,38.7630251125992],[-121.27316315952828,38.763123112098775],[-121.27314915923922,38.76323711218196],[-121.27315115986217,38.7634081114905],[-121.27315515964244,38.76372811221059],[-121.27351215947942,38.763742112276624],[-121.27375415888135,38.763767112196334],[-121.27399315929375,38.7638101125231],[-121.27438515888794,38.763897112518315],[-121.27489515887036,38.76401011259166],[-121.27485515943505,38.76412311223254],[-121.27479916018719,38.764286111916945],[-121.27477415992891,38.76441911275645],[-121.27477215911982,38.76447011193377],[-121.2747711596413,38.764553111907134],[-121.27477315871087,38.76459011177694],[-121.27399615944381,38.764595112448276],[-121.27226915896092,38.76460911222396],[-121.27181216000145,38.76461011243021],[-121.27173815878132,38.76461311218456],[-121.27166515915921,38.76462011217485],[-121.27161115934365,38.76462611168488],[-121.27090315918811,38.764769112311754],[-121.27074915872718,38.76432411218482],[-121.27067315899176,38.76414111209025],[-121.27058115920518,38.76396411223103],[-121.27047315893114,38.76379111213411],[-121.27037715917035,38.763660111999734],[-121.27012315876445,38.76337011236723],[-121.26985815880444,38.763123112669106],[-121.26978115896671,38.763036112674094],[-121.26961815873528,38.76281511232179],[-121.26944715880549,38.76253611268747],[-121.26932815809486,38.76225311182144],[-121.26929915865868,38.76206511241548],[-121.26926015775405,38.76144111159272],[-121.26929115825723,38.7594061116483],[-121.27347615870806,38.75940811159252],[-121.27384915869504,38.75909911163149],[-121.27418115821659,38.758826111748014],[-121.27499415905409,38.75815511166985],[-121.2749951588776,38.757596111819026],[-121.27499515895289,38.75744311103359],[-121.27499715845089,38.756985111074876],[-121.27499815831717,38.756833111938825],[-121.27469515940032,38.75696311205992],[-121.27447915866573,38.75705911177816],[-121.27442315872217,38.75707011143692],[-121.27436315804928,38.75706711186242],[-121.27430615802203,38.75704911130164],[-121.27426015811197,38.75701911168834],[-121.27414015880044,38.756871111179564],[-121.2738191580743,38.757013111614896],[-121.27308415805888,38.75733911176641],[-121.27205115816102,38.75771411163956],[-121.27103115843965,38.75800711137149],[-121.26981715813034,38.75826511131393],[-121.26879015791216,38.75839411212724],[-121.26763915692675,38.758490112045784],[-121.26589715677025,38.75856611199895],[-121.2659761579279,38.75832211255262],[-121.26604815746673,38.75814511213101],[-121.26551015724921,38.75815211245149],[-121.26482715705741,38.75816111222664],[-121.26399015686096,38.75817211223512],[-121.26364915726651,38.75817711212428],[-121.2634221572482,38.75818511233193],[-121.2625981569371,38.7581681121395],[-121.26250215670947,38.758168112451784],[-121.26231115745983,38.75816211309372],[-121.26225515695002,38.758159112779374],[-121.26221615774149,38.75815711226467],[-121.26216315661043,38.758154112437005],[-121.26197215696253,38.758139112623454],[-121.26173615727795,38.758113112198764],[-121.26168315737586,38.758106111977234],[-121.26162915621927,38.75809911291304],[-121.26161715756386,38.75809711234478],[-121.26150915751185,38.758080112119444],[-121.26132015729252,38.75804711317849],[-121.2612561567678,38.75803311262171],[-121.26106415666789,38.75798811284231],[-121.26089615688483,38.757942112280055],[-121.26029815628337,38.75774811229962],[-121.2601551563094,38.75768811248453],[-121.25993615670984,38.75762211263668],[-121.25960715624217,38.75752411288122],[-121.25937415679824,38.75742611317957],[-121.25902115625219,38.75727911201134],[-121.2588971566084,38.75722911191516],[-121.25867415574564,38.75714011275295],[-121.25844015633268,38.75704711272259],[-121.25774915628996,38.75677111280252],[-121.25574015563582,38.755968113385606],[-121.25567915648492,38.75594011288637],[-121.25537015565772,38.755800113040024],[-121.25501115602901,38.75561711225593],[-121.2547791547244,38.75548711227886],[-121.25444215490593,38.75528011256093],[-121.25411915507976,38.7550601124928],[-121.25409115457329,38.755039112621304],[-121.25381115474448,38.754827112438356],[-121.25352015544713,38.75458111303345],[-121.25333515511328,38.75441111331206],[-121.25307115425751,38.754147112957554],[-121.25282615414888,38.75387211246484],[-121.25260015468855,38.75358711285834],[-121.25239215459875,38.75329411304139],[-121.25220515463896,38.752992112320115],[-121.25202415437458,38.752671112848226],[-121.25197615423389,38.75259711270537],[-121.25186015419625,38.75241411308191],[-121.25167915463349,38.752164112766984],[-121.25148215434592,38.75192111208623],[-121.25131615370222,38.75173711250564],[-121.25112815439896,38.75188011290516],[-121.25094715465426,38.752019112685964],[-121.25056115379553,38.75230011290703],[-121.25038015369717,38.75243311324562],[-121.25037115443293,38.752440112938686],[-121.25019715415146,38.752562112555886],[-121.24992115474679,38.75274011300515],[-121.24963415353547,38.75290611318862],[-121.24940615383875,38.75302011289711],[-121.24915315392482,38.75312411298888],[-121.24899815459058,38.75317511320018],[-121.24894215423564,38.7531941133033],[-121.24868515393854,38.753264113382585],[-121.24833615481631,38.75334511329176],[-121.24798315348177,38.753411113147095],[-121.24774415363694,38.753445112824146],[-121.24753015329061,38.75346611336699],[-121.24729815401922,38.75347511360466],[-121.24706715397747,38.75347211311707],[-121.24667915386586,38.75344511285203],[-121.24649615413878,38.75342711333402],[-121.24594515397347,38.75336211342471],[-121.24435715357833,38.75316211301782],[-121.24418715329523,38.75314111351365],[-121.2440431542568,38.753127113041636],[-121.24375915358043,38.753087113697966],[-121.2428071530635,38.752964114027556],[-121.24269915321445,38.753476113331274],[-121.24267315328899,38.753667113224104],[-121.24267015325476,38.753724113692606],[-121.24266415248863,38.75385811351602],[-121.24267215346288,38.75405011376006],[-121.24269715233928,38.75424011326905],[-121.24273915349683,38.75442911365187],[-121.24279815294632,38.75461511305204],[-121.24289415391596,38.754842114279334],[-121.24299015352176,38.75501911338152],[-121.24309215431661,38.7551771137379],[-121.24310015374216,38.75519011383704],[-121.2432261537062,38.755354114006096],[-121.24336615368912,38.75551111315613],[-121.24361215344186,38.755752114321744],[-121.2441641536722,38.75629411323088],[-121.24404715424791,38.756365114341556],[-121.24383815347683,38.756495113760046],[-121.24369115379726,38.75656911398444],[-121.24365515295192,38.75658811351085],[-121.24356615312126,38.75662511410976],[-121.24346315355903,38.756669114160495],[-121.24326215374212,38.756737114062055],[-121.24305415365123,38.75679011410526],[-121.24288515301495,38.75682311393433],[-121.24266915443847,38.75685011377105],[-121.2424511532153,38.75686311423159],[-121.2422321536052,38.75686011455783],[-121.24201515307212,38.75684311416288],[-121.24180015361833,38.75681111422408],[-121.24161515394825,38.75677111457785],[-121.24132815313409,38.75669911365855],[-121.24122315253369,38.75696211368202],[-121.24120615396988,38.757050113817684],[-121.24112015354412,38.75791311402631],[-121.24110315356506,38.757978113901665],[-121.24106815350966,38.75806311441101],[-121.2410161536766,38.75815011333179],[-121.2409481530262,38.75823011451713],[-121.24085615274885,38.75831011383532],[-121.24074915373176,38.75837711371778],[-121.24064415272323,38.75842611439427],[-121.23984715354646,38.75868811425126],[-121.23966815394785,38.75876111449084],[-121.23949815388332,38.75884511473848],[-121.2390181539551,38.759119114382706],[-121.2387321535572,38.75929911465659],[-121.23810915334661,38.759730114497096],[-121.23783315351591,38.75994011409281],[-121.2372891538762,38.7603871149084],[-121.23716615387488,38.760468114472935],[-121.23703115301012,38.76053611454965],[-121.23688615303091,38.760591114527905],[-121.23675715303236,38.760626114929636],[-121.23642515350515,38.7606921143472],[-121.23630515289561,38.760729114853945],[-121.23616115328902,38.760792114717084],[-121.23604515284998,38.76086311509971],[-121.23595515253335,38.7609341149015],[-121.23586615313697,38.761026114845215],[-121.23579515319206,38.7611261148528],[-121.23574215298005,38.7612331140528],[-121.23570515369049,38.76132611461067],[-121.23563915303743,38.7614801153496],[-121.23558215392814,38.76157611524947],[-121.23553715247591,38.761638114606],[-121.2354541524766,38.76173011462228],[-121.23529215292517,38.76187811509303],[-121.23519715305208,38.761944114603956],[-121.23507715317415,38.762004115471925],[-121.23496115285515,38.762046115291014],[-121.23483915304726,38.76207411493672],[-121.23460715214136,38.762108114689276],[-121.23447915330357,38.762142114844515],[-121.23434415264268,38.76219611493435],[-121.23423515354656,38.762257115642875],[-121.23413815312257,38.76233011430222],[-121.2338781530155,38.76255211463101],[-121.2339791527101,38.762635115015264],[-121.23406415275551,38.76272811558348],[-121.23412415365134,38.76281611479678],[-121.2341751539684,38.762923115051514],[-121.23420415402164,38.76302011484901],[-121.23421815307172,38.76311911496219],[-121.234210152997,38.76397311487497],[-121.23420215298376,38.764746115517404],[-121.23369115360367,38.76474011514686],[-121.23360615320861,38.7647461154386],[-121.23340515310097,38.76478411520339],[-121.23326015343174,38.764827115632635],[-121.23313715268472,38.76488011513515],[-121.23302615336428,38.76494211546431],[-121.23291315359891,38.7650251146242],[-121.23282715327642,38.76510811569948],[-121.23194215338788,38.76611711560931],[-121.23173415331301,38.765998115511884],[-121.23156415242609,38.76588811594896],[-121.23134915276609,38.765732115615165],[-121.23119715293268,38.7656071153992],[-121.23094815221249,38.76538511557813],[-121.23072215302696,38.765210115270044],[-121.23061115217139,38.76513311574085],[-121.23054315362671,38.765086115315334],[-121.23051415296258,38.765068115450596],[-121.23029215289175,38.76493311594151],[-121.23002815254392,38.76479411523634],[-121.22975215351799,38.764670115854784],[-121.22953815268987,38.76458711554023],[-121.2293191524835,38.764513115188635],[-121.2292381526496,38.76448911509301],[-121.22893715166033,38.76440911528829],[-121.22862915260188,38.76434511564277],[-121.22831615206967,38.764299115399396],[-121.22800015228813,38.764269115726414],[-121.2279111528211,38.7642641157833],[-121.22784815253813,38.76426111548765],[-121.22761015264892,38.76425711621556],[-121.22737115192845,38.76426211520429],[-121.22713315259523,38.764277115702654],[-121.22681815123347,38.76431311543338],[-121.22650715195145,38.76436511566688],[-121.2262011525673,38.76443511529025],[-121.2259761522168,38.76449711568098],[-121.22570915180151,38.764586116009646],[-121.2254891520315,38.76466011644802],[-121.22519015164195,38.76474511605351],[-121.22497615155783,38.76479411574924],[-121.22466515166245,38.76485011537717],[-121.22443015210771,38.7648811160596],[-121.2241131521388,38.76490711557412],[-121.2239411521748,38.764911116472994],[-121.22379515101717,38.76491611614409],[-121.22347715161052,38.76490711601106],[-121.22325815208369,38.764891116279216],[-121.2225971508343,38.76482911560131],[-121.22251515090089,38.765362116250394],[-121.22233815135947,38.76652711588185],[-121.22228415142607,38.76677211626035],[-121.22222915140834,38.76695311641764],[-121.22213715196588,38.76719311637772],[-121.22202415195068,38.767426116765584],[-121.22201215248022,38.767446116258036],[-121.22189015119729,38.767652116833844],[-121.22173715187094,38.767870116671624],[-121.22156515209475,38.76808011619239],[-121.22138715167864,38.76826511639068],[-121.22137415259179,38.76828011625039],[-121.22122015219402,38.76842211668693],[-121.2209991513969,38.76860211708347],[-121.22076415117253,38.768769116334944],[-121.22051315177916,38.76892411693761],[-121.21875715233072,38.76989011681894],[-121.21785215117391,38.77038911727238],[-121.21795015104288,38.77038711669725],[-121.21820353485181,38.770384226037436],[-121.21837818888257,38.770396662722064],[-121.21968590050001,38.77038589560739],[-121.22147905532508,38.770374677146805],[-121.22202268768798,38.770371292141625],[-121.22310188499556,38.77036448796223],[-121.22704567895968,38.77033965807053],[-121.22747421294264,38.77033675657947],[-121.22899886666889,38.77032608831373],[-121.23024725063036,38.77032689524988],[-121.23231385808936,38.77032807357357],[-121.23282635404692,38.7703283862552],[-121.23286749794342,38.77032843848639],[-121.23300548702265,38.770328526521084],[-121.23319121475517,38.770328627695015],[-121.2336215974073,38.77032891615014],[-121.2343188736775,38.770329357366826],[-121.2350196929979,38.77032976282462],[-121.23523712919979,38.77032990492181],[-121.23545810844408,38.770330015027675],[-121.23568259477163,38.77033017526428],[-121.23590353894369,38.77033028429131],[-121.23641217652208,38.77033058320426],[-121.23671793410442,38.77033078173916],[-121.23771875879228,38.77033134455364],[-121.23821171722777,38.77033164245822],[-121.23831533195177,38.77033169081176],[-121.23865862084673,38.77033191081754],[-121.23881995330775,38.770331980281405],[-121.23901993884576,38.77033213816141],[-121.23908439104325,38.7703321762273],[-121.23917771087756,38.770332224976976],[-121.23918946119143,38.770332246384264],[-121.23932290690523,38.77033233900778],[-121.23941608805548,38.770332318007824],[-121.23956142466871,38.77033248758074],[-121.23965446479379,38.770332451735804],[-121.23979994155636,38.77033263565793],[-121.23989284153303,38.77033258497428],[-121.24007099143995,38.77033280400875],[-121.24013125334697,38.770332717952854],[-121.24035024903216,38.77033298424945],[-121.24036970023558,38.77033285067132],[-121.24060800682987,38.77033298198216],[-121.24064129215321,38.770333172265694],[-121.2408463835726,38.77033311326258],[-121.24095129398026,38.770333359954456],[-121.24108479539007,38.7703332442828],[-121.24124587985065,38.77033354216088],[-121.24132317213463,38.77033337458415],[-121.24156154888,38.77033350439597],[-121.2417999256263,38.77033363371836],[-121.24210747229245,38.770333802283396],[-121.24238604215365,38.77033424773307],[-121.24369332603615,38.77033502810725],[-121.2439998903471,38.77033521340446],[-121.24423724967136,38.77033535855537],[-121.24423746099104,38.77033535993115],[-121.24461058121301,38.77033557806355],[-121.24471895384063,38.770335143659224],[-121.24493276149491,38.77033526252177],[-121.2451022996836,38.770335358094016],[-121.24634183245243,38.77033599479687],[-121.24651720737087,38.77033608432127],[-121.24725912518645,38.77033645816602],[-121.2473956497766,38.77033653744728],[-121.24739064656333,38.77121316372707],[-121.24739083897117,38.77133423453645],[-121.24739200006039,38.772298761951724],[-121.24739222963494,38.772509159199416],[-121.2473925404668,38.77274171689911],[-121.2473926094381,38.772821405218295],[-121.24739305923478,38.77320661194175],[-121.24739326399366,38.77334641028545],[-121.2473937165909,38.77374295784142],[-121.24739383824846,38.77383258688447],[-121.24739394556136,38.77393517678233],[-121.24739483479445,38.77394727851709],[-121.24981596387077,38.77394462029283],[-121.25131291698438,38.77394297089216],[-121.25242859847383,38.77267537526573],[-121.2525834942014,38.77274938780787],[-121.25274045286983,38.772820722376906],[-121.25289894257394,38.772889924733924],[-121.25291993158679,38.77289873705336],[-121.25305896388049,38.77295693995715],[-121.25322044662893,38.77302176758905],[-121.25338335602117,38.773084379940116],[-121.25354765725874,38.7731447493211],[-121.25371328017907,38.77320287527521],[-121.253828619201,38.77324147184605],[-121.25388012011985,38.773258702204885],[-121.2540215543276,38.773303751807454],[-121.25404824693054,38.77331225801347],[-121.25409260219628,38.7733256824519],[-121.25416381184117,38.77334724270058],[-121.25421748579697,38.77336348665324],[-121.25427095824794,38.773378878038244],[-121.25434263390888,38.77339949381313],[-121.25438762567717,38.77341244168309],[-121.25441448873642,38.773419753032684],[-121.25455870249532,38.77345904095112],[-121.25489275010563,38.77354254768506],[-121.25490958197724,38.77354641837357],[-121.25490734261847,38.77354931472009],[-121.25435775475617,38.773568275383205],[-121.25384354522004,38.77329108915348],[-121.25376189246731,38.773383954469935],[-121.25372869060142,38.77342248656117],[-121.25369632502286,38.773461463373316],[-121.25366486851388,38.77350088537498],[-121.25363424858203,38.7735407246412],[-121.25360453537907,38.77358098162368],[-121.25357573182464,38.77362162888221],[-121.25354783500121,38.77366269385843],[-121.25352084693915,38.773704066727454],[-121.25348810681406,38.77375539721705],[-121.25337062600799,38.77393969207761],[-121.25336998397708,38.773940704640836],[-121.25388761817968,38.77394013343124],[-121.25476533206604,38.77393915283989],[-121.25507712627773,38.77393880620836],[-121.25658800501915,38.77393709645493],[-121.25658800631035,38.77393697289493],[-121.25658802396421,38.77393528355524],[-121.25661082497555,38.7739352517667],[-121.25669412104976,38.77396656393153],[-121.25676092165301,38.77399167576598],[-121.25793772612916,38.77443404628274],[-121.25827605480127,38.77456691618786],[-121.25837681006739,38.77459442912284],[-121.2586177587232,38.77466021820736],[-121.25885772490258,38.774729505227384],[-121.25909665782767,38.77480227552147],[-121.25933450693924,38.77487851369114],[-121.25957122190744,38.77495820360407],[-121.25980675264235,38.77504132839753],[-121.26004104930469,38.77512787048195],[-121.26027406231628,38.77521781154469],[-121.26047761895727,38.775295677926565],[-121.26068009781073,38.77537630542428],[-121.26088146142594,38.77545967912486],[-121.26108167255835,38.775545783607384],[-121.26110819429204,38.7755573076462],[-121.26233695723087,38.776231607517545],[-121.26234255727302,38.77623468425092],[-121.26234268022817,38.776234751621736],[-121.26338688910212,38.776807758644914],[-121.2635026909445,38.7768723440985],[-121.26361628049469,38.7769407455719],[-121.26372753204974,38.7770128873692],[-121.26383632249411,38.777088689655315],[-121.26394253143577,38.77716806854429],[-121.26404604133951,38.77725093619216],[-121.264146737657,38.77733720089416],[-121.26424450895351,38.77742676718619],[-121.26430468577163,38.777485181058246],[-121.26436355017644,38.77754491724251],[-121.26442107311885,38.77760594625967],[-121.2644772262118,38.77766823799244],[-121.26453198174417,38.777731761700345],[-121.26458531269458,38.77779648603499],[-121.26463719274466,38.77786237905545],[-121.26468759629203,38.77792940824408],[-121.26477418017394,38.77805766704926],[-121.26485521053152,38.77818950471722],[-121.26493053966556,38.77832468093899],[-121.2650000302688,38.77846294932023],[-121.26515937236245,38.77881195260655],[-121.26531550879751,38.779153906402286],[-121.26534232635485,38.77934596434246],[-121.26539364119793,38.77971361585005],[-121.26543907048877,38.78020963038502],[-121.26547014162321,38.7805486925767],[-121.26551924136174,38.780548344178825],[-121.2657349245254,38.78054881190806],[-121.26570875858195,38.78518631134958],[-121.26571371312542,38.78544723602358],[-121.26570591109515,38.78673439977029],[-121.26569714787416,38.78817155927127],[-121.26569535377385,38.788469374309706],[-121.26568919009559,38.78992096562851],[-121.2656891755051,38.78992645676094],[-121.26568883566014,38.79000635436838],[-121.26568813372783,38.79017110726375],[-121.26568743355355,38.79033585948149],[-121.26568673248472,38.79050061306439],[-121.2656860322968,38.7906653659641],[-121.26568533035864,38.790830118164024],[-121.26568462928005,38.79099487174016],[-121.26568394574738,38.79115962473856],[-121.26568306516279,38.791365551401604],[-121.26568417939257,38.79150902088096],[-121.26568170030374,38.79209243830174],[-121.26591898594292,38.792184816700505],[-121.26644005757016,38.7923876582125],[-121.26653994499092,38.792426539657654],[-121.2666398316296,38.79246542238417],[-121.26768364783676,38.79287497886352],[-121.26840030384187,38.79315311692248],[-121.26907619109873,38.79341955700456],[-121.26940683137926,38.79354833607977],[-121.26964182057065,38.79363985346143],[-121.269802441197,38.79370240111024],[-121.26984588153191,38.79371931474653],[-121.2699089451215,38.793743875659594],[-121.26995949721568,38.79376357923411],[-121.27011655377932,38.79382473037395],[-121.27027360944714,38.79388590943975],[-121.27043066743518,38.793947059473204],[-121.2705877245205,38.79400823811905],[-121.27074481696864,38.79406941608608],[-121.27078137291586,38.79408365001874],[-121.27090180558879,38.79413056572713],[-121.2710588626145,38.79419174304287],[-121.27121592106893,38.79425289269363],[-121.27137297951218,38.79431406958941],[-121.2716222675976,38.794411164552294],[-121.27196221453929,38.794543537624776],[-121.27220238250464,38.79463708679033],[-121.27256074796533,38.79477663063021],[-121.27274608237016,38.794848829294224],[-121.27293645016931,38.794922953882065],[-121.2731268183653,38.794997078157394],[-121.27331715187199,38.79507120190061],[-121.27350626252915,38.7951448508665],[-121.27369222816812,38.795217270945095],[-121.27387819329458,38.79528969209283],[-121.27406412488502,38.79536208389777],[-121.27425009252315,38.79543450446004],[-121.27432789659741,38.79546479732051],[-121.27433417967882,38.79546724341134],[-121.2744360947562,38.79550692425133],[-121.27462202807256,38.79557934331142],[-121.27480799510664,38.79565176159501],[-121.27494387933697,38.795704674049155],[-121.27495642724848,38.79570955781144],[-121.27497135763862,38.79570954119343],[-121.27555392326687,38.795708920116724],[-121.27579638743434,38.79570867576952],[-121.27581284510727,38.79570865415195],[-121.27596463939577,38.795708489268925],[-121.27701720585425,38.795707358615964],[-121.28015135773326,38.795703928205135],[-121.28207423606577,38.79570180034977],[-121.28407257362122,38.795699514835725],[-121.28414862826884,38.795699420783635],[-121.28423701824521,38.795699334066065],[-121.28425375558265,38.79569932739228],[-121.28426124708342,38.7956993193345],[-121.28440162005981,38.79569922336736],[-121.28463913648437,38.795699065992196],[-121.28487665317019,38.795698882046274],[-121.28511420494813,38.79569869714414],[-121.28535172136937,38.79569853831148],[-121.28558923805157,38.79569835290813],[-121.28582678955702,38.79569819331968],[-121.28641080886278,38.79569774776834],[-121.28660306072513,38.795697610954576],[-121.28701984618169,38.79569731490496],[-121.28720476469876,38.79569715952886],[-121.28738968293995,38.79569703131608],[-121.28757460118041,38.795696902808906],[-121.2877595197021,38.79569674586293],[-121.28781292457153,38.795696744579644],[-121.28817630514187,38.795696446349176],[-121.28835101180225,38.7956963082421],[-121.29131748192688,38.79569400087168],[-121.29132450058152,38.79569399496444],[-121.29144199127545,38.79569390186712],[-121.29145532440359,38.79569395576219],[-121.29185428507573,38.79569361597863],[-121.29191151492049,38.795693580530354],[-121.29240093477078,38.795693158858384],[-121.29351791886737,38.79569224369774],[-121.29355009561048,38.795692192316935],[-121.29472563712623,38.79568827170849],[-121.29513379993006,38.79568701546521],[-121.29513359186059,38.79568676706697],[-121.30084216937227,38.795667072555304],[-121.30083278717885,38.79648934446352],[-121.3007992074979,38.79939797716496],[-121.30078597473162,38.80059392126341],[-121.30078109942255,38.801032293656945],[-121.30076701678978,38.80230425600265],[-121.30076328471135,38.80263374685399]]]}},{"type":"Feature","properties":{"OBJECTID":5,"DISTRICT":2,"CREATEDATE":"2020-06-13T20:07:49Z","LASTEDITDATE":"2025-11-21T01:30:49Z","GlobalID":"{1A97E61F-22DA-4655-8D18-2C29D3F8F3D9}","SHAPESTArea":186713154.21132421,"SHAPESTLength":94287.01486699839},"geometry":{"type":"Polygon","coordinates":[[[-121.26173615727795,38.758113112198764],[-121.26197215696253,38.758139112623454],[-121.26216315661043,38.758154112437005],[-121.26221615774149,38.75815711226467],[-121.26225515695002,38.758159112779374],[-121.26231115745983,38.75816211309372],[-121.26250215670947,38.758168112451784],[-121.2625981569371,38.7581681121395],[-121.2634221572482,38.75818511233193],[-121.26364915726651,38.75817711212428],[-121.26399015686096,38.75817211223512],[-121.26482715705741,38.75816111222664],[-121.26551015724921,38.75815211245149],[-121.26604815746673,38.75814511213101],[-121.2659761579279,38.75832211255262],[-121.26589715677025,38.75856611199895],[-121.26763915692675,38.758490112045784],[-121.26879015791216,38.75839411212724],[-121.26981715813034,38.75826511131393],[-121.27103115843965,38.75800711137149],[-121.27205115816102,38.75771411163956],[-121.27308415805888,38.75733911176641],[-121.2738191580743,38.757013111614896],[-121.27414015880044,38.756871111179564],[-121.27426015811197,38.75701911168834],[-121.27430615802203,38.75704911130164],[-121.27436315804928,38.75706711186242],[-121.27442315872217,38.75707011143692],[-121.27447915866573,38.75705911177816],[-121.27469515940032,38.75696311205992],[-121.27499815831717,38.756833111938825],[-121.27499715845089,38.756985111074876],[-121.27499515895289,38.75744311103359],[-121.2749951588776,38.757596111819026],[-121.27499415905409,38.75815511166985],[-121.27418115821659,38.758826111748014],[-121.27384915869504,38.75909911163149],[-121.27347615870806,38.75940811159252],[-121.26929115825723,38.7594061116483],[-121.26926015775405,38.76144111159272],[-121.26929915865868,38.76206511241548],[-121.26932815809486,38.76225311182144],[-121.26944715880549,38.76253611268747],[-121.26961815873528,38.76281511232179],[-121.26978115896671,38.763036112674094],[-121.26985815880444,38.763123112669106],[-121.27012315876445,38.76337011236723],[-121.27037715917035,38.763660111999734],[-121.27047315893114,38.76379111213411],[-121.27058115920518,38.76396411223103],[-121.27067315899176,38.76414111209025],[-121.27074915872718,38.76432411218482],[-121.27090315918811,38.764769112311754],[-121.27161115934365,38.76462611168488],[-121.27166515915921,38.76462011217485],[-121.27173815878132,38.76461311218456],[-121.27181216000145,38.76461011243021],[-121.27226915896092,38.76460911222396],[-121.27399615944381,38.764595112448276],[-121.27477315871087,38.76459011177694],[-121.2747711596413,38.764553111907134],[-121.27477215911982,38.76447011193377],[-121.27477415992891,38.76441911275645],[-121.27479916018719,38.764286111916945],[-121.27485515943505,38.76412311223254],[-121.27489515887036,38.76401011259166],[-121.27438515888794,38.763897112518315],[-121.27399315929375,38.7638101125231],[-121.27375415888135,38.763767112196334],[-121.27351215947942,38.763742112276624],[-121.27315515964244,38.76372811221059],[-121.27315115986217,38.7634081114905],[-121.27314915923922,38.76323711218196],[-121.27316315952828,38.763123112098775],[-121.27319215993212,38.7630251125992],[-121.27325115976953,38.76290511220504],[-121.27362916006447,38.76298811208982],[-121.27476415937896,38.763239111678274],[-121.27514315955966,38.76332311169851],[-121.27557115972802,38.76341711228846],[-121.27685715979833,38.763701111939504],[-121.2772861591277,38.76379611192857],[-121.2773031600638,38.76379911133657],[-121.27735615960353,38.76381111163928],[-121.2773741599733,38.76381611151147],[-121.27754516016726,38.763853112337884],[-121.27805915990477,38.76396711192075],[-121.27823115989652,38.76400511198701],[-121.2782601600259,38.764012111901806],[-121.27836516032846,38.7640411112767],[-121.27839715998341,38.76405011170085],[-121.27852715947068,38.764104111770735],[-121.27863215971345,38.76416211233775],[-121.27873116061758,38.76423311196447],[-121.27874016045001,38.76424011104357],[-121.27883316008528,38.764328111959294],[-121.27886216069446,38.76436311225844],[-121.2788731602859,38.76437611199887],[-121.27893316025863,38.764465111911434],[-121.27894015967819,38.76448011125275],[-121.27896115977913,38.76452311228747],[-121.27897816060637,38.76455911168297],[-121.2789931595187,38.76460611199102],[-121.27900916008942,38.764656111612666],[-121.27904016003681,38.764869111777024],[-121.27905416002308,38.76495811147331],[-121.27912116028888,38.764952111670524],[-121.27916116079754,38.76495011183572],[-121.27932315967524,38.76494511167224],[-121.27939116020272,38.76494311123322],[-121.27940616111862,38.76494311168517],[-121.27954316052714,38.764947111722506],[-121.27999916065629,38.76496111173372],[-121.28015216017245,38.76496611165965],[-121.2802881609363,38.764970112175284],[-121.28042416084551,38.764974111839685],[-121.28055816068908,38.76496311151241],[-121.28067516080557,38.764936111394206],[-121.28069116106114,38.7649291115629],[-121.28077416010436,38.764898111213896],[-121.28081616067496,38.76487511113648],[-121.28085016086862,38.76485611176382],[-121.28095316049642,38.76480011106602],[-121.28098816062277,38.76478211188418],[-121.2809681601123,38.76475911141914],[-121.28087216019695,38.76463711173938],[-121.28079316082153,38.76450711125028],[-121.28074116059724,38.764395111632325],[-121.28071916043777,38.76433011166845],[-121.28070216049818,38.76427911205858],[-121.28068416019471,38.7642091117718],[-121.28067716067362,38.76416911127995],[-121.28066315993242,38.76415311100316],[-121.28063816043887,38.76334011142159],[-121.28061916057567,38.762753111093545],[-121.2806031598312,38.76222411159884],[-121.28059815985257,38.76200311131104],[-121.28059416042466,38.7618101115765],[-121.28060315955179,38.76171111103637],[-121.28063416023429,38.761574110992605],[-121.28068816073392,38.76144111086483],[-121.28072815974248,38.761368111000365],[-121.28074916071746,38.761332111198186],[-121.2808251600947,38.761228110780486],[-121.28085716036368,38.76119011071926],[-121.28094215924516,38.76110411150836],[-121.28095116054666,38.76109611131824],[-121.28107616074367,38.760997111254994],[-121.28121515913203,38.760910111773775],[-121.28124016051474,38.760897111402514],[-121.28135015954545,38.76084511133004],[-121.28148216000693,38.76079411164789],[-121.28162515942182,38.76075311065051],[-121.281773160572,38.76072411143278],[-121.28192416052957,38.76070811140975],[-121.28207116001926,38.76070311078031],[-121.28297716030944,38.76070111118509],[-121.28314815985543,38.76069011062857],[-121.28329216129183,38.76066711077933],[-121.28331516013283,38.7606611114603],[-121.28343216042059,38.760633111136606],[-121.28356615987836,38.760588111056585],[-121.28369416136093,38.76053211125718],[-121.28383416100236,38.760454111284695],[-121.28395715979879,38.76036511099011],[-121.28405416007939,38.76027811126739],[-121.28415016094345,38.76016711112366],[-121.28421916054207,38.760066111294186],[-121.28428216047634,38.759941111142425],[-121.28432516043607,38.7598111108148],[-121.2843471610409,38.759678111465604],[-121.28435316030476,38.75929111053702],[-121.28433816018298,38.75927511071318],[-121.28433816056462,38.75925511053292],[-121.2843421606258,38.75879011069263],[-121.28649416063342,38.758745110883545],[-121.28697316100364,38.75873511013756],[-121.28775816118362,38.75871911023515],[-121.28855416112887,38.758702110453896],[-121.28867316117326,38.75869911083204],[-121.289031160936,38.75869211092272],[-121.28915116185455,38.75869011097841],[-121.28962416035665,38.75868411007664],[-121.29052116138718,38.7586821106297],[-121.29081216186941,38.75889710986739],[-121.2911041618478,38.75911211034711],[-121.2913071619066,38.75935010981523],[-121.29411816139016,38.76142511009881],[-121.29511316165973,38.76060911020256],[-121.29539016221872,38.76042011028767],[-121.29568016174284,38.760243109476406],[-121.29598116233322,38.76007711044156],[-121.29629316247357,38.75992510961142],[-121.29661516233226,38.759785110020765],[-121.29694516339482,38.75965911020543],[-121.2972841618244,38.759547109949565],[-121.29762916208875,38.75944810936739],[-121.2976781620752,38.759436109499234],[-121.29801916248455,38.7593561095915],[-121.29809316332128,38.75934411041547],[-121.2981281618576,38.759337110503594],[-121.29823516304066,38.759318109529275],[-121.29827116325504,38.759313109880274],[-121.29851716337288,38.759273109695286],[-121.29861816224634,38.75925710980325],[-121.2989511626393,38.759216110411046],[-121.29926116186934,38.75919110985704],[-121.29928716339661,38.7591901094192],[-121.29951116287212,38.75918010909339],[-121.29982316344392,38.75917711009212],[-121.29987216315631,38.75917710980478],[-121.30095716327601,38.759180109511036],[-121.30131916314672,38.75918110985117],[-121.30298516295736,38.75918510978948],[-121.30469216295583,38.75918810949235],[-121.30502116342646,38.75918710885655],[-121.30515916340387,38.759187109258],[-121.30609116408544,38.75918710946908],[-121.30662716302064,38.75918710895282],[-121.30682916409226,38.759187109382545],[-121.30750916369338,38.759185108930495],[-121.30768616480006,38.75918410883273],[-121.30812416363239,38.75918110928492],[-121.30821916446484,38.759181108521666],[-121.30839716408975,38.759181109385345],[-121.30870616459605,38.75917910866027],[-121.30963216362771,38.75917610858255],[-121.3099421643709,38.759175108670306],[-121.30993816465883,38.75972810856598],[-121.30995216357687,38.760015108721525],[-121.30996516492978,38.76013610879811],[-121.3099731644039,38.76020610878404],[-121.31001616485894,38.76047510931424],[-121.31008116432064,38.76075710948992],[-121.3101641648241,38.76103710909194],[-121.31027216436523,38.76133010892165],[-121.31039316517159,38.76160110912539],[-121.31053216429629,38.761866109111686],[-121.31068816498174,38.762125109074134],[-121.31082916513525,38.76233110939539],[-121.3108611656139,38.76237810962049],[-121.31096416536566,38.7625121091081],[-121.3110141644427,38.76257510969787],[-121.31105116554069,38.76262310955885],[-121.31113916588674,38.762725109159454],[-121.31125716530943,38.76286010905326],[-121.31128016491182,38.76288410921124],[-121.31158116541607,38.76320110869337],[-121.31178516505219,38.76343910929952],[-121.31216616492934,38.76325210927072],[-121.31233016540213,38.763187108876494],[-121.3123691645043,38.76317510877403],[-121.31250216532806,38.76313710939282],[-121.31267916438681,38.76310110859387],[-121.31286016571175,38.763079109479264],[-121.31304416458723,38.763073109254066],[-121.31327116481722,38.763074109275095],[-121.31367716602008,38.76307610906863],[-121.31428416476413,38.76307910902187],[-121.3149261658574,38.76308410893516],[-121.3154491661636,38.76308710880989],[-121.31701816637509,38.7630971089175],[-121.31754116683038,38.763101108502234],[-121.3177261653051,38.763103108430236],[-121.31783816663693,38.76310510812699],[-121.31802916704069,38.76312410800563],[-121.3181901663597,38.7631541087294],[-121.31827616638287,38.763177108683855],[-121.31845516645313,38.763227108475505],[-121.31931516703436,38.763464108765504],[-121.31956416698608,38.763509108489295],[-121.31964716686079,38.763536108530445],[-121.31981216693428,38.763566109163314],[-121.31998516680277,38.76359110800226],[-121.32006516679785,38.76360210806109],[-121.32032016677712,38.76362710892415],[-121.32043516631853,38.763633108723866],[-121.32057716591208,38.76364110830209],[-121.32075316617359,38.76364310839044],[-121.32082016642826,38.763643108470625],[-121.3209191672129,38.763645108749316],[-121.32102316613593,38.76364110807859],[-121.32109116662554,38.76363910862463],[-121.32134716656755,38.76362210830794],[-121.32140016601892,38.76361610798711],[-121.32172416587156,38.76358610826672],[-121.32191216665542,38.76358510881362],[-121.32209916699564,38.76359910844613],[-121.32225316696093,38.76362310804964],[-121.3223271668722,38.76363810805576],[-121.3226321671059,38.76370310833034],[-121.3221651668646,38.76504810907886],[-121.32235816755777,38.765082108408876],[-121.32258916718496,38.765146108301394],[-121.32285416791153,38.76539910851667],[-121.3237451666572,38.765897108479614],[-121.32395616751703,38.766175107768596],[-121.32396716767057,38.766249107832785],[-121.32400216808753,38.76633510810137],[-121.32419116664927,38.76641610882204],[-121.32435016751703,38.76644910915556],[-121.32436916751628,38.766475108535964],[-121.3244001679311,38.76648810911205],[-121.3244851680144,38.76646910827184],[-121.32451216668812,38.76640210845282],[-121.32458516819648,38.76625310843175],[-121.32481516792699,38.76612010861282],[-121.32502116827568,38.76602510793043],[-121.32527216743472,38.76589010807896],[-121.32545216769728,38.765718108804535],[-121.32558216788667,38.76550910819014],[-121.3257491676254,38.76549510815866],[-121.32576616699193,38.765511107994456],[-121.3258051673337,38.765528108142455],[-121.3260091675211,38.76576110773841],[-121.32610016802619,38.76577610861048],[-121.3261511675228,38.76577410839067],[-121.32635616808189,38.76567410810424],[-121.32657316810426,38.76560110794737],[-121.32669216770091,38.76551410853744],[-121.32676116811473,38.76548110844282],[-121.32691816796658,38.765457108404235],[-121.32698516746808,38.76551010854484],[-121.32741216838343,38.765807108285436],[-121.3275171680399,38.76595810801291],[-121.32756116795596,38.76606110799144],[-121.32778616852356,38.76633210776904],[-121.32786516871549,38.766418108332736],[-121.32788916828957,38.7664321074623],[-121.32794516803766,38.76641710794959],[-121.3282381682391,38.766212107699936],[-121.32860816792387,38.765793108141665],[-121.32864216821069,38.76572510854006],[-121.32877516814737,38.76559010852667],[-121.32893816773809,38.76549610784391],[-121.32913916858448,38.7654201072588],[-121.32929616724944,38.7653911077535],[-121.32943516760669,38.76538110829409],[-121.32969616786995,38.76541110842858],[-121.32978816812988,38.765437108321784],[-121.3299961684611,38.76539910800235],[-121.33012016772314,38.765301107616274],[-121.33016316777568,38.76529710778909],[-121.33025216817319,38.76492110823786],[-121.33035816804623,38.764547107568035],[-121.33048016864987,38.76417610773606],[-121.33061616788059,38.76381510823378],[-121.33076516841628,38.76346310785808],[-121.33077116797884,38.76345010813],[-121.33094116903759,38.76309010747282],[-121.3311271680261,38.762736107348466],[-121.33132916888513,38.762387108180015],[-121.33154616839451,38.76204310685361],[-121.33177916814735,38.76170610741529],[-121.33194116744134,38.76148810771985],[-121.33202616779955,38.7613751069714],[-121.33215616859347,38.7612131076286],[-121.3324251678909,38.76089310687365],[-121.33254516819696,38.76075810744805],[-121.33290716861133,38.76035510730533],[-121.33302816864472,38.76022110716403],[-121.33335316850396,38.75985710718763],[-121.33378616773521,38.759375107579274],[-121.33433116851063,38.75876510670651],[-121.33465816833099,38.75840210724386],[-121.33496316763829,38.758061106957285],[-121.33576216810894,38.757171106753574],[-121.33587616855121,38.75703610733795],[-121.33597616806196,38.75691810680738],[-121.3361581684132,38.75667610699616],[-121.33633116715787,38.75641510633956],[-121.33634716873961,38.756386107285834],[-121.3364831685137,38.75615310668333],[-121.33661716806796,38.75588610653867],[-121.3367331682915,38.75561310714289],[-121.33679016816204,38.75544810699987],[-121.33683016882053,38.755336106686656],[-121.33689216899181,38.75511710650965],[-121.33690916787194,38.75505610632516],[-121.33694816845828,38.75486810618816],[-121.33696916850381,38.75477210636567],[-121.33701016721236,38.754486105865254],[-121.33701916778291,38.75436910650514],[-121.33703216804201,38.75419910644971],[-121.33703316850963,38.75411110663594],[-121.33703616791387,38.75385710654477],[-121.33703516796612,38.75345610680475],[-121.33703216798315,38.752255105877666],[-121.33703216767772,38.75209356936631],[-121.33703216700266,38.751726182243964],[-121.33686502638278,38.7517049285752],[-121.33635086497378,38.75170625940315],[-121.3357792983293,38.75170768503172],[-121.33577954198633,38.75172854189638],[-121.33525422016372,38.75172895274629],[-121.33471916679589,38.7517294152695],[-121.33471877664559,38.751699880366694],[-121.33407127999843,38.75170616195988],[-121.33407156496024,38.75172817236606],[-121.3289241774275,38.751709848546334],[-121.328739854327,38.751718558120814],[-121.32763102231812,38.7517243586617],[-121.32642424298605,38.7517307334545],[-121.32642284191019,38.75169351770775],[-121.32390681564769,38.75169547269135],[-121.32358738648362,38.75174402696932],[-121.31868742303615,38.75176281395309],[-121.31847666478701,38.75175616692774],[-121.31394121213762,38.751755475150155],[-121.31393933382977,38.7496078820939],[-121.31393889890631,38.74912740644814],[-121.31393725672227,38.747251954823035],[-121.31393696887368,38.74692244972805],[-121.3139343585516,38.74394058970752],[-121.31387607378214,38.743888895756776],[-121.31387460802382,38.743804531390154],[-121.31375301526785,38.74380577571851],[-121.31191150038022,38.74382482885714],[-121.31142785079484,38.74382934651676],[-121.31142756505477,38.74379364741483],[-121.3114220431708,38.74329348024576],[-121.3114188776779,38.74274184039459],[-121.31141795285713,38.74257831331297],[-121.3114165219449,38.74233119636802],[-121.31141582415539,38.74220762426903],[-121.31141510870543,38.742084065793904],[-121.31141441078798,38.74196050742185],[-121.3114136954758,38.741836935215694],[-121.31141299756321,38.74171337684151],[-121.31141125656417,38.74141133894603],[-121.31141055879279,38.741287766839285],[-121.3114091279322,38.741040649872595],[-121.31140843016817,38.740917077762745],[-121.31140771474402,38.74079351927681],[-121.31140693932343,38.7406562306592],[-121.31140430852585,38.74019974122232],[-121.31019877749998,38.740203880361435],[-121.30908122170455,38.7402127184412],[-121.3090820551351,38.73925463202447],[-121.30908218547923,38.739118405936715],[-121.30908210267921,38.73904747740662],[-121.30908048800141,38.738177246927165],[-121.30908019175494,38.73802717867148],[-121.30907802505222,38.73705490511614],[-121.30907727857102,38.736730905304505],[-121.30907722735037,38.73671451164107],[-121.30907673843306,38.736660138797085],[-121.30907636944202,38.73645616697219],[-121.31033087165844,38.73631773793659],[-121.31062112167378,38.73628574249867],[-121.3108045581675,38.736281450179376],[-121.31100974852001,38.73627719682124],[-121.31101675739102,38.73627705171623],[-121.31111552595101,38.73627500411882],[-121.31164659223646,38.73626165212373],[-121.3119869543565,38.73628259121992],[-121.31268979077251,38.73632585916853],[-121.31268588519083,38.735759654337215],[-121.31268584706483,38.73575416288679],[-121.31267508711781,38.73419430639216],[-121.31241374863747,38.73419436155817],[-121.31240673696503,38.734194364626575],[-121.31183942024222,38.734194487115204],[-121.31080432431663,38.73419469998782],[-121.31033049415481,38.73419478206465],[-121.30940283613442,38.73419495718651],[-121.30939582447512,38.734194958700066],[-121.30902629085551,38.73419502669745],[-121.30901757078297,38.73316661396307],[-121.31114091996079,38.73069335342014],[-121.31120004311384,38.730626946245884],[-121.31126148160652,38.73056267516656],[-121.31130281289755,38.73052103095263],[-121.31139677590554,38.73041109139432],[-121.31145575332678,38.73034454992497],[-121.3114871017326,38.73031109799879],[-121.3115191822652,38.73027806230242],[-121.31155199439293,38.7302454977513],[-121.31158550359228,38.730213349220726],[-121.31161977917485,38.73018169950014],[-121.31165471624307,38.730150520506925],[-121.31169038490528,38.73011981265638],[-121.31172671478728,38.73008960298997],[-121.31176374094325,38.73005989171497],[-121.3118014280534,38.73003070608073],[-121.31183974159462,38.73000199096286],[-121.31187871529374,38.729973883858435],[-121.3119182450504,38.72994627431121],[-121.31195850586984,38.72991919081805],[-121.31199932195096,38.72989268725481],[-121.31204072861345,38.729866736370745],[-121.31208269053842,38.7298413654154],[-121.31212520799144,38.72981654693015],[-121.31216831549638,38.729792336038244],[-121.31221197799978,38.72976873253117],[-121.31225612592469,38.72974568107668],[-121.3123007937952,38.72972323679812],[-121.31234598081606,38.72970148206878],[-121.3123916532604,38.72968027939031],[-121.31243777501398,38.72965973838644],[-121.31248434660816,38.72963980414061],[-121.31253136751329,38.729620531568266],[-121.3125788379955,38.72960189321086],[-121.31262672300184,38.729583888860255],[-121.31267498694902,38.729566573224105],[-121.31272366542235,38.72954989159367],[-121.3127726877848,38.7295338984692],[-121.3128220543027,38.72951856639218],[-121.31287180003103,38.72950389556981],[-121.31292185459807,38.729489913044375],[-121.3129722177402,38.72947664627353],[-121.31302285466982,38.72946406759128],[-121.31307380097209,38.729452122288805],[-121.31312498548068,38.72944091978265],[-121.31317644378076,38.729430405364056],[-121.3132281408199,38.72942057882504],[-121.3132800410158,38.7294114948739],[-121.31333210958108,38.72940312584486],[-121.31338441741951,38.729395389778574],[-121.31343685804667,38.72938842334244],[-121.31348946704773,38.7293821718277],[-121.31354220937034,38.72937663502664],[-121.3135950847513,38.72937184039716],[-121.31364805866791,38.729367732815696],[-121.31370113059232,38.729364367198094],[-121.31375426573686,38.72936171587888],[-121.31380749915714,38.72935977906528],[-121.31386069037467,38.7293585833859],[-121.31391397987112,38.72935810221199],[-121.31441988560933,38.72935653462589],[-121.31443979652525,38.72935652597171],[-121.31444154932916,38.729356524659096],[-121.31445204070798,38.730342056096404],[-121.31446150894395,38.731233559205414],[-121.31446493142684,38.73157344570453],[-121.31446816774542,38.73189990474489],[-121.31447728167427,38.732569697205555],[-121.31447914586089,38.73276945040935],[-121.3144791589371,38.73277082277797],[-121.31448183883337,38.733058150009825],[-121.31448720154572,38.73363296305299],[-121.31448396399126,38.734172798766686],[-121.31448423477549,38.734193916077196],[-121.31449778334513,38.735271673745856],[-121.31450133966962,38.73556339139773],[-121.3145119643582,38.73643469697339],[-121.3160847202797,38.736427886882915],[-121.31608050667198,38.73594693554315],[-121.31621078361937,38.73594729149888],[-121.31833541027511,38.735953230515214],[-121.3183358489283,38.73608314418553],[-121.3183370132385,38.73643380937159],[-121.31841442744278,38.73643346783108],[-121.31841404578248,38.73650627456202],[-121.31840954955629,38.73733276657931],[-121.31840835010047,38.737463604238144],[-121.31840833932638,38.73746472932946],[-121.31840037731021,38.73833267925352],[-121.31840036245359,38.73833423063017],[-121.31839563471439,38.73884987992235],[-121.31839563195996,38.7388501675448],[-121.31839216074006,38.7392290201064],[-121.31839214601455,38.7392305577539],[-121.31838674005348,38.74014842892257],[-121.32068016127018,38.74011883639616],[-121.32215297880799,38.74009974375104],[-121.3221265992197,38.73458117057683],[-121.32212208080598,38.73363650864955],[-121.32019605883461,38.73363565979249],[-121.32020121861962,38.7326274586722],[-121.3202006185881,38.7325654796523],[-121.32019412392069,38.731902018314216],[-121.32019069215772,38.73154922542495],[-121.32018767054203,38.731241496046394],[-121.32018116274052,38.730583197653765],[-121.32017744198839,38.730233698185806],[-121.32016809657758,38.729356173536985],[-121.32016589584987,38.729122273924354],[-121.31938315042152,38.72913189480131],[-121.3193789188624,38.72913257156778],[-121.31901307665368,38.72916940217729],[-121.31826319909986,38.729178618045566],[-121.31826300246405,38.72915339528938],[-121.31792523849339,38.72915362049355],[-121.31791654384087,38.72794274024268],[-121.31825317672335,38.727944718945096],[-121.31821643158823,38.72341791801877],[-121.31821635289657,38.7234041740443],[-121.31744258162809,38.72336723532233],[-121.31432572584755,38.7231630635771],[-121.31432397781856,38.723162948898576],[-121.31398623674481,38.723140818060244],[-121.31328292682075,38.72309473975302],[-121.31094815961872,38.722941729924095],[-121.30907669596027,38.72281904402321],[-121.3087566774203,38.72279805313678],[-121.30872097978545,38.72279571229945],[-121.3081901841073,38.72276091458876],[-121.30804745331704,38.72275155083161],[-121.30803927381537,38.72275100776899],[-121.30721147665513,38.72269467641921],[-121.3070389395122,38.72268293664216],[-121.30620609886518,38.722626252195425],[-121.30603245950903,38.72261443567833],[-121.30521398331877,38.72255872246719],[-121.30513840778843,38.72255357420521],[-121.30492327585603,38.722538926276584],[-121.3047128204299,38.72252459430363],[-121.30461319823446,38.72251781600509],[-121.30461145111323,38.72251770118548],[-121.30450238247955,38.722510275782945],[-121.30448975457884,38.72250940374386],[-121.30323966946688,38.72242430119988],[-121.30088666510673,38.72226404551498],[-121.29976081844282,38.72218737025674],[-121.2996305988,38.722178483545285],[-121.29956080719839,38.722175165169354],[-121.29344466879836,38.721781348193105],[-121.29309750092227,38.722089602401404],[-121.29196615732822,38.7230941073156],[-121.29116915712969,38.723815107190184],[-121.29050015696701,38.72442110723634],[-121.2903901571375,38.72451010726881],[-121.29039415773558,38.72452310710044],[-121.29039115764148,38.724687107845796],[-121.29039315770672,38.72477710733572],[-121.29039615681305,38.724907107881755],[-121.29031215690459,38.724981107791066],[-121.29009415669725,38.72517910818774],[-121.29006315716234,38.72520710716337],[-121.28998215703629,38.7252841073098],[-121.28974415693817,38.725502107748596],[-121.28960915764719,38.72562410737104],[-121.2890301575235,38.72615610754947],[-121.28879315728364,38.726375108286675],[-121.2885681576094,38.726581107924225],[-121.28848715659434,38.72665410753945],[-121.28756715630882,38.72749010862048],[-121.28726115650326,38.72776910811661],[-121.28702515689595,38.727983107602704],[-121.28678915684647,38.72819910841877],[-121.2863201566114,38.72862910811312],[-121.28608615658172,38.72884510814964],[-121.28596515632366,38.72895610770781],[-121.28560415678237,38.72929110878063],[-121.28548215639714,38.729403108078],[-121.28526815759402,38.729407108141665],[-121.28508115709634,38.729411108054556],[-121.28497715710692,38.72941210852942],[-121.28348315628823,38.7307921082934],[-121.28278515580465,38.73142310901391],[-121.28171415682287,38.732396109153946],[-121.27975315706861,38.734283108462385],[-121.27410915647641,38.739439109394745],[-121.27285415605084,38.740783110071874],[-121.27242015648952,38.74136011058584],[-121.27209015606502,38.741797110241485],[-121.2714561570572,38.742759110672786],[-121.27084015617218,38.7436951100979],[-121.27065315610972,38.74397911010074],[-121.27060215589563,38.744057110604075],[-121.27085115724535,38.744054111030245],[-121.27036615605624,38.74483911082818],[-121.26835315604625,38.747906111642365],[-121.2658201563656,38.751811111502676],[-121.26550615664509,38.75229311168917],[-121.26543315595292,38.75240711170597],[-121.26457115607727,38.75374411214669],[-121.26426015644194,38.75422811197307],[-121.26401915596966,38.75459711253808],[-121.26329915635709,38.755704111786365],[-121.26305915691582,38.75607411214812],[-121.26281715705872,38.75644511257386],[-121.26209315636385,38.75755911280212],[-121.26197615602274,38.757740112511],[-121.26185315694448,38.75793111250746],[-121.26182915677511,38.75796711253222],[-121.26175915701924,38.75807611247724],[-121.26173615727795,38.758113112198764]]]}}]}