{"type":"FeatureCollection","name":"Sierra College Adopted 201a Map","crs":{"type":"name","properties":{"name":"EPSG:4326"}},"features":[{"type":"Feature","id":0,"properties":{"FID":0,"ID":11,"AREA":21.404501,"DISTRICT":"4","MEMBERS":1,"LOCKED":" ","NAME":" ","POPULATION":82686,"HISPANIC_O":15373,"NH_WHT":51488,"DOJ_NH_BLK":2381,"DOJ_NH_IND":1536,"DOJ_NH_ASN":9293,"DOJ_NH_HWN":506,"DOJ_NH_OTH":1432,"DOJ_NH_OT1":676,"F18_POPULA":64522,"H18_POP":10582,"NH18_WHT":42309,"DOJ_NH18_B":1740,"DOJ_NH18_I":1195,"DOJ_NH18_A":6874,"DOJ_NH18_H":359,"DOJ_NH18_O":1051,"DOJ_NH18_1":412,"ST1519_M1_":57993.640411,"ST1519_M11":8723.503134,"ST1519_M12":42662.415485,"ST1519_M13":1663.406572,"ST1519_M14":4113.848113,"ST1519_M15":536.173682,"ST1519_M16":322.050036,"ST1519_M2_":57944.279888,"ST1519_M21":8730.297687,"ST1519_M22":42654.230198,"ST1519_M23":1651.00031,"ST1519_M24":4094.028209,"ST1519_M25":527.873157,"ST1519_M26":286.850351,"ACS1519_M1":58263.356932,"ACS1519_M2":8357.148847,"ACS1519_M3":42990.509431,"ACS1519_M4":1374.984576,"ACS1519_M5":3833.294906,"ACS1519_M6":376.809793,"ACS1519_M7":1847.758742,"ACS1519_M8":2321.611913,"ACS1519_M9":59253.433726,"ACS1519_10":8432.640502,"ACS1519_11":42973.017264,"ACS1519_12":1362.375388,"ACS1519_13":3802.669463,"ACS1519_14":370.345299,"ACS1519_15":1882.928138,"ACS1519_16":2312.38581,"SWDB_CVAP1":57956,"SWDB_CVAP2":57945,"SWDB_CVAP3":8713,"SWDB_CVAP4":42680,"SWDB_CVAP5":1668,"SWDB_CVAP6":494,"SWDB_CVAP7":4058,"SWDB_CVAP8":332,"G18_REG_TO":43520,"G18_REG_SS":4636,"G18_REG_AS":1469,"G18_REG_FI":593,"G18_REG_LA":4890,"G18_REG_WH":35369,"G18_REG_BL":1030,"G18_VOT_TO":30870,"G18_VOT_SS":2929,"G18_VOT_AS":973,"G18_VOT_FI":373,"G18_VOT_LA":3038,"G18_VOT_WH":25554,"G18_VOT_BL":688,"G20_REG_TO":51446,"G20_REG_SS":5968,"G20_REG_AS":1944,"G20_REG_FI":776,"G20_REG_LA":6348,"G20_REG_WH":41050,"G20_REG_BL":1277,"G20_VOTE_T":43592,"G20_VOTE_S":4771,"G20_VOTE_A":1636,"G20_VOTE_F":649,"G20_VOTE_L":5036,"G20_VOTE_W":35099,"G20_VOTE_B":1045,"TRACT_ACSP":78989.571823,"TRACT_BORN":69315.188518,"TRACT_IMMI":9674.381768,"TRACT_CIT":6113.767404,"TRACT_NONC":3560.613325,"BG_ACSPOP":78561.306298,"BG_AGE0_19":18953.607841,"BG_AGE20_6":42803.710329,"BG_AGE60PL":16803.988006,"BG_POP5PLU":73721.486001,"BG_ENGLISH":60721.827889,"BG_SPANISH":5871.391516,"BG_ASIAN_L":2722.536398,"BG_OTHER_L":4405.732277,"BG_ENG_LVW":3499.738515,"BG_POP25PL":54533.455998,"BG_NOHSDEG":3387.658154,"BG_HS_GRAD":24323.58099,"BG_BACHELO":14410.156508,"BG_GRADDEG":6183.589068,"BG_POP16PL":63408.159342,"BG_EMPLOYE":41037.308091,"BG_HHS":30078.935387,"BG_CHILD":9677.481255,"BG_HHINC0_":3904.616211,"BG_HHINC25":4704.35621,"BG_HHINC50":5652.917462,"BG_HHINC75":12874.873052,"BG_HHINC20":2942.170763,"BG_HOUSING":31728.438404,"BG_VACANT":1649.504609,"BG_OCCUPIE":30078.935387,"BG_RENTED":12870.613537,"BG_OWNED":17208.321534,"BG_SINGLEF":22752.665119,"BG_MULTIFA":8975.772708,"DEVIATION":2080,"F_DEVIATIO":0.025805,"F_HISPANIC":0.18592,"F_NH_WHT":0.622693,"F_DOJ_NH_B":0.028796,"F_DOJ_NH_I":0.018576,"F_DOJ_NH_A":0.112389,"F_DOJ_NH_H":0.00612,"F_DOJ_NH_O":0.017319,"F_DOJ_NH_1":0.008176,"F_18_POPUL":0.780326,"F_H18_POP":0.164006,"F_NH18_WHT":0.65573,"F_DOJ_NH18":0.026968,"F_DOJ_NH11":0.018521,"F_DOJ_NH12":0.106537,"F_DOJ_NH13":0.005564,"F_DOJ_NH14":0.016289,"F_DOJ_NH15":0.006385,"F_ST1519_M":0.89882,"F_ST1519_1":0.150422,"F_ST1519_2":0.73564,"F_ST1519_3":0.028683,"F_ST1519_4":0.070936,"F_ST1519_5":0.009245,"F_ST1519_6":0.005553,"F_ST1519_7":0.898055,"F_ST1519_8":0.150667,"F_ST1519_9":0.736125,"F_ST151910":0.028493,"F_ST151911":0.070655,"F_ST151912":0.00911,"F_ST151913":0.00495,"F_ACS1519_":0.903,"F_ACS15191":0.143437,"F_ACS15192":0.737865,"F_ACS15193":0.023599,"F_ACS15194":0.065793,"F_ACS15195":0.006467,"F_ACS15196":0.031714,"F_ACS15197":0.039847,"F_ACS15198":0.918345,"F_ACS15199":0.142315,"F_ACS15110":0.725241,"F_ACS15111":0.022992,"F_ACS15112":0.064176,"F_ACS15113":0.00625,"F_ACS15114":0.031778,"F_ACS15115":0.039025,"F_SWDB_CVA":0.898236,"F_SWDB_CV1":0.898066,"F_SWDB_CV2":0.150367,"F_SWDB_CV3":0.736561,"F_SWDB_CV4":0.028786,"F_SWDB_CV5":0.008525,"F_SWDB_CV6":0.070032,"F_SWDB_CV7":0.00573,"F_G18_REG_":1,"F_G18_REG1":0.106526,"F_G18_REG2":0.033755,"F_G18_REG3":0.013626,"F_G18_REG4":0.112362,"F_G18_REG5":0.812707,"F_G18_REG6":0.023667,"F_G18_VOT_":0.709329,"F_G18_VOT1":0.094882,"F_G18_VOT2":0.031519,"F_G18_VOT3":0.012083,"F_G18_VOT4":0.098413,"F_G18_VOT5":0.827794,"F_G18_VOT6":0.022287,"F_G20_REG_":1,"F_G20_REG1":0.116005,"F_G20_REG2":0.037787,"F_G20_REG3":0.015084,"F_G20_REG4":0.123392,"F_G20_REG5":0.797924,"F_G20_REG6":0.024822,"F_G20_VOTE":0.847335,"F_G20_VOT1":0.109447,"F_G20_VOT2":0.03753,"F_G20_VOT3":0.014888,"F_G20_VOT4":0.115526,"F_G20_VOT5":0.805171,"F_G20_VOT6":0.023972,"F_TRACT_AC":1,"F_TRACT_BO":0.877523,"F_TRACT_IM":0.122477,"F_TRACT_CI":0.0774,"F_TRACT_NO":0.045077,"F_BG_ACSPO":1,"F_BG_AGE0_":0.241259,"F_BG_AGE20":0.544845,"F_BG_AGE60":0.213896,"F_BG_POP5P":0.938394,"F_BG_ENGLI":0.823665,"F_BG_SPANI":0.079643,"F_BG_ASIAN":0.03693,"F_BG_OTHER":0.059762,"F_BG_ENG_L":0.047472,"F_BG_POP25":0.694152,"F_BG_NOHSD":0.062121,"F_BG_HS_GR":0.44603,"F_BG_BACHE":0.264244,"F_BG_GRADD":0.113391,"F_BG_POP16":0.807117,"F_BG_EMPLO":0.647193,"F_BG_HHS":1,"F_BG_CHILD":0.321736,"F_BG_HHINC":0.129812,"F_BG_HHIN1":0.1564,"F_BG_HHIN2":0.187936,"F_BG_HHIN3":0.428036,"F_BG_HHIN4":0.097815,"F_BG_HOUSI":1,"F_BG_VACAN":0.051988,"F_BG_OCCUP":0.948012,"F_BG_RENTE":0.427895,"F_BG_OWNED":0.572105,"F_BG_SINGL":0.717106,"F_BG_MULTI":0.282894,"IDEAL_VALU":80606,"DISTRICT_L":"4|2.58%"},"geometry":{"type":"Polygon","coordinates":[[[-121.31287076293384,38.769822172651665],[-121.31398467388614,38.76996225003069],[-121.31439789891685,38.76980816489866],[-121.31477519133618,38.769906219112094],[-121.31533214681232,38.77035446522862],[-121.31574537184304,38.77120892658639],[-121.31638317569474,38.771979333790505],[-121.31685928279533,38.77201435210209],[-121.31711979422772,38.77235052701861],[-121.31748810349421,38.77246258497204],[-121.31809895788741,38.77230850524067],[-121.3184672671539,38.77236453427241],[-121.31933863297951,38.77349911269606],[-121.31957219495337,38.77357615131743],[-121.32010220097101,38.773478102148516],[-121.3206232238358,38.773590158330556],[-121.3213418760631,38.77467569348124],[-121.32157543803696,38.77619541493707],[-121.32316545608984,38.77783415662668],[-121.32359664742624,38.77772911021198],[-121.32408173767965,38.77806525819444],[-121.32443208064045,38.77810027351816],[-121.32541124430014,38.777462991935565],[-121.32589633455358,38.777385957512315],[-121.32619277859733,38.778429416720805],[-121.32664193623938,38.778884612263894],[-121.32719889171555,38.7790806956025],[-121.32675871722631,38.78029219855965],[-121.32651617209962,38.7806213316459],[-121.32625566066721,38.78074738221279],[-121.32624667751438,38.78107651319813],[-121.32651617209962,38.78146166454991],[-121.32732465585532,38.78186782190368],[-121.32739652107806,38.7827431531627],[-121.32820500483376,38.78312129294296],[-121.32863619617014,38.78382154650003],[-121.32870806139286,38.784129655886524],[-121.3282768700565,38.784815894734976],[-121.32840263419627,38.785201025889066],[-121.32909433696506,38.78574720832229],[-121.3297860397338,38.785530136317774],[-121.33054960772532,38.7856561782073],[-121.33093588329749,38.78585924522732],[-121.33093588329749,38.786342402363566],[-121.32941773046733,38.78749076270735],[-121.32895060651957,38.78821197956431],[-121.32875297715707,38.78882115705073],[-121.32869907824002,38.79536773592866],[-121.30410320576085,38.795437749565444],[-121.30057282669424,38.795248712588304],[-121.30057282669424,38.795619784699184],[-121.291535774936,38.79573880741986],[-121.2842324716761,38.795633787382506],[-121.27492592533264,38.795703800757934],[-121.26570921051757,38.79207701742142],[-121.26572717682326,38.7809014437142],[-121.26565531160053,38.780551303456896],[-121.26546666539085,38.780551303456896],[-121.26537683386243,38.779332801959924],[-121.26488276045617,38.778149294942494],[-121.2643437712857,38.777484001309276],[-121.26336460762603,38.77667863755496],[-121.2604181334941,38.77498384238442],[-121.25722911423547,38.77394733623604],[-121.25333940905524,38.7739823535815],[-121.25384246561434,38.773289006942115],[-121.25436348847914,38.77356914780984],[-121.25491146080245,38.77354813728293],[-121.25243211061829,38.77267269316025],[-121.25130921651314,38.77394033276491],[-121.2473745955687,38.773961343176296],[-121.24741052818007,38.77034045758012],[-121.21785595533254,38.77038948433786],[-121.22100005882693,38.76860348784862],[-121.22173667735991,38.76786806453345],[-121.22214091923776,38.767195670868325],[-121.2228685546179,38.76338532040049],[-121.22430585907249,38.75978491259332],[-121.22417111177988,38.75734017417587],[-121.22426992646113,38.75663265545598],[-121.22649774836574,38.75221225595351],[-121.22657859674132,38.75150468640202],[-121.22585096136119,38.73669315567035],[-121.2281865810999,38.73670716992336],[-121.23047728507441,38.73652498441959],[-121.23290273634153,38.7367562197873],[-121.23556174958252,38.73679125538377],[-121.23530123815013,38.73507449094599],[-121.23417834404498,38.73328761066592],[-121.23478919843816,38.73280409420009],[-121.23476224897964,38.73147966277264],[-121.23456461961713,38.73117833367508],[-121.23386393369555,38.73082094170234],[-121.23360342226313,38.73054063302163],[-121.23478021528533,38.730120167938296],[-121.2346454679927,38.72964363785222],[-121.23522038977455,38.729545528322284],[-121.23519344031602,38.722207955242354],[-121.23625345235129,38.72222197233713],[-121.23625345235129,38.721836501228694],[-121.23411546197508,38.72041374441016],[-121.23416936089214,38.719916123270366],[-121.23608277244732,38.71767328076598],[-121.2423619962833,38.718219980113666],[-121.25386941507287,38.71890685285356],[-121.25757047404346,38.71930635743118],[-121.27507863893094,38.72038570950848],[-121.27717171354294,38.720609988414004],[-121.27844732124639,38.72060297970885],[-121.28131294700272,38.72091136208493],[-121.29041288083084,38.72150709699752],[-121.29641362692878,38.72205376701825],[-121.29907264016977,38.72205376701825],[-121.29947688204761,38.722207955242354],[-121.30594475209328,38.722642483902185],[-121.30484880744665,38.725158493068136],[-121.30517220094893,38.725733167969906],[-121.3052710156302,38.7264059522257],[-121.30501050419778,38.72739409261606],[-121.30401337423241,38.7293493088582],[-121.30213589528861,38.73186508185878],[-121.30182148493915,38.73300030417501],[-121.3019562322318,38.73413550845029],[-121.30228860888691,38.73494835968665],[-121.30288149697442,38.735803244972175],[-121.30347438506195,38.736321776963294],[-121.3051452514904,38.73736583671366],[-121.306016617316,38.7365950558222],[-121.30905292297633,38.73652498441959],[-121.30907987243486,38.74022466046595],[-121.31140650902073,38.74022466046595],[-121.31138854271505,38.74386108706935],[-121.31378704452364,38.74384707422013],[-121.31388585920489,38.75187598615013],[-121.32883382553264,38.75186197487394],[-121.3287170445457,38.75296885721937],[-121.32769296512181,38.754685191471204],[-121.32713600964567,38.75624036482639],[-121.32503395188083,38.755939140200944],[-121.32328223707678,38.75605122393104],[-121.32072203851705,38.756730727776485],[-121.3188176101147,38.75751530148901],[-121.3168952154067,38.758474991534946],[-121.31566452346746,38.75889528968135],[-121.31403857280318,38.759154472304424],[-121.30994225510761,38.75917548707045],[-121.31001412033035,38.76047839047847],[-121.31039141274967,38.76159914857151],[-121.3108585366974,38.762376664156974],[-121.3121610938594,38.763966692174485],[-121.31269109987701,38.76513642584811],[-121.31287076293384,38.76627812345567],[-121.31287076293384,38.769822172651665]]]}},{"type":"Feature","id":1,"properties":{"FID":1,"ID":8,"AREA":66.271698,"DISTRICT":"1","MEMBERS":1,"LOCKED":" ","NAME":" ","POPULATION":82726,"HISPANIC_O":15783,"NH_WHT":49371,"DOJ_NH_BLK":4720,"DOJ_NH_IND":1467,"DOJ_NH_ASN":8886,"DOJ_NH_HWN":568,"DOJ_NH_OTH":1047,"DOJ_NH_OT1":883,"F18_POPULA":62538,"H18_POP":10223,"NH18_WHT":39354,"DOJ_NH18_B":3337,"DOJ_NH18_I":1107,"DOJ_NH18_A":6815,"DOJ_NH18_H":390,"DOJ_NH18_O":767,"DOJ_NH18_1":545,"ST1519_M1_":55923.738598,"ST1519_M11":8475.675674,"ST1519_M12":37939.611391,"ST1519_M13":3234.969094,"ST1519_M14":5420.697511,"ST1519_M15":530.384652,"ST1519_M16":322.288625,"ST1519_M2_":55829.314005,"ST1519_M21":8387.739044,"ST1519_M22":38062.280296,"ST1519_M23":3203.118025,"ST1519_M24":5362.92002,"ST1519_M25":518.240953,"ST1519_M26":295.015764,"ACS1519_M1":55145.491982,"ACS1519_M2":8280.727431,"ACS1519_M3":37499.933564,"ACS1519_M4":3021.615863,"ACS1519_M5":4864.984026,"ACS1519_M6":210.27729,"ACS1519_M7":2031.414486,"ACS1519_M8":1951.738094,"ACS1519_M9":55862.154465,"ACS1519_10":8188.067225,"ACS1519_11":37570.507825,"ACS1519_12":3068.297305,"ACS1519_13":4906.219987,"ACS1519_14":197.045625,"ACS1519_15":1846.218849,"ACS1519_16":1932.016497,"SWDB_CVAP1":55507,"SWDB_CVAP2":55384,"SWDB_CVAP3":8331,"SWDB_CVAP4":37705,"SWDB_CVAP5":3255,"SWDB_CVAP6":509,"SWDB_CVAP7":5311,"SWDB_CVAP8":273,"G18_REG_TO":43325,"G18_REG_SS":4894,"G18_REG_AS":1552,"G18_REG_FI":565,"G18_REG_LA":5182,"G18_REG_WH":33448,"G18_REG_BL":2483,"G18_VOT_TO":30554,"G18_VOT_SS":2946,"G18_VOT_AS":926,"G18_VOT_FI":364,"G18_VOT_LA":3053,"G18_VOT_WH":24470,"G18_VOT_BL":1477,"G20_REG_TO":51706,"G20_REG_SS":6310,"G20_REG_AS":2080,"G20_REG_FI":743,"G20_REG_LA":6727,"G20_REG_WH":38962,"G20_REG_BL":2990,"G20_VOTE_T":44047,"G20_VOTE_S":5017,"G20_VOTE_A":1665,"G20_VOTE_F":619,"G20_VOTE_L":5306,"G20_VOTE_W":33762,"G20_VOTE_B":2413,"TRACT_ACSP":79977.888272,"TRACT_BORN":64975.859219,"TRACT_IMMI":15002.030006,"TRACT_CIT":9634.869796,"TRACT_NONC":5367.159701,"BG_ACSPOP":81211.010448,"BG_AGE0_19":21841.451316,"BG_AGE20_6":38788.408602,"BG_AGE60PL":20581.152783,"BG_POP5PLU":75603.616098,"BG_ENGLISH":54162.199546,"BG_SPANISH":8887.926794,"BG_ASIAN_L":3995.136306,"BG_OTHER_L":8558.353961,"BG_ENG_LVW":7673.847285,"BG_POP25PL":55096.293401,"BG_NOHSDEG":4097.730225,"BG_HS_GRAD":28973.753328,"BG_BACHELO":10875.580327,"BG_GRADDEG":5371.308644,"BG_POP16PL":62966.89138,"BG_EMPLOYE":37185.064989,"BG_HHS":28001.914916,"BG_CHILD":9823.828997,"BG_HHINC0_":3417.65781,"BG_HHINC25":4514.096957,"BG_HHINC50":4717.357636,"BG_HHINC75":12971.348137,"BG_HHINC20":2381.455617,"BG_HOUSING":28879.78802,"BG_VACANT":877.873556,"BG_OCCUPIE":28001.914916,"BG_RENTED":7505.502064,"BG_OWNED":20496.414458,"BG_SINGLEF":25854.173397,"BG_MULTIFA":3025.615466,"DEVIATION":2120,"F_DEVIATIO":0.026301,"F_HISPANIC":0.190786,"F_NH_WHT":0.596801,"F_DOJ_NH_B":0.057056,"F_DOJ_NH_I":0.017733,"F_DOJ_NH_A":0.107415,"F_DOJ_NH_H":0.006866,"F_DOJ_NH_O":0.012656,"F_DOJ_NH_1":0.010674,"F_18_POPUL":0.755965,"F_H18_POP":0.163469,"F_NH18_WHT":0.629281,"F_DOJ_NH18":0.05336,"F_DOJ_NH11":0.017701,"F_DOJ_NH12":0.108974,"F_DOJ_NH13":0.006236,"F_DOJ_NH14":0.012265,"F_DOJ_NH15":0.008715,"F_ST1519_M":0.894236,"F_ST1519_1":0.151558,"F_ST1519_2":0.678417,"F_ST1519_3":0.057846,"F_ST1519_4":0.09693,"F_ST1519_5":0.009484,"F_ST1519_6":0.005763,"F_ST1519_7":0.892726,"F_ST1519_8":0.150239,"F_ST1519_9":0.681762,"F_ST151910":0.057373,"F_ST151911":0.096059,"F_ST151912":0.009283,"F_ST151913":0.005284,"F_ACS1519_":0.881792,"F_ACS15191":0.150161,"F_ACS15192":0.680018,"F_ACS15193":0.054794,"F_ACS15194":0.088221,"F_ACS15195":0.003813,"F_ACS15196":0.036837,"F_ACS15197":0.035393,"F_ACS15198":0.893251,"F_ACS15199":0.146576,"F_ACS15110":0.672557,"F_ACS15111":0.054926,"F_ACS15112":0.087827,"F_ACS15113":0.003527,"F_ACS15114":0.03305,"F_ACS15115":0.034585,"F_SWDB_CVA":0.887572,"F_SWDB_CV1":0.885606,"F_SWDB_CV2":0.150423,"F_SWDB_CV3":0.680792,"F_SWDB_CV4":0.058771,"F_SWDB_CV5":0.00919,"F_SWDB_CV6":0.095894,"F_SWDB_CV7":0.004929,"F_G18_REG_":1,"F_G18_REG1":0.11296,"F_G18_REG2":0.035822,"F_G18_REG3":0.013041,"F_G18_REG4":0.119608,"F_G18_REG5":0.772025,"F_G18_REG6":0.057311,"F_G18_VOT_":0.705228,"F_G18_VOT1":0.096419,"F_G18_VOT2":0.030307,"F_G18_VOT3":0.011913,"F_G18_VOT4":0.099921,"F_G18_VOT5":0.800877,"F_G18_VOT6":0.048341,"F_G20_REG_":1,"F_G20_REG1":0.122036,"F_G20_REG2":0.040227,"F_G20_REG3":0.01437,"F_G20_REG4":0.130101,"F_G20_REG5":0.75353,"F_G20_REG6":0.057827,"F_G20_VOTE":0.851874,"F_G20_VOT1":0.113901,"F_G20_VOT2":0.037801,"F_G20_VOT3":0.014053,"F_G20_VOT4":0.120462,"F_G20_VOT5":0.766499,"F_G20_VOT6":0.054782,"F_TRACT_AC":1,"F_TRACT_BO":0.812423,"F_TRACT_IM":0.187577,"F_TRACT_CI":0.120469,"F_TRACT_NO":0.067108,"F_BG_ACSPO":1,"F_BG_AGE0_":0.268947,"F_BG_AGE20":0.477625,"F_BG_AGE60":0.253428,"F_BG_POP5P":0.930953,"F_BG_ENGLI":0.716397,"F_BG_SPANI":0.11756,"F_BG_ASIAN":0.052843,"F_BG_OTHER":0.1132,"F_BG_ENG_L":0.101501,"F_BG_POP25":0.678434,"F_BG_NOHSD":0.074374,"F_BG_HS_GR":0.525875,"F_BG_BACHE":0.197392,"F_BG_GRADD":0.097489,"F_BG_POP16":0.775349,"F_BG_EMPLO":0.590549,"F_BG_HHS":1,"F_BG_CHILD":0.350827,"F_BG_HHINC":0.122051,"F_BG_HHIN1":0.161207,"F_BG_HHIN2":0.168466,"F_BG_HHIN3":0.463231,"F_BG_HHIN4":0.085046,"F_BG_HOUSI":1,"F_BG_VACAN":0.030398,"F_BG_OCCUP":0.969603,"F_BG_RENTE":0.268035,"F_BG_OWNED":0.731965,"F_BG_SINGL":0.895234,"F_BG_MULTI":0.104766,"IDEAL_VALU":80606,"DISTRICT_L":"1|2.63%"},"geometry":{"type":"Polygon","coordinates":[[[-121.35431004699028,38.70373103451182],[-121.38361309155826,38.70412361358671],[-121.4093318581426,38.70470546789383],[-121.44344088948061,38.704901755025794],[-121.44344987263345,38.7144420620464],[-121.42949903627108,38.714428043425706],[-121.42948106996539,38.731073218574586],[-121.44784263437279,38.73228553667202],[-121.44780670176144,38.75160276576847],[-121.4511574177712,38.75158875443864],[-121.45121131668824,38.76596293269022],[-121.43274195444675,38.76604698369716],[-121.41675194238942,38.76597694119824],[-121.41674295923659,38.766208081183684],[-121.41403004707853,38.7662290938725],[-121.41418276067682,38.795248712588304],[-121.45129216506382,38.7953257277136],[-121.45758037205266,38.79511568626681],[-121.46964474631837,38.795206704303105],[-121.46995915666783,38.80076558555523],[-121.4696537294712,38.80765407602146],[-121.4697166115411,38.823780619033535],[-121.46982440937522,38.824284514663766],[-121.43298449957346,38.824326505805324],[-121.43293958380926,38.846116566302584],[-121.3493693129276,38.84629847192879],[-121.34930643085772,38.86810978176767],[-121.33178029966456,38.86813775862551],[-121.3311155463543,38.86841053241246],[-121.33073825393498,38.86889312962536],[-121.33072927078214,38.872453057112715],[-121.33046875934974,38.873005564256175],[-121.3299387533321,38.873411199678046],[-121.3291033201179,38.873634997540535],[-121.32292291096313,38.87364898488354],[-121.32211442720742,38.87385180104779],[-121.32187188208071,38.87366996589289],[-121.32189883153924,38.87400566120015],[-121.32153950542559,38.87460711132707],[-121.32140475813299,38.876096727518046],[-121.32141374128582,38.88629940933558],[-121.33072927078214,38.88633437145622],[-121.33072927078214,38.88996334599326],[-121.33421473408453,38.8899773301223],[-121.33446626236407,38.89726967833106],[-121.32382122624726,38.897192773483866],[-121.32366851264896,38.89767517523891],[-121.32373139471885,38.90038075913202],[-121.32322833815974,38.900695355219916],[-121.3215844211898,38.90122666989241],[-121.32145865705003,38.900856148237715],[-121.32109933093636,38.900457660526655],[-121.32055135861306,38.900401732247914],[-121.32022796511079,38.90009412592731],[-121.31901523947722,38.90028987555823],[-121.31798217690049,38.90073031025477],[-121.31665267027999,38.900087134859064],[-121.31711081107488,38.900877121213185],[-121.31829658724992,38.9021494701375],[-121.31868286282209,38.902771654442574],[-121.31880862696185,38.90681921472934],[-121.31902422263006,38.907525242195305],[-121.31945541396644,38.9080215543297],[-121.32007525151249,38.90839902884112],[-121.3206232238358,38.90857378487963],[-121.3214945896614,38.90863669694818],[-121.32141374128582,38.91181018894732],[-121.31769471600956,38.91181018894732],[-121.31604181588678,38.911327883227216],[-121.303133025254,38.90354762947475],[-121.30312404210116,38.904582249658475],[-121.27948936697597,38.90464516526441],[-121.27918393977937,38.905651807376884],[-121.27474626227581,38.905686759971594],[-121.27477321173434,38.908440970329615],[-121.27245555830132,38.90844796057526],[-121.27242860884279,38.90476400570132],[-121.26522412026414,38.904812939941046],[-121.26510733927721,38.90112879643568],[-121.25649249570252,38.90105888674112],[-121.25198295297623,38.90089110319339],[-121.25169549208529,38.90047164258947],[-121.2516326100154,38.89771712306276],[-121.24991682782274,38.89446609326284],[-121.24967428269605,38.89427731921898],[-121.24864122011931,38.894018628047654],[-121.24715001674765,38.894011636381286],[-121.24711408413629,38.89038286866687],[-121.24594627426693,38.89019408377037],[-121.24596424057262,38.88661406780199],[-121.24609898786522,38.88649519698959],[-121.24712306728912,38.886502189395806],[-121.24730273034595,38.86835457890047],[-121.23584022732058,38.86841752659836],[-121.22869862081184,38.86471051160306],[-121.22872557027036,38.8619336209184],[-121.22787217075044,38.86053464246535],[-121.22793505282033,38.86014991856542],[-121.22861777243627,38.85940144974175],[-121.22772844030499,38.85797444062395],[-121.22782725498624,38.85739383558148],[-121.22882438495161,38.85615566200741],[-121.2315642465682,38.854672623478535],[-121.23140254981703,38.83915482843925],[-121.26528700233402,38.83919681080939],[-121.28306466180676,38.839623630166514],[-121.30008773644082,38.83959564209038],[-121.30024943319196,38.82466943253431],[-121.30305217687842,38.82467643102179],[-121.30304319372559,38.8248303975722],[-121.30666340432059,38.82484439451483],[-121.30716646087967,38.82481640062683],[-121.30716646087967,38.82463444008661],[-121.32588735140074,38.82468342950859],[-121.32588735140074,38.82459944762172],[-121.33095384960316,38.82448047311245],[-121.34925253194068,38.824557456641145],[-121.3493693129276,38.80994309157874],[-121.36538627444348,38.80984509241974],[-121.36497304941277,38.80540698921281],[-121.36655408431284,38.80495896343125],[-121.36909631656688,38.80375488018346],[-121.37078514930101,38.80210273284605],[-121.37142295315276,38.80094060626131],[-121.37179126241924,38.799057360892135],[-121.37186312764196,38.794618585710154],[-121.37220448744995,38.79462558715052],[-121.37262669563347,38.79487063712993],[-121.3736777245159,38.79505967510981],[-121.3739651854068,38.795213705685676],[-121.37430654521476,38.79523470982934],[-121.37501621428923,38.79498966110166],[-121.37613012524154,38.79503867091458],[-121.37696555845578,38.795605782013084],[-121.3773428508751,38.795703800757934],[-121.37832201453479,38.795507763133436],[-121.38085526363601,38.795759811408736],[-121.38471801935773,38.7957528100798],[-121.38651464992596,38.79525571396676],[-121.39556966798988,38.795248712588304],[-121.39566848267113,38.76685246749233],[-121.3769925079143,38.766516266666095],[-121.37698352476146,38.76601196245631],[-121.36269132859111,38.76629913612385],[-121.35855907828415,38.766243102328275],[-121.35859501089554,38.74973923476294],[-121.35899026962053,38.748989605187504],[-121.35969993869497,38.74835206356034],[-121.36378727323773,38.74625724384294],[-121.36443406024232,38.74550057144374],[-121.36476643689743,38.74452669423915],[-121.36455084122925,38.721500088380346],[-121.36300573894054,38.72147906252472],[-121.36160436709731,38.721254786346684],[-121.36046350668649,38.72088332737845],[-121.35794822389096,38.71968483339207],[-121.35347461377604,38.718584444022206],[-121.3524415511993,38.71845127473264],[-121.34923456563499,38.71843725689828],[-121.34651267032412,38.71826203373643],[-121.34659351869969,38.7158789560855],[-121.34741098560825,38.712970091860754],[-121.34740200245541,38.70926900433916],[-121.347141491023,38.70807031559923],[-121.34609944529343,38.705813081080095],[-121.34591079908375,38.70362587903651],[-121.35431004699028,38.70373103451182]]]}},{"type":"Feature","id":2,"properties":{"FID":2,"ID":9,"AREA":24.033007,"DISTRICT":"3","MEMBERS":1,"LOCKED":" ","NAME":" ","POPULATION":82247,"HISPANIC_O":11464,"NH_WHT":48087,"DOJ_NH_BLK":3409,"DOJ_NH_IND":1216,"DOJ_NH_ASN":15592,"DOJ_NH_HWN":440,"DOJ_NH_OTH":1153,"DOJ_NH_OT1":888,"F18_POPULA":61094,"H18_POP":7463,"NH18_WHT":37455,"DOJ_NH18_B":2425,"DOJ_NH18_I":883,"DOJ_NH18_A":11186,"DOJ_NH18_H":350,"DOJ_NH18_O":819,"DOJ_NH18_1":513,"ST1519_M1_":50981.934013,"ST1519_M11":5046.592798,"ST1519_M12":35478.550576,"ST1519_M13":1640.406651,"ST1519_M14":7813.831084,"ST1519_M15":434.072898,"ST1519_M16":521.660112,"ST1519_M2_":50977.439268,"ST1519_M21":4982.318305,"ST1519_M22":35333.016982,"ST1519_M23":1666.856669,"ST1519_M24":8045.032475,"ST1519_M25":425.219066,"ST1519_M26":524.995919,"ACS1519_M1":52270.045259,"ACS1519_M2":5534.382995,"ACS1519_M3":36152.296692,"ACS1519_M4":1546.222746,"ACS1519_M5":7340.116788,"ACS1519_M6":219.193399,"ACS1519_M7":1297.331325,"ACS1519_M8":2073.29029,"ACS1519_M9":52804.662492,"ACS1519_10":5461.066046,"ACS1519_11":35975.775409,"ACS1519_12":1601.176603,"ACS1519_13":7455.051743,"ACS1519_14":225.14612,"ACS1519_15":1234.233627,"ACS1519_16":2086.446571,"SWDB_CVAP1":51943,"SWDB_CVAP2":51796,"SWDB_CVAP3":5152,"SWDB_CVAP4":35965,"SWDB_CVAP5":1740,"SWDB_CVAP6":398,"SWDB_CVAP7":8021,"SWDB_CVAP8":520,"G18_REG_TO":43126,"G18_REG_SS":4118,"G18_REG_AS":2384,"G18_REG_FI":898,"G18_REG_LA":4326,"G18_REG_WH":32711,"G18_REG_BL":1298,"G18_VOT_TO":31559,"G18_VOT_SS":2816,"G18_VOT_AS":1431,"G18_VOT_FI":572,"G18_VOT_LA":2917,"G18_VOT_WH":24500,"G18_VOT_BL":860,"G20_REG_TO":52944,"G20_REG_SS":5606,"G20_REG_AS":3467,"G20_REG_FI":1241,"G20_REG_LA":5935,"G20_REG_WH":38226,"G20_REG_BL":1640,"G20_VOTE_T":46187,"G20_VOTE_S":4745,"G20_VOTE_A":2860,"G20_VOTE_F":1069,"G20_VOTE_L":5000,"G20_VOTE_W":33657,"G20_VOTE_B":1374,"TRACT_ACSP":75126.047509,"TRACT_BORN":61816.384369,"TRACT_IMMI":13309.664236,"TRACT_CIT":10078.513432,"TRACT_NONC":3231.149271,"BG_ACSPOP":73478.741966,"BG_AGE0_19":21611.305176,"BG_AGE20_6":36290.244696,"BG_AGE60PL":15577.189235,"BG_POP5PLU":69074.272891,"BG_ENGLISH":53176.938266,"BG_SPANISH":2816.096521,"BG_ASIAN_L":5182.602256,"BG_OTHER_L":7898.635727,"BG_ENG_LVW":4677.483657,"BG_POP25PL":48131.722834,"BG_NOHSDEG":2431.721582,"BG_HS_GRAD":19823.049439,"BG_BACHELO":14557.593303,"BG_GRADDEG":5938.268536,"BG_POP16PL":56380.693485,"BG_EMPLOYE":34427.317253,"BG_HHS":24420.677643,"BG_CHILD":9757.017522,"BG_HHINC0_":2486.694074,"BG_HHINC25":2908.69295,"BG_HHINC50":3420.912357,"BG_HHINC75":12088.76928,"BG_HHINC20":3515.607301,"BG_HOUSING":25327.472475,"BG_VACANT":906.795545,"BG_OCCUPIE":24420.677643,"BG_RENTED":4895.539512,"BG_OWNED":19525.137839,"BG_SINGLEF":22973.868464,"BG_MULTIFA":2353.604653,"DEVIATION":1641,"F_DEVIATIO":0.020358,"F_HISPANIC":0.139385,"F_NH_WHT":0.584666,"F_DOJ_NH_B":0.041448,"F_DOJ_NH_I":0.014785,"F_DOJ_NH_A":0.189575,"F_DOJ_NH_H":0.00535,"F_DOJ_NH_O":0.014019,"F_DOJ_NH_1":0.010797,"F_18_POPUL":0.742811,"F_H18_POP":0.122156,"F_NH18_WHT":0.613072,"F_DOJ_NH18":0.039693,"F_DOJ_NH11":0.014453,"F_DOJ_NH12":0.183095,"F_DOJ_NH13":0.005729,"F_DOJ_NH14":0.013406,"F_DOJ_NH15":0.008397,"F_ST1519_M":0.834483,"F_ST1519_1":0.098988,"F_ST1519_2":0.695904,"F_ST1519_3":0.032176,"F_ST1519_4":0.153267,"F_ST1519_5":0.008514,"F_ST1519_6":0.010232,"F_ST1519_7":0.83441,"F_ST1519_8":0.097736,"F_ST1519_9":0.693111,"F_ST151910":0.032698,"F_ST151911":0.157816,"F_ST151912":0.008341,"F_ST151913":0.010299,"F_ACS1519_":0.855568,"F_ACS15191":0.105881,"F_ACS15192":0.691645,"F_ACS15193":0.029581,"F_ACS15194":0.140427,"F_ACS15195":0.004193,"F_ACS15196":0.02482,"F_ACS15197":0.039665,"F_ACS15198":0.864318,"F_ACS15199":0.10342,"F_ACS15110":0.681299,"F_ACS15111":0.030323,"F_ACS15112":0.141182,"F_ACS15113":0.004264,"F_ACS15114":0.023374,"F_ACS15115":0.039513,"F_SWDB_CVA":0.850214,"F_SWDB_CV1":0.847808,"F_SWDB_CV2":0.099467,"F_SWDB_CV3":0.694359,"F_SWDB_CV4":0.033593,"F_SWDB_CV5":0.007684,"F_SWDB_CV6":0.154858,"F_SWDB_CV7":0.010039,"F_G18_REG_":1,"F_G18_REG1":0.095488,"F_G18_REG2":0.05528,"F_G18_REG3":0.020823,"F_G18_REG4":0.100311,"F_G18_REG5":0.758498,"F_G18_REG6":0.030098,"F_G18_VOT_":0.731786,"F_G18_VOT1":0.08923,"F_G18_VOT2":0.045344,"F_G18_VOT3":0.018125,"F_G18_VOT4":0.09243,"F_G18_VOT5":0.776324,"F_G18_VOT6":0.027251,"F_G20_REG_":1,"F_G20_REG1":0.105885,"F_G20_REG2":0.065484,"F_G20_REG3":0.02344,"F_G20_REG4":0.1121,"F_G20_REG5":0.722008,"F_G20_REG6":0.030976,"F_G20_VOTE":0.872375,"F_G20_VOT1":0.102735,"F_G20_VOT2":0.061922,"F_G20_VOT3":0.023145,"F_G20_VOT4":0.108256,"F_G20_VOT5":0.728712,"F_G20_VOT6":0.029749,"F_TRACT_AC":1,"F_TRACT_BO":0.822836,"F_TRACT_IM":0.177164,"F_TRACT_CI":0.134155,"F_TRACT_NO":0.04301,"F_BG_ACSPO":1,"F_BG_AGE0_":0.294116,"F_BG_AGE20":0.493888,"F_BG_AGE60":0.211996,"F_BG_POP5P":0.940058,"F_BG_ENGLI":0.769852,"F_BG_SPANI":0.040769,"F_BG_ASIAN":0.075029,"F_BG_OTHER":0.11435,"F_BG_ENG_L":0.067717,"F_BG_POP25":0.655043,"F_BG_NOHSD":0.050522,"F_BG_HS_GR":0.41185,"F_BG_BACHE":0.302453,"F_BG_GRADD":0.123375,"F_BG_POP16":0.767306,"F_BG_EMPLO":0.610622,"F_BG_HHS":1,"F_BG_CHILD":0.399539,"F_BG_HHINC":0.101827,"F_BG_HHIN1":0.119108,"F_BG_HHIN2":0.140083,"F_BG_HHIN3":0.495022,"F_BG_HHIN4":0.14396,"F_BG_HOUSI":1,"F_BG_VACAN":0.035803,"F_BG_OCCUP":0.964197,"F_BG_RENTE":0.200467,"F_BG_OWNED":0.799533,"F_BG_SINGL":0.907073,"F_BG_MULTI":0.092927,"IDEAL_VALU":80606,"DISTRICT_L":"3|2.04%"},"geometry":{"type":"Polygon","coordinates":[[[-121.39566848267113,38.76685246749233],[-121.39556966798988,38.795248712588304],[-121.38651464992596,38.79525571396676],[-121.38471801935773,38.7957528100798],[-121.38085526363601,38.795759811408736],[-121.37832201453479,38.795507763133436],[-121.3773428508751,38.795703800757934],[-121.37696555845578,38.795605782013084],[-121.37613012524154,38.79503867091458],[-121.37501621428923,38.79498966110166],[-121.37430654521476,38.79523470982934],[-121.3739651854068,38.795213705685676],[-121.3736777245159,38.79505967510981],[-121.37262669563347,38.79487063712993],[-121.37220448744995,38.79462558715052],[-121.37186312764196,38.794618585710154],[-121.37179126241924,38.799057360892135],[-121.37142295315276,38.80094060626131],[-121.37078514930101,38.80210273284605],[-121.36909631656688,38.80375488018346],[-121.36655408431284,38.80495896343125],[-121.36497304941277,38.80540698921281],[-121.36538627444348,38.80984509241974],[-121.3493693129276,38.80994309157874],[-121.34925253194068,38.824557456641145],[-121.33095384960316,38.82448047311245],[-121.32588735140074,38.82459944762172],[-121.32588735140074,38.82468342950859],[-121.30716646087967,38.82463444008661],[-121.30716646087967,38.82481640062683],[-121.30666340432059,38.82484439451483],[-121.30304319372559,38.8248303975722],[-121.30305217687842,38.82467643102179],[-121.30024943319196,38.82466943253431],[-121.30044706255445,38.80539298844978],[-121.30074350659824,38.805287982639356],[-121.30083333812665,38.795626786041204],[-121.30057282669424,38.795619784699184],[-121.30057282669424,38.795248712588304],[-121.30410320576085,38.795437749565444],[-121.32869907824002,38.79536773592866],[-121.32880687607411,38.788597092373564],[-121.32941773046733,38.78749076270735],[-121.33093588329749,38.786342402363566],[-121.33094486645032,38.78621636168716],[-121.33093588329749,38.78585924522732],[-121.33074723708782,38.78572620138298],[-121.3297860397338,38.785530136317774],[-121.32909433696506,38.78574720832229],[-121.32840263419627,38.785201025889066],[-121.3282768700565,38.784815894734976],[-121.32870806139286,38.784129655886524],[-121.32863619617014,38.78382154650003],[-121.32820500483376,38.78312129294296],[-121.32739652107806,38.7827431531627],[-121.32732465585532,38.78186782190368],[-121.32651617209962,38.78146166454991],[-121.32624667751438,38.78107651319813],[-121.32625566066721,38.78074738221279],[-121.32651617209962,38.7806213316459],[-121.32675871722631,38.78029219855965],[-121.32722584117407,38.77921375184663],[-121.32713600964567,38.77901766887389],[-121.32646227318257,38.77876556140244],[-121.32619277859733,38.778429416720805],[-121.32589633455358,38.777385957512315],[-121.32541124430014,38.777462991935565],[-121.32443208064045,38.77810027351816],[-121.32408173767965,38.77806525819444],[-121.32359664742624,38.77772911021198],[-121.32316545608984,38.77783415662668],[-121.32157543803696,38.77619541493707],[-121.3213418760631,38.77467569348124],[-121.3206232238358,38.773590158330556],[-121.32010220097101,38.773478102148516],[-121.31957219495337,38.77357615131743],[-121.31933863297951,38.77349911269606],[-121.3184672671539,38.77236453427241],[-121.31809895788741,38.77230850524067],[-121.31748810349421,38.77246258497204],[-121.31711979422772,38.77235052701861],[-121.31685928279533,38.77201435210209],[-121.31638317569474,38.771979333790505],[-121.31574537184304,38.77120892658639],[-121.31533214681232,38.77035446522862],[-121.31477519133618,38.769906219112094],[-121.31439789891685,38.76980816489866],[-121.31398467388614,38.76996225003069],[-121.31287076293384,38.769822172651665],[-121.31287076293384,38.76627812345567],[-121.31269109987701,38.76513642584811],[-121.3121610938594,38.763966692174485],[-121.31053514319512,38.761865326031945],[-121.31016683392865,38.76103877172525],[-121.30995123826047,38.76001607263714],[-121.30994225510761,38.75917548707045],[-121.31403857280318,38.759154472304424],[-121.31566452346746,38.75889528968135],[-121.3168952154067,38.758474991534946],[-121.3188176101147,38.75751530148901],[-121.32072203851705,38.756730727776485],[-121.32292291096313,38.75611427095185],[-121.32503395188083,38.755939140200944],[-121.32713600964567,38.75624036482639],[-121.32769296512181,38.754685191471204],[-121.3287170445457,38.75296885721937],[-121.32883382553264,38.75186197487394],[-121.31388585920489,38.75187598615013],[-121.31378704452364,38.74384707422013],[-121.31138854271505,38.74386108706935],[-121.31140650902073,38.74022466046595],[-121.30907987243486,38.74022466046595],[-121.30905292297633,38.73652498441959],[-121.306016617316,38.7365950558222],[-121.3051452514904,38.73736583671366],[-121.30347438506195,38.736321776963294],[-121.30256708662499,38.735410839882],[-121.3019113164676,38.73396733117754],[-121.30190233331476,38.73248875561129],[-121.30227064258123,38.73163383065661],[-121.30423795305346,38.72899190773526],[-121.30501050419778,38.72739409261606],[-121.3052710156302,38.7264059522257],[-121.30517220094893,38.725733167969906],[-121.30484880744665,38.725158493068136],[-121.30594475209328,38.722642483902185],[-121.31860201444651,38.72341341534443],[-121.31870082912776,38.72114264799369],[-121.33060350664236,38.70733426869471],[-121.33483457163058,38.70341556762197],[-121.34591079908375,38.70362587903651],[-121.34609944529343,38.705813081080095],[-121.347141491023,38.70807031559923],[-121.34740200245541,38.70926900433916],[-121.34741098560825,38.712970091860754],[-121.34659351869969,38.7158789560855],[-121.34651267032412,38.71826203373643],[-121.34923456563499,38.71843725689828],[-121.3524415511993,38.71845127473264],[-121.35347461377604,38.718584444022206],[-121.35794822389096,38.71968483339207],[-121.36046350668649,38.72088332737845],[-121.36160436709731,38.721254786346684],[-121.36300573894054,38.72147906252472],[-121.36455084122925,38.721500088380346],[-121.36476643689743,38.74452669423915],[-121.36443406024232,38.74550057144374],[-121.36378727323773,38.74625724384294],[-121.35969993869497,38.74835206356034],[-121.35899026962053,38.748989605187504],[-121.35859501089554,38.74973923476294],[-121.35855907828415,38.766243102328275],[-121.36269132859111,38.76629913612385],[-121.37698352476146,38.76601196245631],[-121.3769925079143,38.766516266666095],[-121.39566848267113,38.76685246749233]]]}},{"type":"Feature","id":3,"properties":{"FID":3,"ID":10,"AREA":29.582571,"DISTRICT":"7","MEMBERS":1,"LOCKED":" ","NAME":" ","POPULATION":79827,"HISPANIC_O":10904,"NH_WHT":52431,"DOJ_NH_BLK":1794,"DOJ_NH_IND":1578,"DOJ_NH_ASN":10688,"DOJ_NH_HWN":368,"DOJ_NH_OTH":1418,"DOJ_NH_OT1":646,"F18_POPULA":59328,"H18_POP":7169,"NH18_WHT":40891,"DOJ_NH18_B":1225,"DOJ_NH18_I":1166,"DOJ_NH18_A":7301,"DOJ_NH18_H":268,"DOJ_NH18_O":931,"DOJ_NH18_1":377,"ST1519_M1_":51817.43326,"ST1519_M11":5403.871124,"ST1519_M12":40273.314263,"ST1519_M13":1146.052591,"ST1519_M14":4156.482557,"ST1519_M15":565.110436,"ST1519_M16":287.92913,"ST1519_M2_":51731.418783,"ST1519_M21":5482.638363,"ST1519_M22":40130.893047,"ST1519_M23":1136.605789,"ST1519_M24":4195.127347,"ST1519_M25":571.868628,"ST1519_M26":214.285737,"ACS1519_M1":51878.605303,"ACS1519_M2":5392.558653,"ACS1519_M3":40275.855631,"ACS1519_M4":891.466362,"ACS1519_M5":3521.73062,"ACS1519_M6":209.814039,"ACS1519_M7":1175.193917,"ACS1519_M8":2253.752212,"ACS1519_M9":52489.047491,"ACS1519_10":5456.633035,"ACS1519_11":40083.34829,"ACS1519_12":875.106712,"ACS1519_13":3596.019564,"ACS1519_14":213.194186,"ACS1519_15":1187.520229,"ACS1519_16":2264.745704,"SWDB_CVAP1":51971,"SWDB_CVAP2":51870,"SWDB_CVAP3":5491,"SWDB_CVAP4":40254,"SWDB_CVAP5":1113,"SWDB_CVAP6":561,"SWDB_CVAP7":4186,"SWDB_CVAP8":265,"G18_REG_TO":43049,"G18_REG_SS":3489,"G18_REG_AS":1671,"G18_REG_FI":563,"G18_REG_LA":3670,"G18_REG_WH":36145,"G18_REG_BL":843,"G18_VOT_TO":31246,"G18_VOT_SS":2317,"G18_VOT_AS":1113,"G18_VOT_FI":384,"G18_VOT_LA":2407,"G18_VOT_WH":26588,"G18_VOT_BL":556,"G20_REG_TO":51499,"G20_REG_SS":4625,"G20_REG_AS":2287,"G20_REG_FI":779,"G20_REG_LA":4909,"G20_REG_WH":42380,"G20_REG_BL":1055,"G20_VOTE_T":44921,"G20_VOTE_S":3899,"G20_VOTE_A":1947,"G20_VOTE_F":672,"G20_VOTE_L":4114,"G20_VOTE_W":37166,"G20_VOTE_B":890,"TRACT_ACSP":73325.586529,"TRACT_BORN":65358.451737,"TRACT_IMMI":7967.136882,"TRACT_CIT":4949.893542,"TRACT_NONC":3017.24282,"BG_ACSPOP":73169.361007,"BG_AGE0_19":20789.500888,"BG_AGE20_6":38394.040623,"BG_AGE60PL":13985.819752,"BG_POP5PLU":68985.249603,"BG_ENGLISH":59588.282068,"BG_SPANISH":3059.704833,"BG_ASIAN_L":2745.824342,"BG_OTHER_L":3591.438442,"BG_ENG_LVW":2510.367346,"BG_POP25PL":47726.672269,"BG_NOHSDEG":2028.506174,"BG_HS_GRAD":18897.107395,"BG_BACHELO":14108.907643,"BG_GRADDEG":7155.034987,"BG_POP16PL":56921.652519,"BG_EMPLOYE":37231.094514,"BG_HHS":25479.331192,"BG_CHILD":9727.623963,"BG_HHINC0_":2614.311016,"BG_HHINC25":3224.580998,"BG_HHINC50":3432.14671,"BG_HHINC75":12488.38305,"BG_HHINC20":3719.909967,"BG_HOUSING":26494.558873,"BG_VACANT":1015.227287,"BG_OCCUPIE":25479.331192,"BG_RENTED":8037.493474,"BG_OWNED":17441.837166,"BG_SINGLEF":21091.727108,"BG_MULTIFA":5402.831543,"DEVIATION":-779,"F_DEVIATIO":-0.009664,"F_HISPANIC":0.136595,"F_NH_WHT":0.656808,"F_DOJ_NH_B":0.022474,"F_DOJ_NH_I":0.019768,"F_DOJ_NH_A":0.13389,"F_DOJ_NH_H":0.00461,"F_DOJ_NH_O":0.017763,"F_DOJ_NH_1":0.008093,"F_18_POPUL":0.743207,"F_H18_POP":0.120837,"F_NH18_WHT":0.689236,"F_DOJ_NH18":0.020648,"F_DOJ_NH11":0.019653,"F_DOJ_NH12":0.123062,"F_DOJ_NH13":0.004517,"F_DOJ_NH14":0.015692,"F_DOJ_NH15":0.006355,"F_ST1519_M":0.873406,"F_ST1519_1":0.104287,"F_ST1519_2":0.777216,"F_ST1519_3":0.022117,"F_ST1519_4":0.080214,"F_ST1519_5":0.010906,"F_ST1519_6":0.005557,"F_ST1519_7":0.871956,"F_ST1519_8":0.105983,"F_ST1519_9":0.775755,"F_ST151910":0.021971,"F_ST151911":0.081094,"F_ST151912":0.011055,"F_ST151913":0.004142,"F_ACS1519_":0.874437,"F_ACS15191":0.103946,"F_ACS15192":0.776348,"F_ACS15193":0.017184,"F_ACS15194":0.067884,"F_ACS15195":0.004044,"F_ACS15196":0.022653,"F_ACS15197":0.043443,"F_ACS15198":0.884726,"F_ACS15199":0.103958,"F_ACS15110":0.763652,"F_ACS15111":0.016672,"F_ACS15112":0.06851,"F_ACS15113":0.004062,"F_ACS15114":0.022624,"F_ACS15115":0.043147,"F_SWDB_CVA":0.875994,"F_SWDB_CV1":0.874292,"F_SWDB_CV2":0.105861,"F_SWDB_CV3":0.776056,"F_SWDB_CV4":0.021457,"F_SWDB_CV5":0.010816,"F_SWDB_CV6":0.080702,"F_SWDB_CV7":0.005109,"F_G18_REG_":1,"F_G18_REG1":0.081047,"F_G18_REG2":0.038816,"F_G18_REG3":0.013078,"F_G18_REG4":0.085252,"F_G18_REG5":0.839625,"F_G18_REG6":0.019582,"F_G18_VOT_":0.725824,"F_G18_VOT1":0.074153,"F_G18_VOT2":0.035621,"F_G18_VOT3":0.01229,"F_G18_VOT4":0.077034,"F_G18_VOT5":0.850925,"F_G18_VOT6":0.017794,"F_G20_REG_":1,"F_G20_REG1":0.089808,"F_G20_REG2":0.044409,"F_G20_REG3":0.015127,"F_G20_REG4":0.095322,"F_G20_REG5":0.822929,"F_G20_REG6":0.020486,"F_G20_VOTE":0.872269,"F_G20_VOT1":0.086797,"F_G20_VOT2":0.043343,"F_G20_VOT3":0.01496,"F_G20_VOT4":0.091583,"F_G20_VOT5":0.827364,"F_G20_VOT6":0.019813,"F_TRACT_AC":1,"F_TRACT_BO":0.891346,"F_TRACT_IM":0.108654,"F_TRACT_CI":0.067506,"F_TRACT_NO":0.041149,"F_BG_ACSPO":1,"F_BG_AGE0_":0.284129,"F_BG_AGE20":0.524728,"F_BG_AGE60":0.191143,"F_BG_POP5P":0.942816,"F_BG_ENGLI":0.863783,"F_BG_SPANI":0.044353,"F_BG_ASIAN":0.039803,"F_BG_OTHER":0.052061,"F_BG_ENG_L":0.03639,"F_BG_POP25":0.652277,"F_BG_NOHSD":0.042503,"F_BG_HS_GR":0.395944,"F_BG_BACHE":0.295619,"F_BG_GRADD":0.149917,"F_BG_POP16":0.777944,"F_BG_EMPLO":0.654076,"F_BG_HHS":1,"F_BG_CHILD":0.381785,"F_BG_HHINC":0.102605,"F_BG_HHIN1":0.126557,"F_BG_HHIN2":0.134703,"F_BG_HHIN3":0.490138,"F_BG_HHIN4":0.145997,"F_BG_HOUSI":1,"F_BG_VACAN":0.038318,"F_BG_OCCUP":0.961682,"F_BG_RENTE":0.315452,"F_BG_OWNED":0.684548,"F_BG_SINGL":0.796078,"F_BG_MULTI":0.203922,"IDEAL_VALU":80606,"DISTRICT_L":"7|-0.97%"},"geometry":{"type":"Polygon","coordinates":[[[-121.17798872302329,38.82616009483478],[-121.18237250160979,38.822499868256045],[-121.18155503470126,38.817509619539074],[-121.18024349438643,38.81745362598477],[-121.18023451123358,38.814359913699306],[-121.17357799497826,38.814471905628544],[-121.17372172542373,38.80918709457488],[-121.17301205634928,38.80918709457488],[-121.17246408402598,38.80873209251076],[-121.17305697211347,38.80832608821541],[-121.17376664118794,38.80834008840205],[-121.17373070857657,38.80634503406838],[-121.1734342645328,38.806338033779376],[-121.17350612975552,38.80545599186175],[-121.17389240532772,38.80547699298668],[-121.17356901182542,38.783247339090764],[-121.18193232712058,38.78321932885496],[-121.18184249559218,38.78128659601155],[-121.18327980004676,38.78131460700656],[-121.18299233915585,38.77417144694982],[-121.19179582894023,38.77412942624463],[-121.19193057623283,38.77401036744547],[-121.20695040778331,38.774206464185234],[-121.21057061837831,38.773870298015545],[-121.21142401789822,38.7737022143366],[-121.21231335002952,38.7733590422622],[-121.21785595533254,38.77038948433786],[-121.24741052818007,38.77034045758012],[-121.2473745955687,38.773961343176296],[-121.25130921651314,38.77394033276491],[-121.25243211061829,38.77267269316025],[-121.25491146080245,38.77354813728293],[-121.25436348847914,38.77356914780984],[-121.25384246561434,38.773289006942115],[-121.25333940905524,38.7739823535815],[-121.25722911423547,38.77394733623604],[-121.25926828993043,38.77456363900453],[-121.2604181334941,38.77498384238442],[-121.26182848849017,38.775719192342414],[-121.26336460762603,38.77667863755496],[-121.2643437712857,38.777484001309276],[-121.26488276045617,38.778149294942494],[-121.26517920449993,38.778821585362],[-121.26537683386243,38.779332801959924],[-121.26546666539085,38.780551303456896],[-121.26565531160053,38.780551303456896],[-121.26572717682326,38.7809014437142],[-121.26570921051757,38.79207701742142],[-121.27492592533264,38.795703800757934],[-121.2842324716761,38.795633787382506],[-121.291535774936,38.79573880741986],[-121.30083333812665,38.795626786041204],[-121.30074350659824,38.805287982639356],[-121.30044706255445,38.80539298844978],[-121.30008773644082,38.83959564209038],[-121.28306466180676,38.839623630166514],[-121.26528700233402,38.83919681080939],[-121.23140254981703,38.83915482843925],[-121.23147441503978,38.848565256874295],[-121.22715351852317,38.84884510185865],[-121.22174566051275,38.85114678509016],[-121.22239244751734,38.84971261431409],[-121.2225182116571,38.84860023755755],[-121.22225770022469,38.84751582837839],[-121.22051496857351,38.844339463795976],[-121.22021852452977,38.84333894954785],[-121.22014665930703,38.836670827455],[-121.21998496255587,38.835859135099646],[-121.21963461959507,38.835166390336646],[-121.22040717073942,38.83517338779221],[-121.22031733921102,38.83223439592319],[-121.20107542582517,38.83183552338847],[-121.20109339213086,38.83782537390792],[-121.19984473388593,38.83807727246306],[-121.19908116589443,38.838511095662376],[-121.19808403592904,38.83866503229094],[-121.19803912016484,38.83667782476265],[-121.19178684578738,38.83672680589689],[-121.19173294687032,38.83710465922797],[-121.19141853652087,38.83755248280033],[-121.1888942705725,38.839574651026055],[-121.18820256780373,38.8403303254408],[-121.18807680366395,38.840848097721626],[-121.18850799500035,38.842037560313805],[-121.18823850041508,38.84249934631491],[-121.18590288067638,38.84464731150335],[-121.18451947513884,38.845661800202286],[-121.18248928259672,38.846767226591155],[-121.1824623331382,38.8465783258301],[-121.18217487224729,38.846886163850044],[-121.18153706839558,38.84715202288624],[-121.18092621400237,38.84765575307229],[-121.17989315142563,38.85045418915485],[-121.17869839209774,38.8516784703235],[-121.17926433072675,38.85219616002145],[-121.18002789871824,38.85169246198648],[-121.18089926454384,38.85202126527465],[-121.18019857862222,38.85347637647275],[-121.17867144263923,38.853385432894996],[-121.17863551002786,38.85405701349717],[-121.1776204137568,38.854050017898565],[-121.17769227897953,38.85764566485671],[-121.17756651483975,38.85803739751236],[-121.17758448114544,38.85937346944607],[-121.17740481808862,38.85952736093615],[-121.17647057019313,38.85970923226781],[-121.17616514299654,38.860065978528795],[-121.1761561598437,38.86325563026121],[-121.17596751363403,38.86364033735743],[-121.17556327175616,38.86378722497235],[-121.17471885538912,38.86368929992947],[-121.17296714058507,38.86373826246776],[-121.17296714058507,38.86149294567521],[-121.17280544383392,38.860506662615535],[-121.17304798896063,38.85994706330733],[-121.17294917427938,38.859296523576106],[-121.17158373504753,38.85994706330733],[-121.17045185778954,38.861101232055184],[-121.16940082890711,38.86112921167104],[-121.16869115983265,38.86142999184611],[-121.16833183371901,38.861835693322604],[-121.16801742336958,38.862570147003616],[-121.1676311477974,38.86269605258719],[-121.16675978197179,38.86268905783838],[-121.16582553407632,38.863458476080474],[-121.16479247149958,38.86373826246776],[-121.16396602143818,38.864143950773716],[-121.16295990831998,38.86504624922333],[-121.1620076941188,38.865598813938064],[-121.16024699616194,38.86621432400691],[-121.15904325368122,38.86606744140641],[-121.15916003466816,38.86589258077202],[-121.15889054008292,38.86573870305799],[-121.15903427052838,38.8638501767144],[-121.16010326571649,38.86153491486366],[-121.16068717065114,38.861143201474825],[-121.16182803106199,38.86112921167104],[-121.16217837402277,38.86097532364759],[-121.16221430663414,38.86108724224313],[-121.16247481806656,38.86099630839767],[-121.16357974586603,38.859541351055086],[-121.16363364478308,38.85267187155707],[-121.1637055100058,38.85213319796214],[-121.16452297691436,38.85135666131492],[-121.16381330783989,38.851006867262946],[-121.16302279038986,38.85110480977089],[-121.1623760033853,38.85098587956512],[-121.1606781874983,38.85027229415478],[-121.15918698412668,38.84915992615018],[-121.1581000226329,38.848565256874295],[-121.15791137642323,38.84832738777203],[-121.15770476390789,38.84755780581547],[-121.15730052203001,38.84714502660856],[-121.15691424645786,38.846403417270785],[-121.15646508881578,38.846032609702874],[-121.15564762190725,38.8458227177701],[-121.15513558219529,38.84521402766335],[-121.17798872302329,38.82616009483478]]]}},{"type":"Feature","id":4,"properties":{"FID":4,"ID":13,"AREA":145.856216,"DISTRICT":"5","MEMBERS":1,"LOCKED":" ","NAME":" ","POPULATION":81491,"HISPANIC_O":9276,"NH_WHT":62292,"DOJ_NH_BLK":924,"DOJ_NH_IND":2085,"DOJ_NH_ASN":4840,"DOJ_NH_HWN":225,"DOJ_NH_OTH":1480,"DOJ_NH_OT1":370,"F18_POPULA":65489,"H18_POP":6305,"NH18_WHT":51978,"DOJ_NH18_B":680,"DOJ_NH18_I":1572,"DOJ_NH18_A":3506,"DOJ_NH18_H":158,"DOJ_NH18_O":1079,"DOJ_NH18_1":211,"ST1519_M1_":64818.163864,"ST1519_M11":4775.965279,"ST1519_M12":54683.045121,"ST1519_M13":827.50701,"ST1519_M14":3076.010721,"ST1519_M15":1180.753787,"ST1519_M16":254.230614,"ST1519_M2_":64825.519715,"ST1519_M21":4725.212241,"ST1519_M22":54756.656878,"ST1519_M23":837.074723,"ST1519_M24":3102.234555,"ST1519_M25":1176.485771,"ST1519_M26":227.855365,"ACS1519_M1":64749.230421,"ACS1519_M2":4791.446663,"ACS1519_M3":54589.813222,"ACS1519_M4":737.773053,"ACS1519_M5":2364.728523,"ACS1519_M6":327.419808,"ACS1519_M7":685.417409,"ACS1519_M8":2286.512925,"ACS1519_M9":65126.444098,"ACS1519_10":4742.258968,"ACS1519_11":54724.281399,"ACS1519_12":727.832558,"ACS1519_13":2341.170343,"ACS1519_14":323.452736,"ACS1519_15":679.115302,"ACS1519_16":2267.448095,"SWDB_CVAP1":64951,"SWDB_CVAP2":64799,"SWDB_CVAP3":4772,"SWDB_CVAP4":54815,"SWDB_CVAP5":773,"SWDB_CVAP6":1179,"SWDB_CVAP7":3035,"SWDB_CVAP8":225,"G18_REG_TO":54131,"G18_REG_SS":2837,"G18_REG_AS":1443,"G18_REG_FI":268,"G18_REG_LA":2947,"G18_REG_WH":48652,"G18_REG_BL":511,"G18_VOT_TO":42062,"G18_VOT_SS":1977,"G18_VOT_AS":1086,"G18_VOT_FI":195,"G18_VOT_LA":2032,"G18_VOT_WH":38097,"G18_VOT_BL":372,"G20_REG_TO":60399,"G20_REG_SS":3382,"G20_REG_AS":1726,"G20_REG_FI":328,"G20_REG_LA":3533,"G20_REG_WH":53878,"G20_REG_BL":577,"G20_VOTE_T":53501,"G20_VOTE_S":2794,"G20_VOTE_A":1530,"G20_VOTE_F":275,"G20_VOTE_L":2893,"G20_VOTE_W":47957,"G20_VOTE_B":499,"TRACT_ACSP":84006.376566,"TRACT_BORN":77168.791248,"TRACT_IMMI":6837.586336,"TRACT_CIT":4310.018023,"TRACT_NONC":2527.568079,"BG_ACSPOP":84247.125232,"BG_AGE0_19":18712.977112,"BG_AGE20_6":39193.871489,"BG_AGE60PL":26340.275397,"BG_POP5PLU":80663.539841,"BG_ENGLISH":71240.965983,"BG_SPANISH":4888.663284,"BG_ASIAN_L":1533.536791,"BG_OTHER_L":3000.373811,"BG_ENG_LVW":2703.467347,"BG_POP25PL":61980.083065,"BG_NOHSDEG":3351.931345,"BG_HS_GRAD":25866.014071,"BG_BACHELO":15598.653777,"BG_GRADDEG":9885.80481,"BG_POP16PL":69261.193645,"BG_EMPLOYE":39026.919092,"BG_HHS":32065.92844,"BG_CHILD":8882.811628,"BG_HHINC0_":4301.43591,"BG_HHINC25":4915.411959,"BG_HHINC50":4303.421219,"BG_HHINC75":12918.19201,"BG_HHINC20":5627.467032,"BG_HOUSING":33923.868128,"BG_VACANT":1857.940908,"BG_OCCUPIE":32065.92844,"BG_RENTED":7255.231178,"BG_OWNED":24810.696181,"BG_SINGLEF":29553.959587,"BG_MULTIFA":4369.9093,"DEVIATION":885,"F_DEVIATIO":0.010979,"F_HISPANIC":0.113829,"F_NH_WHT":0.764403,"F_DOJ_NH_B":0.011339,"F_DOJ_NH_I":0.025586,"F_DOJ_NH_A":0.059393,"F_DOJ_NH_H":0.002761,"F_DOJ_NH_O":0.018162,"F_DOJ_NH_1":0.00454,"F_18_POPUL":0.803635,"F_H18_POP":0.096276,"F_NH18_WHT":0.793691,"F_DOJ_NH18":0.010383,"F_DOJ_NH11":0.024004,"F_DOJ_NH12":0.053536,"F_DOJ_NH13":0.002413,"F_DOJ_NH14":0.016476,"F_DOJ_NH15":0.003222,"F_ST1519_M":0.989757,"F_ST1519_1":0.073683,"F_ST1519_2":0.843638,"F_ST1519_3":0.012767,"F_ST1519_4":0.047456,"F_ST1519_5":0.018216,"F_ST1519_6":0.003922,"F_ST1519_7":0.989869,"F_ST1519_8":0.072891,"F_ST1519_9":0.844677,"F_ST151910":0.012913,"F_ST151911":0.047855,"F_ST151912":0.018148,"F_ST151913":0.003515,"F_ACS1519_":0.988704,"F_ACS15191":0.074,"F_ACS15192":0.843096,"F_ACS15193":0.011394,"F_ACS15194":0.036521,"F_ACS15195":0.005057,"F_ACS15196":0.010586,"F_ACS15197":0.035313,"F_ACS15198":0.994464,"F_ACS15199":0.072816,"F_ACS15110":0.840277,"F_ACS15111":0.011176,"F_ACS15112":0.035948,"F_ACS15113":0.004967,"F_ACS15114":0.010428,"F_ACS15115":0.034816,"F_SWDB_CVA":0.991785,"F_SWDB_CV1":0.989464,"F_SWDB_CV2":0.073643,"F_SWDB_CV3":0.845924,"F_SWDB_CV4":0.011929,"F_SWDB_CV5":0.018195,"F_SWDB_CV6":0.046837,"F_SWDB_CV7":0.003472,"F_G18_REG_":1,"F_G18_REG1":0.05241,"F_G18_REG2":0.026658,"F_G18_REG3":0.004951,"F_G18_REG4":0.054442,"F_G18_REG5":0.898783,"F_G18_REG6":0.00944,"F_G18_VOT_":0.777041,"F_G18_VOT1":0.047002,"F_G18_VOT2":0.025819,"F_G18_VOT3":0.004636,"F_G18_VOT4":0.04831,"F_G18_VOT5":0.905734,"F_G18_VOT6":0.008844,"F_G20_REG_":1,"F_G20_REG1":0.055994,"F_G20_REG2":0.028577,"F_G20_REG3":0.005431,"F_G20_REG4":0.058494,"F_G20_REG5":0.892035,"F_G20_REG6":0.009553,"F_G20_VOTE":0.885793,"F_G20_VOT1":0.052223,"F_G20_VOT2":0.028598,"F_G20_VOT3":0.00514,"F_G20_VOT4":0.054074,"F_G20_VOT5":0.896376,"F_G20_VOT6":0.009327,"F_TRACT_AC":1,"F_TRACT_BO":0.918606,"F_TRACT_IM":0.081394,"F_TRACT_CI":0.051306,"F_TRACT_NO":0.030088,"F_BG_ACSPO":1,"F_BG_AGE0_":0.22212,"F_BG_AGE20":0.465225,"F_BG_AGE60":0.312655,"F_BG_POP5P":0.957463,"F_BG_ENGLI":0.883187,"F_BG_SPANI":0.060606,"F_BG_ASIAN":0.019012,"F_BG_OTHER":0.037196,"F_BG_ENG_L":0.033515,"F_BG_POP25":0.735694,"F_BG_NOHSD":0.054081,"F_BG_HS_GR":0.417328,"F_BG_BACHE":0.251672,"F_BG_GRADD":0.1595,"F_BG_POP16":0.822119,"F_BG_EMPLO":0.563475,"F_BG_HHS":1,"F_BG_CHILD":0.277017,"F_BG_HHINC":0.134144,"F_BG_HHIN1":0.153291,"F_BG_HHIN2":0.134205,"F_BG_HHIN3":0.402863,"F_BG_HHIN4":0.175497,"F_BG_HOUSI":1,"F_BG_VACAN":0.054768,"F_BG_OCCUP":0.945232,"F_BG_RENTE":0.22626,"F_BG_OWNED":0.77374,"F_BG_SINGL":0.871185,"F_BG_MULTI":0.128815,"IDEAL_VALU":80606,"DISTRICT_L":"5|1.1%"},"geometry":{"type":"Polygon","coordinates":[[[-121.24609898786522,38.88649519698959],[-121.23344172551198,38.886544143818774],[-121.2334237592063,38.87927167379279],[-121.22876150288172,38.87927167379279],[-121.22875251972889,38.87565614006532],[-121.21013942704194,38.87583097668298],[-121.21012146073626,38.88305484965408],[-121.20087779646268,38.883012893170545],[-121.20081491439277,38.88310379885354],[-121.19584723087159,38.883201697151314],[-121.19608977599829,38.89056466105596],[-121.19594604555284,38.89038286866687],[-121.19591909609431,38.88959276557059],[-121.19531722485397,38.88932007308142],[-121.19490399982325,38.88856491918656],[-121.19575739934318,38.8879286258767],[-121.19576638249602,38.887411196346065],[-121.19481416829485,38.88715947250896],[-121.19463450523803,38.887823741816945],[-121.19263126215444,38.88740420402929],[-121.19265821161297,38.886446250126674],[-121.19128378922827,38.886446250126674],[-121.19135565445099,38.89050872498581],[-121.18225572062286,38.89057165306163],[-121.18254318151376,38.89782898380516],[-121.18031535960915,38.89785694896324],[-121.18012671339949,38.89905244917207],[-121.18018061231653,38.89987041140263],[-121.18044112374895,38.90046465155841],[-121.18144723686714,38.90156922592853],[-121.1814382537143,38.902967396691956],[-121.18090824769668,38.90336587031789],[-121.17948890954779,38.903687443894164],[-121.17872534155627,38.90440049315034],[-121.17739583493578,38.905064601212565],[-121.1767490479312,38.90571472203499],[-121.17577886742436,38.906315903733905],[-121.17397325370328,38.90688212835285],[-121.17412596730158,38.90894426625842],[-121.17428766405271,38.91759061260807],[-121.17353307921405,38.91718522944436],[-121.1729312079737,38.91710834616932],[-121.1725359492487,38.916716939113975],[-121.17262578077711,38.91963846112243],[-121.18193232712058,38.91963147197886],[-121.18184249559218,38.9269696935932],[-121.1864508529997,38.9269696935932],[-121.18644186984686,38.93407656177672],[-121.18630712255425,38.93456570055206],[-121.18657661713948,38.94522110080397],[-121.18635203831846,38.94531192684094],[-121.1862981394014,38.956161307658775],[-121.18639695408265,38.956161307658775],[-121.18645983615255,38.957802891578766],[-121.18675628019629,38.97096911430624],[-121.18647780245823,38.970976098390395],[-121.18645983615255,38.97233798163729],[-121.18663949920936,38.985312971052814],[-121.18692696010028,38.985312971052814],[-121.18681017911335,39.01272162457238],[-121.18612745949743,39.01311250156343],[-121.1840074354269,39.01542281965561],[-121.18194131027343,39.01695135720626],[-121.18109689390634,39.01728637472063],[-121.18093519715521,39.01747482137494],[-121.18071061833419,39.01844496472134],[-121.17939907801937,39.01995947844321],[-121.17824025130285,39.020057187891915],[-121.17740481808862,39.020001353937765],[-121.17617412614938,39.019366239605944],[-121.17420681567715,39.01884278943954],[-121.17376664118794,39.01841006770944],[-121.17263476392995,39.01853569687164],[-121.17070338606909,39.019156860004415],[-121.16954455935257,39.01970822495507],[-121.1681342043565,39.02051781633134],[-121.16772996247865,39.02110406636854],[-121.16696639448716,39.02159260435285],[-121.16626570856553,39.02180197674131],[-121.16560095525527,39.02173218601405],[-121.16379534153421,39.02239519514138],[-121.16343601542057,39.02266737603556],[-121.16263651481769,39.023951497401946],[-121.16198074466028,39.02443303690086],[-121.16072310326251,39.02454469776547],[-121.1596091923102,39.02507508446373],[-121.15884562431872,39.02505414822214],[-121.15818087100845,39.02489363683058],[-121.15738137040559,39.025186744314205],[-121.15678848231808,39.02558453109809],[-121.1564022067459,39.02613584592208],[-121.15541405993336,39.02609397406101],[-121.15250351841283,39.02679183517399],[-121.15213520914635,39.02705004203963],[-121.15147943898893,39.0281735798519],[-121.15141655691905,39.02872487448303],[-121.15158723682302,39.03005075535625],[-121.15079671937299,39.03095094450986],[-121.15067095523321,39.03143941444564],[-121.15014993236844,39.03223491540065],[-121.14934144861272,39.032562882485855],[-121.14724837400071,39.032911781969496],[-121.14484987219213,39.03366539897568],[-121.14181356653181,39.03528425277781],[-121.14000795281072,39.03722403736951],[-121.13956777832152,39.037510116202775],[-121.13799572657429,39.03791481111069],[-121.13672011887084,39.03771246394644],[-121.13514806712364,39.03667978663533],[-121.13442941489635,39.03591922410011],[-121.1342677181452,39.035123764617246],[-121.1339173751844,39.03469812033918],[-121.13338736916675,39.03438411881865],[-121.13144700815305,39.03420269508197],[-121.13097090105248,39.034286429172155],[-121.12965037758482,39.03322579003204],[-121.12743153883305,39.032953649791786],[-121.1253294810682,39.032583816503426],[-121.12511388540003,39.03245821230486],[-121.1249971044131,39.031941837143194],[-121.1263086447279,39.03104166061035],[-121.12669492030007,39.03048340583783],[-121.126811701287,39.030015864072965],[-121.12639847625631,39.02919940312709],[-121.12560795880628,39.02894120411296],[-121.12470964352215,39.02905983620954],[-121.12352386734712,39.02786652781325],[-121.1233442042903,39.02699421360808],[-121.12320945699769,39.02443303690086],[-121.12267945098006,39.02416784164057],[-121.12096366878738,39.02422367230437],[-121.12084688780045,39.02413992629214],[-121.11993060621064,39.02205322278897],[-121.11906822353788,39.02097146261887],[-121.11808007672538,39.02011302180197],[-121.11703803099579,39.01975010059842],[-121.11515156889914,39.01860549075419],[-121.11351663508205,39.0183542324546],[-121.11186373495926,39.01773306227074],[-121.11118999849617,39.01776098014893],[-121.10909692388418,39.018221623547625],[-121.10828844012846,39.01799130222339],[-121.10771351834661,39.01762139064776],[-121.10711164710627,39.01678384785384],[-121.1061145171409,39.01619058237271],[-121.10591688777839,39.01475276538153],[-121.10593485408407,39.01334981868256],[-121.10551264590055,39.01243544540549],[-121.10514433663404,39.01212134498691],[-121.10352736912263,39.0117234824541],[-121.10217091304362,39.0117723428857],[-121.10138039559358,39.01210040490939],[-121.10078750750606,39.012079464825696],[-121.10002393951457,39.01231678541133],[-121.0990717253134,39.01278444423449],[-121.09759848824746,39.01325209996524],[-121.0969786507014,39.01328699952265],[-121.09654745936503,39.01300082264357],[-121.09635881315535,39.012023624572166],[-121.09641271207241,39.01165368177896],[-121.09597253758318,39.01143031915561],[-121.09502930653485,39.011458239522106],[-121.09344827163481,39.01216322512332],[-121.09246012482228,39.01246336537521],[-121.09176842205349,39.012903103444025],[-121.0902862018347,39.01427115995046],[-121.08951365069035,39.01443867525502],[-121.08933398763354,39.01429209938522],[-121.08920822349376,39.01376861165598],[-121.08857041964205,39.01341961768369],[-121.08745650868974,39.01321022047362],[-121.08632463143175,39.01278444423449],[-121.0852466530908,39.01185610354705],[-121.08421359051407,39.01066250475768],[-121.08300984803334,39.01036933706137],[-121.08159949303726,39.0098178992925],[-121.0808179587401,39.0097062151702],[-121.08053948100202,39.0084846585697],[-121.08068321144748,39.00721421732587],[-121.08035083479234,39.00686519101072],[-121.07900336186616,39.00692103533688],[-121.07645214645926,39.00599261768847],[-121.07546399964673,39.00609034643581],[-121.07471839796091,39.00648126007499],[-121.07429618977737,39.00648126007499],[-121.07282295271143,39.00581112108521],[-121.07147547978525,39.00538530030356],[-121.0703975014443,39.00543416511361],[-121.06862782033458,39.00516191788487],[-121.06755882514648,39.00537831961365],[-121.06587897556518,39.00644635715933],[-121.06538490215891,39.00655106585465],[-121.06502557604527,39.00678142443885],[-121.06461235101456,39.00758418333967],[-121.063570305285,39.00865916794711],[-121.06320199601849,39.00896630340566],[-121.06223181551164,39.00937814204105],[-121.06224079866449,39.00974111647734],[-121.06166587688266,39.010138990161785],[-121.06144129806164,39.010215772545],[-121.05985128000873,39.010138990161785],[-121.05809058205188,39.009769037510694],[-121.05668022705578,39.01020181211789],[-121.0530420501551,39.01039027765141],[-121.0521886506352,39.01069042542728],[-121.04939489010158,39.01267974476665],[-121.0481552150095,39.01305666212555],[-121.04363668913038,39.01341961768369],[-121.04162446289395,39.013796531099366],[-121.03807611752168,39.01596723407839],[-121.03733949898869,39.01674197045375],[-121.03703407179209,39.01755857528232],[-121.0334138611971,39.01760045219881],[-121.03186875890842,39.0177191033275],[-121.03058416805213,39.018033178883606],[-121.02986551582482,39.01798432277761],[-121.02973975168506,39.01983385181072],[-121.02669446287189,39.01961051502409],[-121.0246912197883,39.01908008732848],[-121.02208610546435,39.01868226394542],[-121.01850182748072,39.01889164495235],[-121.01663333168975,39.0192755085214],[-121.01385753746182,39.01943603266867],[-121.01290532326065,39.019219673949976],[-121.01191717644812,39.01928248783974],[-121.01125242313786,39.0191708186638],[-121.01100987801115,39.018961438483565],[-121.0109559790941,39.01845892352125],[-121.01000376489293,39.01858455259666],[-121.00961748932077,39.01877299579121],[-121.00913239906735,39.019687287124064],[-121.00791069028095,39.020336357001334],[-121.00751543155593,39.02122271161795],[-121.00712017283092,39.02156468798753],[-121.00715610544229,39.019135922010136],[-121.00679677932865,39.017418985381575],[-121.00682372878717,39.01598817301096],[-121.0066799983417,39.01575086474555],[-121.0059793124201,39.015234367532734],[-121.00425454707457,39.01449451360167],[-121.00404793455922,39.01517155004684],[-121.00288910784272,39.01519946893634],[-121.00127214033131,39.013936128150945],[-121.00034687558866,39.01383841024377],[-120.99926889724772,39.01399196689442],[-120.99864007654882,39.01380351095849],[-120.99769684550051,39.013189280718535],[-120.99715785633003,39.01251920528153],[-120.99819091890677,39.013440557370586],[-120.99899940266249,39.01386632965959],[-120.99979890326534,39.01378955123955],[-121.00049060603412,39.01338471819173],[-121.00084094899492,39.01355921547926],[-121.00162248329211,39.01304270225918],[-121.00174824743188,39.01392914830492],[-121.0019279104887,39.01406176526178],[-121.00223333768533,39.014068745094725],[-121.00245791650634,39.01380351095849],[-121.00307775405237,39.01226792535587],[-121.00380538943253,39.01199570442886],[-121.00457794057688,39.01083700876186],[-121.0044970922013,39.00988072153382],[-121.00489235092631,39.009336260255466],[-121.00463183949392,39.00927343753055],[-121.00383233889104,39.00944794496192],[-121.0036257263757,39.0089872444111],[-121.00453302481267,39.00853352123876],[-121.00496421614903,39.007982069157194],[-121.00474862048085,39.007451554236475],[-121.00420963131036,39.007346846874086],[-121.00384132204388,39.00685821046685],[-121.00466777210528,39.006530124128],[-121.00473065417518,39.00625090051332],[-121.00425454707457,39.00579017913949],[-121.00337419809615,39.005699430636376],[-121.0029519899126,39.00581112108521],[-121.00233215236658,39.00630674532443],[-121.00204469147563,39.00567848865757],[-121.00219740507393,39.005469068528676],[-121.00215248930972,39.00502928424002],[-121.00250283227055,39.00449176639655],[-121.00303283828818,39.00502928424002],[-121.00422759761605,39.004938534760804],[-121.00534150856836,39.005196821434275],[-121.00547625586097,39.004561574139444],[-121.00598829557293,39.004938534760804],[-121.00648236897919,39.004833823678595],[-121.00664406573033,39.005406242369126],[-121.00726390327638,39.00537831961365],[-121.0073537348048,39.00583206302475],[-121.00797357235085,39.00630674532443],[-121.0084676457571,39.006055443327256],[-121.00859340989687,39.0054830298899],[-121.00829696585312,39.00482684293426],[-121.00805442072641,39.004596477985054],[-121.00762322939002,39.00451270872664],[-121.00732678534627,39.00426838115632],[-121.00794662289232,39.00391934030637],[-121.00805442072641,39.0037168958243],[-121.00726390327638,39.00311653981603],[-121.00756933047298,39.002816359901395],[-121.00799153865653,39.00284428366812],[-121.00838679738153,39.00255108356785],[-121.00828798270028,39.00213920518415],[-121.00874612349517,39.00198562280022],[-121.00894375285768,39.001776191739346],[-121.00888985394063,39.00120374367655],[-121.00774899352979,39.000673177921634],[-121.0090156180804,38.999786565741275],[-121.0090515506918,38.99950731550978],[-121.0076861114599,38.998837110457586],[-121.0076861114599,38.998599744645965],[-121.0080274712679,38.998313508343465],[-121.00811730279631,38.99767121779201],[-121.00797357235085,38.99732214439483],[-121.0073357684991,38.996924198621535],[-121.00726390327638,38.996470398078735],[-121.00734475165196,38.99610037394378],[-121.00823408378324,38.99619811635616],[-121.00853052782699,38.9960445210761],[-121.00869222457813,38.99561165985685],[-121.00847662890995,38.99489952757369],[-121.00941087680543,38.99450854993962],[-121.00942884311111,38.99397793398122],[-121.00889883709347,38.99326578525786],[-121.00894375285768,38.99311916551348],[-121.0092491800543,38.99270723222513],[-121.009886983906,38.99256061132359],[-121.01039004046513,38.992232458681315],[-121.01055173721626,38.991492364158134],[-121.01045292253501,38.99111533189719],[-121.01332753144418,38.98831545542039],[-121.01454924023058,38.986569840471184],[-121.0206128683984,38.97982437978615],[-121.02435884313317,38.976577112112565],[-121.0245205398843,38.976046361732124],[-121.02537393940423,38.97622095111211],[-121.02627225468835,38.97624190180879],[-121.02504156274911,38.97594160789753],[-121.02646090089802,38.97351825926873],[-121.02733226672362,38.97128339741082],[-121.03048535337086,38.96804970682748],[-121.03226401763342,38.967009027702936],[-121.03382708622779,38.96506731705319],[-121.0341774291886,38.964836822686884],[-121.03471641835907,38.964033578883225],[-121.0406363160814,38.95741869449545],[-121.04084292859677,38.95717420435788],[-121.04090581066667,38.95506456870131],[-121.04264854231785,38.953394978084894],[-121.03852527516372,38.95342990716169],[-121.04230718250989,38.94909158411883],[-121.04516382511338,38.94617127512416],[-121.0472838491839,38.944208033273426],[-121.04938590694874,38.94256613446348],[-121.05025727277435,38.941678794598474],[-121.05230543162214,38.938052463508015],[-121.05418291056594,38.9354461418462],[-121.05457816929096,38.934663527902295],[-121.05495546171029,38.93303538372195],[-121.0539134159807,38.93294454195864],[-121.0537786686881,38.933140200996576],[-121.05313188168351,38.93340573739898],[-121.05278153872271,38.93314718880938],[-121.05253001044316,38.93352452967819],[-121.05182932452155,38.933482603014134],[-121.05106575653006,38.93406957405549],[-121.0505537168181,38.934286193093534],[-121.05076032933344,38.93488014512617],[-121.05158677939484,38.93562083127962],[-121.05074236302775,38.93546011701671],[-121.05054473366526,38.93578853273088],[-121.04996082873059,38.93522952635112],[-121.04941285640726,38.93506182357795],[-121.04909844605783,38.93522952635112],[-121.0489816650709,38.93555794313315],[-121.04857742319302,38.93559986857032],[-121.04828996230212,38.93591430855906],[-121.04788572042428,38.935998158987275],[-121.04714910189128,38.93592129609855],[-121.04705927036288,38.936109959403964],[-121.04731079864243,38.93649427199213],[-121.04714910189128,38.936668958843676],[-121.04688859045889,38.93664100897636],[-121.04550518492135,38.93585142067286],[-121.04448110549745,38.936186822088224],[-121.04469670116565,38.936466322055935],[-121.0423341319684,38.934579675896074],[-121.0382557805785,38.93186840760167],[-121.0393247757666,38.93016333012601],[-121.04000749538254,38.92831145774717],[-121.03839951102395,38.928528094371536],[-121.03873188767909,38.92727718345342],[-121.03921697793251,38.92644556007742],[-121.03923494423819,38.92395063145503],[-121.03844442678816,38.92165829476573],[-121.03813899959157,38.92031640477657],[-121.03780662293644,38.91982716773859],[-121.0356147336432,38.91785620721829],[-121.03559676733751,38.91726910201307],[-121.0362525374949,38.91643736132414],[-121.03751916204554,38.91569647485432],[-121.03866002245637,38.91560561088687],[-121.03994461331266,38.91586422341165],[-121.04042072041322,38.91565453765301],[-121.0409776758894,38.91505343504459],[-121.04148073244849,38.91420069935417],[-121.04162446289395,38.912977495023604],[-121.04156158082405,38.91218065343434],[-121.04173226072804,38.911593501275604],[-121.04249582871955,38.91083858422024],[-121.04271142438773,38.90939862757372],[-121.04302583473716,38.90849689227569],[-121.04396906578549,38.90698698426818],[-121.04556806699124,38.905686759971594],[-121.04802945086972,38.905127516391055],[-121.04941285640726,38.90336587031789],[-121.04954760369988,38.902338223255605],[-121.0498350645908,38.90175798058918],[-121.0522066169409,38.900611463066085],[-121.05292526916817,38.90015005444835],[-121.05341934257444,38.89950687379672],[-121.05357205617274,38.89805270476138],[-121.05338340996309,38.897304635052244],[-121.05303306700226,38.896787273821445],[-121.04999676134196,38.8958783868568],[-121.04943082271295,38.89610211395811],[-121.04922421019761,38.895794489012125],[-121.04820911392655,38.89529109986255],[-121.04721198396118,38.89375993593409],[-121.04418466145368,38.890830356787724],[-121.04430144244064,38.89033392448263],[-121.04615197192591,38.88886558327321],[-121.04778690574302,38.888306207209666],[-121.0497272667567,38.887362250114236],[-121.05100287446015,38.88690075541357],[-121.0524042463034,38.88660707540677],[-121.05397629805059,38.885872870078224],[-121.0596895832576,38.883872996130684],[-121.06132451707471,38.88304086416231],[-121.06171079264686,38.882656262060266],[-121.06196232092641,38.88214578696399],[-121.06199825353778,38.881502443262924],[-121.0598872126201,38.8791667769527],[-121.0569407384882,38.87731357391197],[-121.05630293463646,38.87580999631157],[-121.05595259167566,38.873858794698315],[-121.05521597314268,38.871809625659075],[-121.05403019696764,38.870620660908536],[-121.05353612356139,38.869858314222334],[-121.05327561212897,38.86835457890047],[-121.0541110453432,38.865724714158404],[-121.05456020298529,38.86502526566852],[-121.05647361454044,38.864577615023684],[-121.05857567230528,38.86353541744672],[-121.05906974571157,38.86262610506828],[-121.06118078662922,38.86096133381075],[-121.06181859048095,38.85991908322632],[-121.06175570841107,38.85961829666012],[-121.0611987529349,38.85908667078038],[-121.06047111755478,38.85767364583225],[-121.058988897336,38.85349736343571],[-121.05759650864559,38.85127271089933],[-121.05758752549275,38.85008340270084],[-121.0580097336763,38.84785164718141],[-121.05842295870698,38.847131034051074],[-121.06092027519684,38.84561982164649],[-121.06236656280429,38.84506010520222],[-121.06492676136402,38.844528370501585],[-121.06627423429019,38.84409458398664],[-121.06801696594137,38.84390567612931],[-121.0693913883261,38.843436902613],[-121.07268820541881,38.842947135938736],[-121.07358652070292,38.84261129398507],[-121.07395482996942,38.841827656595285],[-121.0758323089132,38.83960263911046],[-121.0806652451418,38.83682476806425],[-121.0822822126532,38.83489348903322],[-121.08302781433903,38.83475353924095],[-121.08498614165839,38.83496346382618],[-121.08533648461922,38.83481651668153],[-121.08735769400849,38.83327705216637],[-121.08784278426191,38.83246532110588],[-121.08896567836705,38.82924629645011],[-121.0890644930483,38.82794464949811],[-121.08873211639319,38.82710486464053],[-121.08790566633179,38.8263980380411],[-121.08306374695039,38.8230597621405],[-121.08271340398957,38.8223808902384],[-121.08306374695039,38.81996629339535],[-121.08449206825213,38.81644573447879],[-121.08496817535271,38.81601177679871],[-121.08928907186933,38.814471905628544],[-121.09344827163481,38.81384894828757],[-121.09724814528663,38.81453490101136],[-121.10085937272878,38.81539583232578],[-121.10177565431859,38.81522784654502],[-121.10153310919188,38.81377195318171],[-121.09939511881568,38.811658055038016],[-121.09875731496396,38.810426085464286],[-121.09776916815143,38.80733206793206],[-121.09810154480654,38.80333484635639],[-121.09957478187249,38.79967344663912],[-121.10111090100835,38.79718106694371],[-121.10188345215268,38.79664897459463],[-121.10233260979476,38.79591384047153],[-121.101865485847,38.79286820404123],[-121.1013175135237,38.7914258572438],[-121.1012097156896,38.789976479365016],[-121.10175768801291,38.78798091088018],[-121.10301532941067,38.78555114331485],[-121.10770453519378,38.780124130014826],[-121.10990540763987,38.77600632693452],[-121.11168407190243,38.77380026319746],[-121.11722667720545,38.770494541562435],[-121.11859211643731,38.768939678839175],[-121.11927483605325,38.76580183465018],[-121.11879872895265,38.76420484309985],[-121.11749617179069,38.75779550429615],[-121.11770278430603,38.756450520788974],[-121.1192209371362,38.75432791713026],[-121.1212960454425,38.75221926155757],[-121.12139486012377,38.74875840943121],[-121.12836578672854,38.733581923433995],[-121.1333065207912,38.73145863985361],[-121.13361194798779,38.73020426115293],[-121.13290227891335,38.72689652008514],[-121.13320770610994,38.71651678759699],[-121.13451924642474,38.71203782839898],[-121.14096915016474,38.71197474246238],[-121.14284662910853,38.7121359619675],[-121.14357426448868,38.711946704250444],[-121.14962890950363,38.71161024484962],[-121.17775516104942,38.71362897750071],[-121.17875229101479,38.713867296342926],[-121.18039620798474,38.71379720264829],[-121.18292047393312,38.713937389968834],[-121.18292945708596,38.713846268241745],[-121.19817386745746,38.71501682312829],[-121.22586892766688,38.716804160374096],[-121.23407054621089,38.7176101998029],[-121.23608277244732,38.71767328076598],[-121.23416936089214,38.719916123270366],[-121.23411546197508,38.72041374441016],[-121.23625345235129,38.721836501228694],[-121.23625345235129,38.72222197233713],[-121.23519344031602,38.722207955242354],[-121.23522038977455,38.729545528322284],[-121.2346454679927,38.72964363785222],[-121.23478021528533,38.730120167938296],[-121.23360342226313,38.73054063302163],[-121.23386393369555,38.73082094170234],[-121.23456461961713,38.73117833367508],[-121.23476224897964,38.73147966277264],[-121.23478919843816,38.73280409420009],[-121.23417834404498,38.73328761066592],[-121.23530123815013,38.73507449094599],[-121.23556174958252,38.73679125538377],[-121.23290273634153,38.7367562197873],[-121.23047728507441,38.73652498441959],[-121.2281865810999,38.73670716992336],[-121.22585096136119,38.73669315567035],[-121.22654266412995,38.75200208751203],[-121.22623723693336,38.752905807420184],[-121.22426992646113,38.75663265545598],[-121.22417111177988,38.75734017417587],[-121.22430585907249,38.75978491259332],[-121.2228685546179,38.76338532040049],[-121.22223075076617,38.766957529925634],[-121.22156599745594,38.768078186254215],[-121.22076649685306,38.76877158354195],[-121.21785595533254,38.77038948433786],[-121.21231335002952,38.7733590422622],[-121.21086706242205,38.77382827713295],[-121.20695040778331,38.774206464185234],[-121.19193057623283,38.77401036744547],[-121.19179582894023,38.77412942624463],[-121.18299233915585,38.77417144694982],[-121.18327980004676,38.78131460700656],[-121.18184249559218,38.78128659601155],[-121.18193232712058,38.78321932885496],[-121.17356901182542,38.783247339090764],[-121.17389240532772,38.80547699298668],[-121.17350612975552,38.80545599186175],[-121.1734342645328,38.806338033779376],[-121.17373070857657,38.80634503406838],[-121.17376664118794,38.80834008840205],[-121.17305697211347,38.80832608821541],[-121.17246408402598,38.80873209251076],[-121.17301205634928,38.80918709457488],[-121.17372172542373,38.80918709457488],[-121.17357799497826,38.814471905628544],[-121.18023451123358,38.814359913699306],[-121.18024349438643,38.81745362598477],[-121.18155503470126,38.817509619539074],[-121.18237250160979,38.822499868256045],[-121.15513558219529,38.84521402766335],[-121.15564762190725,38.8458227177701],[-121.15646508881578,38.846032609702874],[-121.15691424645786,38.846403417270785],[-121.15730052203001,38.84714502660856],[-121.15770476390789,38.84755780581547],[-121.15791137642323,38.84832738777203],[-121.1581000226329,38.848565256874295],[-121.15918698412668,38.84915992615018],[-121.1606781874983,38.85027229415478],[-121.1623760033853,38.85098587956512],[-121.16302279038986,38.85110480977089],[-121.16381330783989,38.851006867262946],[-121.16452297691436,38.85135666131492],[-121.1637055100058,38.85213319796214],[-121.16363364478308,38.85267187155707],[-121.16357974586603,38.859541351055086],[-121.16247481806656,38.86099630839767],[-121.16221430663414,38.86108724224313],[-121.16217837402277,38.86097532364759],[-121.16182803106199,38.86112921167104],[-121.16068717065114,38.861143201474825],[-121.16010326571649,38.86153491486366],[-121.15903427052838,38.8638501767144],[-121.15889054008292,38.86573870305799],[-121.15916003466816,38.86589258077202],[-121.15904325368122,38.86606744140641],[-121.16024699616194,38.86621432400691],[-121.1620076941188,38.865598813938064],[-121.16295990831998,38.86504624922333],[-121.16396602143818,38.864143950773716],[-121.16479247149958,38.86373826246776],[-121.16582553407632,38.863458476080474],[-121.16675978197179,38.86268905783838],[-121.1676311477974,38.86269605258719],[-121.16801742336958,38.862570147003616],[-121.16833183371901,38.861835693322604],[-121.16869115983265,38.86142999184611],[-121.16940082890711,38.86112921167104],[-121.17045185778954,38.861101232055184],[-121.17158373504753,38.85994706330733],[-121.17294917427938,38.859296523576106],[-121.17304798896063,38.85994706330733],[-121.17280544383392,38.860506662615535],[-121.17296714058507,38.86149294567521],[-121.17296714058507,38.86373826246776],[-121.17567106959025,38.863773235688754],[-121.17596751363403,38.86364033735743],[-121.17614717669086,38.86333956653246],[-121.1762010756079,38.85998203839312],[-121.17647057019313,38.85970923226781],[-121.17740481808862,38.85952736093615],[-121.17758448114544,38.85937346944607],[-121.17756651483975,38.85803739751236],[-121.17769227897953,38.85764566485671],[-121.1776204137568,38.854050017898565],[-121.17863551002786,38.85405701349717],[-121.17867144263923,38.853385432894996],[-121.18019857862222,38.85347637647275],[-121.18089926454384,38.85202126527465],[-121.18002789871824,38.85169246198648],[-121.17926433072675,38.85219616002145],[-121.17869839209774,38.8516784703235],[-121.17989315142563,38.85045418915485],[-121.18083638247396,38.84776769262927],[-121.18153706839558,38.84715202288624],[-121.18217487224729,38.846886163850044],[-121.1824623331382,38.8465783258301],[-121.18248928259672,38.846767226591155],[-121.18451947513884,38.845661800202286],[-121.18590288067638,38.84464731150335],[-121.18823850041508,38.84249934631491],[-121.18850799500035,38.842037560313805],[-121.18807680366395,38.840848097721626],[-121.18820256780373,38.8403303254408],[-121.1888942705725,38.839574651026055],[-121.19141853652087,38.83755248280033],[-121.19173294687032,38.83710465922797],[-121.19178684578738,38.83672680589689],[-121.19803912016484,38.83667782476265],[-121.19808403592904,38.83866503229094],[-121.19908116589443,38.838511095662376],[-121.19984473388593,38.83807727246306],[-121.20109339213086,38.83782537390792],[-121.20107542582517,38.83183552338847],[-121.22031733921102,38.83223439592319],[-121.22040717073942,38.83517338779221],[-121.21963461959507,38.835166390336646],[-121.21998496255587,38.835859135099646],[-121.22014665930703,38.836670827455],[-121.22021852452977,38.84333894954785],[-121.22051496857351,38.844339463795976],[-121.22225770022469,38.84751582837839],[-121.2225182116571,38.84860023755755],[-121.22239244751734,38.84971261431409],[-121.22174566051275,38.85114678509016],[-121.22715351852317,38.84884510185865],[-121.23147441503978,38.848565256874295],[-121.2315642465682,38.854672623478535],[-121.22882438495161,38.85615566200741],[-121.22782725498624,38.85739383558148],[-121.22771047399931,38.85786951235273],[-121.22861777243627,38.85940144974175],[-121.22793505282033,38.86014991856542],[-121.22787217075044,38.86053464246535],[-121.22872557027036,38.8619336209184],[-121.22869862081184,38.86471051160306],[-121.23584022732058,38.86841752659836],[-121.24730273034595,38.86835457890047],[-121.24712306728912,38.886502189395806],[-121.24609898786522,38.88649519698959]]]}},{"type":"Feature","id":5,"properties":{"FID":5,"ID":14,"AREA":404.857239,"DISTRICT":"6","MEMBERS":1,"LOCKED":" ","NAME":" ","POPULATION":80046,"HISPANIC_O":7959,"NH_WHT":64508,"DOJ_NH_BLK":797,"DOJ_NH_IND":2487,"DOJ_NH_ASN":2197,"DOJ_NH_HWN":234,"DOJ_NH_OTH":1507,"DOJ_NH_OT1":357,"F18_POPULA":65887,"H18_POP":5511,"NH18_WHT":54771,"DOJ_NH18_B":538,"DOJ_NH18_I":1949,"DOJ_NH18_A":1570,"DOJ_NH18_H":163,"DOJ_NH18_O":1156,"DOJ_NH18_1":229,"ST1519_M1_":63336.6693,"ST1519_M11":4535.068769,"ST1519_M12":55359.036862,"ST1519_M13":722.99443,"ST1519_M14":1284.924306,"ST1519_M15":1286.695586,"ST1519_M16":170.15053,"ST1519_M2_":63342.082339,"ST1519_M21":4557.240242,"ST1519_M22":55463.290943,"ST1519_M23":738.403704,"ST1519_M24":1192.897052,"ST1519_M25":1269.415108,"ST1519_M26":120.835293,"ACS1519_M1":62819.902298,"ACS1519_M2":4500.807485,"ACS1519_M3":54716.918773,"ACS1519_M4":543.587304,"ACS1519_M5":984.464692,"ACS1519_M6":477.2293,"ACS1519_M7":288.106479,"ACS1519_M8":2060.522724,"ACS1519_M9":63288.355651,"ACS1519_10":4514.647331,"ACS1519_11":54962.539802,"ACS1519_12":498.344429,"ACS1519_13":843.607228,"ACS1519_14":463.543371,"ACS1519_15":287.11995,"ACS1519_16":2005.67349,"SWDB_CVAP1":63395,"SWDB_CVAP2":63295,"SWDB_CVAP3":4560,"SWDB_CVAP4":55517,"SWDB_CVAP5":673,"SWDB_CVAP6":1251,"SWDB_CVAP7":1156,"SWDB_CVAP8":138,"G18_REG_TO":52540,"G18_REG_SS":2534,"G18_REG_AS":433,"G18_REG_FI":241,"G18_REG_LA":2631,"G18_REG_WH":48652,"G18_REG_BL":336,"G18_VOT_TO":40109,"G18_VOT_SS":1702,"G18_VOT_AS":308,"G18_VOT_FI":183,"G18_VOT_LA":1744,"G18_VOT_WH":37399,"G18_VOT_BL":242,"G20_REG_TO":57411,"G20_REG_SS":3067,"G20_REG_AS":530,"G20_REG_FI":288,"G20_REG_LA":3188,"G20_REG_WH":52770,"G20_REG_BL":377,"G20_VOTE_T":49451,"G20_VOTE_S":2456,"G20_VOTE_A":429,"G20_VOTE_F":251,"G20_VOTE_L":2535,"G20_VOTE_W":45674,"G20_VOTE_B":315,"TRACT_ACSP":77512.499624,"TRACT_BORN":73474.577742,"TRACT_IMMI":4037.921951,"TRACT_CIT":2324.872701,"TRACT_NONC":1713.049382,"BG_ACSPOP":78353.583056,"BG_AGE0_19":15200.707296,"BG_AGE20_6":34231.432184,"BG_AGE60PL":28921.44469,"BG_POP5PLU":75011.296391,"BG_ENGLISH":69515.923247,"BG_SPANISH":2560.994297,"BG_ASIAN_L":671.415789,"BG_OTHER_L":2262.961483,"BG_ENG_LVW":1634.701567,"BG_POP25PL":59897.900971,"BG_NOHSDEG":3692.724258,"BG_HS_GRAD":30224.816725,"BG_BACHELO":12478.964788,"BG_GRADDEG":7020.862506,"BG_POP16PL":66702.950294,"BG_EMPLOYE":34981.826266,"BG_HHS":32242.201719,"BG_CHILD":6996.943568,"BG_HHINC0_":5896.585182,"BG_HHINC25":7677.41223,"BG_HHINC50":5148.265294,"BG_HHINC75":11266.342266,"BG_HHINC20":2253.597529,"BG_HOUSING":35877.062531,"BG_VACANT":3634.861664,"BG_OCCUPIE":32242.201719,"BG_RENTED":8858.824073,"BG_OWNED":23383.378617,"BG_SINGLEF":32457.870306,"BG_MULTIFA":3419.192786,"DEVIATION":-560,"F_DEVIATIO":-0.006947,"F_HISPANIC":0.09943,"F_NH_WHT":0.805887,"F_DOJ_NH_B":0.009957,"F_DOJ_NH_I":0.03107,"F_DOJ_NH_A":0.027447,"F_DOJ_NH_H":0.002923,"F_DOJ_NH_O":0.018827,"F_DOJ_NH_1":0.00446,"F_18_POPUL":0.823114,"F_H18_POP":0.083643,"F_NH18_WHT":0.831287,"F_DOJ_NH18":0.008165,"F_DOJ_NH11":0.029581,"F_DOJ_NH12":0.023829,"F_DOJ_NH13":0.002474,"F_DOJ_NH14":0.017545,"F_DOJ_NH15":0.003476,"F_ST1519_M":0.961292,"F_ST1519_1":0.071603,"F_ST1519_2":0.874044,"F_ST1519_3":0.011415,"F_ST1519_4":0.020287,"F_ST1519_5":0.020315,"F_ST1519_6":0.002686,"F_ST1519_7":0.961375,"F_ST1519_8":0.071946,"F_ST1519_9":0.875615,"F_ST151910":0.011657,"F_ST151911":0.018833,"F_ST151912":0.020041,"F_ST151913":0.001908,"F_ACS1519_":0.953449,"F_ACS15191":0.071646,"F_ACS15192":0.871012,"F_ACS15193":0.008653,"F_ACS15194":0.015671,"F_ACS15195":0.007597,"F_ACS15196":0.004586,"F_ACS15197":0.0328,"F_ACS15198":0.960559,"F_ACS15199":0.071335,"F_ACS15110":0.868446,"F_ACS15111":0.007874,"F_ACS15112":0.01333,"F_ACS15113":0.007324,"F_ACS15114":0.004537,"F_ACS15115":0.031691,"F_SWDB_CVA":0.962178,"F_SWDB_CV1":0.96066,"F_SWDB_CV2":0.072044,"F_SWDB_CV3":0.877115,"F_SWDB_CV4":0.010633,"F_SWDB_CV5":0.019765,"F_SWDB_CV6":0.018264,"F_SWDB_CV7":0.00218,"F_G18_REG_":1,"F_G18_REG1":0.04823,"F_G18_REG2":0.008241,"F_G18_REG3":0.004587,"F_G18_REG4":0.050076,"F_G18_REG5":0.925999,"F_G18_REG6":0.006395,"F_G18_VOT_":0.763399,"F_G18_VOT1":0.042434,"F_G18_VOT2":0.007679,"F_G18_VOT3":0.004563,"F_G18_VOT4":0.043482,"F_G18_VOT5":0.932434,"F_G18_VOT6":0.006034,"F_G20_REG_":1,"F_G20_REG1":0.053422,"F_G20_REG2":0.009232,"F_G20_REG3":0.005016,"F_G20_REG4":0.055529,"F_G20_REG5":0.919162,"F_G20_REG6":0.006567,"F_G20_VOTE":0.861351,"F_G20_VOT1":0.049665,"F_G20_VOT2":0.008675,"F_G20_VOT3":0.005076,"F_G20_VOT4":0.051263,"F_G20_VOT5":0.923621,"F_G20_VOT6":0.00637,"F_TRACT_AC":1,"F_TRACT_BO":0.947906,"F_TRACT_IM":0.052094,"F_TRACT_CI":0.029994,"F_TRACT_NO":0.0221,"F_BG_ACSPO":1,"F_BG_AGE0_":0.194001,"F_BG_AGE20":0.436884,"F_BG_AGE60":0.369115,"F_BG_POP5P":0.957344,"F_BG_ENGLI":0.926739,"F_BG_SPANI":0.034141,"F_BG_ASIAN":0.008951,"F_BG_OTHER":0.030168,"F_BG_ENG_L":0.021793,"F_BG_POP25":0.764456,"F_BG_NOHSD":0.06165,"F_BG_HS_GR":0.504606,"F_BG_BACHE":0.208337,"F_BG_GRADD":0.117214,"F_BG_POP16":0.851307,"F_BG_EMPLO":0.524442,"F_BG_HHS":1,"F_BG_CHILD":0.217012,"F_BG_HHINC":0.182884,"F_BG_HHIN1":0.238117,"F_BG_HHIN2":0.159675,"F_BG_HHIN3":0.349428,"F_BG_HHIN4":0.069896,"F_BG_HOUSI":1,"F_BG_VACAN":0.101314,"F_BG_OCCUP":0.898686,"F_BG_RENTE":0.274759,"F_BG_OWNED":0.725241,"F_BG_SINGL":0.904697,"F_BG_MULTI":0.095303,"IDEAL_VALU":80606,"DISTRICT_L":"6|-0.69%"},"geometry":{"type":"Polygon","coordinates":[[[-121.27957919850438,39.04672681680605],[-121.27979479417256,39.12158796354477],[-121.27954326589301,39.23054378865063],[-121.2787796979015,39.23034895270086],[-121.27776460163044,39.23037678644109],[-121.27608475204916,39.23142054373042],[-121.2738479469917,39.23496224441021],[-121.27073977610863,39.23777321160505],[-121.26985942713019,39.23871249484543],[-121.26879941509493,39.240257066608294],[-121.2689611118461,39.24519668493229],[-121.26864670149664,39.24709591037354],[-121.26887128031765,39.2482437689466],[-121.26947315155803,39.24989943488562],[-121.26952705047508,39.25101942203239],[-121.2693114548069,39.25212547873969],[-121.26818856070174,39.25337064120096],[-121.26580802519882,39.25401060436608],[-121.26369698428114,39.25380887747707],[-121.26048999871684,39.25481055010862],[-121.25962761604407,39.25565222229747],[-121.2591964247077,39.25642432591552],[-121.26014863890887,39.25968654373677],[-121.26238544396632,39.26455524319396],[-121.26528700233402,39.266676499327126],[-121.26644582905054,39.26858905227592],[-121.26692193615114,39.2716142567245],[-121.26614938500678,39.27271998851679],[-121.26337359077887,39.27484099751953],[-121.25273753781488,39.277525198833274],[-121.2510846376921,39.27813712670672],[-121.2510846376921,39.27741393864565],[-121.25055463167446,39.277831163438115],[-121.24967428269605,39.27822752468943],[-121.24618881939364,39.28097417700813],[-121.2437813344322,39.28175990836691],[-121.24335014309584,39.28275422833739],[-121.24234402997762,39.28338697006058],[-121.24155351252759,39.28328267236776],[-121.24102350650996,39.28344954860169],[-121.24038570265823,39.28328267236776],[-121.23966705043095,39.28383892493475],[-121.23940653899854,39.28390150307208],[-121.23877771829966,39.2830671233105],[-121.23794228508542,39.28328267236776],[-121.2373224475394,39.283261812810586],[-121.23383698423702,39.28255258416964],[-121.232875786883,39.28253172439503],[-121.23074677965964,39.2827959477479],[-121.2298664306812,39.282782041280505],[-121.22479993247877,39.282107574297044],[-121.22281465570086,39.281968508132074],[-121.22208702032071,39.28205194786419],[-121.2208383620758,39.282448285234416],[-121.21829612982174,39.28359556498027],[-121.21739781453762,39.28486798053789],[-121.21649051610065,39.28564671526861],[-121.21540355460687,39.288052394655956],[-121.21567304919212,39.29042322903738],[-121.2155203355938,39.2913270450589],[-121.21513406002164,39.29188323373534],[-121.21422676158467,39.2925576065798],[-121.21219656904258,39.29323892512596],[-121.21056163522546,39.29446945304718],[-121.2091063644652,39.295136848975794],[-121.20810923449983,39.29501866474363],[-121.20734566650832,39.294664110850185],[-121.20527055820199,39.2940175667752],[-121.20371647276048,39.293329303618734],[-121.20295290476896,39.292877409988286],[-121.20203662317918,39.29175809166832],[-121.20025795891662,39.290708279965116],[-121.19936862678533,39.29041627656123],[-121.19898235121317,39.29049970622943],[-121.19861404194668,39.29075694708072],[-121.19756301306427,39.292272563180255],[-121.19674554615571,39.29262712918416],[-121.19398771823344,39.2923003723435],[-121.19263126215444,39.29246722709095],[-121.19126582292257,39.292425513441366],[-121.18949614181288,39.292571511106196],[-121.18795103952418,39.29282179210914],[-121.18447455937464,39.29424698632389],[-121.18248928259672,39.2944277405904],[-121.18146520317282,39.29415660901569],[-121.18035129222052,39.29353786892605],[-121.17993806718984,39.292481131635284],[-121.1797314546745,39.290812566599996],[-121.17911161712844,39.29041627656123],[-121.17807855455169,39.28999217421091],[-121.17349714660268,39.289262155952805],[-121.1716645834231,39.28784381300982],[-121.17062253769352,39.28722501713761],[-121.16974218871508,39.28702338584093],[-121.16861929460993,39.28704424427786],[-121.16748741735194,39.28719720595879],[-121.16654418630361,39.28748227001817],[-121.16386720675693,39.2876560889971],[-121.16230413816258,39.28741274230581],[-121.16162141854664,39.287085961133066],[-121.16114531144606,39.28630724240514],[-121.16107344622331,39.28392931555964],[-121.16085785055513,39.28365119018726],[-121.16029191192615,39.28336611053443],[-121.15943851240623,39.28343564226406],[-121.1587827422488,39.2836790027742],[-121.15630339206464,39.284972275870054],[-121.15473134031744,39.28500704094626],[-121.15083265198435,39.284687201594224],[-121.14777838001837,39.28457595278159],[-121.14681718266435,39.28462462415886],[-121.1460895472842,39.28484712145282],[-121.14572123801773,39.285271254961536],[-121.14562242333648,39.285869209315635],[-121.14594581683875,39.28711377235606],[-121.14588293476886,39.28753789213837],[-121.1430981573881,39.29054142102628],[-121.14278374703864,39.29176504401125],[-121.14240645461932,39.292203040223875],[-121.14165186978065,39.29278703091222],[-121.13965760984992,39.293961949801705],[-121.13849878313341,39.294372123942736],[-121.1373848721811,39.294643254682875],[-121.1350492524424,39.29454592582003],[-121.13456416218895,39.29467106290457],[-121.13310889142869,39.295915469518576],[-121.1317793848082,39.29681226280622],[-121.1311056483451,39.29681226280622],[-121.13072835592577,39.29661065911459],[-121.1294257987638,39.29487962421508],[-121.12787171332226,39.29432345933977],[-121.12707221271941,39.294392980190786],[-121.124889306579,39.29505342483262],[-121.12351488419428,39.29514380098323],[-121.12268843413291,39.29512989696764],[-121.12006535350326,39.29455982995158],[-121.11914008876063,39.29450421340883],[-121.11825075662935,39.29469191906356],[-121.11643615975542,39.29569995934215],[-121.11530428249743,39.29614488284839],[-121.1142712199207,39.29641600672354],[-121.11315730896838,39.29642295860396],[-121.11253747142236,39.29624220948848],[-121.11048032942172,39.29489352828037],[-121.10626723073919,39.29271750846663],[-121.10499162303574,39.29239770432784],[-121.10230566033623,39.29224475400597],[-121.09981732699923,39.29356567758677],[-121.0970684822298,39.29387852425863],[-121.09642169522526,39.29407318370453],[-121.09518202013315,39.295442736650294],[-121.09447235105871,39.29597803686489],[-121.09005263986084,39.29743097395919],[-121.08878601531023,39.29807053479676],[-121.08595632216525,39.297903693402425],[-121.08545326560615,39.29797321069839],[-121.08474359653168,39.29843202312043],[-121.08375544971915,39.2996972175537],[-121.08358476981518,39.300475787378005],[-121.08396206223452,39.30144203609973],[-121.08237204418161,39.302449979185525],[-121.08199475176228,39.3025611996024],[-121.08026998641677,39.30263766353647],[-121.0799465929145,39.30284620111396],[-121.07884166511502,39.3047021581821],[-121.07793436667805,39.30547372135696],[-121.07473636426658,39.3024638817473],[-121.0709005580034,39.30071908867225],[-121.0707029286409,39.300149067166906],[-121.07014597316474,39.299648556652166],[-121.06846612358345,39.29934963894348],[-121.06757679145217,39.299419154803594],[-121.06701983597603,39.29921060701617],[-121.06590592502371,39.29829994106472],[-121.06558253152141,39.29786198299171],[-121.06457641840319,39.29729193822134],[-121.06297741719747,39.29739621505062],[-121.06266300684804,39.297180709432254],[-121.06145926436731,39.29704862501572],[-121.0588631331962,39.29629087275778],[-121.05736294667172,39.29535931287159],[-121.05623106941373,39.29507428087772],[-121.05599750743987,39.294824007926366],[-121.05582682753588,39.29424003422742],[-121.05534173728245,39.29392718917082],[-121.0549374954046,39.29340577763689],[-121.05485664702904,39.29252284525174],[-121.05375171922957,39.29194580468499],[-121.0535181572557,39.29143133077225],[-121.05276357241704,39.29207094641653],[-121.05223356639941,39.29210570796893],[-121.05101185761302,39.291048949064],[-121.05025727277435,39.291097615942846],[-121.04944878901863,39.29081951903679],[-121.04842470959473,39.290117319433875],[-121.04817318131518,39.29060399317493],[-121.0478048720487,39.29063875545558],[-121.04709520297423,39.29031894182268],[-121.04621485399579,39.28959587952937],[-121.0452356903361,39.28919263000751],[-121.0435738070605,39.28923434558299],[-121.04265752547069,39.288914525536086],[-121.04207362053602,39.28894233603292],[-121.03805815121599,39.28837917131923],[-121.03646813316311,39.28808020549517],[-121.0353542222108,39.28764218349466],[-121.0342852270227,39.28746836448122],[-121.03411454711872,39.287398836755045],[-121.03412353027156,39.28721806434393],[-121.03477031727611,39.28669660285141],[-121.03459963737214,39.28616818457829],[-121.03423132810566,39.28586225638739],[-121.03390793460335,39.285257348985574],[-121.03303656877777,39.2855146090938],[-121.03176096107433,39.28531297287281],[-121.03141960126635,39.28549375020129],[-121.02924567827877,39.28554242094077],[-121.02897618369354,39.28550765613031],[-121.02849109344014,39.28522258403359],[-121.02735921618215,39.2855493739008],[-121.02654174927359,39.285618903463046],[-121.02636208621676,39.28531297287281],[-121.02602072640879,39.28513219507773],[-121.02433189367466,39.28474282593427],[-121.02374798873996,39.28393626867979],[-121.02282272399734,39.28323400005797],[-121.02258017887061,39.28284462036208],[-121.0224903473422,39.28164170155759],[-121.02288560606722,39.280084134380395],[-121.02293052183143,39.27913845169752],[-121.02260712832913,39.27851957891334],[-121.02257119571776,39.277810302257514],[-121.02200525708878,39.27696194231654],[-121.02225678536833,39.275557258188535],[-121.02147525107114,39.27497312382479],[-121.02210407177003,39.2740760508553],[-121.02152016683537,39.27358926226619],[-121.02132253747284,39.273206783145085],[-121.02221186960412,39.27229577901164],[-121.02231068428537,39.27201760745018],[-121.02209508861719,39.27176029777262],[-121.02156508259958,39.271948064387246],[-121.02127762170863,39.27184374966347],[-121.02161898151662,39.27074495847353],[-121.02127762170863,39.26976437710349],[-121.02087337983079,39.26908978479005],[-121.02007387922792,39.26908978479005],[-121.01988523301826,39.27125958434048],[-121.01733401761136,39.27130826497006],[-121.01718130401306,39.26888114667731],[-121.017298085,39.2686377347607],[-121.0151600946238,39.267893584515306],[-121.011584799793,39.27238618453138],[-121.01088411387138,39.27303292830893],[-121.01059665298047,39.27291470677395],[-121.00691356031558,39.274124729528204],[-121.0071381391366,39.27370748266307],[-121.00861137620255,39.27326937078049],[-121.00992291651737,39.27155862195946],[-121.00912341591452,39.27155862195946],[-121.00950969148668,39.27125958434048],[-121.00952765779236,39.27020946538338],[-121.00970732084919,39.27012601154624],[-121.00871917403664,39.26951401370373],[-121.01011156272703,39.2686725079434],[-121.00935697788839,39.2678309920783],[-121.00878205610654,39.26762235021796],[-121.0095815567094,39.267504119554715],[-121.0094018936526,39.26641221517891],[-121.0096893545435,39.266071426253546],[-121.00939291049974,39.26554285239721],[-121.00937494419406,39.26504209454038],[-121.00853951097983,39.26531333882362],[-121.0083778142287,39.26523683413206],[-121.00838679738153,39.26461088351899],[-121.00877307295369,39.26461783855651],[-121.00928511266565,39.2640336129987],[-121.01062360243898,39.26364412658812],[-121.01064156874467,39.26281646077949],[-121.01051580460489,39.26283037120996],[-121.01018342794978,39.26223222020692],[-121.00952765779236,39.26232959397385],[-121.00885392132926,39.26148800194923],[-121.00930307897134,39.261321073404666],[-121.00966240508498,39.2615923320877],[-121.0102103774083,39.261230653610376],[-121.01022834371399,39.26069508782219],[-121.0095815567094,39.260708998673636],[-121.00950969148668,39.26060466722045],[-121.00977918607191,39.26007605213783],[-121.00936596104123,39.25910923266135],[-121.00920426429009,39.25900489882725],[-121.00943782626395,39.25879623069316],[-121.00972528715486,39.25879623069316],[-121.00977918607191,39.258302380301444],[-121.00925816320714,39.25784330498629],[-121.01001274804578,39.25744682843127],[-121.0100396975043,39.25320369332771],[-121.0102552931725,39.253189780987],[-121.01019241110262,39.25287675259119],[-121.01034512470092,39.25280023432633],[-121.01127038944354,39.25315500012314],[-121.01018342794978,39.25252198538657],[-121.0062218575468,39.25152723639751],[-121.00497319930187,39.25005247766265],[-121.00444319328423,39.24921073825568],[-121.00304182144102,39.245147986167794],[-121.00303283828818,39.2441670467116],[-121.0035808106115,39.242900849258604],[-121.00331131602624,39.241982493948264],[-121.00264656271601,39.24148156780227],[-121.00017619568469,39.24050753450048],[-120.99833464935223,39.24089019205343],[-120.99667276607661,39.24022227933032],[-120.9964751367141,39.24004138520676],[-120.9968434459806,39.23989527807411],[-120.99692429435616,39.2397074255993],[-120.99672666499366,39.23953348767411],[-120.99655598508969,39.239582190336634],[-120.99593614754363,39.23905341676281],[-120.99660090085389,39.238114138086935],[-120.99641225464421,39.23668780197641],[-120.99549597305442,39.23595027046772],[-120.99521749531633,39.236061596475295],[-120.9951456300936,39.234850916658345],[-120.99389697184867,39.23407161744922],[-120.99491206811973,39.233647174060586],[-120.99428324742087,39.23343843046862],[-120.99271119567364,39.233403639809566],[-120.99298967341171,39.23313923023714],[-120.9932232353856,39.23334797471923],[-120.99511868063507,39.23292352695329],[-120.99922398148351,39.23242253612258],[-121.00143383708244,39.23162929332534],[-121.00268249532738,39.231698876385636],[-121.00323046765067,39.23188675030382],[-121.00364369268138,39.23223466363887],[-121.00434437860298,39.23234599554179],[-121.00608711025419,39.231824125720316],[-121.0091413822202,39.23169191808273],[-121.00910544960884,39.22705753508216],[-121.01051580460489,39.22650779066837],[-121.01172853023846,39.22661913165689],[-121.01225853625607,39.225714481012616],[-121.01412703204706,39.22540132999597],[-121.014809751663,39.225630974211455],[-121.01534874083346,39.225408288922615],[-121.01641773602155,39.22562401530686],[-121.0166692643011,39.225366535352315],[-121.0171004556375,39.224246138606915],[-121.01676807898235,39.223717249457486],[-121.01802572038012,39.22363374028015],[-121.01881623783015,39.22337625302452],[-121.01940912591769,39.22245764214664],[-121.01997506454667,39.22200529146363],[-121.02010981183928,39.22152510062596],[-121.01994811508814,39.22082916604572],[-121.02008286238076,39.22059950612017],[-121.01807063614433,39.22061342492491],[-121.01809758560287,39.2191519353577],[-121.01860962531481,39.2183794214379],[-121.01820538343696,39.218226309561565],[-121.01814250136708,39.21773913318801],[-121.01803470353296,39.213201270865646],[-121.01752266382103,39.21331959308554],[-121.01639976971587,39.212289487071594],[-121.01102784431683,39.204702430012716],[-121.01093801278843,39.203901912890935],[-121.01132428836061,39.201750912999245],[-121.01074936657876,39.19976692266878],[-121.01073140027309,39.19884104133933],[-121.0119351427538,39.19872269472595],[-121.01215972157482,39.19382853960596],[-121.01205192374073,39.19350828428664],[-121.01243819931292,39.192902580017915],[-121.0123304014788,39.192004457181675],[-121.01164768186288,39.190277801188145],[-121.01076733288444,39.18898974388798],[-121.0109559790941,39.1884745143578],[-121.0109110633299,39.18813334677944],[-121.00979715237759,39.18651800025119],[-121.00908748330315,39.18600275260076],[-121.00835086477016,39.18522987404296],[-121.0075513641673,39.18508365281928],[-121.00747949894456,39.18417846704551],[-121.00681474563433,39.183684091431935],[-121.00712915598376,39.181560325654516],[-121.00659016681328,39.180432266593336],[-121.00588049773884,39.179749851707385],[-121.00535947487404,39.179826449626674],[-121.00508998028882,39.18017462093517],[-121.00489235092631,39.18133053731385],[-121.00415573239331,39.18250732422279],[-121.00436234490866,39.1837328328441],[-121.00399403564218,39.18404616968684],[-121.00385928834957,39.18403920666107],[-121.00340114755468,39.18235413414285],[-121.00396708618366,39.17968021716289],[-121.00455997427119,39.17880281599273],[-121.0060242281843,39.17791147660766],[-121.00694050977411,39.17709672681555],[-121.00929409581849,39.17630982275433],[-121.01083021495432,39.175334885153895],[-121.0106056361333,39.174276366167405],[-121.0109559790941,39.173419789796625],[-121.01186327753108,39.17277909170628],[-121.01243819931292,39.17208267411744],[-121.01410906574137,39.17078731905779],[-121.01513314516527,39.170237134151854],[-121.01586078054541,39.17004909528568],[-121.0166692643011,39.16873280914464],[-121.0166243485369,39.16786223599263],[-121.0163638371045,39.16759061496365],[-121.01568111748857,39.16733292224851],[-121.0157080669471,39.16611409255929],[-121.01507924624822,39.16533403047389],[-121.01475585274595,39.16445645028707],[-121.01422584672831,39.16407337613785],[-121.01409109943569,39.16332811681578],[-121.01362397548796,39.16256195414155],[-121.01358804287659,39.16052810002072],[-121.01384855430898,39.160124108298255],[-121.01477381905163,39.15949721999803],[-121.01690282627497,39.157316998303905],[-121.01865454107902,39.15698264523219],[-121.01942709222337,39.156258208126005],[-121.01948997429325,39.15535961712079],[-121.01932827754212,39.1546769589192],[-121.01952590690462,39.15343701177679],[-121.01916658079095,39.152733436547315],[-121.01894200196993,39.15141682637788],[-121.01860064216197,39.15044851005718],[-121.01842097910514,39.14826800797976],[-121.017693343725,39.14667264577415],[-121.01737893337557,39.14555796076503],[-121.01745079859829,39.14415064572935],[-121.01728910184715,39.1428338749945],[-121.01679502844088,39.142171996804606],[-121.01624705611758,39.14036050888362],[-121.01632790449315,39.138103051008144],[-121.01666028114826,39.13670952236132],[-121.01833114757675,39.1354831943374],[-121.01878928837164,39.134925765447726],[-121.01838504649379,39.13452162674331],[-121.01831318127105,39.1341453575886],[-121.01861860846765,39.1332952606144],[-121.01918454709663,39.13243818524317],[-121.01920251340232,39.13191557318997],[-121.01889708620573,39.13072400320663],[-121.01717232086023,39.12997142230303],[-121.01692977573349,39.13063341519031],[-121.00957257355657,39.13070309829015],[-120.99554987197148,39.130605541931054],[-120.99572953502829,39.12705161100771],[-120.99341188159526,39.12702373633089],[-120.99325916799697,39.1305916052973],[-120.98858792851952,39.1305916052973],[-120.98873165896501,39.126940112234315],[-120.98640502237913,39.12691223751338],[-120.98665655065868,39.12142070234568],[-120.98702485992516,39.12093285491346],[-120.98723147244051,39.11984563991112],[-120.9884531812269,39.11850053659302],[-120.98901013670307,39.11697419654386],[-120.98913590084285,39.11542691397919],[-120.98937844596955,39.115050542812476],[-120.98911793453716,39.11468810941856],[-120.98889335571614,39.113782017778135],[-120.98910895138432,39.11226951577661],[-120.98961200794342,39.11142612498705],[-120.98963895740195,39.11127278012271],[-120.98939641227524,39.111230958738176],[-120.989692856319,39.11093820835148],[-120.98971082262467,39.1095371718078],[-120.98909098507865,39.108937714828706],[-120.98839029915702,39.108596161479106],[-120.98768961323542,39.10683260458284],[-120.98814775403031,39.10620524168683],[-120.98813877087747,39.10594732420991],[-120.98654875282459,39.10338203955508],[-120.98633315715641,39.10265705088532],[-120.98636010661492,39.10223878479966],[-120.98673739903425,39.10165320811057],[-120.98721350613482,39.10122099362488],[-120.9882106361002,39.10079574775449],[-120.98835436654565,39.100175302457025],[-120.98804893934906,39.099673365187286],[-120.98715062406494,39.099059881449186],[-120.98686316317402,39.09841850637898],[-120.98728537135756,39.097616779336555],[-120.98711469145357,39.09666166652606],[-120.98773452899962,39.09517668441849],[-120.9876177480127,39.091690688057916],[-120.98846216437975,39.089327084500795],[-120.9884531812269,39.088113876690464],[-120.98874064211785,39.08646137041337],[-120.98846216437975,39.08556886147048],[-120.9892347155241,39.08411851035278],[-120.99064507052016,39.08277272519214],[-120.9910403292452,39.082040551497634],[-120.99194762768214,39.081817411337035],[-120.99325018484413,39.08174070674385],[-120.99415748328107,39.08138507526749],[-120.99555885512432,39.08117587944398],[-120.99586428232091,39.08100852233853],[-120.99609784429477,39.0806459139148],[-120.99608886114193,39.08018567746235],[-120.99585529916807,39.079648731139926],[-120.99487613550838,39.07846325076289],[-120.99405866859982,39.07799602655397],[-120.9921542401975,39.07744511642241],[-120.99171406570827,39.07715222574043],[-120.99161525102701,39.07646880942106],[-120.99178593093099,39.07582025516],[-120.99292679134183,39.074655632008046],[-120.99673564814651,39.0731422905746],[-120.99855024502041,39.07211710535833],[-120.99803820530848,39.07048514714912],[-120.99776871072325,39.070289867570494],[-120.99692429435616,39.07002484442099],[-120.99642123779705,39.069452948970785],[-120.99651106932545,39.06867181599061],[-120.99695124381469,39.06821847592155],[-120.99737345199821,39.06805806258428],[-120.99842448088064,39.06813478205195],[-120.99974500434828,39.06786975081015],[-121.00141587077677,39.067918572429434],[-121.00232316921374,39.067772107470184],[-121.00274537739726,39.067541947634446],[-121.00339216440183,39.066021478955484],[-121.00261063010464,39.06447307811001],[-121.00247588281204,39.063670965218854],[-121.00273639424442,39.0629106932828],[-121.00331131602624,39.06231083992173],[-121.00388623780809,39.06205276190753],[-121.00654525104908,39.061529627903305],[-121.00708424021956,39.06122272081665],[-121.00708424021956,39.05986952366162],[-121.00687762770421,39.05848142334382],[-121.00716508859513,39.05790245886505],[-121.00799153865653,39.057351391879195],[-121.00821611747755,39.05686310108279],[-121.00841374684005,39.05424022416716],[-121.00809035333778,39.05331242789048],[-121.00819815117187,39.052168361564014],[-121.00906053384463,39.05171491551337],[-121.01013851218555,39.05153353627792],[-121.01065953505035,39.05168701104593],[-121.01116259160945,39.05236369127325],[-121.01144106934754,39.05247530800739],[-121.01253701399418,39.05254506837666],[-121.01297718848338,39.05241252361613],[-121.01333651459701,39.052168361564014],[-121.01364194179364,39.05165910656747],[-121.01246514877144,39.04938485450657],[-121.01253701399418,39.048659310833905],[-121.0128065085794,39.0482756068402],[-121.01389347007319,39.04768958217248],[-121.0144863581607,39.04751516913013],[-121.01794487200455,39.04718029488157],[-121.01929234493075,39.04677565304635],[-121.02017269390917,39.046105895949744],[-121.02060388524556,39.04535241162536],[-121.02074761569102,39.04474543229687],[-121.02093626190067,39.04302214072327],[-121.02132253747284,39.04145928124725],[-121.02139440269556,39.039568454147954],[-121.02173576250355,39.03918470077352],[-121.02461037141272,39.038724193972925],[-121.0254098720156,39.03866837476284],[-121.02696395745711,39.03882885487296],[-121.02835634614752,39.03860557809878],[-121.02902109945775,39.03843114262803],[-121.03040450499529,39.037217059822524],[-121.03045840391233,39.03707053117661],[-121.03004517888165,39.03671467462865],[-121.03010806095153,39.03633788338922],[-121.02968585276801,39.034991187166206],[-121.0294253413356,39.03313507673507],[-121.03010806095153,39.03037175435419],[-121.03082671317884,39.029450622884205],[-121.03107824145839,39.027957247872585],[-121.03258741113571,39.02639405518393],[-121.0332162318346,39.02539610605842],[-121.03552490211479,39.022534775218],[-121.03770780825519,39.02081094195759],[-121.03777967347793,39.02023864793841],[-121.03713288647334,39.0185287174796],[-121.03703407179209,39.01755857528232],[-121.03733949898869,39.01674197045375],[-121.03807611752168,39.01596723407839],[-121.04162446289395,39.013796531099366],[-121.04363668913038,39.01341961768369],[-121.04808334978678,39.01307760191992],[-121.04939489010158,39.01267974476665],[-121.0521886506352,39.01069042542728],[-121.0530420501551,39.01039027765141],[-121.05668022705578,39.01020181211789],[-121.05809058205188,39.009769037510694],[-121.05985128000873,39.010138990161785],[-121.06144129806164,39.010215772545],[-121.06166587688266,39.010138990161785],[-121.06224079866449,39.00974111647734],[-121.06223181551164,39.00937814204105],[-121.063399625381,39.00882669654438],[-121.06461235101456,39.00758418333967],[-121.06523218856061,39.006627852132745],[-121.06587897556518,39.00644635715933],[-121.06755882514648,39.00537831961365],[-121.06862782033458,39.00516191788487],[-121.0703975014443,39.00543416511361],[-121.07179887328753,39.00545510716473],[-121.07429618977737,39.00648126007499],[-121.07471839796091,39.00648126007499],[-121.07546399964673,39.00609034643581],[-121.07645214645926,39.00599261768847],[-121.07900336186616,39.00692103533688],[-121.08035083479234,39.00686519101072],[-121.08068321144748,39.00721421732587],[-121.08053948100202,39.0084846585697],[-121.0808179587401,39.0097062151702],[-121.08159949303726,39.0098178992925],[-121.08300984803334,39.01036933706137],[-121.08421359051407,39.01066250475768],[-121.0852466530908,39.01185610354705],[-121.08632463143175,39.01278444423449],[-121.08745650868974,39.01321022047362],[-121.08857041964205,39.01341961768369],[-121.08920822349376,39.01376861165598],[-121.08933398763354,39.01429209938522],[-121.08951365069035,39.01443867525502],[-121.0902862018347,39.01427115995046],[-121.09176842205349,39.012903103444025],[-121.09246012482228,39.01246336537521],[-121.09344827163481,39.01216322512332],[-121.09502930653485,39.011458239522106],[-121.09597253758318,39.01143031915561],[-121.09641271207241,39.01165368177896],[-121.09635881315535,39.012023624572166],[-121.09654745936503,39.01300082264357],[-121.0969786507014,39.01328699952265],[-121.09759848824746,39.01325209996524],[-121.0990717253134,39.01278444423449],[-121.10002393951457,39.01231678541133],[-121.10078750750606,39.012079464825696],[-121.10138039559358,39.01210040490939],[-121.10200921629246,39.01180026311717],[-121.10352736912263,39.0117234824541],[-121.10412924036298,39.01182120328354],[-121.10514433663404,39.01212134498691],[-121.10578214048577,39.01286820369718],[-121.1060067193068,39.01378955123955],[-121.10591688777839,39.01475276538153],[-121.1061145171409,39.01619058237271],[-121.10711164710627,39.01678384785384],[-121.10771351834661,39.01762139064776],[-121.10828844012846,39.01799130222339],[-121.10909692388418,39.018221623547625],[-121.11118999849617,39.01776098014893],[-121.11186373495926,39.01773306227074],[-121.11351663508205,39.0183542324546],[-121.11515156889914,39.01860549075419],[-121.11703803099579,39.01975010059842],[-121.11808007672538,39.02011302180197],[-121.11906822353788,39.02097146261887],[-121.11993060621064,39.02205322278897],[-121.12084688780045,39.02413992629214],[-121.12096366878738,39.02422367230437],[-121.12267945098006,39.02416784164057],[-121.12320945699769,39.02443303690086],[-121.1233442042903,39.02699421360808],[-121.12352386734712,39.02786652781325],[-121.12470964352215,39.02905983620954],[-121.12560795880628,39.02894120411296],[-121.12639847625631,39.02919940312709],[-121.126811701287,39.030015864072965],[-121.12669492030007,39.03048340583783],[-121.1263086447279,39.03104166061035],[-121.1249971044131,39.031941837143194],[-121.12511388540003,39.03245821230486],[-121.1253294810682,39.032583816503426],[-121.12743153883305,39.032953649791786],[-121.12965037758482,39.03322579003204],[-121.13097090105248,39.034286429172155],[-121.13144700815305,39.03420269508197],[-121.13338736916675,39.03438411881865],[-121.1339173751844,39.03469812033918],[-121.1342677181452,39.035123764617246],[-121.13442941489635,39.03591922410011],[-121.13514806712364,39.03667978663533],[-121.13672011887084,39.03771246394644],[-121.13799572657429,39.03791481111069],[-121.13956777832152,39.037510116202775],[-121.14000795281072,39.03722403736951],[-121.14181356653181,39.03528425277781],[-121.14484987219213,39.03366539897568],[-121.14724837400071,39.032911781969496],[-121.14934144861272,39.032562882485855],[-121.15014993236844,39.03223491540065],[-121.15067095523321,39.03143941444564],[-121.15079671937299,39.03095094450986],[-121.15158723682302,39.03005075535625],[-121.15141655691905,39.02872487448303],[-121.15147943898893,39.0281735798519],[-121.15213520914635,39.02705004203963],[-121.15250351841283,39.02679183517399],[-121.15541405993336,39.02609397406101],[-121.1564022067459,39.02613584592208],[-121.15678848231808,39.02558453109809],[-121.15738137040559,39.025186744314205],[-121.15818087100845,39.02489363683058],[-121.15884562431872,39.02505414822214],[-121.1596091923102,39.02507508446373],[-121.16072310326251,39.02454469776547],[-121.16198074466028,39.02443303690086],[-121.16263651481769,39.023951497401946],[-121.16343601542057,39.02266737603556],[-121.16379534153421,39.02239519514138],[-121.16560095525527,39.02173218601405],[-121.16626570856553,39.02180197674131],[-121.16696639448716,39.02159260435285],[-121.16772996247865,39.02110406636854],[-121.1681342043565,39.02051781633134],[-121.16954455935257,39.01970822495507],[-121.17070338606909,39.019156860004415],[-121.17263476392995,39.01853569687164],[-121.17376664118794,39.01841006770944],[-121.17420681567715,39.01884278943954],[-121.17617412614938,39.019366239605944],[-121.17740481808862,39.020001353937765],[-121.17824025130285,39.020057187891915],[-121.17939907801937,39.01995947844321],[-121.18071061833419,39.01844496472134],[-121.18093519715521,39.01747482137494],[-121.18109689390634,39.01728637472063],[-121.18194131027343,39.01695135720626],[-121.1840074354269,39.01542281965561],[-121.18612745949743,39.01311250156343],[-121.18681017911335,39.01272162457238],[-121.18692696010028,38.985312971052814],[-121.18663949920936,38.985312971052814],[-121.18645983615255,38.97233798163729],[-121.18647780245823,38.970976098390395],[-121.18675628019629,38.97096911430624],[-121.18645983615255,38.957802891578766],[-121.18639695408265,38.956161307658775],[-121.1862981394014,38.956161307658775],[-121.18635203831846,38.94531192684094],[-121.18657661713948,38.94522110080397],[-121.18630712255425,38.93456570055206],[-121.18644186984686,38.93407656177672],[-121.1864508529997,38.9269696935932],[-121.18184249559218,38.9269696935932],[-121.18193232712058,38.91963147197886],[-121.17262578077711,38.91963846112243],[-121.1725359492487,38.916716939113975],[-121.1729312079737,38.91710834616932],[-121.17353307921405,38.91718522944436],[-121.17428766405271,38.91759061260807],[-121.17412596730158,38.90894426625842],[-121.17397325370328,38.90688212835285],[-121.17577886742436,38.906315903733905],[-121.1767490479312,38.90571472203499],[-121.17739583493578,38.905064601212565],[-121.17872534155627,38.90440049315034],[-121.17948890954779,38.903687443894164],[-121.18090824769668,38.90336587031789],[-121.1814382537143,38.902967396691956],[-121.18144723686714,38.90156922592853],[-121.18044112374895,38.90046465155841],[-121.18018061231653,38.89987041140263],[-121.18012671339949,38.89905244917207],[-121.18031535960915,38.89785694896324],[-121.18254318151376,38.89782898380516],[-121.18225572062286,38.89057165306163],[-121.19135565445099,38.89050872498581],[-121.19128378922827,38.886446250126674],[-121.19265821161297,38.886446250126674],[-121.19263126215444,38.88740420402929],[-121.19463450523803,38.887823741816945],[-121.19481416829485,38.88715947250896],[-121.19576638249602,38.887411196346065],[-121.19575739934318,38.8879286258767],[-121.19490399982325,38.88856491918656],[-121.19531722485397,38.88932007308142],[-121.19591909609431,38.88959276557059],[-121.19594604555284,38.89038286866687],[-121.19608977599829,38.89056466105596],[-121.19584723087159,38.883201697151314],[-121.20081491439277,38.88310379885354],[-121.20087779646268,38.883012893170545],[-121.21012146073626,38.88305484965408],[-121.21013942704194,38.87583097668298],[-121.22875251972889,38.87565614006532],[-121.22876150288172,38.87927167379279],[-121.2334237592063,38.87927167379279],[-121.23344172551198,38.886544143818774],[-121.24609898786522,38.88649519698959],[-121.24596424057262,38.88661406780199],[-121.24594627426693,38.89019408377037],[-121.24711408413629,38.89038286866687],[-121.24715001674765,38.894011636381286],[-121.24864122011931,38.894018628047654],[-121.24967428269605,38.89427731921898],[-121.24991682782274,38.89446609326284],[-121.2516326100154,38.89771712306276],[-121.25169549208529,38.90047164258947],[-121.25187515514212,38.90082119326482],[-121.25224346440862,38.90096101305313],[-121.25479467981552,38.90102393186804],[-121.26510733927721,38.90112879643568],[-121.26522412026414,38.904812939941046],[-121.27242860884279,38.90476400570132],[-121.27245555830132,38.90844796057526],[-121.27477321173434,38.908440970329615],[-121.27474626227581,38.905686759971594],[-121.27918393977937,38.905651807376884],[-121.27948936697597,38.90464516526441],[-121.30312404210116,38.904582249658475],[-121.303133025254,38.90354762947475],[-121.31604181588678,38.911327883227216],[-121.31769471600956,38.91181018894732],[-121.32141374128582,38.91181018894732],[-121.3214945896614,38.90863669694818],[-121.3206232238358,38.90857378487963],[-121.32007525151249,38.90839902884112],[-121.31945541396644,38.9080215543297],[-121.31902422263006,38.907525242195305],[-121.31880862696185,38.90681921472934],[-121.31868286282209,38.902771654442574],[-121.31829658724992,38.9021494701375],[-121.31711081107488,38.900877121213185],[-121.31665267027999,38.900087134859064],[-121.31798217690049,38.90073031025477],[-121.31901523947722,38.90028987555823],[-121.32022796511079,38.90009412592731],[-121.32055135861306,38.900401732247914],[-121.32109933093636,38.900457660526655],[-121.32145865705003,38.900856148237715],[-121.3215844211898,38.90122666989241],[-121.32322833815974,38.900695355219916],[-121.32373139471885,38.90038075913202],[-121.32366851264896,38.89767517523891],[-121.32382122624726,38.897192773483866],[-121.33446626236407,38.89726967833106],[-121.33421473408453,38.8899773301223],[-121.33072927078214,38.88996334599326],[-121.33072927078214,38.88633437145622],[-121.32141374128582,38.88629940933558],[-121.32140475813299,38.876096727518046],[-121.32153950542559,38.87460711132707],[-121.32189883153924,38.87400566120015],[-121.32187188208071,38.87366996589289],[-121.32211442720742,38.87385180104779],[-121.32292291096313,38.87364898488354],[-121.3291033201179,38.873634997540535],[-121.3299387533321,38.873411199678046],[-121.33046875934974,38.873005564256175],[-121.33072927078214,38.872453057112715],[-121.33073825393498,38.86889312962536],[-121.3311155463543,38.86841053241246],[-121.33178029966456,38.86813775862551],[-121.34930643085772,38.86810978176767],[-121.3493693129276,38.84629847192879],[-121.43293958380926,38.846116566302584],[-121.43291263435073,38.85834518594227],[-121.43327196046437,38.867955908852714],[-121.4329934827263,38.88432052525989],[-121.43303839849051,38.89720675618957],[-121.45000757420753,38.89696205844264],[-121.46948304956723,38.89695506706603],[-121.4695638979428,38.906015313520804],[-121.4693662685803,38.925998296415074],[-121.41464090147174,38.92622192859873],[-121.41459598570754,38.92630579048584],[-121.41441632265072,38.92622192859873],[-121.41450615417912,38.95254270327626],[-121.4143893731922,38.958494441079445],[-121.41460496886037,38.95910216082666],[-121.41485649713992,38.991911286536876],[-121.41464090147174,38.99601659462573],[-121.41479361507004,38.99645643493897],[-121.41480259822288,38.99842521045292],[-121.41213460182905,38.99899768099627],[-121.40790353684085,38.999053531533015],[-121.40672674381865,38.99977260325589],[-121.40634945139932,39.00017053301003],[-121.40646623238626,39.000379968823815],[-121.40603504104986,39.00095242355176],[-121.40519062468282,39.001552797924454],[-121.40360958978275,39.00227184424744],[-121.40229804946794,39.00350746988842],[-121.40129193634972,39.003856512770476],[-121.4008068460963,39.0043730930755],[-121.39995344657639,39.0049804191503],[-121.39767172575472,39.005894888806125],[-121.39695307352741,39.00843579586685],[-121.39687222515185,39.00946888582476],[-121.39523729133477,39.01046007957341],[-121.39297353681879,39.01083002860997],[-121.38973061864311,39.01275652439156],[-121.38828433103568,39.01450149339192],[-121.38456530575941,39.01450149339192],[-121.38461022152362,39.01552053537347],[-121.3858229471572,39.0163511135235],[-121.38510429492989,39.01772608279946],[-121.37708233944271,39.02102031666084],[-121.37525875941594,39.024921551881356],[-121.37239313365961,39.027733936747865],[-121.3656557690287,39.031746450963006],[-121.36120012521948,39.032604750514835],[-121.36039164146376,39.032318651822415],[-121.35930467996998,39.03102072613598],[-121.35911603376032,39.0304206019],[-121.35879264025805,39.0302321897516],[-121.35839738153301,39.030218233276194],[-121.35387885565389,39.0313068300826],[-121.3487764248401,39.03446087487476],[-121.34292839234048,39.036282062294006],[-121.34149108788587,39.036547212103606],[-121.33982022145743,39.0374961611646],[-121.33931716489833,39.037545003786136],[-121.3380954561119,39.037977608388644],[-121.33719714082781,39.0385078942882],[-121.3357598363732,39.038793967923496],[-121.33125927679976,39.04281980818578],[-121.32913026957641,39.04390123398511],[-121.32831280266785,39.04410356342529],[-121.32738753792522,39.0441593783413],[-121.32674075092064,39.04407565595075],[-121.32600413238767,39.04390821087199],[-121.3240278387626,39.04291050905011],[-121.32354274850918,39.042840739164824],[-121.32302172564438,39.04300818677375],[-121.32100051625511,39.0441105402922],[-121.32073102166989,39.04437566072429],[-121.32013813358238,39.0457291547922],[-121.3203177966392,39.046182639272544],[-121.3198416895386,39.04845699444247],[-121.31960812756473,39.048673263667126],[-121.31901523947722,39.04888953222959],[-121.31856608183516,39.04926625653118],[-121.31792827798344,39.04934997276976],[-121.31743420457717,39.04967088409846],[-121.31540401203505,39.04997086510891],[-121.31356246570262,39.051156824069714],[-121.31156820577186,39.05200093566897],[-121.30917868711612,39.052565996473994],[-121.30705866304558,39.052900845187985],[-121.30600763416317,39.05294967715945],[-121.3052710156302,39.05283806117503],[-121.3045074476387,39.05246833196668],[-121.30353726713184,39.05093358625741],[-121.30268386761192,39.04833141845973],[-121.30236047410965,39.047836088795215],[-121.30125554631017,39.0474454037926],[-121.30024943319196,39.04743842725504],[-121.29960264618741,39.04728494325477],[-121.29503022139124,39.04494078253498],[-121.29415885556564,39.0446407801614],[-121.29334138865708,39.04397100282305],[-121.2922544271633,39.0412918299671],[-121.2914279771019,39.037817126345125],[-121.29022423462118,39.03687515917608],[-121.28354975206017,39.03574478199759],[-121.28211244760558,39.035228430850275],[-121.27954326589301,39.03462136454079],[-121.27957919850438,39.04672681680605]]]}},{"type":"Feature","id":6,"properties":{"FID":6,"ID":15,"AREA":1867.11669,"DISTRICT":"2","MEMBERS":1,"LOCKED":" ","NAME":" ","POPULATION":75219,"HISPANIC_O":9584,"NH_WHT":59331,"DOJ_NH_BLK":493,"DOJ_NH_IND":1979,"DOJ_NH_ASN":1768,"DOJ_NH_HWN":207,"DOJ_NH_OTH":1549,"DOJ_NH_OT1":307,"F18_POPULA":61240,"H18_POP":6552,"NH18_WHT":49987,"DOJ_NH18_B":327,"DOJ_NH18_I":1530,"DOJ_NH18_A":1305,"DOJ_NH18_H":145,"DOJ_NH18_O":1212,"DOJ_NH18_1":182,"ST1519_M1_":57801.40885,"ST1519_M11":3964.381731,"ST1519_M12":51411.437311,"ST1519_M13":400.895738,"ST1519_M14":843.227315,"ST1519_M15":978.44577,"ST1519_M16":176.192686,"ST1519_M2_":57728.733652,"ST1519_M21":3971.433444,"ST1519_M22":51375.624557,"ST1519_M23":381.166399,"ST1519_M24":839.329873,"ST1519_M25":986.1201,"ST1519_M26":175.059446,"ACS1519_M1":57811.49469,"ACS1519_M2":4031.284128,"ACS1519_M3":51319.776682,"ACS1519_M4":267.580433,"ACS1519_M5":705.296235,"ACS1519_M6":430.547503,"ACS1519_M7":775.157638,"ACS1519_M8":1283.72693,"ACS1519_M9":58022.492064,"ACS1519_10":4053.273503,"ACS1519_11":51245.200699,"ACS1519_12":278.770237,"ACS1519_13":735.219812,"ACS1519_14":433.845775,"ACS1519_15":754.097675,"ACS1519_16":1276.182038,"SWDB_CVAP1":57767,"SWDB_CVAP2":57546,"SWDB_CVAP3":3925,"SWDB_CVAP4":51431,"SWDB_CVAP5":284,"SWDB_CVAP6":944,"SWDB_CVAP7":787,"SWDB_CVAP8":175,"G18_REG_TO":47897,"G18_REG_SS":2404,"G18_REG_AS":415,"G18_REG_FI":198,"G18_REG_LA":2465,"G18_REG_WH":43740,"G18_REG_BL":154,"G18_VOT_TO":36810,"G18_VOT_SS":1542,"G18_VOT_AS":328,"G18_VOT_FI":148,"G18_VOT_LA":1566,"G18_VOT_WH":33938,"G18_VOT_BL":106,"G20_REG_TO":54279,"G20_REG_SS":3012,"G20_REG_AS":505,"G20_REG_FI":266,"G20_REG_LA":3119,"G20_REG_WH":49248,"G20_REG_BL":179,"G20_VOTE_T":46828,"G20_VOTE_S":2319,"G20_VOTE_A":434,"G20_VOTE_F":236,"G20_VOTE_L":2381,"G20_VOTE_W":42795,"G20_VOTE_B":142,"TRACT_ACSP":73161.359585,"TRACT_BORN":68926.803368,"TRACT_IMMI":4234.553383,"TRACT_CIT":2129.18468,"TRACT_NONC":2105.368564,"BG_ACSPOP":72617.945531,"BG_AGE0_19":14343.838599,"BG_AGE20_6":36403.201569,"BG_AGE60PL":21870.906321,"BG_POP5PLU":69649.484973,"BG_ENGLISH":63169.717837,"BG_SPANISH":4369.971379,"BG_ASIAN_L":269.366168,"BG_OTHER_L":1840.430844,"BG_ENG_LVW":1638.976187,"BG_POP25PL":55066.328867,"BG_NOHSDEG":2575.016417,"BG_HS_GRAD":26328.784403,"BG_BACHELO":14267.21422,"BG_GRADDEG":6532.392972,"BG_POP16PL":61217.531466,"BG_EMPLOYE":37456.490551,"BG_HHS":28722.276258,"BG_CHILD":7163.666615,"BG_HHINC0_":4324.638721,"BG_HHINC25":4662.553568,"BG_HHINC50":4714.668338,"BG_HHINC75":12010.829498,"BG_HHINC20":3009.58752,"BG_HOUSING":53121.126929,"BG_VACANT":24398.85036,"BG_OCCUPIE":28722.276258,"BG_RENTED":6509.017855,"BG_OWNED":22213.256756,"BG_SINGLEF":46967.216143,"BG_MULTIFA":6153.911512,"DEVIATION":-5387,"F_DEVIATIO":-0.066831,"F_HISPANIC":0.127415,"F_NH_WHT":0.788777,"F_DOJ_NH_B":0.006554,"F_DOJ_NH_I":0.02631,"F_DOJ_NH_A":0.023505,"F_DOJ_NH_H":0.002752,"F_DOJ_NH_O":0.020593,"F_DOJ_NH_1":0.004081,"F_18_POPUL":0.814156,"F_H18_POP":0.106989,"F_NH18_WHT":0.816248,"F_DOJ_NH18":0.00534,"F_DOJ_NH11":0.024984,"F_DOJ_NH12":0.02131,"F_DOJ_NH13":0.002368,"F_DOJ_NH14":0.019791,"F_DOJ_NH15":0.002972,"F_ST1519_M":0.943851,"F_ST1519_1":0.068586,"F_ST1519_2":0.88945,"F_ST1519_3":0.006936,"F_ST1519_4":0.014588,"F_ST1519_5":0.016928,"F_ST1519_6":0.003048,"F_ST1519_7":0.942664,"F_ST1519_8":0.068795,"F_ST1519_9":0.889949,"F_ST151910":0.006603,"F_ST151911":0.014539,"F_ST151912":0.017082,"F_ST151913":0.003032,"F_ACS1519_":0.944015,"F_ACS15191":0.069732,"F_ACS15192":0.887709,"F_ACS15193":0.004628,"F_ACS15194":0.0122,"F_ACS15195":0.007447,"F_ACS15196":0.013408,"F_ACS15197":0.022205,"F_ACS15198":0.947461,"F_ACS15199":0.069857,"F_ACS15110":0.883195,"F_ACS15111":0.004805,"F_ACS15112":0.012671,"F_ACS15113":0.007477,"F_ACS15114":0.012997,"F_ACS15115":0.021995,"F_SWDB_CVA":0.943289,"F_SWDB_CV1":0.93968,"F_SWDB_CV2":0.068206,"F_SWDB_CV3":0.893737,"F_SWDB_CV4":0.004935,"F_SWDB_CV5":0.016404,"F_SWDB_CV6":0.013676,"F_SWDB_CV7":0.003041,"F_G18_REG_":1,"F_G18_REG1":0.050191,"F_G18_REG2":0.008664,"F_G18_REG3":0.004134,"F_G18_REG4":0.051465,"F_G18_REG5":0.91321,"F_G18_REG6":0.003215,"F_G18_VOT_":0.768524,"F_G18_VOT1":0.041891,"F_G18_VOT2":0.008911,"F_G18_VOT3":0.004021,"F_G18_VOT4":0.042543,"F_G18_VOT5":0.921978,"F_G18_VOT6":0.00288,"F_G20_REG_":1,"F_G20_REG1":0.055491,"F_G20_REG2":0.009304,"F_G20_REG3":0.004901,"F_G20_REG4":0.057462,"F_G20_REG5":0.907312,"F_G20_REG6":0.003298,"F_G20_VOTE":0.862728,"F_G20_VOT1":0.049522,"F_G20_VOT2":0.009268,"F_G20_VOT3":0.00504,"F_G20_VOT4":0.050846,"F_G20_VOT5":0.913876,"F_G20_VOT6":0.003032,"F_TRACT_AC":1,"F_TRACT_BO":0.94212,"F_TRACT_IM":0.05788,"F_TRACT_CI":0.029103,"F_TRACT_NO":0.028777,"F_BG_ACSPO":1,"F_BG_AGE0_":0.197525,"F_BG_AGE20":0.501298,"F_BG_AGE60":0.301178,"F_BG_POP5P":0.959122,"F_BG_ENGLI":0.906966,"F_BG_SPANI":0.062742,"F_BG_ASIAN":0.003867,"F_BG_OTHER":0.026424,"F_BG_ENG_L":0.023532,"F_BG_POP25":0.758302,"F_BG_NOHSD":0.046762,"F_BG_HS_GR":0.478129,"F_BG_BACHE":0.259091,"F_BG_GRADD":0.118628,"F_BG_POP16":0.843008,"F_BG_EMPLO":0.611859,"F_BG_HHS":1,"F_BG_CHILD":0.249412,"F_BG_HHINC":0.150567,"F_BG_HHIN1":0.162332,"F_BG_HHIN2":0.164147,"F_BG_HHIN3":0.418171,"F_BG_HHIN4":0.104782,"F_BG_HOUSI":1,"F_BG_VACAN":0.459306,"F_BG_OCCUP":0.540694,"F_BG_RENTE":0.226619,"F_BG_OWNED":0.773381,"F_BG_SINGL":0.884153,"F_BG_MULTI":0.115847,"IDEAL_VALU":80606,"DISTRICT_L":"2|-6.68%"},"geometry":{"type":"Polygon","coordinates":[[[-121.03777967347793,39.02023864793841],[-121.03770780825519,39.02081094195759],[-121.03552490211479,39.022534775218],[-121.0332162318346,39.02539610605842],[-121.03258741113571,39.02639405518393],[-121.03107824145839,39.027957247872585],[-121.03082671317884,39.029450622884205],[-121.03010806095153,39.03037175435419],[-121.0294253413356,39.03313507673507],[-121.02968585276801,39.034991187166206],[-121.03010806095153,39.03633788338922],[-121.03004517888165,39.03671467462865],[-121.03045840391233,39.03707053117661],[-121.03040450499529,39.037217059822524],[-121.0293175435015,39.0382148420462],[-121.02869770595548,39.03852184912657],[-121.02696395745711,39.03882885487296],[-121.0254098720156,39.03866837476284],[-121.02461037141272,39.038724193972925],[-121.02340662893201,39.03898933461861],[-121.02200525708878,39.03909399512591],[-121.02143033530693,39.03944286236394],[-121.02132253747284,39.04145928124725],[-121.02093626190067,39.04302214072327],[-121.02074761569102,39.04474543229687],[-121.02060388524556,39.04535241162536],[-121.02017269390917,39.046105895949744],[-121.01929234493075,39.04677565304635],[-121.01794487200455,39.04718029488157],[-121.0144863581607,39.04751516913013],[-121.01389347007319,39.04768958217248],[-121.0128065085794,39.0482756068402],[-121.01253701399418,39.048659310833905],[-121.01246514877144,39.04938485450657],[-121.01364194179364,39.05165910656747],[-121.01333651459701,39.052168361564014],[-121.01297718848338,39.05241252361613],[-121.01253701399418,39.05254506837666],[-121.01144106934754,39.05247530800739],[-121.01116259160945,39.05236369127325],[-121.01065953505035,39.05168701104593],[-121.01013851218555,39.05153353627792],[-121.00906053384463,39.05171491551337],[-121.00819815117187,39.052168361564014],[-121.00809035333778,39.05331242789048],[-121.00841374684005,39.05424022416716],[-121.00821611747755,39.05686310108279],[-121.00799153865653,39.057351391879195],[-121.00716508859513,39.05790245886505],[-121.00687762770421,39.05848142334382],[-121.00708424021956,39.05986952366162],[-121.00708424021956,39.06122272081665],[-121.00654525104908,39.061529627903305],[-121.00388623780809,39.06205276190753],[-121.00331131602624,39.06231083992173],[-121.00273639424442,39.0629106932828],[-121.00247588281204,39.063670965218854],[-121.00261063010464,39.06447307811001],[-121.00339216440183,39.066021478955484],[-121.00274537739726,39.067541947634446],[-121.00232316921374,39.067772107470184],[-121.00141587077677,39.067918572429434],[-120.99974500434828,39.06786975081015],[-120.99842448088064,39.06813478205195],[-120.99737345199821,39.06805806258428],[-120.99695124381469,39.06821847592155],[-120.99651106932545,39.06867181599061],[-120.99640327149136,39.06932741032488],[-120.99650208617261,39.069627307830814],[-120.99692429435616,39.07002484442099],[-120.99776871072325,39.070289867570494],[-120.99803820530848,39.07048514714912],[-120.99855024502041,39.07211710535833],[-120.99673564814651,39.0731422905746],[-120.99292679134183,39.074655632008046],[-120.99189372876508,39.07565985910077],[-120.99161525102701,39.07646880942106],[-120.99166914994406,39.07709643690122],[-120.99191169507077,39.077312618407355],[-120.99405866859982,39.07799602655397],[-120.99505579856519,39.07861666699255],[-120.99585529916807,39.079648731139926],[-120.99608886114193,39.08018567746235],[-120.99609784429477,39.0806459139148],[-120.99586428232091,39.08100852233853],[-120.99555885512432,39.08117587944398],[-120.99415748328107,39.08138507526749],[-120.99325018484413,39.08174070674385],[-120.99194762768214,39.081817411337035],[-120.9910403292452,39.082040551497634],[-120.99064507052016,39.08277272519214],[-120.9892347155241,39.08411851035278],[-120.98846216437975,39.08556886147048],[-120.98874064211785,39.08646137041337],[-120.9884531812269,39.088113876690464],[-120.98846216437975,39.089327084500795],[-120.9876177480127,39.091690688057916],[-120.98773452899962,39.09517668441849],[-120.98711469145357,39.09666166652606],[-120.98728537135756,39.097616779336555],[-120.98686316317402,39.09841850637898],[-120.98715062406494,39.099059881449186],[-120.98804893934906,39.099673365187286],[-120.98835436654565,39.100175302457025],[-120.9882106361002,39.10079574775449],[-120.98721350613482,39.10122099362488],[-120.98673739903425,39.10165320811057],[-120.98636010661492,39.10223878479966],[-120.98633315715641,39.10265705088532],[-120.98654875282459,39.10338203955508],[-120.98813877087747,39.10594732420991],[-120.98814775403031,39.10620524168683],[-120.98768961323542,39.10683260458284],[-120.98839029915702,39.108596161479106],[-120.98909098507865,39.108937714828706],[-120.98971082262467,39.1095371718078],[-120.989692856319,39.11093820835148],[-120.98939641227524,39.111230958738176],[-120.98963895740195,39.11127278012271],[-120.98961200794342,39.11142612498705],[-120.98910895138432,39.11226951577661],[-120.98889335571614,39.113782017778135],[-120.98911793453716,39.11468810941856],[-120.98937844596955,39.115050542812476],[-120.98913590084285,39.11542691397919],[-120.98901013670307,39.11697419654386],[-120.9884531812269,39.11850053659302],[-120.98723147244051,39.11984563991112],[-120.98702485992516,39.12093285491346],[-120.98665655065868,39.12142070234568],[-120.98640502237913,39.12691223751338],[-120.98873165896501,39.126940112234315],[-120.98858792851952,39.1305916052973],[-120.99325916799697,39.1305916052973],[-120.99341188159526,39.12702373633089],[-120.99572953502829,39.12705161100771],[-120.99554987197148,39.130605541931054],[-121.00957257355657,39.13070309829015],[-121.01692977573349,39.13063341519031],[-121.01717232086023,39.12997142230303],[-121.01889708620573,39.13072400320663],[-121.01920251340232,39.13191557318997],[-121.01918454709663,39.13243818524317],[-121.01861860846765,39.1332952606144],[-121.01831318127105,39.1341453575886],[-121.01838504649379,39.13452162674331],[-121.01878928837164,39.134925765447726],[-121.01833114757675,39.1354831943374],[-121.01666028114826,39.13670952236132],[-121.01632790449315,39.138103051008144],[-121.01624705611758,39.14036050888362],[-121.01679502844088,39.142171996804606],[-121.01728910184715,39.1428338749945],[-121.01745079859829,39.14415064572935],[-121.01737893337557,39.14555796076503],[-121.017693343725,39.14667264577415],[-121.01842097910514,39.14826800797976],[-121.01860064216197,39.15044851005718],[-121.01894200196993,39.15141682637788],[-121.01916658079095,39.152733436547315],[-121.01952590690462,39.15343701177679],[-121.01932827754212,39.1546769589192],[-121.01948997429325,39.15535961712079],[-121.01942709222337,39.156258208126005],[-121.01865454107902,39.15698264523219],[-121.01690282627497,39.157316998303905],[-121.01477381905163,39.15949721999803],[-121.01384855430898,39.160124108298255],[-121.01358804287659,39.16052810002072],[-121.01362397548796,39.16256195414155],[-121.01409109943569,39.16332811681578],[-121.01422584672831,39.16407337613785],[-121.01475585274595,39.16445645028707],[-121.01507924624822,39.16533403047389],[-121.0157080669471,39.16611409255929],[-121.01568111748857,39.16733292224851],[-121.0163638371045,39.16759061496365],[-121.0166243485369,39.16786223599263],[-121.0166692643011,39.16873280914464],[-121.01586078054541,39.17004909528568],[-121.01513314516527,39.170237134151854],[-121.01410906574137,39.17078731905779],[-121.01243819931292,39.17208267411744],[-121.01186327753108,39.17277909170628],[-121.0109559790941,39.173419789796625],[-121.0106056361333,39.174276366167405],[-121.01083021495432,39.175334885153895],[-121.00929409581849,39.17630982275433],[-121.00694050977411,39.17709672681555],[-121.0060242281843,39.17791147660766],[-121.00455997427119,39.17880281599273],[-121.00396708618366,39.17968021716289],[-121.00340114755468,39.18235413414285],[-121.00385928834957,39.18403920666107],[-121.00399403564218,39.18404616968684],[-121.00436234490866,39.1837328328441],[-121.00415573239331,39.18250732422279],[-121.00489235092631,39.18133053731385],[-121.00508998028882,39.18017462093517],[-121.00535947487404,39.179826449626674],[-121.00588049773884,39.179749851707385],[-121.00659016681328,39.180432266593336],[-121.00712915598376,39.181560325654516],[-121.00681474563433,39.183684091431935],[-121.00747949894456,39.18417846704551],[-121.0075513641673,39.18508365281928],[-121.00835086477016,39.18522987404296],[-121.00908748330315,39.18600275260076],[-121.00979715237759,39.18651800025119],[-121.0109110633299,39.18813334677944],[-121.0109559790941,39.1884745143578],[-121.01076733288444,39.18898974388798],[-121.01164768186288,39.190277801188145],[-121.0123304014788,39.192004457181675],[-121.01243819931292,39.192902580017915],[-121.01205192374073,39.19350828428664],[-121.01215972157482,39.19382853960596],[-121.0119351427538,39.19872269472595],[-121.01073140027309,39.19884104133933],[-121.01074936657876,39.19976692266878],[-121.01132428836061,39.201750912999245],[-121.01093801278843,39.203901912890935],[-121.01102784431683,39.204702430012716],[-121.01639976971587,39.212289487071594],[-121.01752266382103,39.21331959308554],[-121.01803470353296,39.213201270865646],[-121.01814250136708,39.21773913318801],[-121.01820538343696,39.218226309561565],[-121.01860962531481,39.2183794214379],[-121.01809758560287,39.2191519353577],[-121.01807063614433,39.22061342492491],[-121.02008286238076,39.22059950612017],[-121.01994811508814,39.22082916604572],[-121.02010981183928,39.22152510062596],[-121.01997506454667,39.22200529146363],[-121.01940912591769,39.22245764214664],[-121.01881623783015,39.22337625302452],[-121.01802572038012,39.22363374028015],[-121.01676807898235,39.223717249457486],[-121.0171004556375,39.224246138606915],[-121.0166692643011,39.225366535352315],[-121.01641773602155,39.22562401530686],[-121.01534874083346,39.225408288922615],[-121.014809751663,39.225630974211455],[-121.01412703204706,39.22540132999597],[-121.01225853625607,39.225714481012616],[-121.01172853023846,39.22661913165689],[-121.01051580460489,39.22650779066837],[-121.00910544960884,39.22705753508216],[-121.0091413822202,39.23169191808273],[-121.00608711025419,39.231824125720316],[-121.00434437860298,39.23234599554179],[-121.00364369268138,39.23223466363887],[-121.00323046765067,39.23188675030382],[-121.00268249532738,39.231698876385636],[-121.00143383708244,39.23162929332534],[-120.99922398148351,39.23242253612258],[-120.99511868063507,39.23292352695329],[-120.9932232353856,39.23334797471923],[-120.99298967341171,39.23313923023714],[-120.99271119567364,39.233403639809566],[-120.99428324742087,39.23343843046862],[-120.99491206811973,39.233647174060586],[-120.99389697184867,39.23407161744922],[-120.9951456300936,39.234850916658345],[-120.99521749531633,39.236061596475295],[-120.99549597305442,39.23595027046772],[-120.99641225464421,39.23668780197641],[-120.99660090085389,39.238114138086935],[-120.99593614754363,39.23905341676281],[-120.99655598508969,39.239582190336634],[-120.99672666499366,39.23953348767411],[-120.99692429435616,39.2397074255993],[-120.9968434459806,39.23989527807411],[-120.9964751367141,39.24004138520676],[-120.99667276607661,39.24022227933032],[-120.99833464935223,39.24089019205343],[-121.00017619568469,39.24050753450048],[-121.00264656271601,39.24148156780227],[-121.00331131602624,39.241982493948264],[-121.0035808106115,39.242900849258604],[-121.00303283828818,39.2441670467116],[-121.00304182144102,39.245147986167794],[-121.00444319328423,39.24921073825568],[-121.00497319930187,39.25005247766265],[-121.0062218575468,39.25152723639751],[-121.01018342794978,39.25252198538657],[-121.01127038944354,39.25315500012314],[-121.01034512470092,39.25280023432633],[-121.01019241110262,39.25287675259119],[-121.0102552931725,39.253189780987],[-121.0100396975043,39.25320369332771],[-121.01001274804578,39.25744682843127],[-121.00925816320714,39.25784330498629],[-121.00977918607191,39.258302380301444],[-121.00972528715486,39.25879623069316],[-121.00943782626395,39.25879623069316],[-121.00920426429009,39.25900489882725],[-121.00936596104123,39.25910923266135],[-121.00977918607191,39.26007605213783],[-121.00950969148668,39.26060466722045],[-121.0095815567094,39.260708998673636],[-121.01022834371399,39.26069508782219],[-121.0102103774083,39.261230653610376],[-121.00966240508498,39.2615923320877],[-121.00930307897134,39.261321073404666],[-121.00885392132926,39.26148800194923],[-121.00952765779236,39.26232959397385],[-121.01018342794978,39.26223222020692],[-121.01051580460489,39.26283037120996],[-121.01064156874467,39.26281646077949],[-121.01062360243898,39.26364412658812],[-121.00928511266565,39.2640336129987],[-121.00877307295369,39.26461783855651],[-121.00838679738153,39.26461088351899],[-121.0083778142287,39.26523683413206],[-121.00853951097983,39.26531333882362],[-121.00937494419406,39.26504209454038],[-121.00939291049974,39.26554285239721],[-121.0096893545435,39.266071426253546],[-121.0094018936526,39.26641221517891],[-121.0095815567094,39.267504119554715],[-121.00878205610654,39.26762235021796],[-121.00935697788839,39.2678309920783],[-121.01011156272703,39.2686725079434],[-121.00871917403664,39.26951401370373],[-121.00970732084919,39.27012601154624],[-121.00952765779236,39.27020946538338],[-121.00950969148668,39.27125958434048],[-121.00912341591452,39.27155862195946],[-121.00992291651737,39.27155862195946],[-121.00861137620255,39.27326937078049],[-121.0071381391366,39.27370748266307],[-121.00691356031558,39.274124729528204],[-121.01059665298047,39.27291470677395],[-121.01088411387138,39.27303292830893],[-121.011584799793,39.27238618453138],[-121.0151600946238,39.267893584515306],[-121.017298085,39.2686377347607],[-121.01718130401306,39.26888114667731],[-121.01733401761136,39.27130826497006],[-121.01988523301826,39.27125958434048],[-121.02007387922792,39.26908978479005],[-121.02087337983079,39.26908978479005],[-121.02127762170863,39.26976437710349],[-121.02161898151662,39.27074495847353],[-121.02127762170863,39.27184374966347],[-121.02156508259958,39.271948064387246],[-121.02209508861719,39.27176029777262],[-121.02231068428537,39.27201760745018],[-121.02221186960412,39.27229577901164],[-121.02132253747284,39.273206783145085],[-121.02152016683537,39.27358926226619],[-121.02210407177003,39.2740760508553],[-121.02147525107114,39.27497312382479],[-121.02225678536833,39.275557258188535],[-121.02200525708878,39.27696194231654],[-121.02257119571776,39.277810302257514],[-121.02260712832913,39.27851957891334],[-121.02293052183143,39.27913845169752],[-121.02288560606722,39.280084134380395],[-121.0224903473422,39.28164170155759],[-121.02258017887061,39.28284462036208],[-121.02282272399734,39.28323400005797],[-121.02374798873996,39.28393626867979],[-121.02433189367466,39.28474282593427],[-121.02602072640879,39.28513219507773],[-121.02636208621676,39.28531297287281],[-121.02654174927359,39.285618903463046],[-121.02735921618215,39.2855493739008],[-121.02849109344014,39.28522258403359],[-121.02897618369354,39.28550765613031],[-121.02924567827877,39.28554242094077],[-121.03141960126635,39.28549375020129],[-121.03176096107433,39.28531297287281],[-121.03303656877777,39.2855146090938],[-121.03390793460335,39.285257348985574],[-121.03423132810566,39.28586225638739],[-121.03459963737214,39.28616818457829],[-121.03477031727611,39.28669660285141],[-121.03412353027156,39.28721806434393],[-121.03411454711872,39.287398836755045],[-121.0342852270227,39.28746836448122],[-121.0353542222108,39.28764218349466],[-121.03646813316311,39.28808020549517],[-121.03805815121599,39.28837917131923],[-121.04207362053602,39.28894233603292],[-121.04265752547069,39.288914525536086],[-121.0435738070605,39.28923434558299],[-121.0452356903361,39.28919263000751],[-121.04621485399579,39.28959587952937],[-121.04709520297423,39.29031894182268],[-121.0478048720487,39.29063875545558],[-121.04817318131518,39.29060399317493],[-121.04842470959473,39.290117319433875],[-121.04944878901863,39.29081951903679],[-121.05025727277435,39.291097615942846],[-121.05101185761302,39.291048949064],[-121.05223356639941,39.29210570796893],[-121.05276357241704,39.29207094641653],[-121.0535181572557,39.29143133077225],[-121.05375171922957,39.29194580468499],[-121.05485664702904,39.29252284525174],[-121.0549374954046,39.29340577763689],[-121.05534173728245,39.29392718917082],[-121.05582682753588,39.29424003422742],[-121.05599750743987,39.294824007926366],[-121.05623106941373,39.29507428087772],[-121.05736294667172,39.29535931287159],[-121.0588631331962,39.29629087275778],[-121.06145926436731,39.29704862501572],[-121.06266300684804,39.297180709432254],[-121.06297741719747,39.29739621505062],[-121.06457641840319,39.29729193822134],[-121.06558253152141,39.29786198299171],[-121.06590592502371,39.29829994106472],[-121.06701983597603,39.29921060701617],[-121.06757679145217,39.299419154803594],[-121.06846612358345,39.29934963894348],[-121.07014597316474,39.299648556652166],[-121.0707029286409,39.300149067166906],[-121.0709005580034,39.30071908867225],[-121.07473636426658,39.3024638817473],[-121.07793436667805,39.30547372135696],[-121.07884166511502,39.3047021581821],[-121.0799465929145,39.30284620111396],[-121.08026998641677,39.30263766353647],[-121.08199475176228,39.3025611996024],[-121.08237204418161,39.302449979185525],[-121.08396206223452,39.30144203609973],[-121.08358476981518,39.300475787378005],[-121.08375544971915,39.2996972175537],[-121.08474359653168,39.29843202312043],[-121.08545326560615,39.29797321069839],[-121.08595632216525,39.297903693402425],[-121.08878601531023,39.29807053479676],[-121.09005263986084,39.29743097395919],[-121.09447235105871,39.29597803686489],[-121.09518202013315,39.295442736650294],[-121.09642169522526,39.29407318370453],[-121.0970684822298,39.29387852425863],[-121.09981732699923,39.29356567758677],[-121.10230566033623,39.29224475400597],[-121.10499162303574,39.29239770432784],[-121.10626723073919,39.29271750846663],[-121.11048032942172,39.29489352828037],[-121.11253747142236,39.29624220948848],[-121.11315730896838,39.29642295860396],[-121.1142712199207,39.29641600672354],[-121.11530428249743,39.29614488284839],[-121.11643615975542,39.29569995934215],[-121.11825075662935,39.29469191906356],[-121.11914008876063,39.29450421340883],[-121.12006535350326,39.29455982995158],[-121.12268843413291,39.29512989696764],[-121.12351488419428,39.29514380098323],[-121.124889306579,39.29505342483262],[-121.12707221271941,39.294392980190786],[-121.12787171332226,39.29432345933977],[-121.1294257987638,39.29487962421508],[-121.13072835592577,39.29661065911459],[-121.1311056483451,39.29681226280622],[-121.1317793848082,39.29681226280622],[-121.13310889142869,39.295915469518576],[-121.13456416218895,39.29467106290457],[-121.1350492524424,39.29454592582003],[-121.1373848721811,39.294643254682875],[-121.13849878313341,39.294372123942736],[-121.13965760984992,39.293961949801705],[-121.14165186978065,39.29278703091222],[-121.14240645461932,39.292203040223875],[-121.14278374703864,39.29176504401125],[-121.1430981573881,39.29054142102628],[-121.14588293476886,39.28753789213837],[-121.14594581683875,39.28711377235606],[-121.14562242333648,39.285869209315635],[-121.14572123801773,39.285271254961536],[-121.1460895472842,39.28484712145282],[-121.14681718266435,39.28462462415886],[-121.14777838001837,39.28457595278159],[-121.15083265198435,39.284687201594224],[-121.15473134031744,39.28500704094626],[-121.15630339206464,39.284972275870054],[-121.1587827422488,39.2836790027742],[-121.15943851240623,39.28343564226406],[-121.16029191192615,39.28336611053443],[-121.16085785055513,39.28365119018726],[-121.16107344622331,39.28392931555964],[-121.16114531144606,39.28630724240514],[-121.16162141854664,39.287085961133066],[-121.16230413816258,39.28741274230581],[-121.16386720675693,39.2876560889971],[-121.16654418630361,39.28748227001817],[-121.16748741735194,39.28719720595879],[-121.16861929460993,39.28704424427786],[-121.16974218871508,39.28702338584093],[-121.17062253769352,39.28722501713761],[-121.1716645834231,39.28784381300982],[-121.17349714660268,39.289262155952805],[-121.17807855455169,39.28999217421091],[-121.17911161712844,39.29041627656123],[-121.1797314546745,39.290812566599996],[-121.17993806718984,39.292481131635284],[-121.18035129222052,39.29353786892605],[-121.18146520317282,39.29415660901569],[-121.18248928259672,39.2944277405904],[-121.18447455937464,39.29424698632389],[-121.18795103952418,39.29282179210914],[-121.18949614181288,39.292571511106196],[-121.19126582292257,39.292425513441366],[-121.19263126215444,39.29246722709095],[-121.19398771823344,39.2923003723435],[-121.19674554615571,39.29262712918416],[-121.19756301306427,39.292272563180255],[-121.19861404194668,39.29075694708072],[-121.19898235121317,39.29049970622943],[-121.19936862678533,39.29041627656123],[-121.20025795891662,39.290708279965116],[-121.20203662317918,39.29175809166832],[-121.20295290476896,39.292877409988286],[-121.20371647276048,39.293329303618734],[-121.20527055820199,39.2940175667752],[-121.20734566650832,39.294664110850185],[-121.20810923449983,39.29501866474363],[-121.2091063644652,39.295136848975794],[-121.21056163522546,39.29446945304718],[-121.21219656904258,39.29323892512596],[-121.21422676158467,39.2925576065798],[-121.21513406002164,39.29188323373534],[-121.2155203355938,39.2913270450589],[-121.21567304919212,39.29042322903738],[-121.21540355460687,39.288052394655956],[-121.21649051610065,39.28564671526861],[-121.21739781453762,39.28486798053789],[-121.21829612982174,39.28359556498027],[-121.22035327182238,39.28264992970243],[-121.22162887952582,39.28217015398122],[-121.22281465570086,39.281968508132074],[-121.22479993247877,39.282107574297044],[-121.2298664306812,39.282782041280505],[-121.23074677965964,39.2827959477479],[-121.232875786883,39.28253172439503],[-121.23383698423702,39.28255258416964],[-121.2373224475394,39.283261812810586],[-121.23794228508542,39.28328267236776],[-121.23877771829966,39.2830671233105],[-121.23934365692865,39.2838736905735],[-121.2395053536798,39.28389454994849],[-121.24038570265823,39.28328267236776],[-121.24102350650996,39.28344954860169],[-121.24155351252759,39.28328267236776],[-121.24229013106057,39.28339392323458],[-121.24298183382935,39.28308102972131],[-121.24344895777708,39.28259430370025],[-121.2437813344322,39.28175990836691],[-121.24618881939364,39.28097417700813],[-121.24967428269605,39.27822752468943],[-121.25055463167446,39.277831163438115],[-121.2510846376921,39.27741393864565],[-121.2510846376921,39.27813712670672],[-121.2501234403381,39.278568254498964],[-121.24717696620617,39.281050664518766],[-121.24461676764643,39.28269860241808],[-121.24258657510433,39.28349822076171],[-121.2401611238372,39.28399884673018],[-121.2378704198627,39.28373462791493],[-121.23380105162565,39.28285852681708],[-121.23051321768577,39.2829906380017],[-121.22877946918742,39.28292110583033],[-121.2238926340418,39.282448285234416],[-121.22099107567409,39.28258039719283],[-121.21986818156894,39.28308102972131],[-121.21839494450299,39.28418658054582],[-121.21665221285178,39.28630028952035],[-121.2164366171836,39.287683899993716],[-121.21642763403077,39.289964364130974],[-121.21620305520973,39.291306187897604],[-121.21490049804777,39.29288436222007],[-121.21178334401186,39.294024518893785],[-121.21066044990671,39.29473363136294],[-121.20804635242993,39.298355554592234],[-121.20566581692702,39.299731975319794],[-121.20253967973828,39.30110836898407],[-121.20015914423537,39.30238046633524],[-121.20023999261093,39.303388395907746],[-121.20157848238426,39.30513312244552],[-121.20499208046392,39.3078926210399],[-121.20571971584407,39.3096719881233],[-121.20558496855145,39.31095088026844],[-121.20562090116282,39.31293172685375],[-121.20636650284862,39.31647625973199],[-121.20601615988782,39.31738668919052],[-121.20462377119745,39.31840135233629],[-121.20362664123206,39.32012485600383],[-121.20123712257632,39.32080590623163],[-121.20010524531833,39.321646785630485],[-121.19924286264556,39.32269613334628],[-121.19828166529155,39.32394699085016],[-121.19745521523018,39.32567035787925],[-121.19723961956197,39.32678218503932],[-121.19662876516878,39.32819973903333],[-121.1956316352034,39.32958946995647],[-121.1933409312289,39.33026347950843],[-121.18944224289581,39.33041634675042],[-121.18646881930539,39.33033991317121],[-121.18545372303433,39.33047888325309],[-121.18453744144452,39.33084715263438],[-121.18387268813429,39.33139607886676],[-121.18340556418653,39.33205617432552],[-121.18325285058823,39.33289691846564],[-121.18361217670187,39.3353287660901],[-121.18345946310357,39.335974928520834],[-121.18258809727797,39.33682257340643],[-121.18135740533873,39.33762157351991],[-121.17898585298866,39.33856646621647],[-121.17799770617613,39.33870541994758],[-121.17475478800047,39.338691524586906],[-121.17149390351912,39.33834413967217],[-121.16954455935257,39.338399721374536],[-121.16748741735194,39.3386984722676],[-121.16561892156096,39.33875405368823],[-121.16503501662629,39.33864289080278],[-121.16463975790128,39.338253819311554],[-121.16336415019782,39.33620421052847],[-121.16299584093133,39.33457142832767],[-121.1628790599444,39.33306367643248],[-121.1625287169836,39.332618987637076],[-121.16157650278244,39.332257675908316],[-121.1591241020568,39.33191720737837],[-121.15854019712211,39.33201448427039],[-121.15754306715672,39.332473073509824],[-121.15708492636183,39.33283438412552],[-121.15673458340103,39.333418035791496],[-121.15659983610843,39.33415454165491],[-121.15668068448399,39.33552331024596],[-121.15687831384649,39.33662803286597],[-121.15769578075505,39.33922649397937],[-121.15771374706073,39.34013662730449],[-121.15695916222207,39.34164422666361],[-121.15598898171521,39.34287390344554],[-121.15551287461463,39.34374230621827],[-121.15529727894642,39.34611820106038],[-121.15477625608165,39.348612109047636],[-121.15417438484127,39.349174789073366],[-121.15350963153104,39.349466547303],[-121.15210825968782,39.349667998703],[-121.14492173741485,39.3494318142443],[-121.14380782646253,39.34966105211268],[-121.14350239926594,39.35044601245032],[-121.14350239926594,39.351140660261876],[-121.1441671525762,39.35271053887677],[-121.14524513091715,39.354579065233544],[-121.14514631623588,39.35578767648421],[-121.14345748350173,39.357961734893266],[-121.14166983608634,39.35914250503759],[-121.1402864305488,39.3610455866737],[-121.13804962549133,39.36227492206352],[-121.13708842813732,39.36331671477845],[-121.13658537157824,39.36502522119177],[-121.13652248950834,39.365900293656786],[-121.13697164715039,39.36725455085642],[-121.1368638493163,39.368080982090284],[-121.13458212849464,39.36871295231704],[-121.1343306002151,39.369032407618036],[-121.13438449913214,39.37040743766499],[-121.13414195400543,39.371296331568225],[-121.13369279636335,39.3716366082705],[-121.13248905388264,39.37188660642361],[-121.12796154485068,39.37210188189375],[-121.12757526927851,39.37220604720553],[-121.12715306109499,39.37257409672926],[-121.12593135230858,39.37556008717966],[-121.12585948708583,39.377254406362624],[-121.12637152679778,39.37808766300722],[-121.12779086494669,39.37925420560028],[-121.12802442692056,39.3797541464582],[-121.12789866278078,39.38004577697177],[-121.12749442090293,39.38024019663726],[-121.12686560020404,39.3802818579237],[-121.12576965555742,39.38006660767611],[-121.12435930056135,39.379427796581744],[-121.12191588298856,39.37880286702818],[-121.12141282642946,39.37892090970576],[-121.12028993232431,39.379573612672544],[-121.11970602738963,39.3796985976508],[-121.11718176144124,39.37864316191138],[-121.11621158093439,39.37851123132188],[-121.11548394555425,39.378601499646905],[-121.11485512485538,39.37885147286078],[-121.11429816937921,39.379420852950766],[-121.11384002858432,39.38015687398978],[-121.11330103941384,39.38061514732004],[-121.11199848225186,39.381156739194964],[-121.11021083483648,39.381399759824234],[-121.10837827165687,39.38145530727784],[-121.10777640041653,39.381302551674054],[-121.10610553398804,39.380455446349536],[-121.10456043169937,39.380261027283595],[-121.10156904180324,39.38102481335617],[-121.10095818741006,39.38125394754822],[-121.10081445696457,39.38143447698793],[-121.10082344011742,39.38255930374789],[-121.10032038355833,39.383538304876765],[-121.09777815130427,39.38548237988234],[-121.097284077898,39.38618362221933],[-121.09692475178436,39.38708620099452],[-121.09637677946102,39.387697170770615],[-121.09554134624682,39.387731884801816],[-121.0945352331286,39.38736391519222],[-121.09205588294444,39.38586424539506],[-121.0887770321574,39.38592673228003],[-121.0874026097727,39.38618362221933],[-121.08690853636641,39.38639191066509],[-121.08616293468059,39.38714174392246],[-121.0859473390124,39.387704113578245],[-121.08513885525672,39.393209542562616],[-121.08471664707317,39.39394541819001],[-121.08401596115156,39.39462574912921],[-121.08341408991119,39.39452855940123],[-121.08207560013786,39.39350111685281],[-121.08034185163949,39.39295962077261],[-121.07952438473096,39.392841601838356],[-121.07745825957748,39.39341781003709],[-121.07622756763824,39.39350111685281],[-121.07014597316474,39.393355329860036],[-121.06927460733917,39.393105408592255],[-121.06733424632546,39.39183496163905],[-121.06604067231633,39.39125874036828],[-121.06423505859523,39.39098798415191],[-121.06310318133724,39.39095327174051],[-121.0620701187605,39.3912379130043],[-121.06157604535426,39.39169611357525],[-121.06053399962467,39.39337615659195],[-121.06000399360703,39.39463963336501],[-121.05941110551952,39.3950422750014],[-121.05321273005909,39.39549350855663],[-121.05222458324657,39.39564623309886],[-121.04980811513227,39.395451856350704],[-121.04895471561237,39.395292189331016],[-121.0481552150095,39.394938143766495],[-121.04751741115777,39.39433417953906],[-121.04712215243276,39.39352194354121],[-121.04715808504413,39.392494486168836],[-121.04770605736745,39.39070334186856],[-121.04754436061629,39.3897452690662],[-121.0467358768606,39.38941896590581],[-121.04491229683383,39.38955087587778],[-121.04301685158433,39.38850947457553],[-121.04225328359284,39.3882178794258],[-121.04154361451837,39.38816233735434],[-121.04110344002916,39.388252593197976],[-121.04077106337402,39.38846781820017],[-121.03956732089331,39.39049506629143],[-121.03648609946879,39.39233481238095],[-121.03653999838585,39.39407037743129],[-121.03613575650797,39.39491731750085],[-121.0353093064466,39.395403262079036],[-121.0337642041579,39.39563234906338],[-121.0318418094499,39.39570871122431],[-121.02869770595548,39.3932997918779],[-121.02796108742248,39.391932155119314],[-121.02698192376279,39.39053672145659],[-121.0261285242429,39.389724441250486],[-121.02524817526445,39.38928705568446],[-121.02452952303716,39.389259285079774],[-121.02321798272234,39.39031456028836],[-121.02192440871322,39.39171694080243],[-121.01984930040689,39.39324425385154],[-121.0192564123194,39.393848227514276],[-121.01855572639776,39.395070043304436],[-121.01805266983864,39.395472682456784],[-121.0171004556375,39.395882261279226],[-121.0155553533488,39.396208534213635],[-121.01423482988115,39.3968333079145],[-121.01204294058789,39.397159576400966],[-121.00900663492756,39.39807589675512],[-121.0083149321588,39.39840215942994],[-121.00753339786161,39.399075505232204],[-121.00738068426331,39.3996933116423],[-121.00771306091843,39.400324995684855],[-121.0093390115827,39.40010286568466],[-121.00995884912874,39.400269463251135],[-121.01163869871004,39.40101914737619],[-121.01336346405554,39.40150504944983],[-121.01528585876356,39.402622611373225],[-121.01557331965448,39.40382344987912],[-121.01556433650164,39.40453144902045],[-121.01554637019595,39.40501732662531],[-121.01524992615221,39.40538520313156],[-121.0146839875232,39.40569754958527],[-121.01423482988115,39.40576001870814],[-121.0085754435912,39.404628624812226],[-121.00702135814967,39.40472580046859],[-121.00252079857623,39.40814768545991],[-121.0010745109688,39.409029158046415],[-120.99574750133397,39.4128325497807],[-120.99389697184867,39.413491875787365],[-120.99260339783955,39.414435742165814],[-120.99183982984803,39.41426917843932],[-120.9903486264764,39.413214265597155],[-120.98920776606558,39.412582698296504],[-120.98733028712176,39.411763734376635],[-120.98599179734842,39.41146529598052],[-120.9850934820643,39.4115763429748],[-120.98424906569724,39.41197194645463],[-120.98345854824721,39.41263822092592],[-120.98267701395002,39.41401933210345],[-120.98229073837786,39.414234477612894],[-120.98176073236021,39.414234477612894],[-120.98140140624658,39.4139499301846],[-120.98121276003691,39.41358209886119],[-120.98077258554771,39.41186784049335],[-120.9802964784471,39.41161798555206],[-120.97978443873517,39.41163880683136],[-120.97914663488343,39.412034409956775],[-120.97889510660389,39.41286031100146],[-120.97989223656926,39.415428176120116],[-120.98003596701471,39.41660797432836],[-120.97983833765221,39.41710070766922],[-120.97951494414994,39.41744076104226],[-120.97894002236809,39.41773917386019],[-120.97834713428055,39.41787797008446],[-120.97518506448048,39.417433821194095],[-120.97369386110883,39.41744076104226],[-120.97299317518723,39.41775999331146],[-120.9724452028639,39.4188148373697],[-120.97171756748378,39.418946691754634],[-120.96940889720359,39.41793348849677],[-120.96459392728069,39.41744076104226],[-120.96038981175103,39.41641365599694],[-120.95900640621346,39.415726597553366],[-120.95799130994243,39.41565025730829],[-120.95724570825661,39.415754357621715],[-120.95675163485033,39.41601113773022],[-120.95656298864067,39.416781472380855],[-120.95614078045713,39.41699660936626],[-120.9530146432684,39.41669819336954],[-120.95234090680532,39.41676065263736],[-120.95203547960871,39.41697578968701],[-120.95133479368711,39.41844703171459],[-120.95093953496207,39.41886341533001],[-120.95014003435922,39.41891199325647],[-120.94915188754669,39.41874544022484],[-120.94870272990462,39.41879401823349],[-120.94731034121423,39.41842621246851],[-120.94620541341477,39.41844009196658],[-120.94528014867213,39.41870380190473],[-120.9441392882613,39.419599020305455],[-120.94353741702095,39.41980720898343],[-120.94294452893341,39.41963371846165],[-120.94176773591121,39.41862052518994],[-120.94105806683677,39.4182596582762],[-120.93951296454807,39.41775305349506],[-120.93625208006672,39.41729502408551],[-120.9358298718832,39.41737830238384],[-120.93512020280873,39.41796818748202],[-120.93483274191782,39.418051464976145],[-120.93257797055468,39.41727420449539],[-120.93181440256316,39.41712846719044],[-120.9298111594796,39.418044525188755],[-120.9296584458813,39.41866216355979],[-120.93008065406484,39.420209705331004],[-120.92956861435287,39.420820385006195],[-120.92893081050116,39.421021630545226],[-120.92847266970627,39.42102857003622],[-120.92723299461416,39.42023746361412],[-120.92630772987154,39.42007785333518],[-120.92362176717201,39.420820385006195],[-120.9218071702981,39.42116735971076],[-120.92144784418443,39.421444938230785],[-120.92116936644636,39.422187455338246],[-120.92066630988727,39.422395636285025],[-120.91989375874292,39.42205560708369],[-120.91918408966845,39.42121593603158],[-120.91838458906561,39.420709352735926],[-120.9153752328638,39.4200431554001],[-120.91451285019103,39.4199737594781],[-120.91418047353592,39.420084792920136],[-120.91380318111659,39.420410952633205],[-120.91363250121259,39.42086202206195],[-120.91385708003364,39.422354000145425],[-120.91346182130862,39.42342265318836],[-120.91339893923872,39.42401942632888],[-120.91298571420803,39.4243386284692],[-120.9128689332211,39.42484518538653],[-120.91059619555229,39.42601094622297],[-120.90951821721134,39.42615666495639],[-120.90909600902779,39.42608033613401],[-120.90562851203109,39.42452598556631],[-120.90285271780317,39.42410269659339],[-120.902295762327,39.42417208840448],[-120.901505244877,39.4245121072801],[-120.90091235678946,39.42453986384977],[-120.89986132790705,39.4245121072801],[-120.89860368650928,39.42421372345796],[-120.89729214619446,39.42429699349033],[-120.89643874667455,39.42414433168833],[-120.89395041333754,39.42413739250758],[-120.892962266525,39.42440108089088],[-120.89129140009655,39.42529622611827],[-120.89024037121413,39.42565705660186],[-120.8892522244016,39.42660769720009],[-120.88743762752766,39.42746811984559],[-120.88658422800778,39.428363225677614],[-120.88503014256624,39.42849506199926],[-120.88459895122986,39.42864771427058],[-120.88450911970145,39.42938321598146],[-120.88367368648721,39.42923750399502],[-120.8825148597707,39.42875179517293],[-120.88104162270476,39.428592204392416],[-120.88044873461722,39.428592204392416],[-120.87964923401437,39.428814243639735],[-120.87845447468646,39.42895301781001],[-120.87835566000521,39.42927913602224],[-120.87891261548138,39.43065297896608],[-120.87880481764729,39.4309443967142],[-120.87830176108817,39.431166428466156],[-120.87786158659897,39.43113173605153],[-120.87735853003984,39.4307848109555],[-120.87706208599609,39.42973014805608],[-120.8767566587995,39.42957055951628],[-120.87599309080798,39.42941790926667],[-120.8756247815415,39.429952183677315],[-120.87539121956765,39.430937458210586],[-120.87517562389945,39.43113173605153],[-120.87487019670284,39.431166428466156],[-120.87095354206409,39.42945260253457],[-120.87055828333908,39.429445663882376],[-120.86995641209872,39.42975096392561],[-120.86974979958337,39.43090276568197],[-120.86949827130383,39.43124275171745],[-120.869147928343,39.43139539796928],[-120.86842927611572,39.43128438254656],[-120.8664439993378,39.43029217435114],[-120.86524025685709,39.4301464642655],[-120.86452160462979,39.43029911291906],[-120.8641083795991,39.43054196236047],[-120.86333582845475,39.43136070566867],[-120.86179970931892,39.43338670707084],[-120.8611888549257,39.433657298688715],[-120.85968866840123,39.43365036045523],[-120.85905984770233,39.43408746781531],[-120.85823339764096,39.434996364815625],[-120.85752372856649,39.435273888254144],[-120.85685897525623,39.43514206475871],[-120.85570913169256,39.433837692516775],[-120.85530488981472,39.43363648398619],[-120.85509827729938,39.43366423692153],[-120.85470301857437,39.43433724221831],[-120.8546491196573,39.43586362189021],[-120.85453233867037,39.43613420388775],[-120.85427182723798,39.43625908753215],[-120.85335554564817,39.43618276977607],[-120.85253807873964,39.4357526135872],[-120.85095704383957,39.435710985427974],[-120.84857650833666,39.435926063982926],[-120.84757039521844,39.435801179741546],[-120.8462049559866,39.436113389925254],[-120.84561206789908,39.43582199379732],[-120.84481256729622,39.43512818858678],[-120.84391425201208,39.43503799340189],[-120.84327644816035,39.43512125049978],[-120.84265661061433,39.435551410587124],[-120.8427823747541,39.436793309483704],[-120.84268356007284,39.43726508650192],[-120.84245898125182,39.4375217873608],[-120.83858724237724,39.43907584803727],[-120.8378775733028,39.43958923546332],[-120.83747333142495,39.440158119813205],[-120.83689840964311,39.440463372914756],[-120.83587433021921,39.44033155923955],[-120.83460770566862,39.43987367821904],[-120.83220022070718,39.43964473658006],[-120.83185886089919,39.43915216262382],[-120.83187682720488,39.4387567134058],[-120.83359260939756,39.43782705201568],[-120.83372735669018,39.43757729012481],[-120.83358362624472,39.43734140307229],[-120.83309853599127,39.43716101831667],[-120.82999934826108,39.4368696265709],[-120.82812186931726,39.436494978249634],[-120.8274930486184,39.43621745967556],[-120.82709778989336,39.435433463730696],[-120.82637015451324,39.435044931497174],[-120.82577726642572,39.43503105530591],[-120.82407945053873,39.436037072009555],[-120.82315418579608,39.437355278803366],[-120.82116890901818,39.436793309483704],[-120.82009991383008,39.436703116454645],[-120.81948007628402,39.436460288488334],[-120.8186626093755,39.43640478483433],[-120.8178181930084,39.436494978249634],[-120.8176385299516,39.43680718532396],[-120.81784514246694,39.43765360635315],[-120.81764751310443,39.43913828725064],[-120.81717140600384,39.44014424464043],[-120.81724327122659,39.44051193578486],[-120.8166144505277,39.44083799989287],[-120.81550053957538,39.44076168715334],[-120.81381170684125,39.44015118222716],[-120.81347034703327,39.439894491058006],[-120.81211389095425,39.43833351087864],[-120.81229355401108,39.436932067761894],[-120.81101794630763,39.43607869997393],[-120.80994895111952,39.43627296347882],[-120.80872724233312,39.43709163944015],[-120.80556517253302,39.43868039838601],[-120.80502618336256,39.43863183423898],[-120.80325650225284,39.43803518624067],[-120.80225937228745,39.4379519326253],[-120.80115444448799,39.43748709811083],[-120.80001358407715,39.43768135768816],[-120.79938476337828,39.4379866216438],[-120.7982978018845,39.43982511490396],[-120.79798339153507,39.44117793744405],[-120.79735457083618,39.44171905910304],[-120.79662693545602,39.441864744985246],[-120.7950279342503,39.44180924563749],[-120.79465064183098,39.44218386537666],[-120.794309282023,39.44225323918132],[-120.79394097275652,39.4421214288934],[-120.79306960693091,39.44119874989329],[-120.7916682350877,39.441288937101476],[-120.79104839754164,39.44259316982527],[-120.79036567792572,39.443238339750074],[-120.78926075012626,39.443689261418],[-120.78838938430066,39.443876566483375],[-120.78670055156653,39.443980624635344],[-120.7861525792432,39.44418874047288],[-120.78598189933922,39.44445235297428],[-120.78660173688527,39.446207431822614],[-120.78662868634379,39.44664446038865],[-120.78634122545286,39.44688725285135],[-120.7851734155835,39.447247971518536],[-120.78472425794145,39.44807345528371],[-120.78402357201983,39.447934719200575],[-120.78242457081411,39.446790135967866],[-120.78081658645551,39.44647797363929],[-120.78018776575665,39.44683869442654],[-120.77768146611396,39.449883935828076],[-120.77584890293434,39.45076488059975],[-120.77547161051503,39.450688578737555],[-120.77514821701273,39.45033481446587],[-120.77451939631385,39.44891280269184],[-120.7740073566019,39.448649207074915],[-120.77368396309961,39.448642270334666],[-120.77339650220871,39.44881568863328],[-120.77325277176325,39.44961340724398],[-120.77296531087234,39.44987699921085],[-120.76965951062678,39.449946365352076],[-120.76852763336879,39.450563720964574],[-120.7677011833074,39.4508203728106],[-120.76689269955168,39.45091748407322],[-120.76589556958629,39.45073019794548],[-120.76541047933289,39.450896674528366],[-120.76503318691357,39.45144465713547],[-120.76504217006641,39.45289436247551],[-120.7648265743982,39.45315100573045],[-120.76456606296581,39.45324811374234],[-120.76355994984759,39.453421520569606],[-120.76264366825778,39.453421520569606],[-120.76189806657197,39.453782205386766],[-120.76103568389922,39.45394867467216],[-120.76034398113043,39.453615735703345],[-120.75980499195998,39.45292210773787],[-120.75888871037017,39.452464309495056],[-120.75709207980195,39.452374136759026],[-120.75625664658772,39.452478182213305],[-120.75574460687575,39.45266546363917],[-120.75540324706779,39.45309551537712],[-120.7552954492337,39.45351862820421],[-120.75555596066609,39.454170633100134],[-120.75542121337347,39.45494748202531],[-120.75512476932971,39.4552734785457],[-120.75413662251718,39.45574513038377],[-120.75383119532059,39.45605725116662],[-120.75354373442966,39.45738895078356],[-120.75288796427226,39.458318351046756],[-120.75249270554723,39.45834609414746],[-120.75144167666484,39.45765944915531],[-120.74989657437614,39.45750686045945],[-120.74974386077784,39.45757621899902],[-120.74955521456818,39.45811027743904],[-120.74979775969489,39.458880146680805],[-120.74958216402669,39.45944193778069],[-120.74874673081246,39.459650007407745],[-120.74836943839314,39.459525165706125],[-120.7480101122795,39.45915757495112],[-120.74763281986014,39.45906741088455],[-120.74639314476806,39.45917144633563],[-120.7452433012044,39.45968468561844],[-120.74439888483731,39.460315826034694],[-120.74297954668842,39.4608845410683],[-120.74250343958784,39.461279864634385],[-120.74192851780599,39.46211211743411],[-120.74216207977986,39.463464507008275],[-120.74208123140428,39.46449091847682],[-120.74363531684583,39.46628710212078],[-120.74361735054015,39.46681415879371],[-120.74265615318613,39.46734814635178],[-120.74157817484519,39.46742442995416],[-120.74043731443436,39.467764237712395],[-120.73934136978774,39.46881832469051],[-120.7387933974644,39.46898475801685],[-120.737571688678,39.47017058394424],[-120.7364577777257,39.47012897635908],[-120.73377181502619,39.46972676841972],[-120.73220874643184,39.469844657194535],[-120.7313733132176,39.47032314487698],[-120.73069957675449,39.47116222402764],[-120.7303492337937,39.471259306912614],[-120.7298461772346,39.4710165994462],[-120.7294778679681,39.471009664934705],[-120.72815734450045,39.471502013532366],[-120.72671105689302,39.47223706270161],[-120.72552528071797,39.47290969523105],[-120.72394424581792,39.47503156554329],[-120.72172540706615,39.476688798322805],[-120.72010843955474,39.47839452806932],[-120.71864418564162,39.47932364781366],[-120.71696433606031,39.48002394628408],[-120.71630856590292,39.48048156325761],[-120.7160031387063,39.48088370902158],[-120.71516770549209,39.481181850069824],[-120.71458380055739,39.4816186590652],[-120.71369446842611,39.4830677359272],[-120.71452990164035,39.48374719697681],[-120.71501499189377,39.4844335845622],[-120.71518567179777,39.485043701173105],[-120.71498804243524,39.48588260277314],[-120.71514075603356,39.48607672732135],[-120.7162007680688,39.486631365901694],[-120.71635348166713,39.48738705384756],[-120.71675772354497,39.48788621936288],[-120.71713501596429,39.48880827957229],[-120.71703620128304,39.48918957909279],[-120.71585940826084,39.489390627088966],[-120.71498804243524,39.48927277143757],[-120.71387413148294,39.48933516563085],[-120.71309259718576,39.48914798288307],[-120.712625473238,39.489154915586425],[-120.71217631559595,39.49027107181109],[-120.71112528671354,39.4906523633099],[-120.70985866216293,39.4906523633099],[-120.70942747082657,39.49076328408056],[-120.70901424579586,39.49128322283421],[-120.70859203761232,39.492253764771306],[-120.7076937223282,39.49281528641938],[-120.70660676083442,39.49306485014055],[-120.70636421570771,39.49344612631807],[-120.70632828309634,39.494139350374574],[-120.70655286191737,39.49603181685414],[-120.70481013026617,39.49707854358431],[-120.7032470616718,39.49858968417291],[-120.70267213988998,39.49943535401865],[-120.70247451052745,39.50054441363098],[-120.7020882349553,39.50148016891385],[-120.70089347562741,39.502540676337375],[-120.70010295817738,39.502707028974726],[-120.69921362604613,39.50249908811581],[-120.69827937815063,39.50256147043883],[-120.69737207971367,39.502998145132004],[-120.6969858041415,39.50336550425678],[-120.69594375841193,39.503545717457094],[-120.69556646599258,39.503885348756654],[-120.69527002194883,39.50387148628712],[-120.69488374637666,39.503649686398546],[-120.69431780774765,39.50418339118277],[-120.6939315321755,39.50487650816122],[-120.69342847561637,39.50532009939949],[-120.69300626743285,39.50540327244143],[-120.69217981737145,39.50517454633656],[-120.69189235648054,39.50519533964992],[-120.69114675479472,39.50561813567237],[-120.69012267537083,39.505597342485494],[-120.68932317476796,39.50588151550075],[-120.68864045515203,39.505950825816015],[-120.68658331315139,39.50681719892366],[-120.68616110496785,39.5072677086708],[-120.68604432398092,39.50762118350446],[-120.68589161038263,39.50981130121067],[-120.68542448643487,39.510213277342245],[-120.68425667656551,39.51079544554767],[-120.68354700749107,39.51090633417661],[-120.68308886669615,39.51080237609217],[-120.68299005201492,39.51103801419359],[-120.683097849849,39.51225084471993],[-120.68293615309786,39.51251419940783],[-120.68211868618931,39.51276369240184],[-120.68040290399665,39.51279834413569],[-120.67931594250287,39.51311713927628],[-120.6788398354023,39.51395570211763],[-120.6786511891926,39.51507839023942],[-120.67813016632783,39.51579218868418],[-120.67782473913124,39.51654755963302],[-120.67785168858975,39.51688712738332],[-120.67816609893919,39.51721283366575],[-120.67809423371646,39.517593977376166],[-120.67700727222268,39.518446345742014],[-120.67641438413514,39.51848792441914],[-120.67463571987261,39.51914625015672],[-120.67346791000325,39.52028964318691],[-120.67266840940037,39.52065691089349],[-120.67185094249182,39.52061533351474],[-120.67137483539125,39.52085093833181],[-120.67065618316394,39.52062919264376],[-120.67033278966167,39.520975669970206],[-120.66849124332921,39.52116276700781],[-120.66775462479626,39.5217240550965],[-120.66613765728482,39.52235463260027],[-120.6643410267166,39.522576372779426],[-120.66310135162452,39.523414821432034],[-120.6592206295971,39.52367813379627],[-120.6588702866363,39.52405924202887],[-120.65860079205108,39.524821452219754],[-120.65824146593741,39.525001609769745],[-120.65754976316866,39.52596475182008],[-120.65716348759646,39.52614490640399],[-120.65605855979702,39.52611719034459],[-120.6551602445129,39.526796230615616],[-120.65457633957821,39.526927880511906],[-120.65419006400604,39.52684473323803],[-120.65382175473957,39.5265606459677],[-120.65357022645999,39.52520255417799],[-120.65337259709749,39.5249046019163],[-120.65294140576113,39.52449578161635],[-120.65240241659063,39.52435719791761],[-120.65218682092245,39.52410774656299],[-120.65149511815368,39.5238167188501],[-120.65094714583037,39.52337324570433],[-120.64948289191726,39.52349104353487],[-120.64840491357631,39.523712780085646],[-120.64568301826542,39.52376821411273],[-120.64407503390686,39.5239483743951],[-120.64376960671026,39.52392065745899],[-120.64327553330398,39.523525689917605],[-120.64247603270114,39.52319308392992],[-120.64114652608062,39.52301292168817],[-120.64024821079651,39.523283164875544],[-120.63918819876126,39.52422554314767],[-120.63877497373055,39.52444034817004],[-120.63823598456008,39.52457893170283],[-120.63720292198335,39.52462050670873],[-120.63665494966001,39.52448192325891],[-120.6358195164458,39.523899869749656],[-120.63435526253268,39.523525689917605],[-120.63376237444517,39.52353261919207],[-120.63237896890763,39.52376128486174],[-120.63172319875021,39.52431562275408],[-120.63049250681097,39.52487688536183],[-120.63014216385017,39.524883814501486],[-120.62893842136945,39.523740497104704],[-120.62818383653078,39.523387104283],[-120.62761789790177,39.52282582963472],[-120.62702500981428,39.52035200953813],[-120.62625245866992,39.52009561418058],[-120.62584821679208,39.51977685106485],[-120.62466244061704,39.519555101947596],[-120.62442887864317,39.519555101947596],[-120.6240695525295,39.51982535858986],[-120.62331496769086,39.52105882427138],[-120.6228658100488,39.52134293404914],[-120.62228190511412,39.52149538271907],[-120.62006306636235,39.52128056858772],[-120.61777236238784,39.52169633727269],[-120.61702676070202,39.52169633727269],[-120.61381079198486,39.52063612220722],[-120.61179856574846,39.52150231219609],[-120.61112482928536,39.521606254268804],[-120.60865446225404,39.5216686194378],[-120.60626494359828,39.52110733090105],[-120.60436949834877,39.52153695957096],[-120.60037199533443,39.52157853639797],[-120.60004860183216,39.52202202100409],[-120.5994018148276,39.522105174052484],[-120.59889875826849,39.52206359754076],[-120.59843163432075,39.52184878516688],[-120.59766806632923,39.52083014970363],[-120.59714704346446,39.52060840394922],[-120.5961948292633,39.52099645855482],[-120.59553007595304,39.52184878516688],[-120.59436226608368,39.52171712564161],[-120.59361666439786,39.52213982112659],[-120.59325733828422,39.52202202100409],[-120.59169426968985,39.52254865529574],[-120.59117324682505,39.52254865529574],[-120.5902030663182,39.522908981720704],[-120.58998747065002,39.52334552853868],[-120.58964611084205,39.523484114256256],[-120.58790337919085,39.52355340701135],[-120.58744523839596,39.523387104283],[-120.58709489543516,39.52295748705821],[-120.58561267521635,39.52288819370853],[-120.58502877028168,39.52231998563333],[-120.58448079795836,39.522008162153035],[-120.58395977509358,39.52150924167246],[-120.58377112888392,39.521481523762894],[-120.5835914658271,39.521564677458414],[-120.58316027449071,39.52222990343839],[-120.58190263309294,39.52295748705821],[-120.58109414933723,39.5228604763493],[-120.5805192275554,39.52320694254457],[-120.57918073778207,39.52298520437871],[-120.57768953441041,39.52325544767397],[-120.577204444157,39.52315150806947],[-120.57620731419162,39.522368491382224],[-120.57507543693363,39.52228533864911],[-120.57447356569328,39.521834926281244],[-120.57468017820862,39.52177949071101],[-120.57586595438367,39.52206359754076],[-120.5761354489689,39.521821067392835],[-120.57579408916094,39.52153003009737],[-120.57609951635753,39.521426087910555],[-120.57536289782455,39.52132907506254],[-120.57394355967564,39.52048367165123],[-120.57229964270572,39.520248065588326],[-120.57159895678409,39.51965211727352],[-120.57090725401531,39.519416508389824],[-120.57032334908065,39.51827310098612],[-120.5694879158664,39.51760783710804],[-120.56890401093175,39.51658220947948],[-120.56807756087035,39.51588227922874],[-120.56682890262542,39.51555656670754],[-120.56551736231062,39.51553577649476],[-120.56273258492983,39.51611790010061],[-120.56146596037922,39.516013949814486],[-120.56068442608203,39.51620106021752],[-120.56031611681554,39.51584762903313],[-120.55946271729563,39.51543182533754],[-120.55907644172346,39.5145516993058],[-120.5582769411206,39.51424677115065],[-120.55657912523363,39.514108167001304],[-120.55615691705006,39.5136646318651],[-120.55605810236882,39.51337356039301],[-120.55614793389722,39.50974892539562],[-120.55578860778358,39.50825188903517],[-120.55591437192336,39.50762118350446],[-120.55665997360919,39.50717760695507],[-120.55665099045635,39.50681719892366],[-120.55560894472677,39.50570130835761],[-120.55496215772219,39.505666653084184],[-120.55405485928524,39.50483492133745],[-120.55338112282215,39.504613124523765],[-120.55224026241132,39.50469629841186],[-120.55069516012264,39.503635823881986],[-120.55046159814874,39.50325460359353],[-120.5501202383408,39.50163266117348],[-120.55084787372094,39.50040578214723],[-120.55086584002662,39.50021169760544],[-120.55058736228855,39.4999067065162],[-120.5511892335289,39.49951160243351],[-120.55121618298742,39.49920660827223],[-120.55042566553739,39.49843718523692],[-120.55019210356352,39.49800048188751],[-120.5501202383408,39.49712013504933],[-120.54958124917033,39.49610806900253],[-120.5490961589169,39.49447209546637],[-120.54858411920496,39.49398684167522],[-120.54728156204298,39.49341839721203],[-120.54676053917818,39.49282221875708],[-120.54541306625201,39.492836083430355],[-120.54455068357925,39.49253105997915],[-120.54435305421674,39.491595184220074],[-120.5438589808105,39.491227762885735],[-120.5431223622775,39.49104058523303],[-120.54183777142121,39.49102672020167],[-120.5412718327922,39.490895002265894],[-120.54076877623311,39.48980658661477],[-120.54037351750812,39.489543145870684],[-120.53985249464331,39.48878054861652],[-120.53989741040752,39.48826059114784],[-120.53960096636376,39.48771983125593],[-120.53959198321091,39.48675615897263],[-120.53777738633698,39.485570615756735],[-120.53686110474717,39.484731710393085],[-120.53572024433635,39.48425332181186],[-120.53519922147157,39.48371946400268],[-120.5350285415676,39.48361546525124],[-120.5344446366329,39.48376799670014],[-120.5342470072704,39.483691731017494],[-120.53460633338403,39.482138666197045],[-120.53431887249313,39.479940742874504],[-120.5345075187028,39.47899083022735],[-120.53478599644089,39.478449998253176],[-120.53426497357609,39.476127146447915],[-120.53443565348006,39.475586292208384],[-120.53379784962836,39.47385275669289],[-120.53371700125278,39.47290969523105],[-120.5340942936721,39.47199435864599],[-120.53493871003919,39.471169158523914],[-120.53520820462441,39.470496509167226],[-120.53495667634486,39.46849239160656],[-120.5350285415676,39.46766021510549],[-120.5347680301352,39.466897377903436],[-120.53471413121815,39.466113727342695],[-120.53421107465904,39.46511508021133],[-120.53453446816131,39.46437995580462],[-120.53410327682495,39.46418577070257],[-120.53286360173286,39.46323564292766],[-120.53234257886805,39.46301371340345],[-120.53198325275442,39.46257678758457],[-120.53127358367998,39.46233404983327],[-120.53095917333052,39.461890184327245],[-120.53054594829983,39.46196647391255],[-120.5300608580464,39.4616127669485],[-120.52944102050037,39.461474057844455],[-120.52918949222082,39.46129373559592],[-120.52899186285832,39.46082905687935],[-120.52865948620317,39.46066260404709],[-120.52768032254347,39.46045453744698],[-120.52690777139915,39.46043373075274],[-120.52457215166045,39.45874836786504],[-120.52391638150303,39.458762239331094],[-120.52356603854223,39.459053539479335],[-120.52316179666435,39.45914370356387],[-120.52252399281265,39.45917144633563],[-120.52201195310069,39.459018860954195],[-120.5217514416683,39.458484809485086],[-120.52202991940636,39.45770800003385],[-120.52202991940636,39.457298784426044],[-120.5217514416683,39.456931181913724],[-120.52126635141488,39.45688263049339],[-120.51981108065459,39.45724329737876],[-120.51866123709092,39.45731265618097],[-120.5182839446716,39.45723636149474],[-120.51805038269774,39.45686875865277],[-120.51815818053183,39.45572432228182],[-120.51767309027841,39.455002970902555],[-120.51677477499429,39.45489892922146],[-120.5150589928016,39.455100076331306],[-120.51444813840841,39.455322031088336],[-120.51297490134245,39.454850376383746],[-120.51126810230262,39.45494748202531],[-120.51057639953385,39.4552804146253],[-120.51015419135032,39.455169437268886],[-120.50965113479123,39.454732462208305],[-120.50908519616222,39.454475824783145],[-120.50870790374289,39.45366428940213],[-120.50767484116615,39.45340764803932],[-120.50762992540194,39.452818062947],[-120.50778263900024,39.45227702752809],[-120.5075311107207,39.451701305734304],[-120.50762992540194,39.45059840370174],[-120.50756704333206,39.450404180151004],[-120.50672262696499,39.449786823123944],[-120.50545600241438,39.44612418797529],[-120.50108120698071,39.44606175502448],[-120.49218788566793,39.44620049483915],[-120.45064080377742,39.446117250983505],[-120.44745178451879,39.44625599068763],[-120.44120849329414,39.4459993220177],[-120.43664505165081,39.446117250983505],[-120.3904806291999,39.44619355785496],[-120.25104413079889,39.44615887292378],[-120.23573683835748,39.44568021910887],[-120.17841534007783,39.44550679300168],[-120.14596819201542,39.44516687657872],[-120.12602559270796,39.44570103021271],[-120.12017756020835,39.44513912822605],[-120.08541275871293,39.44509056858228],[-120.07815437121724,39.44511137986232],[-120.07560315581034,39.44523624741202],[-120.07416585135576,39.44512525404556],[-120.00378284884499,39.44506282019918],[-120.00613643488938,39.37410877288838],[-120.00648677785018,39.272879935696274],[-120.00569626040014,39.244041819410576],[-120.00571422670583,39.22977835859328],[-120.00558846256605,39.227433307267106],[-120.00573219301151,39.22698098864969],[-120.00574117616438,39.22583278214418],[-120.00454641683648,39.187451006654285],[-120.00375589938646,39.12491219749554],[-120.00247130853018,39.0674931257546],[-120.11112254214441,39.06746522752242],[-120.12565728344148,39.06729783789763],[-120.12607050847218,39.06745825296263],[-120.13560163363668,39.067423380153436],[-120.13662571306058,39.06733271076886],[-120.13895234964646,39.067430354716656],[-120.14367748804092,39.0672908633213],[-120.14361460597102,39.06020433774356],[-120.15303793330143,39.060336867879045],[-120.15299301753723,39.04581287522307],[-120.1649765434274,39.04579194512466],[-120.16503942549728,39.03848696202551],[-120.18357166980866,39.038375323186415],[-120.18411065897915,39.03102072613598],[-120.20528395022583,39.030727642843395],[-120.23339223546593,39.03095094450986],[-120.24017451586104,39.030895119159396],[-120.24042604414059,39.02367234256732],[-120.25103514764605,39.024733125074555],[-120.25934456402415,39.024747082633006],[-120.25938049663552,39.02346297571796],[-120.3097310683104,39.023435060091195],[-120.32813754848203,39.02243706919331],[-120.37388874590224,39.02462146450756],[-120.37604470258412,39.02449584615889],[-120.38928586987203,39.025270489086296],[-120.39391219358527,39.02543797833288],[-120.41226477483983,39.02647081991771],[-120.43525266296044,39.02840386800557],[-120.43531554503032,39.0281666014113],[-120.4357467363667,39.027859549342324],[-120.43630369184285,39.027587388438846],[-120.43715709136278,39.02739199022084],[-120.43751641747642,39.02715472022997],[-120.43839676645486,39.024928530642356],[-120.43917830075202,39.024209714642566],[-120.44000475081342,39.0238747299323],[-120.44156781940781,39.023504849137446],[-120.44227748848225,39.0230372612121],[-120.44293325863966,39.02103427495234],[-120.44399327067492,39.01940811545186],[-120.44487361965334,39.018347253044645],[-120.44522396261416,39.01760045219881],[-120.44528684468405,39.016525603491466],[-120.44499040064031,39.01526926611188],[-120.44556532242213,39.01334981868256],[-120.44539464251814,39.0100691879229],[-120.44572701917326,39.008917441035564],[-120.44614024420397,39.0083171291623],[-120.44889807212621,39.006690677207345],[-120.44948197706087,39.00609034643581],[-120.44968858957624,39.00525266707752],[-120.44961672435352,39.00225788225249],[-120.45017367982966,39.00026826980028],[-120.45069470269446,38.99938165254604],[-120.45182657995245,38.99888597979054],[-120.45250031641552,38.9983274711168],[-120.45374897466044,38.995520898297656],[-120.45383880618886,38.99487160067148],[-120.45276082784791,38.9933914590827],[-120.45233861966439,38.99148538209747],[-120.45113487718366,38.98957925377799],[-120.45117080979503,38.98850397925928],[-120.45151216960299,38.98794538864684],[-120.45195234409222,38.987610232163505],[-120.45284167622349,38.98726809161657],[-120.45513238019798,38.9868351767178],[-120.45733325264408,38.98624864263147],[-120.45883343916857,38.98531995372235],[-120.4596509060771,38.985005732911944],[-120.46010904687202,38.98449599396418],[-120.46049532244419,38.98377676701426],[-120.46137567142263,38.98119307595516],[-120.46158228393797,38.9792517541511],[-120.46210330680277,38.977743352263786],[-120.46348671234031,38.97614413183795],[-120.46458265698693,38.97389538525288],[-120.46580436577334,38.972945582637834],[-120.46631640548527,38.97214243078118],[-120.46661284952906,38.97193989539678],[-120.46812201920636,38.971723391414315],[-120.46923593015867,38.97052213148876],[-120.46966712149505,38.96964911003839],[-120.47041272318087,38.96885988938671],[-120.47066425146042,38.96834304985876],[-120.47079899875304,38.96751190811505],[-120.47066425146042,38.96641534484359],[-120.4707900156002,38.96565402660166],[-120.47099662811554,38.96551433429275],[-120.47361970874519,38.96489270017786],[-120.47479650176739,38.96438281643866],[-120.47645838504299,38.96317444717016],[-120.47852451019646,38.96078558716235],[-120.47928807818798,38.9600242084209],[-120.4797102863715,38.95979369764721],[-120.48015046086074,38.959758771706966],[-120.48217167024998,38.96034552521785],[-120.48280947410173,38.96029662927752],[-120.48329456435513,38.96021280758705],[-120.48567509985806,38.95929774768262],[-120.4860523922774,38.958976426134164],[-120.48621408902854,38.958005467383956],[-120.48608832488877,38.9562032209128],[-120.48743579781494,38.95474322795732],[-120.48746274727345,38.9525077737622],[-120.48769630924733,38.95220039329619],[-120.4900678615974,38.95125029979117],[-120.49120872200824,38.95065648488311],[-120.49243941394748,38.9496574674009],[-120.49275382429694,38.94915446026215],[-120.49304128518784,38.94770130847702],[-120.49297840311796,38.94708650452325],[-120.49207110468099,38.945919759631714],[-120.4917656774844,38.94520014093274],[-120.49181957640144,38.94469011548985],[-120.49274484114409,38.94335564799901],[-120.49419112875152,38.9423705014318],[-120.49481994945039,38.942139933237165],[-120.49611352345954,38.94185346867813],[-120.49883541877041,38.94189539039322],[-120.50105425752218,38.94177661213612],[-120.50264427557507,38.94109887356808],[-120.50301258484157,38.940567857380216],[-120.50329106257965,38.939519787444226],[-120.50399174850128,38.938429778277346],[-120.50442293983764,38.93599117145538],[-120.50485413117401,38.93522253874348],[-120.5056356654712,38.934943033873694],[-120.50733348135817,38.93487315748413],[-120.51005537666907,38.93445389770084],[-120.51077402889635,38.93415342666485],[-120.51101657402307,38.933804040138526],[-120.51144776535945,38.93243442835739],[-120.51208556921118,38.93127443034653],[-120.51235506379642,38.93119756233822],[-120.51485238028626,38.93162382933431],[-120.5168646065227,38.93159587747864],[-120.51747546091589,38.931477081969085],[-120.51787071964091,38.93102985003097],[-120.51878700123072,38.93069442422675],[-120.52335044287405,38.930317068300965],[-120.52378163421041,38.930428877673435],[-120.5245182527434,38.931225514350864],[-120.52487757885704,38.93141419014818],[-120.52576691098832,38.93156792561193],[-120.5273569290412,38.931588889512994],[-120.52797676658726,38.93128840633909],[-120.52931525636059,38.930037544098646],[-120.5314083309726,38.929618255729785],[-120.53229766310385,38.92908016535846],[-120.53305224794252,38.9275357534406],[-120.5345075187028,38.926019261962246],[-120.53508244048464,38.92590744563909],[-120.53704975095687,38.92606119303798],[-120.53848705541145,38.926592317852176],[-120.54066097839902,38.926760040651565],[-120.54136166432062,38.9269696935932],[-120.54226896275759,38.92743791625899],[-120.54285286769228,38.927542741805546],[-120.5441913574656,38.927312125398636],[-120.54494594230428,38.92704656618321],[-120.54538611679348,38.92667617930146],[-120.54564662822588,38.925606938397344],[-120.54597900488102,38.92330766644261],[-120.54583527443553,38.92194484090224],[-120.54610476902079,38.920700802940004],[-120.54655392666284,38.92046317523019],[-120.54818886047993,38.92048414241308],[-120.5490961589169,38.92016963401935],[-120.54949141764192,38.92017662310993],[-120.55128804821015,38.92070779197826],[-120.55215941403574,38.92059596728378],[-120.55407282559094,38.919498678120256],[-120.55482741042958,38.91855513565311],[-120.5553753827529,38.9175137297722],[-120.55576165832507,38.91599003456944],[-120.55633658010692,38.91517225805696],[-120.55704624918135,38.915060424639044],[-120.55842067156605,38.915731422503114],[-120.55912135748767,38.91577335965898],[-120.56151985929627,38.91442436872327],[-120.56321767518327,38.91382325569538],[-120.56426870406568,38.913648512580984],[-120.56526583403107,38.91378131738718],[-120.56682890262542,38.91467599592089],[-120.5674577233243,38.914878694959086],[-120.56777213367376,38.914780840323274],[-120.5688051962505,38.914018967472735],[-120.57008080395394,38.91392111165152],[-120.57116776544773,38.91399100868042],[-120.5723625247756,38.91440339974985],[-120.57403339120405,38.91584325486367],[-120.57607256689901,38.91636746670458],[-120.57804886052408,38.916297572016205],[-120.57887531058545,38.91659811868787],[-120.57952209759003,38.917248133880186],[-120.57993532262071,38.918037929273595],[-120.5803844802628,38.91919115454621],[-120.58055516016677,38.920232535809625],[-120.58115703140714,38.92049113147266],[-120.58437300012426,38.92130185771257],[-120.58633132744366,38.92287436064766],[-120.58680743454423,38.92358721716398],[-120.58704997967095,38.9242860891484],[-120.58695116498971,38.92488711354886],[-120.5861875969982,38.92638965227385],[-120.58521741649135,38.92736803247524],[-120.58514555126861,38.927696485660285],[-120.58555877629931,38.92882858923907],[-120.5864930241948,38.9298209120842],[-120.58731947425619,38.931442142075454],[-120.587499137313,38.93159587747864],[-120.58820880638747,38.931609853407856],[-120.59111036475517,38.931463106013716],[-120.59231410723588,38.93163081729653],[-120.5934729339524,38.9321339487656],[-120.59378734430186,38.93294454195864],[-120.59387717583027,38.93513169978165],[-120.5939939568172,38.93562083127962],[-120.59439819869505,38.936109959403964],[-120.59625771133318,38.936249709677014],[-120.59847655008495,38.93684364526496],[-120.5994018148276,38.936745820922056],[-120.6016026872737,38.93599117145538],[-120.6026357498504,38.93487315748413],[-120.60364186296863,38.93434908236776],[-120.60437848150161,38.934230291469646],[-120.6057079881221,38.93441197158621],[-120.60695664636704,38.93525048916989],[-120.60816038884775,38.93666197137789],[-120.6094359965512,38.93938004361562],[-120.60997498572168,38.94095214580853],[-120.61135839125922,38.94264997702611],[-120.61216687501494,38.943006306811114],[-120.61282264517233,38.94309713568554],[-120.61408926972295,38.942831635571636],[-120.61616437802925,38.94266395077689],[-120.61890423964583,38.94321591173041],[-120.6194432288163,38.94321591173041],[-120.62108714578625,38.942866569853955],[-120.62202139368173,38.9429783594417],[-120.6246983732284,38.94482286219123],[-120.62569550319378,38.94514424791254],[-120.62707890873132,38.94524206066896],[-120.62747416745633,38.94538877955057],[-120.62813892076657,38.9459826385885],[-120.62947741053992,38.946408816714296],[-120.6305643720337,38.94642977622816],[-120.6317860808201,38.94597565204049],[-120.6338791554321,38.94464120874774],[-120.63539730826226,38.943411542429345],[-120.63569375230604,38.94335564799901],[-120.63634952246342,38.943327700767334],[-120.63692444424528,38.94346045001975],[-120.63810123726748,38.94408925889069],[-120.63918819876126,38.944445581441926],[-120.6401404129624,38.94453640847247],[-120.64175738047383,38.944291873894386],[-120.6424670495483,38.944410647937666],[-120.64349112897217,38.94514424791254],[-120.64429961272788,38.946415803219615],[-120.64474877036996,38.946737181719435],[-120.64535962476315,38.94688389750669],[-120.64675201345352,38.94681403288398],[-120.64774016026605,38.9469747214133],[-120.65105494366446,38.948875010309344],[-120.6517825790446,38.94875624374579],[-120.65328276556907,38.94822528491068],[-120.65417209770037,38.94823227123697],[-120.65441464282708,38.9483580249923],[-120.65497159830323,38.94908459787722],[-120.65487278362197,38.95192794131412],[-120.65498058145607,38.952577632773114],[-120.65525905919415,38.95310855900571],[-120.65569923368336,38.953506751070066],[-120.65648076798055,38.9536324954677],[-120.6587804551079,38.95353469428883],[-120.66037945631362,38.954079584852444],[-120.66205930589493,38.95515538212578],[-120.66382898700463,38.95669919253625],[-120.66479916751149,38.95725104420629],[-120.66676647798371,38.95736979653542],[-120.66931769339061,38.958228998634844],[-120.67189585825602,38.95836870530859],[-120.67275824092879,38.95859922071806],[-120.67313553334813,38.95893451452042],[-120.67334214586347,38.95951428964337],[-120.67326129748791,38.96045030211923],[-120.67337807847484,38.96130248182877],[-120.67361164044871,38.96185429764872],[-120.67405181493791,38.96237118451849],[-120.67470758509533,38.96268550577112],[-120.6767467607903,38.962902037378406],[-120.67776185706136,38.96355861304506],[-120.67800440218805,38.96390785294184],[-120.67797745272954,38.96456441928708],[-120.6782559304676,38.96509525571333],[-120.67974713383923,38.96645725203217],[-120.68076223011029,38.96681346213413],[-120.68266665851263,38.966953151881235],[-120.68346615911551,38.9672884061504],[-120.68368175478369,38.96753286138808],[-120.68354700749107,38.96811955051655],[-120.68277445634672,38.96907640212219],[-120.68265767535979,38.97013101920951],[-120.68267564166547,38.97168847135518],[-120.68341226019847,38.973797612042404],[-120.6833763275871,38.97465661491771],[-120.68303496777911,38.9752641960261],[-120.68246004599729,38.97580193587702],[-120.68109460676543,38.97671678260414],[-120.68089697740291,38.97714975937737],[-120.68090596055575,38.9778900038574],[-120.68126528666942,38.978413757069596],[-120.68336734443426,38.980459849155025],[-120.68380751892346,38.98173775380552],[-120.68478668258315,38.982917874773094],[-120.68516397500248,38.983623144776956],[-120.68535262121215,38.986192781988805],[-120.6852538065309,38.986751386431564],[-120.68439142385813,38.98871344960249],[-120.68460701952634,38.9892231581815],[-120.68565804840875,38.9896560584757],[-120.68747264528267,38.98998422306347],[-120.68892791604293,38.98967700519699],[-120.68985318078558,38.98893688395195],[-120.69163184504815,38.986493032424704],[-120.69215286791292,38.985885547666385],[-120.69292541905727,38.98527107502122],[-120.69457831918004,38.98467056251022],[-120.7001927897058,38.98201707415466],[-120.7039207981349,38.98118609287858],[-120.70488199548892,38.98134670346544],[-120.70870881859926,38.98343460793922],[-120.70996645999702,38.98476133798405],[-120.7113588486874,38.98576684313921],[-120.712625473238,38.986088043165054],[-120.71498804243524,38.986192781988805],[-120.71629958275008,38.986674578582075],[-120.71742247685523,38.98801521271446],[-120.71780875242739,38.98923014046533],[-120.71860825303027,38.99029842177493],[-120.72027013630587,38.9913946152463],[-120.72169845760762,38.992553629368295],[-120.7222374467781,38.99325182148577],[-120.72274948649005,38.99565354976799],[-120.72277643594856,38.99851596828702],[-120.72318067782643,38.999332783555445],[-120.72496832524182,39.00075695172639],[-120.72612715195832,39.00146204398567],[-120.72714224822938,39.00181109695921],[-120.72905565978456,39.003549355125195],[-120.72957668264935,39.00376576178681],[-120.72958566580219,39.00403103356572],[-120.73018753704255,39.00396122529928],[-120.73158890888578,39.00271862663108],[-120.7326848535324,39.00225788225249],[-120.73558641190013,39.000687140229296],[-120.73605353584786,39.00060336634189],[-120.736610491324,39.00065921561118],[-120.73793101479167,39.00181109695921],[-120.73834423982235,39.00202052791675],[-120.7394671339275,39.00198562280022],[-120.74103020252187,39.00143411967337],[-120.74165004006792,39.00143411967337],[-120.74251242274069,39.00204845199758],[-120.7432400581208,39.003144463464274],[-120.74394972719527,39.00477099695484],[-120.74412040709925,39.004861746649006],[-120.74444380060152,39.00484778516516],[-120.74722857798231,39.00297692140952],[-120.74795621336243,39.00305371156718],[-120.74861198351985,39.0039123594718],[-120.74867486558973,39.00428932355256],[-120.74850418568575,39.00522474426141],[-120.74802807858518,39.00603450145387],[-120.7467524708817,39.0071304511673],[-120.7464200942266,39.00773775356953],[-120.74611466703,39.0084846585697],[-120.74595297027886,39.0098388400458],[-120.74609670072431,39.0102646340182],[-120.74641111107375,39.01035537666456],[-120.74766875247151,39.010404238041325],[-120.74814485957211,39.01030651525406],[-120.74994149014034,39.00951076753182],[-120.75042658039378,39.008770853722716],[-120.75145065981768,39.00620901687606],[-120.75210642997507,39.0055388753072],[-120.75284304850805,39.00530153197921],[-120.75373238063933,39.005427184428534],[-120.75781971518207,39.00768889035075],[-120.76046076211738,39.00549699124836],[-120.7606583914799,39.00549001056949],[-120.76276044924474,39.00658596871866],[-120.76353300038906,39.00636259009145],[-120.76376656236293,39.00623693930366],[-120.76406300640672,39.00521776355567],[-120.76411690532376,39.004833823678595],[-120.7638474107385,39.00413574583621],[-120.76311079220554,39.003828589403284],[-120.76084703768956,39.003793685178806],[-120.76032601482476,39.00365406810864],[-120.76014635176793,39.003318986016055],[-120.76031703167192,39.00249523579193],[-120.76062245886854,39.00216014821068],[-120.76266163456346,39.00176921069331],[-120.76408995586523,39.00203448995854],[-120.7649164059266,39.00249523579193],[-120.7665243902852,39.00384255108826],[-120.76686575009315,39.00428932355256],[-120.7671172783727,39.00500834206285],[-120.76690168270451,39.00609034643581],[-120.76620099678291,39.00698386015111],[-120.76448521459024,39.007968108289184],[-120.76363181507031,39.008198462258676],[-120.76364079822316,39.009350220853406],[-120.76400910748967,39.009699234906684],[-120.76445826513171,39.00975507699542],[-120.76797067789262,39.009399082924546],[-120.76863543120288,39.00888951966605],[-120.7702344324086,39.00702574332958],[-120.77086325310749,39.00663483269933],[-120.77159088848761,39.00656502700232],[-120.7738097272394,39.00700480174346],[-120.7740073566019,39.00692103533688],[-120.77411515443602,39.00663483269933],[-120.77384565985075,39.00602752082802],[-120.77404328921325,39.00562962401629],[-120.77433973325704,39.00549699124836],[-120.7755973746548,39.00558075934127],[-120.77829232050715,39.00492457329213],[-120.78025963097937,39.0041985731241],[-120.78113099680498,39.003465584626845],[-120.78127472725043,39.00256504550494],[-120.78206524470046,39.001957698694575],[-120.7827749137749,39.001496949360515],[-120.7841044203954,39.00105015926192],[-120.7861525792432,38.99990524675593],[-120.78680834940062,38.99962599699284],[-120.78759886685063,38.99950033423988],[-120.79025788009163,38.99966090327351],[-120.79153348779508,38.99943750277972],[-120.79223417371668,38.99906749416031],[-120.79461470921962,38.99735007033],[-120.79677964905432,38.996316803389696],[-120.79754321704583,38.99612131875781],[-120.7982978018845,38.99611433715383],[-120.79938476337828,38.99687532793369],[-120.79976205579761,38.99750366277629],[-120.8007861352215,39.00012166456429],[-120.80141495592041,39.00079185744909],[-120.80192699563234,39.001106008178546],[-120.80345413161534,39.00121072477838],[-120.80769417975638,39.00113393262033],[-120.81231152031675,39.0001356269808],[-120.81334458289349,38.99948637169801],[-120.81433272970604,38.99823671304093],[-120.81452137591569,38.9963028402196],[-120.81550053957538,38.994780838163116],[-120.81621020864985,38.99437589632299],[-120.8176385299516,38.993970952165775],[-120.8198843181619,38.9940966247384],[-120.82268706184833,38.993489205236635],[-120.8239447032461,38.99307029219786],[-120.82473522069613,38.9927491238555],[-120.82662168279279,38.99144348971909],[-120.8283733975968,38.989795703167104],[-120.82919086450536,38.98855285572815],[-120.829720870523,38.98734489882208],[-120.82972985367586,38.984516942212416],[-120.82924476342241,38.98183551605308],[-120.8293974770207,38.980390017635166],[-120.83031375861052,38.97935650308896],[-120.83263141204354,38.97802268837089],[-120.83299073815718,38.97762463408458],[-120.83302667076855,38.976814551784344],[-120.83264039519638,38.97462868002877],[-120.83270327726628,38.97381856345603],[-120.83343091264642,38.97268019433622],[-120.83417651433221,38.97187005547473],[-120.83507482961635,38.97151387080116],[-120.83567670085671,38.971506886770065],[-120.83627857209706,38.97173037542409],[-120.83785062384429,38.971604663142955],[-120.83884775380966,38.97179323148098],[-120.84000658052618,38.972652258667665],[-120.84041980555686,38.97393728801606],[-120.84064438437788,38.97545275462051],[-120.84079709797618,38.9755714764409],[-120.84244999809897,38.97571813253247],[-120.84338424599447,38.97562734546399],[-120.84476765153201,38.975690198062274],[-120.84607919184681,38.97611619753578],[-120.84757039521844,38.9769332713217],[-120.84795667079064,38.9769891392704],[-120.84940295839806,38.976814551784344],[-120.84990601495716,38.97654219444663],[-120.85052585250321,38.975906689918226],[-120.85184637597087,38.973790628236486],[-120.85325673096692,38.97281987251365],[-120.85363402338626,38.97237988532191],[-120.85481979956131,38.970040224978675],[-120.8555204854829,38.96765858089609],[-120.85554743494143,38.966827431121224],[-120.85490064793687,38.96550734967009],[-120.85416402940389,38.96449457209276],[-120.85367893915047,38.96355162822956],[-120.85317588259136,38.96172158284403],[-120.85211587055609,38.959549215704115],[-120.85299621953453,38.958773853104766],[-120.85368792230332,38.95846649981632],[-120.85510726045221,38.958096277039665],[-120.85773034108183,38.956643308583196],[-120.85840407754493,38.95479212772977],[-120.85844899330914,38.95326923326582],[-120.85891611725688,38.95226326668179],[-120.85930239282906,38.95199081494139],[-120.85987731461088,38.95165548828471],[-120.86062291629672,38.951564670375504],[-120.86133258537116,38.95222833702999],[-120.86184462508312,38.95294089851982],[-120.86281480558996,38.95359756649075],[-120.8630843001752,38.953953841248065],[-120.86389278393091,38.95426819984069],[-120.86427905950308,38.95427518557135],[-120.86600382484858,38.95384905474065],[-120.86698298850827,38.95384206896798],[-120.86806096684921,38.95399575580764],[-120.86860893917253,38.95419834249618],[-120.87060319910329,38.95556054829393],[-120.871241002955,38.955819015156514],[-120.87540020272048,38.95639881577037],[-120.8774753110268,38.95294089851982],[-120.88475166482816,38.95294089851982],[-120.88457200177135,38.9250548403798],[-120.87481629778578,38.924915068048236],[-120.87800531704443,38.9123554001627],[-120.87741242895692,38.89824146876996],[-120.87821192955977,38.89758428820226],[-120.87897549755127,38.8963607975404],[-120.87885871656434,38.89567563356244],[-120.87807718226715,38.89408155301388],[-120.87749327733248,38.89366205218593],[-120.87875091873025,38.8934313256744],[-120.87928092474786,38.8930747468641],[-120.8783736263109,38.89125686627888],[-120.87996364436381,38.89094922034594],[-120.88013432426779,38.887362250114236],[-120.88546133390263,38.887362250114236],[-120.88546133390263,38.89122889852186],[-120.8907793603846,38.89122889852186],[-120.89072546146755,38.87696390754136],[-120.8900607081573,38.87680306043314],[-120.89060868048061,38.876467378338965],[-120.8907793603846,38.87658626592863],[-120.89079732669028,38.87629254328692],[-120.8948577117745,38.8761806486279],[-120.8948577117745,38.869550575629],[-120.90406544343674,38.86948063485381],[-120.90396662875548,38.867081624604566],[-120.90376001624013,38.86638918384995],[-120.90387679722707,38.8651581614111],[-120.90351747111343,38.86419990759976],[-120.90367916786457,38.86215046011485],[-120.90484697773392,38.86058360717602],[-120.90444273585605,38.859940068288104],[-120.90360730264183,38.85933149898186],[-120.90374204993445,38.858429128010144],[-120.90349950480774,38.857792564855465],[-120.90334679120943,38.85553306941006],[-120.90344560589068,38.853007666019586],[-120.90299644824863,38.851734436958964],[-120.90224186340996,38.850671063354746],[-120.90123575029176,38.85043320129398],[-120.90093930624799,38.849698622261656],[-120.90110100299913,38.84936281217753],[-120.90106507038776,38.84901300832086],[-120.90171185739234,38.84846031472135],[-120.90228677917416,38.847634764385745],[-120.90241254331396,38.8468371897087],[-120.90265508844067,38.846333453726636],[-120.90374204993445,38.845179045315064],[-120.90400256136684,38.844668301071266],[-120.90397561190832,38.84830639928365],[-120.90463138206573,38.848313395447136],[-120.90464036521858,38.84884510185865],[-120.96895075640867,38.848341380094205],[-120.9692651667581,38.80701705861021],[-120.9696514423303,38.80649904025244],[-120.97058569022579,38.80597401780341],[-120.97149298866273,38.80583401116356],[-120.9730740235628,38.806023020062355],[-120.97444844594749,38.80597401780341],[-120.97584083463788,38.80622602906179],[-120.97847289842036,38.80586901284932],[-120.97916460118911,38.80550499447697],[-120.98006291647324,38.80456693856132],[-120.98018868061301,38.8034398550453],[-120.98065580456077,38.80276079612167],[-120.98079055185339,38.80212373495937],[-120.98105106328578,38.80171069226116],[-120.98178768181876,38.79889633760305],[-120.98168886713749,38.79841326555272],[-120.98198531118126,38.79822423646775],[-120.98202124379263,38.79783917566968],[-120.9810330969801,38.795843827302456],[-120.98087140022895,38.79463959002918],[-120.98195836172275,38.793687388013346],[-120.98295549168812,38.79356136032274],[-120.98335973356596,38.79256013241911],[-120.98340464933017,38.79181795440735],[-120.98313515474494,38.791054763298874],[-120.98260514872729,38.79046661044782],[-120.9825422666574,38.789689401023004],[-120.9821919236966,38.78861809846698],[-120.9818595470415,38.78816996713199],[-120.98143733885794,38.78798791297253],[-120.98128462525965,38.787721832980125],[-120.98128462525965,38.78464783685216],[-120.98141937255225,38.783730513926514],[-120.9815361535392,38.78357645853731],[-120.98202124379263,38.78340839773314],[-120.98228175522502,38.782953231065974],[-120.98459940865804,38.78085242418166],[-120.98565043754047,38.78032721278997],[-120.9867912979513,38.779052683729994],[-120.98775249530532,38.778436419751166],[-120.98896522093887,38.777911190565824],[-120.99027676125368,38.777701097808595],[-120.99201050975205,38.77716886005369],[-120.99316933646855,38.776363492740714],[-120.99324120169129,38.77591528438414],[-120.99471443875723,38.77452862194446],[-120.99555885512432,38.77394033276491],[-120.99942161084601,38.77207038136486],[-120.99999653262786,38.76991322297932],[-121.00106552781594,38.768526443856814],[-121.0011823088029,38.76809919839226],[-121.0010565446631,38.76858247585909],[-121.00190096103017,38.76765093810519],[-121.0050001487604,38.76563373195972],[-121.00594337980873,38.764835238771276],[-121.00686864455137,38.76421885195304],[-121.00806340387925,38.76380558962722],[-121.0085574772855,38.762895003174094],[-121.00882697187073,38.76269887534016],[-121.01017444479695,38.762635834136184],[-121.01120750737365,38.76297205324709],[-121.01163869871004,38.76320320296684],[-121.01190819329527,38.763525410417756],[-121.01206090689357,38.763973696624824],[-121.01189921014243,38.76437995356723],[-121.01286040749645,38.76538157718137],[-121.01409109943569,38.76935991534948],[-121.01406414997716,38.77139802730698],[-121.01439652663228,38.77293882931021],[-121.01444144239649,38.77402437437333],[-121.01526789245789,38.77515192304322],[-121.01612129197781,38.77552309976159],[-121.01926539547223,38.77596430731033],[-121.02222085275697,38.77563515273092],[-121.02258916202345,38.775530103077315],[-121.02479901762239,38.77424148140347],[-121.02550868669685,38.773324024610744],[-121.02604767586733,38.77298085071681],[-121.02648785035655,38.772791754192205],[-121.02717955312532,38.77269370394504],[-121.02835634614752,38.77269370394504],[-121.02923669512593,38.772889804304576],[-121.02956907178108,38.77286179000049],[-121.03051230282938,38.7724275668805],[-121.03140163496066,38.77235753064584],[-121.034042681896,38.77267969675586],[-121.03420437864713,38.77286179000049],[-121.03415047973009,38.77320496446723],[-121.03395285036756,38.77352012323742],[-121.03335996228006,38.773667196853616],[-121.03298266986073,38.77399636051486],[-121.03296470355505,38.774346532955],[-121.03309945084766,38.77437454667595],[-121.03363844001812,38.773961343176296],[-121.03441099116247,38.77368820734548],[-121.03505777816703,38.773260992794825],[-121.03589321138126,38.773324024610744],[-121.03679152666538,38.772994857846854],[-121.03924392739103,38.77323297863651],[-121.04077106337402,38.773218971553256],[-121.04400499839686,38.77259565356311],[-121.04559501644977,38.77216142882302],[-121.047957585647,38.77218243975838],[-121.0506884641107,38.771734205128084],[-121.05198203811985,38.771075855408455],[-121.05392239913354,38.76950699754328],[-121.05442545569267,38.768722555672305],[-121.05630293463646,38.76688748832062],[-121.05701260371093,38.76581584318983],[-121.05784803692517,38.764954312883866],[-121.05877330166778,38.764281891758436],[-121.05954585281214,38.76318919391424],[-121.06046213440194,38.76120688524118],[-121.0605609490832,38.76028225600249],[-121.06024653873376,38.75930858044491],[-121.06023755558091,38.75820880142866],[-121.06068671322296,38.75727012313031],[-121.06160299481277,38.75631742208454],[-121.06277080468213,38.75559588268264],[-121.06478303091856,38.754811287870474],[-121.06625626798451,38.75455208947477],[-121.06760374091068,38.75497241072309],[-121.06839425836071,38.75577101427581],[-121.06903206221243,38.75778849923937],[-121.0696339334528,38.75836291161119],[-121.07045140036135,38.758797220335225],[-121.07112513682443,38.758874274832806],[-121.07245464344493,38.756653670964575],[-121.07273312118302,38.75510551193574],[-121.07238277822219,38.754138771166964],[-121.07241871083356,38.75321405035349],[-121.07300261576825,38.75280072429778],[-121.07376618375976,38.75251349630723],[-121.0754999322581,38.75100728182617],[-121.07730554597919,38.74990737489536],[-121.07806013081783,38.74923481198966],[-121.07835657486162,38.74871637375873],[-121.07852725476559,38.74801577557334],[-121.07914709231162,38.74749032242253],[-121.08071914405885,38.746992889876395],[-121.0820845832907,38.746768693793015],[-121.08564191181581,38.74656551548434],[-121.08652226079425,38.74566872155881],[-121.08768108751076,38.74515726372927],[-121.08875008269887,38.7450872007276],[-121.08942381916194,38.74470885933051],[-121.09018738715345,38.74381204208507],[-121.09149892746827,38.741857221712316],[-121.09175943890065,38.74061003236568],[-121.09182232097054,38.73786333632636],[-121.09236131014103,38.73688234785413],[-121.09317877704957,38.73644790579732],[-121.0970235664656,38.73619564790652],[-121.09934121989863,38.73581025218634],[-121.10265600329703,38.734261641145004],[-121.10431788657264,38.73410047155111],[-121.10931251955236,38.734261641145004],[-121.11185475180642,38.734836242824684],[-121.11246560619962,38.73454894256265],[-121.11304052798145,38.73270598901052],[-121.1129417133002,38.72774449372747],[-121.11275306709054,38.726882503907305],[-121.11319324157975,38.72618169151098],[-121.11339087094225,38.72544583109676],[-121.11304951113429,38.724401597120526],[-121.11290578068883,38.72297889137254],[-121.11319324157975,38.72163325198886],[-121.11388494434853,38.720399726960665],[-121.11495393953663,38.7192012248641],[-121.1166517554236,38.71779243354429],[-121.11867296481287,38.717077513894694],[-121.11905924038504,38.71786953229499],[-121.11927483605325,38.714981776853165],[-121.11998450512769,38.714407015489485],[-121.12100858455159,38.71430187571563],[-121.12149367480502,38.71408458635953],[-121.12278724881416,38.712199047761835],[-121.12318250753916,38.71136490887152],[-121.12404489021192,38.71047468268065],[-121.12444913208977,38.7102363525279],[-121.1247994750506,38.71031345942896],[-121.12633559418643,38.70989287532187],[-121.1271979768592,38.70902366032642],[-121.12834782042286,38.70887645351465],[-121.12931800092969,38.70840679166041],[-121.12991088901721,38.70786702721158],[-121.13076428853714,38.70638090144072],[-121.13165362066842,38.70610049688794],[-121.13269566639798,38.705539684483384],[-121.13327957133266,38.705434531667855],[-121.13395330779576,38.706317810512225],[-121.13442941489635,38.706668314966095],[-121.13459111164748,38.70721509848317],[-121.13498637037247,38.707600648449365],[-121.13573197205831,38.707902076974825],[-121.13775318144758,38.708196494307735],[-121.13824725485384,38.70873625626925],[-121.13873234510727,38.71058683777173],[-121.1402235484789,38.71172239815919],[-121.14096915016474,38.71197474246238],[-121.13451924642474,38.71203782839898],[-121.13320770610994,38.71651678759699],[-121.13290227891335,38.72689652008514],[-121.13361194798779,38.73020426115293],[-121.1333065207912,38.73145863985361],[-121.12836578672854,38.733581923433995],[-121.12139486012377,38.74875840943121],[-121.1212960454425,38.75221926155757],[-121.1192209371362,38.75432791713026],[-121.11770278430603,38.756450520788974],[-121.11749617179069,38.75779550429615],[-121.11879872895265,38.76420484309985],[-121.11927483605325,38.76580183465018],[-121.11859211643731,38.768939678839175],[-121.11722667720545,38.770494541562435],[-121.11168407190243,38.77380026319746],[-121.10990540763987,38.77600632693452],[-121.10770453519378,38.780124130014826],[-121.10301532941067,38.78555114331485],[-121.10175768801291,38.78798091088018],[-121.1012097156896,38.789976479365016],[-121.1013175135237,38.7914258572438],[-121.101865485847,38.79286820404123],[-121.10233260979476,38.79591384047153],[-121.10188345215268,38.79664897459463],[-121.10111090100835,38.79718106694371],[-121.09957478187249,38.79967344663912],[-121.09810154480654,38.80333484635639],[-121.09776916815143,38.80733206793206],[-121.09875731496396,38.810426085464286],[-121.09939511881568,38.811658055038016],[-121.10153310919188,38.81377195318171],[-121.10177565431859,38.81522784654502],[-121.10085937272878,38.81539583232578],[-121.09724814528663,38.81453490101136],[-121.09344827163481,38.81384894828757],[-121.08928907186933,38.814471905628544],[-121.08496817535271,38.81601177679871],[-121.08449206825213,38.81644573447879],[-121.08306374695039,38.81996629339535],[-121.08271340398957,38.8223808902384],[-121.08306374695039,38.8230597621405],[-121.08790566633179,38.8263980380411],[-121.08873211639319,38.82710486464053],[-121.0890644930483,38.82794464949811],[-121.08896567836705,38.82924629645011],[-121.08784278426191,38.83246532110588],[-121.08735769400849,38.83327705216637],[-121.08533648461922,38.83481651668153],[-121.08498614165839,38.83496346382618],[-121.08302781433903,38.83475353924095],[-121.0822822126532,38.83489348903322],[-121.0806652451418,38.83682476806425],[-121.0758323089132,38.83960263911046],[-121.07395482996942,38.841827656595285],[-121.07358652070292,38.84261129398507],[-121.07268820541881,38.842947135938736],[-121.0693913883261,38.843436902613],[-121.06801696594137,38.84390567612931],[-121.06627423429019,38.84409458398664],[-121.06492676136402,38.844528370501585],[-121.06236656280429,38.84506010520222],[-121.06092027519684,38.84561982164649],[-121.05842295870698,38.847131034051074],[-121.0580097336763,38.84785164718141],[-121.05758752549275,38.85008340270084],[-121.05759650864559,38.85127271089933],[-121.058988897336,38.85349736343571],[-121.06047111755478,38.85767364583225],[-121.0611987529349,38.85908667078038],[-121.06175570841107,38.85961829666012],[-121.06181859048095,38.85991908322632],[-121.06118078662922,38.86096133381075],[-121.05906974571157,38.86262610506828],[-121.05857567230528,38.86353541744672],[-121.05647361454044,38.864577615023684],[-121.05456020298529,38.86502526566852],[-121.0541110453432,38.865724714158404],[-121.05327561212897,38.86835457890047],[-121.05353612356139,38.869858314222334],[-121.05403019696764,38.870620660908536],[-121.05521597314268,38.871809625659075],[-121.05595259167566,38.873858794698315],[-121.05630293463646,38.87580999631157],[-121.0569407384882,38.87731357391197],[-121.0598872126201,38.8791667769527],[-121.06199825353778,38.881502443262924],[-121.06196232092641,38.88214578696399],[-121.06171079264686,38.882656262060266],[-121.06132451707471,38.88304086416231],[-121.0596895832576,38.883872996130684],[-121.05397629805059,38.885872870078224],[-121.0524042463034,38.88660707540677],[-121.05100287446015,38.88690075541357],[-121.0497272667567,38.887362250114236],[-121.04778690574302,38.888306207209666],[-121.04615197192591,38.88886558327321],[-121.04430144244064,38.89033392448263],[-121.04418466145368,38.890830356787724],[-121.04721198396118,38.89375993593409],[-121.04820911392655,38.89529109986255],[-121.04922421019761,38.895794489012125],[-121.04943082271295,38.89610211395811],[-121.04999676134196,38.8958783868568],[-121.05303306700226,38.896787273821445],[-121.05338340996309,38.897304635052244],[-121.05357205617274,38.89805270476138],[-121.05341934257444,38.89950687379672],[-121.05292526916817,38.90015005444835],[-121.0522066169409,38.900611463066085],[-121.0498350645908,38.90175798058918],[-121.04954760369988,38.902338223255605],[-121.04941285640726,38.90336587031789],[-121.04802945086972,38.905127516391055],[-121.04556806699124,38.905686759971594],[-121.04396906578549,38.90698698426818],[-121.04302583473716,38.90849689227569],[-121.04271142438773,38.90939862757372],[-121.04249582871955,38.91083858422024],[-121.04173226072804,38.911593501275604],[-121.04156158082405,38.91218065343434],[-121.04162446289395,38.912977495023604],[-121.04148073244849,38.91420069935417],[-121.0409776758894,38.91505343504459],[-121.04042072041322,38.91565453765301],[-121.03994461331266,38.91586422341165],[-121.03866002245637,38.91560561088687],[-121.03751916204554,38.91569647485432],[-121.0362525374949,38.91643736132414],[-121.03559676733751,38.91726910201307],[-121.0356147336432,38.91785620721829],[-121.03780662293644,38.91982716773859],[-121.03813899959157,38.92031640477657],[-121.03844442678816,38.92165829476573],[-121.03923494423819,38.92395063145503],[-121.03921697793251,38.92644556007742],[-121.03873188767909,38.92727718345342],[-121.03839951102395,38.928528094371536],[-121.04000749538254,38.92831145774717],[-121.0393247757666,38.93016333012601],[-121.0382557805785,38.93186840760167],[-121.0423341319684,38.934579675896074],[-121.04469670116565,38.936466322055935],[-121.04448110549745,38.936186822088224],[-121.04550518492135,38.93585142067286],[-121.04688859045889,38.93664100897636],[-121.04714910189128,38.936668958843676],[-121.04731079864243,38.93649427199213],[-121.04705927036288,38.936109959403964],[-121.04714910189128,38.93592129609855],[-121.04788572042428,38.935998158987275],[-121.04828996230212,38.93591430855906],[-121.04857742319302,38.93559986857032],[-121.0489816650709,38.93555794313315],[-121.04909844605783,38.93522952635112],[-121.04941285640726,38.93506182357795],[-121.04996082873059,38.93522952635112],[-121.05054473366526,38.93578853273088],[-121.05074236302775,38.93546011701671],[-121.05158677939484,38.93562083127962],[-121.05076032933344,38.93488014512617],[-121.0505537168181,38.934286193093534],[-121.05106575653006,38.93406957405549],[-121.05182932452155,38.933482603014134],[-121.05253001044316,38.93352452967819],[-121.05278153872271,38.93314718880938],[-121.05313188168351,38.93340573739898],[-121.0537786686881,38.933140200996576],[-121.0539134159807,38.93294454195864],[-121.05495546171029,38.93303538372195],[-121.05457816929096,38.934663527902295],[-121.05418291056594,38.9354461418462],[-121.05230543162214,38.938052463508015],[-121.05025727277435,38.941678794598474],[-121.04938590694874,38.94256613446348],[-121.0472838491839,38.944208033273426],[-121.04516382511338,38.94617127512416],[-121.04230718250989,38.94909158411883],[-121.03852527516372,38.95342990716169],[-121.04264854231785,38.953394978084894],[-121.04090581066667,38.95506456870131],[-121.04084292859677,38.95717420435788],[-121.0406363160814,38.95741869449545],[-121.03471641835907,38.964033578883225],[-121.0341774291886,38.964836822686884],[-121.03382708622779,38.96506731705319],[-121.03226401763342,38.967009027702936],[-121.03048535337086,38.96804970682748],[-121.02733226672362,38.97128339741082],[-121.02646090089802,38.97351825926873],[-121.02504156274911,38.97594160789753],[-121.02627225468835,38.97624190180879],[-121.02537393940423,38.97622095111211],[-121.0245205398843,38.976046361732124],[-121.02435884313317,38.976577112112565],[-121.0206128683984,38.97982437978615],[-121.01454924023058,38.986569840471184],[-121.01332753144418,38.98831545542039],[-121.01045292253501,38.99111533189719],[-121.01055173721626,38.991492364158134],[-121.01039004046513,38.992232458681315],[-121.009886983906,38.99256061132359],[-121.0092491800543,38.99270723222513],[-121.00894375285768,38.99311916551348],[-121.00889883709347,38.99326578525786],[-121.00942884311111,38.99397793398122],[-121.00941087680543,38.99450854993962],[-121.00847662890995,38.99489952757369],[-121.00869222457813,38.99561165985685],[-121.00853052782699,38.9960445210761],[-121.00823408378324,38.99619811635616],[-121.00734475165196,38.99610037394378],[-121.00726390327638,38.996470398078735],[-121.0073357684991,38.996924198621535],[-121.00797357235085,38.99732214439483],[-121.00811730279631,38.99767121779201],[-121.0080274712679,38.998313508343465],[-121.0076861114599,38.998599744645965],[-121.0076861114599,38.998837110457586],[-121.0090515506918,38.99950731550978],[-121.0090156180804,38.999786565741275],[-121.00774899352979,39.000673177921634],[-121.00888985394063,39.00120374367655],[-121.00894375285768,39.001776191739346],[-121.00874612349517,39.00198562280022],[-121.00828798270028,39.00213920518415],[-121.00838679738153,39.00255108356785],[-121.00799153865653,39.00284428366812],[-121.00756933047298,39.002816359901395],[-121.00726390327638,39.00311653981603],[-121.00805442072641,39.0037168958243],[-121.00794662289232,39.00391934030637],[-121.00732678534627,39.00426838115632],[-121.00762322939002,39.00451270872664],[-121.00805442072641,39.004596477985054],[-121.00829696585312,39.00482684293426],[-121.00859340989687,39.0054830298899],[-121.0084676457571,39.006055443327256],[-121.00797357235085,39.00630674532443],[-121.0073537348048,39.00583206302475],[-121.00726390327638,39.00537831961365],[-121.00664406573033,39.005406242369126],[-121.00648236897919,39.004833823678595],[-121.00598829557293,39.004938534760804],[-121.00547625586097,39.004561574139444],[-121.00534150856836,39.005196821434275],[-121.00422759761605,39.004938534760804],[-121.00303283828818,39.00502928424002],[-121.00250283227055,39.00449176639655],[-121.00215248930972,39.00502928424002],[-121.00219740507393,39.005469068528676],[-121.00204469147563,39.00567848865757],[-121.00233215236658,39.00630674532443],[-121.0029519899126,39.00581112108521],[-121.00337419809615,39.005699430636376],[-121.00425454707457,39.00579017913949],[-121.00473065417518,39.00625090051332],[-121.00466777210528,39.006530124128],[-121.00384132204388,39.00685821046685],[-121.00420963131036,39.007346846874086],[-121.00474862048085,39.007451554236475],[-121.00496421614903,39.007982069157194],[-121.00453302481267,39.00853352123876],[-121.0036257263757,39.0089872444111],[-121.00383233889104,39.00944794496192],[-121.00463183949392,39.00927343753055],[-121.00489235092631,39.009336260255466],[-121.0044970922013,39.00988072153382],[-121.00457794057688,39.01083700876186],[-121.00380538943253,39.01199570442886],[-121.00307775405237,39.01226792535587],[-121.00245791650634,39.01380351095849],[-121.00223333768533,39.014068745094725],[-121.0019279104887,39.01406176526178],[-121.00174824743188,39.01392914830492],[-121.00162248329211,39.01304270225918],[-121.00084094899492,39.01355921547926],[-121.00049060603412,39.01338471819173],[-120.99979890326534,39.01378955123955],[-120.99899940266249,39.01386632965959],[-120.99819091890677,39.013440557370586],[-120.99715785633003,39.01251920528153],[-120.99778667702893,39.01327303970175],[-120.99864007654882,39.01380351095849],[-120.9993946613875,39.01399894673426],[-121.00023907775457,39.01383841024377],[-121.00127214033131,39.013936128150945],[-121.00269147848022,39.015108732505134],[-121.00299690567681,39.015220408096255],[-121.00404793455922,39.01517155004684],[-121.00425454707457,39.01449451360167],[-121.0059793124201,39.015234367532734],[-121.0066799983417,39.01575086474555],[-121.00682372878717,39.01598817301096],[-121.00679677932865,39.017418985381575],[-121.00715610544229,39.019135922010136],[-121.00712017283092,39.02156468798753],[-121.00751543155593,39.02122271161795],[-121.00791069028095,39.020336357001334],[-121.00913239906735,39.019687287124064],[-121.00961748932077,39.01877299579121],[-121.01000376489293,39.01858455259666],[-121.0109559790941,39.01845892352125],[-121.01100987801115,39.018961438483565],[-121.01125242313786,39.0191708186638],[-121.01191717644812,39.01928248783974],[-121.01290532326065,39.019219673949976],[-121.01385753746182,39.01943603266867],[-121.01663333168975,39.0192755085214],[-121.01850182748072,39.01889164495235],[-121.02208610546435,39.01868226394542],[-121.0246912197883,39.01908008732848],[-121.02669446287189,39.01961051502409],[-121.02973975168506,39.01983385181072],[-121.02986551582482,39.01798432277761],[-121.03058416805213,39.018033178883606],[-121.03186875890842,39.0177191033275],[-121.0334138611971,39.01760045219881],[-121.03703407179209,39.01755857528232],[-121.03713288647334,39.0185287174796],[-121.03777967347793,39.02023864793841]]]}}]}