{"type":"FeatureCollection","crs":{"type":"name","properties":{"name":"EPSG:4326"}},"features":[{"type":"Feature","id":1,"geometry":{"type":"Polygon","coordinates":[[[-121.302467497903,38.8101441129329],[-121.301266842445,38.810068783011],[-121.300702694493,38.8100333838177],[-121.300683614262,38.8100321842911],[-121.300721497286,38.8063229729062],[-121.300729753986,38.8055940020724],[-121.300730830782,38.8054987792308],[-121.300732977886,38.8053089925328],[-121.300758446853,38.8030615907602],[-121.300764147118,38.8025568381461],[-121.30076593226,38.8024002751476],[-121.30076701679,38.8023042560026],[-121.300772312255,38.8018263837153],[-121.300784554676,38.8007205007674],[-121.300785974732,38.8005939212634],[-121.300799207498,38.799397977165],[-121.300832713757,38.7964950281291],[-121.300832787179,38.7964893444635],[-121.300833186555,38.7964540751951],[-121.300833337992,38.796440456216],[-121.300842169372,38.7956670725553],[-121.300572592291,38.7956680166343],[-121.300511395809,38.7956682246734],[-121.300589411098,38.7921614345673],[-121.300631169428,38.7902841173694],[-121.300664214621,38.7874479448339],[-121.299612009816,38.7874500464006],[-121.299460155876,38.7874348513749],[-121.299267240974,38.7874155502949],[-121.298699257168,38.7873587261249],[-121.298530690104,38.7873290460788],[-121.298363361369,38.7872953461099],[-121.298197427429,38.7872576577308],[-121.298033043446,38.7872160161836],[-121.297961068469,38.7871964005714],[-121.297783712762,38.7871443803494],[-121.297608684411,38.7870877370835],[-121.297436180079,38.7870265344205],[-121.297266393591,38.7869608411301],[-121.297099515719,38.7868907310276],[-121.296935733964,38.786816282891],[-121.296775232344,38.7867375803724],[-121.296618191194,38.786654711904],[-121.296464786955,38.7865677705986],[-121.296315191982,38.7864768541449],[-121.296169574348,38.7863820646981],[-121.296028097652,38.7862835087643],[-121.295890920843,38.7861812970816],[-121.295758198032,38.7860755444948],[-121.295630078327,38.7859663698272],[-121.29550670566,38.7858538957463],[-121.295457649645,38.7858069855933],[-121.295385802284,38.7857358156393],[-121.295315834978,38.7856635073646],[-121.295247777157,38.785590091187],[-121.295181657442,38.7855155979904],[-121.295117503643,38.7854400591118],[-121.295055342741,38.7853635063277],[-121.294995200878,38.7852859718412],[-121.294937103347,38.7852074882682],[-121.29488107458,38.7851280886238],[-121.29482713814,38.7850478063082],[-121.294775316708,38.7849666750931],[-121.294725632076,38.7848847291067],[-121.294678105137,38.7848020028204],[-121.294632755877,38.7847185310331],[-121.294589603362,38.7846343488578],[-121.294548665739,38.7845494917056],[-121.294475942501,38.7843651672824],[-121.29445616317,38.784336118507],[-121.294072157442,38.7833751182369],[-121.293668330471,38.7823639235656],[-121.293236101726,38.7817320036667],[-121.293136776224,38.7816118629808],[-121.293033825434,38.7814936069552],[-121.292927307711,38.7813773026017],[-121.292817283434,38.7812630158259],[-121.292703814966,38.7811508113897],[-121.292586966621,38.781040752875],[-121.292466804626,38.780932902647],[-121.292343397088,38.7808273218196],[-121.292342163798,38.7808261060838],[-121.292341065908,38.7808253854446],[-121.292236821314,38.7807400738552],[-121.29213045671,38.7806563810139],[-121.292022013118,38.7805743391943],[-121.291911532364,38.7804939800335],[-121.290728869274,38.7797507909401],[-121.289134164831,38.7787771121411],[-121.289113411624,38.7787651500106],[-121.289104691492,38.7787601539002],[-121.289098796634,38.7787567814716],[-121.288891737094,38.7786425723539],[-121.288846703309,38.7786188460703],[-121.288831644688,38.7786109965107],[-121.288816568258,38.7786031742995],[-121.288801456341,38.7785953930583],[-121.288786326751,38.7785876254366],[-121.288771161674,38.7785798987848],[-121.288755978924,38.7785721857524],[-121.288624024544,38.7785069876023],[-121.288490309068,38.7784440264658],[-121.288354894379,38.7783833314797],[-121.28821784315,38.7783249307321],[-121.288079218806,38.7782688512491],[-121.287939085503,38.7782151189827],[-121.287797508093,38.7781637587985],[-121.287654552098,38.7781147944644],[-121.287642821724,38.7781109056131],[-121.287637891844,38.7781092689808],[-121.287614133215,38.778101461986],[-121.287608608663,38.7780996569463],[-121.287484191401,38.778060010726],[-121.287476167099,38.7780521080522],[-121.287427990613,38.7780427781772],[-121.287426467619,38.7780424805042],[-121.287292514699,38.7780032606875],[-121.287157600093,38.7779661156927],[-121.287021776242,38.7779310599575],[-121.286885095941,38.7778981071075],[-121.286747612316,38.777867269951],[-121.286609378806,38.7778385604741],[-121.286470449142,38.7778119898357],[-121.286330877323,38.7777875683633],[-121.2861907176,38.7777653055493],[-121.286050024452,38.7777452100468],[-121.285908852562,38.7777272896666],[-121.285767256804,38.7777115513741],[-121.285625292212,38.7776980012864],[-121.285483013967,38.7776866446703],[-121.285340477369,38.7776774859399],[-121.28519773782,38.777670528655],[-121.283582170166,38.7775701184993],[-121.282263467408,38.7774871734837],[-121.282181573307,38.7774820264917],[-121.282151161076,38.7774801084951],[-121.282149498084,38.7774797824274],[-121.281975462213,38.7774654476879],[-121.28180198041,38.7774474627242],[-121.28162917761,38.7774258404881],[-121.281457178253,38.7774005965509],[-121.281286106205,38.7773717490917],[-121.281116084659,38.7773393188851],[-121.280947236056,38.7773033292852],[-121.280779681987,38.7772638062099],[-121.280779454539,38.7772637498817],[-121.280632452218,38.7772259983128],[-121.280486626106,38.7771855481866],[-121.28034205704,38.7771424219268],[-121.280198825161,38.7770966434404],[-121.280203674053,38.7770975933992],[-121.28036450314,38.7771488826168],[-121.280147560375,38.7770784945299],[-121.279933637896,38.7770026538123],[-121.279722959296,38.7769214397375],[-121.279515744779,38.7768349371951],[-121.279312210924,38.7767432366022],[-121.279112570459,38.7766464338089],[-121.278917032043,38.776544629998],[-121.278725800042,38.7764379315791],[-121.278713576435,38.7764308671772],[-121.278706189267,38.7764259746688],[-121.278373631653,38.7762190492039],[-121.278045897056,38.7760074619648],[-121.277723092086,38.7757912818065],[-121.277405321744,38.7755705790783],[-121.277052419407,38.7753322368276],[-121.276705019281,38.7750889927448],[-121.276363232428,38.7748409246335],[-121.276027168111,38.7745881118393],[-121.274950682313,38.7738211067092],[-121.272774096538,38.7722894442817],[-121.271843922109,38.771634853356],[-121.271783673387,38.7715975834738],[-121.270810410971,38.770905066718],[-121.270252494599,38.7705297167631],[-121.269991585535,38.7703737686807],[-121.269725861716,38.7702228858121],[-121.269455483566,38.7700771592322],[-121.269180614315,38.7699366769029],[-121.268901419903,38.7698015236203],[-121.268618068876,38.7696717809632],[-121.268330732285,38.7695475272442],[-121.268039583586,38.7694288374624],[-121.267762513242,38.7693326508242],[-121.26748393189,38.769239177984],[-121.267203882894,38.7691484334897],[-121.266922409844,38.7690604314644],[-121.266639556553,38.7689751856043],[-121.266355367047,38.7688927091765],[-121.26606988556,38.7688130150174],[-121.265783156526,38.7687361155299],[-121.265763975359,38.7666182683414],[-121.26575315021,38.7654241188288],[-121.265777163445,38.7613230676861],[-121.26578214957,38.7604711096589],[-121.265840788577,38.7590877354092],[-121.265846931306,38.7584159059591],[-121.265848651771,38.7582270632845],[-121.265850768897,38.7580048734034],[-121.265850777821,38.7580040084817],[-121.26585302007,38.7577662909711],[-121.266131211162,38.7576049127116],[-121.266151008922,38.7575861319425],[-121.266336448329,38.7574102446659],[-121.26650865736,38.7572024672954],[-121.266673544679,38.756991080164],[-121.266830987009,38.7567762413989],[-121.266980866645,38.7565581117081],[-121.26702645735,38.7564519988767],[-121.267069663666,38.7563452761514],[-121.267110472306,38.7562379763772],[-121.267148870724,38.7561301325769],[-121.267184847111,38.7560217779401],[-121.267218390407,38.7559129458136],[-121.267249490301,38.7558036696914],[-121.267278137232,38.7556939832033],[-121.267304322396,38.7555839201059],[-121.267328037745,38.7554735142711],[-121.267349275992,38.7553627996763],[-121.267368030614,38.7552518103937],[-121.26738429585,38.7551405805801],[-121.267398066706,38.7550291444657],[-121.267409338956,38.7549175363444],[-121.267418109143,38.7548057905629],[-121.267464064953,38.7538895744],[-121.267477589821,38.7537318011765],[-121.26749851403,38.7535745240417],[-121.267526809231,38.7534179556984],[-121.267562437111,38.7532623078898],[-121.267605349438,38.7531077911125],[-121.267655488131,38.7529546143322],[-121.267712785337,38.752802984701],[-121.267777163526,38.7526531072776],[-121.267818530627,38.7525653838595],[-121.267862324121,38.7524783856188],[-121.267908523286,38.7523921537025],[-121.267957106263,38.7523067288952],[-121.268008050065,38.7522221515994],[-121.268061330589,38.7521384618167],[-121.268116922629,38.7520556991288],[-121.268174799883,38.7519739026787],[-121.268594278929,38.7514052221102],[-121.268646217501,38.7513348271618],[-121.268743302364,38.7512032071028],[-121.268992040613,38.7508659909991],[-121.269018694166,38.7508298572576],[-121.269075912828,38.7507523009547],[-121.269144013289,38.7506599849552],[-121.269287799444,38.7504674098467],[-121.269298839374,38.7504526236998],[-121.269311159368,38.7504361156549],[-121.269433946487,38.7502685199801],[-121.26945171098,38.7502442751198],[-121.269459412687,38.7502335731579],[-121.269488219493,38.7501925925104],[-121.269534661746,38.7501228490616],[-121.269587510366,38.7500370972565],[-121.269636602446,38.7499499870054],[-121.269701918801,38.7498195100222],[-121.269758810115,38.7496866356134],[-121.269784768246,38.7496173810078],[-121.269828572473,38.7494817177298],[-121.269844326429,38.7494244124944],[-121.269857420212,38.7493785961049],[-121.269863348831,38.7493578464656],[-121.26986338474,38.7493577643126],[-121.269877497463,38.7493083296605],[-121.269888790768,38.7492688176546],[-121.26989957486,38.74923108732],[-121.269902467772,38.7492174168943],[-121.269904380372,38.7492087242242],[-121.269904894923,38.7492064208524],[-121.269905188953,38.7492051046399],[-121.269933876358,38.7490936939464],[-121.269969895824,38.7489835967065],[-121.269994132877,38.7489204028234],[-121.270020786451,38.7488578084818],[-121.270069672083,38.74875658731],[-121.270124874628,38.7486573778985],[-121.270186259639,38.7485604218287],[-121.270253677616,38.7484659551941],[-121.270306115438,38.748399307686],[-121.270361557403,38.7483341682738],[-121.2704484796,38.7482388531902],[-121.270536234971,38.748142623382],[-121.27099066496,38.7476443407757],[-121.271123474709,38.7474987190847],[-121.271227543215,38.7473946828482],[-121.271367054427,38.7472654079883],[-121.271513325242,38.7471407995668],[-121.271666101373,38.7470210741822],[-121.271825117228,38.7469064399441],[-121.271957016832,38.7468182889487],[-121.272092607124,38.7467336418194],[-121.272231736395,38.7466525932583],[-121.272374248979,38.7465752339409],[-121.272496938046,38.7465129270638],[-121.27262182232,38.7464533550012],[-121.272774400697,38.7463885729365],[-121.273028509816,38.7462806561267],[-121.273088942297,38.7462549892436],[-121.27334787498,38.7461450424828],[-121.273426013255,38.7461086568192],[-121.273502010874,38.7460695893549],[-121.27357571786,38.7460279171896],[-121.273646988757,38.7459837225634],[-121.273737123268,38.7459216650335],[-121.273789144928,38.7458822983677],[-121.273839357363,38.7458415163988],[-121.273887697831,38.7457993700883],[-121.273934105929,38.7457559121024],[-121.273978523667,38.7457111967465],[-121.274020895547,38.7456652798968],[-121.274061168623,38.7456182189311],[-121.274099292575,38.7455700726566],[-121.274149271092,38.7455005091819],[-121.274194764911,38.7454290832404],[-121.274235661197,38.7453559720073],[-121.274271858519,38.745281356838],[-121.274294178723,38.7452287619163],[-121.274314163402,38.7451755940512],[-121.274331788659,38.7451219168272],[-121.274347033423,38.745067794438],[-121.274359879468,38.7450132916093],[-121.274370311435,38.7449584735217],[-121.274378316856,38.7449034057328],[-121.274383886161,38.7448481540986],[-121.274384110073,38.74484510748],[-121.27438467806,38.7448375459041],[-121.274379825967,38.7445912438827],[-121.274367455861,38.7439612014367],[-121.275620374712,38.7439518261618],[-121.276438529935,38.743945699672],[-121.277402891942,38.7439384596829],[-121.278953658743,38.7439268113156],[-121.280314070566,38.7439165704443],[-121.280772590596,38.7439131113486],[-121.281526276597,38.7439074280922],[-121.283528262781,38.7438928411116],[-121.283668455185,38.7438918256494],[-121.284010590786,38.7438893240038],[-121.284012379168,38.743889307579],[-121.284010264772,38.7438624802262],[-121.28400608993,38.7435211590033],[-121.284095191293,38.7434786795482],[-121.284094985563,38.7434625320296],[-121.284094977562,38.7434615846237],[-121.284093996947,38.7433813004101],[-121.284230108024,38.7432961640467],[-121.284296633225,38.7431399035904],[-121.284091062425,38.7431414638169],[-121.284088128062,38.7429016134908],[-121.284019487777,38.7429021373389],[-121.284349335246,38.7421162186361],[-121.284377433151,38.7420573812249],[-121.2845138215,38.7417717361781],[-121.284632236461,38.7415195358094],[-121.284729404504,38.741312553897],[-121.285167942928,38.7403784442843],[-121.285179251028,38.7403783629204],[-121.285177384277,38.7402256073334],[-121.285271914218,38.7402251324534],[-121.285439487889,38.7398725808558],[-121.285593478121,38.7398723894963],[-121.285739079134,38.7396338380588],[-121.28578189234,38.7396002713567],[-121.285931182489,38.7394831413291],[-121.286249568089,38.7393592666011],[-121.286364911438,38.7391466423494],[-121.286581897569,38.7387466132993],[-121.286888329044,38.738440180498],[-121.287168629139,38.7382203999191],[-121.287497714277,38.7378972444985],[-121.287580020427,38.7378164282538],[-121.287573323266,38.7378164969713],[-121.287551543792,38.7377068817758],[-121.287623836228,38.7376474636987],[-121.28766318179,38.737615110703],[-121.288089174886,38.7372648967071],[-121.288344436511,38.737356942042],[-121.288505946511,38.7371844015487],[-121.288505600381,38.7371558963521],[-121.288502362812,38.7368923054394],[-121.288501937939,38.7368576488068],[-121.288500006873,38.7367001011842],[-121.288692147608,38.7366986431457],[-121.288933410294,38.7366968268103],[-121.28922125299,38.7366946637596],[-121.289230597546,38.7366594354072],[-121.289342041565,38.7362390798736],[-121.289317641654,38.7361845192074],[-121.28952587738,38.7361861514778],[-121.290492210829,38.736193684807],[-121.290529458343,38.7361939812208],[-121.290547181454,38.736586102921],[-121.290545286429,38.7366794951807],[-121.299585282364,38.7366462321384],[-121.299605354084,38.7366090158801],[-121.299623060707,38.7365710703811],[-121.299638359243,38.7365324877787],[-121.299651212548,38.7364933617572],[-121.299661589419,38.7364537873202],[-121.299669464661,38.73641386056],[-121.299674819157,38.7363736784242],[-121.29967763991,38.7363333384802],[-121.299647010395,38.7356301607646],[-121.299646119718,38.735496207529],[-121.299637387717,38.7341941584991],[-121.299817050424,38.7341970414805],[-121.30181167286,38.7342291208259],[-121.301805382199,38.7341645529501],[-121.30179260593,38.7341142662171],[-121.301781517842,38.734070579942],[-121.301765370167,38.7339976599495],[-121.301750837258,38.7339245299955],[-121.301737985451,38.7338515749142],[-121.301737883515,38.7338512447857],[-121.301725402689,38.7337690655148],[-121.30171592304,38.7336954442355],[-121.301775348212,38.7329679581174],[-121.301886024208,38.7326302671094],[-121.302040385464,38.7320936469687],[-121.302186210682,38.7317516500179],[-121.302475750631,38.7313183763694],[-121.303814286304,38.7295014933267],[-121.30447498334,38.7285760452754],[-121.304600818423,38.7284194794929],[-121.304732999333,38.7282661558032],[-121.304871390019,38.7281162319736],[-121.305015848042,38.727969862272],[-121.305182180218,38.7278141055285],[-121.305665623384,38.7273614316767],[-121.306429936692,38.7266657979017],[-121.306532277146,38.7265725523988],[-121.306630490078,38.7264766219201],[-121.306724460787,38.7263781185184],[-121.306814079528,38.7262771572512],[-121.30689924164,38.7261738560464],[-121.306979847668,38.7260683355648],[-121.307055803483,38.7259607190587],[-121.307127020386,38.7258511322281],[-121.307251615498,38.7256589040756],[-121.307334221418,38.7252588992683],[-121.307591347321,38.7244762159127],[-121.307643580292,38.7243525299023],[-121.307701604377,38.7242304381588],[-121.307765340498,38.7241101070126],[-121.307834701797,38.7239917003949],[-121.307909593753,38.7238753796139],[-121.307989914314,38.723761303136],[-121.30807555403,38.7236496263688],[-121.30816639621,38.7235405014504],[-121.308618168431,38.7231172417401],[-121.308917833469,38.7228086241713],[-121.308946208055,38.7228104819704],[-121.30907669596,38.7228190440232],[-121.309127840253,38.7228223966417],[-121.309302063704,38.7228338138331],[-121.310948159619,38.7229417299241],[-121.31246613637,38.7230412158733],[-121.313282926821,38.723094739753],[-121.313399753921,38.7231023922806],[-121.313986236745,38.7231408180602],[-121.315009307743,38.7232078513468],[-121.315508215403,38.7232405349539],[-121.316511812194,38.7233062730314],[-121.316950748385,38.7233350273232],[-121.317442581628,38.7233672353223],[-121.318216352897,38.7234041740443],[-121.320939587953,38.7236013663377],[-121.324063719568,38.7238412516801],[-121.324064227418,38.7238412958285],[-121.326129491422,38.7239998215621],[-121.326900066508,38.7240589671498],[-121.327424432355,38.724099216149],[-121.327552196307,38.7241090184687],[-121.327688261874,38.7241194591395],[-121.327799885141,38.7241272729338],[-121.327800743379,38.7241273328259],[-121.329729121172,38.7242674132803],[-121.3297292963,38.7242674280219],[-121.330258712205,38.7243058810405],[-121.331211449645,38.7243723514439],[-121.331898395685,38.7244202586783],[-121.332071761234,38.7244323506355],[-121.332208992894,38.7244419277352],[-121.334250185457,38.7245842710543],[-121.334250177561,38.7245832412767],[-121.335171341395,38.7246475757485],[-121.33538707743,38.7246626377809],[-121.335797321189,38.7246912798533],[-121.336519741149,38.7247417243057],[-121.336818062603,38.7247625556602],[-121.336874304238,38.7247665018199],[-121.336944436563,38.7247713099431],[-121.337014569027,38.724776104295],[-121.337426641252,38.7248042705061],[-121.337971394889,38.7248414852818],[-121.338199588638,38.7248570799813],[-121.338339451073,38.7248666373678],[-121.338610663466,38.7248851676425],[-121.338707507516,38.724891788286],[-121.339075546821,38.7249169242077],[-121.339473397955,38.7249441096833],[-121.340485367759,38.7250132437725],[-121.340527878404,38.7250161490133],[-121.341306943372,38.7250693569677],[-121.341488564258,38.7250817563024],[-121.34149274736,38.7250823841565],[-121.342017625523,38.7251181490287],[-121.342404462204,38.7251444931003],[-121.342430770915,38.725146289799],[-121.343023681575,38.7251866782152],[-121.343469144503,38.7252170165718],[-121.34359632704,38.7252256857966],[-121.343614981406,38.7252269583748],[-121.343734281861,38.7252350885794],[-121.343799878803,38.7252395511117],[-121.343997562868,38.7252530121856],[-121.344079310419,38.7252584720502],[-121.34413858471,38.7252624455601],[-121.344197859134,38.7252664053107],[-121.344799337063,38.7253073685313],[-121.344814943724,38.7253084314867],[-121.346107068974,38.7253971118087],[-121.346698126178,38.7254374572445],[-121.347010522999,38.7254587672413],[-121.347025183826,38.7254597696561],[-121.347030088336,38.7254600993163],[-121.34742130696,38.7254868082754],[-121.347652903005,38.7255026094411],[-121.347738205759,38.7255084299595],[-121.348046153983,38.7255294512865],[-121.348369656703,38.7255515202488],[-121.348402324019,38.7255537494707],[-121.348450825819,38.7255570561584],[-121.348758336564,38.7255780456759],[-121.349130937098,38.7256034635863],[-121.349136997593,38.7256038820213],[-121.349398389139,38.7256217141055],[-121.349398625344,38.7256227177016],[-121.349714455256,38.7256444378239],[-121.349728643206,38.7256454097865],[-121.34976041728,38.7256475786996],[-121.349838713469,38.7256529739663],[-121.350727911258,38.7257141360809],[-121.351099549273,38.7257395422734],[-121.35116833476,38.7257442518747],[-121.351192419353,38.7257458968472],[-121.351244704544,38.7257494981196],[-121.351319638327,38.7257546127169],[-121.351617569379,38.7257749507004],[-121.351645192262,38.7257768350303],[-121.35188363889,38.7257931053774],[-121.352291429361,38.7258211536102],[-121.35418692981,38.7259514993961],[-121.354529860391,38.7259750322836],[-121.354559007207,38.7259770342357],[-121.354588171551,38.7259790362781],[-121.35467505155,38.7259849977617],[-121.354761931564,38.7259909591802],[-121.355350911745,38.7260313862204],[-121.355350912491,38.7260313038462],[-121.355528425967,38.7260429581316],[-121.355627342369,38.7260494525777],[-121.355724647377,38.7260558281523],[-121.355899288299,38.7260672874299],[-121.356248605365,38.7260902053909],[-121.356506503184,38.7261071233488],[-121.35651363249,38.7261075885158],[-121.356597922656,38.7261131223001],[-121.356772563984,38.7261245665341],[-121.357121881612,38.7261474818656],[-121.35726933709,38.7261571545864],[-121.357417528337,38.7261668723843],[-121.357419069775,38.7261669770305],[-121.357471181939,38.7261703960482],[-121.357680769228,38.7261841468375],[-121.357848439193,38.726195138959],[-121.358005634112,38.7262054550318],[-121.358162829078,38.7262157708917],[-121.358288581627,38.7262240179151],[-121.358414334205,38.7262322648023],[-121.358540086813,38.7262405115532],[-121.358679800296,38.7262496728598],[-121.358805552965,38.7262579193229],[-121.358945284042,38.7262670804067],[-121.359074522637,38.7262755517865],[-121.359231717911,38.726285866198],[-121.359353967317,38.7262938867701],[-121.359598501386,38.7263099139922],[-121.359720750874,38.7263179341777],[-121.359784774676,38.7263221318425],[-121.360111988101,38.7263435843893],[-121.360251701989,38.7263527438029],[-121.360426361894,38.726364196362],[-121.360601021856,38.7263756486582],[-121.360775681874,38.7263871006915],[-121.360950324422,38.7263985523653],[-121.361124984553,38.7264100038726],[-121.361299644739,38.726421455117],[-121.361501858892,38.7264347190502],[-121.361676519199,38.7264461697271],[-121.362011721438,38.7264681414063],[-121.362015259776,38.7264683805407],[-121.362382838919,38.7264938105998],[-121.362618643318,38.7265101129816],[-121.362775764481,38.7265209850969],[-121.362932903217,38.7265318570957],[-121.363090024598,38.7265427150563],[-121.363247145905,38.7265535865332],[-121.363301586559,38.7265573589524],[-121.363404284785,38.7265644578934],[-121.363561423836,38.7265753153118],[-121.363718545287,38.7265861861502],[-121.363797176196,38.7265916150096],[-121.363875806995,38.7265970575447],[-121.363899856873,38.7265987271448],[-121.364033016173,38.7266079284377],[-121.364190873505,38.7266188438589],[-121.364348765937,38.7266297592573],[-121.364468420163,38.7266380348084],[-121.364483834496,38.7266391077906],[-121.364501771272,38.7266403456156],[-121.364645242457,38.726650865827],[-121.364712295227,38.7266554892497],[-121.364750498447,38.7266581286098],[-121.366952767554,38.7268102374831],[-121.367085647345,38.7268194200128],[-121.368965832609,38.726949234527],[-121.369138370426,38.7269611429515],[-121.369271075638,38.7269703082957],[-121.369271198201,38.7269703226919],[-121.369663218377,38.7269973865316],[-121.371744854003,38.7271410738961],[-121.373770234476,38.7272808367568],[-121.373798103537,38.7272827583234],[-121.37709116176,38.7275101530926],[-121.378523353994,38.7276090131831],[-121.378527207683,38.727609280962],[-121.379957161696,38.7277079740432],[-121.383118373958,38.7279260764667],[-121.383438154134,38.7279472863206],[-121.385085230537,38.7280565570577],[-121.385301466106,38.7280708972332],[-121.385986049204,38.7281162882471],[-121.387438198558,38.72821256259],[-121.387946365068,38.7282462463071],[-121.389332128015,38.7283380964003],[-121.391505611087,38.7284821181392],[-121.392487179582,38.7285471512578],[-121.392487950411,38.7285471964834],[-121.393067070485,38.7285853207236],[-121.394312533842,38.7286672881322],[-121.394377314746,38.7286715530149],[-121.394587178363,38.7286853620606],[-121.398216482465,38.7289241667436],[-121.398405641302,38.728936612072],[-121.399778770417,38.7290269399475],[-121.401765754465,38.7291574612276],[-121.410957636358,38.729760835432],[-121.411045350816,38.7297665941315],[-121.41113304776,38.7297723526757],[-121.418971264425,38.7302862738116],[-121.419574746576,38.7303258154777],[-121.424834518852,38.7306703601959],[-121.429516881579,38.7309768589722],[-121.434261845267,38.7312872769634],[-121.436353404826,38.7314240444927],[-121.436359886881,38.7314244741438],[-121.436897253257,38.7314596090598],[-121.438968605793,38.7315949956478],[-121.438995515359,38.7315967595988],[-121.439083164341,38.7316024830316],[-121.439144813685,38.7316066391017],[-121.439170829458,38.7316083849616],[-121.444727607914,38.7319823905568],[-121.444731900067,38.7319826856918],[-121.448265445516,38.7322203708531],[-121.448700962728,38.7322490766373],[-121.448701645994,38.7322491210729],[-121.451266245108,38.7324180989383],[-121.45128618238,38.73241941517],[-121.451459363594,38.7324308196421],[-121.451480299538,38.7324321954807],[-121.454477104885,38.732629588146],[-121.454518538914,38.7326323229407],[-121.455321186815,38.73268517731],[-121.455529811716,38.7326989113724],[-121.457494845602,38.7328282643451],[-121.457528763927,38.7328304961132],[-121.457670428985,38.7328398217949],[-121.457699879783,38.7328417580374],[-121.459722421651,38.7329748705447],[-121.459744479185,38.7329763187615],[-121.46068818742,38.7330384286626],[-121.460697875938,38.733039064072],[-121.462649438121,38.7331674569848],[-121.46266205251,38.7331682842662],[-121.466042521742,38.7333905906146],[-121.466196873613,38.7334007331201],[-121.466463809506,38.73341828547],[-121.466518069168,38.7334218575424],[-121.466605459273,38.7334276138901],[-121.466657178607,38.7334310094631],[-121.466710334531,38.7334345077236],[-121.466786494389,38.7334395121044],[-121.470232409749,38.7336660060601],[-121.470650354421,38.7336934644897],[-121.470721311309,38.7336981267654],[-121.47118822532,38.7337288134222],[-121.471228101336,38.7337314390352],[-121.472337606519,38.7338043283129],[-121.472379935551,38.7338071019818],[-121.473457486017,38.7338778856143],[-121.473531754586,38.7338827671429],[-121.473785220968,38.7338994177344],[-121.473807944843,38.7339009074858],[-121.474170545492,38.7339247247256],[-121.474203343561,38.7339268778891],[-121.474730320378,38.733961488263],[-121.474801172631,38.7339661475674],[-121.475804581617,38.7340320429698],[-121.475835417528,38.7340340632398],[-121.476271324929,38.73406268092],[-121.476359697788,38.7340684892681],[-121.476754642835,38.7340944214614],[-121.477788330856,38.7341622760082],[-121.477850037861,38.7341663293725],[-121.479233874794,38.7342571782246],[-121.479305375984,38.7342618651477],[-121.479696310992,38.7342875221884],[-121.479768442962,38.7342922528433],[-121.484300773197,38.7345896186211],[-121.484301606069,38.7351254888785],[-121.484302585565,38.7357499981055],[-121.484303430898,38.7362841521765],[-121.484304736352,38.7363338179619],[-121.484334733659,38.7374704056061],[-121.484354568485,38.7418415598223],[-121.484322162791,38.74355580346],[-121.484315959699,38.7436376592206],[-121.484306272388,38.7437648620902],[-121.484306928162,38.7438485606377],[-121.484309120985,38.7441411206663],[-121.484311206055,38.7444340371796],[-121.484313152685,38.7447267059389],[-121.484313168426,38.7447269531416],[-121.484313166635,38.7447272002663],[-121.484315054918,38.745020665077],[-121.48431685417,38.7453143217004],[-121.484318581719,38.7456081976726],[-121.484320308487,38.7459021834721],[-121.484321107232,38.746038741589],[-121.484327810651,38.7463040271795],[-121.484330720752,38.7464201924951],[-121.484353738338,38.7473907300563],[-121.484356776434,38.7475279571296],[-121.484357148938,38.7476652821938],[-121.484357451316,38.7478026069451],[-121.484357717637,38.7479400688308],[-121.484357948895,38.7480775305594],[-121.484358179359,38.7482151021198],[-121.484358409624,38.7483527011373],[-121.484358604429,38.7484903549143],[-121.484358834299,38.7486280088458],[-121.484359028508,38.748765744995],[-121.484359292846,38.7489034814545],[-121.484359522122,38.7490412177569],[-121.484359821327,38.7491789818278],[-121.484360155796,38.7493167185949],[-121.484360525331,38.7494544555165],[-121.48436093013,38.7495921651343],[-121.484361439925,38.7497299026764],[-121.484361915255,38.7498675576865],[-121.484362530844,38.7500052133185],[-121.484363217161,38.7501427868858],[-121.484365491127,38.7505282552946],[-121.484365896537,38.750595710582],[-121.484367113553,38.750766512114],[-121.484368954908,38.7510108521112],[-121.484369646783,38.7510944272097],[-121.484371369341,38.7513019301796],[-121.484283412207,38.7513034614879],[-121.484191737376,38.7513050860425],[-121.484188124877,38.7513051798229],[-121.484111425814,38.7513064589877],[-121.483804593872,38.7513116573587],[-121.483727962535,38.7513132660816],[-121.483023670971,38.7513259198428],[-121.482832078499,38.7513294596675],[-121.482032140936,38.7513448664072],[-121.481859449647,38.7513483242306],[-121.481855907473,38.7513483907933],[-121.481856077878,38.7513538833915],[-121.481679774054,38.7513574346553],[-121.481679638927,38.7513519147551],[-121.481676096553,38.7513520087706],[-121.481503299634,38.7513555205108],[-121.481326855528,38.7513590706118],[-121.481153603329,38.7513624974191],[-121.481150096219,38.7513625641169],[-121.481150231504,38.7513680565594],[-121.480973507629,38.7513714950358],[-121.480973337292,38.7513660024363],[-121.480969830182,38.7513660691288],[-121.480796719411,38.7513693312808],[-121.48062006765,38.7513724949498],[-121.480443591801,38.75137557676],[-121.480267134271,38.7513785485472],[-121.480090712995,38.7513813554735],[-121.47991437997,38.7513840801495],[-121.479738188196,38.751386667895],[-121.479736925651,38.7513866896941],[-121.479561962147,38.7513891453825],[-121.479560734667,38.751389167337],[-121.479385876948,38.7513915408568],[-121.479384684534,38.7513915629668],[-121.479314668308,38.751392443324],[-121.479209863074,38.7513937716288],[-121.479208635594,38.7513937935796],[-121.479033884756,38.7513959336457],[-121.479032657377,38.7513959418655],[-121.478927572315,38.7513971725521],[-121.478858047493,38.7513979861923],[-121.478856820013,38.7513980081394],[-121.478682386651,38.7513998882396],[-121.478680983846,38.7513999093973],[-121.478506515812,38.751401734159],[-121.478505288332,38.7514017561023],[-121.478330856159,38.7514034709244],[-121.47832962888,38.7514034654076],[-121.4781553027,38.7514050706056],[-121.47815407522,38.7514050925452],[-121.477978557422,38.7514066097418],[-121.477167537238,38.7514124047667],[-121.476356952453,38.7514161915677],[-121.475547607003,38.7514183307564],[-121.474734235301,38.7514243452841],[-121.473917332185,38.7514336881259],[-121.473099155532,38.7514445022334],[-121.473053880364,38.7514451204419],[-121.472684945469,38.7514501721742],[-121.472281291366,38.7514556964237],[-121.471464689899,38.7514668082245],[-121.470649527073,38.7514777560875],[-121.469835415746,38.7514887304887],[-121.469748186524,38.7515689659276],[-121.462110588543,38.7515830384728],[-121.452688345986,38.7515997247456],[-121.451671338047,38.7516012258952],[-121.451261459498,38.7516018285397],[-121.451207193642,38.7516019014486],[-121.450945910528,38.7516023131424],[-121.449490618515,38.7516046040124],[-121.448721321776,38.7516058124875],[-121.448178118586,38.7516066632645],[-121.447081612662,38.7516084051807],[-121.44643455879,38.7516094257168],[-121.444599526951,38.7516123008907],[-121.443932274526,38.7516133343749],[-121.443667922915,38.7516137424401],[-121.442312868317,38.7516158883253],[-121.441576340995,38.7516170421519],[-121.439151114849,38.7516208340599],[-121.432759503285,38.7516331959694],[-121.411174514703,38.7516723318326],[-121.40840877817,38.7516767736713],[-121.407837377415,38.751671484244],[-121.403251237818,38.7516832229227],[-121.40321706472,38.7516833080608],[-121.403216170445,38.7516833171917],[-121.403216171251,38.7516832210882],[-121.40155556003,38.7516829899024],[-121.400665043834,38.7516746873654],[-121.400496772516,38.7516731180172],[-121.40035669797,38.751673245574],[-121.40013907109,38.7516715991614],[-121.399961154468,38.7516702675036],[-121.393060825054,38.7516183347358],[-121.392745421487,38.7516159571094],[-121.392608533631,38.7516268697849],[-121.387362465375,38.7516351838077],[-121.383512767211,38.7516411035186],[-121.383512311366,38.7515965757254],[-121.382411275671,38.7515982866729],[-121.377188913258,38.7516061571255],[-121.365769917451,38.7516243851064],[-121.365342133531,38.7516250395318],[-121.360433120101,38.7515915130532],[-121.360053942595,38.7515917156319],[-121.359508074891,38.7515920131245],[-121.359000324966,38.7515922714604],[-121.358892038591,38.7515923323282],[-121.358890057547,38.7515923076546],[-121.358888619886,38.7515922997124],[-121.358605634734,38.7515900495722],[-121.358516378994,38.7515893365647],[-121.358516501785,38.751824678238],[-121.358515110652,38.7518253433043],[-121.35851466705,38.7519056733967],[-121.358513578854,38.7521061349034],[-121.358511125211,38.7525611514381],[-121.358510794473,38.7526231255263],[-121.35851009211,38.7527535538996],[-121.358506624942,38.7533949044425],[-121.35850504427,38.7536888899918],[-121.358513280277,38.7539520104894],[-121.35854617578,38.7550041077213],[-121.358546403235,38.7551753321759],[-121.358546681773,38.7553720117903],[-121.358605793611,38.7637674759518],[-121.358611203138,38.7648111826742],[-121.358613641827,38.7652837723765],[-121.358617111845,38.7659551600549],[-121.358625269762,38.7675285872041],[-121.358625859029,38.7676441395815],[-121.358635347195,38.7694746898593],[-121.358635491597,38.7700850853795],[-121.358635557002,38.7703715832495],[-121.358635762113,38.7712184180947],[-121.35863610354,38.7726415299579],[-121.358636167809,38.7728853558875],[-121.358636266205,38.7733102079647],[-121.358636645904,38.774911943055],[-121.358636671866,38.7750180050398],[-121.358636777029,38.7754635065344],[-121.358637064094,38.7766747685694],[-121.358637308087,38.7777079425051],[-121.35863733604,38.7778449099991],[-121.358637600445,38.7789653086345],[-121.35863763853,38.7791400602605],[-121.358637647785,38.7791468153159],[-121.358634082444,38.7802464745885],[-121.358632947909,38.7805940764181],[-121.358631591931,38.7810090348333],[-121.358622243349,38.7838861337644],[-121.358621621331,38.7841710486139],[-121.358619786333,38.785002892193],[-121.358615848743,38.7867798887165],[-121.358613224666,38.7879696191784],[-121.358611948716,38.7885526976409],[-121.358611366869,38.7888136955142],[-121.358610978324,38.7889890624805],[-121.358609676012,38.7895789506662],[-121.358609657371,38.7895907443516],[-121.358609366667,38.7897221906265],[-121.358608139863,38.7902784140396],[-121.358608020514,38.7903286090589],[-121.358606390101,38.7910638102009],[-121.358606052567,38.7912199009594],[-121.358604913832,38.7917371737175],[-121.35860449423,38.7919257072231],[-121.358602840851,38.7926751183484],[-121.358602822742,38.7926849075021],[-121.35860276758,38.7927065863442],[-121.358602384147,38.7928774911402],[-121.358602249495,38.7929449442573],[-121.358602093586,38.7930128091467],[-121.358601890484,38.7931053597184],[-121.358601838911,38.7931266404192],[-121.358601729954,38.7931756821919],[-121.358601584985,38.7932462244256],[-121.358601492567,38.7932837059088],[-121.358601241396,38.7933952031545],[-121.358601156327,38.7934357601234],[-121.358601002938,38.7935072359265],[-121.358600884446,38.7935573348294],[-121.358600941219,38.7935724377775],[-121.358601066377,38.793614972979],[-121.358601179062,38.7936511100865],[-121.358601237582,38.7936776910461],[-121.358601459252,38.7937620473475],[-121.358601552166,38.7937984314793],[-121.358601751296,38.7938794513462],[-121.358601794945,38.793896009566],[-121.358603178146,38.7944371033811],[-121.358603183317,38.7945921525341],[-121.358603178535,38.7953241084642],[-121.358603273226,38.7953953110329],[-121.358603753479,38.7957388985609],[-121.358603766239,38.7957433195835],[-121.358604341972,38.7961560776796],[-121.358606179865,38.7974521131856],[-121.358604659031,38.7977218926638],[-121.358590158886,38.797870968486],[-121.358570408012,38.7980196744629],[-121.358545421416,38.7981678973615],[-121.358515218093,38.7983155243161],[-121.358479821007,38.7984624429138],[-121.358439257081,38.7986085412807],[-121.358393557171,38.7987537081665],[-121.358342756046,38.7988978330298],[-121.358335184174,38.7989281062853],[-121.358319698033,38.7989585417549],[-121.358276033695,38.7990670329001],[-121.358229468482,38.7991747828352],[-121.358180022904,38.7992817440692],[-121.358127718742,38.7993878694583],[-121.358072579036,38.7994931122269],[-121.358014628078,38.7995974259883],[-121.357953891397,38.799700764765],[-121.357890395752,38.7998030830091],[-121.357878177863,38.7998271110089],[-121.357862209312,38.7998468071549],[-121.35776007157,38.7999976052045],[-121.357651914603,38.8001458110067],[-121.357537845702,38.8002912774895],[-121.357417978029,38.8004338602982],[-121.357292430501,38.8005734179391],[-121.357161327675,38.8007098119196],[-121.357024799622,38.8008429068858],[-121.3568829818,38.8009725707572],[-121.356736014919,38.8010986748571],[-121.3565840448,38.8012210940411],[-121.356427222232,38.8013397068209],[-121.356265702823,38.8014543954853],[-121.356099646842,38.8015650462165],[-121.355929219065,38.8016715492037],[-121.355754588608,38.8017737987518],[-121.35557592876,38.8018716933862],[-121.352429515678,38.8034871152818],[-121.35227514916,38.8035698709629],[-121.352123571645,38.8036557254284],[-121.352012242751,38.8037218296522],[-121.351902568078,38.8037896059543],[-121.351770457625,38.8038749217368],[-121.351640966938,38.8039626624129],[-121.351514168697,38.8040527787415],[-121.351390134075,38.8041452201477],[-121.351268932693,38.804239934752],[-121.351150632582,38.8043368693984],[-121.351035300147,38.8044359696853],[-121.350923000129,38.804537179995],[-121.350857301614,38.8046049805773],[-121.350803579691,38.804662070285],[-121.350663182125,38.8048188259274],[-121.350529712964,38.8049792445465],[-121.350403328192,38.8051431387205],[-121.350284175519,38.8053103169656],[-121.350172394207,38.8054805839597],[-121.350068114909,38.8056537407708],[-121.349971459518,38.805829585089],[-121.349882541019,38.8060079114628],[-121.34980146336,38.8061885115393],[-121.349728321334,38.8063711743075],[-121.349663200459,38.8065556863447],[-121.349606176886,38.8067418320658],[-121.349557317307,38.8069293939752],[-121.349516678874,38.8071181529212],[-121.349484309137,38.8073078883512],[-121.349460245984,38.8074983785703],[-121.349456032784,38.8075407796241],[-121.349454710139,38.8075549274962],[-121.349452222765,38.8075832241249],[-121.349445865794,38.8076681476599],[-121.349444579348,38.8082211025338],[-121.349435947204,38.8085930455915],[-121.349442195319,38.8092507450036],[-121.349440614946,38.8099374662148],[-121.349275637074,38.8099406609304],[-121.349275251044,38.8099406587676],[-121.349252821046,38.8099410960158],[-121.349084964724,38.8099443567113],[-121.349061131605,38.8099447174109],[-121.348939649074,38.8099465902259],[-121.348619729133,38.8099492998162],[-121.348615183875,38.8099493429736],[-121.348461856974,38.809950693452],[-121.34830395047,38.8099520043025],[-121.348146079306,38.8099532876775],[-121.347988172035,38.8099546804726],[-121.347830300355,38.8099560183342],[-121.347672393576,38.8099573557841],[-121.347514521633,38.8099587206743],[-121.347356649683,38.8099600853501],[-121.347354543812,38.8099601009762],[-121.347198778232,38.8099613948953],[-121.347040871429,38.8099627314867],[-121.34688296462,38.8099640678634],[-121.346725092899,38.8099654042228],[-121.346412473027,38.8099680664156],[-121.346129616345,38.8099704834374],[-121.345709174801,38.8099740469522],[-121.345693836848,38.809974180223],[-121.345289891052,38.809977642931],[-121.345049047227,38.8099796625711],[-121.344854673219,38.8099813122754],[-121.344427001239,38.8099849402027],[-121.343921832268,38.8099892272005],[-121.343719069808,38.8099909374583],[-121.343450954312,38.8099932115759],[-121.343392971969,38.809993707584],[-121.343235065023,38.8099950390013],[-121.343229537009,38.8099950901206],[-121.343227624151,38.8099951067635],[-121.34307714027,38.8099963975626],[-121.343017104689,38.8099969092294],[-121.342919233312,38.8099977285506],[-121.342863128727,38.8099982074578],[-121.342806585469,38.8099986838558],[-121.342761308801,38.8099990592246],[-121.342603401832,38.8100003897832],[-121.34259606624,38.8100004581008],[-121.342559248159,38.8100007714293],[-121.342445459508,38.8100017473863],[-121.342385546745,38.810002259422],[-121.342366225142,38.810002424617],[-121.342287552399,38.8100030912444],[-121.342175027495,38.8100040329038],[-121.342173219917,38.8100040501255],[-121.342129627865,38.8100044210596],[-121.341980197136,38.8100056752139],[-121.341971720871,38.8100057507594],[-121.341964508233,38.810005806004],[-121.341813813618,38.8100071077024],[-121.341787173965,38.8100073411683],[-121.341753988453,38.8100076336385],[-121.341655906485,38.8100084507018],[-121.341594168713,38.8100089657146],[-121.341543469298,38.8100093922466],[-121.341497982054,38.8100097659291],[-121.341397636157,38.810010611128],[-121.341340075037,38.8100110947703],[-121.341332950132,38.8100111504732],[-121.341204613341,38.8100122349275],[-121.341182150467,38.8100124232971],[-121.341122430701,38.8100129357761],[-121.341024243311,38.8100137654378],[-121.34091191126,38.8100147206975],[-121.340905944573,38.8100147692169],[-121.340866318602,38.8100151072642],[-121.340711623013,38.8100164122867],[-121.340708411561,38.8100164352466],[-121.340701391936,38.8100164915084],[-121.340550486967,38.8100177629146],[-121.34053430662,38.810017904451],[-121.340490872473,38.8100182756666],[-121.340280353,38.8100200594433],[-121.340184955792,38.8100208767845],[-121.340065972576,38.8100218895495],[-121.340065867295,38.8100218889513],[-121.339960509214,38.8100220316765],[-121.339785046809,38.810022283833],[-121.339767832217,38.8100223095463],[-121.339754285168,38.8100223286461],[-121.339609566602,38.8100225630825],[-121.33943410394,38.8100228421667],[-121.339324042666,38.8100230262144],[-121.339258623729,38.8100231208861],[-121.339083161065,38.8100233994401],[-121.339043379711,38.810023461388],[-121.338907680979,38.8100236639003],[-121.338815290642,38.8100238107478],[-121.338815185361,38.8100238101484],[-121.338732200892,38.8100239280954],[-121.338587236919,38.8100241324016],[-121.338556738479,38.8100241783963],[-121.338381258389,38.8100244420612],[-121.338359147846,38.8100244808656],[-121.338205795718,38.8100247192899],[-121.33813105877,38.8100248288817],[-121.338030315626,38.8100249824246],[-121.337902969692,38.8100251764499],[-121.337854853079,38.8100252453941],[-121.337679372857,38.8100255217275],[-121.337674915706,38.8100255237703],[-121.337674810425,38.81002552317],[-121.337243953873,38.8100261958022],[-121.337194240369,38.8100262690904],[-121.337105570337,38.8100263946189],[-121.337064578121,38.8100264627079],[-121.336991174857,38.8100265654489],[-121.336991069576,38.8100265648479],[-121.336584429432,38.810027181051],[-121.336550860037,38.8100272364376],[-121.336408949328,38.8100274417361],[-121.336253070315,38.810027676875],[-121.33623348677,38.8100277022564],[-121.336058006535,38.8100279761402],[-121.336025016312,38.810028020956],[-121.335882526427,38.81002823603],[-121.335796927214,38.8100283643885],[-121.335707063864,38.810028495755],[-121.335568838113,38.810028707373],[-121.335531583626,38.8100287688435],[-121.335356121061,38.8100290280384],[-121.33535601578,38.810029027436],[-121.335340748882,38.8100290636387],[-121.335112730606,38.8100293374845],[-121.335112625325,38.8100293368818],[-121.33488460602,38.8100297201114],[-121.334884500739,38.8100297195085],[-121.334694561007,38.8100300046375],[-121.334656517039,38.8100300475755],[-121.334428462893,38.8100304022506],[-121.334202286641,38.8100307260538],[-121.334200338814,38.8100307286178],[-121.33419672391,38.8100307353552],[-121.334026806391,38.8100309968689],[-121.333851343686,38.8100312675195],[-121.333844499908,38.8100312831864],[-121.333844394627,38.8100312825826],[-121.333675865106,38.8100313593282],[-121.333500404072,38.8100314509725],[-121.333442338142,38.8100314884548],[-121.333346315204,38.810031651294],[-121.333324924204,38.8100316795404],[-121.333149443819,38.8100319627589],[-121.333134054221,38.8100319842374],[-121.332973981109,38.8100322320842],[-121.332970436392,38.8100322391864],[-121.332798500851,38.8100325010435],[-121.332698968287,38.8100326706461],[-121.33262303788,38.8100327972965],[-121.332470878899,38.810033035005],[-121.332447557619,38.8100330657257],[-121.332272094774,38.8100333477195],[-121.332242754416,38.8100333987142],[-121.332096614382,38.8100336293474],[-121.331943069069,38.8100338721221],[-121.331942963788,38.8100338715166],[-121.331921133988,38.8100339107102],[-121.331745671139,38.8100341919089],[-121.331570190742,38.8100344727414],[-121.33139472789,38.8100347534099],[-121.331219247491,38.8100350337123],[-121.330864040097,38.8100355965162],[-121.330863934816,38.8100355959097],[-121.330821977513,38.8100356562356],[-121.330776335118,38.8100357227729],[-121.33077500143,38.8100357288181],[-121.330699316802,38.8100358418974],[-121.330501408097,38.810034495335],[-121.330439503545,38.8100340698398],[-121.329883494773,38.8100348586023],[-121.327242430643,38.8100386065042],[-121.326776155072,38.810040023683],[-121.324077803753,38.8100429968606],[-121.321414538896,38.8100468400222],[-121.321405799927,38.8100468576134],[-121.321378003806,38.8100469011562],[-121.321284186608,38.8100476023692],[-121.32040278346,38.8100544207811],[-121.320402802713,38.8100542424078],[-121.320402808749,38.8100536108774],[-121.32042134425,38.8085824593714],[-121.320432942877,38.8076626378423],[-121.320437890179,38.8072698328067],[-121.320439175244,38.8071684190796],[-121.320425372152,38.807158562774],[-121.318871839685,38.8060504688426],[-121.318191519162,38.806178103608],[-121.317981456283,38.806217523876],[-121.316049043538,38.8065800472366],[-121.315220576826,38.8067354597522],[-121.313886855426,38.8069856381496],[-121.31264497479,38.8072185786131],[-121.312644328609,38.807216446685],[-121.312636809197,38.8071919907726],[-121.31190490429,38.8048018735419],[-121.311867245364,38.80467900295],[-121.310529841042,38.8049299034557],[-121.309231539455,38.8051734835809],[-121.308151364002,38.8053761025116],[-121.308096722973,38.8056971620432],[-121.308042043151,38.8066604696259],[-121.308029030113,38.8071826701886],[-121.308013869285,38.8080589745307],[-121.308013384029,38.8080871999165],[-121.307979719508,38.8080935072198],[-121.307965232038,38.8093350531254],[-121.307955879406,38.8101355215623],[-121.307780407531,38.8101366589368],[-121.307687831458,38.8101360110551],[-121.307424629265,38.8101380390917],[-121.30742463194,38.8101377645135],[-121.307092920269,38.8101400697495],[-121.307061734376,38.8101422177482],[-121.305709799103,38.8101509081939],[-121.305144301912,38.8101545423544],[-121.304649579573,38.8101577187955],[-121.304173406461,38.8101607708522],[-121.303263862051,38.8101665904148],[-121.303119328966,38.8101675081756],[-121.303059592869,38.810167836232],[-121.302862800778,38.8101689068938],[-121.302484193175,38.8101451605462],[-121.302483596852,38.8101451295056],[-121.302468935934,38.8101442039473],[-121.302467497903,38.8101441129329]]]},"properties":{"OBJECTID":1,"BOS":"SUPERVISORIAL DISTRICT 1"}},{"type":"Feature","id":2,"geometry":{"type":"Polygon","coordinates":[[[-121.303148156803,39.0496035159068],[-121.302545829067,39.048525334175],[-121.302533295826,39.0485107335664],[-121.302495009932,39.0484865605276],[-121.302456260637,39.0484629613331],[-121.302416907635,39.0484398802253],[-121.302377126983,39.0484173182576],[-121.302336812505,39.0483953297111],[-121.302296034354,39.0483739424639],[-121.302254758129,39.0483530739337],[-121.302213088383,39.0483328345804],[-121.302170955502,39.048313141611],[-121.302128358945,39.0482940499389],[-121.302085334194,39.0482755323175],[-121.302041986342,39.0482576442929],[-121.301998175082,39.0482403301073],[-121.3019540762,39.0482236182717],[-121.301909513099,39.0482075626451],[-121.30186459168,39.0481921364028],[-121.301819382909,39.0481772850522],[-121.301773780337,39.0481630903313],[-121.301727924809,39.0481495530833],[-121.301681746172,39.0481366454291],[-121.301635279367,39.0481243950362],[-121.301588559873,39.0481127746583],[-121.301541446843,39.0481017834511],[-121.301494221699,39.0480914505593],[-121.301446707839,39.0480818298416],[-121.30139892368,39.0480728390321],[-121.301350956709,39.0480645335722],[-121.301302754378,39.0480568856881],[-121.301254404442,39.0480499233642],[-121.301205871961,39.0480436189323],[-121.30115712145,39.0480379996379],[-121.301108223331,39.0480330659031],[-121.301059213356,39.048028763025],[-121.30100998589,39.0480250903698],[-121.300960681505,39.048022076239],[-121.300911265259,39.0480196929644],[-121.300861807847,39.0480179135113],[-121.300812273782,39.0480167651253],[-121.300762698548,39.0480162205607],[-121.300713082413,39.0480162523604],[-121.300663495528,39.048016888404],[-121.300613938433,39.0480180737775],[-121.300564445527,39.0480198910632],[-121.300515053374,39.0480222031876],[-121.300465690466,39.0480251195562],[-121.300416533401,39.0480285863117],[-121.300367441061,39.0480326300659],[-121.300318554833,39.0480371967506],[-121.300269839234,39.0480423136114],[-121.300221329202,39.0480480083173],[-121.30017306022,39.0480542536226],[-121.300125031743,39.0480611044418],[-121.300077244041,39.0480685333182],[-121.300029626149,39.048076594743],[-121.299982424545,39.048085290197],[-121.299935356994,39.0480946729024],[-121.299888564068,39.0481047711627],[-121.299842045226,39.0481156398921],[-121.299770307785,39.0481342102447],[-121.299596119147,39.0481578488074],[-121.299507661715,39.0481686301002],[-121.299418970262,39.0481781468229],[-121.299329938616,39.048186453254],[-121.299240779679,39.0481933859211],[-121.299151421676,39.0481990816854],[-121.299061864611,39.0482035405463],[-121.298972214123,39.0482067631389],[-121.298882505701,39.0482087222177],[-121.298792703865,39.0482094450277],[-121.298702879044,39.0482089319927],[-121.298613101666,39.0482071835363],[-121.298523336522,39.0482041994466],[-121.298433689254,39.0481999803596],[-121.298344159592,39.0481945537326],[-121.298254747815,39.0481878921089],[-121.298165523941,39.0481800370981],[-121.298076523323,39.0481709751845],[-121.297987781448,39.0481606791237],[-121.297899262565,39.048149203618],[-121.297811072994,39.0481364806619],[-121.297723212059,39.0481225788987],[-121.297635714974,39.0481074985413],[-121.297548617501,39.0480911848888],[-121.297461918826,39.048073720313],[-121.29737565471,39.0480550501131],[-121.297289860096,39.0480352019594],[-121.29720453526,39.048014148396],[-121.297119819689,39.0479920275581],[-121.297035574449,39.0479686463987],[-121.296951903815,39.0479441428409],[-121.296868877941,39.0479185447679],[-121.296786463253,39.0478916872267],[-121.296704692786,39.0478637900868],[-121.294804503233,39.047106750763],[-121.294726762121,39.0470810458355],[-121.294683812607,39.0470658484114],[-121.294641220958,39.0470500765061],[-121.294599057873,39.0470337030893],[-121.294557287867,39.0470167554053],[-121.294515910942,39.0469992334545],[-121.294474997519,39.0469811376636],[-121.294434441966,39.0469624673936],[-121.294394384855,39.0469432509546],[-121.294354790974,39.0469234881339],[-121.294315625662,39.0469031238048],[-121.294276993183,39.0468822958922],[-121.29423885942,39.0468608943556],[-121.294201188617,39.0468389738962],[-121.294164086407,39.0468165351541],[-121.294127517304,39.0467936053737],[-121.294091446647,39.0467701294281],[-121.294055944035,39.0467461901153],[-121.294021010017,39.046721732522],[-121.293986679256,39.0466968117759],[-121.293952916815,39.0466714002071],[-121.293919792568,39.0466455531569],[-121.293887236914,39.046619187828],[-121.293855283971,39.0465924142624],[-121.293823934011,39.0465652050034],[-121.293793310545,39.0465375333415],[-121.293763289515,39.0465094809012],[-121.293733924558,39.046480965632],[-121.293705232457,39.0464520700123],[-121.293677213486,39.0464227665855],[-121.293649867371,39.0463930828091],[-121.293623194112,39.0463630186834],[-121.293597228644,39.0463326018795],[-121.293572006452,39.0463018051541],[-121.293547439235,39.0462706554313],[-121.293523614745,39.0462391807018],[-121.293500515376,39.0462073808595],[-121.293478123523,39.0461752557982],[-121.293456474394,39.0461428057315],[-121.293435532232,39.0461100853606],[-121.293415367457,39.0460770951126],[-121.293395945404,39.0460437798605],[-121.293377265525,39.0460101945187],[-121.293283147118,39.0458614295295],[-121.293217405373,39.0457519925812],[-121.293153891112,39.0456416629682],[-121.293092745168,39.0455304415484],[-121.293033897112,39.0454183278984],[-121.292977311725,39.045305321808],[-121.292923059418,39.0451914237076],[-121.29287114073,39.0450765786864],[-121.29282155483,39.0449608691187],[-121.292774338288,39.0448441579359],[-121.29272837493,39.0447289096448],[-121.292683085495,39.0446167133325],[-121.292639325695,39.044506503307],[-121.292597527902,39.0443972936836],[-121.292558546727,39.0442881285998],[-121.292522705894,39.0441783235578],[-121.292490470514,39.0440671400008],[-121.292462090876,39.0439541950304],[-121.29243764122,39.043839104679],[-121.292417156737,39.0437218691629],[-121.292400390946,39.0436024869874],[-121.292387129833,39.0434812314411],[-121.292330914978,39.0432890639446],[-121.290935390527,39.0387668982626],[-121.290886688227,39.0385812283818],[-121.290849800266,39.0384253132032],[-121.290816264507,39.0382686770257],[-121.290785973386,39.0381115114085],[-121.290758750576,39.0379538427396],[-121.290734506941,39.0377957803133],[-121.290713118142,39.0376374332095],[-121.290694425182,39.0374788553793],[-121.290693828954,39.0374575163551],[-121.290692669153,39.0374362013589],[-121.290691051399,39.0374149110336],[-121.290688905005,39.0373936724075],[-121.290686265177,39.0373724856951],[-121.290683166847,39.0373513785674],[-121.290679539878,39.037330323139],[-121.290675419202,39.037309347081],[-121.290670805095,39.0372884229364],[-121.290665767418,39.0372676060478],[-121.290660165898,39.0372468406438],[-121.290654070122,39.037226209524],[-121.290647550779,39.0372056856601],[-121.290640502525,39.0371852409518],[-121.290635360681,39.0371713155565],[-121.290632995224,39.0371649307419],[-121.290625028875,39.0371447550301],[-121.290616533066,39.0371247133879],[-121.290607613692,39.037104779001],[-121.290598200065,39.0370849788977],[-121.290588326842,39.0370653682061],[-121.290577994573,39.0370458920123],[-121.290567203259,39.037026550316],[-121.290555917144,39.0370073978169],[-121.290544277602,39.0369883804581],[-121.290532072573,39.0369695793245],[-121.290519478361,39.0369509680306],[-121.290506460311,39.036932491448],[-121.290492982118,39.0369142591902],[-121.290479079813,39.0368961891003],[-121.290464717639,39.0368783358779],[-121.290450001215,39.0368607001659],[-121.290434825199,39.0368432538641],[-121.290419224246,39.0368260521006],[-121.290403233837,39.0368090676328],[-121.290386853973,39.0367923004603],[-121.290370084378,39.0367757780402],[-121.290352925054,39.0367595003722],[-121.290335375999,39.036743467456],[-121.290317472695,39.0367276520491],[-121.290299179661,39.0367120813938],[-121.290280566484,39.0366968382897],[-121.290261563852,39.03668181248],[-121.290242206695,39.0366670316357],[-121.290222564877,39.0366525510997],[-121.290202567984,39.0366383704429],[-121.290182216842,39.0366244072941],[-121.290161545557,39.0366107716956],[-121.290140590159,39.0365973814907],[-121.290119314892,39.0365842913788],[-121.290097754963,39.0365715015742],[-121.290075910095,39.0365590395338],[-121.290053745634,39.0365468501288],[-121.290031296784,39.0365349335735],[-121.290008597927,39.0365233724535],[-121.289985649336,39.0365121393115],[-121.289962381151,39.0365011788043],[-121.289938933645,39.0364905467039],[-121.289915165993,39.036480242152],[-121.289891254224,39.0364702662211],[-121.289867092996,39.0364605908105],[-121.289842646553,39.0364512706195],[-121.289818055993,39.0364422790492],[-121.289793215698,39.0364336154557],[-121.28976823101,39.0364253079398],[-121.289743032066,39.036417301158],[-121.289717618318,39.0364096500242],[-121.289692095381,39.0364023551822],[-121.289666357639,39.036395415988],[-121.289640440571,39.0363888051991],[-121.289614449519,39.0363825509163],[-121.289588278865,39.0363766524956],[-121.289561963816,39.0363711101516],[-121.289535504371,39.0363659238841],[-121.289508970939,39.0363610941224],[-121.289482293386,39.03635659298],[-121.289455541297,39.0363525032574],[-121.28942868029,39.0363487423686],[-121.289401745296,39.0363453379853],[-121.28937473604,39.0363423175646],[-121.289347688001,39.036339653864],[-121.289320530768,39.0363373464541],[-121.289293334752,39.0363353957643],[-121.289266064197,39.0363338564937],[-121.289238860749,39.0363326471304],[-121.289211512626,39.0363318212998],[-121.289184231334,39.0363313528335],[-121.289156946462,39.036331241302],[-121.289129587599,39.0363314862755],[-121.289102259811,39.0363321433126],[-121.289074963923,39.0363331300421],[-121.289047628972,39.0363345009486],[-121.289020396056,39.0363362294342],[-121.288993194489,39.0363383425265],[-121.288966024544,39.0363408127683],[-121.288938956633,39.0363436405894],[-121.288911885139,39.0363468253453],[-121.288884915402,39.0363503951376],[-121.288858012768,39.0363542948375],[-121.288831247372,39.0363585523318],[-121.288804513045,39.0363632218899],[-121.288777916781,39.0363681668715],[-121.288751421722,39.0363735518039],[-121.288725064175,39.0363792670739],[-121.28869884414,39.0363853126817],[-121.288672726134,39.0363917158694],[-121.288646780293,39.0363985045241],[-121.288620936757,39.0364056233018],[-121.288595301143,39.0364130728476],[-121.288569838243,39.0364208529465],[-121.288544547784,39.0364289910558],[-121.288519394833,39.0364374595035],[-121.288494484732,39.0364462863916],[-121.288469712416,39.0364554161615],[-121.288422841188,39.0364739116809],[-121.288339194999,39.0364871851015],[-121.288283558319,39.036495027975],[-121.288245414652,39.0364998885739],[-121.288227788248,39.0365021286226],[-121.288171849583,39.036508486829],[-121.288115883701,39.0365140485402],[-121.28805978471,39.036518840568],[-121.28800355206,39.0365229178262],[-121.287947292474,39.0365261711319],[-121.287891004849,39.0365287103131],[-121.287834690016,39.0365304529989],[-121.2877783477,39.0365314266461],[-121.287721977903,39.0365316312547],[-121.287665685968,39.0365310949273],[-121.287609436968,39.0365297899919],[-121.287553196249,39.0365276613192],[-121.28749703326,39.0365248054393],[-121.287444871501,39.0365214385561],[-121.287440983621,39.036521181382],[-121.287385082127,39.0365168305484],[-121.287329259058,39.0365116838655],[-121.287273584827,39.0365057417642],[-121.287218058883,39.0364990591585],[-121.28716275164,39.0364916364795],[-121.287107592965,39.0364834458398],[-121.287052688198,39.0364745153427],[-121.286997966656,39.0364648720147],[-121.286943500131,39.036454379002],[-121.286889286968,39.0364432010469],[-121.286835397857,39.0364313111239],[-121.286781762939,39.0364186538881],[-121.286728417146,39.0364052570127],[-121.286675430614,39.0363911483859],[-121.286622768691,39.0363762728788],[-121.28657046548,39.0363607405353],[-121.286518557292,39.0363444417435],[-121.286467025698,39.0363274587671],[-121.286415888853,39.0363097368004],[-121.286365163256,39.0362913857798],[-121.286314902823,39.0362722962011],[-121.286265036313,39.0362525500048],[-121.286215669898,39.0362320929242],[-121.286166838508,39.0362109526327],[-121.286118365286,39.0361892104235],[-121.286070498331,39.0361667030651],[-121.286023235708,39.0361436227571],[-121.286023130507,39.0361435809244],[-121.285976297157,39.0361198304893],[-121.285930033627,39.0360954382477],[-121.28588430485,39.036070390256],[-121.285839180961,39.0360447144034],[-121.285794661407,39.0360184656046],[-121.285750711813,39.0359915612733],[-121.285707366832,39.0359640565402],[-121.285664731803,39.0359359795104],[-121.285622736593,39.035907302296],[-121.285581310515,39.0358780519228],[-121.285540629318,39.0358482569279],[-121.285500623145,39.0358178619663],[-121.285461256239,39.0357869217368],[-121.285422669142,39.0357554645605],[-121.285384826651,39.0357234902225],[-121.285347623425,39.0356909706186],[-121.285311164527,39.0356579613111],[-121.285275485715,39.0356244076029],[-121.285240585881,39.0355904193225],[-121.285206430651,39.0355559138838],[-121.285173089881,39.0355209466332],[-121.284298974126,39.035495343771],[-121.28392962034,39.0355295671243],[-121.283671353114,39.0355490954109],[-121.283412840471,39.0355650245261],[-121.283154083004,39.0355772995542],[-121.283050520782,39.0355807537289],[-121.282895256781,39.0355859215772],[-121.282636255947,39.0355909174012],[-121.282377326701,39.0355923159997],[-121.282118398671,39.0355901169396],[-121.281859577235,39.0355843483286],[-121.281600826391,39.0355750923216],[-121.281342451052,39.0355635315238],[-121.281084396152,39.0355481553687],[-121.28082632556,39.0355273966369],[-121.28056871437,39.0355030156188],[-121.28031211977,39.0354756198506],[-121.27872973892,39.0352840862505],[-121.27713575584,39.0350986922558],[-121.276929065111,39.0351011167301],[-121.276755113368,39.0351004490091],[-121.276581221775,39.0350973375753],[-121.276407390911,39.0350917275151],[-121.276233795698,39.03508372975],[-121.27606033166,39.035073233797],[-121.275887209623,39.0350602821548],[-121.275714359057,39.0350448881157],[-121.275541885171,39.0350270935232],[-121.275369753481,39.0350068295173],[-121.275198103699,39.0349842068036],[-121.275026971891,39.0349591432321],[-121.274856392436,39.0349317213953],[-121.27468643604,39.0349019142768],[-121.274517137925,39.0348697220984],[-121.274348532468,39.0348352274533],[-121.27418065517,39.0347984031066],[-121.274013612225,39.0347591948056],[-121.273847367035,39.0347177396194],[-121.273682060998,39.0346739835151],[-121.273517693845,39.0346279539537],[-121.27335426531,39.034579678396],[-121.273191845252,39.0345292121992],[-121.273030504094,39.0344765558066],[-121.272870241565,39.0344217366797],[-121.272711128088,39.0343647552624],[-121.272553269288,39.0343056122185],[-121.272396594203,39.0342443620277],[-121.272241279149,39.0341809783368],[-121.272087252598,39.0341155705395],[-121.271934656225,39.0340480571496],[-121.271783453707,39.0339785477806],[-121.271633715741,39.0339070154211],[-121.271485476978,39.0338335152107],[-121.271338807832,39.0337580475953],[-121.271193743234,39.0336806402581],[-121.271050318111,39.033601320882],[-121.270908567391,39.0335201171504],[-121.270768561206,39.033437056967],[-121.270630352366,39.0333521406685],[-121.270493922427,39.0332654505221],[-121.270359359966,39.0331769321709],[-121.270226717228,39.0330866408661],[-121.270095993649,39.0329946315282],[-121.26996729541,39.0329008499113],[-121.269840621097,39.0328054333068],[-121.269811847302,39.032772275029],[-121.26978232973,39.0327395514224],[-121.269752068947,39.0327072075726],[-121.269721135078,39.0326752713771],[-121.269689492353,39.0326437975288],[-121.269657141057,39.0326127585702],[-121.269624045702,39.0325821817368],[-121.269623923621,39.0325820711366],[-121.269590312183,39.0325520402333],[-121.269555939934,39.032522388973],[-121.269520858548,39.0324932275139],[-121.269485173919,39.0324645290606],[-121.269448850561,39.0324363208487],[-121.269411888473,39.0324086028778],[-121.269374287089,39.032381430061],[-121.269336081614,39.0323548026187],[-121.269297343018,39.0323286660777],[-121.269257965127,39.0323030746892],[-121.26921805355,39.0322780291149],[-121.269177573083,39.0322535291335],[-121.269136558646,39.0322296024222],[-121.269095009956,39.0322062764373],[-121.269052963066,39.0321834690283],[-121.269010381637,39.0321612898017],[-121.26896737213,39.0321396570485],[-121.268923828085,39.0321186524766],[-121.26887982019,39.0320982490702],[-121.268835383932,39.0320784195927],[-121.268790483539,39.0320592187367],[-121.268743401128,39.0320399492511],[-121.268683773236,39.0320184592206],[-121.268631800731,39.0319988569496],[-121.268580293831,39.031978488733],[-121.268529251404,39.0319574643991],[-121.268478638533,39.0319357562705],[-121.26842856111,39.0319133375539],[-121.268378983651,39.031890235486],[-121.268329941359,39.0318664502884],[-121.268281433385,39.0318420643328],[-121.268233496067,39.031816968013],[-121.268186093352,39.0317912434795],[-121.268139365771,39.0317649190744],[-121.268093137874,39.0317379387788],[-121.268047585394,39.0317103311562],[-121.268002567521,39.0316820953227],[-121.267958330391,39.0316532602839],[-121.267914663071,39.0316237972569],[-121.267871705523,39.0315937894978],[-121.267829387907,39.0315631816511],[-121.267787744861,39.0315320288527],[-121.267746847356,39.0315002766318],[-121.267706659624,39.0314679796819],[-121.267125440151,39.0310266874534],[-121.266517994154,39.0305009287289],[-121.265893979292,39.030144785012],[-121.265251696949,39.030080958639],[-121.26432089867,39.0300355169715],[-121.264056658118,39.0298552563057],[-121.261243545781,39.0289585798514],[-121.260309322979,39.0288482266412],[-121.258879237298,39.029244512718],[-121.258368769025,39.0292719908865],[-121.258041988788,39.0285485403058],[-121.257945564522,39.0283350656046],[-121.257912877945,39.0282627506088],[-121.257495172508,39.0281815708818],[-121.2569681718,39.0280791534828],[-121.255757027004,39.027974795528],[-121.255570826926,39.0279587781882],[-121.253508734378,39.0277817922955],[-121.25251298171,39.0279488378649],[-121.252363541669,39.0279739099489],[-121.252124225827,39.0280140564768],[-121.251690205091,39.0280868637553],[-121.250749574145,39.0282554565132],[-121.249910183938,39.0284973495752],[-121.24964445809,39.0283266843937],[-121.249506324642,39.028237953915],[-121.248878457207,39.0276505999931],[-121.248447783883,39.0263949037785],[-121.247756012972,39.0252105056368],[-121.247349897491,39.0247483590155],[-121.247014145656,39.0245456575192],[-121.247017353706,39.0242933589497],[-121.247017354581,39.0242932765788],[-121.24701651271,39.024292996549],[-121.246604546304,39.0242299511567],[-121.246183490591,39.0241411714697],[-121.245857548016,39.0237747380242],[-121.24542460506,39.0234637090583],[-121.245028746388,39.0232935355577],[-121.243877401123,39.0228822586811],[-121.243777064569,39.0228323462253],[-121.243409141905,39.0226493055352],[-121.242978796521,39.0223900441357],[-121.242824303933,39.0221951942819],[-121.242712151371,39.0220537523502],[-121.24238639836,39.0216622676443],[-121.242078566351,39.0213168372619],[-121.24178682375,39.0209385051855],[-121.241678953653,39.0207985591277],[-121.24147472467,39.0205845056481],[-121.241246832604,39.0203779587013],[-121.240852272056,39.0203783537409],[-121.240530093517,39.0205190124856],[-121.240346401068,39.0209543559794],[-121.240316784454,39.0210245674019],[-121.240031265843,39.0213898852086],[-121.239673675775,39.0216710647728],[-121.239065234084,39.0220087629013],[-121.238860894014,39.022169366722],[-121.23863574978,39.0223463095474],[-121.238277643087,39.0227401177692],[-121.238178234348,39.0227958682687],[-121.237775427215,39.0230217736832],[-121.237092984932,39.0231913958897],[-121.23669763919,39.0232763176905],[-121.235942762707,39.0233334538267],[-121.235367451883,39.0233901986203],[-121.234719843292,39.0235310664829],[-121.23396379703,39.0237839914015],[-121.233171804753,39.0239522662471],[-121.232704682254,39.0238119785972],[-121.232274418784,39.0234473182961],[-121.232023575312,39.0232228910504],[-121.231808488559,39.0230545504066],[-121.231341644343,39.0228861411486],[-121.23087454631,39.0227737719205],[-121.230827097871,39.0227475649219],[-121.230264752787,39.0224369426818],[-121.22994261504,39.0221562432957],[-121.229898037655,39.0221104629671],[-121.229477870611,39.0216790101333],[-121.228941631012,39.0211735134451],[-121.228843940144,39.0210773372905],[-121.228579010657,39.0208163986675],[-121.228453947993,39.0206931586491],[-121.228262714936,39.0205176926576],[-121.227977712531,39.0201900867036],[-121.227586265748,39.0196559972041],[-121.227443986384,39.0194591893055],[-121.226803758546,39.0186153304122],[-121.226089835561,39.0180523772587],[-121.225878578237,39.0175457293715],[-121.225597454153,39.0168136181404],[-121.224885897779,39.0160528313889],[-121.224708836924,39.0157710227674],[-121.223895026059,39.0144178088954],[-121.22336034935,39.013848947953],[-121.222578053109,39.0123254690981],[-121.222102050954,39.0121163764631],[-121.221981943214,39.0120636082044],[-121.221738067753,39.0119564816964],[-121.221715615422,39.0119466249376],[-121.221484728184,39.0117833899124],[-121.221240535681,39.0116107568753],[-121.220852358072,39.0115118898364],[-121.220313053225,39.0115345044249],[-121.219543789573,39.0116265573687],[-121.219416979571,39.0116585210938],[-121.218576565942,39.0118702512799],[-121.217790360187,39.012084151759],[-121.216980937462,39.0123442965466],[-121.215957096589,39.0125341530383],[-121.215185483923,39.0126429389181],[-121.214833161754,39.0126849931769],[-121.214433473386,39.0127326443485],[-121.214324749393,39.0127455993501],[-121.214146182747,39.0127740367374],[-121.214068737475,39.012786365022],[-121.213773147603,39.0128334256927],[-121.213635991778,39.012855263333],[-121.213605281439,39.0128601633748],[-121.213591689302,39.0128623232467],[-121.213240155033,39.0128712487632],[-121.213215105739,39.0128718896088],[-121.212567504404,39.0128883274541],[-121.212130278153,39.0127727067375],[-121.211987184757,39.0125433898943],[-121.211755932271,39.0121457431077],[-121.211737145035,39.0121134203112],[-121.21149094182,39.012096692662],[-121.211298723759,39.0120836251205],[-121.210640757455,39.0120532193724],[-121.210212542311,39.0120519916816],[-121.210165205532,39.012051835463],[-121.209615989163,39.0120788091809],[-121.209180540225,39.0121391877761],[-121.208405768621,39.0122466030446],[-121.208002680918,39.012273848221],[-121.207638745983,39.0121296847133],[-121.207164120067,39.0120422932774],[-121.206578696552,39.0120116993004],[-121.206174548644,39.0120959632666],[-121.205987885948,39.0123238912604],[-121.205953763608,39.0123757209161],[-121.205875313958,39.0124949073353],[-121.205648326735,39.0129510461783],[-121.205637355224,39.0129737348657],[-121.205496742252,39.0132645551528],[-121.205496520474,39.0132655009754],[-121.205462519713,39.0134131906683],[-121.205417936812,39.0136068980869],[-121.205303503667,39.0138620078028],[-121.205302890286,39.0138633491087],[-121.205188368693,39.0141482511115],[-121.205113248592,39.0142621326818],[-121.20513227577,39.0143246356231],[-121.205155376552,39.0144005251568],[-121.205182839958,39.0144907093988],[-121.205250589162,39.0148334205173],[-121.205320252537,39.015061942699],[-121.205022571509,39.0153458968735],[-121.2048183923,39.0154351590942],[-121.204764256821,39.0154588298761],[-121.204620358616,39.0154581769222],[-121.20414136048,39.0154560311112],[-121.203517471858,39.0155102270979],[-121.203040173722,39.0155650383364],[-121.202636649236,39.0155916854464],[-121.202341726688,39.0157043899737],[-121.202155867349,39.0158746260073],[-121.201786846862,39.0160439912293],[-121.201564451957,39.0162140308837],[-121.201195961055,39.0163548542521],[-121.200808521808,39.0165278107833],[-121.200753441107,39.0165523931036],[-121.200128218202,39.0167206265282],[-121.199699170018,39.016834325481],[-121.199411847018,39.016940210098],[-121.199049886988,39.0170910804064],[-121.198731302875,39.0170851001218],[-121.198488045987,39.0170446545206],[-121.198354717973,39.0170225387221],[-121.198191218925,39.0169309360459],[-121.197977616016,39.0168112820502],[-121.19793118463,39.016785260736],[-121.197920483187,39.0167760294749],[-121.197910165326,39.0167671166325],[-121.197711650421,39.0165957371607],[-121.197460074715,39.016223856836],[-121.197115079878,39.0160887701091],[-121.196518449206,39.0158425227864],[-121.195814521043,39.0158120459781],[-121.1950767022,39.0156881897588],[-121.194479509525,39.0155759554795],[-121.193657820654,39.0154024684244],[-121.192865268643,39.0154185073848],[-121.19243645861,39.0153564435481],[-121.191924761987,39.0151705945234],[-121.191620548156,39.0149577357391],[-121.191561884533,39.0149166892549],[-121.191556933617,39.014721187813],[-121.191550673359,39.014473834633],[-121.191533445952,39.0137931155608],[-121.191537363592,39.0134526507594],[-121.191557415938,39.0117080290645],[-121.191560413609,39.0114466809979],[-121.191572675007,39.0103806138486],[-121.191607575116,39.0069863131793],[-121.191607734638,39.006969234752],[-121.191616182572,39.0059519901024],[-121.191616185077,39.0059517704473],[-121.191637650181,39.0033667030912],[-121.191652616418,38.9997880375548],[-121.191650027042,38.9987171150801],[-121.191638751878,38.994038610056],[-121.191636087174,38.9929372889216],[-121.191631449522,38.9918593490854],[-121.191624814011,38.9911372791729],[-121.191606041304,38.9890970044228],[-121.191503578473,38.9853752503624],[-121.189687985435,38.9853494763764],[-121.18763598651,38.9853203224631],[-121.18692826033,38.9853102614423],[-121.186915719791,38.9853100777642],[-121.18663508196,38.9853057150304],[-121.186623086711,38.9853055351298],[-121.185145166822,38.9852809228216],[-121.182131571436,38.9852306595931],[-121.181711915291,38.9852242786965],[-121.181757744299,38.984597268494],[-121.18199298856,38.9842939872954],[-121.182223317465,38.9840781423027],[-121.182511973338,38.9838076507428],[-121.182870672517,38.9836716645627],[-121.183470094494,38.9831986567714],[-121.183571697189,38.9827373137053],[-121.183670515059,38.9825713156487],[-121.183765422497,38.9824118528371],[-121.183648543964,38.9821770262925],[-121.183922212698,38.9819512532826],[-121.184103071102,38.9818020445048],[-121.184276003692,38.9813691540542],[-121.184090427132,38.9810325496663],[-121.183699373939,38.9808570354127],[-121.18371163354,38.9805773946577],[-121.183022197197,38.98039160288],[-121.185602039971,38.9779249778411],[-121.186347251613,38.9772460425989],[-121.185970672638,38.9769754633703],[-121.185858371081,38.9769274208288],[-121.185474242327,38.9767631915409],[-121.185038266784,38.9766184785073],[-121.184587854674,38.9764689671905],[-121.184214052084,38.9764534426664],[-121.184111069472,38.976353867885],[-121.183779082,38.9761835179685],[-121.183617413399,38.9759778133514],[-121.182665300828,38.9750328243509],[-121.182244272968,38.9747417656758],[-121.182095605912,38.9746904984057],[-121.182000293546,38.9744112824947],[-121.181983912149,38.9743218425711],[-121.18205267857,38.9742368726698],[-121.182328521417,38.974110191452],[-121.182477803627,38.9738271742949],[-121.182474889241,38.9736161023086],[-121.18247277187,38.9734457579293],[-121.182292945102,38.9733483327943],[-121.182085713067,38.9733182919693],[-121.182090938333,38.9731640902584],[-121.182072448428,38.9730897380866],[-121.18194378703,38.9725698822715],[-121.181684308879,38.9721352738208],[-121.181728253851,38.971838611222],[-121.181710909822,38.9715917956423],[-121.181688383451,38.9710532442655],[-121.177459076138,38.9710223395103],[-121.172610103498,38.9709864666281],[-121.167756670585,38.9707703094509],[-121.165351176124,38.9706576664447],[-121.164345499444,38.9706105532721],[-121.163066801923,38.9705506499005],[-121.163071517513,38.9701539246616],[-121.163077378436,38.9696601116116],[-121.163131440664,38.9651100563611],[-121.163161471941,38.9633035599609],[-121.163269564087,38.9597956409789],[-121.163402288246,38.956305004546],[-121.163395981857,38.9559718912465],[-121.163390337405,38.9556736148547],[-121.163379729975,38.9551132308779],[-121.163369875412,38.9545948925155],[-121.163369726543,38.9545866399144],[-121.163367134168,38.9544500797204],[-121.163367121603,38.9544496540104],[-121.163367057548,38.9544461387546],[-121.163367042394,38.9544459327006],[-121.163366256414,38.9544052185814],[-121.163346060671,38.9533651195308],[-121.163335263424,38.9528089627482],[-121.163334021495,38.9526980592569],[-121.163333564367,38.9526980559706],[-121.163330970201,38.952588501994],[-121.163331128437,38.9525885031316],[-121.163330304408,38.9525599669479],[-121.163327637458,38.9524670253501],[-121.163317907738,38.9522021100086],[-121.163262507485,38.9506927106213],[-121.163239168597,38.9499909563338],[-121.163229458793,38.9488252917356],[-121.163261813293,38.9474114496301],[-121.163283702792,38.9459545855675],[-121.16327258441,38.9451708151884],[-121.163257167425,38.9451706494165],[-121.163213025904,38.9451701809866],[-121.163199278854,38.9451700409448],[-121.163145267525,38.9451701330816],[-121.163095142568,38.9451686604997],[-121.163083082504,38.9437567911882],[-121.163162614726,38.9432234292793],[-121.163347992112,38.9427742499466],[-121.163477192304,38.9426893682435],[-121.163785894712,38.9426669559577],[-121.163794506324,38.9426627341782],[-121.164701307336,38.9425866354116],[-121.165420715066,38.9425925524079],[-121.165494850152,38.9425958162938],[-121.1656832592,38.9425947096891],[-121.16579495879,38.9425939727753],[-121.165951614617,38.9425092851686],[-121.165925818742,38.9423660918522],[-121.165592223141,38.9416439213318],[-121.165315674011,38.9410435706092],[-121.165353286174,38.9407005981323],[-121.165453767525,38.9404605686923],[-121.165977461972,38.9400495769463],[-121.166527664255,38.9399796260475],[-121.167101918596,38.939940832629],[-121.16775235202,38.9399121096657],[-121.167843231655,38.9399131329115],[-121.167934033001,38.9399100148529],[-121.168024446908,38.9399027661059],[-121.168114165545,38.93989141135],[-121.168813371574,38.9397480724609],[-121.168884295793,38.9397336429805],[-121.168954022648,38.9397160098666],[-121.169022315105,38.9396952330632],[-121.169088941002,38.9396713832013],[-121.169435517312,38.9395284601417],[-121.16947419507,38.9395114916898],[-121.169513969543,38.9394961473236],[-121.169554729022,38.9394824701382],[-121.169596359035,38.939470498546],[-121.16963874266,38.9394602661695],[-121.169681760864,38.9394518017465],[-121.169725292829,38.9394451290495],[-121.169769216295,38.9394402668187],[-121.170208485318,38.9394600817491],[-121.170300513816,38.9394655511177],[-121.170391406272,38.9394780676267],[-121.170473571574,38.9394949368162],[-121.170619739835,38.9395273648131],[-121.170678831651,38.9395391146088],[-121.17073889713,38.9395473179439],[-121.170799587832,38.9395519272308],[-121.170860551692,38.9395529157313],[-121.171037633909,38.9395470379814],[-121.171154250516,38.9395391485642],[-121.171269861859,38.9395248437025],[-121.171526850272,38.9394718510875],[-121.171608485088,38.9394555506935],[-121.171691275393,38.9394433106254],[-121.171771243579,38.9394405847268],[-121.171879694504,38.9394346855438],[-121.171988390711,38.9394331646519],[-121.171989164649,38.9394331289702],[-121.172041472139,38.9394370769765],[-121.172093955802,38.9394391570571],[-121.17214650633,38.9394393648798],[-121.172199014275,38.9394377000117],[-121.172251370279,38.9394341659203],[-121.172303465301,38.939428769966],[-121.172355190841,38.939421523387],[-121.172406439171,38.9394124412758],[-121.172376689407,38.9393268859677],[-121.172376890622,38.9392342532223],[-121.172377062382,38.9391516841247],[-121.172379481836,38.9379959501773],[-121.173879743111,38.937985797251],[-121.17405156274,38.9379846280498],[-121.174943173154,38.93736113185],[-121.174944163749,38.9373606034164],[-121.175194455003,38.9371856219548],[-121.17520808513,38.9371760254161],[-121.175256577762,38.9371437116883],[-121.175306764847,38.9371130166838],[-121.175358557864,38.9370839945414],[-121.17541186546,38.9370566964495],[-121.175466593612,38.9370311705555],[-121.17552264579,38.9370074618809],[-121.175579923131,38.9369856122422],[-121.17563832461,38.936965660177],[-121.175822065193,38.9369126197152],[-121.175896241874,38.9368875911246],[-121.175968674724,38.9368596201371],[-121.176039172547,38.9368287805858],[-121.176107549259,38.9367951538759],[-121.176173624372,38.9367588287693],[-121.176237223477,38.936719901151],[-121.176298178701,38.9366784737748],[-121.17635632915,38.9366346559934],[-121.177486137151,38.9354785357487],[-121.17778414493,38.935156140946],[-121.178093117096,38.9348293744208],[-121.178497164306,38.9344651373362],[-121.178580702252,38.9343964550184],[-121.178667892305,38.9343305999172],[-121.178758577749,38.9342676903938],[-121.178852595587,38.9342078395147],[-121.179156570599,38.9340479054993],[-121.179199026978,38.934023761867],[-121.179243080081,38.9340014313903],[-121.179288603106,38.9339809783432],[-121.179335465024,38.9339624615958],[-121.179383530951,38.9339459344449],[-121.179432662539,38.9339314444607],[-121.179482718371,38.9339190333496],[-121.179533554371,38.9339087368344],[-121.179664739202,38.9338971241784],[-121.179796363533,38.9338890998575],[-121.179928266521,38.9338846736774],[-121.180060286983,38.9338838510467],[-121.180433632813,38.9338859597344],[-121.180469768234,38.9338849785922],[-121.180816965729,38.9338817669673],[-121.181185677986,38.9338716344004],[-121.181554041487,38.9338555268644],[-121.181678541379,38.9338487276745],[-121.18163841821,38.9328112229551],[-121.181366158084,38.9322844355899],[-121.181335651264,38.9319864652821],[-121.18131418244,38.9317766619367],[-121.18130198581,38.9316575672066],[-121.181615556963,38.93075538519],[-121.181688353951,38.9307562953872],[-121.181726200281,38.9307561908695],[-121.181725956711,38.9307773191429],[-121.181740526655,38.9307561543309],[-121.181915273938,38.9305024778506],[-121.18357269209,38.9280963362743],[-121.18433466701,38.9269900842376],[-121.184034617352,38.92699109682],[-121.182708264397,38.9269955438307],[-121.181768583367,38.9269986868079],[-121.181756630444,38.9269987400378],[-121.181756795835,38.9269874416644],[-121.181798754246,38.924099050205],[-121.181798771652,38.9240975400608],[-121.181804670747,38.9236909491024],[-121.181806864123,38.9236272175419],[-121.182300461378,38.9233411973624],[-121.182771193799,38.9230684421296],[-121.182867979919,38.9230123497039],[-121.182916425882,38.9229842832381],[-121.182965170306,38.9229574428092],[-121.183016937712,38.9229343128432],[-121.183057855512,38.9229197416468],[-121.183099902329,38.9229072852801],[-121.183142899263,38.9228969967418],[-121.183186663373,38.922888919807],[-121.185791539648,38.922496250647],[-121.185896442686,38.9218638948623],[-121.186074048973,38.9214894794496],[-121.186115451003,38.9213991500895],[-121.18614936148,38.9213069345994],[-121.186347996818,38.9207382945694],[-121.186617523393,38.9195763679226],[-121.186718411693,38.9191523039016],[-121.186733364503,38.9190953680819],[-121.186750973161,38.9190388976394],[-121.186771214092,38.9189829681534],[-121.186794060201,38.9189276544791],[-121.186819480904,38.9188730306472],[-121.186847442174,38.918819169765],[-121.186877906581,38.9187661439186],[-121.186910833348,38.9187140240763],[-121.188121932372,38.916807080188],[-121.188194622658,38.9167184339945],[-121.188260033135,38.9166263919875],[-121.188317904881,38.9165313185456],[-121.188368008823,38.916433590047],[-121.188410146644,38.9163335933792],[-121.188444151562,38.9162317244072],[-121.188469888995,38.9161283864065],[-121.188487257091,38.9160239884661],[-121.18849288756,38.9159572876675],[-121.188372188933,38.9159541389703],[-121.188449211431,38.9157224384593],[-121.188473597432,38.9156799915983],[-121.188473905898,38.9156791425089],[-121.188842735404,38.9150329729497],[-121.189201354745,38.9139491653943],[-121.189430518002,38.9131562245696],[-121.189463168262,38.9130701334377],[-121.189635949318,38.9125005660025],[-121.189696804273,38.9123005225242],[-121.189683499819,38.9121836312288],[-121.189617580223,38.9117234876677],[-121.189499673413,38.911457929912],[-121.189421683842,38.91150567382],[-121.189209798905,38.9116370319503],[-121.189121218266,38.9116919511168],[-121.189067963602,38.9117249704922],[-121.186712798578,38.9116202995523],[-121.186655592075,38.9116177577064],[-121.186652079308,38.9116175958457],[-121.186657635887,38.9115037742049],[-121.186658992027,38.911475898644],[-121.186748620034,38.9096389954972],[-121.186749493733,38.9096210156804],[-121.18675063741,38.9095978753785],[-121.186773115462,38.9090499148684],[-121.186773387089,38.9090415416413],[-121.186773694488,38.9090331137454],[-121.186774001257,38.909024740764],[-121.186774308026,38.9090163677825],[-121.186786681255,38.9086724974592],[-121.186794534276,38.9084379115186],[-121.186795236805,38.9083152002259],[-121.186376405429,38.907859382639],[-121.185619701919,38.9071677792357],[-121.18366746654,38.9052269068456],[-121.183438158005,38.9049931274385],[-121.18216585214,38.903359892016],[-121.182061815548,38.9032514369073],[-121.181991532074,38.9031781612788],[-121.181407185688,38.903059639898],[-121.181423673301,38.9029127928923],[-121.181448828653,38.9026237256682],[-121.181445607914,38.9016745665138],[-121.181437039754,38.9015505541639],[-121.181430433572,38.901459067633],[-121.181295847032,38.9012788648345],[-121.181105167351,38.9010963722061],[-121.180698752159,38.9007864991151],[-121.180500815301,38.9005982153083],[-121.180108596051,38.8996953977904],[-121.180148326536,38.8991243284984],[-121.18018304466,38.8985308031574],[-121.180318551654,38.8977842425732],[-121.180733997038,38.8954456722102],[-121.180803260307,38.8950598325848],[-121.180615601838,38.8944053864091],[-121.180526293314,38.8942140646198],[-121.180314874427,38.8937692272448],[-121.180144853305,38.893436702349],[-121.180137683866,38.8931552880466],[-121.180138179149,38.8931504312072],[-121.180114048174,38.8921164245879],[-121.180238857475,38.8918299271069],[-121.180238167005,38.8918288650484],[-121.180419211923,38.8914159283621],[-121.180777615056,38.8915457424638],[-121.182483309053,38.8921713018967],[-121.183728865661,38.892550466881],[-121.183708158577,38.892600380174],[-121.183877619877,38.8926477004588],[-121.184049271668,38.8926899246268],[-121.184222863115,38.8927269909752],[-121.184398140548,38.8927588453379],[-121.184574847832,38.8927854411657],[-121.184752726741,38.8928067395933],[-121.184931517337,38.8928227094967],[-121.185110958348,38.8928333275387],[-121.185696570199,38.8928331325045],[-121.18569694736,38.8928002386824],[-121.186117868932,38.8928003297479],[-121.18645449336,38.8928084106452],[-121.187010553374,38.892992502495],[-121.188133740636,38.8934706345112],[-121.188387376067,38.8935784810056],[-121.188542360818,38.8936281933561],[-121.188587127647,38.8936366521533],[-121.188632655337,38.8936420921543],[-121.188678611196,38.8936444736064],[-121.188724659403,38.8936437791073],[-121.188770463465,38.893640013732],[-121.188815688668,38.8936332049959],[-121.188860004534,38.8936234026534],[-121.188903087226,38.8936106783347],[-121.189042803943,38.8935558825989],[-121.189520504248,38.8932302623003],[-121.19017598528,38.892720444478],[-121.19125089849,38.8915365825363],[-121.191437046573,38.891428904148],[-121.191550861429,38.8914015548079],[-121.19166621286,38.8913784699435],[-121.191782839419,38.8913597018768],[-121.191900476772,38.8913452931458],[-121.192018858291,38.8913352764078],[-121.192137715666,38.891329674366],[-121.192256779504,38.8913284997172],[-121.192375779949,38.8913317551239],[-121.192494447284,38.8913394332078],[-121.192612512552,38.8913515165663],[-121.192729708154,38.8913679778125],[-121.192845768467,38.8913887796369],[-121.192960430439,38.891413874892],[-121.193073434184,38.8914432066992],[-121.193184523577,38.8914767085775],[-121.19329344683,38.8915143045944],[-121.193980612619,38.8918372838432],[-121.194071027322,38.8918759352546],[-121.19416485957,38.8919092423055],[-121.194261593019,38.891937021711],[-121.194360695359,38.8919591206042],[-121.194461621242,38.8919754173773],[-121.194563815285,38.8919858223508],[-121.194666715124,38.8919902782671],[-121.194769754511,38.8919887606059],[-121.19487236643,38.8919812777186],[-121.194973986218,38.8919678707829],[-121.195074054672,38.8919486135758],[-121.195172021127,38.8919236120675],[-121.195267346487,38.8918930038388],[-121.195359506191,38.8918569573231],[-121.195447993101,38.8918156708799],[-121.195532320292,38.891769371703],[-121.19559602968,38.8917358674612],[-121.195661039013,38.8917039247786],[-121.195727285647,38.8916735744362],[-121.195794705742,38.8916448456802],[-121.196401903765,38.8914702824103],[-121.197581984208,38.8913960396534],[-121.197604409188,38.8913922127777],[-121.198068341383,38.8913709468382],[-121.198778833525,38.8912506981164],[-121.199684390721,38.8908707856895],[-121.200482320884,38.8902970588709],[-121.202478890656,38.8897208173135],[-121.202582651425,38.8896925424479],[-121.202684812599,38.8896609093379],[-121.202785196314,38.8896259730577],[-121.202883627803,38.8895877944321],[-121.202979935697,38.8895464399308],[-121.203073952326,38.889501981553],[-121.203165514011,38.8894544967014],[-121.203254461345,38.8894040680476],[-121.203340639477,38.8893507833884],[-121.203423898376,38.8892947354928],[-121.203504093096,38.88923602194],[-121.203581084025,38.8891747449503],[-121.203654737132,38.8891110112065],[-121.203724924195,38.8890449316682],[-121.203791523031,38.8889766213788],[-121.203854417702,38.888906199265],[-121.20389862917,38.8888529786864],[-121.203940737836,38.8887987265067],[-121.203980704329,38.8887434934571],[-121.204018491282,38.8886873311859],[-121.204886290766,38.8875884651062],[-121.204938129456,38.8875233265086],[-121.204992612281,38.8874595196814],[-121.205049683272,38.8873971101636],[-121.205109283803,38.8873361620593],[-121.205171352647,38.8872767379708],[-121.205235826046,38.8872188989353],[-121.205302637771,38.8871627043614],[-121.205371719192,38.8871082119688],[-121.205442999346,38.8870554777285],[-121.205516405016,38.8870045558056],[-121.2055918608,38.8869554985036],[-121.20566928919,38.8869083562107],[-121.205748610655,38.8868631773478],[-121.205829743717,38.8868200083194],[-121.205912605041,38.8867788934653],[-121.205997109514,38.8867398750154],[-121.206083170337,38.8867029930464],[-121.206170699115,38.8866682854404],[-121.206259605942,38.886635787846],[-121.2063497995,38.886605533642],[-121.206441187148,38.886577553903],[-121.206533675019,38.8865518773673],[-121.206627168117,38.8865285304074],[-121.206721570413,38.8865075370033],[-121.206816784946,38.8864889187175],[-121.206912713919,38.886472694673],[-121.207009258802,38.8864588815335],[-121.207106320434,38.8864474934868],[-121.207203799122,38.8864385422294],[-121.207301594744,38.8864320369553],[-121.207399606855,38.8864279843461],[-121.207497734785,38.8864263885643],[-121.209966572248,38.8865611828891],[-121.209965640259,38.8866402322834],[-121.215134765959,38.8866212270432],[-121.219739044375,38.8866019511508],[-121.222369453267,38.8865795234379],[-121.224113635708,38.886606429086],[-121.226368125415,38.8866004861018],[-121.228920290715,38.8865907348484],[-121.228920808196,38.886543068778],[-121.233437090162,38.8865586249988],[-121.237969407004,38.8865204964655],[-121.237979878004,38.886520386604],[-121.238058847656,38.8865197508279],[-121.238058872319,38.8865141767379],[-121.238063955425,38.8856751753058],[-121.238064373227,38.8856051154607],[-121.238072118108,38.8843231018556],[-121.23807415219,38.8839877401129],[-121.238075169017,38.8838176222159],[-121.238077672899,38.8834040729578],[-121.238087290981,38.8818114645262],[-121.237901239092,38.87385608243],[-121.237803059803,38.873201136012],[-121.237787098519,38.8725574514579],[-121.23771387799,38.8721350575028],[-121.237305984085,38.8713600860776],[-121.236088592113,38.8697324260424],[-121.235282670039,38.8689727068301],[-121.233910184246,38.8684266868572],[-121.232532054121,38.8678783615698],[-121.23101564779,38.8672712480546],[-121.229784313462,38.8665265509958],[-121.228705318852,38.8659354025941],[-121.228702807951,38.8656846262081],[-121.228698934132,38.8656823350985],[-121.228700030975,38.8652173302513],[-121.228701208616,38.8647157636518],[-121.228704509159,38.8633101084267],[-121.228704628579,38.8632602840284],[-121.228707592658,38.8619923767596],[-121.228708242835,38.8617173333488],[-121.228280140197,38.8612540514268],[-121.228051924043,38.8610001834458],[-121.22801590376,38.8609601142521],[-121.227928435551,38.8608000624041],[-121.227883782957,38.8606074259307],[-121.22791209765,38.8603336508851],[-121.227935296279,38.8602591838738],[-121.227946431634,38.8602234369609],[-121.228037887958,38.8601278813548],[-121.228147621055,38.8600132254209],[-121.228603192181,38.8595372468663],[-121.228627060776,38.859480234658],[-121.228575419163,38.8593522053734],[-121.22835235721,38.8590235862323],[-121.227798427285,38.858207504988],[-121.227732369879,38.8580489269563],[-121.227720375816,38.8579439795146],[-121.227840307695,38.8574690408933],[-121.228822437836,38.8561681060719],[-121.230551523196,38.8552275049935],[-121.23151693027,38.8547023182166],[-121.231517102504,38.854692887025],[-121.231563430029,38.8546824978798],[-121.231567144057,38.8546816574629],[-121.231567273423,38.8537441917149],[-121.23156962735,38.8524337721564],[-121.231529916099,38.852434855092],[-121.23152694077,38.8522440057336],[-121.231517069125,38.8516111640803],[-121.231497569187,38.8505146052511],[-121.231477958889,38.8496231267794],[-121.231479456935,38.8494959717793],[-121.231490504119,38.8486692806851],[-121.231504598308,38.8476143800651],[-121.231523377674,38.8467837308628],[-121.231534188593,38.8461996152185],[-121.231545798931,38.8448937180477],[-121.231561177838,38.8446453524176],[-121.231596705012,38.8440712031351],[-121.231639527214,38.8433792321109],[-121.231717534107,38.8425342970569],[-121.231766602367,38.8420016460914],[-121.231753725243,38.8416890030583],[-121.231748536797,38.8415632041863],[-121.231745824681,38.8414974069915],[-121.231707272342,38.8409062782711],[-121.231705857278,38.8408829008676],[-121.231686823168,38.8405665924235],[-121.231660855561,38.8401349218775],[-121.231606477492,38.8392313226268],[-121.231657754608,38.8392314557626],[-121.232832704001,38.8392345510768],[-121.232887176076,38.8392346910346],[-121.233374563037,38.839235971814],[-121.233530693964,38.8392363839814],[-121.233594926447,38.8392365468013],[-121.23660198352,38.8392444108114],[-121.236678504185,38.8392446114696],[-121.236835793854,38.8392450130782],[-121.237201176231,38.8392459569634],[-121.237461336004,38.8392466348392],[-121.237603440825,38.8392470044048],[-121.237685121311,38.8392473343636],[-121.237902777958,38.8392482129367],[-121.238085343487,38.8392489433866],[-121.23830301755,38.8392498350539],[-121.238548515576,38.8392508125448],[-121.238555800591,38.8392508465551],[-121.238773474813,38.8392517236123],[-121.238991148894,38.8392526139906],[-121.239243931955,38.8392536239947],[-121.239496714876,38.8392546471777],[-121.239679280291,38.839255388852],[-121.239896954541,38.8392562638047],[-121.239960132795,38.8392565123176],[-121.240114628796,38.8392571383495],[-121.240332303056,38.8392580124866],[-121.240569181732,38.8392589705448],[-121.241416039915,38.8392623742585],[-121.241812891762,38.839263962168],[-121.241956346096,38.8392645411618],[-121.243407794705,38.8392703627878],[-121.24350378212,38.8392707406239],[-121.243563572348,38.8392709788492],[-121.244886137023,38.8392762586799],[-121.244982124454,38.8392766352948],[-121.245052552511,38.8392769281465],[-121.245145678655,38.8392772860357],[-121.246876646262,38.8392841796503],[-121.246896219465,38.839284251594],[-121.246982393985,38.8392845904144],[-121.247084033945,38.8392849881949],[-121.247128569404,38.8392851669269],[-121.247128465665,38.8392518716349],[-121.247128376648,38.8392271300664],[-121.247211780782,38.8392271487124],[-121.247423302048,38.8392271733779],[-121.249118980496,38.8392292742151],[-121.250151593593,38.8392305468298],[-121.250660140965,38.8392311639818],[-121.251097854398,38.8392316930932],[-121.251127715196,38.8392317345212],[-121.251346729973,38.8392319925559],[-121.251565744607,38.8392322639066],[-121.251784759243,38.8392325348444],[-121.252003774024,38.8392327916407],[-121.252128747137,38.8392329507789],[-121.252322289746,38.839233180322],[-121.252515832355,38.8392334095426],[-121.25270939252,38.8392336385538],[-121.252902934987,38.8392338808586],[-121.253096477601,38.8392341091121],[-121.253290037769,38.8392343371561],[-121.253483580385,38.8392345647649],[-121.253677122858,38.8392348057801],[-121.253878012382,38.8392341874884],[-121.254073705222,38.8392336041375],[-121.25426938065,38.8392330066156],[-121.254465073628,38.8392324088768],[-121.254660749049,38.8392318106958],[-121.254856441732,38.8392312397556],[-121.25505211729,38.8392306271867],[-121.255247792701,38.8392300280172],[-121.255443485663,38.8392294286306],[-121.255639161067,38.8392288288021],[-121.255834854022,38.8392282287564],[-121.256030529276,38.8392276419976],[-121.256196307471,38.8392271243971],[-121.256227960206,38.839227038688],[-121.256467173629,38.8392263042543],[-121.259895109869,38.8392088808274],[-121.260110013726,38.8392077231881],[-121.260477620162,38.83920575226],[-121.261249577897,38.8392016011881],[-121.261741094969,38.8391989586502],[-121.262327046095,38.8391958014851],[-121.262906343521,38.839192667806],[-121.263608498041,38.8391888820245],[-121.264100014937,38.8391862295085],[-121.264689863251,38.8391830439226],[-121.265251586862,38.8391799932862],[-121.265775477041,38.8391771539562],[-121.265778215737,38.8391771438023],[-121.266304878909,38.8391794682516],[-121.266912308862,38.8391821900698],[-121.267436689815,38.8391845224495],[-121.267916781391,38.8391866558059],[-121.268026758736,38.8391871564453],[-121.268046753085,38.839187241209],[-121.268261634835,38.8391881964613],[-121.268521437946,38.8391893517379],[-121.268781241066,38.8391905064336],[-121.269263456749,38.8391926475925],[-121.269884193092,38.8391954100956],[-121.270383805214,38.8391976147252],[-121.274356597637,38.8392137058388],[-121.274451952772,38.8392140953497],[-121.274464996475,38.8392140669589],[-121.274908489089,38.8392124418172],[-121.27558973885,38.8392099359941],[-121.27570790894,38.8392109747091],[-121.27570857599,38.8392109788671],[-121.275713701743,38.8392110108178],[-121.275879547939,38.8392123877194],[-121.275886885349,38.8392124471751],[-121.276927250737,38.8392210952209],[-121.278853813091,38.8392315028753],[-121.280048105335,38.8392484510415],[-121.280608505431,38.8392563978347],[-121.280615527017,38.8392564413067],[-121.280847995856,38.839257715569],[-121.28104460181,38.8392587812012],[-121.281237696837,38.8392598385125],[-121.28143079187,38.839260895503],[-121.281623886908,38.8392619521725],[-121.281816981953,38.8392630085212],[-121.282010077003,38.839264064549],[-121.282203172197,38.8392651065271],[-121.282413821368,38.8392662565933],[-121.282624470546,38.8392674062777],[-121.282629385519,38.8392674503517],[-121.28283511973,38.8392685555802],[-121.282851427509,38.8392686425019],[-121.283048208924,38.8392697195562],[-121.283241321565,38.8392707736463],[-121.283269671508,38.8392709210617],[-121.283434434211,38.8392718274154],[-121.283524241172,38.8392722988327],[-121.283627546863,38.8392728808636],[-121.283778793153,38.8392736896666],[-121.283820677075,38.8392739340991],[-121.284013789876,38.8392749731765],[-121.284033362697,38.8392750800511],[-121.284206902546,38.8392760256619],[-121.284287932252,38.8392764698779],[-121.284333836177,38.8392767251569],[-121.284400005131,38.8392763363606],[-121.284530183346,38.8392756002756],[-121.284593104398,38.8392752325595],[-121.284772421991,38.839274222093],[-121.284786185966,38.8392741420584],[-121.284979285221,38.8392730376155],[-121.285014678319,38.8392728297846],[-121.28517238447,38.8392719328517],[-121.285256916945,38.8392714505919],[-121.285365483712,38.8392708277671],[-121.285499173254,38.8392700572734],[-121.285558565395,38.8392697222536],[-121.285681738859,38.8392690104574],[-121.285751664626,38.8392686165273],[-121.28586430432,38.8392679770834],[-121.28594476385,38.83926751048],[-121.286046852361,38.8392669295858],[-121.286137863069,38.8392664041118],[-121.286229417949,38.8392658819092],[-121.286330944728,38.8392652973149],[-121.286411983533,38.8392648339459],[-121.286524043934,38.8392641903049],[-121.286594549111,38.8392637856957],[-121.286717143135,38.8392630829741],[-121.286777114683,38.8392627371586],[-121.286910277438,38.8392619755378],[-121.286959662697,38.8392616882271],[-121.287103675044,38.839260869396],[-121.287142228258,38.8392606391163],[-121.287296774226,38.839259761102],[-121.287324793677,38.8392596034477],[-121.28749654474,38.8392586110173],[-121.287507359228,38.8392585537633],[-121.287689626356,38.8392575019628],[-121.28768990722,38.8392575036845],[-121.28787247276,38.8392564534265],[-121.287882725383,38.8392564064238],[-121.288055055849,38.8392554029892],[-121.288075824541,38.8392552968351],[-121.288230581271,38.8392544051405],[-121.288268923693,38.8392541869255],[-121.28841290104,38.839253352528],[-121.288462005286,38.8392530765875],[-121.288595203249,38.8392522995219],[-121.288655104426,38.8392519660362],[-121.28877752287,38.8392512600662],[-121.28884820356,38.8392508551639],[-121.288855858055,38.8392508059037],[-121.288959842622,38.8392502065955],[-121.289041302688,38.8392497439708],[-121.289142144678,38.8392491664602],[-121.289234384256,38.8392486323494],[-121.289324446866,38.83924811231],[-121.289427483372,38.8392475205145],[-121.289506784156,38.8392470580885],[-121.289620582482,38.8392464083588],[-121.289689086196,38.8392460170951],[-121.289848776101,38.8392450984837],[-121.28986993125,38.8392449669114],[-121.290076987266,38.8392437882677],[-121.290305181005,38.8392424637674],[-121.290363291523,38.8392421321939],[-121.290410517341,38.8392418576877],[-121.290515853674,38.8392412515126],[-121.290515666915,38.839224788477],[-121.290515655939,38.839224129385],[-121.290605455472,38.8392235792872],[-121.290710545885,38.8392229851641],[-121.290787072557,38.8392225598493],[-121.290787008587,38.8392166556934],[-121.290819435155,38.8392164142584],[-121.292588968822,38.8392037368203],[-121.293486075109,38.8391975385401],[-121.294345330109,38.839191584009],[-121.299244307496,38.8391575676939],[-121.299191782741,38.8387071508911],[-121.299160721565,38.8384407725465],[-121.299159135722,38.8384271294107],[-121.299158892992,38.8384250410355],[-121.299159244248,38.8384232445663],[-121.299160909647,38.8384145774546],[-121.299173766901,38.8383479836856],[-121.29920570257,38.8382016394429],[-121.299390090638,38.8373564677061],[-121.299441731764,38.8370648311689],[-121.299445429171,38.8368054723468],[-121.299455676389,38.8360846160581],[-121.299474199584,38.8347840737762],[-121.299449730264,38.8343529789479],[-121.299444267575,38.8342777507666],[-121.29943596108,38.834202681966],[-121.299424818063,38.8341278382973],[-121.299410848292,38.8340532853142],[-121.299394064013,38.8339790883154],[-121.299374479935,38.8339053122879],[-121.29935211322,38.8338320218496],[-121.299326983467,38.8337592811929],[-121.299279547559,38.8336405765881],[-121.29925513763,38.8335864305195],[-121.299229196198,38.8335327282876],[-121.299226682654,38.8335277292517],[-121.299167316254,38.8334173552046],[-121.299166384254,38.8334157432097],[-121.299165003469,38.8334133596453],[-121.299162604409,38.8334092125389],[-121.299162190187,38.8334084960967],[-121.299160343469,38.8334052996703],[-121.299159981093,38.8334046659189],[-121.29915903154,38.833403053818],[-121.299157909711,38.8334011111654],[-121.299157063715,38.8333996781751],[-121.299154888372,38.8333959854976],[-121.299153127387,38.8333929955335],[-121.299152764875,38.833392375511],[-121.299151487375,38.8333901985147],[-121.299150641108,38.833388792982],[-121.299150416715,38.8333884071973],[-121.299149760548,38.8333873048644],[-121.299148327241,38.8333849072533],[-121.299148051003,38.8333844387777],[-121.299144597349,38.8333786514769],[-121.299143492126,38.8333768050322],[-121.299143129479,38.8333761987385],[-121.299142490458,38.833375137698],[-121.299142144958,38.8333745726968],[-121.299139398776,38.8333700253352],[-121.299138621501,38.8333687437857],[-121.299134147546,38.8333613988755],[-121.299133715772,38.8333606823273],[-121.299133542954,38.8333604066911],[-121.299133370136,38.8333601310549],[-121.299124835368,38.8333462675072],[-121.299124196213,38.8333452201955],[-121.299124144232,38.8333451512335],[-121.299123539234,38.8333442002357],[-121.299119564423,38.8333378606029],[-121.299119028824,38.8333369924017],[-121.299118164599,38.8333356279496],[-121.299116004512,38.833332168768],[-121.29911477737,38.8333302254797],[-121.299113843883,38.8333287645019],[-121.29910705025,38.8333181242024],[-121.299105546058,38.8333157948115],[-121.299105269415,38.8333153675224],[-121.299097990134,38.8333041339163],[-121.299095655877,38.8333005363868],[-121.299094013027,38.8332980276734],[-121.299090709909,38.8332929964117],[-121.299089101351,38.8332905702832],[-121.299088824572,38.8332901567229],[-121.299088496083,38.8332896467429],[-121.2990859188,38.8332857731534],[-121.299085088599,38.8332845187437],[-121.299084154571,38.8332831126811],[-121.299083722121,38.833282464777],[-121.299079570709,38.8332762339149],[-121.299079449737,38.8332760409695],[-121.299079190105,38.8332756687017],[-121.299076058588,38.8332710366357],[-121.299070176024,38.8332623514456],[-121.299069968372,38.8332620481398],[-121.299067995681,38.8332591667346],[-121.299066074835,38.8332563680202],[-121.299064984596,38.8332547825291],[-121.29906067535,38.8332485369844],[-121.299055967813,38.8332417398492],[-121.299052402225,38.8332366246249],[-121.299051086647,38.8332347494508],[-121.299045719834,38.8332271657457],[-121.299044421403,38.833225331864],[-121.299041530345,38.8332212367054],[-121.299041374539,38.8332210160905],[-121.299041114907,38.8332206438226],[-121.299040560808,38.8332198716173],[-121.299035383419,38.833212659756],[-121.299032491685,38.8332086332416],[-121.299031556713,38.8332073232806],[-121.299017909207,38.8331885960292],[-121.299014323364,38.833183755275],[-121.299009056999,38.8331766664429],[-121.299006856807,38.8331737150156],[-121.299003616735,38.833169411805],[-121.299000134178,38.8331647776189],[-121.298996235507,38.833159619194],[-121.298992804389,38.8331551088852],[-121.298991140744,38.8331529295572],[-121.298982041456,38.8331411357749],[-121.298981833534,38.8331408599266],[-121.298980793519,38.8331395218721],[-121.298977465281,38.8331352593179],[-121.298977135981,38.8331348317108],[-121.298975576027,38.8331328177644],[-121.298972871961,38.8331293415682],[-121.298891293322,38.833030434932],[-121.298890008794,38.8330289718339],[-121.298884420009,38.8330225400751],[-121.298852249855,38.8329864016235],[-121.298849488675,38.8329833781592],[-121.298845147286,38.8329786152182],[-121.298809087628,38.8329399544789],[-121.298803632099,38.8329342511937],[-121.298794406021,38.832924639651],[-121.298718808442,38.8328493840462],[-121.298716112876,38.832846827784],[-121.298711817796,38.8328427104126],[-121.298703261522,38.8328345994412],[-121.298679676243,38.8328125856869],[-121.298670838867,38.8328045004755],[-121.298666593875,38.8328006442687],[-121.298661113635,38.8327956685009],[-121.29865697301,38.8327919090316],[-121.298653476135,38.8327887300951],[-121.298645089167,38.8327812517067],[-121.298643001168,38.8327793855947],[-121.298640217168,38.8327768974454],[-121.298628923338,38.8327669301648],[-121.298626887319,38.8327651330147],[-121.298556188165,38.832705075081],[-121.298483063614,38.8326468209651],[-121.298440899374,38.8326149057141],[-121.298409025133,38.8325915100722],[-121.298346409691,38.8325473067853],[-121.298297305828,38.832514237467],[-121.298197455638,38.8324509034317],[-121.298158036093,38.8324272561972],[-121.298157879071,38.8324271591409],[-121.298035422134,38.8323583200921],[-121.297970685431,38.8323245520753],[-121.297969934343,38.8323241768353],[-121.297968554493,38.8323234820133],[-121.297963471729,38.8323209250385],[-121.297961078864,38.8323197160969],[-121.297958493873,38.8323184098865],[-121.297952921951,38.8323156165509],[-121.297952083781,38.8323151721362],[-121.297935122693,38.8323067494559],[-121.29790283946,38.8322910260968],[-121.297901511725,38.8322903865076],[-121.297898035232,38.832288704207],[-121.297896148401,38.8322878003751],[-121.297762704225,38.8322273053836],[-121.29762574456,38.8321718251576],[-121.297522828101,38.8321342368442],[-121.297418297491,38.8320994803338],[-121.297312280043,38.8320675979572],[-121.297204904878,38.8320386285446],[-121.296066176219,38.8317386882771],[-121.295624348919,38.8317329762196],[-121.295366192195,38.8317296396936],[-121.29531406569,38.8313217576365],[-121.295316485828,38.8313219782608],[-121.295362662893,38.8313260339954],[-121.29538239382,38.8313276776561],[-121.295421893094,38.8313307317894],[-121.295439398046,38.8313320461582],[-121.295446782824,38.8313325577506],[-121.295464990402,38.8313338214576],[-121.295471129803,38.8313342431184],[-121.29547169106,38.8313342877109],[-121.295521352833,38.8313374171648],[-121.295521545769,38.8313374320644],[-121.295541878234,38.8313385988061],[-121.295546474554,38.83133886008],[-121.295659641143,38.8313440894593],[-121.295772931183,38.8313472900033],[-121.295908889124,38.8313498988771],[-121.295909029203,38.831337529274],[-121.295909511725,38.8312941326432],[-121.296441633538,38.8312958733901],[-121.296621500896,38.8312567481975],[-121.297044967777,38.8311645350795],[-121.297064828372,38.8311601656346],[-121.297065426498,38.8311600319565],[-121.297106224461,38.8311506817348],[-121.29714685083,38.8311409322996],[-121.297247706213,38.831114742033],[-121.297287732474,38.8311035473015],[-121.297319401176,38.8310943614627],[-121.297327569722,38.8310919395224],[-121.297367200269,38.8310799323185],[-121.297406641802,38.8310675120676],[-121.29744585908,38.8310546922862],[-121.297484869656,38.8310414730808],[-121.297496318322,38.8310375057777],[-121.297542945244,38.831020900183],[-121.297581386337,38.8310066889644],[-121.297619567933,38.8309920917332],[-121.297695205563,38.8309617120939],[-121.297724323855,38.8309494901967],[-121.297732626356,38.8309459432031],[-121.297733701636,38.8309454828933],[-121.297734124646,38.8309453069642],[-121.297737808735,38.8309437365887],[-121.297738672578,38.8309433573789],[-121.297743908155,38.830941096167],[-121.297744419331,38.8309408795817],[-121.297745635704,38.8309403514762],[-121.297751241499,38.8309379277455],[-121.297753674381,38.8309368578052],[-121.297755084776,38.8309362347644],[-121.297755366827,38.830936112902],[-121.297756265909,38.8309357201754],[-121.297763405775,38.8309325917727],[-121.297765732802,38.8309315761111],[-121.297766878697,38.8309310750387],[-121.297769787515,38.8309298020295],[-121.297773137302,38.8309283120104],[-121.297775958225,38.8309270521994],[-121.297776381371,38.8309268625413],[-121.297777439234,38.8309263883961],[-121.297782834132,38.8309239908485],[-121.297786219158,38.8309224873124],[-121.297787012521,38.8309221351356],[-121.297788017457,38.8309216881298],[-121.297788264269,38.830921579784],[-121.29779253096,38.8309196696859],[-121.297825027404,38.8309048595401],[-121.297825715049,38.8309045479132],[-121.297842202997,38.830896862827],[-121.297843278682,38.8308963613295],[-121.297879608418,38.8308790892616],[-121.297907670487,38.8308653918588],[-121.298004403768,38.8308157394481],[-121.298017746429,38.8307675052884],[-121.298023223222,38.8307497035127],[-121.29803243358,38.8307217643244],[-121.29804216276,38.8306946108624],[-121.298053170038,38.8306660097744],[-121.298062144254,38.8306442063283],[-121.298062898921,38.8306424397578],[-121.298067750043,38.8306311146134],[-121.298067947451,38.830630676456],[-121.298072758723,38.8306198316097],[-121.298073871612,38.8306173395298],[-121.298077872577,38.8306085629709],[-121.29807846426,38.8306073034141],[-121.298083109157,38.830597308803],[-121.298096151939,38.8305705460573],[-121.298096384722,38.8305700806542],[-121.29809656363,38.8305697384928],[-121.298100251431,38.8305624565773],[-121.298101218074,38.8305605539904],[-121.298102488386,38.83055811778],[-121.298102882118,38.8305573512961],[-121.298102935858,38.8305572417832],[-121.298104117055,38.8305549423314],[-121.298105458929,38.8305523692564],[-121.298106228299,38.830550891098],[-121.298106371561,38.8305506036399],[-121.298140143844,38.8304901087065],[-121.298140554314,38.8304894247017],[-121.298177858993,38.830430269147],[-121.298206598048,38.8303888692479],[-121.298210797338,38.8303831144142],[-121.298213893505,38.8303788631829],[-121.298215156626,38.8303771546015],[-121.29821544125,38.8303767718894],[-121.298218750207,38.8303723022683],[-121.298219746391,38.830370962776],[-121.298221151823,38.8303690628384],[-121.298221276312,38.8303688988341],[-121.298288143948,38.8302862106377],[-121.298329209365,38.830240961729],[-121.298372477892,38.8301969868847],[-121.298417884987,38.8301543516963],[-121.29846536292,38.8301131197567],[-121.298843929491,38.8297673162165],[-121.298934036549,38.8296799623776],[-121.299017471619,38.829588643656],[-121.299093950239,38.8294936714179],[-121.299163211673,38.8293953694854],[-121.299216576685,38.8293088541274],[-121.299264349426,38.8292203614435],[-121.299306410611,38.8291301124324],[-121.29934265522,38.8290383324785],[-121.299372992761,38.8289452507886],[-121.299397347494,38.8288510998195],[-121.29941565862,38.8287561146972],[-121.299427880436,38.8286605326304],[-121.299443854863,38.8283825203359],[-121.299444171848,38.8283770715599],[-121.299501203398,38.827384566516],[-121.299560690093,38.8263493630869],[-121.299562251797,38.8262140251814],[-121.299580221838,38.8246681149679],[-121.299582097493,38.8242319201018],[-121.298317659601,38.8240528469251],[-121.298086341642,38.8240218208208],[-121.297957983733,38.8240045970197],[-121.297417335709,38.8240009028935],[-121.297255997723,38.8239998034646],[-121.296554551818,38.823940433379],[-121.296556646495,38.8238227550714],[-121.296557080615,38.8237842047013],[-121.296557083467,38.8237839163948],[-121.297256979693,38.8237175954302],[-121.297958980331,38.8237224028145],[-121.299590242773,38.8234978423213],[-121.299559732308,38.8218276464991],[-121.299571831429,38.8214137003569],[-121.299537648597,38.8210622061354],[-121.299414829298,38.8197995823629],[-121.299414045827,38.819791820356],[-121.299413885488,38.8197902816624],[-121.299413500024,38.8197866546962],[-121.299413244672,38.8197840719722],[-121.299413163556,38.8197833987276],[-121.29941290658,38.8197809807501],[-121.299412408554,38.8197763096478],[-121.299412118104,38.819773726712],[-121.299411892574,38.8197716796263],[-121.299411537203,38.8197685608406],[-121.29941137497,38.8197672143513],[-121.299410825785,38.8197623919137],[-121.299410648303,38.8197608119275],[-121.299399986758,38.8196834842764],[-121.299386219334,38.819606457461],[-121.299369359684,38.8195298078094],[-121.299349424525,38.8194536112755],[-121.299323052218,38.819367572914],[-121.299286077699,38.8192650345525],[-121.29924348741,38.8191638384398],[-121.299243109451,38.8191630123776],[-121.299199729639,38.8190727115284],[-121.29915187751,38.8189838041321],[-121.299099626013,38.8188964256926],[-121.299043054798,38.818810709383],[-121.299025384501,38.8187855323143],[-121.29898862194,38.8187352245061],[-121.298950984777,38.8186864079451],[-121.298859476771,38.8185773005335],[-121.298760734582,38.8184721241414],[-121.298655033564,38.8183711720303],[-121.298542668467,38.8182747256819],[-121.298423952622,38.8181830540134],[-121.29829921706,38.8180964126282],[-121.298168809596,38.8180150431029],[-121.298033093853,38.8179391723142],[-121.29803232564,38.8179387695104],[-121.298026319649,38.8179356165722],[-121.298020400995,38.8179325053506],[-121.298019685157,38.8179321303226],[-121.297896217184,38.8178707887791],[-121.297769252286,38.8178139840448],[-121.29763906264,38.8177618378887],[-121.297505927332,38.8177144620933],[-121.297370131759,38.817671958215],[-121.297231967022,38.8176344173661],[-121.297091729297,38.8176019200203],[-121.296949719204,38.8175745358395],[-121.295990804138,38.8174079532155],[-121.29608973693,38.8170156771444],[-121.296816825617,38.8170181313262],[-121.29715722763,38.8169673183878],[-121.297985488059,38.8168436659031],[-121.297984969278,38.8168215579386],[-121.297985063656,38.816804890644],[-121.297985438809,38.8167882250463],[-121.29798630559,38.8167715349603],[-121.297987487699,38.8167549016988],[-121.297989056145,38.8167382433127],[-121.297991010113,38.8167216421753],[-121.297993314778,38.8167050706168],[-121.29799597041,38.8166885011792],[-121.29799904666,38.8166719892024],[-121.298002473606,38.8166555068043],[-121.298006285803,38.8166391091126],[-121.298010518888,38.8166227414238],[-121.298015032474,38.8166064028894],[-121.298019966135,38.816590176731],[-121.298025250491,38.8165739801512],[-121.298030955464,38.816557841032],[-121.298036905026,38.8165418132281],[-121.298043274934,38.8165258703424],[-121.298050030362,38.8165099847049],[-121.298057135669,38.816494211019],[-121.29806455603,38.8164785216147],[-121.298072361368,38.816462944374],[-121.298080516857,38.8164474516269],[-121.298089021682,38.8164321257466],[-121.298097911754,38.8164168845719],[-121.298107046687,38.8164017272544],[-121.298116636245,38.8163867374397],[-121.298126470393,38.8163718589398],[-121.298136689244,38.8163571200606],[-121.298823779188,38.8154392923135],[-121.299195218713,38.814930706386],[-121.299222197379,38.8148927280239],[-121.299248231674,38.8148544144453],[-121.299273356965,38.8148157384048],[-121.29928906771,38.8147903645721],[-121.29929750252,38.814776754395],[-121.299320808724,38.8147374632635],[-121.29934317029,38.8146978643756],[-121.299364551584,38.8146580124358],[-121.299384988242,38.8146178527406],[-121.299404479726,38.8145774402063],[-121.29942299067,38.8145368020792],[-121.299440556713,38.8144958836561],[-121.299463663909,38.8144375893788],[-121.299478883361,38.8143961625278],[-121.299493052089,38.8143545096627],[-121.299506239474,38.8143127135806],[-121.299518480884,38.8142707470357],[-121.2995297064,38.814228582147],[-121.299539915482,38.8141862738306],[-121.299549142958,38.8141438497561],[-121.299557354004,38.8141012822544],[-121.299564583718,38.8140585715372],[-121.299575525925,38.81397746748],[-121.299598535217,38.813772319613],[-121.299627092532,38.8135170093731],[-121.299661507516,38.8132050307377],[-121.299662207222,38.8131625003147],[-121.29967661074,38.8126177236001],[-121.299700241025,38.8117240893275],[-121.299739788775,38.810579022607],[-121.299466210655,38.8105706727784],[-121.297166000191,38.8105003474461],[-121.297040745656,38.810496527714],[-121.297024904614,38.8104960474068],[-121.29678734234,38.8104887742133],[-121.296441437173,38.8104887938121],[-121.296047152385,38.8104888074948],[-121.296050684053,38.810185264839],[-121.296230888303,38.8101847367763],[-121.296968990864,38.8101931746734],[-121.296969552498,38.8101931643432],[-121.297242286412,38.810192659288],[-121.297778087367,38.8101594612763],[-121.298085415571,38.8101404086005],[-121.298204849153,38.8101330023198],[-121.298338364592,38.8101247336372],[-121.299752917365,38.8100370801287],[-121.299756058645,38.8100370578781],[-121.299756391253,38.8100193210931],[-121.299783974312,38.8085245411268],[-121.299784319129,38.8081990802918],[-121.299810897016,38.8065353910379],[-121.299810741694,38.8064834505782],[-121.299810523012,38.8063345916556],[-121.299810218811,38.804758170924],[-121.299768095291,38.8043335175694],[-121.299749132793,38.8041423404423],[-121.299739172138,38.8040419847724],[-121.299714702903,38.8037953063561],[-121.299713075533,38.8037788208777],[-121.299692254526,38.8036409790205],[-121.299664168292,38.8035039286012],[-121.299628864904,38.8033679039804],[-121.29958640477,38.8032331377631],[-121.299536860539,38.8030998604013],[-121.299480316971,38.8029682997997],[-121.299416870794,38.8028386809259],[-121.299346630537,38.8027112254263],[-121.299298636762,38.802631646715],[-121.299260794243,38.8025724629544],[-121.299192582512,38.8024725292841],[-121.299120097026,38.8023744550957],[-121.299062777482,38.8022891674555],[-121.299007862336,38.8022029165817],[-121.298955378001,38.8021157439716],[-121.298905349718,38.8020276915657],[-121.298836265114,38.8018966461192],[-121.298772619612,38.8017639247899],[-121.298755862433,38.8017266572418],[-121.298755158533,38.8017250878029],[-121.298733644706,38.8016755446147],[-121.298686654833,38.8015598666094],[-121.298643768231,38.8014432166443],[-121.298602408278,38.8013172566383],[-121.298565832541,38.8011903935889],[-121.298546519157,38.801115243984],[-121.298519196196,38.8009948562748],[-121.298496165457,38.8008739201653],[-121.29847744476,38.8007525293423],[-121.298463048585,38.8006307778441],[-121.298452988062,38.8005087599884],[-121.298447270963,38.8003865702983],[-121.298445901694,38.8002643034297],[-121.298448881292,38.8001420540979],[-121.298454877967,38.8000376559435],[-121.298464046104,38.7999333989343],[-121.298478874671,38.7998110041304],[-121.298498073872,38.7996889819328],[-121.298792512163,38.7991931948258],[-121.29882409153,38.7991400043202],[-121.298680184691,38.7988128208877],[-121.298679926947,38.798812270142],[-121.298679514962,38.7988113477622],[-121.298669588584,38.7987895811141],[-121.298668850034,38.7987879702756],[-121.298666050747,38.7987818299111],[-121.298639049739,38.7987230409006],[-121.298608004748,38.7986562367566],[-121.298523009442,38.7984775751544],[-121.298435528533,38.7982996498448],[-121.298337008355,38.7981059094726],[-121.29823554112,38.7979131028933],[-121.298069704352,38.7976112273034],[-121.297919953159,38.7973512956646],[-121.297764802675,38.7970933107867],[-121.297717970141,38.7970175140489],[-121.297562785577,38.7970106579394],[-121.2974278828,38.7970004398926],[-121.297293562364,38.796986283034],[-121.297160011997,38.7969682071496],[-121.297027418354,38.7969462375029],[-121.296895966752,38.7969204047994],[-121.296765840909,38.7968907451438],[-121.296637222693,38.7968572999891],[-121.296510291862,38.7968201160794],[-121.296503382952,38.7968179735758],[-121.296500479556,38.7968170635542],[-121.296412837356,38.7967886435173],[-121.296326175401,38.7967584387014],[-121.296027738367,38.7963902107665],[-121.295949569197,38.7963481563451],[-121.295873037919,38.7963042958291],[-121.295798212648,38.7962586682578],[-121.295725159982,38.7962113142431],[-121.295653944939,38.7961622759338],[-121.295584630903,38.7961115969775],[-121.295517279562,38.796059322482],[-121.295451950861,38.7960054989754],[-121.295374441044,38.7959372331486],[-121.295300184567,38.7958667874445],[-121.295229281446,38.7957942567575],[-121.295161827182,38.7957197387903],[-121.2951438059,38.7956988288547],[-121.295141256844,38.7956958065701],[-121.295140459108,38.7956948681058],[-121.295137909915,38.7956918595499],[-121.29513379993,38.7956870154652],[-121.295133591861,38.795686767067],[-121.300196447721,38.7956693201934],[-121.300320244417,38.7956688854132],[-121.300511395809,38.7956682246734],[-121.300572592291,38.7956680166343],[-121.300842169372,38.7956670725553],[-121.300833337992,38.796440456216],[-121.300833186555,38.7964540751951],[-121.300832787179,38.7964893444635],[-121.300832713757,38.7964950281291],[-121.300799207498,38.799397977165],[-121.300785974732,38.8005939212634],[-121.300784554676,38.8007205007674],[-121.300772312255,38.8018263837153],[-121.30076701679,38.8023042560026],[-121.30076593226,38.8024002751476],[-121.300764147118,38.8025568381461],[-121.300758446853,38.8030615907602],[-121.300732977886,38.8053089925328],[-121.300730830782,38.8054987792308],[-121.300729753986,38.8055940020724],[-121.300721497286,38.8063229729062],[-121.300683614262,38.8100321842911],[-121.300702694493,38.8100333838177],[-121.301266842445,38.810068783011],[-121.302467497903,38.8101441129329],[-121.302468935934,38.8101442039473],[-121.302483596852,38.8101451295056],[-121.302484193175,38.8101451605462],[-121.302862800778,38.8101689068938],[-121.303059592869,38.810167836232],[-121.303119328966,38.8101675081756],[-121.303263862051,38.8101665904148],[-121.304173406461,38.8101607708522],[-121.304649579573,38.8101577187955],[-121.305144301912,38.8101545423544],[-121.305709799103,38.8101509081939],[-121.307061734376,38.8101422177482],[-121.307092920269,38.8101400697495],[-121.30742463194,38.8101377645135],[-121.307424629265,38.8101380390917],[-121.307687831458,38.8101360110551],[-121.307780407531,38.8101366589368],[-121.307955879406,38.8101355215623],[-121.307965232038,38.8093350531254],[-121.307979719508,38.8080935072198],[-121.308013384029,38.8080871999165],[-121.308013869285,38.8080589745307],[-121.308029030113,38.8071826701886],[-121.308042043151,38.8066604696259],[-121.308096722973,38.8056971620432],[-121.308151364002,38.8053761025116],[-121.309231539455,38.8051734835809],[-121.310529841042,38.8049299034557],[-121.311867245364,38.80467900295],[-121.31190490429,38.8048018735419],[-121.312636809197,38.8071919907726],[-121.312644328609,38.807216446685],[-121.31264497479,38.8072185786131],[-121.313886855426,38.8069856381496],[-121.315220576826,38.8067354597522],[-121.316049043538,38.8065800472366],[-121.317981456283,38.806217523876],[-121.318191519162,38.806178103608],[-121.318871839685,38.8060504688426],[-121.320425372152,38.807158562774],[-121.320439175244,38.8071684190796],[-121.320437890179,38.8072698328067],[-121.320432942877,38.8076626378423],[-121.32042134425,38.8085824593714],[-121.320402808749,38.8100536108774],[-121.320402802713,38.8100542424078],[-121.32040278346,38.8100544207811],[-121.321284186608,38.8100476023692],[-121.321378003806,38.8100469011562],[-121.321405799927,38.8100468576134],[-121.321414538896,38.8100468400222],[-121.324077803753,38.8100429968606],[-121.326776155072,38.810040023683],[-121.327242430643,38.8100386065042],[-121.329883494773,38.8100348586023],[-121.330439503545,38.8100340698398],[-121.330501408097,38.810034495335],[-121.330699316802,38.8100358418974],[-121.33077500143,38.8100357288181],[-121.330776335118,38.8100357227729],[-121.330821977513,38.8100356562356],[-121.330863934816,38.8100355959097],[-121.330864040097,38.8100355965162],[-121.331219247491,38.8100350337123],[-121.33139472789,38.8100347534099],[-121.331570190742,38.8100344727414],[-121.331745671139,38.8100341919089],[-121.331921133988,38.8100339107102],[-121.331942963788,38.8100338715166],[-121.331943069069,38.8100338721221],[-121.332096614382,38.8100336293474],[-121.332242754416,38.8100333987142],[-121.332272094774,38.8100333477195],[-121.332447557619,38.8100330657257],[-121.332470878899,38.810033035005],[-121.33262303788,38.8100327972965],[-121.332698968287,38.8100326706461],[-121.332798500851,38.8100325010435],[-121.332970436392,38.8100322391864],[-121.332973981109,38.8100322320842],[-121.333134054221,38.8100319842374],[-121.333149443819,38.8100319627589],[-121.333324924204,38.8100316795404],[-121.333346315204,38.810031651294],[-121.333442338142,38.8100314884548],[-121.333500404072,38.8100314509725],[-121.333675865106,38.8100313593282],[-121.333844394627,38.8100312825826],[-121.333844499908,38.8100312831864],[-121.333851343686,38.8100312675195],[-121.334026806391,38.8100309968689],[-121.33419672391,38.8100307353552],[-121.334200338814,38.8100307286178],[-121.334202286641,38.8100307260538],[-121.334428462893,38.8100304022506],[-121.334656517039,38.8100300475755],[-121.334694561007,38.8100300046375],[-121.334884500739,38.8100297195085],[-121.33488460602,38.8100297201114],[-121.335112625325,38.8100293368818],[-121.335112730606,38.8100293374845],[-121.335340748882,38.8100290636387],[-121.33535601578,38.810029027436],[-121.335356121061,38.8100290280384],[-121.335531583626,38.8100287688435],[-121.335568838113,38.810028707373],[-121.335707063864,38.810028495755],[-121.335796927214,38.8100283643885],[-121.335882526427,38.81002823603],[-121.336025016312,38.810028020956],[-121.336058006535,38.8100279761402],[-121.33623348677,38.8100277022564],[-121.336253070315,38.810027676875],[-121.336408949328,38.8100274417361],[-121.336550860037,38.8100272364376],[-121.336584429432,38.810027181051],[-121.336991069576,38.8100265648479],[-121.336991174857,38.8100265654489],[-121.337064578121,38.8100264627079],[-121.337105570337,38.8100263946189],[-121.337194240369,38.8100262690904],[-121.337243953873,38.8100261958022],[-121.337674810425,38.81002552317],[-121.337674915706,38.8100255237703],[-121.337679372857,38.8100255217275],[-121.337854853079,38.8100252453941],[-121.337902969692,38.8100251764499],[-121.338030315626,38.8100249824246],[-121.33813105877,38.8100248288817],[-121.338205795718,38.8100247192899],[-121.338359147846,38.8100244808656],[-121.338381258389,38.8100244420612],[-121.338556738479,38.8100241783963],[-121.338587236919,38.8100241324016],[-121.338732200892,38.8100239280954],[-121.338815185361,38.8100238101484],[-121.338815290642,38.8100238107478],[-121.338907680979,38.8100236639003],[-121.339043379711,38.810023461388],[-121.339083161065,38.8100233994401],[-121.339258623729,38.8100231208861],[-121.339324042666,38.8100230262144],[-121.33943410394,38.8100228421667],[-121.339609566602,38.8100225630825],[-121.339754285168,38.8100223286461],[-121.339767832217,38.8100223095463],[-121.339785046809,38.810022283833],[-121.339960509214,38.8100220316765],[-121.340065867295,38.8100218889513],[-121.340065972576,38.8100218895495],[-121.340184955792,38.8100208767845],[-121.340280353,38.8100200594433],[-121.340490872473,38.8100182756666],[-121.34053430662,38.810017904451],[-121.340550486967,38.8100177629146],[-121.340701391936,38.8100164915084],[-121.340708411561,38.8100164352466],[-121.340711623013,38.8100164122867],[-121.340866318602,38.8100151072642],[-121.340905944573,38.8100147692169],[-121.34091191126,38.8100147206975],[-121.341024243311,38.8100137654378],[-121.341122430701,38.8100129357761],[-121.341182150467,38.8100124232971],[-121.341204613341,38.8100122349275],[-121.341332950132,38.8100111504732],[-121.341340075037,38.8100110947703],[-121.341397636157,38.810010611128],[-121.341497982054,38.8100097659291],[-121.341543469298,38.8100093922466],[-121.341594168713,38.8100089657146],[-121.341655906485,38.8100084507018],[-121.341753988453,38.8100076336385],[-121.341787173965,38.8100073411683],[-121.341813813618,38.8100071077024],[-121.341964508233,38.810005806004],[-121.341971720871,38.8100057507594],[-121.341980197136,38.8100056752139],[-121.342129627865,38.8100044210596],[-121.342173219917,38.8100040501255],[-121.342175027495,38.8100040329038],[-121.342287552399,38.8100030912444],[-121.342366225142,38.810002424617],[-121.342385546745,38.810002259422],[-121.342445459508,38.8100017473863],[-121.342559248159,38.8100007714293],[-121.34259606624,38.8100004581008],[-121.342603401832,38.8100003897832],[-121.342761308801,38.8099990592246],[-121.342806585469,38.8099986838558],[-121.342863128727,38.8099982074578],[-121.342919233312,38.8099977285506],[-121.343017104689,38.8099969092294],[-121.34307714027,38.8099963975626],[-121.343227624151,38.8099951067635],[-121.343229537009,38.8099950901206],[-121.343235065023,38.8099950390013],[-121.343392971969,38.809993707584],[-121.343450954312,38.8099932115759],[-121.343719069808,38.8099909374583],[-121.343921832268,38.8099892272005],[-121.344427001239,38.8099849402027],[-121.344854673219,38.8099813122754],[-121.345049047227,38.8099796625711],[-121.345289891052,38.809977642931],[-121.345693836848,38.809974180223],[-121.345709174801,38.8099740469522],[-121.346129616345,38.8099704834374],[-121.346412473027,38.8099680664156],[-121.346725092899,38.8099654042228],[-121.34688296462,38.8099640678634],[-121.347040871429,38.8099627314867],[-121.347198778232,38.8099613948953],[-121.347354543812,38.8099601009762],[-121.347356649683,38.8099600853501],[-121.347514521633,38.8099587206743],[-121.347672393576,38.8099573557841],[-121.347830300355,38.8099560183342],[-121.347988172035,38.8099546804726],[-121.348146079306,38.8099532876775],[-121.34830395047,38.8099520043025],[-121.348461856974,38.809950693452],[-121.348615183875,38.8099493429736],[-121.348619729133,38.8099492998162],[-121.348939649074,38.8099465902259],[-121.349061131605,38.8099447174109],[-121.349084964724,38.8099443567113],[-121.349252821046,38.8099410960158],[-121.349275251044,38.8099406587676],[-121.349275637074,38.8099406609304],[-121.349440614946,38.8099374662148],[-121.349442195319,38.8092507450036],[-121.349435947204,38.8085930455915],[-121.349444579348,38.8082211025338],[-121.349445865794,38.8076681476599],[-121.349452222765,38.8075832241249],[-121.349454710139,38.8075549274962],[-121.349456032784,38.8075407796241],[-121.349460245984,38.8074983785703],[-121.349484309137,38.8073078883512],[-121.349516678874,38.8071181529212],[-121.349557317307,38.8069293939752],[-121.349606176886,38.8067418320658],[-121.349663200459,38.8065556863447],[-121.349728321334,38.8063711743075],[-121.34980146336,38.8061885115393],[-121.349882541019,38.8060079114628],[-121.349971459518,38.805829585089],[-121.350068114909,38.8056537407708],[-121.350172394207,38.8054805839597],[-121.350284175519,38.8053103169656],[-121.350403328192,38.8051431387205],[-121.350529712964,38.8049792445465],[-121.350663182125,38.8048188259274],[-121.350803579691,38.804662070285],[-121.350857301614,38.8046049805773],[-121.350923000129,38.804537179995],[-121.351035300147,38.8044359696853],[-121.351150632582,38.8043368693984],[-121.351268932693,38.804239934752],[-121.351390134075,38.8041452201477],[-121.351514168697,38.8040527787415],[-121.351640966938,38.8039626624129],[-121.351770457625,38.8038749217368],[-121.351902568078,38.8037896059543],[-121.352012242751,38.8037218296522],[-121.352123571645,38.8036557254284],[-121.35227514916,38.8035698709629],[-121.352429515678,38.8034871152818],[-121.35557592876,38.8018716933862],[-121.355754588608,38.8017737987518],[-121.355929219065,38.8016715492037],[-121.356099646842,38.8015650462165],[-121.356265702823,38.8014543954853],[-121.356427222232,38.8013397068209],[-121.3565840448,38.8012210940411],[-121.356736014919,38.8010986748571],[-121.3568829818,38.8009725707572],[-121.357024799622,38.8008429068858],[-121.357161327675,38.8007098119196],[-121.357292430501,38.8005734179391],[-121.357417978029,38.8004338602982],[-121.357537845702,38.8002912774895],[-121.357651914603,38.8001458110067],[-121.35776007157,38.7999976052045],[-121.357862209312,38.7998468071549],[-121.357878177863,38.7998271110089],[-121.357890395752,38.7998030830091],[-121.357953891397,38.799700764765],[-121.358014628078,38.7995974259883],[-121.358072579036,38.7994931122269],[-121.358127718742,38.7993878694583],[-121.358180022904,38.7992817440692],[-121.358229468482,38.7991747828352],[-121.358276033695,38.7990670329001],[-121.358319698033,38.7989585417549],[-121.358335184174,38.7989281062853],[-121.358342756046,38.7988978330298],[-121.358393557171,38.7987537081665],[-121.358439257081,38.7986085412807],[-121.358479821007,38.7984624429138],[-121.358515218093,38.7983155243161],[-121.358545421416,38.7981678973615],[-121.358570408012,38.7980196744629],[-121.358590158886,38.797870968486],[-121.358604659031,38.7977218926638],[-121.358606179865,38.7974521131856],[-121.358604341972,38.7961560776796],[-121.358603766239,38.7957433195835],[-121.358603753479,38.7957388985609],[-121.358603273226,38.7953953110329],[-121.358603178535,38.7953241084642],[-121.358603183317,38.7945921525341],[-121.358603178146,38.7944371033811],[-121.358601794945,38.793896009566],[-121.358601751296,38.7938794513462],[-121.358601552166,38.7937984314793],[-121.358601459252,38.7937620473475],[-121.358601237582,38.7936776910461],[-121.358601179062,38.7936511100865],[-121.358601066377,38.793614972979],[-121.358600941219,38.7935724377775],[-121.358600884446,38.7935573348294],[-121.358601002938,38.7935072359265],[-121.358601156327,38.7934357601234],[-121.358601241396,38.7933952031545],[-121.358601492567,38.7932837059088],[-121.358601584985,38.7932462244256],[-121.358601729954,38.7931756821919],[-121.358601838911,38.7931266404192],[-121.358601890484,38.7931053597184],[-121.358602093586,38.7930128091467],[-121.358602249495,38.7929449442573],[-121.358602384147,38.7928774911402],[-121.35860276758,38.7927065863442],[-121.358602822742,38.7926849075021],[-121.358602840851,38.7926751183484],[-121.35860449423,38.7919257072231],[-121.358604913832,38.7917371737175],[-121.358606052567,38.7912199009594],[-121.358606390101,38.7910638102009],[-121.358608020514,38.7903286090589],[-121.358608139863,38.7902784140396],[-121.358609366667,38.7897221906265],[-121.358609657371,38.7895907443516],[-121.358609676012,38.7895789506662],[-121.358610978324,38.7889890624805],[-121.358611366869,38.7888136955142],[-121.358611948716,38.7885526976409],[-121.358613224666,38.7879696191784],[-121.358615848743,38.7867798887165],[-121.358619786333,38.785002892193],[-121.358621621331,38.7841710486139],[-121.358622243349,38.7838861337644],[-121.358631591931,38.7810090348333],[-121.358632947909,38.7805940764181],[-121.358634082444,38.7802464745885],[-121.358637647785,38.7791468153159],[-121.35863763853,38.7791400602605],[-121.358637600445,38.7789653086345],[-121.35863733604,38.7778449099991],[-121.358637308087,38.7777079425051],[-121.358637064094,38.7766747685694],[-121.358636777029,38.7754635065344],[-121.358636671866,38.7750180050398],[-121.358636645904,38.774911943055],[-121.358636266205,38.7733102079647],[-121.358636167809,38.7728853558875],[-121.35863610354,38.7726415299579],[-121.358635762113,38.7712184180947],[-121.358635557002,38.7703715832495],[-121.358635491597,38.7700850853795],[-121.358635347195,38.7694746898593],[-121.358625859029,38.7676441395815],[-121.358625269762,38.7675285872041],[-121.358617111845,38.7659551600549],[-121.358613641827,38.7652837723765],[-121.358611203138,38.7648111826742],[-121.358605793611,38.7637674759518],[-121.358546681773,38.7553720117903],[-121.358546403235,38.7551753321759],[-121.35854617578,38.7550041077213],[-121.358513280277,38.7539520104894],[-121.35850504427,38.7536888899918],[-121.358506624942,38.7533949044425],[-121.35851009211,38.7527535538996],[-121.358510794473,38.7526231255263],[-121.358511125211,38.7525611514381],[-121.358513578854,38.7521061349034],[-121.35851466705,38.7519056733967],[-121.358515110652,38.7518253433043],[-121.358516501785,38.751824678238],[-121.358516378994,38.7515893365647],[-121.358605634734,38.7515900495722],[-121.358888619886,38.7515922997124],[-121.358890057547,38.7515923076546],[-121.358892038591,38.7515923323282],[-121.359000324966,38.7515922714604],[-121.359508074891,38.7515920131245],[-121.360053942595,38.7515917156319],[-121.360433120101,38.7515915130532],[-121.365342133531,38.7516250395318],[-121.365769917451,38.7516243851064],[-121.377188913258,38.7516061571255],[-121.382411275671,38.7515982866729],[-121.383512311366,38.7515965757254],[-121.383512767211,38.7516411035186],[-121.387362465375,38.7516351838077],[-121.392608533631,38.7516268697849],[-121.392745421487,38.7516159571094],[-121.393060825054,38.7516183347358],[-121.399961154468,38.7516702675036],[-121.40013907109,38.7516715991614],[-121.40035669797,38.751673245574],[-121.400496772516,38.7516731180172],[-121.400665043834,38.7516746873654],[-121.40155556003,38.7516829899024],[-121.403216171251,38.7516832210882],[-121.403216170445,38.7516833171917],[-121.40321706472,38.7516833080608],[-121.403251237818,38.7516832229227],[-121.407837377415,38.751671484244],[-121.40840877817,38.7516767736713],[-121.411174514703,38.7516723318326],[-121.432759503285,38.7516331959694],[-121.439151114849,38.7516208340599],[-121.441576340995,38.7516170421519],[-121.442312868317,38.7516158883253],[-121.443667922915,38.7516137424401],[-121.443932274526,38.7516133343749],[-121.444599526951,38.7516123008907],[-121.44643455879,38.7516094257168],[-121.447081612662,38.7516084051807],[-121.448178118586,38.7516066632645],[-121.448721321776,38.7516058124875],[-121.449490618515,38.7516046040124],[-121.450945910528,38.7516023131424],[-121.451207193642,38.7516019014486],[-121.451261459498,38.7516018285397],[-121.451671338047,38.7516012258952],[-121.452688345986,38.7515997247456],[-121.462110588543,38.7515830384728],[-121.469748186524,38.7515689659276],[-121.469740453952,38.7515760837203],[-121.46965961542,38.7516504308336],[-121.469659937971,38.7519482823307],[-121.469663544058,38.7552121821676],[-121.469663395744,38.7553544201489],[-121.469663746382,38.7589728024996],[-121.469673089216,38.7624952276661],[-121.469686182601,38.766093374],[-121.469685108006,38.7697054862651],[-121.469676132701,38.7715071237406],[-121.4696617098,38.7733007180056],[-121.469660204898,38.7734649443876],[-121.46964866893,38.7763533207564],[-121.46965366776,38.7806468017667],[-121.469666698388,38.7843054352386],[-121.469668043614,38.7846825926627],[-121.46967112873,38.7855486679671],[-121.469673851076,38.7863151884585],[-121.469675117143,38.7866700349124],[-121.46968525038,38.7895176480317],[-121.469692361334,38.7915143159262],[-121.469701748337,38.7941492673571],[-121.469705493328,38.7951998839797],[-121.469811003902,38.7951997067405],[-121.46981050672,38.7952569841841],[-121.469810352988,38.7952776052775],[-121.469782059982,38.7967170201025],[-121.46977281222,38.7971879016307],[-121.469771053655,38.7975084787109],[-121.469759162652,38.7996656805235],[-121.469748930895,38.8015202627765],[-121.469775634395,38.8041511721469],[-121.469795725009,38.8061301994125],[-121.469791698732,38.809686983769],[-121.469786729567,38.8140619881031],[-121.469819333539,38.8140621643853],[-121.469775461052,38.8241572454055],[-121.469775198798,38.8242159379164],[-121.469774601746,38.8243524615602],[-121.469747606595,38.8305622543278],[-121.46971185296,38.838787659528],[-121.469696329812,38.8423692310567],[-121.469693249873,38.8430760939387],[-121.469692473119,38.8432554800079],[-121.469692234289,38.8433110147347],[-121.469688954184,38.8440635134835],[-121.469688737504,38.8441113735185],[-121.46968811489,38.8442559834596],[-121.469680714795,38.8459534918912],[-121.469679972664,38.8461188190662],[-121.469622848062,38.8592543249747],[-121.469616773518,38.8605997582759],[-121.469617446232,38.8613659208445],[-121.469617654266,38.8616132856917],[-121.469619811172,38.8640649258244],[-121.469622387663,38.8678224451959],[-121.469622484807,38.8679317596222],[-121.469623955869,38.8715927268643],[-121.469601001416,38.8750153752388],[-121.46960003696,38.8751116142992],[-121.469560622946,38.8787105822158],[-121.46952404503,38.8823949587867],[-121.469494531924,38.8860925188974],[-121.469477314121,38.8896817260064],[-121.469483973466,38.8935032600893],[-121.469481761706,38.8966285743965],[-121.46948169982,38.8967285792044],[-121.469481641291,38.8968022647301],[-121.469481528155,38.8968244646846],[-121.469481158727,38.8968974348613],[-121.469480279613,38.8970739088003],[-121.469434139452,38.9011003436638],[-121.469366066215,38.9045059152013],[-121.469346396143,38.9054404410532],[-121.469344644739,38.9055243197291],[-121.469343941047,38.9055573494676],[-121.469332124648,38.9061509824756],[-121.469301876375,38.9079129584056],[-121.469266899787,38.9113510795895],[-121.469242223607,38.9148871643795],[-121.469229927576,38.9183983715973],[-121.469229526569,38.9186165571401],[-121.469228399625,38.9195806292822],[-121.4692280812,38.9225004550501],[-121.469230111064,38.9259618592957],[-121.465592952124,38.9259569611348],[-121.461049271651,38.9259114253292],[-121.456517585737,38.9258700791044],[-121.453374140217,38.9258750947783],[-121.452003818453,38.9258850685238],[-121.451656739548,38.9258874146714],[-121.428261122732,38.9260422400992],[-121.426151079358,38.9260559601978],[-121.425028068379,38.9260632662071],[-121.423903756795,38.9260705274782],[-121.42004809523,38.926095456047],[-121.414657793054,38.9261300918868],[-121.414656741983,38.9262191905463],[-121.41465618087,38.9262659226747],[-121.414642274111,38.929348505442],[-121.414640241634,38.929797460851],[-121.414639814583,38.9298662979924],[-121.414639225009,38.9299591058748],[-121.414596885455,38.9327868498826],[-121.414586945898,38.9334506443059],[-121.414428281882,38.9407849168584],[-121.414427467457,38.9409518073058],[-121.41443057842,38.9413929484582],[-121.414455620726,38.9449418615941],[-121.414475162436,38.9477130032748],[-121.41447473483,38.9480887194495],[-121.414474781187,38.9499497374296],[-121.414460834013,38.9529909440941],[-121.414449846144,38.9553836164485],[-121.414453049487,38.9558200480565],[-121.414474676325,38.9587565115265],[-121.414476522071,38.9590080290348],[-121.41436590742,38.95900901022],[-121.414389811263,38.9604719117119],[-121.414547196703,38.9701002195254],[-121.414575714672,38.9721173954004],[-121.414577781925,38.9721482144338],[-121.414580230968,38.9723331060314],[-121.414672515145,38.9771183804019],[-121.414668721815,38.9773393486208],[-121.414566341941,38.9847913846264],[-121.414585136918,38.9868641386115],[-121.414598733744,38.9883647381376],[-121.414761699113,38.9918445905557],[-121.414854495253,38.9919646116404],[-121.414863703527,38.9919765200269],[-121.414961988004,38.9964450760345],[-121.414970231235,38.9975827813909],[-121.414972435233,38.9979980760012],[-121.414968880904,38.9979981130632],[-121.414793130489,38.9980005113455],[-121.414783698929,38.998000642432],[-121.414459797378,38.9980551671345],[-121.413114397424,38.9983324264025],[-121.41209327658,38.998542853394],[-121.410107552915,38.9986394338771],[-121.409571808954,38.9986706852569],[-121.408103989335,38.9987563190498],[-121.406808531346,38.9994779844931],[-121.40680496063,38.9994799707826],[-121.406616844657,38.9996854323912],[-121.406757398141,38.999751801923],[-121.40689798696,38.9998181851924],[-121.406794751444,38.9999263816715],[-121.406715585147,39.0000093426721],[-121.40648193671,39.0002542222909],[-121.406425366017,39.0003135053802],[-121.406421940149,39.0003170987234],[-121.406316857079,39.0004272349214],[-121.406001301608,39.0008128743255],[-121.40590690347,39.00105037637],[-121.405882638761,39.0011114303133],[-121.405623750122,39.00136709423],[-121.405221930441,39.001537263074],[-121.404843381844,39.0016975819939],[-121.404773238406,39.0017322332189],[-121.404297798388,39.0019670994466],[-121.40395061739,39.0022007118475],[-121.403501986747,39.0025861713419],[-121.403107067375,39.0028109971091],[-121.402720499527,39.0031365412598],[-121.402592365731,39.0032768976207],[-121.402592028193,39.0032772803095],[-121.402313950256,39.0035818932111],[-121.402009557506,39.0038622891664],[-121.40199125952,39.0040394540735],[-121.401996666759,39.0042641479241],[-121.401057703802,39.0047850587562],[-121.400546252648,39.0052399011419],[-121.399557509428,39.0059243478433],[-121.399296908879,39.0061675227041],[-121.399260241713,39.006221124937],[-121.399112538691,39.0064370935542],[-121.398887469545,39.0069242692054],[-121.397945839437,39.0072301955676],[-121.397686529647,39.0073471327114],[-121.397390566315,39.0075902577348],[-121.397258394959,39.0078121530328],[-121.397236437251,39.0083644784073],[-121.39693548708,39.00860566809],[-121.396274048425,39.0091357753102],[-121.395912673388,39.0094253743769],[-121.395916434694,39.0095787362606],[-121.395916551135,39.0095815925556],[-121.395493509533,39.0099581612749],[-121.392556496896,39.0106165776108],[-121.391326683954,39.0114002505456],[-121.391323817489,39.0114020752909],[-121.389236068557,39.0126986966523],[-121.38782761327,39.0141368045061],[-121.386261909309,39.0143715465056],[-121.384171566608,39.0143292113946],[-121.384181408593,39.0145171075183],[-121.384561250177,39.0145009374115],[-121.384561954316,39.0145009136732],[-121.384615016606,39.0155264145935],[-121.384635136592,39.0159151419651],[-121.384640140415,39.0160117950882],[-121.385445384034,39.0167022629897],[-121.384886680801,39.0176242831706],[-121.383802707792,39.0181984653919],[-121.383325240558,39.0184513857575],[-121.38263034787,39.0188194528201],[-121.380450304216,39.0196339285752],[-121.379060033683,39.0201533051664],[-121.377892843633,39.0206861169797],[-121.377187022051,39.0210083062052],[-121.377029678437,39.0213287712354],[-121.376216092232,39.0229857976777],[-121.375907102962,39.023615099164],[-121.37526389119,39.0249250215925],[-121.3737214713,39.0264370102009],[-121.372995967094,39.0271430486169],[-121.372378645036,39.0277437989344],[-121.372317178564,39.0278036157347],[-121.371658811067,39.0281725145887],[-121.367806592328,39.0303308541999],[-121.367509512279,39.0304973018575],[-121.36664053688,39.0309841441388],[-121.362400407865,39.0320118289249],[-121.361412436326,39.0315979724136],[-121.360243100498,39.0307277390961],[-121.359982750819,39.0299062594836],[-121.358825598865,39.0296283321261],[-121.358820435531,39.0296270406176],[-121.358734160654,39.0296064112153],[-121.358285225186,39.0297224094119],[-121.354351909475,39.0307385719288],[-121.353737475229,39.0309013447029],[-121.353654582376,39.0309537975494],[-121.349712444259,39.0334481929902],[-121.349004461044,39.033918366592],[-121.346585598241,39.0348970698654],[-121.345053576175,39.0353614423879],[-121.344716400573,39.0354639716056],[-121.343680852942,39.0357795458659],[-121.343358885775,39.0359083660365],[-121.341613558356,39.0365272637172],[-121.341245145675,39.0366579024833],[-121.340967196611,39.0367943787348],[-121.34049047011,39.0370284429889],[-121.340083142399,39.0372390780461],[-121.339936967263,39.0373024207843],[-121.339800654817,39.0373614807665],[-121.336314941855,39.0388716435288],[-121.335516224068,39.0392176551985],[-121.334637618376,39.0395982698871],[-121.331399127,39.0422368856404],[-121.330932258457,39.0425439798666],[-121.330292889691,39.0429645283116],[-121.32969943247,39.0433548858074],[-121.329041902156,39.0437712316265],[-121.328647564468,39.0440209203132],[-121.328526733386,39.0440974239015],[-121.327709031637,39.0443019162473],[-121.325926360047,39.0447477189273],[-121.325627634075,39.0448224215588],[-121.323922624016,39.0442318623134],[-121.322900996808,39.0438779894938],[-121.322742313803,39.0438230289065],[-121.322020988485,39.0439411350892],[-121.32171616087,39.0439910520285],[-121.32163607018,39.0440041641047],[-121.321525579329,39.0440222750799],[-121.321324171071,39.0442059809143],[-121.321318994453,39.0443200137093],[-121.32131047447,39.044507396355],[-121.320887628809,39.044877298774],[-121.320209437,39.0455208179281],[-121.31989210232,39.0458219168844],[-121.319799555389,39.0464795038845],[-121.31968792195,39.0472727345094],[-121.319058816506,39.0487996558962],[-121.318804758907,39.048948781429],[-121.31863700401,39.0490472282419],[-121.316318863545,39.0495295540362],[-121.31627480179,39.0495122163182],[-121.315878072236,39.0496223035361],[-121.31571718985,39.04939501804],[-121.3156590469,39.0493079624736],[-121.31553644361,39.049357738796],[-121.315513539363,39.0493702352189],[-121.313749921179,39.0503326660509],[-121.309011174463,39.0522596074781],[-121.305802493673,39.052321981875],[-121.304679077304,39.0523437870508],[-121.304154966339,39.0514056942015],[-121.303148156803,39.0496035159068]]]},"properties":{"OBJECTID":2,"BOS":"SUPERVISORIAL DISTRICT 2"}},{"type":"Feature","id":3,"geometry":{"type":"Polygon","coordinates":[[[-121.18645449336,38.8928084106452],[-121.186117868932,38.8928003297479],[-121.18569694736,38.8928002386824],[-121.185696570199,38.8928331325045],[-121.185110958348,38.8928333275387],[-121.184931517337,38.8928227094967],[-121.184752726741,38.8928067395933],[-121.184574847832,38.8927854411657],[-121.184398140548,38.8927588453379],[-121.184222863115,38.8927269909752],[-121.184049271668,38.8926899246268],[-121.183877619877,38.8926477004588],[-121.183708158577,38.892600380174],[-121.183728865661,38.892550466881],[-121.182483309053,38.8921713018967],[-121.180777615056,38.8915457424638],[-121.180419211923,38.8914159283621],[-121.179324500652,38.8904206673341],[-121.178807151051,38.8899019704903],[-121.175984288201,38.8865546746263],[-121.173267209292,38.8832648044895],[-121.173154059479,38.8832638488413],[-121.173128573471,38.8832636401328],[-121.173039258432,38.8832628950683],[-121.172998504895,38.8832629072533],[-121.172990349845,38.8824380329971],[-121.172618245939,38.8815894665702],[-121.17207399577,38.8809469927311],[-121.171950572814,38.8806116151297],[-121.171948349174,38.8804982599571],[-121.171953215103,38.8803849552765],[-121.172015849924,38.8801697614257],[-121.171985974171,38.8801167713785],[-121.17198334887,38.8801159563539],[-121.171870326673,38.8799116348115],[-121.17128588534,38.8796835513622],[-121.170816221661,38.8797516386995],[-121.170815906634,38.8797515403442],[-121.170595315838,38.8797836734855],[-121.168904303061,38.8791880816702],[-121.168438523658,38.8785478399686],[-121.167401663823,38.8781342506943],[-121.167281666077,38.8780862902576],[-121.167163750071,38.8780352725885],[-121.16704804324,38.8779812528261],[-121.166934670634,38.8779242893537],[-121.166823754777,38.8778644437362],[-121.166715415538,38.877801780653],[-121.16660977,38.8777363678286],[-121.166506932333,38.8776682759592],[-121.166440574614,38.8776112588268],[-121.166371929193,38.8775559212994],[-121.166301065615,38.8775023194353],[-121.166228055671,38.8774505075346],[-121.166152973326,38.8774005380841],[-121.166075894646,38.8773524617039],[-121.165996897716,38.8773063270961],[-121.165916062564,38.8772621809961],[-121.165782838722,38.8771968862016],[-121.165645983567,38.8771363540161],[-121.165505775555,38.8770807075993],[-121.165362499963,38.8770300601703],[-121.16527741089,38.8770046494304],[-121.165193614254,38.8769767375821],[-121.165111230325,38.8769463646872],[-121.165030377347,38.8769135743396],[-121.164951171366,38.876878413603],[-121.164873726062,38.8768409329432],[-121.164798152589,38.8768011861559],[-121.164724559413,38.8767592302888],[-121.16456174201,38.8766631600192],[-121.164468425027,38.8766150698167],[-121.164371630679,38.8765713808962],[-121.164271698289,38.8765322464117],[-121.16416897818,38.8764978035509],[-121.163582794202,38.8763505643574],[-121.163501492808,38.8763375465007],[-121.163419397709,38.8763280480808],[-121.163336758043,38.8763220979229],[-121.163253824602,38.8763197140845],[-121.163170849067,38.8763209037998],[-121.163088083249,38.8763256634584],[-121.163005778322,38.8763339786159],[-121.162924184062,38.8763458240377],[-121.162070742339,38.8765069597588],[-121.161816620456,38.8765485689557],[-121.161579093559,38.8765874689419],[-121.161468104644,38.8766014175371],[-121.161356632848,38.8766127722152],[-121.161244777366,38.8766215228721],[-121.161132637738,38.8766276617207],[-121.161020313752,38.8766311832981],[-121.160907905363,38.8766320844706],[-121.160795512601,38.8766303644364],[-121.160683235482,38.8766260247259],[-121.160578067968,38.8766193065615],[-121.160473171839,38.8766103642181],[-121.160368624069,38.8765992042576],[-121.160264501373,38.8765858348694],[-121.160160880158,38.8765702658638],[-121.160057836461,38.8765525086654],[-121.159955445895,38.8765325763045],[-121.159853783593,38.8765104834074],[-121.159051243884,38.8763192050071],[-121.158955041103,38.8763016780619],[-121.158857911796,38.8762876160712],[-121.15876006009,38.8762770485875],[-121.158661691628,38.8762699978192],[-121.158563013142,38.8762664785842],[-121.158464232011,38.8762664982784],[-121.158365555833,38.8762700568605],[-121.158267191986,38.8762771468518],[-121.158213939088,38.8762848339939],[-121.158160289669,38.8762905952028],[-121.158106357659,38.8762944182438],[-121.158052257592,38.8762962949981],[-121.158046819922,38.8762956789654],[-121.157999354024,38.8762962550926],[-121.157915765531,38.8762923730905],[-121.157832742917,38.8762838479556],[-121.157750707745,38.876270722976],[-121.157670076565,38.8762530647963],[-121.15757299521,38.8762266454251],[-121.157228167812,38.8761513919301],[-121.157130628077,38.876130908998],[-121.15703167138,38.8761151159819],[-121.156931666401,38.8761040717217],[-121.156830985728,38.8760978173646],[-121.156730004463,38.8760963762124],[-121.15662909883,38.8760997536343],[-121.15652864477,38.8761079370471],[-121.156429016543,38.8761208959622],[-121.154988708787,38.8764407339386],[-121.154906213035,38.8764563614692],[-121.154822895084,38.8764690468629],[-121.154738926571,38.8764787639875],[-121.154654480471,38.8764854928255],[-121.154569730745,38.8764892195155],[-121.15448485198,38.8764899363804],[-121.154400019027,38.8764876419434],[-121.154315406644,38.8764823409312],[-121.153925551441,38.8764184341399],[-121.153711406525,38.876350533011],[-121.153257613625,38.8762000588594],[-121.152620436099,38.8762392692801],[-121.152223957477,38.876551024841],[-121.151765409982,38.8767488630302],[-121.151765102604,38.8767746041888],[-121.150798754283,38.877175654485],[-121.149428641195,38.8777374577917],[-121.149172557803,38.8777951713444],[-121.146262179082,38.8787023008098],[-121.145832553364,38.8788427315637],[-121.145704606754,38.8788809214476],[-121.14568555286,38.8788820308486],[-121.145530046008,38.8789304801393],[-121.14521400529,38.8789093745271],[-121.145192736723,38.8789106048626],[-121.144592560308,38.8788678705534],[-121.143796688259,38.8789915803551],[-121.143008987143,38.8791177064879],[-121.142693768686,38.879168173656],[-121.142429604904,38.8792104766276],[-121.140631969263,38.8787776742675],[-121.140217139134,38.8787860441325],[-121.139618402932,38.8788712430351],[-121.138571707828,38.8788806545345],[-121.137968254149,38.8787522287617],[-121.137092028278,38.8788325834106],[-121.136875582833,38.878850624088],[-121.136155929652,38.8787273398137],[-121.135921163826,38.878587994801],[-121.135920158483,38.8786793044532],[-121.135919920896,38.8787017235058],[-121.135919623356,38.8787290711229],[-121.135919304774,38.8787581485427],[-121.135913825874,38.8792663038673],[-121.135913329985,38.8793128443148],[-121.135910609486,38.8795711371647],[-121.135907102762,38.8795706168275],[-121.135899317512,38.8795694880376],[-121.134811054602,38.8794099407111],[-121.134551096794,38.8793718277514],[-121.134265224236,38.8793299102902],[-121.133694261207,38.8791964319914],[-121.133511244061,38.8794330336284],[-121.133423027784,38.879547075171],[-121.133419517729,38.8795468293306],[-121.133033389709,38.8795215984103],[-121.132222962809,38.8793059799192],[-121.131637708672,38.8792067368767],[-121.131264715633,38.8792006826462],[-121.131189147591,38.8791994589199],[-121.130819228425,38.8791388638453],[-121.130590287181,38.8791185068928],[-121.130532068871,38.8791707666423],[-121.130480905738,38.8792809092182],[-121.130499321651,38.8793922174691],[-121.130518131253,38.8795058078131],[-121.130392042342,38.8795205991581],[-121.130043688104,38.8795062402713],[-121.129862154893,38.8794987582434],[-121.129708529645,38.8794700388331],[-121.129295498337,38.8793928051284],[-121.129004229089,38.8794216528198],[-121.128981197382,38.8794291140622],[-121.12895675957,38.8794366471443],[-121.128932185284,38.8794438496826],[-121.12890740427,38.8794507211506],[-121.128882487119,38.8794572346174],[-121.128877888697,38.8794583671988],[-121.128857433159,38.8794634449972],[-121.128832243063,38.8794692973756],[-121.128825937935,38.8794706643035],[-121.128806917168,38.8794747642954],[-121.128781489928,38.8794799009341],[-121.12875589109,38.879484706765],[-121.128730261499,38.879489155384],[-121.128704495774,38.8794932460012],[-121.128678629042,38.8794969788797],[-121.128652696095,38.8795003817401],[-121.128593939113,38.8794806943457],[-121.128533569749,38.8794642554119],[-121.128471881541,38.8794511448703],[-121.128409174439,38.8794414264688],[-121.12800751164,38.8794198106234],[-121.127968169709,38.8794152589865],[-121.127930602569,38.8794050553757],[-121.127896126868,38.8793895574058],[-121.1278659509,38.8793693082468],[-121.127841132265,38.8793450175873],[-121.127822540793,38.8793175367608],[-121.127810828066,38.8792878289077],[-121.127806404579,38.8792569352198],[-121.127797237687,38.8792095534043],[-121.127628909567,38.8792275579557],[-121.127459957723,38.8792415451183],[-121.127290539058,38.8792515019024],[-121.127120810908,38.8792574190613],[-121.127116742566,38.8792568667821],[-121.126973292993,38.8792592770543],[-121.126770158646,38.8792574012141],[-121.126567272406,38.8792493350569],[-121.126390746068,38.8792372558339],[-121.126214847544,38.8792204903013],[-121.125844073482,38.8780778373237],[-121.125828649392,38.8780198904027],[-121.125808408975,38.8779628562633],[-121.12579844275,38.8779477196781],[-121.125801449455,38.8779460397856],[-121.125787512002,38.8779153311483],[-121.125875063031,38.8779047172561],[-121.12654358534,38.8778330469058],[-121.126543619103,38.8778303011897],[-121.126547046682,38.8773515671119],[-121.126558240553,38.8763554956797],[-121.126566823677,38.8758174323826],[-121.126566858113,38.8758146317515],[-121.125704529003,38.8758679844846],[-121.125405285187,38.8758864931699],[-121.125325489423,38.8758366301188],[-121.125244590005,38.8757879669345],[-121.125162658534,38.8757403943147],[-121.125155192414,38.8757362191744],[-121.12507972912,38.8756939948931],[-121.124995766635,38.8756487684032],[-121.124910911917,38.8756046884432],[-121.124825058233,38.8755618640465],[-121.124738346759,38.8755202413546],[-121.124650707242,38.8754798198363],[-121.12456224404,38.8754406826548],[-121.124472958163,38.8754027474366],[-121.124382848595,38.8753660965515],[-121.124291985581,38.8753307305265],[-121.124200369795,38.8752965944457],[-121.124108000217,38.8752637706788],[-121.124014982219,38.875232260018],[-121.123921315797,38.8752020624617],[-121.12382703641,38.8751731508161],[-121.123732108251,38.8751455797291],[-121.123636601905,38.8751193222716],[-121.123540586939,38.8750944338861],[-121.123444028901,38.8750708593923],[-121.123346997359,38.8750486542329],[-121.123249492646,38.8750277909495],[-121.123151584669,38.8750082975278],[-121.123053343333,38.8749902019542],[-121.12295462915,38.8749734207962],[-121.122855651848,38.8749580380142],[-121.12275634117,38.8749440530776],[-121.12265676804,38.8749314116013],[-121.122557036809,38.8749201967513],[-121.122507320619,38.8749152906449],[-121.122456972865,38.8749103248303],[-121.122356785933,38.8749018797997],[-121.122256441223,38.874894833937],[-121.122203417134,38.8748918249049],[-121.122155939406,38.8748891323274],[-121.122055384835,38.8748848581377],[-121.122034754327,38.8748842629786],[-121.121960396485,38.8748821361864],[-121.121954777843,38.8748819839107],[-121.121854153887,38.8748804824545],[-121.121753512624,38.8748803812261],[-121.121652888831,38.874881707948],[-121.121579903315,38.8748836553195],[-121.121552388898,38.874884381045],[-121.121451941549,38.8748884823581],[-121.121351618047,38.8748939300469],[-121.121251452833,38.8749007792914],[-121.121151481024,38.8749090303577],[-121.121051738082,38.8749186560547],[-121.120952223998,38.8749296563829],[-121.120852973894,38.8749420316085],[-121.120754022888,38.8749557819979],[-121.12065547669,38.8749708808917],[-121.120557264364,38.874987382674],[-121.120459386925,38.8750052049738],[-121.120361984528,38.8750243763126],[-121.120259632264,38.8750461187861],[-121.118967479813,38.8753427564099],[-121.117355620186,38.8757149384864],[-121.117352097071,38.8757157629893],[-121.117350836549,38.8751443438765],[-121.117347348246,38.8751451961031],[-121.117116876583,38.8751984204068],[-121.117038918016,38.8752188899424],[-121.116995117866,38.875229788297],[-121.116951252573,38.8752402742445],[-121.116907427512,38.8752503485851],[-121.116863573458,38.8752599284138],[-121.116819725195,38.8752690414546],[-121.116775882724,38.8752776877074],[-121.116732047071,38.8752857848009],[-121.116688217553,38.8752933876494],[-121.11664435973,38.8753004410717],[-121.116600473943,38.8753069176106],[-121.116556595319,38.875312817533],[-121.116512689076,38.8753181131149],[-121.116468720088,38.8753228040892],[-121.116424759633,38.8753268086185],[-121.116380666186,38.8753302080061],[-121.116336546148,38.8753329206816],[-121.116292398838,38.8753350015592],[-121.116248120589,38.8753363125521],[-121.11620381507,38.8753369917469],[-121.116159378615,38.8753369010567],[-121.116114915918,38.875336096197],[-121.116070356729,38.8753345766335],[-121.116025665925,38.875332342099],[-121.115980879316,38.8753293379462],[-121.115936031686,38.8753255918992],[-121.11589108757,38.8753211311479],[-121.115846082095,38.8753159559595],[-121.115800980137,38.8753100660666],[-121.115755816822,38.8753034617363],[-121.115710627277,38.8752961432358],[-121.115665375353,38.8752881926692],[-121.115620166426,38.875279610838],[-121.115575106215,38.8752703710868],[-121.115530228479,38.8752605835117],[-121.115485569028,38.8752501934657],[-121.115441092737,38.8752392006819],[-121.115396799267,38.8752276326176],[-121.115352829117,38.8752154903421],[-121.115309077257,38.8752027455969],[-121.115265577785,38.8751894810208],[-121.115222331729,38.8751756142427],[-121.115179444466,38.875161146065],[-121.115136809594,38.8751461580573],[-121.115094568298,38.8751305963752],[-121.115052579738,38.8751144874067],[-121.115011019881,38.8750978050319],[-121.114969747886,38.8750805756387],[-121.114928904254,38.8750628002972],[-121.114828799214,38.8750196402869],[-121.114727623778,38.8749778175654],[-121.114625307693,38.8749373315949],[-121.114521919836,38.8748982927362],[-121.114417566261,38.8748606468747],[-121.11431221184,38.8748243937403],[-121.114205961599,38.8747895615903],[-121.114098851002,38.8747561232328],[-121.113990879015,38.874724161037],[-121.113882081786,38.8746935928966],[-121.113772563656,38.8746645019841],[-121.113662360428,38.874636833651],[-121.113551436289,38.8746106425419],[-121.113467518853,38.8745920439517],[-121.113439896604,38.8745859294581],[-121.113327811961,38.8745626674768],[-121.113215182011,38.8745408840534],[-121.113102006404,38.8745206066435],[-121.112988426318,38.8745017814033],[-121.112874370811,38.8744844627097],[-121.112760015501,38.8744686519018],[-121.112645325255,38.8744543487106],[-121.112530300752,38.8744414982207],[-121.112415045644,38.8744302385215],[-121.112299526172,38.8744204595154],[-121.112183917952,38.8744121625431],[-121.112068184821,38.8744054297071],[-121.111952362585,38.8744002063614],[-121.111836416111,38.8743964922373],[-121.111720555796,38.8743943164018],[-121.111604641821,38.8743936228673],[-121.111488848429,38.8743945228043],[-121.111373142204,38.8743968786593],[-121.111246133798,38.8744013173143],[-121.111238879178,38.8734313009794],[-121.111237580955,38.8731602358093],[-121.111236477034,38.8729311992739],[-121.111234729623,38.872569691944],[-121.111232963583,38.8724497342205],[-121.111232843185,38.8724425113837],[-121.109996821659,38.8727119774869],[-121.109805682322,38.8727445751868],[-121.109613356086,38.8727725841294],[-121.109420023193,38.8727959780656],[-121.109225864828,38.8728147350711],[-121.109031062952,38.8728288375673],[-121.108835800129,38.8728382723376],[-121.108640259354,38.8728430305401],[-121.108444623884,38.8728431077155],[-121.10799654981,38.8728325171601],[-121.107628034406,38.8728181146012],[-121.107629174046,38.8727329843401],[-121.107570413935,38.8727044007301],[-121.10709209507,38.8724717270125],[-121.106769037219,38.8723608614413],[-121.106760118309,38.8723577997949],[-121.106669792372,38.8723170281709],[-121.106571747203,38.8722727784084],[-121.105734508662,38.8718949061531],[-121.105707369473,38.8718826425337],[-121.105711537585,38.8717343094285],[-121.105713958633,38.8716480219761],[-121.105717660401,38.8715158041686],[-121.105720108156,38.8714287892355],[-121.105722025261,38.87136020946],[-121.105723277718,38.8713221049239],[-121.105734527652,38.8709809213473],[-121.106451792869,38.8709877824664],[-121.106964204693,38.8708965444945],[-121.107072247621,38.8703520507763],[-121.107075689991,38.8703520497586],[-121.108060460559,38.8703512072792],[-121.108137475366,38.8703511391456],[-121.108138379343,38.8702791328256],[-121.108149247266,38.8694134369721],[-121.109202940495,38.869419456892],[-121.109206383329,38.8691448855435],[-121.109264810343,38.8691452234257],[-121.109389725243,38.8691459334015],[-121.110677895747,38.8691532693976],[-121.111554899163,38.8691582593736],[-121.111554879199,38.8691584514393],[-121.111697552398,38.8691561642462],[-121.111711254148,38.8691559394333],[-121.112143314277,38.8691489840457],[-121.112159453277,38.869098485236],[-121.1121972873,38.8689801205526],[-121.112152017797,38.8688699357382],[-121.112229429265,38.868704477767],[-121.112383548236,38.8686519159423],[-121.112394292607,38.8686409866185],[-121.112551828357,38.8684807809217],[-121.112600907566,38.8683759847023],[-121.112597525886,38.868202413165],[-121.11261085037,38.8681184879996],[-121.112618532012,38.8680701350725],[-121.112698900162,38.8679349600238],[-121.112831812957,38.8679265008851],[-121.113020506619,38.8677884177913],[-121.113425823477,38.8675397861856],[-121.113538053484,38.8675589577777],[-121.113678051985,38.8675174077768],[-121.113741544887,38.8675296721238],[-121.113837690191,38.8674529136711],[-121.113866085001,38.8674010938814],[-121.113919907678,38.8673917010376],[-121.114081514396,38.8672171903289],[-121.114084950621,38.8671810520076],[-121.11436702889,38.8669139035892],[-121.114366131319,38.8667717650069],[-121.11436531947,38.866634020638],[-121.114494285617,38.8664882856398],[-121.114458084173,38.8663408255073],[-121.114593209313,38.8660023972202],[-121.114617637763,38.8659587300455],[-121.114716283779,38.8658417064467],[-121.114796058364,38.8657536464054],[-121.114917414164,38.8656434408445],[-121.114829570624,38.8654770385084],[-121.11482298232,38.8654645627922],[-121.114828884937,38.8654390426982],[-121.11482903022,38.8654048289339],[-121.114832014208,38.8653513874894],[-121.114839261882,38.8652855666981],[-121.114795365855,38.8652397864995],[-121.114774949975,38.8651728625932],[-121.114754500038,38.8651058560439],[-121.114770157064,38.8650585797236],[-121.114798024913,38.8650122751059],[-121.114855826998,38.8649229492989],[-121.114924229516,38.8648736306846],[-121.114924796567,38.8648732231059],[-121.115012176586,38.8647835457824],[-121.115047234595,38.8647634100895],[-121.115085535768,38.8646915648718],[-121.115097750133,38.8646696900446],[-121.115152001832,38.8646623319336],[-121.115164250949,38.864640484824],[-121.115188367971,38.8645963758024],[-121.115234572633,38.8645329110088],[-121.115284664384,38.8644957547823],[-121.115302798818,38.8644864191885],[-121.115363005349,38.8644493124542],[-121.115379911407,38.8644455418328],[-121.115455981736,38.8644206655403],[-121.115517858149,38.8643961205485],[-121.11556352584,38.8643955069505],[-121.115614364858,38.8643998754392],[-121.115631118449,38.8643970647134],[-121.115655228138,38.8643930193429],[-121.115698578925,38.8643810197203],[-121.115775105664,38.8643674326571],[-121.115857648536,38.8643756119816],[-121.11593645837,38.8644297579652],[-121.115973561604,38.8644851519109],[-121.116000211339,38.8645451345037],[-121.116068252355,38.8645812398079],[-121.116121225096,38.8645806815418],[-121.116130444825,38.8645086972226],[-121.116104064274,38.8644524786952],[-121.116130209514,38.8643582159112],[-121.116131306779,38.8643264807642],[-121.116138794236,38.8642441034783],[-121.116151125514,38.8642212683397],[-121.116182237614,38.8641681780423],[-121.116243252039,38.8641055943352],[-121.1162899725,38.8640683296682],[-121.116311198974,38.8640221664188],[-121.116394844799,38.8639614022744],[-121.116425401635,38.8639388154932],[-121.116476810641,38.863914272805],[-121.116547525088,38.8638511585566],[-121.1166126342,38.8637925325268],[-121.116716346384,38.8637053945218],[-121.116800397027,38.8636346103503],[-121.116848390707,38.8635994146186],[-121.116814463911,38.8635794956439],[-121.116854718759,38.8635367720507],[-121.116892706554,38.8634588552575],[-121.116966735738,38.8634256970879],[-121.11701406167,38.8633820386075],[-121.117057472795,38.8633538102193],[-121.117102661953,38.8633322955039],[-121.11716337712,38.8633219375238],[-121.11721416893,38.8633017833881],[-121.117391003085,38.8631921613756],[-121.117392374018,38.8631355222868],[-121.117398880061,38.8628803880732],[-121.117412648602,38.8623685876225],[-121.117416774646,38.8622258693428],[-121.117427595991,38.8618523476128],[-121.117427955784,38.8618318653561],[-121.117429483484,38.8617795660934],[-121.117429595331,38.8617762168507],[-121.117432246657,38.861637702439],[-121.117433138614,38.8615913433884],[-121.117447886514,38.8608239410089],[-121.117448296591,38.8608022371718],[-121.117451423914,38.8606367059432],[-121.11745197841,38.8606076165232],[-121.117452030416,38.8606048434809],[-121.117452777958,38.8605573849378],[-121.11745568272,38.8605483178089],[-121.117474298133,38.8604902581654],[-121.117498813882,38.8604138178102],[-121.117559007974,38.8602260518107],[-121.117572672613,38.8601834281462],[-121.117733728186,38.8598108408792],[-121.11793632277,38.8597005074366],[-121.118205569858,38.8595538695131],[-121.118307093487,38.8594995142088],[-121.118331736227,38.8594863282336],[-121.118462932168,38.8595512222666],[-121.118651427882,38.8597576801671],[-121.118883645187,38.8598555088323],[-121.118901151531,38.8598598703499],[-121.119025744249,38.8598909106999],[-121.119083917978,38.8599053972968],[-121.119246877333,38.8600075194779],[-121.11927851802,38.8601494516528],[-121.119333980827,38.8603982592513],[-121.11945298743,38.8605159747557],[-121.119562071992,38.860551551459],[-121.119700487379,38.8605966865294],[-121.119706596197,38.8605968700951],[-121.11992970976,38.8606034749855],[-121.120184964995,38.8606110367064],[-121.12034433973,38.8605703394032],[-121.120351516206,38.8605651351713],[-121.120456221239,38.8604892461587],[-121.120459644838,38.8604878853479],[-121.120828927222,38.8605800607578],[-121.121381885734,38.8609811180115],[-121.122091776966,38.8612653771607],[-121.122616401717,38.8613694568222],[-121.122907365572,38.8615075237072],[-121.123084081756,38.8616411444611],[-121.123173248086,38.8617869144893],[-121.123173936117,38.861786658812],[-121.123196142272,38.8618243363519],[-121.123313544257,38.8618251670061],[-121.124418331712,38.8618340713617],[-121.124419846982,38.8610898136831],[-121.124420360227,38.8600677655206],[-121.125599845541,38.860077660902],[-121.126785005066,38.8600888226306],[-121.127935600094,38.8600060202902],[-121.128901064845,38.8599365513807],[-121.128914299595,38.8599355933704],[-121.129491699579,38.8596736696662],[-121.129582768478,38.8596334641504],[-121.129513896821,38.8595130591266],[-121.129375058139,38.8590263524704],[-121.129417709511,38.8583443522218],[-121.129432017071,38.858244079596],[-121.129450945199,38.8581442762044],[-121.129474469197,38.8580450721684],[-121.129502558374,38.8579465968275],[-121.129535176092,38.8578489785706],[-121.129572279805,38.8577523446687],[-121.129613821122,38.8576568211088],[-121.129659745864,38.8575625324299],[-121.129959600961,38.8570373993205],[-121.130527541725,38.8560911577946],[-121.131142899549,38.8550052370175],[-121.131350427851,38.8546751980942],[-121.132278278402,38.8546629761494],[-121.136072421329,38.8545774626552],[-121.143058202982,38.8545203453852],[-121.143500347004,38.8542298955533],[-121.144256101821,38.8535870565168],[-121.144990729772,38.8529769539358],[-121.146101125569,38.8520795925523],[-121.14677766871,38.8515328272033],[-121.146934919163,38.8514101245513],[-121.147279159441,38.8511415274261],[-121.149842164708,38.8489404073064],[-121.151303032652,38.8477731873264],[-121.151823693456,38.8473571708604],[-121.151874540133,38.8473159130447],[-121.152125309231,38.8471173694587],[-121.152459292414,38.8468500965059],[-121.154364566609,38.8453253543635],[-121.154487758027,38.8452239084374],[-121.154560240464,38.8451641891981],[-121.154831102439,38.8449814105993],[-121.155858440099,38.8440273763407],[-121.156736766358,38.8432865474127],[-121.156999422254,38.8430663041435],[-121.157297003474,38.8428172749341],[-121.157543124311,38.8426113131521],[-121.158013558881,38.842218506745],[-121.158082516253,38.8421609291089],[-121.158429901765,38.8418713841004],[-121.159194039887,38.841236308345],[-121.160248548076,38.8403533882291],[-121.160840837192,38.8398686372793],[-121.160900137794,38.839821189531],[-121.160924524555,38.8398016632963],[-121.161557059065,38.8393451533339],[-121.161732639085,38.839211867598],[-121.16199394331,38.8389905050328],[-121.162221880283,38.8387492126988],[-121.162560147584,38.8384529444953],[-121.16290648643,38.8381686784414],[-121.163609488947,38.8375872840739],[-121.163805402791,38.8374274782369],[-121.163849484609,38.8373915212008],[-121.163899610521,38.8373506374342],[-121.163899203384,38.8374091236765],[-121.166371192459,38.8353338384494],[-121.167705374138,38.8342137111707],[-121.167879164436,38.8340677857008],[-121.171444385121,38.8312042577264],[-121.172065242549,38.8306829403443],[-121.172540593636,38.8302837951192],[-121.173327227151,38.829623181555],[-121.173327631572,38.8295250160067],[-121.173374721742,38.8294846146038],[-121.174392001999,38.8286120944159],[-121.175173748967,38.8279565550066],[-121.175693371052,38.8275539768222],[-121.176122377915,38.8272123733221],[-121.176874511911,38.8266134541671],[-121.177330464569,38.8262311359537],[-121.177402016388,38.8261711351758],[-121.177708558946,38.8258649054796],[-121.1779121084,38.8256615516415],[-121.177912818673,38.8256608427156],[-121.1780450372,38.8254999170933],[-121.178045108354,38.8254998352176],[-121.17810476403,38.8254272282208],[-121.178484692757,38.8251688561891],[-121.178656399365,38.8250520759812],[-121.182530286295,38.8219710181675],[-121.182573092623,38.8219359513046],[-121.182573474426,38.8216249454942],[-121.18256263379,38.8207238891321],[-121.182545517716,38.8201869865167],[-121.182539626067,38.8200018392282],[-121.182519167018,38.8194824872539],[-121.182496041699,38.8180137247227],[-121.182495963194,38.8180083420682],[-121.182376243181,38.8180108769907],[-121.181131006634,38.8180348373415],[-121.180162049269,38.8180535264378],[-121.180149006727,38.8180537776313],[-121.180149010893,38.8180503726566],[-121.180138086132,38.8168884339584],[-121.180137547494,38.8168316571995],[-121.180136409474,38.8168070727237],[-121.180128300328,38.8166321657614],[-121.180095324454,38.8159215089932],[-121.180075905701,38.8155296865301],[-121.180062120726,38.8151789286354],[-121.180059326451,38.8150286218753],[-121.18004820185,38.8144243746141],[-121.180048191902,38.8144237155106],[-121.180048154011,38.8144209143518],[-121.180083089264,38.8142798257841],[-121.179129547955,38.8143067840015],[-121.178242284684,38.8143295351616],[-121.177699650929,38.8143430769088],[-121.176472743361,38.8143717298799],[-121.176068100009,38.8143805031917],[-121.175681014079,38.8143885484456],[-121.175619902324,38.8143890483634],[-121.174958526971,38.8143937986425],[-121.174750694831,38.8143951505766],[-121.174696323594,38.8143955056803],[-121.17463581004,38.8143958720323],[-121.173750923711,38.8144010864812],[-121.17339708248,38.8143722899588],[-121.173295008204,38.8143639846198],[-121.173242621024,38.8143597261982],[-121.173229787166,38.8143586874879],[-121.1731671785,38.8143536011335],[-121.17305095547,38.8143441513918],[-121.173046922373,38.814039099895],[-121.173044891612,38.8139028851276],[-121.173041113821,38.8136513270106],[-121.17303539326,38.8132197839104],[-121.173030851545,38.812876999074],[-121.173030135564,38.812826907406],[-121.17302385714,38.8123950582434],[-121.173023273419,38.8123577362957],[-121.173023045467,38.8123441420995],[-121.173018762326,38.8120787131766],[-121.173014766317,38.8118429153564],[-121.173012100017,38.8116919501525],[-121.173007124131,38.8114166856916],[-121.172997009918,38.8108801326031],[-121.173000294822,38.8107365140525],[-121.173007726108,38.8104114160863],[-121.17301664908,38.810021427614],[-121.173035154339,38.8092118949012],[-121.172624350555,38.8092187174285],[-121.172623683474,38.8092187401363],[-121.172198424535,38.808709709078],[-121.172881493189,38.8084647466963],[-121.173055148176,38.8084614249286],[-121.173070045206,38.8079605689768],[-121.173095534037,38.8071041845746],[-121.173116580285,38.8064200372699],[-121.173120832259,38.8062807367299],[-121.173028999577,38.806282993612],[-121.172989174461,38.8054254712565],[-121.173145746115,38.8054269155935],[-121.173168008987,38.8045505310542],[-121.173169361093,38.8045006462923],[-121.173210661707,38.8033359873074],[-121.173276118669,38.8017052607613],[-121.173304412826,38.8008984470089],[-121.173321443098,38.8002485130744],[-121.173351314088,38.7990523857626],[-121.17336674657,38.7980538110274],[-121.173367727282,38.7979815164153],[-121.173368453938,38.7979310779771],[-121.173370272029,38.7978018377464],[-121.173371633773,38.7977028000215],[-121.17340387688,38.7961182707352],[-121.173409729755,38.7954909387548],[-121.173410205009,38.7954409927926],[-121.173411771526,38.7952760255662],[-121.173411949304,38.7952577111562],[-121.173425670767,38.7937993921854],[-121.173427429999,38.7936117994439],[-121.173434620664,38.7928451733482],[-121.173435696851,38.7927314425627],[-121.173442993921,38.7919556455989],[-121.173445691981,38.7916691493432],[-121.173450988141,38.7911077715924],[-121.173455856255,38.7905922760847],[-121.173457895511,38.7903775550104],[-121.173465177738,38.7896029934826],[-121.173467454693,38.7893617753792],[-121.173471101936,38.788975469456],[-121.173472912141,38.7887834697058],[-121.1734733964,38.7887327411761],[-121.17347876882,38.7872257993373],[-121.17347878207,38.7872231495608],[-121.173497961312,38.7865131618712],[-121.173530755669,38.7853228480369],[-121.173532880497,38.7852456599183],[-121.173533149548,38.7852360920912],[-121.173557901797,38.7850986534633],[-121.173558278289,38.7850587021255],[-121.173574221559,38.7833287104089],[-121.175699404905,38.7833193514324],[-121.176803030383,38.7833112275023],[-121.177895695569,38.783301285509],[-121.178190177345,38.7832985648464],[-121.179098133396,38.7832884023591],[-121.179335104738,38.7832865078437],[-121.180537400404,38.7832798146998],[-121.180661705207,38.7832792640771],[-121.181816621811,38.7832740356704],[-121.181845819913,38.7815331809477],[-121.181847087087,38.7814580873483],[-121.181847153432,38.7814553692966],[-121.182838946776,38.7814560384542],[-121.182838348401,38.7814058240189],[-121.182828104919,38.780546164392],[-121.182817310403,38.7796352471221],[-121.182815971,38.7795258653395],[-121.182795681165,38.7778230916717],[-121.182795535711,38.7778113241249],[-121.182772934496,38.7759861593446],[-121.182750151601,38.7744624055549],[-121.182746704288,38.7742311834639],[-121.182745602028,38.7741576658071],[-121.183896454115,38.7741482701669],[-121.184932578235,38.7741407487175],[-121.185047818504,38.7741400474879],[-121.185046959164,38.7740711448206],[-121.185050467339,38.7740711145289],[-121.18630799243,38.7740646131263],[-121.186717443348,38.7740630887956],[-121.186816718493,38.7740627682385],[-121.187359047441,38.774061101435],[-121.187359869608,38.7741273127496],[-121.187359908393,38.7741300590003],[-121.187359456121,38.7741328018135],[-121.187360576501,38.7742128274908],[-121.187364084681,38.7742127971291],[-121.187409547428,38.7742126897405],[-121.188056338859,38.7742111879135],[-121.188756996103,38.7742109513624],[-121.188828134606,38.7742109816525],[-121.189283812907,38.7742115698884],[-121.189525691904,38.7742118858419],[-121.190879730439,38.7742136287661],[-121.191737344071,38.7742119692496],[-121.191773861455,38.7742118939788],[-121.192032440477,38.7742119639997],[-121.1920362314,38.7741978485979],[-121.19203659884,38.774196382057],[-121.192042226572,38.7741734236601],[-121.192051681637,38.7741285103469],[-121.192249869147,38.7741289284309],[-121.193668892219,38.774131873588],[-121.194716229136,38.7741345302854],[-121.195689277733,38.7741365255546],[-121.196688202779,38.7741364125712],[-121.197714898969,38.7741372517958],[-121.198770586876,38.7741396824903],[-121.19985499863,38.7741425761668],[-121.20044807364,38.7741435183244],[-121.200751688026,38.7741440026659],[-121.200937704725,38.774144294663],[-121.202021352404,38.7741433733972],[-121.203652602504,38.7741365339535],[-121.204348246766,38.7741327089922],[-121.204867059775,38.7741290417968],[-121.205417331453,38.7741243793826],[-121.205655061525,38.774122367905],[-121.205968322261,38.7741197055495],[-121.205996019155,38.7741194693646],[-121.206697540441,38.7741044669505],[-121.207019611174,38.7740100503226],[-121.207299783594,38.7739893095208],[-121.20737220964,38.7739839414021],[-121.207884720169,38.773946030323],[-121.208640528752,38.7739084027956],[-121.210277546788,38.7738268878013],[-121.210377742558,38.7738209927663],[-121.210447324349,38.7738158505228],[-121.210531277721,38.7738084856273],[-121.210534841989,38.7738081391601],[-121.210541180565,38.7738075095027],[-121.210544779908,38.7738071632738],[-121.210545043278,38.7738071376052],[-121.210545517406,38.77380708591],[-121.210551732913,38.7738064828748],[-121.21055192598,38.7738064704579],[-121.210557509674,38.7738059043153],[-121.210558686071,38.7738057887465],[-121.210558808987,38.7738057758525],[-121.210564094082,38.7738052488686],[-121.210572575,38.7738043866406],[-121.210572978285,38.7737696253635],[-121.210573039377,38.7737641201028],[-121.210642865826,38.7737558901866],[-121.210644130368,38.7737557340267],[-121.210685704537,38.7737503874651],[-121.21069431141,38.7737492377574],[-121.210708170277,38.7737473823454],[-121.210808884583,38.7737326758913],[-121.210809710377,38.7737325442066],[-121.210814998815,38.7737317151771],[-121.21081925055,38.7737310575879],[-121.210864037719,38.7737238243537],[-121.210865056885,38.7737236527935],[-121.210874580736,38.7737220562204],[-121.210875371455,38.7737219242968],[-121.210877796376,38.7737215151548],[-121.210878868307,38.7737213302233],[-121.210882944969,38.773720643982],[-121.210886723033,38.7737199969003],[-121.210887074548,38.7737199306405],[-121.210888392463,38.7737197061914],[-121.210892662496,38.7737189800746],[-121.210898057224,38.7737180556547],[-121.21090181775,38.7737174084534],[-121.210902186803,38.7737173423127],[-121.210906456988,38.7737166024665],[-121.210909374182,38.7737160868312],[-121.21091106115,38.7737157962411],[-121.210919021861,38.773714394987],[-121.210920251936,38.7737141836704],[-121.210920691291,38.7737141042776],[-121.210954644443,38.7737079918644],[-121.210958915236,38.773707197101],[-121.210960163,38.7737069721743],[-121.210961533832,38.7737067206243],[-121.210978704842,38.7737035284359],[-121.210982782567,38.7737027460892],[-121.211001219943,38.7736992329879],[-121.211002713995,38.7736989410853],[-121.211003979449,38.7736987025485],[-121.211006633577,38.7736981851227],[-121.211026706522,38.7736942712377],[-121.211029677088,38.7736936873127],[-121.211030134134,38.7736935943098],[-121.211030450573,38.7736935278111],[-121.211031698641,38.773693275426],[-121.211050647802,38.7736894774679],[-121.211054233862,38.7736887466968],[-121.21105713443,38.7736881485655],[-121.211057485945,38.7736880823051],[-121.211059595338,38.7736876572851],[-121.211065835829,38.7736863816289],[-121.211069861396,38.7736855577351],[-121.21107095132,38.7736853317345],[-121.211071144691,38.7736852918591],[-121.211074572607,38.7736845874723],[-121.211077983138,38.7736838692374],[-121.21108258897,38.773682911988],[-121.211084223932,38.7736825661225],[-121.211084804046,38.7736824464961],[-121.211093681886,38.7736805846474],[-121.21109528162,38.7736802522723],[-121.211098446014,38.7736795872835],[-121.211101223665,38.7736790020457],[-121.2111016984,38.773678895433],[-121.211107992264,38.7736775514879],[-121.211112071052,38.7736766730349],[-121.211117837568,38.7736754353445],[-121.211120668136,38.773674823006],[-121.211122303098,38.7736744771401],[-121.211125362265,38.7736738114355],[-121.211125696242,38.7736737450558],[-121.21113000378,38.7736727995072],[-121.211133344311,38.7736720670652],[-121.211136632077,38.7736713479943],[-121.211139286964,38.7736707619214],[-121.211146090941,38.773669284142],[-121.211149009806,38.7736686174834],[-121.21116453515,38.7736651532173],[-121.211166486855,38.773664713394],[-121.211169071439,38.7736641405725],[-121.211169880303,38.7736639538507],[-121.211172605797,38.7736633270672],[-121.211177880798,38.7736621272235],[-121.211178478601,38.773661993987],[-121.211180026026,38.7736616337955],[-121.211187868226,38.7736598472816],[-121.211191173984,38.7736590871418],[-121.211193583038,38.7736585268569],[-121.211196167926,38.7736579265772],[-121.211202322398,38.7736564993006],[-121.211204397323,38.7736560191243],[-121.211204555619,38.7736559790103],[-121.211207122968,38.7736553786111],[-121.211207386795,38.7736553117544],[-121.211213101759,38.7736539776],[-121.211213506191,38.773653884239],[-121.211217304374,38.7736530038757],[-121.21121767373,38.7736529102763],[-121.211217867101,38.7736528704006],[-121.21121969589,38.773652443471],[-121.211220135549,38.7736523366195],[-121.211220645512,38.7736522165157],[-121.211224901196,38.7736512019621],[-121.211231161654,38.7736497067549],[-121.211234168815,38.7736489857746],[-121.211236279119,38.7736484783784],[-121.211240956772,38.7736473705823],[-121.211242645107,38.7736469564279],[-121.211243172607,38.7736468364432],[-121.21124445651,38.7736465156499],[-121.211247674731,38.773645741184],[-121.211252106552,38.7736446591768],[-121.211257734131,38.7736432969667],[-121.211259035572,38.7736429762924],[-121.211261163565,38.7736424552861],[-121.211264557772,38.7736416270959],[-121.211266615463,38.7736411193417],[-121.211270607776,38.7736401304566],[-121.211270994671,38.7736400369763],[-121.211288124758,38.7736357872646],[-121.211290024305,38.7736353058953],[-121.21129116745,38.7736350253347],[-121.211310162767,38.773630225368],[-121.21131035629,38.7736301717633],[-121.211311657882,38.7736298373596],[-121.211313381596,38.7736293959848],[-121.211314964704,38.7736289811145],[-121.211319872019,38.773627723847],[-121.211320610731,38.7736275366476],[-121.211323530506,38.7736267876116],[-121.211328385208,38.7736255299863],[-121.211330865323,38.7736248878021],[-121.211332078923,38.7736245802601],[-121.211335139455,38.7736237909906],[-121.211336687335,38.7736233896105],[-121.211336880858,38.7736233360058],[-121.211341788477,38.7736220512796],[-121.211349616174,38.773619990059],[-121.211350214281,38.7736198293639],[-121.211355174664,38.7736185312658],[-121.211358569629,38.7736176344287],[-121.211359959365,38.7736172594337],[-121.211361401867,38.7736168710673],[-121.211361771223,38.7736167774675],[-121.211363530316,38.7736163088726],[-121.211368561458,38.7736149563351],[-121.211376283927,38.7736128943979],[-121.211376846807,38.7736127471932],[-121.211381948099,38.7736113951317],[-121.21138251113,38.7736112341982],[-121.21138273988,38.7736111671028],[-121.211383197229,38.773611046641],[-121.211389600569,38.7736093189882],[-121.211390128373,38.7736091715452],[-121.211394631862,38.7736079527208],[-121.211395265196,38.7736077785349],[-121.211401633612,38.7736060369144],[-121.211403410394,38.7736055547091],[-121.211405310396,38.7736050321514],[-121.211406383541,38.7736047373844],[-121.211407702974,38.7736043756411],[-121.211408600286,38.7736041208692],[-121.211414617188,38.7736024455094],[-121.211416657947,38.773601882718],[-121.211421900605,38.7736004355061],[-121.211422727461,38.7736002077152],[-121.2114232025,38.7736000736435],[-121.211428621142,38.7735985727072],[-121.211429483226,38.7735983314257],[-121.2114299055,38.7735982107254],[-121.211433829027,38.7735970977987],[-121.211435201378,38.7735967089549],[-121.211440514793,38.7735952073032],[-121.211443136274,38.7735944699679],[-121.211446883816,38.7735934107649],[-121.211448484916,38.7735929548254],[-121.21145186295,38.7735920029511],[-121.211452602119,38.7735917745644],[-121.211453446665,38.7735915331636],[-121.211456349813,38.7735907016322],[-121.211459921522,38.7735896824239],[-121.211461769062,38.7735891457791],[-121.211466361302,38.7735878314457],[-121.211469563655,38.7735869058373],[-121.211472941841,38.7735859402336],[-121.211475053206,38.7735853367312],[-121.211475651617,38.7735851485778],[-121.211479258705,38.7735841021495],[-121.211482742725,38.773583082345],[-121.211485945229,38.7735821430073],[-121.21148825027,38.7735814721709],[-121.211492139025,38.7735803315463],[-121.21149590456,38.7735792312743],[-121.21149822729,38.773578546828],[-121.211498649563,38.7735784261275],[-121.211498931079,38.7735783456604],[-121.211501465022,38.7735775939993],[-121.211505019648,38.7735765334841],[-121.211509067002,38.7735753252869],[-121.21151188246,38.7735744931585],[-121.211514680381,38.773573660911],[-121.211517865499,38.7735727077245],[-121.211521332132,38.7735716740708],[-121.21152159611,38.7735715934846],[-121.211522194368,38.7735714190598],[-121.211524816455,38.7735706268073],[-121.211527860967,38.7735697001252],[-121.211530711805,38.7735688407769],[-121.211535322493,38.773567444187],[-121.21153771583,38.7735667190298],[-121.211541041857,38.7735657118803],[-121.211543523186,38.7735649598609],[-121.211544403111,38.77356469124],[-121.211548415693,38.7735634553456],[-121.21155058028,38.7735627972839],[-121.211554188126,38.7735616822091],[-121.211556335174,38.7735610240282],[-121.211561509197,38.7735594390451],[-121.211563409957,38.7735588478406],[-121.211567387311,38.7735576254362],[-121.211569129776,38.7735570743461],[-121.211574585769,38.7735553677087],[-121.211576152097,38.7735548840716],[-121.211580446498,38.7735535402512],[-121.211581907295,38.773553083357],[-121.211587627265,38.7735512961327],[-121.21158877132,38.7735509331962],[-121.211590126435,38.7735505167738],[-121.211590355185,38.773550449678],[-121.211593558752,38.7735494142356],[-121.211594667579,38.7735490647897],[-121.211600669368,38.7735471696398],[-121.211601215013,38.7735469948573],[-121.211606653772,38.7735452606417],[-121.211607410629,38.7735450186442],[-121.211612884614,38.7735432709377],[-121.211613254274,38.7735431498794],[-121.211613694389,38.7735430018398],[-121.211613958366,38.7735429212534],[-121.211619573413,38.7735411058553],[-121.211619714171,38.7735410656216],[-121.211625980545,38.7735390349686],[-121.211626684637,38.7735388063426],[-121.211632774873,38.7735368431424],[-121.211635573551,38.7735359422477],[-121.211636101658,38.773535767346],[-121.211639569353,38.7735346375869],[-121.211639675035,38.773534597115],[-121.211643864664,38.7735332113912],[-121.211645800954,38.773532579237],[-121.211651310622,38.7735307768515],[-121.211652648503,38.7735303328516],[-121.211655993129,38.773529229716],[-121.211658211087,38.7735285033654],[-121.211658897489,38.7735282883489],[-121.21166405549,38.7735265659539],[-121.211665587046,38.7735260546197],[-121.211668104361,38.7735252204629],[-121.211671818798,38.7735239825396],[-121.211676906344,38.7735222871252],[-121.211678508354,38.7735217488096],[-121.211680198357,38.7735211836317],[-121.211680796919,38.7735209817484],[-121.21168164192,38.7735206991595],[-121.211684811017,38.773519608561],[-121.211690004549,38.7735178452165],[-121.211691448111,38.7735173607441],[-121.211692275575,38.773517078036],[-121.211697768311,38.7735152206139],[-121.211703331501,38.7735133362103],[-121.21170433495,38.7735129997776],[-121.211766100204,38.7734914651289],[-121.211768160473,38.7734907239756],[-121.211770572863,38.7734898616445],[-121.211788093688,38.7734835824926],[-121.211790682367,38.7734826389788],[-121.211792901234,38.7734818302526],[-121.211793570402,38.7734815876586],[-121.211800860945,38.7734789323764],[-121.211802938903,38.7734781776127],[-121.211806231976,38.7734769780138],[-121.211810018233,38.7734755895452],[-121.211811127667,38.7734751851819],[-121.211813610815,38.7734742684108],[-121.211815142977,38.7734737021593],[-121.211818876468,38.773472327062],[-121.211821324389,38.7734714237815],[-121.211826396367,38.7734695497667],[-121.211827417808,38.7734691722656],[-121.2118315388,38.7734676487703],[-121.211831908459,38.7734675277114],[-121.211837315476,38.7734654912125],[-121.211851863001,38.7734600431157],[-121.211853729898,38.7734593418376],[-121.211856741759,38.7734581952475],[-121.211859454112,38.7734571701926],[-121.211863223286,38.7734557404167],[-121.211864597152,38.7734552142795],[-121.211869317463,38.7734534202545],[-121.211874636638,38.7734513968874],[-121.211875482094,38.7734510731105],[-121.211876169103,38.7734508031775],[-121.211877296378,38.7734503714749],[-121.211881523658,38.7734487525905],[-121.211882281121,38.7734484556759],[-121.21188599768,38.7734470255421],[-121.211888287457,38.7734461486462],[-121.211888586965,38.7734460271107],[-121.211889978521,38.7734454873634],[-121.211894716672,38.7734436659988],[-121.211897182585,38.7734427216492],[-121.211897376411,38.7734426405859],[-121.211902643276,38.7734405894027],[-121.211903541649,38.7734402385251],[-121.211906677185,38.7734390103941],[-121.211907963058,38.7734385111187],[-121.211908720522,38.7734382142039],[-121.211915273411,38.7734356500159],[-121.211918831675,38.773434259996],[-121.211919941563,38.7734338144452],[-121.211920047245,38.773433773973],[-121.211925473012,38.7734316277585],[-121.211940411521,38.7734257154895],[-121.211944851074,38.7734239332854],[-121.211947370359,38.7734229206477],[-121.211952285557,38.7734209494542],[-121.211961939814,38.77341707452],[-121.211969180925,38.7734141305646],[-121.211982271439,38.7734087961297],[-121.211982993826,38.7734084989764],[-121.211983399016,38.7734083369685],[-121.211990640581,38.7734053518253],[-121.211990940089,38.7734052302896],[-121.211993107252,38.7734043388295],[-121.211994763543,38.7734036498495],[-121.211999326921,38.7734017723747],[-121.212003150374,38.7734001919343],[-121.212003943216,38.7733998677993],[-121.212004806665,38.7733995029541],[-121.212010180878,38.7733972602767],[-121.2120126477,38.7733962335516],[-121.21201474456,38.7733953553437],[-121.212015608008,38.7733949904984],[-121.212015889978,38.7733948688436],[-121.212025317001,38.7733909237124],[-121.212025546054,38.7733908291581],[-121.21202612738,38.7733905996964],[-121.212028065945,38.7733897616034],[-121.212034268682,38.7733871401124],[-121.212036312776,38.7733862752758],[-121.212039643197,38.7733848699759],[-121.212040471418,38.7733845186211],[-121.212041052896,38.7733842754305],[-121.21204408381,38.7733829916662],[-121.212045405517,38.7733824239832],[-121.212047097186,38.7733817077828],[-121.212047414383,38.7733815726372],[-121.212051309049,38.7733798965695],[-121.212051467648,38.7733798289966],[-121.212052877499,38.7733792207222],[-121.212055838109,38.7733779502103],[-121.21205638436,38.7733777205103],[-121.212057829438,38.7733770987451],[-121.212068614454,38.7733724763347],[-121.212076087042,38.7733692181569],[-121.212077303066,38.7733686909458],[-121.212077532119,38.7733685963915],[-121.212077620264,38.7733685558002],[-121.212087295694,38.7733643514826],[-121.21208976297,38.7733632835694],[-121.212089974638,38.7733631751672],[-121.212093129529,38.7733617824042],[-121.212094944873,38.7733609846633],[-121.212098469726,38.7733594433827],[-121.212098769386,38.7733593081179],[-121.212100725791,38.7733584426851],[-121.212100831624,38.7733583884839],[-121.212102276854,38.7733577529892],[-121.2121053436,38.7733564008173],[-121.212109608834,38.7733545213148],[-121.212110842547,38.7733539804935],[-121.212113451188,38.7733528174302],[-121.21211457922,38.7733523170813],[-121.212119602674,38.7733500720181],[-121.212120043243,38.7733498827901],[-121.212120131387,38.7733498421988],[-121.212120748396,38.7733495580593],[-121.212126864654,38.7733468261376],[-121.212129720037,38.7733455549097],[-121.212131852881,38.7733445945647],[-121.212175146576,38.7733248977044],[-121.21217571082,38.7733246269364],[-121.212178848778,38.7733231791367],[-121.212183802686,38.7733208786794],[-121.212186235492,38.7733197556107],[-121.212187857464,38.7733189977458],[-121.212188016215,38.7733189164439],[-121.212190678226,38.7733176850918],[-121.212195438155,38.7733154794266],[-121.212197307022,38.7733145996682],[-121.212200004411,38.7733133410962],[-121.212204888168,38.7733110401619],[-121.212206333851,38.7733103634795],[-121.212208361316,38.7733094161479],[-121.212212116737,38.7733076430209],[-121.212214232498,38.7733066413689],[-121.212215660491,38.7733059782962],[-121.21221721216,38.7733052336836],[-121.212219380837,38.7733042049309],[-121.212223330236,38.7733023370107],[-121.21222419429,38.7733019172485],[-121.212225904557,38.7733011050627],[-121.212229413236,38.7732994400996],[-121.212229519069,38.7732993858984],[-121.212230400661,38.7732989662551],[-121.212235813584,38.7732963943132],[-121.212236254456,38.7732961776271],[-121.212238193927,38.7732952571576],[-121.21224138556,38.7732937136115],[-121.212246851703,38.7732910871107],[-121.212255897432,38.7732867274777],[-121.212265455095,38.7732820692608],[-121.212267729908,38.7732809588482],[-121.212275929727,38.7732769641799],[-121.212285787806,38.7732721020519],[-121.21228852118,38.7732707613428],[-121.212288820991,38.7732706123487],[-121.212295875089,38.7732671316394],[-121.212296210127,38.7732669691545],[-121.212297656264,38.7732662512844],[-121.212300478086,38.7732648425259],[-121.212308114722,38.773261022522],[-121.212309243511,38.7732604535271],[-121.212309455178,38.7732603451244],[-121.212312100559,38.7732590312774],[-121.212315768896,38.7732572026367],[-121.212320019316,38.7732550758884],[-121.212321271628,38.7732544390821],[-121.212323705646,38.77325320618],[-121.212329913984,38.7732500767064],[-121.212331889441,38.7732490741003],[-121.212333035919,38.7732484914952],[-121.212335311034,38.7732473536237],[-121.21233557577,38.7732472043914],[-121.21234374233,38.7732430447343],[-121.212344782975,38.7732425163304],[-121.212346846726,38.7732414594037],[-121.212350497979,38.7732395894564],[-121.212355331089,38.773237109684],[-121.212355542756,38.7732370012812],[-121.212356495409,38.77323649974],[-121.212358365183,38.773235537606],[-121.212367343637,38.7732309166405],[-121.212368207993,38.7732304694195],[-121.21236988379,38.7732296020783],[-121.212370995193,38.7732290192348],[-121.212374999628,38.7732269320052],[-121.212379110048,38.7732247768452],[-121.212379868571,38.7732243838256],[-121.21238135039,38.7732236112771],[-121.21239084123,38.7732186505396],[-121.212391388086,38.7732183659227],[-121.21239149392,38.7732183117213],[-121.212392799299,38.7732176340847],[-121.212394616308,38.773216685322],[-121.21240255548,38.7732124691985],[-121.212403120026,38.7732121709717],[-121.212404249118,38.7732115745181],[-121.212411764652,38.7732076026574],[-121.212414164047,38.7732063283289],[-121.212414269881,38.7732062741274],[-121.212414746283,38.7732060164921],[-121.212415663707,38.7732055284413],[-121.212425914737,38.7732000236638],[-121.212426285305,38.77319982023],[-121.212427026291,38.7731994270911],[-121.212432019361,38.7731967561826],[-121.212433624854,38.7731959020933],[-121.212437559743,38.7731937594703],[-121.212437842016,38.7731936103568],[-121.212438406561,38.7731933121298],[-121.212449187361,38.7731874814277],[-121.21244938149,38.7731873729058],[-121.212449734369,38.7731871830817],[-121.212452222363,38.7731858269743],[-121.212453016264,38.7731854067345],[-121.212460780359,38.7731811619596],[-121.212460868654,38.7731811076391],[-121.212472338583,38.7731748147947],[-121.213440965176,38.7726411392541],[-121.213699128982,38.7724989031323],[-121.215112853342,38.7717199644064],[-121.215544555718,38.7714821019234],[-121.216949205291,38.7707081185798],[-121.217590625309,38.7703546846415],[-121.217591684013,38.7703541013934],[-121.217591789838,38.7703540471872],[-121.217608053147,38.7703423903131],[-121.217612381732,38.7703426940849],[-121.218293948102,38.7703907270927],[-121.218378188883,38.7703966627221],[-121.21845743346,38.7703960155098],[-121.218541782172,38.7703953202251],[-121.219013934978,38.7703914268994],[-121.219084076398,38.7703908553126],[-121.219283713967,38.7703892050504],[-121.219541671127,38.7703870815812],[-121.2196859005,38.7703858956074],[-121.219822269132,38.7703850410592],[-121.219909387138,38.7703845006918],[-121.220102846423,38.7703832880469],[-121.220272504699,38.7703822309963],[-121.220383441236,38.7703815344742],[-121.220521686448,38.7703806779779],[-121.220667403568,38.7703797616422],[-121.220947998354,38.7703780067048],[-121.221393322906,38.7703752142558],[-121.221479055325,38.7703746771468],[-121.221992432223,38.7703714875323],[-121.222022687688,38.7703712921416],[-121.222426479132,38.7703687391032],[-121.22266345347,38.7703672507446],[-121.222767514455,38.7703666020115],[-121.223086450296,38.7703645906096],[-121.223101884996,38.7703644879622],[-121.223247777268,38.7703635832899],[-121.223263229504,38.7703634807385],[-121.223578885322,38.7703615009557],[-121.223630854427,38.77036117578],[-121.223859479964,38.7703597389809],[-121.223946527761,38.7703591951148],[-121.224140074592,38.7703579763279],[-121.224262201227,38.7703571998623],[-121.224420669356,38.7703561992678],[-121.224577874526,38.7703552174802],[-121.224876622328,38.7703533409007],[-121.224971738269,38.7703527403009],[-121.225437320437,38.7703498067228],[-121.225595630701,38.7703488034713],[-121.225685590041,38.7703482365352],[-121.226785693141,38.7703413041546],[-121.22704567896,38.7703396580705],[-121.228873963082,38.7703345455201],[-121.229442453592,38.7703336936239],[-121.230247292028,38.7703324705274],[-121.232313858089,38.7703280735736],[-121.232613021633,38.7703282530418],[-121.232826354047,38.7703283862552],[-121.232867497943,38.7703284384864],[-121.233005487023,38.7703285265211],[-121.23306311707,38.7703285503132],[-121.233095702671,38.7703285733794],[-121.233191214755,38.770328627695],[-121.233621597407,38.7703289161501],[-121.234096351487,38.7703292074523],[-121.234318873825,38.770329343638],[-121.234489869396,38.7703294553979],[-121.235019692998,38.7703297628246],[-121.2352371292,38.7703299049218],[-121.235458108444,38.7703300150277],[-121.235682594772,38.7703301752643],[-121.235903538944,38.7703302842913],[-121.236128551675,38.7703304196708],[-121.236412176522,38.7703305832043],[-121.236717934104,38.7703307817392],[-121.237073535065,38.7703309775495],[-121.237718758792,38.7703313445536],[-121.238089407147,38.7703315674144],[-121.238211717228,38.7703316424582],[-121.238315331952,38.7703316908118],[-121.238658620847,38.7703319108175],[-121.238819900991,38.7703319524787],[-121.239019939139,38.7703321107037],[-121.239153999822,38.7703321794066],[-121.239177711318,38.7703321837904],[-121.239416088055,38.7703323180078],[-121.239654464794,38.7703324517358],[-121.239892841533,38.7703325849743],[-121.240131253347,38.7703327179529],[-121.240369700236,38.7703328506713],[-121.24060800683,38.7703329819822],[-121.240846383573,38.7703331132626],[-121.241015327345,38.7703332019919],[-121.24108479539,38.7703332442828],[-121.241323172135,38.7703333745841],[-121.24156154888,38.770333504396],[-121.241799925626,38.7703336337184],[-121.242107472292,38.7703338022834],[-121.242386291764,38.770333947306],[-121.243690734362,38.7703346549327],[-121.244237570003,38.7703349212865],[-121.244718953841,38.7703351436592],[-121.244766394227,38.7703351639915],[-121.24500510404,38.7703353026288],[-121.245102299684,38.770335358094],[-121.245755362923,38.7703356902203],[-121.247259125186,38.770336458166],[-121.247395658589,38.7703365333855],[-121.247390646563,38.7712131637271],[-121.247390838971,38.7713342345364],[-121.247391559311,38.7719375687157],[-121.24739162665,38.771999174856],[-121.247391926038,38.7722444188443],[-121.24739200006,38.7722987619517],[-121.24739216774,38.7724503539801],[-121.247392229635,38.7725091591994],[-121.247392453156,38.7726786827317],[-121.247392540467,38.7727417168991],[-121.247392609438,38.7728214052183],[-121.24739276438,38.7729526495658],[-121.247392848602,38.7730308963516],[-121.247393059235,38.7732066119418],[-121.24739314829,38.7732694813601],[-121.247393263994,38.7733464102854],[-121.247393478908,38.7735449311279],[-121.247393586659,38.7736342168367],[-121.247393716591,38.7737429578414],[-121.247393838248,38.7738325868845],[-121.247393882175,38.773878170166],[-121.247393945561,38.7739351767823],[-121.247394834794,38.7739472785171],[-121.248255132653,38.7739463447598],[-121.248821087637,38.7739457246042],[-121.249668880137,38.7739447818294],[-121.249815963871,38.7739446202928],[-121.250452899812,38.773943929121],[-121.250830852008,38.7739435130353],[-121.250994317346,38.7739433321544],[-121.251312916984,38.7739429708922],[-121.251320230407,38.773934670332],[-121.25134328927,38.7739084715303],[-121.251819977304,38.7733668693251],[-121.252428598474,38.7726753752657],[-121.252557038308,38.772736750799],[-121.252583494201,38.7727493878079],[-121.252726593255,38.7728144272848],[-121.25274045287,38.7728207223769],[-121.252748780633,38.7728243594645],[-121.252869699256,38.7728771600195],[-121.252898942574,38.7728899247339],[-121.252919931587,38.7728987370534],[-121.252938895332,38.7729066713574],[-121.252949459849,38.7729110916944],[-121.253016845635,38.7729393007331],[-121.25305896388,38.7729569399571],[-121.253118467598,38.7729808282485],[-121.253142970907,38.7729906928734],[-121.253167492193,38.7730005164194],[-121.253220446629,38.7730217675891],[-121.253273777312,38.7730422660148],[-121.253298564723,38.7730518029186],[-121.253323334892,38.7730613122466],[-121.253383356021,38.7730843799401],[-121.253426597754,38.7731002688393],[-121.253444051542,38.7731066967997],[-121.253508591113,38.7731303975977],[-121.253547657259,38.7731447493211],[-121.253580806259,38.7731563856718],[-121.253690493499,38.7731948753323],[-121.253713280179,38.7732028752752],[-121.253731456661,38.7732089645927],[-121.25388012012,38.7732587022049],[-121.25402155432,38.7733037524939],[-121.254048246931,38.7733122580135],[-121.254092602196,38.7733256824519],[-121.254163811841,38.7733472427006],[-121.254217485797,38.7733634866532],[-121.254270958248,38.7733788780382],[-121.254342633909,38.7733994938131],[-121.254387625677,38.7734124416831],[-121.254414488729,38.7734197537191],[-121.254558702495,38.7734590409511],[-121.254892750098,38.7735425483715],[-121.254909581977,38.7735464183736],[-121.254907341742,38.7735493147145],[-121.254361211125,38.7735681602857],[-121.254357754756,38.7735682753832],[-121.253855631276,38.7732976061182],[-121.25384354522,38.7732910891535],[-121.253761892467,38.7733839544699],[-121.253728690601,38.7734224865612],[-121.2536963259,38.7734614633789],[-121.253664868514,38.773500885375],[-121.253634248582,38.7735407246412],[-121.253604536256,38.7735809816293],[-121.253575731825,38.7736216288822],[-121.253547835001,38.7736626938584],[-121.253520846939,38.7737040667275],[-121.253488106807,38.7737553979035],[-121.253375316108,38.7739323225608],[-121.253370626001,38.7739396927641],[-121.253369983977,38.7739407046408],[-121.253484918301,38.7739405788163],[-121.25388761818,38.7739401334312],[-121.254765332059,38.7739391535263],[-121.255077126271,38.7739388068948],[-121.256588005019,38.7739370964549],[-121.25658800631,38.7739369728949],[-121.256588023957,38.7739352842417],[-121.256610824976,38.7739352517667],[-121.256712153102,38.7739733417771],[-121.256738865296,38.7739833845377],[-121.256863237042,38.7740301344311],[-121.257937725252,38.7744340462772],[-121.258276054801,38.7745669161879],[-121.258376810944,38.7745944291285],[-121.258487948665,38.7746254682038],[-121.2588260426,38.774723900646],[-121.258981857534,38.7747713432681],[-121.259234145846,38.7748510125146],[-121.25948483992,38.7749337086683],[-121.259517383323,38.7749447216067],[-121.259533427962,38.7749501373804],[-121.2595336551,38.7749502212079],[-121.259606184872,38.7749750130184],[-121.259708297937,38.7750104418155],[-121.259795883522,38.7750413019785],[-121.259894962258,38.7750767524522],[-121.25996606113,38.7751025509188],[-121.259968752001,38.7751035291583],[-121.259971128328,38.7751043955542],[-121.260111848607,38.7751564085568],[-121.260184510506,38.7751837133985],[-121.260274062309,38.7752178122311],[-121.260370565544,38.7752547287027],[-121.260548708394,38.7753244707866],[-121.260725778065,38.7753958682056],[-121.260867238329,38.7754544203813],[-121.26098759083,38.7755053140861],[-121.261081672551,38.7755457842938],[-121.261108195169,38.7755573076518],[-121.261110427512,38.7755585300825],[-121.261235576871,38.7756272066888],[-121.262336957231,38.7762316075175],[-121.263386889102,38.7768077586449],[-121.263426633242,38.7768298549206],[-121.263489944243,38.7768661325473],[-121.2635524219,38.7769032835594],[-121.263663778728,38.7769730233186],[-121.263793952418,38.7770607031761],[-121.263919652371,38.7771522957613],[-121.263975561315,38.7771954322729],[-121.263977840408,38.7771972315955],[-121.263979092962,38.7771982280817],[-121.263982416134,38.7772008303516],[-121.263985530264,38.7772032939981],[-121.264112175269,38.7773076606753],[-121.264150157667,38.777340729367],[-121.264205993481,38.777390963605],[-121.264244508946,38.7774267678726],[-121.264349906332,38.7775301363641],[-121.2644501512,38.7776365990686],[-121.264515300225,38.7777106721617],[-121.264592266158,38.7778039044845],[-121.264640335953,38.7778656772579],[-121.264687596292,38.7779294082441],[-121.264723053974,38.777979403316],[-121.264754656399,38.7780256669168],[-121.264776175048,38.7780581917757],[-121.264800014921,38.778095234702],[-121.264827344547,38.7781391371586],[-121.264849348142,38.7781756604437],[-121.26485329573,38.7781823443902],[-121.264858105081,38.7781905028812],[-121.264888462637,38.7782435273482],[-121.264888824427,38.7782441612095],[-121.264889099942,38.7782446572266],[-121.264903563473,38.7782707942236],[-121.264921427506,38.7783039412138],[-121.26495459797,38.7783682281723],[-121.264957570634,38.778374205723],[-121.264966041413,38.7783912842961],[-121.264978938506,38.7784179468273],[-121.264979161831,38.7784184013244],[-121.264980552552,38.7784213071153],[-121.264983419419,38.7784273389147],[-121.264984071713,38.7784287160236],[-121.264984123053,38.7784288399167],[-121.265000030269,38.7784629493202],[-121.265159372355,38.778811953293],[-121.26531550879,38.7791539070888],[-121.265342326355,38.7793459643425],[-121.265393641198,38.77971361585],[-121.265439070482,38.7802096310714],[-121.265470141623,38.7805486925767],[-121.265519241362,38.7805483441788],[-121.265734933253,38.7805488160822],[-121.265730659566,38.781302677983],[-121.265708758582,38.7851863113496],[-121.265713713125,38.7854472360236],[-121.265712214407,38.7856943626377],[-121.265710715678,38.7859414892468],[-121.265709716519,38.7861062403168],[-121.265708717356,38.7862709913845],[-121.265708284456,38.7863435093558],[-121.265707218602,38.786518117982],[-121.265706614245,38.7866191378945],[-121.265697147874,38.7881715592713],[-121.265696413234,38.788291992255],[-121.26569548835,38.7884461443735],[-121.265695353774,38.7884693743097],[-121.26569442616,38.7886883584274],[-121.265693725273,38.7888530976173],[-121.26569302424,38.7890178505339],[-121.265692323204,38.7891826034482],[-121.265691622165,38.7893473563603],[-121.265690921123,38.7895121092702],[-121.265690220077,38.7896768621778],[-121.26568953657,38.7898416151941],[-121.26568883566,38.7900063543684],[-121.265688134605,38.7901711072693],[-121.265687433546,38.790335860168],[-121.265686732485,38.7905006130644],[-121.26568603142,38.7906653659586],[-121.265685330352,38.7908301188505],[-121.26568462928,38.7909948717402],[-121.265683945747,38.7911596247386],[-121.265683065156,38.791365552088],[-121.265684180263,38.7915090215729],[-121.265681700297,38.7920924389882],[-121.26591898682,38.792184816706],[-121.266440058447,38.792387658218],[-121.26663983163,38.7924654223842],[-121.267683647837,38.7928749788635],[-121.268400303842,38.7931531169225],[-121.268398094104,38.7931564530644],[-121.268406796126,38.793159830495],[-121.268677118758,38.7932647125322],[-121.268758687589,38.7932963516141],[-121.268824931609,38.7933220589907],[-121.269076191099,38.7934195570046],[-121.269406831379,38.7935483360798],[-121.269641820564,38.7936398541479],[-121.269802441197,38.7937024011102],[-121.269845881532,38.7937193147465],[-121.269908945122,38.7937438756596],[-121.269959497209,38.7937635799206],[-121.270116553772,38.7938247310604],[-121.270273610324,38.7938859094453],[-121.270430667428,38.7939470601596],[-121.27058772452,38.794008238119],[-121.270744816969,38.7940694160861],[-121.270781372916,38.7940836500187],[-121.270901804712,38.7941305657216],[-121.271058862614,38.7941917430429],[-121.271215921069,38.7942528926936],[-121.271372979512,38.7943140695894],[-121.271622267591,38.7944111652388],[-121.271962213662,38.7945435376193],[-121.272202381621,38.7946370874713],[-121.272560747965,38.7947766306302],[-121.27274608237,38.7948488292942],[-121.272936450169,38.7949229538821],[-121.273126818365,38.7949970781574],[-121.273317151872,38.7950712019006],[-121.273506262529,38.7951448508665],[-121.273692228161,38.7952172716315],[-121.273878194172,38.7952896920983],[-121.274064125755,38.7953620845897],[-121.274250092523,38.79543450446],[-121.274436094756,38.7955069242513],[-121.274622027195,38.7955793433059],[-121.2748079951,38.7956517622815],[-121.274943880214,38.7957046740546],[-121.274956427248,38.7957095578114],[-121.274971357639,38.7957095411934],[-121.27555392326,38.7957089208032],[-121.275796388311,38.795708675775],[-121.2758128451,38.7957086548384],[-121.275964640273,38.7957084892744],[-121.276243071697,38.7957081929642],[-121.277017205854,38.795707358616],[-121.280151357733,38.7957039282051],[-121.281790278163,38.7957021176496],[-121.282074236066,38.7957018003498],[-121.284072573614,38.7956995155222],[-121.284148629139,38.7956994214755],[-121.284237018238,38.7956993347525],[-121.284253755576,38.7956993280787],[-121.284261247083,38.7956993193345],[-121.28440162006,38.7956992233674],[-121.284540150859,38.7956991296104],[-121.284639136477,38.7956990666786],[-121.284685278324,38.7956990351341],[-121.28487665317,38.7956988820463],[-121.284949410016,38.7956988220799],[-121.285041798967,38.795698759374],[-121.285114204948,38.7956986971441],[-121.285351721362,38.7956985389979],[-121.285589238052,38.7956983529081],[-121.285661643893,38.7956983040658],[-121.28582678955,38.7956981940061],[-121.286373176032,38.7956977773711],[-121.286410808863,38.7956977477683],[-121.286603060725,38.7956976109546],[-121.287019846182,38.795697314905],[-121.287204764699,38.7956971595289],[-121.28738968294,38.7956970313161],[-121.28757460118,38.7956969028089],[-121.287657165372,38.7956968326654],[-121.287759519695,38.7956967465494],[-121.287812924572,38.7956967445796],[-121.288176305142,38.7956964463492],[-121.288351012673,38.7956963089339],[-121.288378592547,38.7956962857336],[-121.290937255491,38.795694294627],[-121.291410130582,38.7956939271328],[-121.291441991275,38.7956939018671],[-121.291455324404,38.7956939557622],[-121.291529291721,38.7956938990593],[-121.291854285076,38.7956936159786],[-121.29191151492,38.7956935805304],[-121.291976815335,38.7956935256128],[-121.292400934771,38.7956931588584],[-121.292623345608,38.7956929761715],[-121.293191259055,38.7956925075611],[-121.293517918867,38.7956922436977],[-121.293526533276,38.7956922274576],[-121.29355009561,38.7956921923169],[-121.294725356435,38.7956882700037],[-121.294725637126,38.7956882717085],[-121.295083656878,38.7956871641699],[-121.29513379993,38.7956870154652],[-121.295137909915,38.7956918595499],[-121.295140459108,38.7956948681058],[-121.295141256844,38.7956958065701],[-121.2951438059,38.7956988288547],[-121.295161827182,38.7957197387903],[-121.295229281446,38.7957942567575],[-121.295300184567,38.7958667874445],[-121.295374441044,38.7959372331486],[-121.295451950861,38.7960054989754],[-121.295517279562,38.796059322482],[-121.295584630903,38.7961115969775],[-121.295653944939,38.7961622759338],[-121.295725159982,38.7962113142431],[-121.295798212648,38.7962586682578],[-121.295873037919,38.7963042958291],[-121.295949569197,38.7963481563451],[-121.296027738367,38.7963902107665],[-121.296326175401,38.7967584387014],[-121.296412837356,38.7967886435173],[-121.296500479556,38.7968170635542],[-121.296503382952,38.7968179735758],[-121.296510291862,38.7968201160794],[-121.296637222693,38.7968572999891],[-121.296765840909,38.7968907451438],[-121.296895966752,38.7969204047994],[-121.297027418354,38.7969462375029],[-121.297160011997,38.7969682071496],[-121.297293562364,38.796986283034],[-121.2974278828,38.7970004398926],[-121.297562785577,38.7970106579394],[-121.297717970141,38.7970175140489],[-121.297764802675,38.7970933107867],[-121.297919953159,38.7973512956646],[-121.298069704352,38.7976112273034],[-121.29823554112,38.7979131028933],[-121.298337008355,38.7981059094726],[-121.298435528533,38.7982996498448],[-121.298523009442,38.7984775751544],[-121.298608004748,38.7986562367566],[-121.298639049739,38.7987230409006],[-121.298666050747,38.7987818299111],[-121.298668850034,38.7987879702756],[-121.298669588584,38.7987895811141],[-121.298679514962,38.7988113477622],[-121.298679926947,38.798812270142],[-121.298680184691,38.7988128208877],[-121.29882409153,38.7991400043202],[-121.298792512163,38.7991931948258],[-121.298498073872,38.7996889819328],[-121.298478874671,38.7998110041304],[-121.298464046104,38.7999333989343],[-121.298454877967,38.8000376559435],[-121.298448881292,38.8001420540979],[-121.298445901694,38.8002643034297],[-121.298447270963,38.8003865702983],[-121.298452988062,38.8005087599884],[-121.298463048585,38.8006307778441],[-121.29847744476,38.8007525293423],[-121.298496165457,38.8008739201653],[-121.298519196196,38.8009948562748],[-121.298546519157,38.801115243984],[-121.298565832541,38.8011903935889],[-121.298602408278,38.8013172566383],[-121.298643768231,38.8014432166443],[-121.298686654833,38.8015598666094],[-121.298733644706,38.8016755446147],[-121.298755158533,38.8017250878029],[-121.298755862433,38.8017266572418],[-121.298772619612,38.8017639247899],[-121.298836265114,38.8018966461192],[-121.298905349718,38.8020276915657],[-121.298955378001,38.8021157439716],[-121.299007862336,38.8022029165817],[-121.299062777482,38.8022891674555],[-121.299120097026,38.8023744550957],[-121.299192582512,38.8024725292841],[-121.299260794243,38.8025724629544],[-121.299298636762,38.802631646715],[-121.299346630537,38.8027112254263],[-121.299416870794,38.8028386809259],[-121.299480316971,38.8029682997997],[-121.299536860539,38.8030998604013],[-121.29958640477,38.8032331377631],[-121.299628864904,38.8033679039804],[-121.299664168292,38.8035039286012],[-121.299692254526,38.8036409790205],[-121.299713075533,38.8037788208777],[-121.299714702903,38.8037953063561],[-121.299739172138,38.8040419847724],[-121.299749132793,38.8041423404423],[-121.299768095291,38.8043335175694],[-121.299810218811,38.804758170924],[-121.299810523012,38.8063345916556],[-121.299810741694,38.8064834505782],[-121.299810897016,38.8065353910379],[-121.299784319129,38.8081990802918],[-121.299783974312,38.8085245411268],[-121.299756391253,38.8100193210931],[-121.299756058645,38.8100370578781],[-121.299752917365,38.8100370801287],[-121.298338364592,38.8101247336372],[-121.298204849153,38.8101330023198],[-121.298085415571,38.8101404086005],[-121.297778087367,38.8101594612763],[-121.297242286412,38.810192659288],[-121.296969552498,38.8101931643432],[-121.296968990864,38.8101931746734],[-121.296230888303,38.8101847367763],[-121.296050684053,38.810185264839],[-121.296047152385,38.8104888074948],[-121.296441437173,38.8104887938121],[-121.29678734234,38.8104887742133],[-121.297024904614,38.8104960474068],[-121.297040745656,38.810496527714],[-121.297166000191,38.8105003474461],[-121.299466210655,38.8105706727784],[-121.299739788775,38.810579022607],[-121.299700241025,38.8117240893275],[-121.29967661074,38.8126177236001],[-121.299662207222,38.8131625003147],[-121.299661507516,38.8132050307377],[-121.299627092532,38.8135170093731],[-121.299598535217,38.813772319613],[-121.299575525925,38.81397746748],[-121.299564583718,38.8140585715372],[-121.299557354004,38.8141012822544],[-121.299549142958,38.8141438497561],[-121.299539915482,38.8141862738306],[-121.2995297064,38.814228582147],[-121.299518480884,38.8142707470357],[-121.299506239474,38.8143127135806],[-121.299493052089,38.8143545096627],[-121.299478883361,38.8143961625278],[-121.299463663909,38.8144375893788],[-121.299440556713,38.8144958836561],[-121.29942299067,38.8145368020792],[-121.299404479726,38.8145774402063],[-121.299384988242,38.8146178527406],[-121.299364551584,38.8146580124358],[-121.29934317029,38.8146978643756],[-121.299320808724,38.8147374632635],[-121.29929750252,38.814776754395],[-121.29928906771,38.8147903645721],[-121.299273356965,38.8148157384048],[-121.299248231674,38.8148544144453],[-121.299222197379,38.8148927280239],[-121.299195218713,38.814930706386],[-121.298823779188,38.8154392923135],[-121.298136689244,38.8163571200606],[-121.298126470393,38.8163718589398],[-121.298116636245,38.8163867374397],[-121.298107046687,38.8164017272544],[-121.298097911754,38.8164168845719],[-121.298089021682,38.8164321257466],[-121.298080516857,38.8164474516269],[-121.298072361368,38.816462944374],[-121.29806455603,38.8164785216147],[-121.298057135669,38.816494211019],[-121.298050030362,38.8165099847049],[-121.298043274934,38.8165258703424],[-121.298036905026,38.8165418132281],[-121.298030955464,38.816557841032],[-121.298025250491,38.8165739801512],[-121.298019966135,38.816590176731],[-121.298015032474,38.8166064028894],[-121.298010518888,38.8166227414238],[-121.298006285803,38.8166391091126],[-121.298002473606,38.8166555068043],[-121.29799904666,38.8166719892024],[-121.29799597041,38.8166885011792],[-121.297993314778,38.8167050706168],[-121.297991010113,38.8167216421753],[-121.297989056145,38.8167382433127],[-121.297987487699,38.8167549016988],[-121.29798630559,38.8167715349603],[-121.297985438809,38.8167882250463],[-121.297985063656,38.816804890644],[-121.297984969278,38.8168215579386],[-121.297985488059,38.8168436659031],[-121.29715722763,38.8169673183878],[-121.296816825617,38.8170181313262],[-121.29608973693,38.8170156771444],[-121.295990804138,38.8174079532155],[-121.296949719204,38.8175745358395],[-121.297091729297,38.8176019200203],[-121.297231967022,38.8176344173661],[-121.297370131759,38.817671958215],[-121.297505927332,38.8177144620933],[-121.29763906264,38.8177618378887],[-121.297769252286,38.8178139840448],[-121.297896217184,38.8178707887791],[-121.298019685157,38.8179321303226],[-121.298020400995,38.8179325053506],[-121.298026319649,38.8179356165722],[-121.29803232564,38.8179387695104],[-121.298033093853,38.8179391723142],[-121.298168809596,38.8180150431029],[-121.29829921706,38.8180964126282],[-121.298423952622,38.8181830540134],[-121.298542668467,38.8182747256819],[-121.298655033564,38.8183711720303],[-121.298760734582,38.8184721241414],[-121.298859476771,38.8185773005335],[-121.298950984777,38.8186864079451],[-121.29898862194,38.8187352245061],[-121.299025384501,38.8187855323143],[-121.299043054798,38.818810709383],[-121.299099626013,38.8188964256926],[-121.29915187751,38.8189838041321],[-121.299199729639,38.8190727115284],[-121.299243109451,38.8191630123776],[-121.29924348741,38.8191638384398],[-121.299286077699,38.8192650345525],[-121.299323052218,38.819367572914],[-121.299349424525,38.8194536112755],[-121.299369359684,38.8195298078094],[-121.299386219334,38.819606457461],[-121.299399986758,38.8196834842764],[-121.299410648303,38.8197608119275],[-121.299410825785,38.8197623919137],[-121.29941137497,38.8197672143513],[-121.299411537203,38.8197685608406],[-121.299411892574,38.8197716796263],[-121.299412118104,38.819773726712],[-121.299412408554,38.8197763096478],[-121.29941290658,38.8197809807501],[-121.299413163556,38.8197833987276],[-121.299413244672,38.8197840719722],[-121.299413500024,38.8197866546962],[-121.299413885488,38.8197902816624],[-121.299414045827,38.819791820356],[-121.299414829298,38.8197995823629],[-121.299537648597,38.8210622061354],[-121.299571831429,38.8214137003569],[-121.299559732308,38.8218276464991],[-121.299590242773,38.8234978423213],[-121.297958980331,38.8237224028145],[-121.297256979693,38.8237175954302],[-121.296557083467,38.8237839163948],[-121.296557080615,38.8237842047013],[-121.296556646495,38.8238227550714],[-121.296554551818,38.823940433379],[-121.297255997723,38.8239998034646],[-121.297417335709,38.8240009028935],[-121.297957983733,38.8240045970197],[-121.298086341642,38.8240218208208],[-121.298317659601,38.8240528469251],[-121.299582097493,38.8242319201018],[-121.299580221838,38.8246681149679],[-121.299562251797,38.8262140251814],[-121.299560690093,38.8263493630869],[-121.299501203398,38.827384566516],[-121.299444171848,38.8283770715599],[-121.299443854863,38.8283825203359],[-121.299427880436,38.8286605326304],[-121.29941565862,38.8287561146972],[-121.299397347494,38.8288510998195],[-121.299372992761,38.8289452507886],[-121.29934265522,38.8290383324785],[-121.299306410611,38.8291301124324],[-121.299264349426,38.8292203614435],[-121.299216576685,38.8293088541274],[-121.299163211673,38.8293953694854],[-121.299093950239,38.8294936714179],[-121.299017471619,38.829588643656],[-121.298934036549,38.8296799623776],[-121.298843929491,38.8297673162165],[-121.29846536292,38.8301131197567],[-121.298417884987,38.8301543516963],[-121.298372477892,38.8301969868847],[-121.298329209365,38.830240961729],[-121.298288143948,38.8302862106377],[-121.298221276312,38.8303688988341],[-121.298221151823,38.8303690628384],[-121.298219746391,38.830370962776],[-121.298218750207,38.8303723022683],[-121.29821544125,38.8303767718894],[-121.298215156626,38.8303771546015],[-121.298213893505,38.8303788631829],[-121.298210797338,38.8303831144142],[-121.298206598048,38.8303888692479],[-121.298177858993,38.830430269147],[-121.298140554314,38.8304894247017],[-121.298140143844,38.8304901087065],[-121.298106371561,38.8305506036399],[-121.298106228299,38.830550891098],[-121.298105458929,38.8305523692564],[-121.298104117055,38.8305549423314],[-121.298102935858,38.8305572417832],[-121.298102882118,38.8305573512961],[-121.298102488386,38.83055811778],[-121.298101218074,38.8305605539904],[-121.298100251431,38.8305624565773],[-121.29809656363,38.8305697384928],[-121.298096384722,38.8305700806542],[-121.298096151939,38.8305705460573],[-121.298083109157,38.830597308803],[-121.29807846426,38.8306073034141],[-121.298077872577,38.8306085629709],[-121.298073871612,38.8306173395298],[-121.298072758723,38.8306198316097],[-121.298067947451,38.830630676456],[-121.298067750043,38.8306311146134],[-121.298062898921,38.8306424397578],[-121.298062144254,38.8306442063283],[-121.298053170038,38.8306660097744],[-121.29804216276,38.8306946108624],[-121.29803243358,38.8307217643244],[-121.298023223222,38.8307497035127],[-121.298017746429,38.8307675052884],[-121.298004403768,38.8308157394481],[-121.297907670487,38.8308653918588],[-121.297879608418,38.8308790892616],[-121.297843278682,38.8308963613295],[-121.297842202997,38.830896862827],[-121.297825715049,38.8309045479132],[-121.297825027404,38.8309048595401],[-121.29779253096,38.8309196696859],[-121.297788264269,38.830921579784],[-121.297788017457,38.8309216881298],[-121.297787012521,38.8309221351356],[-121.297786219158,38.8309224873124],[-121.297782834132,38.8309239908485],[-121.297777439234,38.8309263883961],[-121.297776381371,38.8309268625413],[-121.297775958225,38.8309270521994],[-121.297773137302,38.8309283120104],[-121.297769787515,38.8309298020295],[-121.297766878697,38.8309310750387],[-121.297765732802,38.8309315761111],[-121.297763405775,38.8309325917727],[-121.297756265909,38.8309357201754],[-121.297755366827,38.830936112902],[-121.297755084776,38.8309362347644],[-121.297753674381,38.8309368578052],[-121.297751241499,38.8309379277455],[-121.297745635704,38.8309403514762],[-121.297744419331,38.8309408795817],[-121.297743908155,38.830941096167],[-121.297738672578,38.8309433573789],[-121.297737808735,38.8309437365887],[-121.297734124646,38.8309453069642],[-121.297733701636,38.8309454828933],[-121.297732626356,38.8309459432031],[-121.297724323855,38.8309494901967],[-121.297695205563,38.8309617120939],[-121.297619567933,38.8309920917332],[-121.297581386337,38.8310066889644],[-121.297542945244,38.831020900183],[-121.297496318322,38.8310375057777],[-121.297484869656,38.8310414730808],[-121.29744585908,38.8310546922862],[-121.297406641802,38.8310675120676],[-121.297367200269,38.8310799323185],[-121.297327569722,38.8310919395224],[-121.297319401176,38.8310943614627],[-121.297287732474,38.8311035473015],[-121.297247706213,38.831114742033],[-121.29714685083,38.8311409322996],[-121.297106224461,38.8311506817348],[-121.297065426498,38.8311600319565],[-121.297064828372,38.8311601656346],[-121.297044967777,38.8311645350795],[-121.296621500896,38.8312567481975],[-121.296441633538,38.8312958733901],[-121.295909511725,38.8312941326432],[-121.295909029203,38.831337529274],[-121.295908889124,38.8313498988771],[-121.295772931183,38.8313472900033],[-121.295659641143,38.8313440894593],[-121.295546474554,38.83133886008],[-121.295541878234,38.8313385988061],[-121.295521545769,38.8313374320644],[-121.295521352833,38.8313374171648],[-121.29547169106,38.8313342877109],[-121.295471129803,38.8313342431184],[-121.295464990402,38.8313338214576],[-121.295446782824,38.8313325577506],[-121.295439398046,38.8313320461582],[-121.295421893094,38.8313307317894],[-121.29538239382,38.8313276776561],[-121.295362662893,38.8313260339954],[-121.295316485828,38.8313219782608],[-121.29531406569,38.8313217576365],[-121.295366192195,38.8317296396936],[-121.295624348919,38.8317329762196],[-121.296066176219,38.8317386882771],[-121.297204904878,38.8320386285446],[-121.297312280043,38.8320675979572],[-121.297418297491,38.8320994803338],[-121.297522828101,38.8321342368442],[-121.29762574456,38.8321718251576],[-121.297762704225,38.8322273053836],[-121.297896148401,38.8322878003751],[-121.297898035232,38.832288704207],[-121.297901511725,38.8322903865076],[-121.29790283946,38.8322910260968],[-121.297935122693,38.8323067494559],[-121.297952083781,38.8323151721362],[-121.297952921951,38.8323156165509],[-121.297958493873,38.8323184098865],[-121.297961078864,38.8323197160969],[-121.297963471729,38.8323209250385],[-121.297968554493,38.8323234820133],[-121.297969934343,38.8323241768353],[-121.297970685431,38.8323245520753],[-121.298035422134,38.8323583200921],[-121.298157879071,38.8324271591409],[-121.298158036093,38.8324272561972],[-121.298197455638,38.8324509034317],[-121.298297305828,38.832514237467],[-121.298346409691,38.8325473067853],[-121.298409025133,38.8325915100722],[-121.298440899374,38.8326149057141],[-121.298483063614,38.8326468209651],[-121.298556188165,38.832705075081],[-121.298626887319,38.8327651330147],[-121.298628923338,38.8327669301648],[-121.298640217168,38.8327768974454],[-121.298643001168,38.8327793855947],[-121.298645089167,38.8327812517067],[-121.298653476135,38.8327887300951],[-121.29865697301,38.8327919090316],[-121.298661113635,38.8327956685009],[-121.298666593875,38.8328006442687],[-121.298670838867,38.8328045004755],[-121.298679676243,38.8328125856869],[-121.298703261522,38.8328345994412],[-121.298711817796,38.8328427104126],[-121.298716112876,38.832846827784],[-121.298718808442,38.8328493840462],[-121.298794406021,38.832924639651],[-121.298803632099,38.8329342511937],[-121.298809087628,38.8329399544789],[-121.298845147286,38.8329786152182],[-121.298849488675,38.8329833781592],[-121.298852249855,38.8329864016235],[-121.298884420009,38.8330225400751],[-121.298890008794,38.8330289718339],[-121.298891293322,38.833030434932],[-121.298972871961,38.8331293415682],[-121.298975576027,38.8331328177644],[-121.298977135981,38.8331348317108],[-121.298977465281,38.8331352593179],[-121.298980793519,38.8331395218721],[-121.298981833534,38.8331408599266],[-121.298982041456,38.8331411357749],[-121.298991140744,38.8331529295572],[-121.298992804389,38.8331551088852],[-121.298996235507,38.833159619194],[-121.299000134178,38.8331647776189],[-121.299003616735,38.833169411805],[-121.299006856807,38.8331737150156],[-121.299009056999,38.8331766664429],[-121.299014323364,38.833183755275],[-121.299017909207,38.8331885960292],[-121.299031556713,38.8332073232806],[-121.299032491685,38.8332086332416],[-121.299035383419,38.833212659756],[-121.299040560808,38.8332198716173],[-121.299041114907,38.8332206438226],[-121.299041374539,38.8332210160905],[-121.299041530345,38.8332212367054],[-121.299044421403,38.833225331864],[-121.299045719834,38.8332271657457],[-121.299051086647,38.8332347494508],[-121.299052402225,38.8332366246249],[-121.299055967813,38.8332417398492],[-121.29906067535,38.8332485369844],[-121.299064984596,38.8332547825291],[-121.299066074835,38.8332563680202],[-121.299067995681,38.8332591667346],[-121.299069968372,38.8332620481398],[-121.299070176024,38.8332623514456],[-121.299076058588,38.8332710366357],[-121.299079190105,38.8332756687017],[-121.299079449737,38.8332760409695],[-121.299079570709,38.8332762339149],[-121.299083722121,38.833282464777],[-121.299084154571,38.8332831126811],[-121.299085088599,38.8332845187437],[-121.2990859188,38.8332857731534],[-121.299088496083,38.8332896467429],[-121.299088824572,38.8332901567229],[-121.299089101351,38.8332905702832],[-121.299090709909,38.8332929964117],[-121.299094013027,38.8332980276734],[-121.299095655877,38.8333005363868],[-121.299097990134,38.8333041339163],[-121.299105269415,38.8333153675224],[-121.299105546058,38.8333157948115],[-121.29910705025,38.8333181242024],[-121.299113843883,38.8333287645019],[-121.29911477737,38.8333302254797],[-121.299116004512,38.833332168768],[-121.299118164599,38.8333356279496],[-121.299119028824,38.8333369924017],[-121.299119564423,38.8333378606029],[-121.299123539234,38.8333442002357],[-121.299124144232,38.8333451512335],[-121.299124196213,38.8333452201955],[-121.299124835368,38.8333462675072],[-121.299133370136,38.8333601310549],[-121.299133542954,38.8333604066911],[-121.299133715772,38.8333606823273],[-121.299134147546,38.8333613988755],[-121.299138621501,38.8333687437857],[-121.299139398776,38.8333700253352],[-121.299142144958,38.8333745726968],[-121.299142490458,38.833375137698],[-121.299143129479,38.8333761987385],[-121.299143492126,38.8333768050322],[-121.299144597349,38.8333786514769],[-121.299148051003,38.8333844387777],[-121.299148327241,38.8333849072533],[-121.299149760548,38.8333873048644],[-121.299150416715,38.8333884071973],[-121.299150641108,38.833388792982],[-121.299151487375,38.8333901985147],[-121.299152764875,38.833392375511],[-121.299153127387,38.8333929955335],[-121.299154888372,38.8333959854976],[-121.299157063715,38.8333996781751],[-121.299157909711,38.8334011111654],[-121.29915903154,38.833403053818],[-121.299159981093,38.8334046659189],[-121.299160343469,38.8334052996703],[-121.299162190187,38.8334084960967],[-121.299162604409,38.8334092125389],[-121.299165003469,38.8334133596453],[-121.299166384254,38.8334157432097],[-121.299167316254,38.8334173552046],[-121.299226682654,38.8335277292517],[-121.299229196198,38.8335327282876],[-121.29925513763,38.8335864305195],[-121.299279547559,38.8336405765881],[-121.299326983467,38.8337592811929],[-121.29935211322,38.8338320218496],[-121.299374479935,38.8339053122879],[-121.299394064013,38.8339790883154],[-121.299410848292,38.8340532853142],[-121.299424818063,38.8341278382973],[-121.29943596108,38.834202681966],[-121.299444267575,38.8342777507666],[-121.299449730264,38.8343529789479],[-121.299474199584,38.8347840737762],[-121.299455676389,38.8360846160581],[-121.299445429171,38.8368054723468],[-121.299441731764,38.8370648311689],[-121.299390090638,38.8373564677061],[-121.29920570257,38.8382016394429],[-121.299173766901,38.8383479836856],[-121.299160909647,38.8384145774546],[-121.299159244248,38.8384232445663],[-121.299158892992,38.8384250410355],[-121.299159135722,38.8384271294107],[-121.299160721565,38.8384407725465],[-121.299191782741,38.8387071508911],[-121.299244307496,38.8391575676939],[-121.294345330109,38.839191584009],[-121.293486075109,38.8391975385401],[-121.292588968822,38.8392037368203],[-121.290819435155,38.8392164142584],[-121.290787008587,38.8392166556934],[-121.290787072557,38.8392225598493],[-121.290710545885,38.8392229851641],[-121.290605455472,38.8392235792872],[-121.290515655939,38.839224129385],[-121.290515666915,38.839224788477],[-121.290515853674,38.8392412515126],[-121.290410517341,38.8392418576877],[-121.290363291523,38.8392421321939],[-121.290305181005,38.8392424637674],[-121.290076987266,38.8392437882677],[-121.28986993125,38.8392449669114],[-121.289848776101,38.8392450984837],[-121.289689086196,38.8392460170951],[-121.289620582482,38.8392464083588],[-121.289506784156,38.8392470580885],[-121.289427483372,38.8392475205145],[-121.289324446866,38.83924811231],[-121.289234384256,38.8392486323494],[-121.289142144678,38.8392491664602],[-121.289041302688,38.8392497439708],[-121.288959842622,38.8392502065955],[-121.288855858055,38.8392508059037],[-121.28884820356,38.8392508551639],[-121.28877752287,38.8392512600662],[-121.288655104426,38.8392519660362],[-121.288595203249,38.8392522995219],[-121.288462005286,38.8392530765875],[-121.28841290104,38.839253352528],[-121.288268923693,38.8392541869255],[-121.288230581271,38.8392544051405],[-121.288075824541,38.8392552968351],[-121.288055055849,38.8392554029892],[-121.287882725383,38.8392564064238],[-121.28787247276,38.8392564534265],[-121.28768990722,38.8392575036845],[-121.287689626356,38.8392575019628],[-121.287507359228,38.8392585537633],[-121.28749654474,38.8392586110173],[-121.287324793677,38.8392596034477],[-121.287296774226,38.839259761102],[-121.287142228258,38.8392606391163],[-121.287103675044,38.839260869396],[-121.286959662697,38.8392616882271],[-121.286910277438,38.8392619755378],[-121.286777114683,38.8392627371586],[-121.286717143135,38.8392630829741],[-121.286594549111,38.8392637856957],[-121.286524043934,38.8392641903049],[-121.286411983533,38.8392648339459],[-121.286330944728,38.8392652973149],[-121.286229417949,38.8392658819092],[-121.286137863069,38.8392664041118],[-121.286046852361,38.8392669295858],[-121.28594476385,38.83926751048],[-121.28586430432,38.8392679770834],[-121.285751664626,38.8392686165273],[-121.285681738859,38.8392690104574],[-121.285558565395,38.8392697222536],[-121.285499173254,38.8392700572734],[-121.285365483712,38.8392708277671],[-121.285256916945,38.8392714505919],[-121.28517238447,38.8392719328517],[-121.285014678319,38.8392728297846],[-121.284979285221,38.8392730376155],[-121.284786185966,38.8392741420584],[-121.284772421991,38.839274222093],[-121.284593104398,38.8392752325595],[-121.284530183346,38.8392756002756],[-121.284400005131,38.8392763363606],[-121.284333836177,38.8392767251569],[-121.284287932252,38.8392764698779],[-121.284206902546,38.8392760256619],[-121.284033362697,38.8392750800511],[-121.284013789876,38.8392749731765],[-121.283820677075,38.8392739340991],[-121.283778793153,38.8392736896666],[-121.283627546863,38.8392728808636],[-121.283524241172,38.8392722988327],[-121.283434434211,38.8392718274154],[-121.283269671508,38.8392709210617],[-121.283241321565,38.8392707736463],[-121.283048208924,38.8392697195562],[-121.282851427509,38.8392686425019],[-121.28283511973,38.8392685555802],[-121.282629385519,38.8392674503517],[-121.282624470546,38.8392674062777],[-121.282413821368,38.8392662565933],[-121.282203172197,38.8392651065271],[-121.282010077003,38.839264064549],[-121.281816981953,38.8392630085212],[-121.281623886908,38.8392619521725],[-121.28143079187,38.839260895503],[-121.281237696837,38.8392598385125],[-121.28104460181,38.8392587812012],[-121.280847995856,38.839257715569],[-121.280615527017,38.8392564413067],[-121.280608505431,38.8392563978347],[-121.280048105335,38.8392484510415],[-121.278853813091,38.8392315028753],[-121.276927250737,38.8392210952209],[-121.275886885349,38.8392124471751],[-121.275879547939,38.8392123877194],[-121.275713701743,38.8392110108178],[-121.27570857599,38.8392109788671],[-121.27570790894,38.8392109747091],[-121.27558973885,38.8392099359941],[-121.274908489089,38.8392124418172],[-121.274464996475,38.8392140669589],[-121.274451952772,38.8392140953497],[-121.274356597637,38.8392137058388],[-121.270383805214,38.8391976147252],[-121.269884193092,38.8391954100956],[-121.269263456749,38.8391926475925],[-121.268781241066,38.8391905064336],[-121.268521437946,38.8391893517379],[-121.268261634835,38.8391881964613],[-121.268046753085,38.839187241209],[-121.268026758736,38.8391871564453],[-121.267916781391,38.8391866558059],[-121.267436689815,38.8391845224495],[-121.266912308862,38.8391821900698],[-121.266304878909,38.8391794682516],[-121.265778215737,38.8391771438023],[-121.265775477041,38.8391771539562],[-121.265251586862,38.8391799932862],[-121.264689863251,38.8391830439226],[-121.264100014937,38.8391862295085],[-121.263608498041,38.8391888820245],[-121.262906343521,38.839192667806],[-121.262327046095,38.8391958014851],[-121.261741094969,38.8391989586502],[-121.261249577897,38.8392016011881],[-121.260477620162,38.83920575226],[-121.260110013726,38.8392077231881],[-121.259895109869,38.8392088808274],[-121.256467173629,38.8392263042543],[-121.256227960206,38.839227038688],[-121.256196307471,38.8392271243971],[-121.256030529276,38.8392276419976],[-121.255834854022,38.8392282287564],[-121.255639161067,38.8392288288021],[-121.255443485663,38.8392294286306],[-121.255247792701,38.8392300280172],[-121.25505211729,38.8392306271867],[-121.254856441732,38.8392312397556],[-121.254660749049,38.8392318106958],[-121.254465073628,38.8392324088768],[-121.25426938065,38.8392330066156],[-121.254073705222,38.8392336041375],[-121.253878012382,38.8392341874884],[-121.253677122858,38.8392348057801],[-121.253483580385,38.8392345647649],[-121.253290037769,38.8392343371561],[-121.253096477601,38.8392341091121],[-121.252902934987,38.8392338808586],[-121.25270939252,38.8392336385538],[-121.252515832355,38.8392334095426],[-121.252322289746,38.839233180322],[-121.252128747137,38.8392329507789],[-121.252003774024,38.8392327916407],[-121.251784759243,38.8392325348444],[-121.251565744607,38.8392322639066],[-121.251346729973,38.8392319925559],[-121.251127715196,38.8392317345212],[-121.251097854398,38.8392316930932],[-121.250660140965,38.8392311639818],[-121.250151593593,38.8392305468298],[-121.249118980496,38.8392292742151],[-121.247423302048,38.8392271733779],[-121.247211780782,38.8392271487124],[-121.247128376648,38.8392271300664],[-121.247128465665,38.8392518716349],[-121.247128569404,38.8392851669269],[-121.247084033945,38.8392849881949],[-121.246982393985,38.8392845904144],[-121.246896219465,38.839284251594],[-121.246876646262,38.8392841796503],[-121.245145678655,38.8392772860357],[-121.245052552511,38.8392769281465],[-121.244982124454,38.8392766352948],[-121.244886137023,38.8392762586799],[-121.243563572348,38.8392709788492],[-121.24350378212,38.8392707406239],[-121.243407794705,38.8392703627878],[-121.241956346096,38.8392645411618],[-121.241812891762,38.839263962168],[-121.241416039915,38.8392623742585],[-121.240569181732,38.8392589705448],[-121.240332303056,38.8392580124866],[-121.240114628796,38.8392571383495],[-121.239960132795,38.8392565123176],[-121.239896954541,38.8392562638047],[-121.239679280291,38.839255388852],[-121.239496714876,38.8392546471777],[-121.239243931955,38.8392536239947],[-121.238991148894,38.8392526139906],[-121.238773474813,38.8392517236123],[-121.238555800591,38.8392508465551],[-121.238548515576,38.8392508125448],[-121.23830301755,38.8392498350539],[-121.238085343487,38.8392489433866],[-121.237902777958,38.8392482129367],[-121.237685121311,38.8392473343636],[-121.237603440825,38.8392470044048],[-121.237461336004,38.8392466348392],[-121.237201176231,38.8392459569634],[-121.236835793854,38.8392450130782],[-121.236678504185,38.8392446114696],[-121.23660198352,38.8392444108114],[-121.233594926447,38.8392365468013],[-121.233530693964,38.8392363839814],[-121.233374563037,38.839235971814],[-121.232887176076,38.8392346910346],[-121.232832704001,38.8392345510768],[-121.231657754608,38.8392314557626],[-121.231606477492,38.8392313226268],[-121.231660855561,38.8401349218775],[-121.231686823168,38.8405665924235],[-121.231705857278,38.8408829008676],[-121.231707272342,38.8409062782711],[-121.231745824681,38.8414974069915],[-121.231748536797,38.8415632041863],[-121.231753725243,38.8416890030583],[-121.231766602367,38.8420016460914],[-121.231717534107,38.8425342970569],[-121.231639527214,38.8433792321109],[-121.231596705012,38.8440712031351],[-121.231561177838,38.8446453524176],[-121.231545798931,38.8448937180477],[-121.231534188593,38.8461996152185],[-121.231523377674,38.8467837308628],[-121.231504598308,38.8476143800651],[-121.231490504119,38.8486692806851],[-121.231479456935,38.8494959717793],[-121.231477958889,38.8496231267794],[-121.231497569187,38.8505146052511],[-121.231517069125,38.8516111640803],[-121.23152694077,38.8522440057336],[-121.231529916099,38.852434855092],[-121.23156962735,38.8524337721564],[-121.231567273423,38.8537441917149],[-121.231567144057,38.8546816574629],[-121.231563430029,38.8546824978798],[-121.231517102504,38.854692887025],[-121.23151693027,38.8547023182166],[-121.230551523196,38.8552275049935],[-121.228822437836,38.8561681060719],[-121.227840307695,38.8574690408933],[-121.227720375816,38.8579439795146],[-121.227732369879,38.8580489269563],[-121.227798427285,38.858207504988],[-121.22835235721,38.8590235862323],[-121.228575419163,38.8593522053734],[-121.228627060776,38.859480234658],[-121.228603192181,38.8595372468663],[-121.228147621055,38.8600132254209],[-121.228037887958,38.8601278813548],[-121.227946431634,38.8602234369609],[-121.227935296279,38.8602591838738],[-121.22791209765,38.8603336508851],[-121.227883782957,38.8606074259307],[-121.227928435551,38.8608000624041],[-121.22801590376,38.8609601142521],[-121.228051924043,38.8610001834458],[-121.228280140197,38.8612540514268],[-121.228708242835,38.8617173333488],[-121.228707592658,38.8619923767596],[-121.228704628579,38.8632602840284],[-121.228704509159,38.8633101084267],[-121.228701208616,38.8647157636518],[-121.228700030975,38.8652173302513],[-121.228698934132,38.8656823350985],[-121.228702807951,38.8656846262081],[-121.228705318852,38.8659354025941],[-121.229784313462,38.8665265509958],[-121.23101564779,38.8672712480546],[-121.232532054121,38.8678783615698],[-121.233910184246,38.8684266868572],[-121.235282670039,38.8689727068301],[-121.236088592113,38.8697324260424],[-121.237305984085,38.8713600860776],[-121.23771387799,38.8721350575028],[-121.237787098519,38.8725574514579],[-121.237803059803,38.873201136012],[-121.237901239092,38.87385608243],[-121.238087290981,38.8818114645262],[-121.238077672899,38.8834040729578],[-121.238075169017,38.8838176222159],[-121.23807415219,38.8839877401129],[-121.238072118108,38.8843231018556],[-121.238064373227,38.8856051154607],[-121.238063955425,38.8856751753058],[-121.238058872319,38.8865141767379],[-121.238058847656,38.8865197508279],[-121.237979878004,38.886520386604],[-121.237969407004,38.8865204964655],[-121.233437090162,38.8865586249988],[-121.228920808196,38.886543068778],[-121.228920290715,38.8865907348484],[-121.226368125415,38.8866004861018],[-121.224113635708,38.886606429086],[-121.222369453267,38.8865795234379],[-121.219739044375,38.8866019511508],[-121.215134765959,38.8866212270432],[-121.209965640259,38.8866402322834],[-121.209966572248,38.8865611828891],[-121.207497734785,38.8864263885643],[-121.207399606855,38.8864279843461],[-121.207301594744,38.8864320369553],[-121.207203799122,38.8864385422294],[-121.207106320434,38.8864474934868],[-121.207009258802,38.8864588815335],[-121.206912713919,38.886472694673],[-121.206816784946,38.8864889187175],[-121.206721570413,38.8865075370033],[-121.206627168117,38.8865285304074],[-121.206533675019,38.8865518773673],[-121.206441187148,38.886577553903],[-121.2063497995,38.886605533642],[-121.206259605942,38.886635787846],[-121.206170699115,38.8866682854404],[-121.206083170337,38.8867029930464],[-121.205997109514,38.8867398750154],[-121.205912605041,38.8867788934653],[-121.205829743717,38.8868200083194],[-121.205748610655,38.8868631773478],[-121.20566928919,38.8869083562107],[-121.2055918608,38.8869554985036],[-121.205516405016,38.8870045558056],[-121.205442999346,38.8870554777285],[-121.205371719192,38.8871082119688],[-121.205302637771,38.8871627043614],[-121.205235826046,38.8872188989353],[-121.205171352647,38.8872767379708],[-121.205109283803,38.8873361620593],[-121.205049683272,38.8873971101636],[-121.204992612281,38.8874595196814],[-121.204938129456,38.8875233265086],[-121.204886290766,38.8875884651062],[-121.204018491282,38.8886873311859],[-121.203980704329,38.8887434934571],[-121.203940737836,38.8887987265067],[-121.20389862917,38.8888529786864],[-121.203854417702,38.888906199265],[-121.203791523031,38.8889766213788],[-121.203724924195,38.8890449316682],[-121.203654737132,38.8891110112065],[-121.203581084025,38.8891747449503],[-121.203504093096,38.88923602194],[-121.203423898376,38.8892947354928],[-121.203340639477,38.8893507833884],[-121.203254461345,38.8894040680476],[-121.203165514011,38.8894544967014],[-121.203073952326,38.889501981553],[-121.202979935697,38.8895464399308],[-121.202883627803,38.8895877944321],[-121.202785196314,38.8896259730577],[-121.202684812599,38.8896609093379],[-121.202582651425,38.8896925424479],[-121.202478890656,38.8897208173135],[-121.200482320884,38.8902970588709],[-121.199684390721,38.8908707856895],[-121.198778833525,38.8912506981164],[-121.198068341383,38.8913709468382],[-121.197604409188,38.8913922127777],[-121.197581984208,38.8913960396534],[-121.196401903765,38.8914702824103],[-121.195794705742,38.8916448456802],[-121.195727285647,38.8916735744362],[-121.195661039013,38.8917039247786],[-121.19559602968,38.8917358674612],[-121.195532320292,38.891769371703],[-121.195447993101,38.8918156708799],[-121.195359506191,38.8918569573231],[-121.195267346487,38.8918930038388],[-121.195172021127,38.8919236120675],[-121.195074054672,38.8919486135758],[-121.194973986218,38.8919678707829],[-121.19487236643,38.8919812777186],[-121.194769754511,38.8919887606059],[-121.194666715124,38.8919902782671],[-121.194563815285,38.8919858223508],[-121.194461621242,38.8919754173773],[-121.194360695359,38.8919591206042],[-121.194261593019,38.891937021711],[-121.19416485957,38.8919092423055],[-121.194071027322,38.8918759352546],[-121.193980612619,38.8918372838432],[-121.19329344683,38.8915143045944],[-121.193184523577,38.8914767085775],[-121.193073434184,38.8914432066992],[-121.192960430439,38.891413874892],[-121.192845768467,38.8913887796369],[-121.192729708154,38.8913679778125],[-121.192612512552,38.8913515165663],[-121.192494447284,38.8913394332078],[-121.192375779949,38.8913317551239],[-121.192256779504,38.8913284997172],[-121.192137715666,38.891329674366],[-121.192018858291,38.8913352764078],[-121.191900476772,38.8913452931458],[-121.191782839419,38.8913597018768],[-121.19166621286,38.8913784699435],[-121.191550861429,38.8914015548079],[-121.191437046573,38.891428904148],[-121.19125089849,38.8915365825363],[-121.19017598528,38.892720444478],[-121.189520504248,38.8932302623003],[-121.189042803943,38.8935558825989],[-121.188903087226,38.8936106783347],[-121.188860004534,38.8936234026534],[-121.188815688668,38.8936332049959],[-121.188770463465,38.893640013732],[-121.188724659403,38.8936437791073],[-121.188678611196,38.8936444736064],[-121.188632655337,38.8936420921543],[-121.188587127647,38.8936366521533],[-121.188542360818,38.8936281933561],[-121.188387376067,38.8935784810056],[-121.188133740636,38.8934706345112],[-121.187010553374,38.892992502495],[-121.18645449336,38.8928084106452]]]},"properties":{"OBJECTID":3,"BOS":"SUPERVISORIAL DISTRICT 3"}},{"type":"Feature","id":4,"geometry":{"type":"Polygon","coordinates":[[[-121.102742796039,38.8722489034923],[-121.102766997537,38.8722225641365],[-121.102560146329,38.8722341343941],[-121.100267885211,38.8725872050706],[-121.100080773284,38.872614081506],[-121.100055104387,38.8726175212149],[-121.100050635665,38.8726181181954],[-121.099879082629,38.8726395304242],[-121.09970703768,38.8726583773595],[-121.099649602367,38.8726640972605],[-121.099433789028,38.872682968394],[-121.099217460827,38.872697806512],[-121.099043466751,38.8727067967639],[-121.098808311082,38.872714790897],[-121.098808476623,38.872705895207],[-121.09881059466,38.8725943150228],[-121.098811722936,38.8725358344072],[-121.098812192881,38.8725126345239],[-121.098823253079,38.872025665875],[-121.098831476226,38.8716737224904],[-121.098839566809,38.8713211464895],[-121.098840197138,38.8712936091984],[-121.098842840299,38.8711766234879],[-121.098863094682,38.8702943323769],[-121.098890137133,38.8692174587145],[-121.099640489219,38.8692091586168],[-121.099860581424,38.8692067441528],[-121.100740283819,38.8691969945963],[-121.101181768278,38.8691921162211],[-121.101369470503,38.8691900251067],[-121.101881251218,38.8691843419556],[-121.10224014402,38.8691803591631],[-121.102439574191,38.869178576575],[-121.102731615004,38.8691752293682],[-121.102931795886,38.8691724082585],[-121.103111920992,38.8691695144429],[-121.103324616055,38.8691659379572],[-121.103501861809,38.8691629664074],[-121.1035017106,38.8690844851598],[-121.10350111372,38.8687657547607],[-121.103500909247,38.8686859275692],[-121.103500889699,38.8686805178395],[-121.103500300754,38.8683792519161],[-121.103499681542,38.8680776013124],[-121.103499061643,38.8677760056133],[-121.103498440363,38.8674745197331],[-121.103498231967,38.8673657773355],[-121.103498145127,38.8673183810583],[-121.103498122774,38.8673048432065],[-121.103497853517,38.8671730890283],[-121.103497590936,38.867035238825],[-121.103496844254,38.8666601871559],[-121.10349610395,38.8663180323601],[-121.103488301656,38.8659760427634],[-121.103480569332,38.8656340811527],[-121.103472865618,38.8652926414856],[-121.10346515505,38.8649517509483],[-121.103457224673,38.8646004514366],[-121.103445351035,38.8640745595142],[-121.103429535004,38.8633740202369],[-121.103397907571,38.861993522679],[-121.103216311481,38.8620017051938],[-121.103054237074,38.8620006330874],[-121.103237430104,38.8621678489641],[-121.103279211763,38.86217310035],[-121.10314265164,38.862234751199],[-121.102850398261,38.862253021988],[-121.102799855434,38.8622017350943],[-121.101864718046,38.8620512551076],[-121.101984825813,38.8619936525339],[-121.101874798176,38.861992898509],[-121.101854973581,38.8619927590521],[-121.10184619377,38.8619927049384],[-121.10183181255,38.8619926075398],[-121.101744840418,38.8619920178187],[-121.10171299851,38.8619923209318],[-121.101919442592,38.8618397293669],[-121.102135659475,38.8616738537327],[-121.102247244902,38.8615026387185],[-121.102269164863,38.8614800850254],[-121.102477648827,38.8611491155399],[-121.103008539873,38.8595472126836],[-121.102898639358,38.8593155509507],[-121.102308146844,38.8582321364364],[-121.102186272611,38.8579756264491],[-121.102000444903,38.8576261100468],[-121.1020002561,38.8576257653402],[-121.101636540458,38.8569700009795],[-121.101578668899,38.8568987484646],[-121.10149771445,38.8567990887645],[-121.101428589678,38.8567241568026],[-121.101364239965,38.8566466684342],[-121.101304819649,38.8565668095267],[-121.10125047124,38.8564847716325],[-121.101201325082,38.8564007515303],[-121.101157499041,38.8563149507524],[-121.101119098216,38.8562275751017],[-121.101086214699,38.8561388341577],[-121.101071879371,38.8560736705611],[-121.10106091464,38.8560081081459],[-121.101052370103,38.8559308205514],[-121.10104850945,38.8558533034806],[-121.101050638434,38.8557502992947],[-121.101061033715,38.8556476028182],[-121.101079654244,38.8555456192342],[-121.101106426518,38.8554447509113],[-121.101149232263,38.8553965104812],[-121.10119401231,38.8553493785873],[-121.101240719738,38.8553034046115],[-121.101289305606,38.8552586367226],[-121.101339719006,38.8552151218254],[-121.101391907114,38.855172905512],[-121.101445815249,38.8551320320139],[-121.101501386925,38.8550925441554],[-121.101558563916,38.8550544833091],[-121.101617286315,38.8550178893523],[-121.101677492593,38.8549828006256],[-121.101739119669,38.854949253892],[-121.101802102973,38.8549172842995],[-121.101866376514,38.8548869253431],[-121.10193187295,38.8548582088305],[-121.101998523658,38.8548311648486],[-121.102000173738,38.8546908715655],[-121.101845508097,38.8546912141512],[-121.100935178056,38.8546905461674],[-121.100891421716,38.8546904548027],[-121.100837360648,38.8546832265178],[-121.100821847132,38.854681143114],[-121.100779358237,38.8546808006446],[-121.100523266427,38.854678709076],[-121.100256076636,38.855382509798],[-121.099434016771,38.855268967003],[-121.09909354203,38.8550971756087],[-121.098974165206,38.8550369369087],[-121.098911214152,38.855005172085],[-121.098806790242,38.8549524770317],[-121.098805219989,38.8549516822501],[-121.098800885891,38.8549514426936],[-121.098749104268,38.8549486246882],[-121.098412441524,38.854943020361],[-121.098385834048,38.8549295920319],[-121.098385432664,38.8549293966991],[-121.098364738524,38.8549190622826],[-121.098302865612,38.8548881567456],[-121.097776737692,38.8546254292543],[-121.097772044024,38.8546230861895],[-121.097739407346,38.854622626873],[-121.096923738079,38.8546110056079],[-121.096836307603,38.8546098868443],[-121.096739852605,38.8546086978765],[-121.096444936687,38.8546053070158],[-121.09614631024,38.8546023533667],[-121.095874581113,38.8545996631198],[-121.095877283652,38.8545418262295],[-121.095873772516,38.854541771455],[-121.094663106953,38.8545332255152],[-121.094662193967,38.8545332184031],[-121.093344509373,38.8545284931846],[-121.093239859826,38.8545282533978],[-121.092841598734,38.8545270126948],[-121.092622968219,38.8545257453106],[-121.092563394553,38.8545845111055],[-121.092354198166,38.8545828500601],[-121.092001944241,38.8545800435875],[-121.091838483567,38.8545788487678],[-121.091584382352,38.8545776592286],[-121.09057432761,38.8545871144995],[-121.090379683135,38.8545913028819],[-121.090179076805,38.8545975861364],[-121.090126469441,38.8546003321743],[-121.08957265129,38.8546141460285],[-121.089566117112,38.8546143145205],[-121.087935711509,38.8546033295164],[-121.087183663729,38.8545982627038],[-121.086745301471,38.8545952994175],[-121.086094860215,38.854590900371],[-121.08606450309,38.85459068911],[-121.0856248415,38.8545877251089],[-121.084486824181,38.8545800154207],[-121.083602760979,38.8545740227115],[-121.082614793734,38.8545658026943],[-121.081504231897,38.8545586649535],[-121.081462145924,38.8545584009849],[-121.08040961222,38.8545516564733],[-121.080410703889,38.8545324294498],[-121.080364568542,38.8545329980295],[-121.078043372415,38.8545663692959],[-121.075777451699,38.8546023031397],[-121.075662925794,38.8546040147493],[-121.075635686232,38.8546044159475],[-121.075635669112,38.854597633212],[-121.072616221242,38.8546460726395],[-121.07261637925,38.8546528015821],[-121.072071125001,38.8546612457201],[-121.072030905991,38.8546618856905],[-121.071485084384,38.854670734449],[-121.071030583779,38.8546785806561],[-121.070980950031,38.8546794470679],[-121.07098042393,38.8546686511097],[-121.0709569253,38.8546689850057],[-121.069183192952,38.8548300692463],[-121.068723106205,38.8548728181996],[-121.066896176277,38.8550298715355],[-121.065070654473,38.8551740150984],[-121.064009719659,38.8552577822235],[-121.063605188811,38.8552895624933],[-121.061552218688,38.8552997494437],[-121.061385287674,38.8553005981977],[-121.060509009188,38.8553054080867],[-121.059890081893,38.8553061972647],[-121.059677697096,38.8553064699307],[-121.059628565101,38.8553065254897],[-121.059626368625,38.8552986816276],[-121.059597545907,38.8551957756039],[-121.059566300519,38.8549349551678],[-121.059550994718,38.8548071424744],[-121.059390854935,38.8544608532195],[-121.059357191808,38.8543880589907],[-121.059269398557,38.8541981903931],[-121.059235769328,38.8540764352753],[-121.059223286635,38.8540312037708],[-121.059223236327,38.8540310248737],[-121.059222682748,38.8540290707348],[-121.059200012055,38.8539469878571],[-121.059052210103,38.8534118184316],[-121.058768373951,38.852972714231],[-121.058219249553,38.852256475562],[-121.058028436397,38.8518262239209],[-121.05776518714,38.8513953846568],[-121.057542302581,38.8507319290691],[-121.057536306394,38.8507140589121],[-121.057478767692,38.850373857346],[-121.057579359822,38.8498084482475],[-121.057501569553,38.8494357345591],[-121.057488255101,38.8488775023199],[-121.057657169482,38.8486200343148],[-121.057725861039,38.8481190895297],[-121.057880097206,38.8474084947136],[-121.05816687465,38.8468446217694],[-121.058532296713,38.8465887450004],[-121.058945364463,38.8466406126265],[-121.059215206557,38.846570001104],[-121.059560692499,38.8462573372362],[-121.060069404519,38.8461158602234],[-121.06063410826,38.8457867876402],[-121.060662895791,38.845773963123],[-121.061189722916,38.8455393049139],[-121.061541086326,38.8453827927405],[-121.061658301169,38.8453305905022],[-121.062148034416,38.8451124339634],[-121.06235332962,38.8450643469112],[-121.062539076013,38.8450208386387],[-121.062872210801,38.8449428070782],[-121.064475495359,38.8445672494809],[-121.064989085003,38.844512399122],[-121.065543040855,38.8444532303803],[-121.066832307765,38.8439968126889],[-121.066897588151,38.8439737076034],[-121.067339387819,38.843756586092],[-121.068540182309,38.8437662177564],[-121.068656166262,38.8437671474153],[-121.069688765176,38.843402897127],[-121.069947618848,38.843311577897],[-121.071706457228,38.8430804246152],[-121.073444289042,38.842663242047],[-121.073782321727,38.8425820879964],[-121.075170044177,38.8419556034418],[-121.076280357106,38.8409590989263],[-121.077124654957,38.8398503021152],[-121.077301077011,38.8396185956747],[-121.077866164938,38.8387057682278],[-121.077887700147,38.8386709826136],[-121.078098783807,38.8383299985662],[-121.078101634984,38.838325380456],[-121.078598974741,38.8380517464731],[-121.079350458438,38.8376382662754],[-121.079947402589,38.8373098230913],[-121.080079513811,38.8372371391673],[-121.080122549042,38.8372134524271],[-121.080150227801,38.837188092612],[-121.080877030304,38.836521995398],[-121.081740644406,38.835730508236],[-121.082012529933,38.8355292883047],[-121.082658561805,38.8350511780347],[-121.083584209088,38.834817947287],[-121.084357018484,38.8346232119013],[-121.085644769766,38.8344371794663],[-121.086167454911,38.8341634520203],[-121.086844102896,38.8338091018003],[-121.087277731375,38.8333327427825],[-121.087419993687,38.8331764736441],[-121.088193328074,38.8323269073859],[-121.088306814347,38.8322022374074],[-121.089338175603,38.8300035080679],[-121.089633135262,38.8290004838013],[-121.090304550327,38.8279758854132],[-121.090154760401,38.8274352617989],[-121.08944515337,38.8265469746977],[-121.088180375621,38.825449310869],[-121.087717682862,38.8251939254157],[-121.0876026396,38.8251289029286],[-121.087253227092,38.8249339384222],[-121.086759835554,38.8245383993753],[-121.086270697384,38.8241564843131],[-121.085720656509,38.8237284768243],[-121.085142117083,38.8233360500329],[-121.084853425999,38.8230609887801],[-121.084420569876,38.8226033625736],[-121.084282041184,38.8221820506517],[-121.084057862863,38.8214666533643],[-121.083920005198,38.8209282294061],[-121.083905055121,38.8199773096318],[-121.083941986552,38.8196309735078],[-121.084150810415,38.8192244274568],[-121.084274117063,38.8187804654493],[-121.084257985387,38.8179917973174],[-121.084188917958,38.8174951057416],[-121.084274460623,38.8172577295018],[-121.084573007575,38.816424612535],[-121.084752955582,38.8162834033756],[-121.085163276314,38.8161054822037],[-121.08548736723,38.8159485191974],[-121.085780978289,38.815836185024],[-121.086310544259,38.8158042968789],[-121.086690954953,38.8157656318017],[-121.087220503995,38.8154588649423],[-121.087430297294,38.8152505543321],[-121.087812764785,38.8150540343221],[-121.088063395143,38.814946766499],[-121.088704781967,38.8146722302425],[-121.089615049916,38.8145528464178],[-121.090140093541,38.8144839855133],[-121.090461120785,38.8144937217338],[-121.090786197041,38.8143954337552],[-121.090991963727,38.8143582433091],[-121.091430302063,38.8143203181703],[-121.091782471086,38.814299044886],[-121.092056147193,38.8143034911134],[-121.092278975994,38.8143071274424],[-121.092662840532,38.8142774492926],[-121.092982745401,38.8142375496158],[-121.093568635987,38.8141885763104],[-121.094329579084,38.8141740269115],[-121.094885429253,38.8142101033887],[-121.095553359522,38.8143336587078],[-121.095817325207,38.8144144689901],[-121.096162230619,38.8146138490469],[-121.096596175558,38.8148552753087],[-121.096825015042,38.8150075629355],[-121.096933664638,38.8153653047499],[-121.097132792698,38.8157154019337],[-121.097325113288,38.8161871483558],[-121.097465522034,38.8165318732463],[-121.097630441317,38.8168813741702],[-121.097829574616,38.8172316623123],[-121.097793093582,38.8174787930964],[-121.097965280503,38.8176707573015],[-121.098151239983,38.8178811164941],[-121.098383427612,38.818119156848],[-121.09885098583,38.8181312701638],[-121.099114070086,38.8181445419532],[-121.09943545733,38.8181272354405],[-121.099964020079,38.8179646777221],[-121.100155469391,38.8178832594139],[-121.100494256844,38.8177389727193],[-121.10073281948,38.8175401975368],[-121.100965993054,38.8174899109663],[-121.10117097833,38.8174481655335],[-121.101620044639,38.8167706330889],[-121.101767498504,38.8166289268339],[-121.101805451293,38.8166114537338],[-121.102004039964,38.816520119662],[-121.102476367398,38.8162259397463],[-121.10279717585,38.816253736205],[-121.103230405609,38.8166212004253],[-121.103724878708,38.8169310028805],[-121.104248267919,38.8171107013563],[-121.104626386824,38.8172565180709],[-121.104888928909,38.8172429717316],[-121.105093515436,38.8172326579421],[-121.105679876893,38.8171474898031],[-121.105914857474,38.8170926763589],[-121.106298018318,38.8169772727082],[-121.106651038233,38.816676638497],[-121.106832244078,38.8162921376888],[-121.106865955501,38.8161260172263],[-121.107102762266,38.8159226572635],[-121.107309435967,38.8157457837522],[-121.107549839896,38.8153982584786],[-121.107727876469,38.815058683836],[-121.107736527129,38.8145092222801],[-121.107622591465,38.8143586904034],[-121.107392090641,38.8141972947395],[-121.107130490439,38.8140669089484],[-121.106782720005,38.8138810499204],[-121.106405633696,38.8136541588441],[-121.106229981824,38.8135972010054],[-121.10593968371,38.8134438548381],[-121.105385796496,38.8132546473953],[-121.104397491075,38.8129998093046],[-121.104017543267,38.8129981696482],[-121.103609507685,38.8128608795557],[-121.103345824933,38.8127574072656],[-121.103084627103,38.8127352349913],[-121.102449095183,38.8123419322012],[-121.102130042623,38.8121070178237],[-121.101928313995,38.8118199571414],[-121.101728174935,38.8116183362873],[-121.101323650971,38.8112736052742],[-121.100802429109,38.8108598961847],[-121.100513021939,38.8106434676193],[-121.100165591689,38.8104306254159],[-121.0998788553,38.8101421335324],[-121.099678262448,38.8096972377266],[-121.099653134868,38.8094670932277],[-121.099634233024,38.8088811158648],[-121.099847940625,38.8082178018894],[-121.099794935946,38.807969152993],[-121.099969341604,38.8078458089559],[-121.100256623234,38.8076772613344],[-121.100413877369,38.8075918432755],[-121.100618903809,38.8070590602432],[-121.100750518507,38.8067142485808],[-121.100750279181,38.806525047568],[-121.100874474844,38.8061395924876],[-121.100554280678,38.8059947607123],[-121.100350332629,38.8058877622349],[-121.10023045958,38.8057955292055],[-121.099801239113,38.8054643035904],[-121.099541132482,38.8052168225062],[-121.099342670854,38.8049568028708],[-121.099202788568,38.8045716078697],[-121.099239096754,38.8039909187856],[-121.099275808421,38.8035861139476],[-121.099455117751,38.8032826163761],[-121.099749693932,38.8030216139778],[-121.100255284865,38.8025162044766],[-121.100784298785,38.8023086403103],[-121.101096107072,38.8020051500893],[-121.101410099578,38.8015258222641],[-121.1014161789,38.8011835807069],[-121.101538367311,38.8008837569738],[-121.10195007256,38.800588561354],[-121.102310827202,38.8000177116577],[-121.102347040029,38.7995813779521],[-121.102312082078,38.7995041099529],[-121.102062986852,38.7989414239284],[-121.101780455096,38.7984592384975],[-121.101583548666,38.7978658702937],[-121.101529361856,38.7976442608926],[-121.101676947932,38.7974889631515],[-121.102088724451,38.7973199188257],[-121.10308761833,38.7969983106936],[-121.103936974579,38.7968001261566],[-121.104026365506,38.7967792598154],[-121.104378725375,38.796735598059],[-121.104670423854,38.7966995682404],[-121.105112212229,38.7965176187952],[-121.105119330057,38.7960941858908],[-121.104976625138,38.7957899828427],[-121.104891819116,38.795491306016],[-121.104867430667,38.7952656166692],[-121.105052140344,38.794601904737],[-121.105181280851,38.7938199335158],[-121.10536309178,38.7935255904071],[-121.105541180967,38.793312225297],[-121.105981338905,38.7927696556356],[-121.10625570452,38.7924362616624],[-121.106346349083,38.7922034396236],[-121.106469950721,38.7917910357014],[-121.106507216986,38.7912014545623],[-121.10645646675,38.790772523514],[-121.106436749906,38.7900378995379],[-121.106325639853,38.7898054468907],[-121.106040191038,38.78920701081],[-121.105838434474,38.7889288802595],[-121.105582506926,38.7885642724503],[-121.105355636722,38.7880515215902],[-121.105219495745,38.7873689978114],[-121.105109745503,38.7868896889879],[-121.104977524765,38.7859684852598],[-121.10539829497,38.7852904454603],[-121.105582033062,38.7846987524751],[-121.105885706565,38.7841945368046],[-121.106504748989,38.7835108252637],[-121.107188303444,38.7827874600657],[-121.107515095866,38.7823963609716],[-121.107903442933,38.7819250564848],[-121.108259391604,38.7815163028994],[-121.108649217057,38.7809234418931],[-121.109188835917,38.7800671519503],[-121.109280382885,38.7796901969596],[-121.109556942358,38.7787531040273],[-121.109890007718,38.7781413229769],[-121.11010950817,38.7771401114709],[-121.110227277954,38.7769797690158],[-121.110625646254,38.7761211815662],[-121.110785348483,38.77583613439],[-121.111010240794,38.7754517141884],[-121.111308842308,38.7751366451586],[-121.111572840497,38.77499675253],[-121.112220964364,38.7746422319125],[-121.112397221492,38.7745730624095],[-121.113043954527,38.7742591124953],[-121.113344675111,38.7737728963057],[-121.113734570425,38.7730268196932],[-121.114242723108,38.7723637495972],[-121.114830594016,38.77205332244],[-121.115418006317,38.7718555297636],[-121.116208880363,38.7717241713311],[-121.11717486191,38.7716857184599],[-121.11863908099,38.7715651191785],[-121.119315274693,38.7713462051541],[-121.119756006967,38.7710920557053],[-121.120383182333,38.7701560306433],[-121.120681992515,38.7697507882984],[-121.121042021715,38.7690718207747],[-121.121378051202,38.7680634801317],[-121.121620299001,38.7674059167671],[-121.121806872397,38.7668539821832],[-121.121885016047,38.7664222981748],[-121.121934866996,38.7661486794845],[-121.122031071481,38.7656005368577],[-121.122243760504,38.7650633528885],[-121.12237208269,38.7641147840468],[-121.122587696456,38.763410966837],[-121.12279598049,38.7629457212025],[-121.123009632221,38.7624715912571],[-121.122814747107,38.7617791426336],[-121.122818178571,38.7615719279511],[-121.12305617015,38.7613279593503],[-121.123383022489,38.7609908855493],[-121.123591005094,38.7607598150952],[-121.123710792438,38.760505012036],[-121.123833286239,38.7602411125662],[-121.123922954888,38.7600083245217],[-121.123926060097,38.7597561278618],[-121.123902812182,38.7595079611156],[-121.123624625937,38.7591008258829],[-121.12338952151,38.7586842121287],[-121.123134264428,38.7581984660756],[-121.123131660551,38.7581934761418],[-121.123105663315,38.7580263778087],[-121.122993474661,38.7575965498923],[-121.122917475824,38.7568654569887],[-121.122926212728,38.7563700346074],[-121.123021595292,38.7558129052879],[-121.123113780667,38.7555890887968],[-121.123060803459,38.7551242298746],[-121.123034375515,38.7549210457681],[-121.123083821473,38.7543947088879],[-121.123138537008,38.7537964116303],[-121.123230643433,38.7533652987898],[-121.123400098458,38.7530602898761],[-121.123712102512,38.7524990568271],[-121.124130000502,38.7520237208005],[-121.12474921381,38.7515741215205],[-121.125541662145,38.7512263555779],[-121.126071533147,38.751054602981],[-121.12683483406,38.7507921192534],[-121.127483199296,38.7505366474735],[-121.12847736905,38.7503228177365],[-121.129035777923,38.7502507261497],[-121.129650878876,38.7499901871852],[-121.129860264827,38.7497863016363],[-121.129986771604,38.7491936472535],[-121.129994044701,38.7485270278058],[-121.130026433935,38.7483157187513],[-121.13028113222,38.7476315671496],[-121.130544781955,38.7469318573189],[-121.130764039628,38.7459216810553],[-121.130822022639,38.7457649068357],[-121.131064749845,38.7452011583654],[-121.1312146267,38.7450594061635],[-121.131747405725,38.7446443815984],[-121.132301980817,38.7441666891139],[-121.13289707961,38.743815805088],[-121.133100234475,38.7434764070441],[-121.133510911592,38.7417846703543],[-121.133609110906,38.7412095123433],[-121.133736471062,38.7408281100876],[-121.133975282657,38.7402918413337],[-121.134305130837,38.739549230339],[-121.134543611702,38.7391836219224],[-121.135044593883,38.7387140294554],[-121.135728741257,38.7379545310611],[-121.136497445799,38.7373765645554],[-121.137027728163,38.7370155663602],[-121.137706135516,38.7365849572058],[-121.138295684023,38.7361753776274],[-121.138857477359,38.7358193008607],[-121.139181591807,38.7356173212112],[-121.139442376115,38.7355061480065],[-121.139914609158,38.7353044959602],[-121.140650035022,38.7350820273555],[-121.14129469022,38.7349029831037],[-121.141968549969,38.7346974601581],[-121.142358021805,38.7345955249904],[-121.142819636334,38.734476739363],[-121.143377680623,38.7343505082974],[-121.144113536927,38.7339476363763],[-121.144908936666,38.7335458028176],[-121.14588021077,38.732948535397],[-121.146646629257,38.732406513144],[-121.147475419158,38.7317753697568],[-121.148357850038,38.7313478181847],[-121.148477209291,38.7311875591134],[-121.148344374994,38.7302032420248],[-121.148174549608,38.7297500313137],[-121.148097229996,38.7290369592723],[-121.148058400382,38.728690266375],[-121.148052395988,38.7281667799582],[-121.148071252014,38.7268109165986],[-121.147999138821,38.7258096350031],[-121.147789873077,38.7254281064875],[-121.147656102688,38.7251824002267],[-121.147140558388,38.724471433866],[-121.146737981287,38.7239874017304],[-121.146306289997,38.7235931677813],[-121.146080743344,38.7231120011443],[-121.145799163829,38.7224047276502],[-121.145662082589,38.7217086504458],[-121.145436128757,38.7211104174036],[-121.145421461796,38.7202181336121],[-121.145343701644,38.719469000789],[-121.145063163259,38.7187527259761],[-121.14477517102,38.7184327533324],[-121.144662298287,38.7183488545322],[-121.143993533589,38.7178526340383],[-121.143705755961,38.7175912873874],[-121.143506357741,38.7173403409304],[-121.143227312519,38.7163536735593],[-121.14364645535,38.7156035128695],[-121.143769141381,38.7153081249248],[-121.143976082606,38.7150770659515],[-121.144396844434,38.7142638114202],[-121.144546176825,38.714013873346],[-121.144901574948,38.7136050604395],[-121.145261533938,38.7129619636941],[-121.145391328215,38.7127683795705],[-121.145440861777,38.7126945063566],[-121.145483819312,38.7117609760738],[-121.145493065982,38.7115599681639],[-121.145839396901,38.7113942441721],[-121.146308422937,38.7112259623428],[-121.146661607926,38.711146016558],[-121.150359625835,38.7114301634882],[-121.150411938864,38.7114341851441],[-121.156194984748,38.7118783061977],[-121.160685669851,38.7122229857794],[-121.166097299865,38.71263809781],[-121.167488354783,38.7127447634273],[-121.170332106928,38.7129627692239],[-121.171713733368,38.7130675042747],[-121.172559754115,38.7131316342742],[-121.173391699444,38.7131946829537],[-121.173791774617,38.7132250071438],[-121.17446829154,38.7132751879761],[-121.174653152843,38.7132889017215],[-121.174803941539,38.7133000798625],[-121.17499934355,38.713314568275],[-121.175485695217,38.7133506352565],[-121.176094873124,38.7133959068289],[-121.176108757874,38.7133969390941],[-121.17675838177,38.7134483297022],[-121.176900215723,38.7134595513953],[-121.177677423298,38.7135210275092],[-121.177808192325,38.7135313733044],[-121.181010230378,38.7137696697287],[-121.181254642773,38.713787857474],[-121.182921899986,38.7139118842372],[-121.183303289248,38.7139402590343],[-121.183520497707,38.7139560261935],[-121.183703159512,38.7139692843786],[-121.183861745464,38.7139807939274],[-121.183984016142,38.7139896724944],[-121.184099055387,38.713998019516],[-121.184362997673,38.7140171893346],[-121.184380875219,38.7140184820945],[-121.184988307404,38.7140625824755],[-121.185011402882,38.7140642550512],[-121.185733665359,38.7141166823253],[-121.186010776062,38.714136792089],[-121.186303295525,38.7141580253036],[-121.186388603584,38.7141642118215],[-121.186537052131,38.7141749875592],[-121.187292585617,38.7142298215053],[-121.187662744693,38.7142566890712],[-121.187987150729,38.714280228299],[-121.188374417634,38.7143083254821],[-121.188496514363,38.7143171843371],[-121.188730448496,38.7143340335673],[-121.189303185124,38.7143752599466],[-121.18932290136,38.7143766883643],[-121.189360617829,38.7143794233571],[-121.18965222934,38.7144005319267],[-121.189854259849,38.7144151514195],[-121.189876865222,38.7144167921416],[-121.189896073626,38.7144181894549],[-121.19000990626,38.7144264260675],[-121.190030463006,38.7144279151541],[-121.190451140056,38.714458476675],[-121.190471626729,38.7144599651941],[-121.191171869598,38.7145107632208],[-121.191191813554,38.7145122066383],[-121.191873041099,38.7145616595928],[-121.19208314412,38.7145769080971],[-121.192103088112,38.7145783513578],[-121.192587959111,38.7146135398561],[-121.192607920647,38.714614983152],[-121.193070414267,38.7146485447582],[-121.193085788193,38.7146496539975],[-121.193917762966,38.7147100290931],[-121.19393297921,38.714711137124],[-121.194356216432,38.7147418395496],[-121.19437143269,38.7147429475231],[-121.194766023711,38.714771568479],[-121.194782465669,38.7147727672872],[-121.194901797353,38.7147814217042],[-121.195621027216,38.7148336014996],[-121.195637189143,38.7148347707845],[-121.19596998753,38.7148589225045],[-121.19598674479,38.7148601370573],[-121.196662132141,38.7149089996181],[-121.196677436086,38.7149101078959],[-121.197679566169,38.7149826045126],[-121.19769478253,38.71498371205],[-121.1978659981,38.7149960998443],[-121.197883035642,38.7149973297909],[-121.198907178797,38.7150713959233],[-121.198924846747,38.7150726712603],[-121.19961816849,38.715122834945],[-121.199635241139,38.715124064876],[-121.200231276449,38.7151671691316],[-121.200248454104,38.7151684134261],[-121.200909121031,38.7152161886249],[-121.200925248085,38.7152173569316],[-121.201838871454,38.7152834274882],[-121.201854070575,38.7152845206306],[-121.202339757577,38.7153196464523],[-121.202462138149,38.7153284925343],[-121.202477967665,38.7153296311191],[-121.202652879546,38.7153422843893],[-121.202680055858,38.715344242362],[-121.202697478772,38.7153455017091],[-121.203468219833,38.7154012270964],[-121.203485047443,38.7154024410472],[-121.204157660868,38.7154510623547],[-121.204174243328,38.7154522607934],[-121.204803308908,38.7154977374634],[-121.204819856343,38.7154989355695],[-121.205877266423,38.7155753511743],[-121.206115725539,38.7155925807017],[-121.207194028503,38.715670500271],[-121.20721097875,38.7156717282485],[-121.209367119615,38.7158274514006],[-121.209843638757,38.7158618516837],[-121.21013016674,38.7158825445383],[-121.210741291632,38.7159266722781],[-121.210915803864,38.7159392691588],[-121.212575949457,38.716059099778],[-121.212871899834,38.7160804676594],[-121.214882549834,38.7162255858974],[-121.214985093741,38.7162329801344],[-121.215488959999,38.7162686818471],[-121.215773901909,38.7162888694638],[-121.216083464709,38.7163108017172],[-121.216214588561,38.7163200905228],[-121.21645095483,38.71633683154],[-121.216512261596,38.7163411724133],[-121.216931142171,38.7163713235483],[-121.217245954909,38.7163940020919],[-121.217509671011,38.7164129712656],[-121.217787430911,38.7164329681792],[-121.218073543688,38.716453569931],[-121.21832600055,38.7164717336601],[-121.218355419086,38.7164738540936],[-121.218363229032,38.7164744147288],[-121.21850338737,38.7164845169676],[-121.218656363983,38.7164955291772],[-121.218925106347,38.7165148722327],[-121.219221779142,38.7165362150216],[-121.21928987969,38.7165411218912],[-121.219490521813,38.7165555567671],[-121.219776705669,38.7165761547895],[-121.220048933287,38.7165957520888],[-121.220303019651,38.7166140323044],[-121.220555022186,38.7166321743906],[-121.220617431793,38.7166366715305],[-121.220781878931,38.7166484994193],[-121.221029679189,38.7166663239146],[-121.221256536151,38.7166826480149],[-121.221437111226,38.7166956404523],[-121.221483393217,38.7166989716716],[-121.221780049873,38.7167203215285],[-121.221927406454,38.7167309210041],[-121.222341335864,38.7167607035711],[-121.225672300131,38.7170220525267],[-121.226060686986,38.7170303424823],[-121.226996651689,38.7170975581309],[-121.227105152166,38.7171053520388],[-121.227196403976,38.717111905077],[-121.227370922617,38.7171244222849],[-121.228101463374,38.7171768738642],[-121.228592378698,38.7172121165962],[-121.229185718991,38.7172547106601],[-121.229399954095,38.7172700974093],[-121.229494218343,38.7172768608683],[-121.229674358778,38.7172897963853],[-121.230162999195,38.7173248663231],[-121.230651640093,38.7173599342024],[-121.231279883264,38.7174050281911],[-121.231484943297,38.717419746163],[-121.231895869122,38.7174492412727],[-121.232012846294,38.7174576359095],[-121.233063453227,38.7175330168318],[-121.233245083454,38.7175460527542],[-121.233325444225,38.7175518150164],[-121.233730137502,38.7175808505269],[-121.23397332148,38.7175982873146],[-121.234088758073,38.7176065735717],[-121.234088898707,38.7176065333106],[-121.234096954089,38.7176071082353],[-121.234229727264,38.7176166346725],[-121.234394196596,38.7176284296492],[-121.234473016483,38.7176340848357],[-121.234604248835,38.7176434908355],[-121.234630078448,38.7176453500453],[-121.235288691902,38.7176925997793],[-121.235334817621,38.717695910703],[-121.235364797639,38.7176980579769],[-121.235448538512,38.7177040607255],[-121.23544988697,38.7177041519928],[-121.235480637459,38.7177063592346],[-121.235548827865,38.7177112571358],[-121.235562294331,38.7177122245964],[-121.235694472526,38.7177217042437],[-121.236033884017,38.7177460590039],[-121.23603591532,38.7177462096812],[-121.237368819898,38.7178418085022],[-121.237469389875,38.7178490188243],[-121.239107826754,38.7179665003294],[-121.239164319845,38.7179705504978],[-121.239772032497,38.7180141182282],[-121.239772028246,38.7180145163669],[-121.24079831483,38.7180892832915],[-121.240838486552,38.718092209807],[-121.240927638299,38.7180987108222],[-121.240960805395,38.7181011246414],[-121.241720111415,38.7181564245194],[-121.242380459832,38.7182045239786],[-121.24254079707,38.7182161980189],[-121.24262683218,38.7182224576964],[-121.242643026167,38.7182240462569],[-121.242651449838,38.7182246092613],[-121.242715319507,38.7182288431584],[-121.242854074352,38.7182380555129],[-121.242926326541,38.7182434286689],[-121.24344578564,38.718282103634],[-121.243666904086,38.7182967812034],[-121.243767638602,38.718303465394],[-121.244150524446,38.7183288761204],[-121.244265882345,38.7183365338767],[-121.244347965758,38.718341970197],[-121.244493936447,38.7183516532201],[-121.244493899672,38.7183468612543],[-121.244493877799,38.7183423165234],[-121.24458861062,38.7183497709726],[-121.244734334611,38.7183612369699],[-121.244931592776,38.7183767453171],[-121.24540749917,38.7184141668833],[-121.24582907015,38.7184473202231],[-121.245959315134,38.7184575581893],[-121.246132023609,38.7184711474797],[-121.246217846728,38.7184776227899],[-121.246644441115,38.7185097897944],[-121.246871213335,38.718526900693],[-121.247098003189,38.718544011262],[-121.247251420504,38.7185555789461],[-121.247324775772,38.718561107545],[-121.247551548319,38.7185782171135],[-121.247715385115,38.7185905657247],[-121.24777832112,38.7185953125098],[-121.24813670985,38.71862233608],[-121.248170909621,38.7186249192863],[-121.248239659508,38.7186301016691],[-121.248370306228,38.718637209117],[-121.248478253233,38.7186430709638],[-121.248516244045,38.7186451294346],[-121.24871740753,38.7186560708576],[-121.249002504678,38.7186715644919],[-121.24915837886,38.7186828709591],[-121.249322921486,38.7186948099692],[-121.249352902057,38.7186969810856],[-121.249513872273,38.7187086632986],[-121.249720846636,38.7187236771556],[-121.249838124611,38.7187321793034],[-121.250179521506,38.718756931075],[-121.250336796986,38.7187683411235],[-121.250529692055,38.7187823289123],[-121.250914887029,38.7188102584932],[-121.251283270596,38.7188369798942],[-121.251571519386,38.7188578696559],[-121.251618574391,38.7188612761995],[-121.251627820693,38.7188619536974],[-121.252094062338,38.7188957705872],[-121.252314907478,38.7189117754119],[-121.252718263827,38.7189410242842],[-121.252897307793,38.7189539989965],[-121.253006163118,38.7189618944941],[-121.25316261644,38.7189732404913],[-121.253345233072,38.718986470921],[-121.253799918382,38.7190194376851],[-121.253800233531,38.7190194671721],[-121.25381359549,38.7190204181085],[-121.254146932274,38.7190435960518],[-121.254199628044,38.7190472574938],[-121.25434626212,38.7190574403707],[-121.254678040595,38.7190805106595],[-121.254897983097,38.7190957908064],[-121.255131900751,38.7191120527172],[-121.255160096351,38.7191140049205],[-121.255329339648,38.7191257596331],[-121.255365818655,38.7191283004274],[-121.25544569433,38.7191338520096],[-121.255585761309,38.7191435929991],[-121.255830152073,38.7191605660136],[-121.256050094927,38.719175857705],[-121.256294485912,38.7191928297412],[-121.256528404204,38.7192090888359],[-121.256708383202,38.7192215968346],[-121.256748364881,38.7192243793155],[-121.256783478095,38.7192268148031],[-121.256896750974,38.7192346800284],[-121.2569927562,38.7192413498805],[-121.257226657286,38.7192576074548],[-121.257621186282,38.7192850115766],[-121.257744091298,38.7192935554612],[-121.257809711966,38.7192981080261],[-121.258032720429,38.7193136077853],[-121.258139496195,38.7193210320715],[-121.258218181504,38.7193264917498],[-121.258448773189,38.7193425197455],[-121.258672237421,38.7193580349169],[-121.258916629657,38.7193750014286],[-121.259161004342,38.7193919810424],[-121.259393102549,38.7194081128888],[-121.259405396669,38.7194089602533],[-121.259468775856,38.719413360269],[-121.259669000801,38.7194272697916],[-121.259939575211,38.7194460625553],[-121.260522615453,38.7194865493786],[-121.260697184376,38.7194986734444],[-121.260826027057,38.7195076226078],[-121.260959037872,38.7195168590507],[-121.261203431056,38.7195338344733],[-121.261482727741,38.7195532283783],[-121.261831866301,38.7195774733575],[-121.262011829637,38.719589973016],[-121.262141933554,38.7195990111188],[-121.262180987574,38.7196017171744],[-121.262568672734,38.7196286352883],[-121.263070245315,38.7196617676155],[-121.263297414614,38.7196767756674],[-121.263437120977,38.7196859968682],[-121.263442059891,38.7196863165557],[-121.263541905047,38.7196929229828],[-121.263768916825,38.7197079291101],[-121.263995946365,38.7197229211754],[-121.264222958334,38.7197379264141],[-121.26444997054,38.7197529174796],[-121.264677000367,38.7197679082118],[-121.264886551486,38.7197817579954],[-121.265309677235,38.7198101958607],[-121.265330833503,38.7198116204593],[-121.26542579166,38.7198180020934],[-121.266006154155,38.7198570027247],[-121.266058046707,38.7198604889313],[-121.267088718,38.7199297509244],[-121.267198720571,38.7199371460579],[-121.267237549552,38.7199396155798],[-121.267370832645,38.7199480912386],[-121.267708068474,38.719969566011],[-121.267917678573,38.7199829026794],[-121.268088161933,38.7199937541364],[-121.268258645344,38.7200046053429],[-121.268429128807,38.7200154562987],[-121.268599612322,38.7200263070041],[-121.268770095889,38.7200371574588],[-121.268858245076,38.7200427656755],[-121.268940579508,38.720048007663],[-121.268971632218,38.7200499882404],[-121.269111063178,38.7200588576166],[-121.269281547042,38.7200696935908],[-121.269452030817,38.7200805430434],[-121.269622514644,38.7200913922453],[-121.269792998522,38.7201022411967],[-121.270092247388,38.7201212868535],[-121.270178925563,38.7201268024302],[-121.27034595938,38.7201374229139],[-121.270359130125,38.7201382609001],[-121.270671129737,38.7201581129448],[-121.27069831186,38.7201598490462],[-121.270720397424,38.7201612510434],[-121.271219782941,38.7201930162703],[-121.271766159749,38.7202277791379],[-121.272028761361,38.7202470153448],[-121.273233175147,38.720335271508],[-121.27381315965,38.7203777592261],[-121.274389974981,38.7204200182686],[-121.275547040161,38.7205047825925],[-121.275692991379,38.7205154696455],[-121.27670475623,38.7205895668759],[-121.277862457393,38.7206743532246],[-121.278204990874,38.7206994276338],[-121.279020108878,38.7207591139636],[-121.280177903178,38.7208438777484],[-121.280739209649,38.7208849654666],[-121.28075675755,38.7208862550356],[-121.281265455839,38.7209234854389],[-121.281332285257,38.7209283754132],[-121.281406278028,38.7209337353486],[-121.28191109286,38.7209703072874],[-121.282479218342,38.7210114425153],[-121.283048237556,38.7210526491296],[-121.283617274953,38.7210938530609],[-121.283901793829,38.7211144608442],[-121.284186313008,38.7211350542007],[-121.284755351584,38.7211762662781],[-121.285324075785,38.7212174324338],[-121.285607982692,38.7212379910664],[-121.285893150866,38.7212586254167],[-121.286401648193,38.7212954338612],[-121.286647131553,38.7213132135569],[-121.28693469959,38.7213340248588],[-121.287323984964,38.721362201749],[-121.287499345618,38.7213748943989],[-121.288099018935,38.7214182964925],[-121.288742546476,38.72146486137],[-121.288981025828,38.7214821126312],[-121.289371678808,38.7215103871309],[-121.289623310936,38.7215285963511],[-121.289650421615,38.7215305609747],[-121.289720562751,38.7215356311467],[-121.290246507401,38.7215736828454],[-121.290285176926,38.7215764869118],[-121.290448682169,38.7215883062341],[-121.290551283778,38.7215949199713],[-121.291149729466,38.7216334795983],[-121.291628672057,38.7216643454321],[-121.292704065678,38.7217336388731],[-121.294222027864,38.7218314278745],[-121.294262995235,38.7218340661059],[-121.294900573319,38.7218751235734],[-121.296473643665,38.7219764307994],[-121.298877947415,38.7221312098227],[-121.29919092393,38.7221513616662],[-121.299560807198,38.7221751651694],[-121.2996305988,38.7221784835453],[-121.299710114257,38.7221839063215],[-121.299711708098,38.7221840120519],[-121.299760818443,38.7221873702567],[-121.300583787359,38.7222434236788],[-121.300658679155,38.7222485296007],[-121.300886665107,38.722264045515],[-121.301114633498,38.7222795746046],[-121.301342619514,38.7222951033517],[-121.301570605629,38.7223106316508],[-121.301781217382,38.7223249840028],[-121.301992932767,38.7223393975317],[-121.302160634258,38.7223508136787],[-121.303111550635,38.7224155683174],[-121.303239669467,38.7224243011999],[-121.303450124434,38.7224386221164],[-121.303660579352,38.7224529563802],[-121.303871034355,38.7224672902621],[-121.304024724738,38.7224777546531],[-121.304489754579,38.7225094037439],[-121.30450238248,38.7225102757829],[-121.30471282043,38.7225245943036],[-121.304923275856,38.7225389262766],[-121.305138407788,38.7225535742052],[-121.305213983319,38.7225587224672],[-121.306032459509,38.7226144356783],[-121.306206099741,38.7226262522006],[-121.307038939512,38.7226829366422],[-121.307211476655,38.7226946764192],[-121.308039273815,38.722751007769],[-121.308047453317,38.7227515508316],[-121.308185595152,38.7227606126258],[-121.308190184107,38.7227609145888],[-121.308491251897,38.7227806545022],[-121.308581612587,38.7227865751911],[-121.308720980662,38.7227957123047],[-121.308756676544,38.7227980531316],[-121.308828033265,38.7228027345435],[-121.308837141086,38.7228033380007],[-121.308917833469,38.7228086241713],[-121.308618168431,38.7231172417401],[-121.30816639621,38.7235405014504],[-121.30807555403,38.7236496263688],[-121.307989914313,38.7237613031359],[-121.307909593753,38.7238753796139],[-121.307834701797,38.7239917003947],[-121.307765340498,38.7241101070125],[-121.307701604376,38.7242304381587],[-121.307643580291,38.7243525299023],[-121.307591347321,38.7244762159127],[-121.307334221418,38.7252588992683],[-121.307251615498,38.7256589040756],[-121.307127020386,38.7258511322281],[-121.307055803483,38.7259607190587],[-121.306979847668,38.7260683355648],[-121.30689924164,38.7261738560464],[-121.306814079528,38.7262771572512],[-121.306724460787,38.7263781185184],[-121.306630490078,38.7264766219201],[-121.306532277146,38.7265725523988],[-121.306429936692,38.7266657979017],[-121.305665623384,38.7273614316767],[-121.305182180218,38.7278141055285],[-121.305015848042,38.727969862272],[-121.304871390019,38.7281162319736],[-121.304732999333,38.7282661558032],[-121.304600818423,38.7284194794929],[-121.30447498334,38.7285760452754],[-121.303814286304,38.7295014933267],[-121.302475750631,38.7313183763694],[-121.302186210682,38.7317516500179],[-121.302040385464,38.7320936469687],[-121.301886024208,38.7326302671094],[-121.301775348212,38.7329679581174],[-121.30171592304,38.7336954442355],[-121.301725402689,38.7337690655148],[-121.301737883515,38.7338512447857],[-121.301737985451,38.7338515749142],[-121.301750837258,38.7339245299955],[-121.301765370167,38.7339976599495],[-121.301781517842,38.734070579942],[-121.30179260593,38.7341142662171],[-121.301805382199,38.7341645529501],[-121.30181167286,38.7342291208259],[-121.299817050424,38.7341970414805],[-121.299637387717,38.7341941584991],[-121.299646119718,38.735496207529],[-121.299647010395,38.7356301607646],[-121.29967763991,38.7363333384802],[-121.299674819157,38.7363736784242],[-121.299669464661,38.73641386056],[-121.299661589419,38.7364537873202],[-121.299651212549,38.7364933617572],[-121.299638359243,38.7365324877787],[-121.299623060707,38.7365710703811],[-121.299605354084,38.7366090158801],[-121.299585282364,38.7366462321384],[-121.290545286429,38.7366794951807],[-121.290547181454,38.736586102921],[-121.290529458343,38.7361939812208],[-121.290492210829,38.736193684807],[-121.28952587738,38.7361861514778],[-121.289317641654,38.7361845192074],[-121.289342041565,38.7362390798736],[-121.289230597546,38.7366594354072],[-121.28922125299,38.7366946637596],[-121.288933410294,38.7366968268103],[-121.288692147608,38.7366986431457],[-121.288500006873,38.7367001011842],[-121.288501937939,38.7368576488068],[-121.288502362812,38.7368923054394],[-121.288505600381,38.7371558963521],[-121.288505946511,38.7371844015487],[-121.288344436511,38.737356942042],[-121.288089174886,38.7372648967071],[-121.28766318179,38.737615110703],[-121.287623836228,38.7376474636987],[-121.287551543792,38.7377068817758],[-121.287573323266,38.7378164969713],[-121.287580020427,38.7378164282538],[-121.287497714277,38.7378972444985],[-121.287168629139,38.7382203999191],[-121.286888329044,38.738440180498],[-121.286581897569,38.7387466132993],[-121.286364911438,38.7391466423494],[-121.286249568089,38.7393592666011],[-121.285931182489,38.7394831413291],[-121.28578189234,38.7396002713567],[-121.285739079134,38.7396338380588],[-121.285593478121,38.7398723894963],[-121.285439487889,38.7398725808558],[-121.285271914218,38.7402251324534],[-121.285177384277,38.7402256073334],[-121.285179251028,38.7403783629204],[-121.285167942928,38.7403784442843],[-121.284729404504,38.741312553897],[-121.284632236461,38.7415195358094],[-121.2845138215,38.7417717361781],[-121.284377433151,38.7420573812249],[-121.284349335246,38.7421162186361],[-121.284019487777,38.7429021373389],[-121.284088128062,38.7429016134908],[-121.284091062425,38.7431414638169],[-121.284296633225,38.7431399035904],[-121.284230108024,38.7432961640467],[-121.284093996947,38.7433813004101],[-121.284094977562,38.7434615846237],[-121.284094985563,38.7434625320296],[-121.284095191293,38.7434786795482],[-121.28400608993,38.7435211590033],[-121.284010264772,38.7438624802262],[-121.284012379168,38.743889307579],[-121.284010590786,38.7438893240038],[-121.283668455185,38.7438918256494],[-121.283528262781,38.7438928411116],[-121.281526276597,38.7439074280922],[-121.280772590596,38.7439131113486],[-121.280314070566,38.7439165704443],[-121.278953658743,38.7439268113156],[-121.277402891942,38.7439384596829],[-121.276438529935,38.743945699672],[-121.275620374712,38.7439518261618],[-121.274367455861,38.7439612014367],[-121.274379825967,38.7445912438827],[-121.27438467806,38.7448375459041],[-121.274384110073,38.74484510748],[-121.274383886161,38.7448481540986],[-121.274378316864,38.7449034057336],[-121.274370311449,38.7449584735233],[-121.274359879484,38.7450132916116],[-121.274347033441,38.7450677944408],[-121.274331788676,38.7451219168301],[-121.274314163415,38.7451755940538],[-121.274294178731,38.745228761918],[-121.274271858519,38.745281356838],[-121.274235661188,38.7453559720044],[-121.274194764899,38.7454290832361],[-121.274149271083,38.7455005091785],[-121.274099292575,38.7455700726566],[-121.274061168634,38.7456182189369],[-121.274020895565,38.745665279907],[-121.273978523689,38.7457111967597],[-121.273934105952,38.7457559121169],[-121.273887697852,38.7457993701022],[-121.27383935738,38.7458415164103],[-121.273789144937,38.7458822983745],[-121.273737123268,38.7459216650335],[-121.273646988757,38.7459837225634],[-121.273575717864,38.7460279171932],[-121.273502010879,38.7460695893597],[-121.273426013258,38.7461086568229],[-121.27334787498,38.7461450424828],[-121.273088942297,38.7462549892436],[-121.273028509816,38.7462806561267],[-121.272774400697,38.7463885729365],[-121.27262182232,38.7464533550012],[-121.272496938046,38.746512927064],[-121.272374248979,38.7465752339409],[-121.272231736394,38.746652593257],[-121.272092607122,38.7467336418177],[-121.271957016831,38.7468182889474],[-121.271825117228,38.7469064399441],[-121.271666101377,38.7470210741856],[-121.271513325248,38.7471407995713],[-121.271367054431,38.7472654079916],[-121.271227543215,38.7473946828482],[-121.271123474709,38.7474987190847],[-121.27099066496,38.7476443407757],[-121.270536234971,38.748142623382],[-121.2704484796,38.7482388531902],[-121.270361557403,38.7483341682738],[-121.270306115438,38.748399307686],[-121.270253677616,38.7484659551941],[-121.270186259657,38.7485604218356],[-121.270124874652,38.7486573779071],[-121.270069672101,38.748756587316],[-121.270020786451,38.7488578084818],[-121.269994132872,38.7489204028223],[-121.269969895824,38.7489835967065],[-121.269933876363,38.7490936939474],[-121.269905188953,38.7492051046399],[-121.269904894923,38.7492064208524],[-121.269904380372,38.7492087242242],[-121.269902467772,38.7492174168943],[-121.26989957486,38.74923108732],[-121.269888790768,38.7492688176546],[-121.269877497463,38.7493083296605],[-121.26986338474,38.7493577643126],[-121.269863348831,38.7493578464656],[-121.269857420212,38.7493785961049],[-121.269844326429,38.7494244124944],[-121.269828572473,38.7494817177298],[-121.269784768246,38.7496173810078],[-121.269758810115,38.7496866356134],[-121.269701918818,38.7498195100273],[-121.269636602446,38.7499499870054],[-121.269587510358,38.7500370972535],[-121.269534661746,38.7501228490616],[-121.269488219493,38.7501925925104],[-121.269459412687,38.7502335731579],[-121.26945171098,38.7502442751198],[-121.269433946487,38.7502685199801],[-121.269311159368,38.7504361156549],[-121.269298839374,38.7504526236998],[-121.269287799444,38.7504674098467],[-121.269144013289,38.7506599849552],[-121.269075912828,38.7507523009547],[-121.269018694166,38.7508298572576],[-121.268992040613,38.7508659909991],[-121.268743302364,38.7512032071028],[-121.268646217501,38.7513348271618],[-121.268594278929,38.7514052221102],[-121.268174799883,38.7519739026787],[-121.268116922629,38.7520556991288],[-121.268061330589,38.7521384618167],[-121.268008050065,38.7522221515994],[-121.267957106263,38.7523067288953],[-121.267908523286,38.7523921537026],[-121.267862324121,38.7524783856188],[-121.267818530627,38.7525653838595],[-121.267777163526,38.7526531072776],[-121.267712785337,38.752802984701],[-121.267655488131,38.7529546143321],[-121.267605349437,38.7531077911125],[-121.267562437111,38.7532623078898],[-121.267526809231,38.7534179556984],[-121.26749851403,38.7535745240417],[-121.267477589821,38.7537318011765],[-121.267464064953,38.7538895744],[-121.267418109143,38.7548057905629],[-121.267409338956,38.7549175363444],[-121.267398066706,38.7550291444657],[-121.26738429585,38.75514058058],[-121.267368030614,38.7552518103937],[-121.267349275992,38.7553627996763],[-121.267328037744,38.7554735142711],[-121.267304322395,38.7555839201059],[-121.267278137232,38.7556939832033],[-121.267249490301,38.7558036696913],[-121.267218390407,38.7559129458136],[-121.267184847111,38.75602177794],[-121.267148870723,38.7561301325769],[-121.267110472306,38.7562379763772],[-121.267069663666,38.7563452761514],[-121.26702645735,38.7564519988766],[-121.266980866645,38.7565581117081],[-121.266830987009,38.7567762413989],[-121.266673544679,38.756991080164],[-121.26650865736,38.7572024672954],[-121.266336448329,38.7574102446659],[-121.266151008922,38.7575861319425],[-121.266131211162,38.7576049127116],[-121.26585302007,38.7577662909711],[-121.265850777821,38.7580040084817],[-121.265850768897,38.7580048734034],[-121.265848651771,38.7582270632845],[-121.265846931306,38.7584159059591],[-121.265840788577,38.7590877354092],[-121.26578214957,38.7604711096589],[-121.265777163445,38.7613230676861],[-121.26575315021,38.7654241188288],[-121.265763975359,38.7666182683414],[-121.265783156526,38.7687361155299],[-121.26606988556,38.7688130150174],[-121.266355367047,38.7688927091766],[-121.266639556553,38.7689751856043],[-121.266922409844,38.7690604314644],[-121.267203882894,38.7691484334897],[-121.26748393189,38.769239177984],[-121.267762513242,38.7693326508242],[-121.268039583586,38.7694288374624],[-121.268330732285,38.7695475272442],[-121.268618068876,38.7696717809632],[-121.268901419903,38.7698015236203],[-121.269180614315,38.7699366769029],[-121.269455483566,38.7700771592321],[-121.269725861716,38.7702228858121],[-121.269991585535,38.7703737686807],[-121.270252494599,38.7705297167631],[-121.270810410971,38.770905066718],[-121.271783673387,38.7715975834738],[-121.271843922109,38.771634853356],[-121.272774096538,38.7722894442817],[-121.274950682313,38.7738211067092],[-121.276027168111,38.7745881118393],[-121.276363232428,38.7748409246335],[-121.276705019281,38.7750889927448],[-121.277052419407,38.7753322368276],[-121.277405321744,38.7755705790783],[-121.27772309206,38.7757912818299],[-121.278045897022,38.7760074619962],[-121.278373631628,38.7762190492277],[-121.278706189267,38.7764259746688],[-121.278713576435,38.7764308671772],[-121.278725800042,38.7764379315791],[-121.278917032051,38.776544629988],[-121.279112570473,38.7766464337916],[-121.27931221094,38.7767432365802],[-121.279515744796,38.7768349371714],[-121.279722959311,38.776921439715],[-121.279933637907,38.7770026537941],[-121.280147560382,38.7770784945192],[-121.28036450314,38.7771488826168],[-121.280203674053,38.7770975933992],[-121.280198825161,38.7770966434404],[-121.28034205704,38.7771424219269],[-121.280486626106,38.7771855481869],[-121.280632452218,38.777225998313],[-121.280779454539,38.7772637498817],[-121.280779681987,38.7772638062099],[-121.280947236055,38.7773033292873],[-121.281116084658,38.7773393188887],[-121.281286106203,38.7773717490963],[-121.281457178252,38.7774005965557],[-121.281629177609,38.7774258404926],[-121.28180198041,38.7774474627278],[-121.281975462212,38.77746544769],[-121.282149498084,38.7774797824274],[-121.282151161076,38.7774801084951],[-121.282181573307,38.7774820264917],[-121.282263467408,38.7774871734837],[-121.283582170166,38.7775701184993],[-121.28519773782,38.777670528655],[-121.285340477369,38.7776774859376],[-121.285483013967,38.7776866446659],[-121.285625292213,38.7776980012804],[-121.285767256805,38.7777115513666],[-121.285908852564,38.7777272896581],[-121.286050024454,38.7777452100375],[-121.286190717603,38.7777653055396],[-121.286330877326,38.7777875683534],[-121.286470449145,38.777811989826],[-121.286609378809,38.7778385604649],[-121.286747612319,38.7778672699426],[-121.286885095943,38.7778981071001],[-121.287021776244,38.7779310599515],[-121.287157600094,38.7779661156885],[-121.2872925147,38.7780032606853],[-121.287426467619,38.7780424805042],[-121.287427990613,38.7780427781772],[-121.287476167099,38.7780521080522],[-121.287484191401,38.778060010726],[-121.287608608663,38.7780996569463],[-121.287614133215,38.778101461986],[-121.287637891844,38.7781092689808],[-121.287642821724,38.7781109056131],[-121.287654552098,38.7781147944644],[-121.287797509241,38.7781637569136],[-121.287939087529,38.7782151157737],[-121.288079221412,38.7782688472666],[-121.288217846007,38.7783249265157],[-121.288354897131,38.7783833275574],[-121.288490311326,38.7784440233531],[-121.288624025895,38.7785069858016],[-121.288755978924,38.7785721857524],[-121.288771161674,38.7785798987848],[-121.288786326751,38.7785876254366],[-121.288801456341,38.7785953930583],[-121.288816568258,38.7786031742995],[-121.288831644688,38.7786109965107],[-121.288846703309,38.7786188460703],[-121.288891737094,38.7786425723539],[-121.289098796634,38.7787567814716],[-121.289104691492,38.7787601539002],[-121.289113411624,38.7787651500106],[-121.289134164831,38.7787771121411],[-121.290728869274,38.7797507909401],[-121.291911532364,38.7804939800335],[-121.292022013122,38.7805743391912],[-121.292130456715,38.7806563810097],[-121.292236821318,38.7807400738521],[-121.292341065908,38.7808253854446],[-121.292342163798,38.7808261060838],[-121.292343397088,38.7808273218196],[-121.29246680466,38.7809329026245],[-121.292586966679,38.7810407528372],[-121.29270381504,38.7811508113434],[-121.292817283515,38.7812630157774],[-121.292927307787,38.7813773025572],[-121.293033825495,38.7814936069204],[-121.293136776261,38.781611862961],[-121.293236101726,38.7817320036667],[-121.293668330471,38.7823639235656],[-121.294072157442,38.7833751182369],[-121.29445616317,38.784336118507],[-121.294475942501,38.7843651672824],[-121.294548665739,38.7845494917056],[-121.29458960335,38.7846343488621],[-121.294632755854,38.7847185310414],[-121.294678105106,38.7848020028322],[-121.294725632037,38.7848847291218],[-121.294775316664,38.7849666751107],[-121.294827138092,38.785047806328],[-121.29488107453,38.7851280886451],[-121.294937103296,38.7852074882904],[-121.294995200829,38.7852859718635],[-121.295055342695,38.7853635063495],[-121.295117503601,38.7854400591322],[-121.295181657406,38.7855155980086],[-121.295247777127,38.7855900912021],[-121.295315834958,38.7856635073757],[-121.295385802272,38.7857358156454],[-121.295457649645,38.7858069855933],[-121.29550670566,38.7858538957463],[-121.29563007828,38.7859663698649],[-121.295758197947,38.7860755445667],[-121.295890920728,38.7861812971838],[-121.296028097514,38.7862835088927],[-121.296169574194,38.7863820648479],[-121.296315191819,38.7864768543113],[-121.296464786789,38.7865677707762],[-121.29661819103,38.7866547120873],[-121.296775232188,38.7867375805556],[-121.29693573382,38.786816283068],[-121.297099515593,38.7868907311921],[-121.297266393485,38.7869608412756],[-121.297436179996,38.7870265345401],[-121.297608684354,38.7870877371704],[-121.297783712733,38.7871443803964],[-121.297961068469,38.7871964005714],[-121.298033043446,38.7872160161836],[-121.298197427425,38.7872576577413],[-121.298363361364,38.7872953461239],[-121.2985306901,38.7873290460893],[-121.298699257168,38.7873587261249],[-121.299267240974,38.7874155502949],[-121.299460155876,38.7874348513749],[-121.299612009816,38.7874500464006],[-121.300664214621,38.7874479448339],[-121.300631169428,38.7902841173694],[-121.300589411098,38.7921614345673],[-121.300511395809,38.7956682246734],[-121.300320244417,38.7956688854132],[-121.300196447721,38.7956693201934],[-121.295133591861,38.795686767067],[-121.29513379993,38.7956870154652],[-121.295083656878,38.7956871641699],[-121.294725637126,38.7956882717085],[-121.294725356435,38.7956882700037],[-121.29355009561,38.7956921923169],[-121.293526533276,38.7956922274576],[-121.293517918867,38.7956922436977],[-121.293191259055,38.7956925075611],[-121.292623345608,38.7956929761715],[-121.292400934771,38.7956931588584],[-121.291976815335,38.7956935256128],[-121.29191151492,38.7956935805304],[-121.291854285076,38.7956936159786],[-121.291529291721,38.7956938990593],[-121.291455324404,38.7956939557622],[-121.291441991275,38.7956939018671],[-121.291410130582,38.7956939271328],[-121.290937255491,38.795694294627],[-121.288378592547,38.7956962857336],[-121.288351012673,38.7956963089339],[-121.288176305142,38.7956964463492],[-121.287812924572,38.7956967445796],[-121.287759519695,38.7956967465494],[-121.287657165372,38.7956968326654],[-121.28757460118,38.7956969028089],[-121.28738968294,38.7956970313161],[-121.287204764699,38.7956971595289],[-121.287019846182,38.795697314905],[-121.286603060725,38.7956976109546],[-121.286410808863,38.7956977477683],[-121.286373176032,38.7956977773711],[-121.28582678955,38.7956981940061],[-121.285661643893,38.7956983040658],[-121.285589238052,38.7956983529081],[-121.285351721362,38.7956985389979],[-121.285114204948,38.7956986971441],[-121.285041798967,38.795698759374],[-121.284949410016,38.7956988220799],[-121.28487665317,38.7956988820463],[-121.284685278324,38.7956990351341],[-121.284639136477,38.7956990666786],[-121.284540150859,38.7956991296104],[-121.28440162006,38.7956992233674],[-121.284261247083,38.7956993193345],[-121.284253755576,38.7956993280787],[-121.284237018238,38.7956993347525],[-121.284148629139,38.7956994214755],[-121.284072573614,38.7956995155222],[-121.282074236066,38.7957018003498],[-121.281790278163,38.7957021176496],[-121.280151357733,38.7957039282051],[-121.277017205854,38.795707358616],[-121.276243071697,38.7957081929642],[-121.275964640273,38.7957084892744],[-121.2758128451,38.7957086548384],[-121.275796388311,38.795708675775],[-121.27555392326,38.7957089208032],[-121.274971357639,38.7957095411934],[-121.274956427248,38.7957095578114],[-121.274943880214,38.7957046740546],[-121.2748079951,38.7956517622815],[-121.274622027195,38.7955793433059],[-121.274436094756,38.7955069242513],[-121.274250092523,38.79543450446],[-121.274064125755,38.7953620845897],[-121.273878194172,38.7952896920983],[-121.273692228161,38.7952172716315],[-121.273506262529,38.7951448508665],[-121.273317151872,38.7950712019006],[-121.273126818365,38.7949970781574],[-121.272936450169,38.7949229538821],[-121.27274608237,38.7948488292942],[-121.272560747965,38.7947766306302],[-121.272202381621,38.7946370874713],[-121.271962213662,38.7945435376193],[-121.271622267591,38.7944111652388],[-121.271372979512,38.7943140695894],[-121.271215921069,38.7942528926936],[-121.271058862614,38.7941917430429],[-121.270901804712,38.7941305657216],[-121.270781372916,38.7940836500187],[-121.270744816969,38.7940694160861],[-121.27058772452,38.794008238119],[-121.270430667428,38.7939470601596],[-121.270273610324,38.7938859094453],[-121.270116553772,38.7938247310604],[-121.269959497209,38.7937635799206],[-121.269908945122,38.7937438756596],[-121.269845881532,38.7937193147465],[-121.269802441197,38.7937024011102],[-121.269641820564,38.7936398541479],[-121.269406831379,38.7935483360798],[-121.269076191099,38.7934195570046],[-121.268824931609,38.7933220589907],[-121.268758687589,38.7932963516141],[-121.268677118758,38.7932647125322],[-121.268406796126,38.793159830495],[-121.268398094104,38.7931564530644],[-121.268400303842,38.7931531169225],[-121.267683647837,38.7928749788635],[-121.26663983163,38.7924654223842],[-121.266440058447,38.792387658218],[-121.26591898682,38.792184816706],[-121.265681700297,38.7920924389882],[-121.265684180263,38.7915090215729],[-121.265683065156,38.791365552088],[-121.265683945747,38.7911596247386],[-121.26568462928,38.7909948717402],[-121.265685330352,38.7908301188505],[-121.26568603142,38.7906653659586],[-121.265686732485,38.7905006130644],[-121.265687433546,38.790335860168],[-121.265688134605,38.7901711072693],[-121.26568883566,38.7900063543684],[-121.26568953657,38.7898416151941],[-121.265690220077,38.7896768621778],[-121.265690921123,38.7895121092702],[-121.265691622165,38.7893473563603],[-121.265692323204,38.7891826034482],[-121.26569302424,38.7890178505339],[-121.265693725273,38.7888530976173],[-121.26569442616,38.7886883584274],[-121.265695353774,38.7884693743097],[-121.26569548835,38.7884461443735],[-121.265696413234,38.788291992255],[-121.265697147874,38.7881715592713],[-121.265706614245,38.7866191378945],[-121.265707218602,38.786518117982],[-121.265708284456,38.7863435093558],[-121.265708717356,38.7862709913845],[-121.265709716519,38.7861062403168],[-121.265710715678,38.7859414892468],[-121.265712214407,38.7856943626377],[-121.265713713125,38.7854472360236],[-121.265708758582,38.7851863113496],[-121.265730659566,38.781302677983],[-121.265734933253,38.7805488160822],[-121.265519241362,38.7805483441788],[-121.265470141623,38.7805486925767],[-121.265439070482,38.7802096310714],[-121.265393641198,38.77971361585],[-121.265342326355,38.7793459643425],[-121.26531550879,38.7791539070888],[-121.265159372355,38.778811953293],[-121.265000030269,38.7784629493202],[-121.264984123053,38.7784288399167],[-121.264984071713,38.7784287160236],[-121.264983419419,38.7784273389147],[-121.264980552552,38.7784213071153],[-121.264979161831,38.7784184013244],[-121.264978938506,38.7784179468273],[-121.264966041413,38.7783912842961],[-121.264957570634,38.778374205723],[-121.26495459797,38.7783682281723],[-121.264921427506,38.7783039412138],[-121.264903563473,38.7782707942236],[-121.264889099942,38.7782446572266],[-121.264888824427,38.7782441612095],[-121.264888462637,38.7782435273482],[-121.264858105081,38.7781905028812],[-121.26485329573,38.7781823443902],[-121.264849348142,38.7781756604437],[-121.264827344547,38.7781391371586],[-121.264800014921,38.778095234702],[-121.264776175048,38.7780581917757],[-121.264754656399,38.7780256669168],[-121.264723053974,38.777979403316],[-121.264687596292,38.7779294082441],[-121.264640335953,38.7778656772579],[-121.264592266158,38.7778039044845],[-121.264515300225,38.7777106721617],[-121.2644501512,38.7776365990686],[-121.264349906332,38.7775301363641],[-121.264244508946,38.7774267678726],[-121.264205993481,38.777390963605],[-121.264150157667,38.777340729367],[-121.264112175269,38.7773076606753],[-121.263985530264,38.7772032939981],[-121.263982416134,38.7772008303516],[-121.263979092962,38.7771982280817],[-121.263977840408,38.7771972315955],[-121.263975561315,38.7771954322729],[-121.263919652371,38.7771522957613],[-121.263793952418,38.7770607031761],[-121.263663778728,38.7769730233186],[-121.2635524219,38.7769032835594],[-121.263489944243,38.7768661325473],[-121.263426633242,38.7768298549206],[-121.263386889102,38.7768077586449],[-121.262336957231,38.7762316075175],[-121.261235576871,38.7756272066888],[-121.261110427512,38.7755585300825],[-121.261108195169,38.7755573076518],[-121.261081672551,38.7755457842938],[-121.26098759083,38.7755053140861],[-121.260867238329,38.7754544203813],[-121.260725778065,38.7753958682056],[-121.260548708394,38.7753244707866],[-121.260370565544,38.7752547287027],[-121.260274062309,38.7752178122311],[-121.260184510506,38.7751837133985],[-121.260111848607,38.7751564085568],[-121.259971128328,38.7751043955542],[-121.259968752001,38.7751035291583],[-121.25996606113,38.7751025509188],[-121.259894962258,38.7750767524522],[-121.259795883522,38.7750413019785],[-121.259708297937,38.7750104418155],[-121.259606184872,38.7749750130184],[-121.2595336551,38.7749502212079],[-121.259533427962,38.7749501373804],[-121.259517383323,38.7749447216067],[-121.25948483992,38.7749337086683],[-121.259234145846,38.7748510125146],[-121.258981857534,38.7747713432681],[-121.2588260426,38.774723900646],[-121.258487948665,38.7746254682038],[-121.258376810944,38.7745944291285],[-121.258276054801,38.7745669161879],[-121.257937725252,38.7744340462772],[-121.256863237042,38.7740301344311],[-121.256738865296,38.7739833845377],[-121.256712153102,38.7739733417771],[-121.256610824976,38.7739352517667],[-121.256588023957,38.7739352842417],[-121.25658800631,38.7739369728949],[-121.256588005019,38.7739370964549],[-121.255077126271,38.7739388068948],[-121.254765332059,38.7739391535263],[-121.25388761818,38.7739401334312],[-121.253484918301,38.7739405788163],[-121.253369983977,38.7739407046408],[-121.253370626001,38.7739396927641],[-121.253375316108,38.7739323225608],[-121.253488106807,38.7737553979035],[-121.253520846939,38.7737040667275],[-121.253547835001,38.7736626938584],[-121.253575731825,38.7736216288822],[-121.253604536256,38.7735809816293],[-121.253634248582,38.7735407246412],[-121.253664868514,38.773500885375],[-121.2536963259,38.7734614633789],[-121.253728690601,38.7734224865612],[-121.253761892467,38.7733839544699],[-121.25384354522,38.7732910891535],[-121.253855631276,38.7732976061182],[-121.254357754756,38.7735682753832],[-121.254361211125,38.7735681602857],[-121.254907341742,38.7735493147145],[-121.254909581977,38.7735464183736],[-121.254892750098,38.7735425483715],[-121.254558702495,38.7734590409511],[-121.254414488729,38.7734197537191],[-121.254387625677,38.7734124416831],[-121.254342633909,38.7733994938131],[-121.254270958248,38.7733788780382],[-121.254217485797,38.7733634866532],[-121.254163811841,38.7733472427006],[-121.254092602196,38.7733256824519],[-121.254048246931,38.7733122580135],[-121.25402155432,38.7733037524939],[-121.25388012012,38.7732587022049],[-121.253731456661,38.7732089645927],[-121.253713280179,38.7732028752752],[-121.253690493499,38.7731948753323],[-121.253580806259,38.7731563856718],[-121.253547657259,38.7731447493211],[-121.253508591113,38.7731303975977],[-121.253444051542,38.7731066967997],[-121.253426597754,38.7731002688393],[-121.253383356021,38.7730843799401],[-121.253323334892,38.7730613122466],[-121.253298564723,38.7730518029186],[-121.253273777312,38.7730422660148],[-121.253220446629,38.7730217675891],[-121.253167492193,38.7730005164194],[-121.253142970907,38.7729906928734],[-121.253118467598,38.7729808282485],[-121.25305896388,38.7729569399571],[-121.253016845635,38.7729393007331],[-121.252949459849,38.7729110916944],[-121.252938895332,38.7729066713574],[-121.252919931587,38.7728987370534],[-121.252898942574,38.7728899247339],[-121.252869699256,38.7728771600195],[-121.252748780633,38.7728243594645],[-121.25274045287,38.7728207223769],[-121.252726593255,38.7728144272848],[-121.252583494201,38.7727493878079],[-121.252557038308,38.772736750799],[-121.252428598474,38.7726753752657],[-121.251819977304,38.7733668693251],[-121.25134328927,38.7739084715303],[-121.251320230407,38.773934670332],[-121.251312916984,38.7739429708922],[-121.250994317346,38.7739433321544],[-121.250830852008,38.7739435130353],[-121.250452899812,38.773943929121],[-121.249815963871,38.7739446202928],[-121.249668880137,38.7739447818294],[-121.248821087637,38.7739457246042],[-121.248255132653,38.7739463447598],[-121.247394834794,38.7739472785171],[-121.247393945561,38.7739351767823],[-121.247393882175,38.773878170166],[-121.247393838248,38.7738325868845],[-121.247393716591,38.7737429578414],[-121.247393586659,38.7736342168367],[-121.247393478908,38.7735449311279],[-121.247393263994,38.7733464102854],[-121.24739314829,38.7732694813601],[-121.247393059235,38.7732066119418],[-121.247392848602,38.7730308963516],[-121.24739276438,38.7729526495658],[-121.247392609438,38.7728214052183],[-121.247392540467,38.7727417168991],[-121.247392453156,38.7726786827317],[-121.247392229635,38.7725091591994],[-121.24739216774,38.7724503539801],[-121.24739200006,38.7722987619517],[-121.247391926038,38.7722444188443],[-121.24739162665,38.771999174856],[-121.247391559311,38.7719375687157],[-121.247390838971,38.7713342345364],[-121.247390646563,38.7712131637271],[-121.247395658589,38.7703365333855],[-121.247259125186,38.770336458166],[-121.245755362923,38.7703356902203],[-121.245102299684,38.770335358094],[-121.24500510404,38.7703353026288],[-121.244766394227,38.7703351639915],[-121.244718953841,38.7703351436592],[-121.244237570003,38.7703349212865],[-121.243690734362,38.7703346549327],[-121.242386291764,38.770333947306],[-121.242107472292,38.7703338022834],[-121.241799925626,38.7703336337184],[-121.24156154888,38.770333504396],[-121.241323172135,38.7703333745841],[-121.24108479539,38.7703332442828],[-121.241015327345,38.7703332019919],[-121.240846383573,38.7703331132626],[-121.24060800683,38.7703329819822],[-121.240369700236,38.7703328506713],[-121.240131253347,38.7703327179529],[-121.239892841533,38.7703325849743],[-121.239654464794,38.7703324517358],[-121.239416088055,38.7703323180078],[-121.239177711318,38.7703321837904],[-121.239153999822,38.7703321794066],[-121.239019939139,38.7703321107037],[-121.238819900991,38.7703319524787],[-121.238658620847,38.7703319108175],[-121.238315331952,38.7703316908118],[-121.238211717228,38.7703316424582],[-121.238089407147,38.7703315674144],[-121.237718758792,38.7703313445536],[-121.237073535065,38.7703309775495],[-121.236717934104,38.7703307817392],[-121.236412176522,38.7703305832043],[-121.236128551675,38.7703304196708],[-121.235903538944,38.7703302842913],[-121.235682594772,38.7703301752643],[-121.235458108444,38.7703300150277],[-121.2352371292,38.7703299049218],[-121.235019692998,38.7703297628246],[-121.234489869396,38.7703294553979],[-121.234318873825,38.770329343638],[-121.234096351487,38.7703292074523],[-121.233621597407,38.7703289161501],[-121.233191214755,38.770328627695],[-121.233095702671,38.7703285733794],[-121.23306311707,38.7703285503132],[-121.233005487023,38.7703285265211],[-121.232867497943,38.7703284384864],[-121.232826354047,38.7703283862552],[-121.232613021633,38.7703282530418],[-121.232313858089,38.7703280735736],[-121.230247292028,38.7703324705274],[-121.229442453592,38.7703336936239],[-121.228873963082,38.7703345455201],[-121.22704567896,38.7703396580705],[-121.226785693141,38.7703413041546],[-121.225685590041,38.7703482365352],[-121.225595630701,38.7703488034713],[-121.225437320437,38.7703498067228],[-121.224971738269,38.7703527403009],[-121.224876622328,38.7703533409007],[-121.224577874526,38.7703552174802],[-121.224420669356,38.7703561992678],[-121.224262201227,38.7703571998623],[-121.224140074592,38.7703579763279],[-121.223946527761,38.7703591951148],[-121.223859479964,38.7703597389809],[-121.223630854427,38.77036117578],[-121.223578885322,38.7703615009557],[-121.223263229504,38.7703634807385],[-121.223247777268,38.7703635832899],[-121.223101884996,38.7703644879622],[-121.223086450296,38.7703645906096],[-121.222767514455,38.7703666020115],[-121.22266345347,38.7703672507446],[-121.222426479132,38.7703687391032],[-121.222022687688,38.7703712921416],[-121.221992432223,38.7703714875323],[-121.221479055325,38.7703746771468],[-121.221393322906,38.7703752142558],[-121.220947998354,38.7703780067048],[-121.220667403568,38.7703797616422],[-121.220521686448,38.7703806779779],[-121.220383441236,38.7703815344742],[-121.220272504699,38.7703822309963],[-121.220102846423,38.7703832880469],[-121.219909387138,38.7703845006918],[-121.219822269132,38.7703850410592],[-121.2196859005,38.7703858956074],[-121.219541671127,38.7703870815812],[-121.219283713967,38.7703892050504],[-121.219084076398,38.7703908553126],[-121.219013934978,38.7703914268994],[-121.218541782172,38.7703953202251],[-121.21845743346,38.7703960155098],[-121.218378188883,38.7703966627221],[-121.218293948102,38.7703907270927],[-121.217612381732,38.7703426940849],[-121.217608053147,38.7703423903131],[-121.217591789838,38.7703540471872],[-121.217591684013,38.7703541013934],[-121.217590625309,38.7703546846415],[-121.216949205291,38.7707081185798],[-121.215544555718,38.7714821019234],[-121.215112853342,38.7717199644064],[-121.213699128982,38.7724989031323],[-121.213440965176,38.7726411392541],[-121.212472338583,38.7731748147947],[-121.212460868654,38.7731811076391],[-121.212460780359,38.7731811619596],[-121.212453016264,38.7731854067345],[-121.212452222363,38.7731858269743],[-121.212449734369,38.7731871830817],[-121.21244938149,38.7731873729058],[-121.212449187361,38.7731874814277],[-121.212438406561,38.7731933121298],[-121.212437842016,38.7731936103568],[-121.212437559743,38.7731937594703],[-121.212433624854,38.7731959020933],[-121.212432019361,38.7731967561826],[-121.212427026291,38.7731994270911],[-121.212426285305,38.77319982023],[-121.212425914737,38.7732000236638],[-121.212415663707,38.7732055284413],[-121.212414746283,38.7732060164921],[-121.212414269881,38.7732062741274],[-121.212414164047,38.7732063283289],[-121.212411764652,38.7732076026574],[-121.212404249118,38.7732115745181],[-121.212403120026,38.7732121709717],[-121.21240255548,38.7732124691985],[-121.212394616308,38.773216685322],[-121.212392799299,38.7732176340847],[-121.21239149392,38.7732183117213],[-121.212391388086,38.7732183659227],[-121.21239084123,38.7732186505396],[-121.21238135039,38.7732236112771],[-121.212379868571,38.7732243838256],[-121.212379110048,38.7732247768452],[-121.212374999628,38.7732269320052],[-121.212370995193,38.7732290192348],[-121.21236988379,38.7732296020783],[-121.212368207993,38.7732304694195],[-121.212367343637,38.7732309166405],[-121.212358365183,38.773235537606],[-121.212356495409,38.77323649974],[-121.212355542756,38.7732370012812],[-121.212355331089,38.773237109684],[-121.212350497979,38.7732395894564],[-121.212346846726,38.7732414594037],[-121.212344782975,38.7732425163304],[-121.21234374233,38.7732430447343],[-121.21233557577,38.7732472043914],[-121.212335311034,38.7732473536237],[-121.212333035919,38.7732484914952],[-121.212331889441,38.7732490741003],[-121.212329913984,38.7732500767064],[-121.212323705646,38.77325320618],[-121.212321271628,38.7732544390821],[-121.212320019316,38.7732550758884],[-121.212315768896,38.7732572026367],[-121.212312100559,38.7732590312774],[-121.212309455178,38.7732603451244],[-121.212309243511,38.7732604535271],[-121.212308114722,38.773261022522],[-121.212300478086,38.7732648425259],[-121.212297656264,38.7732662512844],[-121.212296210127,38.7732669691545],[-121.212295875089,38.7732671316394],[-121.212288820991,38.7732706123487],[-121.21228852118,38.7732707613428],[-121.212285787806,38.7732721020519],[-121.212275929727,38.7732769641799],[-121.212267729908,38.7732809588482],[-121.212265455095,38.7732820692608],[-121.212255897432,38.7732867274777],[-121.212246851703,38.7732910871107],[-121.21224138556,38.7732937136115],[-121.212238193927,38.7732952571576],[-121.212236254456,38.7732961776271],[-121.212235813584,38.7732963943132],[-121.212230400661,38.7732989662551],[-121.212229519069,38.7732993858984],[-121.212229413236,38.7732994400996],[-121.212225904557,38.7733011050627],[-121.21222419429,38.7733019172485],[-121.212223330236,38.7733023370107],[-121.212219380837,38.7733042049309],[-121.21221721216,38.7733052336836],[-121.212215660491,38.7733059782962],[-121.212214232498,38.7733066413689],[-121.212212116737,38.7733076430209],[-121.212208361316,38.7733094161479],[-121.212206333851,38.7733103634795],[-121.212204888168,38.7733110401619],[-121.212200004411,38.7733133410962],[-121.212197307022,38.7733145996682],[-121.212195438155,38.7733154794266],[-121.212190678226,38.7733176850918],[-121.212188016215,38.7733189164439],[-121.212187857464,38.7733189977458],[-121.212186235492,38.7733197556107],[-121.212183802686,38.7733208786794],[-121.212178848778,38.7733231791367],[-121.21217571082,38.7733246269364],[-121.212175146576,38.7733248977044],[-121.212131852881,38.7733445945647],[-121.212129720037,38.7733455549097],[-121.212126864654,38.7733468261376],[-121.212120748396,38.7733495580593],[-121.212120131387,38.7733498421988],[-121.212120043243,38.7733498827901],[-121.212119602674,38.7733500720181],[-121.21211457922,38.7733523170813],[-121.212113451188,38.7733528174302],[-121.212110842547,38.7733539804935],[-121.212109608834,38.7733545213148],[-121.2121053436,38.7733564008173],[-121.212102276854,38.7733577529892],[-121.212100831624,38.7733583884839],[-121.212100725791,38.7733584426851],[-121.212098769386,38.7733593081179],[-121.212098469726,38.7733594433827],[-121.212094944873,38.7733609846633],[-121.212093129529,38.7733617824042],[-121.212089974638,38.7733631751672],[-121.21208976297,38.7733632835694],[-121.212087295694,38.7733643514826],[-121.212077620264,38.7733685558002],[-121.212077532119,38.7733685963915],[-121.212077303066,38.7733686909458],[-121.212076087042,38.7733692181569],[-121.212068614454,38.7733724763347],[-121.212057829438,38.7733770987451],[-121.21205638436,38.7733777205103],[-121.212055838109,38.7733779502103],[-121.212052877499,38.7733792207222],[-121.212051467648,38.7733798289966],[-121.212051309049,38.7733798965695],[-121.212047414383,38.7733815726372],[-121.212047097186,38.7733817077828],[-121.212045405517,38.7733824239832],[-121.21204408381,38.7733829916662],[-121.212041052896,38.7733842754305],[-121.212040471418,38.7733845186211],[-121.212039643197,38.7733848699759],[-121.212036312776,38.7733862752758],[-121.212034268682,38.7733871401124],[-121.212028065945,38.7733897616034],[-121.21202612738,38.7733905996964],[-121.212025546054,38.7733908291581],[-121.212025317001,38.7733909237124],[-121.212015889978,38.7733948688436],[-121.212015608008,38.7733949904984],[-121.21201474456,38.7733953553437],[-121.2120126477,38.7733962335516],[-121.212010180878,38.7733972602767],[-121.212004806665,38.7733995029541],[-121.212003943216,38.7733998677993],[-121.212003150374,38.7734001919343],[-121.211999326921,38.7734017723747],[-121.211994763543,38.7734036498495],[-121.211993107252,38.7734043388295],[-121.211990940089,38.7734052302896],[-121.211990640581,38.7734053518253],[-121.211983399016,38.7734083369685],[-121.211982993826,38.7734084989764],[-121.211982271439,38.7734087961297],[-121.211969180925,38.7734141305646],[-121.211961939814,38.77341707452],[-121.211952285557,38.7734209494542],[-121.211947370359,38.7734229206477],[-121.211944851074,38.7734239332854],[-121.211940411521,38.7734257154895],[-121.211925473012,38.7734316277585],[-121.211920047245,38.773433773973],[-121.211919941563,38.7734338144452],[-121.211918831675,38.773434259996],[-121.211915273411,38.7734356500159],[-121.211908720522,38.7734382142039],[-121.211907963058,38.7734385111187],[-121.211906677185,38.7734390103941],[-121.211903541649,38.7734402385251],[-121.211902643276,38.7734405894027],[-121.211897376411,38.7734426405859],[-121.211897182585,38.7734427216492],[-121.211894716672,38.7734436659988],[-121.211889978521,38.7734454873634],[-121.211888586965,38.7734460271107],[-121.211888287457,38.7734461486462],[-121.21188599768,38.7734470255421],[-121.211882281121,38.7734484556759],[-121.211881523658,38.7734487525905],[-121.211877296378,38.7734503714749],[-121.211876169103,38.7734508031775],[-121.211875482094,38.7734510731105],[-121.211874636638,38.7734513968874],[-121.211869317463,38.7734534202545],[-121.211864597152,38.7734552142795],[-121.211863223286,38.7734557404167],[-121.211859454112,38.7734571701926],[-121.211856741759,38.7734581952475],[-121.211853729898,38.7734593418376],[-121.211851863001,38.7734600431157],[-121.211837315476,38.7734654912125],[-121.211831908459,38.7734675277114],[-121.2118315388,38.7734676487703],[-121.211827417808,38.7734691722656],[-121.211826396367,38.7734695497667],[-121.211821324389,38.7734714237815],[-121.211818876468,38.773472327062],[-121.211815142977,38.7734737021593],[-121.211813610815,38.7734742684108],[-121.211811127667,38.7734751851819],[-121.211810018233,38.7734755895452],[-121.211806231976,38.7734769780138],[-121.211802938903,38.7734781776127],[-121.211800860945,38.7734789323764],[-121.211793570402,38.7734815876586],[-121.211792901234,38.7734818302526],[-121.211790682367,38.7734826389788],[-121.211788093688,38.7734835824926],[-121.211770572863,38.7734898616445],[-121.211768160473,38.7734907239756],[-121.211766100204,38.7734914651289],[-121.21170433495,38.7735129997776],[-121.211703331501,38.7735133362103],[-121.211697768311,38.7735152206139],[-121.211692275575,38.773517078036],[-121.211691448111,38.7735173607441],[-121.211690004549,38.7735178452165],[-121.211684811017,38.773519608561],[-121.21168164192,38.7735206991595],[-121.211680796919,38.7735209817484],[-121.211680198357,38.7735211836317],[-121.211678508354,38.7735217488096],[-121.211676906344,38.7735222871252],[-121.211671818798,38.7735239825396],[-121.211668104361,38.7735252204629],[-121.211665587046,38.7735260546197],[-121.21166405549,38.7735265659539],[-121.211658897489,38.7735282883489],[-121.211658211087,38.7735285033654],[-121.211655993129,38.773529229716],[-121.211652648503,38.7735303328516],[-121.211651310622,38.7735307768515],[-121.211645800954,38.773532579237],[-121.211643864664,38.7735332113912],[-121.211639675035,38.773534597115],[-121.211639569353,38.7735346375869],[-121.211636101658,38.773535767346],[-121.211635573551,38.7735359422477],[-121.211632774873,38.7735368431424],[-121.211626684637,38.7735388063426],[-121.211625980545,38.7735390349686],[-121.211619714171,38.7735410656216],[-121.211619573413,38.7735411058553],[-121.211613958366,38.7735429212534],[-121.211613694389,38.7735430018398],[-121.211613254274,38.7735431498794],[-121.211612884614,38.7735432709377],[-121.211607410629,38.7735450186442],[-121.211606653772,38.7735452606417],[-121.211601215013,38.7735469948573],[-121.211600669368,38.7735471696398],[-121.211594667579,38.7735490647897],[-121.211593558752,38.7735494142356],[-121.211590355185,38.773550449678],[-121.211590126435,38.7735505167738],[-121.21158877132,38.7735509331962],[-121.211587627265,38.7735512961327],[-121.211581907295,38.773553083357],[-121.211580446498,38.7735535402512],[-121.211576152097,38.7735548840716],[-121.211574585769,38.7735553677087],[-121.211569129776,38.7735570743461],[-121.211567387311,38.7735576254362],[-121.211563409957,38.7735588478406],[-121.211561509197,38.7735594390451],[-121.211556335174,38.7735610240282],[-121.211554188126,38.7735616822091],[-121.21155058028,38.7735627972839],[-121.211548415693,38.7735634553456],[-121.211544403111,38.77356469124],[-121.211543523186,38.7735649598609],[-121.211541041857,38.7735657118803],[-121.21153771583,38.7735667190298],[-121.211535322493,38.773567444187],[-121.211530711805,38.7735688407769],[-121.211527860967,38.7735697001252],[-121.211524816455,38.7735706268073],[-121.211522194368,38.7735714190598],[-121.21152159611,38.7735715934846],[-121.211521332132,38.7735716740708],[-121.211517865499,38.7735727077245],[-121.211514680381,38.773573660911],[-121.21151188246,38.7735744931585],[-121.211509067002,38.7735753252869],[-121.211505019648,38.7735765334841],[-121.211501465022,38.7735775939993],[-121.211498931079,38.7735783456604],[-121.211498649563,38.7735784261275],[-121.21149822729,38.773578546828],[-121.21149590456,38.7735792312743],[-121.211492139025,38.7735803315463],[-121.21148825027,38.7735814721709],[-121.211485945229,38.7735821430073],[-121.211482742725,38.773583082345],[-121.211479258705,38.7735841021495],[-121.211475651617,38.7735851485778],[-121.211475053206,38.7735853367312],[-121.211472941841,38.7735859402336],[-121.211469563655,38.7735869058373],[-121.211466361302,38.7735878314457],[-121.211461769062,38.7735891457791],[-121.211459921522,38.7735896824239],[-121.211456349813,38.7735907016322],[-121.211453446665,38.7735915331636],[-121.211452602119,38.7735917745644],[-121.21145186295,38.7735920029511],[-121.211448484916,38.7735929548254],[-121.211446883816,38.7735934107649],[-121.211443136274,38.7735944699679],[-121.211440514793,38.7735952073032],[-121.211435201378,38.7735967089549],[-121.211433829027,38.7735970977987],[-121.2114299055,38.7735982107254],[-121.211429483226,38.7735983314257],[-121.211428621142,38.7735985727072],[-121.2114232025,38.7736000736435],[-121.211422727461,38.7736002077152],[-121.211421900605,38.7736004355061],[-121.211416657947,38.773601882718],[-121.211414617188,38.7736024455094],[-121.211408600286,38.7736041208692],[-121.211407702974,38.7736043756411],[-121.211406383541,38.7736047373844],[-121.211405310396,38.7736050321514],[-121.211403410394,38.7736055547091],[-121.211401633612,38.7736060369144],[-121.211395265196,38.7736077785349],[-121.211394631862,38.7736079527208],[-121.211390128373,38.7736091715452],[-121.211389600569,38.7736093189882],[-121.211383197229,38.773611046641],[-121.21138273988,38.7736111671028],[-121.21138251113,38.7736112341982],[-121.211381948099,38.7736113951317],[-121.211376846807,38.7736127471932],[-121.211376283927,38.7736128943979],[-121.211368561458,38.7736149563351],[-121.211363530316,38.7736163088726],[-121.211361771223,38.7736167774675],[-121.211361401867,38.7736168710673],[-121.211359959365,38.7736172594337],[-121.211358569629,38.7736176344287],[-121.211355174664,38.7736185312658],[-121.211350214281,38.7736198293639],[-121.211349616174,38.773619990059],[-121.211341788477,38.7736220512796],[-121.211336880858,38.7736233360058],[-121.211336687335,38.7736233896105],[-121.211335139455,38.7736237909906],[-121.211332078923,38.7736245802601],[-121.211330865323,38.7736248878021],[-121.211328385208,38.7736255299863],[-121.211323530506,38.7736267876116],[-121.211320610731,38.7736275366476],[-121.211319872019,38.773627723847],[-121.211314964704,38.7736289811145],[-121.211313381596,38.7736293959848],[-121.211311657882,38.7736298373596],[-121.21131035629,38.7736301717633],[-121.211310162767,38.773630225368],[-121.21129116745,38.7736350253347],[-121.211290024305,38.7736353058953],[-121.211288124758,38.7736357872646],[-121.211270994671,38.7736400369763],[-121.211270607776,38.7736401304566],[-121.211266615463,38.7736411193417],[-121.211264557772,38.7736416270959],[-121.211261163565,38.7736424552861],[-121.211259035572,38.7736429762924],[-121.211257734131,38.7736432969667],[-121.211252106552,38.7736446591768],[-121.211247674731,38.773645741184],[-121.21124445651,38.7736465156499],[-121.211243172607,38.7736468364432],[-121.211242645107,38.7736469564279],[-121.211240956772,38.7736473705823],[-121.211236279119,38.7736484783784],[-121.211234168815,38.7736489857746],[-121.211231161654,38.7736497067549],[-121.211224901196,38.7736512019621],[-121.211220645512,38.7736522165157],[-121.211220135549,38.7736523366195],[-121.21121969589,38.773652443471],[-121.211217867101,38.7736528704006],[-121.21121767373,38.7736529102763],[-121.211217304374,38.7736530038757],[-121.211213506191,38.773653884239],[-121.211213101759,38.7736539776],[-121.211207386795,38.7736553117544],[-121.211207122968,38.7736553786111],[-121.211204555619,38.7736559790103],[-121.211204397323,38.7736560191243],[-121.211202322398,38.7736564993006],[-121.211196167926,38.7736579265772],[-121.211193583038,38.7736585268569],[-121.211191173984,38.7736590871418],[-121.211187868226,38.7736598472816],[-121.211180026026,38.7736616337955],[-121.211178478601,38.773661993987],[-121.211177880798,38.7736621272235],[-121.211172605797,38.7736633270672],[-121.211169880303,38.7736639538507],[-121.211169071439,38.7736641405725],[-121.211166486855,38.773664713394],[-121.21116453515,38.7736651532173],[-121.211149009806,38.7736686174834],[-121.211146090941,38.773669284142],[-121.211139286964,38.7736707619214],[-121.211136632077,38.7736713479943],[-121.211133344311,38.7736720670652],[-121.21113000378,38.7736727995072],[-121.211125696242,38.7736737450558],[-121.211125362265,38.7736738114355],[-121.211122303098,38.7736744771401],[-121.211120668136,38.773674823006],[-121.211117837568,38.7736754353445],[-121.211112071052,38.7736766730349],[-121.211107992264,38.7736775514879],[-121.2111016984,38.773678895433],[-121.211101223665,38.7736790020457],[-121.211098446014,38.7736795872835],[-121.21109528162,38.7736802522723],[-121.211093681886,38.7736805846474],[-121.211084804046,38.7736824464961],[-121.211084223932,38.7736825661225],[-121.21108258897,38.773682911988],[-121.211077983138,38.7736838692374],[-121.211074572607,38.7736845874723],[-121.211071144691,38.7736852918591],[-121.21107095132,38.7736853317345],[-121.211069861396,38.7736855577351],[-121.211065835829,38.7736863816289],[-121.211059595338,38.7736876572851],[-121.211057485945,38.7736880823051],[-121.21105713443,38.7736881485655],[-121.211054233862,38.7736887466968],[-121.211050647802,38.7736894774679],[-121.211031698641,38.773693275426],[-121.211030450573,38.7736935278111],[-121.211030134134,38.7736935943098],[-121.211029677088,38.7736936873127],[-121.211026706522,38.7736942712377],[-121.211006633577,38.7736981851227],[-121.211003979449,38.7736987025485],[-121.211002713995,38.7736989410853],[-121.211001219943,38.7736992329879],[-121.210982782567,38.7737027460892],[-121.210978704842,38.7737035284359],[-121.210961533832,38.7737067206243],[-121.210960163,38.7737069721743],[-121.210958915236,38.773707197101],[-121.210954644443,38.7737079918644],[-121.210920691291,38.7737141042776],[-121.210920251936,38.7737141836704],[-121.210919021861,38.773714394987],[-121.21091106115,38.7737157962411],[-121.210909374182,38.7737160868312],[-121.210906456988,38.7737166024665],[-121.210902186803,38.7737173423127],[-121.21090181775,38.7737174084534],[-121.210898057224,38.7737180556547],[-121.210892662496,38.7737189800746],[-121.210888392463,38.7737197061914],[-121.210887074548,38.7737199306405],[-121.210886723033,38.7737199969003],[-121.210882944969,38.773720643982],[-121.210878868307,38.7737213302233],[-121.210877796376,38.7737215151548],[-121.210875371455,38.7737219242968],[-121.210874580736,38.7737220562204],[-121.210865056885,38.7737236527935],[-121.210864037719,38.7737238243537],[-121.21081925055,38.7737310575879],[-121.210814998815,38.7737317151771],[-121.210809710377,38.7737325442066],[-121.210808884583,38.7737326758913],[-121.210708170277,38.7737473823454],[-121.21069431141,38.7737492377574],[-121.210685704537,38.7737503874651],[-121.210644130368,38.7737557340267],[-121.210642865826,38.7737558901866],[-121.210573039377,38.7737641201028],[-121.210572978285,38.7737696253635],[-121.210572575,38.7738043866406],[-121.210564094082,38.7738052488686],[-121.210558808987,38.7738057758525],[-121.210558686071,38.7738057887465],[-121.210557509674,38.7738059043153],[-121.21055192598,38.7738064704579],[-121.210551732913,38.7738064828748],[-121.210545517406,38.77380708591],[-121.210545043278,38.7738071376052],[-121.210544779908,38.7738071632738],[-121.210541180565,38.7738075095027],[-121.210534841989,38.7738081391601],[-121.210531277721,38.7738084856273],[-121.210447324349,38.7738158505228],[-121.210377742558,38.7738209927663],[-121.210277546788,38.7738268878013],[-121.208640528752,38.7739084027956],[-121.207884720169,38.773946030323],[-121.20737220964,38.7739839414021],[-121.207299783594,38.7739893095208],[-121.207019611174,38.7740100503226],[-121.206697540441,38.7741044669505],[-121.205996019155,38.7741194693646],[-121.205968322261,38.7741197055495],[-121.205655061525,38.774122367905],[-121.205417331453,38.7741243793826],[-121.204867059775,38.7741290417968],[-121.204348246766,38.7741327089922],[-121.203652602504,38.7741365339535],[-121.202021352404,38.7741433733972],[-121.200937704725,38.774144294663],[-121.200751688026,38.7741440026659],[-121.20044807364,38.7741435183244],[-121.19985499863,38.7741425761668],[-121.198770586876,38.7741396824903],[-121.197714898969,38.7741372517958],[-121.196688202779,38.7741364125712],[-121.195689277733,38.7741365255546],[-121.194716229136,38.7741345302854],[-121.193668892219,38.774131873588],[-121.192249869147,38.7741289284309],[-121.192051681637,38.7741285103469],[-121.192042226572,38.7741734236601],[-121.19203659884,38.774196382057],[-121.1920362314,38.7741978485979],[-121.192032440477,38.7742119639997],[-121.191773861455,38.7742118939788],[-121.191737344071,38.7742119692496],[-121.190879730439,38.7742136287661],[-121.189525691904,38.7742118858419],[-121.189283812907,38.7742115698884],[-121.188828134606,38.7742109816525],[-121.188756996103,38.7742109513624],[-121.188056338859,38.7742111879135],[-121.187409547428,38.7742126897405],[-121.187364084681,38.7742127971291],[-121.187360576501,38.7742128274908],[-121.187359456121,38.7741328018135],[-121.187359908393,38.7741300590003],[-121.187359869608,38.7741273127496],[-121.187359047441,38.774061101435],[-121.186816718493,38.7740627682385],[-121.186717443348,38.7740630887956],[-121.18630799243,38.7740646131263],[-121.185050467339,38.7740711145289],[-121.185046959164,38.7740711448206],[-121.185047818504,38.7741400474879],[-121.184932578235,38.7741407487175],[-121.183896454115,38.7741482701669],[-121.182745602028,38.7741576658071],[-121.182746704288,38.7742311834639],[-121.182750151601,38.7744624055549],[-121.182772934496,38.7759861593446],[-121.182795535711,38.7778113241249],[-121.182795681165,38.7778230916717],[-121.182815971,38.7795258653395],[-121.182817310403,38.7796352471221],[-121.182828104919,38.780546164392],[-121.182838348401,38.7814058240189],[-121.182838946776,38.7814560384542],[-121.181847153432,38.7814553692966],[-121.181847087087,38.7814580873483],[-121.181845819913,38.7815331809477],[-121.181816621811,38.7832740356704],[-121.180661705207,38.7832792640771],[-121.180537400404,38.7832798146998],[-121.179335104738,38.7832865078437],[-121.179098133396,38.7832884023591],[-121.178190177345,38.7832985648464],[-121.177895695569,38.783301285509],[-121.176803030383,38.7833112275023],[-121.175699404905,38.7833193514324],[-121.173574221559,38.7833287104089],[-121.173558278289,38.7850587021255],[-121.173557901797,38.7850986534633],[-121.173533149548,38.7852360920912],[-121.173532880497,38.7852456599183],[-121.173530755669,38.7853228480369],[-121.173497961312,38.7865131618712],[-121.17347878207,38.7872231495608],[-121.17347876882,38.7872257993373],[-121.1734733964,38.7887327411761],[-121.173472912141,38.7887834697058],[-121.173471101936,38.788975469456],[-121.173467454693,38.7893617753792],[-121.173465177738,38.7896029934826],[-121.173457895511,38.7903775550104],[-121.173455856255,38.7905922760847],[-121.173450988141,38.7911077715924],[-121.173445691981,38.7916691493432],[-121.173442993921,38.7919556455989],[-121.173435696851,38.7927314425627],[-121.173434620664,38.7928451733482],[-121.173427429999,38.7936117994439],[-121.173425670767,38.7937993921854],[-121.173411949304,38.7952577111562],[-121.173411771526,38.7952760255662],[-121.173410205009,38.7954409927926],[-121.173409729755,38.7954909387548],[-121.17340387688,38.7961182707352],[-121.173371633773,38.7977028000215],[-121.173370272029,38.7978018377464],[-121.173368453938,38.7979310779771],[-121.173367727282,38.7979815164153],[-121.17336674657,38.7980538110274],[-121.173351314088,38.7990523857626],[-121.173321443098,38.8002485130744],[-121.173304412826,38.8008984470089],[-121.173276118669,38.8017052607613],[-121.173210661707,38.8033359873074],[-121.173169361093,38.8045006462923],[-121.173168008987,38.8045505310542],[-121.173145746115,38.8054269155935],[-121.172989174461,38.8054254712565],[-121.173028999577,38.806282993612],[-121.173120832259,38.8062807367299],[-121.173116580285,38.8064200372699],[-121.173095534037,38.8071041845746],[-121.173070045206,38.8079605689768],[-121.173055148176,38.8084614249286],[-121.172881493189,38.8084647466963],[-121.172198424535,38.808709709078],[-121.172623683474,38.8092187401363],[-121.172624350555,38.8092187174285],[-121.173035154339,38.8092118949012],[-121.17301664908,38.810021427614],[-121.173007726108,38.8104114160863],[-121.173000294822,38.8107365140525],[-121.172997009918,38.8108801326031],[-121.173007124131,38.8114166856916],[-121.173012100017,38.8116919501525],[-121.173014766317,38.8118429153564],[-121.173018762326,38.8120787131766],[-121.173023045467,38.8123441420995],[-121.173023273419,38.8123577362957],[-121.17302385714,38.8123950582434],[-121.173030135564,38.812826907406],[-121.173030851545,38.812876999074],[-121.17303539326,38.8132197839104],[-121.173041113821,38.8136513270106],[-121.173044891612,38.8139028851276],[-121.173046922373,38.814039099895],[-121.17305095547,38.8143441513918],[-121.1731671785,38.8143536011335],[-121.173229787166,38.8143586874879],[-121.173242621024,38.8143597261982],[-121.173295008204,38.8143639846198],[-121.17339708248,38.8143722899588],[-121.173750923711,38.8144010864812],[-121.17463581004,38.8143958720323],[-121.174696323594,38.8143955056803],[-121.174750694831,38.8143951505766],[-121.174958526971,38.8143937986425],[-121.175619902324,38.8143890483634],[-121.175681014079,38.8143885484456],[-121.176068100009,38.8143805031917],[-121.176472743361,38.8143717298799],[-121.177699650929,38.8143430769088],[-121.178242284684,38.8143295351616],[-121.179129547955,38.8143067840015],[-121.180083089264,38.8142798257841],[-121.180048154011,38.8144209143518],[-121.180048191902,38.8144237155106],[-121.18004820185,38.8144243746141],[-121.180059326451,38.8150286218753],[-121.180062120726,38.8151789286354],[-121.180075905701,38.8155296865301],[-121.180095324454,38.8159215089932],[-121.180128300328,38.8166321657614],[-121.180136409474,38.8168070727237],[-121.180137547494,38.8168316571995],[-121.180138086132,38.8168884339584],[-121.180149010893,38.8180503726566],[-121.180149006727,38.8180537776313],[-121.180162049269,38.8180535264378],[-121.181131006634,38.8180348373415],[-121.182376243181,38.8180108769907],[-121.182495963194,38.8180083420682],[-121.182496041699,38.8180137247227],[-121.182519167018,38.8194824872539],[-121.182539626067,38.8200018392282],[-121.182545517716,38.8201869865167],[-121.18256263379,38.8207238891321],[-121.182573474426,38.8216249454942],[-121.182573092623,38.8219359513046],[-121.182530286295,38.8219710181675],[-121.178656399365,38.8250520759812],[-121.178484692757,38.8251688561891],[-121.17810476403,38.8254272282208],[-121.178045108354,38.8254998352176],[-121.1780450372,38.8254999170933],[-121.177912818673,38.8256608427156],[-121.1779121084,38.8256615516415],[-121.177708558946,38.8258649054796],[-121.177402016388,38.8261711351758],[-121.177330464569,38.8262311359537],[-121.176874511911,38.8266134541671],[-121.176122377915,38.8272123733221],[-121.175693371052,38.8275539768222],[-121.175173748967,38.8279565550066],[-121.174392001999,38.8286120944159],[-121.173374721742,38.8294846146038],[-121.173327631572,38.8295250160067],[-121.173327227151,38.829623181555],[-121.172540593636,38.8302837951192],[-121.172065242549,38.8306829403443],[-121.171444385121,38.8312042577264],[-121.167879164436,38.8340677857008],[-121.167705374138,38.8342137111707],[-121.166371192459,38.8353338384494],[-121.163899203384,38.8374091236765],[-121.163899610521,38.8373506374342],[-121.163849484609,38.8373915212008],[-121.163805402791,38.8374274782369],[-121.163609488947,38.8375872840739],[-121.16290648643,38.8381686784414],[-121.162560147584,38.8384529444953],[-121.162221880283,38.8387492126988],[-121.16199394331,38.8389905050328],[-121.161732639085,38.839211867598],[-121.161557059065,38.8393451533339],[-121.160924524555,38.8398016632963],[-121.160900137794,38.839821189531],[-121.160840837192,38.8398686372793],[-121.160248548076,38.8403533882291],[-121.159194039887,38.841236308345],[-121.158429901765,38.8418713841004],[-121.158082516253,38.8421609291089],[-121.158013558881,38.842218506745],[-121.157543124311,38.8426113131521],[-121.157297003474,38.8428172749341],[-121.156999422254,38.8430663041435],[-121.156736766358,38.8432865474127],[-121.155858440099,38.8440273763407],[-121.154831102439,38.8449814105993],[-121.154560240464,38.8451641891981],[-121.154487758027,38.8452239084374],[-121.154364566609,38.8453253543635],[-121.152459292414,38.8468500965059],[-121.152125309231,38.8471173694587],[-121.151874540133,38.8473159130447],[-121.151823693456,38.8473571708604],[-121.151303032652,38.8477731873264],[-121.149842164708,38.8489404073064],[-121.147279159441,38.8511415274261],[-121.146934919163,38.8514101245513],[-121.14677766871,38.8515328272033],[-121.146101125569,38.8520795925523],[-121.144990729772,38.8529769539358],[-121.144256101821,38.8535870565168],[-121.143500347004,38.8542298955533],[-121.143058202982,38.8545203453852],[-121.136072421329,38.8545774626552],[-121.132278278402,38.8546629761494],[-121.131350427851,38.8546751980942],[-121.131142899549,38.8550052370175],[-121.130527541725,38.8560911577946],[-121.129959600961,38.8570373993205],[-121.129659745864,38.8575625324299],[-121.129613821122,38.8576568211088],[-121.129572279805,38.8577523446687],[-121.129535176092,38.8578489785706],[-121.129502558374,38.8579465968275],[-121.129474469197,38.8580450721684],[-121.129450945199,38.8581442762044],[-121.129432017071,38.858244079596],[-121.129417709511,38.8583443522218],[-121.129375058139,38.8590263524704],[-121.129513896821,38.8595130591266],[-121.129582768478,38.8596334641504],[-121.129491699579,38.8596736696662],[-121.128914299595,38.8599355933704],[-121.128901064845,38.8599365513807],[-121.127935600094,38.8600060202902],[-121.126785005066,38.8600888226306],[-121.125599845541,38.860077660902],[-121.124420360227,38.8600677655206],[-121.124419846982,38.8610898136831],[-121.124418331712,38.8618340713617],[-121.123313544257,38.8618251670061],[-121.123196142272,38.8618243363519],[-121.123173936117,38.861786658812],[-121.123173248086,38.8617869144893],[-121.123084081756,38.8616411444611],[-121.122907365572,38.8615075237072],[-121.122616401717,38.8613694568222],[-121.122091776966,38.8612653771607],[-121.121381885734,38.8609811180115],[-121.120828927222,38.8605800607578],[-121.120459644838,38.8604878853479],[-121.120456221239,38.8604892461587],[-121.120351516206,38.8605651351713],[-121.12034433973,38.8605703394032],[-121.120184964995,38.8606110367064],[-121.11992970976,38.8606034749855],[-121.119706596197,38.8605968700951],[-121.119700487379,38.8605966865294],[-121.119562071992,38.860551551459],[-121.11945298743,38.8605159747557],[-121.119333980827,38.8603982592513],[-121.11927851802,38.8601494516528],[-121.119246877333,38.8600075194779],[-121.119083917978,38.8599053972968],[-121.119025744249,38.8598909106999],[-121.118901151531,38.8598598703499],[-121.118883645187,38.8598555088323],[-121.118651427882,38.8597576801671],[-121.118462932168,38.8595512222666],[-121.118331736227,38.8594863282336],[-121.118307093487,38.8594995142088],[-121.118205569858,38.8595538695131],[-121.11793632277,38.8597005074366],[-121.117733728186,38.8598108408792],[-121.117572672613,38.8601834281462],[-121.117559007974,38.8602260518107],[-121.117498813882,38.8604138178102],[-121.117474298133,38.8604902581654],[-121.11745568272,38.8605483178089],[-121.117452777958,38.8605573849378],[-121.117452030416,38.8606048434809],[-121.11745197841,38.8606076165232],[-121.117451423914,38.8606367059432],[-121.117448296591,38.8608022371718],[-121.117447886514,38.8608239410089],[-121.117433138614,38.8615913433884],[-121.117432246657,38.861637702439],[-121.117429595331,38.8617762168507],[-121.117429483484,38.8617795660934],[-121.117427955784,38.8618318653561],[-121.117427595991,38.8618523476128],[-121.117416774646,38.8622258693428],[-121.117412648602,38.8623685876225],[-121.117398880061,38.8628803880732],[-121.117392374018,38.8631355222868],[-121.117391003085,38.8631921613756],[-121.11721416893,38.8633017833881],[-121.11716337712,38.8633219375238],[-121.117102661953,38.8633322955039],[-121.117057472795,38.8633538102193],[-121.11701406167,38.8633820386075],[-121.116966735738,38.8634256970879],[-121.116892706554,38.8634588552575],[-121.116854718759,38.8635367720507],[-121.116814463911,38.8635794956439],[-121.116848390707,38.8635994146186],[-121.116800397027,38.8636346103503],[-121.116716346384,38.8637053945218],[-121.1166126342,38.8637925325268],[-121.116547525088,38.8638511585566],[-121.116476810641,38.863914272805],[-121.116425401635,38.8639388154932],[-121.116394844799,38.8639614022744],[-121.116311198974,38.8640221664188],[-121.1162899725,38.8640683296682],[-121.116243252039,38.8641055943352],[-121.116182237614,38.8641681780423],[-121.116151125514,38.8642212683397],[-121.116138794236,38.8642441034783],[-121.116131306779,38.8643264807642],[-121.116130209514,38.8643582159112],[-121.116104064274,38.8644524786952],[-121.116130444825,38.8645086972226],[-121.116121225096,38.8645806815418],[-121.116068252355,38.8645812398079],[-121.116000211339,38.8645451345037],[-121.115973561604,38.8644851519109],[-121.11593645837,38.8644297579652],[-121.115857648536,38.8643756119816],[-121.115775105664,38.8643674326571],[-121.115698578925,38.8643810197203],[-121.115655228138,38.8643930193429],[-121.115631118449,38.8643970647134],[-121.115614364858,38.8643998754392],[-121.11556352584,38.8643955069505],[-121.115517858149,38.8643961205485],[-121.115455981736,38.8644206655403],[-121.115379911407,38.8644455418328],[-121.115363005349,38.8644493124542],[-121.115302798818,38.8644864191885],[-121.115284664384,38.8644957547823],[-121.115234572633,38.8645329110088],[-121.115188367971,38.8645963758024],[-121.115164250949,38.864640484824],[-121.115152001832,38.8646623319336],[-121.115097750133,38.8646696900446],[-121.115085535768,38.8646915648718],[-121.115047234595,38.8647634100895],[-121.115012176586,38.8647835457824],[-121.114924796567,38.8648732231059],[-121.114924229516,38.8648736306846],[-121.114855826998,38.8649229492989],[-121.114798024913,38.8650122751059],[-121.114770157064,38.8650585797236],[-121.114754500038,38.8651058560439],[-121.114774949975,38.8651728625932],[-121.114795365855,38.8652397864995],[-121.114839261882,38.8652855666981],[-121.114832014208,38.8653513874894],[-121.11482903022,38.8654048289339],[-121.114828884937,38.8654390426982],[-121.11482298232,38.8654645627922],[-121.114829570624,38.8654770385084],[-121.114917414164,38.8656434408445],[-121.114796058364,38.8657536464054],[-121.114716283779,38.8658417064467],[-121.114617637763,38.8659587300455],[-121.114593209313,38.8660023972202],[-121.114458084173,38.8663408255073],[-121.114494285617,38.8664882856398],[-121.11436531947,38.866634020638],[-121.114366131319,38.8667717650069],[-121.11436702889,38.8669139035892],[-121.114084950621,38.8671810520076],[-121.114081514396,38.8672171903289],[-121.113919907678,38.8673917010376],[-121.113866085001,38.8674010938814],[-121.113837690191,38.8674529136711],[-121.113741544887,38.8675296721238],[-121.113678051985,38.8675174077768],[-121.113538053484,38.8675589577777],[-121.113425823477,38.8675397861856],[-121.113020506619,38.8677884177913],[-121.112831812957,38.8679265008851],[-121.112698900162,38.8679349600238],[-121.112618532012,38.8680701350725],[-121.11261085037,38.8681184879996],[-121.112597525886,38.868202413165],[-121.112600907566,38.8683759847023],[-121.112551828357,38.8684807809217],[-121.112394292607,38.8686409866185],[-121.112383548236,38.8686519159423],[-121.112229429265,38.868704477767],[-121.112152017797,38.8688699357382],[-121.1121972873,38.8689801205526],[-121.112159453277,38.869098485236],[-121.112143314277,38.8691489840457],[-121.111711254148,38.8691559394333],[-121.111697552398,38.8691561642462],[-121.111554879199,38.8691584514393],[-121.111554899163,38.8691582593736],[-121.110677895747,38.8691532693976],[-121.109389725243,38.8691459334015],[-121.109264810343,38.8691452234257],[-121.109206383329,38.8691448855435],[-121.109202940495,38.869419456892],[-121.108149247266,38.8694134369721],[-121.108138379343,38.8702791328256],[-121.108137475366,38.8703511391456],[-121.108060460559,38.8703512072792],[-121.107075689991,38.8703520497586],[-121.107072247621,38.8703520507763],[-121.106964204693,38.8708965444945],[-121.106451792869,38.8709877824664],[-121.105734527652,38.8709809213473],[-121.105723277718,38.8713221049239],[-121.105722025261,38.87136020946],[-121.105720108156,38.8714287892355],[-121.105717660401,38.8715158041686],[-121.105713958633,38.8716480219761],[-121.105711537585,38.8717343094285],[-121.105707369473,38.8718826425337],[-121.105734508662,38.8718949061531],[-121.106571747203,38.8722727784084],[-121.106669792372,38.8723170281709],[-121.106760118309,38.8723577997949],[-121.106769037219,38.8723608614413],[-121.10709209507,38.8724717270125],[-121.107570413935,38.8727044007301],[-121.107629174046,38.8727329843401],[-121.107628034406,38.8728181146012],[-121.107613955231,38.8728175671674],[-121.106554642457,38.8727697649221],[-121.105747420013,38.8727039704343],[-121.104838775113,38.8725526759741],[-121.104319889168,38.8724471741321],[-121.103945422001,38.872332540744],[-121.10301607867,38.8722187609701],[-121.102968521263,38.8722128333972],[-121.102914743571,38.8722919694012],[-121.10288156415,38.8723407977146],[-121.102852249648,38.8723839854011],[-121.10274685604,38.8725434821937],[-121.102587005972,38.8728260176981],[-121.102397826258,38.8728275227879],[-121.102563135734,38.8724660278874],[-121.10266246226,38.87233636067],[-121.102742796039,38.8722489034923]]]},"properties":{"OBJECTID":4,"BOS":"SUPERVISORIAL DISTRICT 4"}},{"type":"Feature","id":5,"geometry":{"type":"Polygon","coordinates":[[[-120.00530763514,39.3122842496635],[-120.005288791691,39.3087151708121],[-120.005280638335,39.3051706583327],[-120.005286628267,39.3016447842904],[-120.00519005884,39.2981158945965],[-120.005140421258,39.2951241560795],[-120.005156254794,39.294588786479],[-120.005257779928,39.2910478906482],[-120.005400222252,39.2874968694905],[-120.005405783629,39.2870885603548],[-120.005470268469,39.2834857288852],[-120.005473453279,39.2832878975521],[-120.005504698321,39.2813509192239],[-120.005543227739,39.2766348596886],[-120.005536162364,39.2729688969335],[-120.005535522475,39.2693431644924],[-120.005533211366,39.2689214134185],[-120.005515707653,39.2657296251104],[-120.005518470381,39.2632170585856],[-120.005519718144,39.2620793589311],[-120.005552390116,39.2584311442519],[-120.00558308487,39.2563786762506],[-120.005606295329,39.2548264750426],[-120.005608463392,39.2546996315039],[-120.005684040108,39.2512242146455],[-120.005685993844,39.2511199696802],[-120.005751322936,39.2476231735347],[-120.00575414137,39.2474532508801],[-120.005765248281,39.2465235720435],[-120.005794768494,39.2440543218601],[-120.005793325513,39.2425437834146],[-120.0057851376,39.2403837846273],[-120.00575396917,39.23673814317],[-120.005729557046,39.2330897029467],[-120.005712882751,39.230848880859],[-120.005710020181,39.2304641924404],[-120.005704214044,39.2296839248565],[-120.00570305244,39.2295267590467],[-120.005702097338,39.2293991886478],[-120.005701994198,39.2293846999056],[-120.00568243379,39.2293846269036],[-120.00566947613,39.2293845704895],[-120.005671815085,39.2292466339291],[-120.005676472099,39.2289727515414],[-120.005678335815,39.2288629157236],[-120.005685349715,39.2284510833046],[-120.005692345887,39.2280392505473],[-120.00569429649,39.2279156981825],[-120.005695058562,39.227782334794],[-120.005695451628,39.227715852414],[-120.005696593686,39.2275189724697],[-120.005704473599,39.227249745134],[-120.0057087601,39.2270603065268],[-120.005709495147,39.227027376623],[-120.005719274057,39.227027447435],[-120.005781319558,39.2270278749245],[-120.005782582303,39.2269180562673],[-120.005782617547,39.2269168072804],[-120.005796865953,39.2262861043268],[-120.005802444639,39.2260389732132],[-120.005802627777,39.2260312316348],[-120.005803693801,39.2259840675536],[-120.005739301482,39.2259836274615],[-120.005730970102,39.2259835676277],[-120.005732218543,39.2259286894185],[-120.005736877714,39.2257222846816],[-120.005756367081,39.2248601812122],[-120.005769270152,39.2242890370878],[-120.005773927001,39.2240833325602],[-120.005774104496,39.224075165198],[-120.005787885548,39.2234660127435],[-120.005768934075,39.2228456593164],[-120.003859477589,39.1326693778022],[-120.003494478365,39.1154063885947],[-120.003370051155,39.1095188615864],[-120.003131139161,39.0982120163367],[-120.002903789921,39.0874493979027],[-120.002681474465,39.0769217736949],[-120.00248243924,39.0674942280385],[-120.002480413232,39.0673980406455],[-120.069403577323,39.067427699386],[-120.085887474177,39.0674291111959],[-120.090764773109,39.067429073951],[-120.095781758268,39.0674288352904],[-120.100819969632,39.0674283695467],[-120.101043239247,39.0674283408179],[-120.110609109553,39.0674268521705],[-120.114413868731,39.0674260392204],[-120.115454753966,39.0674257906518],[-120.123290799992,39.0674236642111],[-120.12543311277,39.0674229842607],[-120.125954092179,39.0674234934321],[-120.12596083832,39.067423505774],[-120.126295135057,39.067423387393],[-120.126678325659,39.067423449678],[-120.127062847158,39.0674238067244],[-120.12751229607,39.0674241894052],[-120.128165596434,39.0674247408093],[-120.12822476335,39.0674247846612],[-120.128420810043,39.067425007851],[-120.128587546554,39.0674251995442],[-120.128848951982,39.0674264576254],[-120.129024813803,39.0674266166699],[-120.129200665062,39.0674258415197],[-120.129219935084,39.0674258624378],[-120.129376562097,39.0674260005988],[-120.129552398547,39.0674271196638],[-120.129728285016,39.0674263442827],[-120.129904111624,39.0674265014358],[-120.130079982574,39.0674276477218],[-120.130255845126,39.0674277774574],[-120.13043170623,39.0674279618315],[-120.130783429888,39.06742827488],[-120.132191085052,39.0674287322069],[-120.132894103547,39.0674282412165],[-120.13359812685,39.067427048025],[-120.133774215883,39.0674265993458],[-120.133950305637,39.0674261229487],[-120.13412643205,39.0674255919455],[-120.134220415298,39.0674252700576],[-120.134302560629,39.0674249783204],[-120.134629664164,39.0674250779274],[-120.134770689273,39.0674250278126],[-120.135123414124,39.067424767055],[-120.135476322271,39.0674242335272],[-120.135618029463,39.0674236989553],[-120.135955548791,39.0674175624504],[-120.136533009187,39.0674063355772],[-120.136710046949,39.0674046343118],[-120.137245583592,39.0673934203107],[-120.137606093591,39.0673837878273],[-120.137697296116,39.0673813589462],[-120.137977503159,39.0673776514306],[-120.138158996625,39.0673753050953],[-120.138454246063,39.0673716170023],[-120.138704876885,39.0673686163106],[-120.138708330089,39.0673685890629],[-120.139031303528,39.0673649577302],[-120.13932733974,39.0673621588198],[-120.13932846697,39.0673621630823],[-120.139328925482,39.0673621429382],[-120.139329383634,39.06736213652],[-120.139330299216,39.0673621511357],[-120.139330757367,39.0673621447175],[-120.139451659012,39.0673610261912],[-120.139613401518,39.0673595295199],[-120.1396143171,39.0673595441333],[-120.139615233403,39.0673595312948],[-120.139616149706,39.0673595184563],[-120.139617101224,39.0673595061798],[-120.139617559375,39.0673594997605],[-120.139618017527,39.0673594933412],[-120.13961893383,39.0673594805027],[-120.139760170204,39.0673580820162],[-120.139942695493,39.0673566831309],[-120.140125286879,39.0673554497953],[-120.140239724751,39.0673549688266],[-120.140240816406,39.0673549862445],[-120.140241274197,39.0673549935487],[-120.140241731988,39.067355000853],[-120.140242682785,39.0673550160233],[-120.14024363214,39.0673550860976],[-120.140244512508,39.0673551001442],[-120.140245432414,39.0673549500409],[-120.140246375283,39.0673552671829],[-120.140247288703,39.0673553641472],[-120.140248237337,39.0673554616734],[-120.140249115542,39.0673555580758],[-120.140250027521,39.0673557099441],[-120.140250905005,39.0673558337985],[-120.140251816263,39.0673560131187],[-120.140252728241,39.0673561649869],[-120.140253604284,39.0673563437452],[-120.140254515542,39.0673565230654],[-120.140255426079,39.0673567298375],[-120.140256301401,39.0673569360478],[-120.140257176002,39.06735716971],[-120.140258050604,39.0673574033722],[-120.140258889991,39.0673576364725],[-120.14025976243,39.0673579524906],[-120.140260601817,39.0673581855909],[-120.140261439762,39.0673584735952],[-120.140262276987,39.0673587890514],[-120.140263114932,39.0673590770556],[-120.140263952156,39.0673593925118],[-120.140264753446,39.0673597348581],[-120.14026551952,39.0673600766425],[-120.140266356745,39.0673603920987],[-120.140267156592,39.0673607893489],[-120.140267957882,39.0673611316951],[-120.140268722515,39.0673615283834],[-120.140269487148,39.0673619250718],[-120.140459189456,39.0673649241879],[-120.140459906722,39.0673644412886],[-120.140460623988,39.0673639583892],[-120.14046130676,39.0673634474761],[-120.14046205852,39.0673629925905],[-120.140462774344,39.067362564595],[-120.140463526104,39.0673621097094],[-120.140464277144,39.0673616822758],[-120.140465027462,39.0673612822941],[-120.140465813716,39.0673608554222],[-120.140466634464,39.0673604565641],[-120.140467385503,39.0673600291304],[-120.14046820481,39.0673596851762],[-120.140468954408,39.0673593126465],[-120.140469773715,39.0673589686923],[-120.140470593021,39.0673586247381],[-120.140471412328,39.0673582807838],[-120.140472266849,39.0673579373914],[-120.14047312065,39.0673576214509],[-120.14047397373,39.0673573329624],[-120.140474791595,39.0673570439121],[-120.140475644675,39.0673567554236],[-120.140476532249,39.0673564949488],[-120.140477419102,39.067356261926],[-120.140478272182,39.0673559734375],[-120.140479158315,39.0673557678666],[-120.140480045168,39.0673555348437],[-120.140480966515,39.0673553298347],[-120.140481851927,39.0673551517157],[-120.140482737339,39.0673549735968],[-120.140483658687,39.0673547685877],[-120.140484578593,39.0673546184825],[-120.140485463284,39.0673544678155],[-120.140486381749,39.0673543726143],[-120.14048733687,39.0673542230708],[-120.14048822012,39.0673541273077],[-120.140489140026,39.0673539772025],[-120.140490062093,39.0673537447414],[-120.140490978396,39.067353731896],[-120.140491894699,39.0673537190505],[-120.140492846216,39.0673537067669],[-120.140493797734,39.0673536944832],[-120.140494114666,39.0673536995393],[-120.140494396384,39.0673537040336],[-120.140495628898,39.0673537236962],[-120.140637161278,39.0673531253104],[-120.14082037498,39.0673523402289],[-120.140847115184,39.0673522998654],[-120.141011167719,39.0673520464931],[-120.141187656804,39.0673517715125],[-120.141335587445,39.0673516862655],[-120.141706731357,39.067351616914],[-120.142077451971,39.0673515670971],[-120.142225028304,39.0673515574642],[-120.142590213009,39.0673516924175],[-120.142591234956,39.0673516812391],[-120.142846183162,39.0673519536694],[-120.143012420416,39.0673523502178],[-120.143048986244,39.0673524384237],[-120.143050854063,39.0673524132536],[-120.143051065352,39.0673524166198],[-120.143051769646,39.0673524278401],[-120.143052685229,39.0673524424265],[-120.143663936812,39.0673543243083],[-120.143664235712,39.0672911631548],[-120.14366473485,39.0671854093923],[-120.143667263524,39.0666452986746],[-120.143666847618,39.0664017187622],[-120.143667173118,39.0662723436556],[-120.14366810718,39.0661479765854],[-120.143668889962,39.0660367758262],[-120.143670434905,39.0658191938082],[-120.143670901304,39.0657536734498],[-120.143671469913,39.0656163652646],[-120.143672200779,39.0652214799653],[-120.14367166352,39.0647634085031],[-120.143669421017,39.0642763084391],[-120.143667394699,39.0640968711462],[-120.143666207881,39.06399159855],[-120.143666220867,39.0639897587052],[-120.143666246045,39.0639887978853],[-120.143666305717,39.0639878650782],[-120.143662108877,39.0637527934382],[-120.143661992484,39.0637518578269],[-120.143661912024,39.0637508953244],[-120.14366190055,39.0637499888476],[-120.143661855303,39.0637490269059],[-120.1436553652,39.0634670386079],[-120.143655182884,39.0634592086185],[-120.143648813865,39.06321830757],[-120.143648786585,39.0632173321827],[-120.143645040706,39.0630759592884],[-120.143633993591,39.0626519672038],[-120.143620524572,39.0610077209393],[-120.143613934597,39.0602032795488],[-120.143613794963,39.0601857556286],[-120.146152204551,39.0602032555106],[-120.14669379139,39.0602063487508],[-120.146884612317,39.0602075978418],[-120.147405738676,39.0602118180119],[-120.147600767747,39.0602137919435],[-120.147817800243,39.0602162525469],[-120.147953267806,39.0602180208334],[-120.148307271944,39.0602226570414],[-120.148627326775,39.0602269725989],[-120.148929281642,39.0602310547329],[-120.149178362976,39.0602351203496],[-120.15300827091,39.060333818331],[-120.15303426766,39.0603344912127],[-120.153034090979,39.0603216767297],[-120.153027998808,39.059859521943],[-120.153024519004,39.059595090207],[-120.153012174779,39.0586573346023],[-120.153004647931,39.0580853856373],[-120.153001627965,39.057856691026],[-120.152996779462,39.0574887141171],[-120.152996548702,39.0574705434024],[-120.152971575645,39.0555735916375],[-120.152963380616,39.0549509617354],[-120.152957460583,39.0545011540692],[-120.152938754465,39.0530806267355],[-120.152935860915,39.0528612852372],[-120.152935055612,39.0528003036162],[-120.152949724739,39.0523166575873],[-120.152953407448,39.0521949842081],[-120.153150353461,39.0457009500756],[-120.159868980278,39.0458270307971],[-120.159889710041,39.0458268912779],[-120.16497730447,39.0457925855559],[-120.165565628355,39.0444839899974],[-120.165897440084,39.043521114423],[-120.166498441717,39.0417769655463],[-120.167736338017,39.0384735024634],[-120.168022898093,39.0377086757107],[-120.171763723075,39.0377683963072],[-120.175589177629,39.0381212850835],[-120.179510268636,39.0383400927609],[-120.183554637993,39.0383773312067],[-120.183573579102,39.0383775029153],[-120.183753687158,39.0362429358431],[-120.183795541168,39.0357468177597],[-120.183889128569,39.0346376317787],[-120.183944758555,39.033732332235],[-120.184029392463,39.0323546756526],[-120.184111421122,39.0310194776969],[-120.193144456623,39.0306519642362],[-120.193576085854,39.0306499794096],[-120.197063428127,39.0306279555563],[-120.202694988945,39.0305921572474],[-120.207475582731,39.0307541062552],[-120.207483340205,39.0307543629313],[-120.209379500224,39.0307936977154],[-120.212296698303,39.0308541391599],[-120.216891701932,39.030901572462],[-120.221496131832,39.0308961567581],[-120.222909643112,39.0308935182018],[-120.226224549976,39.0308872564281],[-120.228443815408,39.0308791571729],[-120.230941340043,39.0308699959017],[-120.23556410522,39.0308699326563],[-120.240170029533,39.0308942032554],[-120.240170346309,39.0308942080405],[-120.240224522843,39.0294192183934],[-120.240303541228,39.0272683264275],[-120.240317960333,39.0268350401908],[-120.240423213304,39.023673230626],[-120.24042321569,39.0236731345414],[-120.245131035876,39.0240350398987],[-120.249856976532,39.0245160785887],[-120.254678843791,39.0247041236455],[-120.257113637893,39.0247437494523],[-120.259413960726,39.0247811503885],[-120.259381980666,39.023466955413],[-120.259381982688,39.0234668730544],[-120.259381985316,39.0234660492054],[-120.259382584285,39.0234660306925],[-120.259426086052,39.0234651565108],[-120.265713213173,39.0233369600652],[-120.265953511272,39.0233385875191],[-120.272040168903,39.0233796560201],[-120.272653543036,39.0233837822371],[-120.281587767947,39.023308273688],[-120.289575685827,39.0232186699411],[-120.290546113691,39.0232077452312],[-120.298024948963,39.0233108569073],[-120.300055439479,39.0233387757371],[-120.309479994178,39.0232178342688],[-120.318019269872,39.0229873698927],[-120.318953110542,39.0229621275891],[-120.320911578382,39.0229082330982],[-120.328422389422,39.0227012574529],[-120.33078787308,39.0227137978642],[-120.334286387263,39.022732240109],[-120.337863701492,39.0227510013713],[-120.345249629427,39.0227779823699],[-120.347698581416,39.0227868336956],[-120.357325731508,39.0232559155638],[-120.360330152927,39.0234110314187],[-120.366925065922,39.0237512450012],[-120.36838627392,39.023870667148],[-120.376029264193,39.0244949796579],[-120.376042529921,39.0244960571135],[-120.376304554915,39.0245075225922],[-120.376752354197,39.0245271099276],[-120.37828715555,39.024594224729],[-120.380524280135,39.0246927115901],[-120.384121341718,39.0248540490755],[-120.385278185184,39.024906916809],[-120.393284285346,39.0254171485622],[-120.394534204539,39.0254967614077],[-120.395555773545,39.0255647714044],[-120.403747871305,39.0261098392984],[-120.413186459841,39.0269392347156],[-120.422620329937,39.0276797277894],[-120.427347709811,39.0279535872743],[-120.429100872663,39.0280500285605],[-120.432090267975,39.0282144142851],[-120.43507785682,39.0283878162213],[-120.435085645486,39.0283882641196],[-120.435089143333,39.028386114149],[-120.435260586082,39.0282801619493],[-120.435286253229,39.0282705654625],[-120.435481080828,39.0281977715229],[-120.435894849213,39.0280682695844],[-120.43634338897,39.0279345369099],[-120.436802025847,39.0277691370777],[-120.437029602491,39.027624088235],[-120.437245798298,39.0274075401505],[-120.437294198814,39.0273233457186],[-120.437463636879,39.0270285762876],[-120.437489959121,39.0268934046202],[-120.437586668924,39.0265342361531],[-120.437624444583,39.0263362478082],[-120.437876658895,39.0258126352569],[-120.43801257499,39.025583337941],[-120.438149799896,39.0252322917225],[-120.43836319251,39.0249411448453],[-120.438551304002,39.0247507461753],[-120.438735578045,39.0245666944143],[-120.438939290799,39.0244007531274],[-120.438988087872,39.0243822935027],[-120.439410024304,39.0242226806961],[-120.439756117266,39.0241642090454],[-120.440025445935,39.0241256207059],[-120.440354848866,39.0240784166123],[-120.440813489611,39.0240441047213],[-120.441329207966,39.0240077536263],[-120.441693080232,39.0238914870634],[-120.441875529568,39.0238332091845],[-120.442077469526,39.0236922291705],[-120.442320655289,39.0234782023504],[-120.442467324252,39.0231335938016],[-120.442547426206,39.0228287113094],[-120.44253936713,39.0225674130483],[-120.442526435946,39.0223468031567],[-120.442531284575,39.0222791468345],[-120.442539425198,39.0221658103916],[-120.442585996341,39.0220907204629],[-120.442695232637,39.0219146394005],[-120.442849816254,39.021784833633],[-120.443028456609,39.0215422609294],[-120.443092232015,39.0213409934307],[-120.443118970585,39.0210756839589],[-120.44315981196,39.0207757412102],[-120.44319660325,39.0206361495352],[-120.443211080783,39.0205812543587],[-120.443292051208,39.0202862417624],[-120.443436269952,39.0200078099864],[-120.443698173915,39.019806306009],[-120.443738125922,39.0197680085885],[-120.443963632633,39.0195518473863],[-120.444312794753,39.0192977646162],[-120.444564584923,39.0188606649454],[-120.444714489154,39.0185826645572],[-120.444769203302,39.018481181724],[-120.444846033991,39.0181899300105],[-120.444900846548,39.0178994003825],[-120.444916483716,39.0176567631359],[-120.444946350563,39.0174330174377],[-120.444949309057,39.0174104832115],[-120.444884298838,39.0171084126182],[-120.44487120702,39.0168418843586],[-120.444843877334,39.0165199400035],[-120.444817825896,39.0162103431077],[-120.444639900277,39.015886964572],[-120.444473862768,39.0155544898086],[-120.4443707695,39.0152106623339],[-120.44429716173,39.0148987548915],[-120.444283875772,39.0148425001098],[-120.444195189907,39.0145720784482],[-120.444137124899,39.0143387549168],[-120.444131868196,39.0142655122881],[-120.444124800844,39.0141673100053],[-120.444113410417,39.0139469128692],[-120.444100557567,39.0136808818569],[-120.444123708455,39.0132419231609],[-120.444151004927,39.0128594541658],[-120.444154337229,39.0125279777352],[-120.444190445883,39.0121994656116],[-120.44425789219,39.0116715861718],[-120.444295685574,39.0113913746467],[-120.444347460914,39.0109134862922],[-120.444440800758,39.0105914230683],[-120.444613753631,39.0102423568352],[-120.444754692918,39.0099293323791],[-120.445057079052,39.0095941869122],[-120.44525307393,39.0093995440192],[-120.445556868965,39.0091411997962],[-120.445687424574,39.0090470449553],[-120.445823701983,39.008948764642],[-120.446137290848,39.0087299850359],[-120.446471994034,39.0085016823197],[-120.446978119902,39.008194130017],[-120.447410462078,39.00793823659],[-120.447796124454,39.0077404331725],[-120.448141015035,39.0075431287924],[-120.448424422439,39.0072585815013],[-120.448616249352,39.0070124138254],[-120.448697746484,39.0068090175387],[-120.448741678747,39.0066993428834],[-120.448813421442,39.0063529593951],[-120.448838380249,39.0060680168174],[-120.448824606266,39.005695339103],[-120.448760879529,39.0051364766094],[-120.448765984677,39.0047326200564],[-120.448834236312,39.0043413994873],[-120.448852075434,39.0038992245258],[-120.448845236407,39.0035104090244],[-120.448851412183,39.0031766359017],[-120.448860530664,39.0026327353508],[-120.449073977898,39.0021633966921],[-120.449218499887,39.0018635414822],[-120.449424650895,39.0011997565074],[-120.449538447045,39.0008273765927],[-120.449723354134,39.0005780118073],[-120.450008841764,39.0003851017271],[-120.450198166103,39.0002209271815],[-120.450401479936,39.0000446355175],[-120.450689377706,38.9997347952536],[-120.450849587717,38.9995829746926],[-120.450957795344,38.999480443018],[-120.451280782191,38.99919449316],[-120.451528537386,38.9990102361981],[-120.451818074894,38.998794925463],[-120.452246926611,38.9984552641758],[-120.452568567143,38.9981063775235],[-120.45257270025,38.9979314995724],[-120.452573475356,38.9978975943147],[-120.452823096154,38.9975218258114],[-120.453000887876,38.9971089076639],[-120.45324151442,38.9965402356176],[-120.453319343554,38.9960311079544],[-120.453285508082,38.9955058872739],[-120.453177120187,38.995063764861],[-120.453000573184,38.9946294971797],[-120.452856469104,38.9942285322564],[-120.452818465046,38.9941227929042],[-120.452593089266,38.993652532079],[-120.452459329033,38.9933445805254],[-120.452328922958,38.9931055069],[-120.452263077147,38.9929848012113],[-120.452117715761,38.9925877729966],[-120.451973886466,38.9921867280085],[-120.451833774439,38.9916719021565],[-120.451672817958,38.9911738528101],[-120.451450587263,38.9907424350108],[-120.451133775728,38.9902753761685],[-120.450804537709,38.9898747739293],[-120.450557206203,38.9894797369851],[-120.450505632408,38.9890266136379],[-120.450712146775,38.988551714534],[-120.451090705371,38.9880600727125],[-120.451556299819,38.9877801386562],[-120.452171867611,38.9874466409015],[-120.452848349594,38.98724329557],[-120.453753869381,38.9870492770838],[-120.45435954201,38.9869357309351],[-120.454508199468,38.986907866803],[-120.455097492523,38.9868370088311],[-120.455141733061,38.9868316915088],[-120.455273766889,38.9868158127025],[-120.455714155403,38.9868067565033],[-120.455772029117,38.9868055605654],[-120.456410008572,38.986679401575],[-120.457047924491,38.9865495858275],[-120.457516395179,38.9864108760969],[-120.457518129292,38.9864104184855],[-120.458017162042,38.986280418906],[-120.458509242068,38.9862095744358],[-120.458934892249,38.9860284400275],[-120.459292747663,38.9857252720831],[-120.45962625894,38.9853099557138],[-120.459946446503,38.984893912937],[-120.460129523379,38.984461075429],[-120.460379544413,38.9838699531437],[-120.460535456531,38.9836582093858],[-120.460844613945,38.9832383109905],[-120.461245942309,38.9826932086966],[-120.461836198477,38.9819213622089],[-120.462273066742,38.981271532808],[-120.462745778587,38.980499996645],[-120.46322428888,38.9797104376944],[-120.463407331759,38.9793068554779],[-120.463765399892,38.9784618515957],[-120.464014015722,38.977938108647],[-120.464280073635,38.9773804599914],[-120.464449050153,38.9770719013943],[-120.464854265193,38.9764532263653],[-120.465123021579,38.9760564564141],[-120.465465996173,38.9756651130642],[-120.465885291696,38.9750989627493],[-120.466211540433,38.9747534506373],[-120.466563963293,38.9742825064156],[-120.46687747224,38.9737529390501],[-120.46703975912,38.9734664917326],[-120.467165176284,38.9732451379935],[-120.467378214302,38.9729217767205],[-120.467906308832,38.9718001358578],[-120.468279126041,38.9710083004991],[-120.469431790704,38.9692531785567],[-120.470025716458,38.9684910341003],[-120.47075968626,38.9677322782703],[-120.470983711358,38.9675006819436],[-120.471800637368,38.9671398217453],[-120.472023558932,38.9670416880802],[-120.472280488758,38.9667454362977],[-120.472653317982,38.9663155093634],[-120.472941515751,38.9658958265215],[-120.47307156922,38.9654804671392],[-120.473199699065,38.965103748887],[-120.473340061203,38.9649684858987],[-120.473562610386,38.9647540016833],[-120.473962737643,38.9645823381374],[-120.474537170869,38.96437906971],[-120.474943846479,38.9642511120605],[-120.475024593422,38.9642257103823],[-120.475532864809,38.9640105305187],[-120.475542000588,38.9640044437619],[-120.476047458849,38.9636678977169],[-120.476477479102,38.9633673671456],[-120.476570632382,38.96330225198],[-120.477186668241,38.9626856354071],[-120.477908720165,38.9619062343057],[-120.478399761084,38.9612599381011],[-120.47878419728,38.9607703453153],[-120.479140198721,38.9603320357566],[-120.479519443583,38.9600415271887],[-120.479941862085,38.9600456443463],[-120.480115968779,38.9603593920579],[-120.480330195105,38.9605392094107],[-120.480829246871,38.9606244579657],[-120.481140588508,38.9606318992107],[-120.481752396897,38.9605574957384],[-120.482209713556,38.9604653112912],[-120.482363372228,38.9603805626244],[-120.482468925575,38.9603223464412],[-120.482689019279,38.9602009504882],[-120.483043673512,38.9598589209134],[-120.483304894245,38.9593363460006],[-120.483471414462,38.9587978169557],[-120.483652186144,38.9582341808607],[-120.48379743138,38.957736347427],[-120.484046016008,38.9573551453274],[-120.484140014231,38.9572110957758],[-120.484562913999,38.9568411429714],[-120.485012782494,38.9562671127312],[-120.485339549778,38.9557899848664],[-120.485388284658,38.9554281209346],[-120.485477379705,38.9550455815623],[-120.485678251176,38.9545689289003],[-120.485809370605,38.954104083269],[-120.485966088967,38.9537481826887],[-120.486093768732,38.9535795519176],[-120.486337007352,38.9532564400113],[-120.486535333312,38.9530090878566],[-120.486716679392,38.9527860655942],[-120.487042877207,38.9525289785883],[-120.487441164766,38.9523332165984],[-120.487681877308,38.952221361649],[-120.487885930692,38.9521265506276],[-120.488115887254,38.9519978444189],[-120.488387274425,38.9518459487744],[-120.488898493179,38.9515589096167],[-120.489511409101,38.9510624450734],[-120.489873268675,38.9505880122282],[-120.490135369407,38.9501985970045],[-120.49049791679,38.9497525943482],[-120.490773842346,38.9492122337806],[-120.490815171908,38.9484926342428],[-120.490737530566,38.9479234113604],[-120.490590475033,38.9474002480009],[-120.490504386192,38.9471621480587],[-120.490364990374,38.9467766545291],[-120.490083826788,38.946180157054],[-120.489884589369,38.9456654053774],[-120.489767913165,38.9451545259787],[-120.489839386809,38.9447770272253],[-120.490136546723,38.9443139470399],[-120.490591282957,38.9438722160704],[-120.491250267802,38.9433984199293],[-120.491610678776,38.9431502224886],[-120.492255635268,38.9427484914429],[-120.492640749058,38.9425372452727],[-120.493134803219,38.942378899949],[-120.493793762881,38.9422196115691],[-120.493973599321,38.9421804992057],[-120.494603829449,38.9420434081825],[-120.495614710111,38.9419604202558],[-120.49563129839,38.9419592067019],[-120.495831765345,38.9419445934136],[-120.49660441864,38.9418882446626],[-120.496747108469,38.9418778401632],[-120.49720374845,38.9418665750088],[-120.49756542943,38.9418576520218],[-120.498288187302,38.9418184843944],[-120.499131553429,38.9417413228268],[-120.499940905469,38.9415980001941],[-120.500682353641,38.9414662372791],[-120.501671566343,38.9412095778668],[-120.502785441779,38.9407189456935],[-120.503032668952,38.9404977487951],[-120.503602167094,38.9399882129711],[-120.5037007265,38.9399000231773],[-120.504085398156,38.9393303555789],[-120.50416122737,38.9389708649196],[-120.504169008009,38.9384148741714],[-120.504211308829,38.9379727725075],[-120.504177330008,38.9376355010776],[-120.504167720791,38.9375400433626],[-120.504227373997,38.9372939547532],[-120.504262958886,38.9371471062916],[-120.504365433152,38.9366943950901],[-120.504534669758,38.9359917867916],[-120.504668773212,38.9355730540882],[-120.504705413207,38.9354586516172],[-120.504709685509,38.9354452913578],[-120.504720821764,38.9354340789606],[-120.505010728272,38.9351419155902],[-120.505152562475,38.9350495572172],[-120.505647222777,38.9347274804413],[-120.506368967427,38.9345907331653],[-120.507014163511,38.9345375819783],[-120.507576110443,38.9342430398531],[-120.50825782228,38.9340532876493],[-120.508620363922,38.9340666684186],[-120.509491040439,38.9340988070052],[-120.509800677711,38.9340262095282],[-120.510060194146,38.9336143911377],[-120.510315371939,38.9331360862004],[-120.510491625306,38.9326437533281],[-120.510714553622,38.9322878444464],[-120.511122397089,38.93182404207],[-120.511581184706,38.9313952724299],[-120.51227541307,38.9311550448893],[-120.513245797911,38.931158826869],[-120.513869282673,38.9312391002453],[-120.514403476489,38.9313053504552],[-120.51506483086,38.9313889569981],[-120.515719775646,38.9312596206511],[-120.516074331172,38.9311162062331],[-120.516359233618,38.9309526791635],[-120.51665477952,38.9307979650819],[-120.516893830427,38.9305705798486],[-120.517108569607,38.9303422526291],[-120.517265961961,38.9300517343811],[-120.517490654603,38.9296901233466],[-120.517673698395,38.929352999027],[-120.518027748913,38.9290445262469],[-120.518388305644,38.9288823425125],[-120.518813975661,38.9288666172435],[-120.520466490498,38.9291390041092],[-120.521231921725,38.9293869131923],[-120.522104077366,38.9297827645806],[-120.522735196552,38.9301329279956],[-120.523689124733,38.9303524567181],[-120.524367571642,38.9304087928477],[-120.524670273081,38.9303562526717],[-120.525084971966,38.9302842606241],[-120.525721007717,38.9299517677288],[-120.526215039734,38.9296663547044],[-120.526734986131,38.929350126037],[-120.527313793533,38.9291045306811],[-120.527882836088,38.9287684593785],[-120.528101490615,38.9286951978561],[-120.528655984997,38.928509388607],[-120.529327614489,38.9282645453784],[-120.529792373128,38.927939888831],[-120.530066168839,38.9274345078476],[-120.530293798904,38.9266846541991],[-120.530434884547,38.9260800785885],[-120.530619356129,38.9255652469532],[-120.531200577272,38.9250003640965],[-120.531892390593,38.9248212578713],[-120.532850257836,38.9250521585522],[-120.533728362432,38.9253374914061],[-120.534669137563,38.9255020333718],[-120.534709754624,38.9255091358316],[-120.53566868252,38.9256622270205],[-120.53624999136,38.9257594529415],[-120.536540581176,38.9258078168357],[-120.537387692077,38.9258342610735],[-120.538084893321,38.9259308477157],[-120.539011893736,38.9262658564505],[-120.53996733509,38.926647474058],[-120.539979016678,38.9266521381362],[-120.539999149624,38.9266501526734],[-120.540748752067,38.9265762800076],[-120.541381505053,38.9263024572492],[-120.542019454298,38.9258045117468],[-120.542095688658,38.9252971078728],[-120.541986425972,38.9245353483579],[-120.541905987224,38.9240716634854],[-120.541898730628,38.9232234966825],[-120.542361503633,38.9223953084517],[-120.543279974543,38.9215583536269],[-120.543419858518,38.9215161252024],[-120.544851497992,38.9210839027507],[-120.546316790927,38.9204245211885],[-120.54644675647,38.9203660314063],[-120.547764298392,38.9201932760519],[-120.548840398195,38.9201598834237],[-120.549959031213,38.920006948123],[-120.550408555406,38.9200327902693],[-120.55083931335,38.9202245406874],[-120.552074052947,38.9203965587409],[-120.5529762562,38.9200454547886],[-120.55298684534,38.920036441744],[-120.554038598629,38.9191374052329],[-120.555270528803,38.9172186899738],[-120.555492720793,38.9167731772539],[-120.555953953325,38.9158483620701],[-120.555977040492,38.9158020597921],[-120.556129499224,38.9156746623981],[-120.556842474872,38.9150788299596],[-120.557080310189,38.9150777712343],[-120.557573399848,38.9150755662637],[-120.558841069904,38.9155801268293],[-120.559781177058,38.915205562704],[-120.560264560343,38.9150129573426],[-120.56241984889,38.9138337427897],[-120.564809628291,38.913323494764],[-120.565540135259,38.9134234596743],[-120.565784360441,38.9135590567055],[-120.566841002317,38.9144874630362],[-120.56738581087,38.9145288039125],[-120.568272763452,38.9140879797241],[-120.569714399046,38.9137453912259],[-120.570958640785,38.9139796647244],[-120.571046990358,38.9139962935069],[-120.571254294197,38.9140143972167],[-120.571942313876,38.914074460911],[-120.57275573694,38.9146178062681],[-120.574586805038,38.9158677154838],[-120.575926354257,38.9163221511439],[-120.576091828577,38.9163782901919],[-120.57629005528,38.9163884333922],[-120.57739809657,38.9164482634822],[-120.578256514012,38.9166896019497],[-120.578380603743,38.9167244845644],[-120.578724703176,38.916801737662],[-120.579130078497,38.9168927550926],[-120.579326326844,38.9170088709391],[-120.579628569058,38.9171877125349],[-120.579801032202,38.9175861724813],[-120.579971227934,38.9179188337861],[-120.580044067445,38.9183439231559],[-120.580173570056,38.919099628368],[-120.580423379384,38.9195384250068],[-120.580858854967,38.9203033415003],[-120.581860062529,38.9206770844333],[-120.583039203675,38.9211172463946],[-120.583675346573,38.9212176766094],[-120.584911271647,38.9217174021262],[-120.585210238236,38.9218382860355],[-120.585547230564,38.9222067723385],[-120.5866562499,38.9234194455169],[-120.586813279658,38.9235999223482],[-120.587038222561,38.9238584733537],[-120.587253344375,38.9242537595044],[-120.587312143215,38.9245795914256],[-120.587236839839,38.925245526883],[-120.586782871645,38.9257682641169],[-120.586365982937,38.925943429395],[-120.58562260477,38.9262557767922],[-120.585588818794,38.9262963936452],[-120.58509368421,38.9266434738409],[-120.584461039164,38.9269891809142],[-120.584207504599,38.927448439197],[-120.584160522182,38.9280113245523],[-120.584443649109,38.9284693692609],[-120.58477993562,38.9288358438654],[-120.585412108987,38.9293383765958],[-120.585959081618,38.929773166012],[-120.586440189878,38.9301436201232],[-120.586734136327,38.9303092970231],[-120.587058958403,38.9304923743275],[-120.58780079883,38.9309077305234],[-120.588505494007,38.9311263908331],[-120.589416423209,38.9313633378991],[-120.590211640898,38.9313971979541],[-120.590592024373,38.9314210984627],[-120.591152373,38.9314562944133],[-120.591751856249,38.9314337840686],[-120.592374963274,38.931464584723],[-120.592895625953,38.9317875971447],[-120.593261090786,38.9321714254155],[-120.593489080636,38.9325466702604],[-120.59376630193,38.9330848897552],[-120.593805489485,38.9333678327788],[-120.593858793886,38.9337528286893],[-120.593897958078,38.9344132301461],[-120.594180374728,38.9349488474218],[-120.594734864593,38.9354296967178],[-120.595384053552,38.9357362898087],[-120.596146878701,38.9357980853377],[-120.596274571168,38.935814702372],[-120.596834932928,38.9358875615699],[-120.597364646267,38.9360630567065],[-120.598108661335,38.936281692364],[-120.598711142134,38.9363247599008],[-120.599375208203,38.9362386727963],[-120.599979282859,38.9361403536944],[-120.600663424337,38.9360274238055],[-120.601223535881,38.9358046358059],[-120.6018707614,38.9353682255252],[-120.60252287946,38.9349695339164],[-120.602926973081,38.9347224689262],[-120.603636770628,38.9344429463698],[-120.604577029458,38.9343176064893],[-120.605166193812,38.9343353675279],[-120.605342857243,38.9343406846161],[-120.605364706561,38.9343515603871],[-120.605398777687,38.9343685143329],[-120.606505530831,38.9349193062298],[-120.60700498085,38.9353038022651],[-120.607078775719,38.935360611046],[-120.607678070192,38.9360014575809],[-120.607699355636,38.9360509781624],[-120.607964150959,38.9366668804047],[-120.60803313762,38.936827325487],[-120.608737287141,38.937956971208],[-120.608979544323,38.9383834880351],[-120.609324317332,38.938990497948],[-120.610193064427,38.9400864013217],[-120.610858691442,38.9410425383333],[-120.611008428386,38.9412683562311],[-120.611561428775,38.9420960116622],[-120.612325912849,38.9427604293819],[-120.612901259097,38.9429067933527],[-120.61361948775,38.9429592088165],[-120.613623139709,38.9429594720192],[-120.614068716111,38.9429914724812],[-120.61463790522,38.9429482432946],[-120.615645857016,38.9428716763696],[-120.616766130628,38.942926328431],[-120.617063180782,38.9429408163332],[-120.617622437751,38.9429912351889],[-120.618062956115,38.9431295731313],[-120.618740226935,38.9433317666515],[-120.618752324271,38.9433353429252],[-120.61936589285,38.9432151763055],[-120.619380577203,38.9432123023224],[-120.620161991588,38.9430103382248],[-120.620685847705,38.9429111248547],[-120.620700353759,38.942908372169],[-120.620989713667,38.9428535699402],[-120.621832544322,38.9428167338089],[-120.622506118107,38.9430249854259],[-120.623324097253,38.9435151848871],[-120.623919843113,38.9440327108966],[-120.624766756451,38.944847340967],[-120.624768206452,38.9448487311714],[-120.624771696085,38.9448492117949],[-120.625631911424,38.9449680395166],[-120.626183454406,38.9450347477307],[-120.626865768935,38.9450819611498],[-120.627582958441,38.9452333308245],[-120.62821790779,38.9454187946938],[-120.628965251916,38.9458134616453],[-120.629566341016,38.9461484579359],[-120.630450144288,38.9462862286932],[-120.631014691201,38.9463084971492],[-120.631336399818,38.9461858083319],[-120.631762402486,38.9460233452342],[-120.631984465823,38.9458897342011],[-120.632228195511,38.9457430861458],[-120.632280792124,38.9456761632541],[-120.632599109672,38.945271128811],[-120.632814795263,38.9449654922502],[-120.632996630341,38.9446152449184],[-120.633261959227,38.9442387089258],[-120.633492468573,38.9441892396439],[-120.633808920472,38.9440776728743],[-120.634274407313,38.943910899785],[-120.635066674582,38.9434590654792],[-120.635974100738,38.9432776829595],[-120.636346805827,38.943328158874],[-120.636407920787,38.9433364406622],[-120.636998951179,38.9436539113554],[-120.637510713156,38.9438044335604],[-120.637809001637,38.943892163384],[-120.638514995494,38.9440044218608],[-120.639436356127,38.9439746656235],[-120.640609074568,38.943876933796],[-120.641519809667,38.944317585995],[-120.641541441452,38.9443365945871],[-120.642023828996,38.944760432908],[-120.642181773096,38.9448991979392],[-120.642863304891,38.9453812261872],[-120.643695568166,38.9459698543671],[-120.644147593579,38.9462152982758],[-120.64458935482,38.9464551560399],[-120.64530903908,38.946740016437],[-120.646034213593,38.9468489370375],[-120.646373491684,38.946899897798],[-120.64687625106,38.9470812360813],[-120.647275072484,38.9472250876705],[-120.648303744493,38.9475830388467],[-120.648537511872,38.9476643892232],[-120.64967845179,38.9481543061164],[-120.65050591273,38.9486080626663],[-120.650581935132,38.9486085185912],[-120.651180585441,38.9486120949469],[-120.651405124932,38.9486084910791],[-120.652150335984,38.9485240038363],[-120.653277013233,38.9482276151217],[-120.653287706284,38.948227491719],[-120.654007617943,38.9482194402153],[-120.654172549962,38.948217599335],[-120.654230272742,38.948262287208],[-120.654539440943,38.948501589202],[-120.65470881612,38.9486326974266],[-120.654728261689,38.9487097724048],[-120.654906019466,38.9494144357834],[-120.654926568629,38.9496299691129],[-120.654969381752,38.9500791250266],[-120.654972451187,38.9503439139106],[-120.654974700343,38.9505388045594],[-120.655102171926,38.9508344695728],[-120.655106157454,38.9508431384474],[-120.655116733055,38.9508640762513],[-120.655154281665,38.9509128968029],[-120.65516390403,38.9508932084797],[-120.655286491202,38.9509307914438],[-120.655518080773,38.9510714597451],[-120.655875074492,38.9512848927672],[-120.656335861168,38.9514495712023],[-120.656828104995,38.9514741468995],[-120.657454694469,38.9514967554179],[-120.658002786365,38.9514934382431],[-120.658561107386,38.9514903737038],[-120.659222264004,38.951541106929],[-120.65979198229,38.9517147980433],[-120.659907308716,38.9518651578835],[-120.660201226309,38.9523635845085],[-120.66039699776,38.9529343117581],[-120.660862767292,38.9534864239358],[-120.661189098393,38.9536768319796],[-120.661313778879,38.9537641921865],[-120.662080607224,38.9542122240286],[-120.662766570236,38.9546276863083],[-120.663510767261,38.9550663862479],[-120.664216965774,38.9555194192644],[-120.664954524899,38.9558408294093],[-120.665784491903,38.9560720408637],[-120.666851038461,38.9562144286274],[-120.667725809841,38.9566355386541],[-120.668664143246,38.9571636161171],[-120.669280695595,38.9573791520301],[-120.669621661408,38.9574983592435],[-120.670827897103,38.9576992062803],[-120.672196358367,38.9578808289603],[-120.673455987288,38.9582496605086],[-120.67412706907,38.9588007622226],[-120.674258111962,38.9594392696428],[-120.674365638871,38.9602992571809],[-120.674608158755,38.9613345554392],[-120.675261795022,38.9617972463492],[-120.675264259506,38.9617990044462],[-120.675400876155,38.9618949155061],[-120.676411793078,38.962302321899],[-120.677224883221,38.9628372247706],[-120.677676293486,38.9634738208444],[-120.677718824193,38.9635348830855],[-120.678006230652,38.9639474546388],[-120.678088313034,38.9640652885475],[-120.678300755446,38.9643179672814],[-120.678950480102,38.965090750978],[-120.6799809295,38.9656788210225],[-120.681107516239,38.9660784625261],[-120.682359343506,38.966405997599],[-120.683359905736,38.9667855443064],[-120.683938340014,38.9672366656868],[-120.684319259756,38.9678759389016],[-120.684444145183,38.9684274217173],[-120.684429529664,38.968857034912],[-120.684247769603,38.9691586580216],[-120.684023760851,38.969363538702],[-120.684013314555,38.9693729495711],[-120.683907536753,38.9697408020384],[-120.683900740627,38.9701791674796],[-120.683982243178,38.9707520190643],[-120.684105549426,38.9713394580437],[-120.684181717217,38.9719800777003],[-120.68436097055,38.9727301409894],[-120.684738669828,38.9735429976244],[-120.684974028734,38.9740225438944],[-120.685164813085,38.9744112670356],[-120.68533325518,38.9748572133252],[-120.685536933484,38.9753533988438],[-120.685588813965,38.9761209419941],[-120.685327132211,38.9783270843389],[-120.685325269011,38.9792694272375],[-120.685322360202,38.9807465052997],[-120.685430024674,38.9821072850234],[-120.685637498794,38.9828801402648],[-120.685639243325,38.9828866270104],[-120.685806260646,38.9835265398029],[-120.685942361203,38.9840388219031],[-120.686067537529,38.9846261959954],[-120.686173339264,38.985192123959],[-120.686102240881,38.9856283897873],[-120.685897694911,38.9860089690837],[-120.68576415087,38.9864370330527],[-120.685728034716,38.9870549630291],[-120.686003391112,38.987589055209],[-120.686671799061,38.9881584193045],[-120.687185539113,38.9884026284846],[-120.687854175926,38.98862202631],[-120.68856729622,38.9888069909982],[-120.689327593091,38.9889031520135],[-120.68996506712,38.988773872764],[-120.689987106288,38.9887693974501],[-120.690311167389,38.9885278720589],[-120.690472953097,38.9883507702462],[-120.690873696661,38.9879120989179],[-120.691030729437,38.9877330892967],[-120.691173065755,38.9876239670186],[-120.691342672525,38.9874994983642],[-120.691529137417,38.9873366363562],[-120.691715415188,38.9869893171058],[-120.691800286937,38.9868441512793],[-120.691939292256,38.9866064187344],[-120.692046776534,38.9864370391066],[-120.692117404098,38.9863372706701],[-120.692167606229,38.9862689901028],[-120.692235012103,38.9862103492956],[-120.6922892676,38.9861454918944],[-120.692376817251,38.9860152669995],[-120.692433418789,38.9859242931047],[-120.692517552108,38.9858209414204],[-120.69261888109,38.9857142952285],[-120.692729255474,38.9855902991091],[-120.692852461798,38.9854229488851],[-120.692922541292,38.9853165282794],[-120.692992521249,38.9852470002326],[-120.693088342232,38.9851518116572],[-120.69314589943,38.9851024514117],[-120.693206190825,38.9850574606484],[-120.693254647354,38.9850169779201],[-120.693295322874,38.9849863212304],[-120.693332026655,38.9849611670548],[-120.693396454005,38.9849303924347],[-120.693451676202,38.9849008051449],[-120.693514790301,38.984874464389],[-120.693575405245,38.984865368462],[-120.693616154898,38.9848478662639],[-120.69368064457,38.9848194263643],[-120.693767511453,38.9847833562034],[-120.693830686223,38.9847517983885],[-120.693903040001,38.984722375615],[-120.69393994411,38.9847092513708],[-120.694055839732,38.9846539819264],[-120.694125646305,38.984621482286],[-120.694228404919,38.9845707336803],[-120.69432593985,38.9845361557952],[-120.694416874793,38.9844931282477],[-120.694489396875,38.9844640914542],[-120.694561899416,38.98442655525],[-120.694647599605,38.9843869151739],[-120.694739952124,38.9843356650022],[-120.694796671714,38.984297306384],[-120.694850826529,38.9842568319602],[-120.694907544553,38.9842281120454],[-120.694984167631,38.9841750377128],[-120.695051521196,38.9841400385498],[-120.695186186926,38.9840914042202],[-120.695223133158,38.9840893467868],[-120.69531813836,38.9840640764351],[-120.695413203764,38.9840336165724],[-120.695551827223,38.9839821153158],[-120.695706382461,38.983921400747],[-120.695903321848,38.9838230999229],[-120.696017016012,38.9837668427637],[-120.696114889161,38.9837137585456],[-120.696232565666,38.9836619120586],[-120.696309349381,38.9836162805679],[-120.696440267007,38.9835532407906],[-120.696455979369,38.9835617098974],[-120.696490542644,38.9835284847357],[-120.696492159914,38.9835266355017],[-120.696546489624,38.9834650722966],[-120.696622541122,38.9833664054261],[-120.696677013073,38.9833219793493],[-120.696718005293,38.9833045886393],[-120.696789463999,38.9832739457977],[-120.696847745882,38.9832442813249],[-120.696910053656,38.983204226744],[-120.696976510471,38.983152822296],[-120.697032371204,38.9831055556661],[-120.697112022847,38.9830502620566],[-120.697177015194,38.9830115280389],[-120.697230136958,38.9829716176462],[-120.697317655369,38.9829228377716],[-120.697405270088,38.9828668916177],[-120.697510161406,38.9827936186289],[-120.697603901119,38.9827700623149],[-120.697692641516,38.9827236849295],[-120.697768222686,38.9826792473205],[-120.6978502041,38.9826483920022],[-120.697949019282,38.9826281600241],[-120.698094232157,38.9825777729874],[-120.698353590777,38.9824520460975],[-120.698526703491,38.9823767338891],[-120.69869819932,38.9823109048211],[-120.698849031013,38.9822284229591],[-120.69890183395,38.9822058086108],[-120.698982349669,38.9821704050794],[-120.69916449554,38.9820878333595],[-120.699348094754,38.9819912176218],[-120.699581052564,38.9818448720427],[-120.69969621106,38.9817698169942],[-120.699775612839,38.9817164410633],[-120.69982464159,38.9816808775378],[-120.699919487147,38.9816371754423],[-120.699988143513,38.9815980139592],[-120.700053868344,38.9815709848751],[-120.700102510048,38.9815507675463],[-120.700174686015,38.9815249637792],[-120.7002036441,38.9815113918706],[-120.700278332022,38.98148674198],[-120.700434818693,38.9814660258245],[-120.700641734815,38.9814465588083],[-120.700649285886,38.9814568859899],[-120.700693516067,38.9814508439182],[-120.700763846782,38.9814393263145],[-120.700845835753,38.9814271149337],[-120.700949733688,38.9814154500235],[-120.70101849392,38.9814089950061],[-120.701076914969,38.9814022872929],[-120.701113266708,38.9813961022428],[-120.701239057986,38.9813819901585],[-120.701304098144,38.9813654153323],[-120.701363860373,38.9813527085041],[-120.70140681158,38.9813396493729],[-120.701458928595,38.9813217494989],[-120.701487653683,38.9813093554932],[-120.701598016698,38.9812808462135],[-120.70167726819,38.9812586354232],[-120.701753682451,38.9812434229262],[-120.701790000886,38.9812332829286],[-120.701865078419,38.9812180554536],[-120.701933539378,38.98120871317],[-120.702012339961,38.9811976737025],[-120.702134820676,38.9811837159735],[-120.702206973005,38.9811745245233],[-120.702348566595,38.9811600930993],[-120.702414030534,38.9811587906269],[-120.702485752243,38.9811596723459],[-120.702571522129,38.9811619188519],[-120.702625112338,38.9811673216976],[-120.702711879305,38.9811766091943],[-120.702831880746,38.9811827793882],[-120.702899503555,38.9811865534966],[-120.703001465418,38.9811922204635],[-120.703102161473,38.9811978457797],[-120.70320243103,38.9812094801888],[-120.703389640143,38.9812094233189],[-120.703577709125,38.9812123689576],[-120.703685472564,38.9812182372308],[-120.703728037119,38.9812253429513],[-120.70379908359,38.9812371869589],[-120.703945144669,38.9812689925119],[-120.704062129829,38.9812919888291],[-120.704225870119,38.9813132261556],[-120.704341505452,38.9813292321073],[-120.704469425639,38.9813564688342],[-120.704568374304,38.9813749525793],[-120.704722478425,38.981399844122],[-120.70486497722,38.9814263913163],[-120.704972579672,38.9814410989999],[-120.705038541393,38.9814472287497],[-120.705120203169,38.9814548237392],[-120.705203913021,38.9814639380653],[-120.705366289325,38.9814770576563],[-120.705539120338,38.9815072366102],[-120.705649604382,38.98152985697],[-120.70577113022,38.9815527921955],[-120.705902219415,38.9815837972413],[-120.705990897576,38.9816137266303],[-120.706113839996,38.981657382725],[-120.706306492023,38.9817293290817],[-120.706463049334,38.9817934047413],[-120.706625479586,38.9818614997921],[-120.706811553604,38.9819527321246],[-120.707016204627,38.9820304674991],[-120.707115359664,38.982085968578],[-120.707204492788,38.9821431157821],[-120.707289845538,38.9821992048902],[-120.707384922882,38.982258395133],[-120.707448548414,38.982300100558],[-120.707556636876,38.982367398749],[-120.707644871272,38.9823947406107],[-120.707882026443,38.9824728901519],[-120.707965254212,38.9825027575227],[-120.708055482828,38.9825403915554],[-120.708140878211,38.9825826127707],[-120.708269418454,38.9826513454905],[-120.708367694073,38.9827030735853],[-120.708476891691,38.9827501171055],[-120.708550991184,38.9827847433593],[-120.708625159511,38.9828184915814],[-120.708739069356,38.9828627861117],[-120.708796093139,38.9828845359159],[-120.708871982555,38.9829155569811],[-120.708969608341,38.9829585722648],[-120.709037879967,38.9829925294406],[-120.709129951827,38.983052673489],[-120.709255730016,38.9831263448831],[-120.709339943004,38.98316981529],[-120.709430228155,38.9832372987915],[-120.709483057706,38.9832807507422],[-120.709572602664,38.983336719835],[-120.709666586356,38.9833952919074],[-120.709731452325,38.9834627406003],[-120.709803679419,38.9835346096386],[-120.709831917736,38.9835644154904],[-120.709885416885,38.9836233076588],[-120.709962218805,38.9836951449033],[-120.710022148285,38.9837738525911],[-120.710103918705,38.983864637837],[-120.710154472579,38.9839500793275],[-120.710236400092,38.9840148333482],[-120.710299858173,38.9840620549403],[-120.710362195475,38.9841283493579],[-120.710436873718,38.9842415736777],[-120.71052539811,38.9843518482201],[-120.710604520724,38.9844161040707],[-120.710700893038,38.984497274525],[-120.710832226631,38.9846004162156],[-120.710986898485,38.9847204024716],[-120.711106514901,38.9848071710418],[-120.711110664731,38.9848101827493],[-120.711159490468,38.9848456122143],[-120.711165252733,38.9848489575682],[-120.711174305102,38.9848542204078],[-120.71117959721,38.9848572996788],[-120.711422913323,38.9849988484264],[-120.711615339526,38.9851285608691],[-120.711761315238,38.9852257397353],[-120.711856368955,38.9852866559854],[-120.711965375635,38.9853426188002],[-120.712046398436,38.9853837451882],[-120.712181406496,38.9854649298376],[-120.712269982125,38.9855086660006],[-120.712339552816,38.985539120567],[-120.712446483464,38.985579626984],[-120.712532966837,38.9856068358572],[-120.712727979185,38.9856737446681],[-120.712797144561,38.9856839009354],[-120.712974503925,38.9857115099715],[-120.713226565186,38.9857602378793],[-120.713538607905,38.9858250060393],[-120.71383850893,38.9858938407384],[-120.714044443467,38.9859309356917],[-120.714193269495,38.9859585023232],[-120.714371031639,38.9859833675851],[-120.714470888789,38.9859871613043],[-120.714504157359,38.9859880778321],[-120.714578211028,38.9859925751577],[-120.714776015082,38.9860104388693],[-120.714889031045,38.9860259110163],[-120.715034680508,38.9860210377603],[-120.715180896509,38.9860412148237],[-120.715277019224,38.9860627612394],[-120.715478779865,38.9860972537323],[-120.715518000325,38.9861017506146],[-120.715777800491,38.986166293374],[-120.715987098424,38.9862062229686],[-120.716077340982,38.9862260836852],[-120.716136137738,38.986235684248],[-120.716251942549,38.9862613737708],[-120.716307987722,38.9862626232876],[-120.716436316423,38.9862777409929],[-120.716513641303,38.9862784286334],[-120.716552932285,38.9862829259426],[-120.716763850194,38.9863228170672],[-120.717054641707,38.9863820141279],[-120.717369433352,38.9864527063067],[-120.717620817428,38.9865177838044],[-120.717768109925,38.9865660893006],[-120.71784621259,38.9865957832088],[-120.718037424858,38.9866494874706],[-120.71810666699,38.9866691153797],[-120.718183326102,38.9866988755479],[-120.718240561136,38.9867151033569],[-120.718333819614,38.9867472704803],[-120.718394050261,38.9867671285501],[-120.718463448249,38.9867839844209],[-120.718553765852,38.9868134003793],[-120.718579364772,38.9868220851112],[-120.718630425763,38.9868450825122],[-120.71872657698,38.9868865903564],[-120.718776158578,38.9869096812558],[-120.718819565526,38.9869376196712],[-120.718852028797,38.9869753509974],[-120.718887556086,38.9870148735168],[-120.718923393541,38.9870420970078],[-120.718939702077,38.9870576819396],[-120.718958524028,38.9870967734891],[-120.718976434704,38.9871122936602],[-120.719029475213,38.9871835063282],[-120.719083821766,38.9872642347676],[-120.719114134517,38.9873333849488],[-120.719195457225,38.9874381362011],[-120.719251661326,38.9875095483241],[-120.719277895281,38.9875610237734],[-120.719352881663,38.9876796003636],[-120.719395509006,38.9877488035246],[-120.719452583799,38.987853864568],[-120.719523091133,38.9879730508357],[-120.719543058015,38.9880364576553],[-120.719581520352,38.9880908135806],[-120.71958373734,38.9881960401823],[-120.719604486462,38.9883622961829],[-120.719658289382,38.9886213485945],[-120.719660312767,38.9888035730567],[-120.719679191209,38.9889818637336],[-120.719680350721,38.9891320319693],[-120.719683261266,38.9892066474206],[-120.719674430925,38.9893215560229],[-120.719672602067,38.9894014192874],[-120.719714339584,38.9895199869753],[-120.719720006047,38.9896056719515],[-120.7197075762,38.9896782788523],[-120.719722070445,38.9898421593096],[-120.719728854671,38.9899477930869],[-120.719752323714,38.9900589377003],[-120.719770850495,38.9901202965228],[-120.719776617752,38.9901867600608],[-120.719786157644,38.9903795022078],[-120.719800285392,38.9904662413226],[-120.719823946008,38.9905706875903],[-120.719840542474,38.9906434763106],[-120.719878518249,38.9907385235993],[-120.719913846547,38.9908749800569],[-120.719958736602,38.9910509478035],[-120.719967246054,38.9911994392939],[-120.719967835698,38.9912018623226],[-120.719986478389,38.9912782708657],[-120.720003571695,38.9913430464718],[-120.720020473269,38.991410648425],[-120.720054267156,38.99147813399],[-120.72007538062,38.9915287840215],[-120.720119180376,38.9915838849041],[-120.720152645413,38.9916325562039],[-120.720223684348,38.9917147581328],[-120.720245358862,38.9917343287199],[-120.720305701414,38.9917930988553],[-120.720365974701,38.9918537629888],[-120.72042294643,38.9918945916047],[-120.720425851114,38.991897424521],[-120.720501003146,38.9919408694236],[-120.720596804208,38.9919963767421],[-120.720679471864,38.9920425952571],[-120.720812554028,38.9921127915743],[-120.720954100674,38.9922170496619],[-120.721093923409,38.9923252155249],[-120.721183347644,38.9924085249706],[-120.721275448943,38.9924975481175],[-120.721358240821,38.9925896269498],[-120.721448721787,38.9926807191767],[-120.721546140915,38.9927832013322],[-120.721624895842,38.992866969957],[-120.72169859336,38.9929345910097],[-120.72180173162,38.9930438910661],[-120.721904623035,38.9931571426636],[-120.721984713832,38.9932449349623],[-120.722061163007,38.9933415021355],[-120.722113149248,38.993408184388],[-120.722129090677,38.9934286390881],[-120.722166630936,38.9934875698886],[-120.722209027733,38.9935425721607],[-120.722264370701,38.9936348708544],[-120.722317403586,38.9937157479651],[-120.722343061125,38.993769193477],[-120.722363615848,38.9938314528134],[-120.722410528341,38.9939366203989],[-120.722427684762,38.9939726586232],[-120.722451045582,38.994021753843],[-120.722470195381,38.9941053621967],[-120.722517489579,38.9942049868501],[-120.722560947958,38.9943163500577],[-120.722607991236,38.994515874071],[-120.722635674405,38.9947548115281],[-120.722634626898,38.9948745013765],[-120.722632992538,38.995059980702],[-120.722614335576,38.9951658293945],[-120.722613709348,38.9951693374988],[-120.722605245456,38.995205520281],[-120.72259760343,38.9952497992637],[-120.722597347541,38.995251306797],[-120.722596109952,38.9952584742025],[-120.722595462175,38.9952622017561],[-120.722590200036,38.9952739933378],[-120.722585158142,38.9952852793118],[-120.7225774936,38.995302481764],[-120.722570102244,38.9953455414919],[-120.722516827036,38.9954333256912],[-120.722484355928,38.9954836070567],[-120.722334678045,38.9956582902611],[-120.722133578345,38.9959096011234],[-120.722071089524,38.9959930825237],[-120.722036780454,38.9960457326803],[-120.722001345316,38.9960925213329],[-120.721978598818,38.9961557609063],[-120.721957367076,38.9961974329648],[-120.721925410506,38.9962835560783],[-120.721909259439,38.996363536688],[-120.721871973728,38.9964309829212],[-120.721843176024,38.9964765537225],[-120.721821826888,38.9965481566641],[-120.721839865746,38.9966367782112],[-120.721851784953,38.996715446723],[-120.721872794891,38.9968129981483],[-120.721896928586,38.9968924597716],[-120.721954551237,38.9970116676169],[-120.722021294022,38.9971374013275],[-120.722086396046,38.9972721790294],[-120.72209236568,38.9973002270188],[-120.722116391047,38.9973808407482],[-120.722152704818,38.9974532687146],[-120.722181397705,38.9975111687038],[-120.722226892522,38.9975799078067],[-120.722294426759,38.9976422432118],[-120.722351576086,38.9976950181502],[-120.722502200695,38.9977981379899],[-120.722640632624,38.9978846199951],[-120.72276465675,38.9979777952593],[-120.722766670478,38.9979793139548],[-120.722967134779,38.9981034929542],[-120.723223312125,38.998280183198],[-120.723403290904,38.9984261877768],[-120.723598382354,38.9985615931106],[-120.723805530262,38.998684141314],[-120.723998991628,38.9987889643191],[-120.724092427715,38.9988572668143],[-120.724167579678,38.9989305864543],[-120.724271335364,38.9990199543799],[-120.724391849275,38.9990952536664],[-120.72451218652,38.9991784321129],[-120.724621835404,38.9992630311756],[-120.724779609551,38.9993720754032],[-120.72487867835,38.999442306253],[-120.725072105566,38.9995805467274],[-120.725208604352,38.999665301858],[-120.72536882795,38.9997752233562],[-120.725511133153,38.9998619913837],[-120.725666658186,38.9999651331665],[-120.725809680501,39.0000923308153],[-120.725943721577,39.0002062488893],[-120.726046500789,39.0002884921684],[-120.726195512164,39.0003928800784],[-120.726296894004,39.0004559677387],[-120.726386568232,39.0004968763322],[-120.726516601094,39.0005420981504],[-120.72660457518,39.0005875464567],[-120.726701174459,39.0006563482072],[-120.726891958677,39.0007422440437],[-120.726950855364,39.0008156312572],[-120.727011878854,39.0008450496595],[-120.727052203168,39.0008571612277],[-120.727121044992,39.0008627467687],[-120.727170455315,39.0008666644765],[-120.727236224082,39.0008768022973],[-120.727316757028,39.0008976737945],[-120.727422441665,39.0009368068313],[-120.72752800049,39.0009849180413],[-120.727633338905,39.001037475377],[-120.727732584289,39.0010981493358],[-120.727798921182,39.0011531363434],[-120.727866586172,39.0012204127459],[-120.727983593671,39.0012836421262],[-120.728004734276,39.0013273707578],[-120.728005887745,39.001329772436],[-120.728023836157,39.0013670403971],[-120.728045270393,39.0014081360017],[-120.728082841955,39.0014658293377],[-120.728122939537,39.0015455462556],[-120.728164338918,39.0016194007883],[-120.728220474829,39.0017016269784],[-120.728271226057,39.0017720960881],[-120.728320658658,39.0018297540974],[-120.728370039982,39.0018804639721],[-120.728427531224,39.0019244246642],[-120.728466329965,39.0019529680221],[-120.728575715434,39.0020429426467],[-120.728686184272,39.0021431718239],[-120.728788518784,39.0022338656288],[-120.728900831617,39.0023647608369],[-120.728979108615,39.0024271819981],[-120.729069168769,39.0024978325941],[-120.729136743706,39.0025427817064],[-120.729201292489,39.0026093093084],[-120.729232623079,39.0026579270444],[-120.729281257365,39.0027091501146],[-120.729349843715,39.0027585587629],[-120.729407222525,39.0028383264425],[-120.729557059887,39.0028883467807],[-120.729693559069,39.0029992665097],[-120.729732002693,39.00301036803],[-120.729787978519,39.0030093583772],[-120.72980253207,39.0030142128827],[-120.729862067875,39.0030325468729],[-120.729915035554,39.0030462232709],[-120.729990735065,39.0030581154475],[-120.730099573098,39.0030707808333],[-120.730233563897,39.003091903637],[-120.730376832692,39.0031098321513],[-120.730486081208,39.0031054760355],[-120.730575327433,39.0031018079969],[-120.730672423124,39.0031039647219],[-120.730776627634,39.0030904089566],[-120.73088908574,39.0030679634026],[-120.730985587004,39.0030463049924],[-120.731140543256,39.0029873602127],[-120.73124904816,39.0029262066271],[-120.731309462368,39.0028718610642],[-120.731355719101,39.0028455908133],[-120.731467840805,39.0028025730037],[-120.73153244164,39.0027679622257],[-120.731577960602,39.002743578638],[-120.731624161824,39.0027046620415],[-120.731642563563,39.002689168684],[-120.73168553846,39.0026456721862],[-120.731748247815,39.0026105463992],[-120.731842443484,39.0025544265068],[-120.73193516002,39.0025062265659],[-120.731974966531,39.0024785128069],[-120.732011738796,39.0024610637475],[-120.732098632499,39.0024275191963],[-120.732168030808,39.0023981503662],[-120.732253359981,39.0023713989133],[-120.732303738756,39.0023507476769],[-120.732352613505,39.0023335126308],[-120.732400471384,39.0023081930617],[-120.73245286034,39.002271554075],[-120.732507032223,39.0022257351477],[-120.732547107232,39.0021967609279],[-120.732593880702,39.0021690953224],[-120.732624389941,39.0021456464099],[-120.732682942811,39.0020929549914],[-120.732752247548,39.0020116841481],[-120.732811925114,39.0019669410357],[-120.732898758878,39.0019170012284],[-120.732997235093,39.001847718411],[-120.733096599685,39.0017621884641],[-120.733160671303,39.0016861878222],[-120.733202091604,39.001635067261],[-120.733228916312,39.0016090242723],[-120.733261925575,39.0015657757916],[-120.733302584053,39.0015041020146],[-120.733351033735,39.0014495428934],[-120.733365569358,39.0014278148397],[-120.733419885305,39.0013640103289],[-120.733466882126,39.001313938908],[-120.733533889794,39.001240990668],[-120.73359597208,39.0011876506642],[-120.733661042964,39.0011285489256],[-120.733713621849,39.0010772474538],[-120.733815260172,39.0010199711887],[-120.733915226134,39.0009696242023],[-120.734002607691,39.0009283121896],[-120.734037472853,39.0009091941292],[-120.734088386849,39.0008939577019],[-120.734150900174,39.0008637439695],[-120.734231985016,39.0008163494592],[-120.73428656881,39.000784786279],[-120.73435050398,39.0007557412419],[-120.734400208355,39.0007392558041],[-120.734474031402,39.0007033706088],[-120.734503308449,39.0006887501552],[-120.73454931854,39.0006662930074],[-120.734606514442,39.0006382181063],[-120.73465916709,39.0006182221691],[-120.734712037278,39.0005958944158],[-120.734760735459,39.0005746471996],[-120.734804834171,39.0005626591581],[-120.734845272853,39.0005447547576],[-120.734899592473,39.0005200810497],[-120.73497453375,39.0004934893916],[-120.735022895772,39.0004792408835],[-120.735100398561,39.0004550385854],[-120.735172823706,39.0004471751017],[-120.735225800141,39.0004247933504],[-120.735286552299,39.0004084275214],[-120.735356338961,39.0004005078099],[-120.735425943246,39.0003949202322],[-120.735495954344,39.000382307102],[-120.735575808154,39.0003663682149],[-120.735644167254,39.0003595587189],[-120.735720926468,39.0003494077944],[-120.735801218161,39.0003464074765],[-120.735886850627,39.0003458541533],[-120.735934398314,39.0003456837464],[-120.735992781142,39.0003457407663],[-120.736048398954,39.0003469210948],[-120.736087988973,39.0003430394508],[-120.736165495078,39.0003423153448],[-120.736256053353,39.0003477467081],[-120.736341024907,39.000356632344],[-120.736432736952,39.0003644651658],[-120.736520586979,39.0003698120169],[-120.736609626438,39.0003775333213],[-120.736693212179,39.0003851953965],[-120.736759815455,39.0004018725178],[-120.736835516567,39.0004234538958],[-120.736918214057,39.0004592533415],[-120.7369761989,39.0004816585205],[-120.737027050862,39.0005073914354],[-120.737101425213,39.0005441989101],[-120.737139224974,39.0005637763498],[-120.737207013922,39.0005968875376],[-120.737302796745,39.0006528199459],[-120.737353225106,39.0006984021708],[-120.737436422958,39.0007575207556],[-120.737473556808,39.0007828850611],[-120.737534133947,39.0008356346141],[-120.737608414473,39.0009014666429],[-120.737692899462,39.0009733132692],[-120.737738923277,39.0010034146955],[-120.737794445324,39.0010337288905],[-120.737802366002,39.0010513895496],[-120.737869843927,39.0011296971906],[-120.737964197094,39.0011770458222],[-120.737998675773,39.0011835431792],[-120.738048067898,39.0012043443615],[-120.738103619056,39.0012310613763],[-120.738199316897,39.001276035308],[-120.738248113947,39.0013025966912],[-120.73829440736,39.0013116385003],[-120.738373771644,39.0013271897447],[-120.7384437638,39.0013413762205],[-120.738544896462,39.0013538678779],[-120.738637309321,39.0013579993506],[-120.738738737477,39.0013519031864],[-120.73881780345,39.0013407042331],[-120.73893749313,39.001340737155],[-120.739000571182,39.0013419968469],[-120.739085669646,39.0013378929545],[-120.73916713656,39.0013302072611],[-120.739228102365,39.0013255673851],[-120.739269378634,39.0013159361775],[-120.739335167164,39.0013033024875],[-120.739397506354,39.0012847548471],[-120.739480184179,39.0012782353898],[-120.739634157816,39.0012719657388],[-120.73974167081,39.0012601129013],[-120.739830923125,39.0012420759533],[-120.739918277969,39.0012298126008],[-120.740001712947,39.0012163259656],[-120.740079927158,39.001201547061],[-120.740147103358,39.0011900263529],[-120.74021751351,39.0011727738563],[-120.740318394266,39.0011479422468],[-120.740415374141,39.0011346842077],[-120.740506048749,39.0011177880147],[-120.740612130558,39.0010953465555],[-120.740713875279,39.0010634665663],[-120.740796185429,39.0010498848204],[-120.740861933462,39.0010395016072],[-120.74093522901,39.0010222524158],[-120.741037820639,39.0009961754954],[-120.741108643311,39.0009893619634],[-120.741137650703,39.0009829202094],[-120.741184940228,39.0009814542141],[-120.741222618779,39.0009821635489],[-120.74131080026,39.0009768281714],[-120.741351818727,39.0009717793695],[-120.741404472601,39.0009704536435],[-120.741447769019,39.0009689169264],[-120.741527191964,39.0009692809252],[-120.741595633169,39.0009717230558],[-120.741645055572,39.0009750031493],[-120.741714837408,39.0009891579235],[-120.741768976504,39.00099833804],[-120.741827666047,39.0010029539071],[-120.741862059897,39.0010082958548],[-120.741867011997,39.0010118368538],[-120.741888331386,39.0010251384307],[-120.741919729217,39.0010327272269],[-120.741983483424,39.0010514026478],[-120.742051883022,39.0010760322465],[-120.742115788376,39.0011040458397],[-120.7421435194,39.0011080525483],[-120.742186631109,39.0011298276324],[-120.742238848299,39.0011541175758],[-120.742299052708,39.0011784937541],[-120.742347315399,39.0012015326734],[-120.742412867161,39.0012260214598],[-120.742464657041,39.0012525859175],[-120.74250107083,39.0012730253688],[-120.742543119609,39.0012912464204],[-120.74257348478,39.0013173872696],[-120.742630078661,39.0013370010626],[-120.742698917155,39.0013766010532],[-120.742733161935,39.0013923487073],[-120.742772054117,39.0014139407136],[-120.742827741836,39.0014509272004],[-120.74287400123,39.0014877295033],[-120.742904928677,39.001507972299],[-120.74294387709,39.0015283840466],[-120.742973144646,39.0015509430597],[-120.743024477183,39.0015993609801],[-120.743070525301,39.0016580195755],[-120.743119833928,39.001721354185],[-120.743184372608,39.0018010548994],[-120.743217681976,39.0018120141642],[-120.74322137298,39.0018559360653],[-120.74328428382,39.0019262276218],[-120.743331007596,39.0019765728306],[-120.743365482881,39.0020289827047],[-120.743394974825,39.0020984742228],[-120.743432495233,39.0021875768555],[-120.743458847025,39.0022396519028],[-120.743481916616,39.0022962225327],[-120.74350624001,39.0023436073781],[-120.743532279813,39.0024470578518],[-120.743542542976,39.0024895128471],[-120.743548636564,39.0025627062063],[-120.743549083142,39.0026288636449],[-120.743556276327,39.0026836977142],[-120.743551667494,39.0027769591581],[-120.743548271695,39.002871277191],[-120.743544381106,39.0029200327271],[-120.743539732561,39.0029936868615],[-120.74354190005,39.0030560732977],[-120.743521303037,39.0031598444229],[-120.743505570609,39.003227420019],[-120.743493407614,39.003288196431],[-120.743475379747,39.0032946473951],[-120.743449811339,39.0033472881306],[-120.74344075908,39.0033854430946],[-120.743422787744,39.0034403351802],[-120.743432554029,39.0035148038899],[-120.743428482694,39.0036035401184],[-120.743426406909,39.0036223694312],[-120.743422691702,39.0036562569306],[-120.74340243909,39.003718730987],[-120.74339165288,39.0037891883757],[-120.743384884725,39.0038394506473],[-120.743383025257,39.0039602572682],[-120.74337459669,39.0040327172559],[-120.743381207504,39.0040707666086],[-120.743379099717,39.0040963646144],[-120.743416699111,39.0041572385612],[-120.743441962497,39.0041933197719],[-120.743463768675,39.0042159628997],[-120.743490906454,39.0042475607823],[-120.743517064395,39.0042669281165],[-120.74354432724,39.0042974289109],[-120.743569184253,39.0043167272768],[-120.743606131143,39.0043429388317],[-120.743634858318,39.0043623063943],[-120.743673911319,39.0043729430222],[-120.743704813497,39.0043768187867],[-120.743737963945,39.004382915643],[-120.743748737379,39.004382688595],[-120.743766833688,39.0043823208494],[-120.743815872792,39.0043775773618],[-120.743848844845,39.0043659327107],[-120.743870136124,39.0043540796849],[-120.743902608707,39.0043368551286],[-120.74392406066,39.0043238779413],[-120.743963149057,39.0042967565206],[-120.743997422421,39.0042672764684],[-120.744012079454,39.0042564228335],[-120.744037348419,39.0042345895533],[-120.74405651783,39.0042193359569],[-120.744079040007,39.0041896467738],[-120.744110568557,39.0041422602348],[-120.744122516019,39.0041135005128],[-120.744135552122,39.004076926256],[-120.744148696304,39.0040302751207],[-120.744158221844,39.0039812782724],[-120.744163287602,39.0039456341087],[-120.744179874697,39.0038933632098],[-120.7442113344,39.0038379299434],[-120.744215596732,39.0038357241332],[-120.744241437142,39.0038014847771],[-120.744270594971,39.0037627501846],[-120.744297361976,39.0037318298103],[-120.744328287019,39.0036807432542],[-120.744347993882,39.0036530145597],[-120.744401811818,39.0036168662289],[-120.744443448547,39.0035928751729],[-120.744508676833,39.003560268651],[-120.744564543815,39.0035375843023],[-120.744636725244,39.0035117942415],[-120.744698920404,39.0034914710018],[-120.74480137805,39.0034571785867],[-120.744941765395,39.0034303522149],[-120.745050152426,39.0034358589765],[-120.745145708683,39.0034435066192],[-120.745228495515,39.0034557947503],[-120.7453207966,39.0034733753765],[-120.745390724633,39.0034903853864],[-120.745441659895,39.0034967831924],[-120.745476579022,39.0035103129728],[-120.745526205633,39.0035220514624],[-120.745581252518,39.0035337659309],[-120.745675138505,39.0035542741688],[-120.745794986267,39.0035754189082],[-120.74595661907,39.0036258470941],[-120.746090019219,39.0036896327339],[-120.74612120132,39.003704536304],[-120.746323630296,39.0038053814817],[-120.746327624759,39.003807374183],[-120.746462392081,39.003926246332],[-120.746552238344,39.0040080848053],[-120.746680342932,39.0041395717771],[-120.746768106799,39.0042914671032],[-120.746784260619,39.0043412622224],[-120.746791518086,39.0043846456733],[-120.746788814101,39.0044241323715],[-120.746787843919,39.0044760361841],[-120.746787629064,39.0044871966034],[-120.746784714239,39.0045445853391],[-120.746780637693,39.00458606189],[-120.746784690515,39.0046554434978],[-120.746780680008,39.0048026989609],[-120.746780793426,39.004927700796],[-120.746780222901,39.005019715099],[-120.746772515124,39.0051312320016],[-120.746760839039,39.0052163714943],[-120.746745266775,39.0053009198475],[-120.746741384159,39.005389163865],[-120.746740094018,39.0054681266385],[-120.746719346565,39.0055288658869],[-120.746689023109,39.0056136674013],[-120.746640154976,39.0057102421554],[-120.746595898541,39.0057848431278],[-120.746552857105,39.0058444636781],[-120.74654246321,39.0058988610841],[-120.746513255958,39.0059702737978],[-120.746432830859,39.0061198372875],[-120.746383326391,39.0063200413439],[-120.746334170602,39.0065243956782],[-120.746272038089,39.0067231731039],[-120.746260119045,39.0067612973965],[-120.746237372399,39.0069051931506],[-120.746201000944,39.0070254359644],[-120.746154901707,39.0071086395542],[-120.74612009991,39.0072296681363],[-120.746040025021,39.0073672623064],[-120.745963496942,39.0074694704567],[-120.745904436666,39.0075770292357],[-120.745851088219,39.0076641089733],[-120.745850070622,39.0076898011227],[-120.745827657627,39.0077550807299],[-120.745827496129,39.0077880866129],[-120.745827095912,39.0078584637799],[-120.745841885721,39.0080032853926],[-120.745838815494,39.0080515005765],[-120.745840388748,39.0081038299277],[-120.745830153317,39.0081452401121],[-120.745834579604,39.0082173443433],[-120.745820116923,39.0082490154212],[-120.745783463639,39.0082955783194],[-120.745743310528,39.0083430097161],[-120.745673820699,39.0084531471976],[-120.745642846,39.0085228930174],[-120.745612454674,39.0085914917673],[-120.745578948552,39.0087008633862],[-120.745561509086,39.008817218264],[-120.745527885662,39.0088874572756],[-120.745504458626,39.0089463550395],[-120.745508955802,39.0089985236598],[-120.745512536168,39.0090468104627],[-120.745521441734,39.0091024591357],[-120.745526081261,39.0091147565251],[-120.745560951353,39.0091869140482],[-120.74559973179,39.0092190898799],[-120.745638628899,39.0092675510778],[-120.745658625336,39.0093060739379],[-120.745699087637,39.0093446524319],[-120.745741067978,39.0093650683559],[-120.745802949766,39.0093905865523],[-120.745882987493,39.0094213941483],[-120.745909958057,39.0094317763137],[-120.745976484787,39.0094444242284],[-120.745990603824,39.0094471163466],[-120.746056851877,39.0094566169787],[-120.746146369384,39.009483778082],[-120.746222949604,39.0094991428375],[-120.746249762281,39.0095045253989],[-120.746346332015,39.0095269841194],[-120.746414276077,39.0095480637036],[-120.746483575607,39.0095661371726],[-120.7465584551,39.0095751812001],[-120.746630787339,39.0095809848809],[-120.746719889223,39.0095918569467],[-120.746813461948,39.0095967082616],[-120.746879923066,39.0096001419286],[-120.746972568468,39.0095997107086],[-120.747105131467,39.0095950405187],[-120.747171478262,39.0095949852969],[-120.74722571726,39.0095949371097],[-120.74732881498,39.0095865995443],[-120.747380916817,39.009584001927],[-120.747446669859,39.009573724831],[-120.747527519511,39.009553641852],[-120.747567303948,39.0095409984316],[-120.747657376311,39.0095108815849],[-120.747708557618,39.0094966306427],[-120.747762788716,39.0094930397078],[-120.747829860204,39.0094858246951],[-120.747958937518,39.0094732348792],[-120.748220851727,39.0094364519451],[-120.748571006121,39.0094214591203],[-120.749009153665,39.0093784394896],[-120.749261059966,39.0093422881685],[-120.749399566056,39.0093199122096],[-120.749465919695,39.0093154620672],[-120.749522677939,39.0093062680334],[-120.749579173049,39.0092960276458],[-120.74962555557,39.0092864201038],[-120.749671308206,39.0092746089366],[-120.749696100246,39.0092618587708],[-120.749718887423,39.0092490321572],[-120.749813811617,39.0092151487198],[-120.749909886185,39.0091838863062],[-120.749970644162,39.0091574348312],[-120.749981749393,39.0091484096504],[-120.749996390207,39.0091364841334],[-120.750019966278,39.0091188328695],[-120.750066256491,39.0090565548067],[-120.750088199844,39.0090316913404],[-120.750114351499,39.008979741996],[-120.750137884527,39.0089425657877],[-120.750155155841,39.0089032079177],[-120.75016276566,39.0088668494128],[-120.750163520238,39.0088440103227],[-120.750163628995,39.0088398374844],[-120.75017906,39.0088250096047],[-120.750216455448,39.008792101218],[-120.750264408517,39.008741291975],[-120.750294635848,39.0087077025171],[-120.750334319873,39.0086547724391],[-120.750355590779,39.0085981572989],[-120.750384060677,39.0085184975997],[-120.750402183106,39.0084567959271],[-120.750416509155,39.0084127930444],[-120.75042596864,39.0083873012884],[-120.750440203206,39.0083484874675],[-120.750472055578,39.0082666122689],[-120.750502608113,39.0081945814588],[-120.750521600854,39.0081414018779],[-120.75054889581,39.0080664802098],[-120.750570570199,39.0080488633575],[-120.750600314082,39.008022710448],[-120.750635790149,39.0080008204861],[-120.750669329004,39.0079690239311],[-120.750683675083,39.0079318589103],[-120.750692776343,39.0078667651575],[-120.750701350627,39.0078335749261],[-120.750741458834,39.0077605206677],[-120.750764434343,39.0076850308674],[-120.750787048559,39.0076360366314],[-120.750798717923,39.0076269350434],[-120.750837832996,39.007560295872],[-120.750890264802,39.0074629612944],[-120.750920317149,39.0073913094579],[-120.750943460753,39.0073452179586],[-120.750986338003,39.0072597948676],[-120.750997176031,39.0072379426428],[-120.751028403959,39.0071894526412],[-120.751066940232,39.0071376633522],[-120.751104445563,39.0070824578858],[-120.751115430406,39.0070462728094],[-120.751134957895,39.0069766774438],[-120.751139881794,39.0069449034465],[-120.751146091574,39.0068740943128],[-120.75115705736,39.0068329935863],[-120.751188650199,39.0067278013861],[-120.751191110436,39.0067120104796],[-120.751198834985,39.0066790857043],[-120.751199596303,39.00667582606],[-120.751223823812,39.0065911503005],[-120.751251780249,39.006524556109],[-120.751272408059,39.006470405354],[-120.751278412244,39.0064272467967],[-120.751298900981,39.0063150429066],[-120.751297433076,39.006202548684],[-120.751295964233,39.0061160870679],[-120.751318725944,39.0060246951905],[-120.751312653579,39.0060197695657],[-120.751313774207,39.0059861149234],[-120.751323294467,39.0059391495792],[-120.751331688354,39.0059161726949],[-120.751350903722,39.0058682677902],[-120.751364175105,39.0058481167132],[-120.751394412713,39.0058058495446],[-120.751418753567,39.0057826591687],[-120.751437083095,39.0057670658428],[-120.751512109975,39.0057035849451],[-120.751578024022,39.0056579380695],[-120.751669977375,39.0055985653702],[-120.751779915815,39.00552315616],[-120.751906376823,39.0054508072711],[-120.752023280677,39.0053835458858],[-120.752128932661,39.0053316790478],[-120.752271518688,39.0052709535955],[-120.752391679732,39.0052205600685],[-120.752534793386,39.0051658263534],[-120.7527653778,39.0051603872862],[-120.752858904918,39.0051555122774],[-120.75303242368,39.0051669539729],[-120.753082794001,39.0051805644952],[-120.753196863278,39.0052223724189],[-120.753270917273,39.0052461222018],[-120.753400507589,39.0052859266864],[-120.753545512554,39.0053357818013],[-120.753782342481,39.0054335768844],[-120.753858936479,39.005469024205],[-120.753887624448,39.0054908053104],[-120.753893175882,39.0054953407785],[-120.753923307405,39.0055251008823],[-120.753927950933,39.0055302307672],[-120.753964115138,39.0055701883499],[-120.753982395165,39.0056094465669],[-120.75398713449,39.0056802219401],[-120.753981367381,39.0057440334998],[-120.753983404725,39.005784312475],[-120.753974154658,39.0058360315859],[-120.753963099258,39.0058663121459],[-120.753972251794,39.0059383018062],[-120.753973629287,39.0060041120394],[-120.753984483436,39.0060754059273],[-120.753995116096,39.0061332692313],[-120.753995298989,39.0061789380939],[-120.754007074173,39.0062318707186],[-120.754033294254,39.0062979741779],[-120.754056215187,39.0063435293014],[-120.754075233824,39.0063748181067],[-120.754115622352,39.0064157544811],[-120.754147556722,39.0064430898137],[-120.754201466298,39.0064916949831],[-120.75426062727,39.0065378848456],[-120.754319095207,39.0065794538916],[-120.754359974291,39.0066145188656],[-120.754405339558,39.0066646801865],[-120.754437633588,39.0067076168766],[-120.754467270622,39.0067555504236],[-120.754495778204,39.0068116825891],[-120.754543707897,39.0068881784845],[-120.754577672347,39.0069342085768],[-120.754604318075,39.0069781283187],[-120.754644809263,39.0070433132628],[-120.754669384633,39.0070989090449],[-120.754701083234,39.0071396973659],[-120.75475375103,39.0071869159601],[-120.754856955782,39.0072704284556],[-120.754911565928,39.0073152786729],[-120.754960954207,39.0073568601584],[-120.755035755967,39.0074053312677],[-120.755066191282,39.0074228743573],[-120.755118448845,39.0074533923823],[-120.75517902649,39.0074791113314],[-120.755214593926,39.0074960227197],[-120.755267647931,39.0075192721436],[-120.755290252344,39.0075388184838],[-120.755303180484,39.0075491994302],[-120.755326312962,39.0075537030276],[-120.755373464866,39.007556293919],[-120.755442017501,39.0075567793295],[-120.755503524113,39.0075536470013],[-120.7556085181,39.0075453224091],[-120.755694844005,39.007533805083],[-120.755773117612,39.0075218584148],[-120.755854739394,39.0075036315352],[-120.755926404848,39.0074891839167],[-120.756013797746,39.0074669956013],[-120.756129251593,39.0074402189343],[-120.756145543087,39.0074364386058],[-120.756259825934,39.0074081938956],[-120.756407667213,39.0073689387338],[-120.756497449773,39.0073469403372],[-120.756689719604,39.0072909414029],[-120.75677654659,39.0072688837813],[-120.756893185513,39.0072367092862],[-120.756921764971,39.0072286388557],[-120.756952165797,39.007220066107],[-120.757013869076,39.0072026830638],[-120.757141233117,39.0071690300722],[-120.757288701612,39.0071248818472],[-120.757426723081,39.0070855755465],[-120.757561966751,39.0070420929099],[-120.757712739774,39.0069900982299],[-120.757815833832,39.0069535494215],[-120.757889293864,39.0069250050281],[-120.757954348054,39.0068961238021],[-120.75802687607,39.0068645212639],[-120.758155079656,39.0068069854592],[-120.758267224757,39.0067560061386],[-120.758368321961,39.006716881727],[-120.758507559143,39.006656305203],[-120.758650590503,39.0066021397985],[-120.758752930032,39.0065644013247],[-120.758848445585,39.006532466596],[-120.758924460286,39.0065087269141],[-120.758980395305,39.0064940823469],[-120.759065184471,39.0064717267152],[-120.759151522105,39.0064533967578],[-120.759248147351,39.0064364669785],[-120.759329966105,39.0064229492634],[-120.759381382787,39.0064150940461],[-120.759452335567,39.0064030532107],[-120.759462253803,39.0064014288404],[-120.759554464792,39.0063863465672],[-120.759659478592,39.0063717300945],[-120.759794560742,39.0063473831608],[-120.759863299309,39.006341195052],[-120.759972360712,39.0063315917533],[-120.760054781186,39.0063239015707],[-120.760168657512,39.0063066329407],[-120.760301122411,39.0062890403118],[-120.760403255241,39.0062771385588],[-120.760541383447,39.0062597157762],[-120.760571281324,39.0062567112258],[-120.760683470278,39.0062453556122],[-120.760822319397,39.0062269515899],[-120.760929469292,39.0062239999684],[-120.761020880354,39.0062214300299],[-120.761099735376,39.0062183694704],[-120.76112840277,39.0062233427017],[-120.761192910054,39.0062256490257],[-120.761225233835,39.0062268166506],[-120.76143357227,39.0061934710282],[-120.761453483108,39.0061879709787],[-120.761495006287,39.0061762749898],[-120.76156198961,39.0061557053617],[-120.761694128703,39.00612448727],[-120.76176387502,39.006104908022],[-120.761802147958,39.00609794177],[-120.761886779036,39.0060825436597],[-120.762047057817,39.006070379847],[-120.762125271371,39.0060657465273],[-120.762170704535,39.006067959421],[-120.762240156216,39.0060733109131],[-120.76227506751,39.0060794761009],[-120.762330125228,39.0060988991202],[-120.76237439677,39.0061253197705],[-120.762391270965,39.006136510751],[-120.76245501811,39.0061863973833],[-120.762518866949,39.0062445781374],[-120.762575058012,39.0062999039811],[-120.762622273335,39.0063472258062],[-120.762673410191,39.0063957151542],[-120.762712146692,39.0064206763817],[-120.76275881513,39.0064549760529],[-120.762823481264,39.0064885332291],[-120.762893685657,39.0065274216151],[-120.762928669922,39.0065415234685],[-120.76295949502,39.0065539609648],[-120.762998773944,39.006574067344],[-120.763069338998,39.0065862403688],[-120.763135767116,39.0066015273767],[-120.763212511102,39.0066065163567],[-120.763291636494,39.0066000795375],[-120.763321443199,39.0065962494974],[-120.763415917553,39.0065774810368],[-120.763472825967,39.0065634762484],[-120.763519058096,39.0065441131292],[-120.763583729985,39.0065208541326],[-120.763659174563,39.0064913660776],[-120.763716618814,39.0064647899432],[-120.763774825895,39.0064247387647],[-120.763833547313,39.0063773885197],[-120.763881043507,39.006325882412],[-120.763958034271,39.006219795739],[-120.763995496325,39.006172521856],[-120.764068928573,39.0060525023251],[-120.764112806784,39.0059440320817],[-120.764141770672,39.0058532528978],[-120.764155064641,39.0057851545804],[-120.76415621432,39.0057131378451],[-120.764154068449,39.0056646198023],[-120.764166615404,39.0056131271683],[-120.764195439571,39.0055889107795],[-120.764207803936,39.0054893328379],[-120.764220375296,39.0053273942542],[-120.764195177678,39.0051253744584],[-120.764170590526,39.0049771837459],[-120.764159660839,39.0048571476785],[-120.764141204622,39.0047388441347],[-120.764104736869,39.0046099968355],[-120.764088940534,39.0045410131401],[-120.764075242005,39.0044990728572],[-120.76403852093,39.0044433227524],[-120.7640077943,39.004399032369],[-120.763982652263,39.004361446692],[-120.763957196455,39.0043277296129],[-120.763911750795,39.0042859191969],[-120.763873704156,39.0042517114782],[-120.763825223613,39.0042083584864],[-120.763782554328,39.0041688017893],[-120.763721724326,39.0041353407587],[-120.763691861702,39.0041303280087],[-120.763660444132,39.0041216464945],[-120.763614955442,39.004108559211],[-120.763568919091,39.0040945873585],[-120.763537300985,39.004069152761],[-120.763512403453,39.0040417848883],[-120.763470343366,39.0040157451198],[-120.763445228029,39.0039968327618],[-120.763418751301,39.0039742536932],[-120.763389102987,39.0039398054552],[-120.763389755729,39.0039114593919],[-120.763390138422,39.0038945615009],[-120.763378557368,39.003864424176],[-120.76336311507,39.0038316920209],[-120.7633561987,39.0037822994731],[-120.763344863741,39.0037541968362],[-120.763334132507,39.0037197297661],[-120.763316542481,39.0036709103888],[-120.763297791205,39.0036422621656],[-120.763286357165,39.0036198427992],[-120.763266334825,39.0035995016132],[-120.763242577689,39.0035693173537],[-120.763208003358,39.0035277593976],[-120.76318964313,39.0034867855305],[-120.763173874967,39.0034566037153],[-120.763154647018,39.0034230075092],[-120.763148677897,39.0033899365591],[-120.763148200294,39.0033648600228],[-120.763147976269,39.0033272641775],[-120.763151822722,39.0032843018368],[-120.763171530124,39.0032399701506],[-120.763188409739,39.0032145012755],[-120.763221986219,39.0031760561187],[-120.763271919832,39.003129985862],[-120.76329946226,39.0030944698045],[-120.763331944958,39.0030561777649],[-120.763374408484,39.003016673591],[-120.763426637157,39.0029741975078],[-120.76347673061,39.0029371084555],[-120.763507749866,39.0029141100757],[-120.763541692721,39.0028889458849],[-120.763582620966,39.0028627986148],[-120.763639037343,39.002826380753],[-120.763692646141,39.0027874890729],[-120.763706815618,39.0027781656067],[-120.763763355149,39.0027488063492],[-120.763832294257,39.00272685572],[-120.763918680199,39.002709456451],[-120.763998509428,39.0026967107433],[-120.764041590846,39.002692389826],[-120.764108367286,39.0026915332301],[-120.764159128544,39.0026948454135],[-120.764195642304,39.0026978278977],[-120.764276479457,39.0027140772831],[-120.76432973425,39.0027217271527],[-120.764357572981,39.0027277343121],[-120.764410199565,39.0027451808878],[-120.764451476863,39.0027595687579],[-120.764504874566,39.0027832570108],[-120.764564236032,39.0028201620954],[-120.764596743398,39.0028430245645],[-120.764632623032,39.0028702890194],[-120.76467711449,39.0029062399545],[-120.764719037146,39.0029441957042],[-120.764756633491,39.0029941332615],[-120.764804581739,39.0030276219021],[-120.764864499717,39.003042701614],[-120.764963804197,39.0030918381234],[-120.765058824139,39.003140462285],[-120.765121432195,39.0031748751356],[-120.765209395749,39.0032204860745],[-120.765292951199,39.003254489332],[-120.765407042464,39.0033033428527],[-120.765487379298,39.0033544472133],[-120.765525782856,39.0033782781129],[-120.765574963054,39.0034037060933],[-120.765605931864,39.003426030215],[-120.765622682794,39.0034422721623],[-120.765667697546,39.0034744936226],[-120.765704075059,39.0035257635076],[-120.765715356071,39.0035610599906],[-120.765730341456,39.003588761707],[-120.765779298374,39.0036523024312],[-120.765815867535,39.0037107689649],[-120.765831785337,39.0037425309742],[-120.765868158673,39.003820341349],[-120.765887502116,39.0038817558179],[-120.765900964017,39.0039272357806],[-120.765920922411,39.0039573655002],[-120.765938231346,39.0039981767434],[-120.765952162206,39.0040430026156],[-120.765980703514,39.0041097869449],[-120.766022430518,39.0042065880147],[-120.76604127562,39.0042936178321],[-120.76604003491,39.0043345757742],[-120.766039129964,39.0044088194169],[-120.766036822052,39.0044686314242],[-120.766042269269,39.0045560410328],[-120.766040848897,39.0046073222229],[-120.766034093987,39.0046617872326],[-120.766021282787,39.0047184398356],[-120.76601247922,39.0047632170368],[-120.765994438483,39.0048291508016],[-120.76595347179,39.0049464674084],[-120.765942235545,39.0050177731425],[-120.765940391662,39.0050549625986],[-120.765904474672,39.0051227664693],[-120.765873325093,39.0052017698146],[-120.765839760605,39.0052719052766],[-120.765807072474,39.0053523477073],[-120.765766458357,39.0054493746645],[-120.765742318921,39.0055077744984],[-120.765711029258,39.0055806526211],[-120.765667252244,39.0056773988786],[-120.765593472752,39.0058013700242],[-120.765559537144,39.0058624669637],[-120.765508674918,39.0059861042854],[-120.765463780579,39.0060600738605],[-120.765411235177,39.0061530199086],[-120.765371994695,39.0062357818233],[-120.765339352544,39.0063377811088],[-120.76533207646,39.0063493746918],[-120.765301953067,39.0063956558343],[-120.765244153882,39.0064810493916],[-120.765188427817,39.0065666296633],[-120.765170875127,39.0065984075974],[-120.765144629483,39.0066685655344],[-120.765079069403,39.0067630485351],[-120.765033599789,39.0068214966589],[-120.764963786409,39.0069055544237],[-120.764932129867,39.0069428396279],[-120.764880998094,39.0069949666536],[-120.764823934907,39.0070481566341],[-120.764769003265,39.0070981837747],[-120.764712160941,39.0071568681455],[-120.764696650897,39.0071733996312],[-120.764613793574,39.0072616850617],[-120.764552330546,39.0073269932475],[-120.764505011617,39.0073642769602],[-120.764500668351,39.0073893297918],[-120.764452977368,39.0074277628784],[-120.764337721046,39.007526194325],[-120.764269237529,39.0075762696803],[-120.764215173487,39.0076168593545],[-120.764187283489,39.0076358956255],[-120.764556639683,39.0076088936091],[-120.764505969348,39.0076567140681],[-120.764395321125,39.0077370979791],[-120.764335260488,39.0078006634575],[-120.764280776684,39.0079087466357],[-120.764203778459,39.0080444633177],[-120.764173135512,39.0080972467995],[-120.764133857096,39.0081648771583],[-120.764097452869,39.0082483277941],[-120.764057439613,39.0083752650232],[-120.764025243283,39.0085383408343],[-120.764022937954,39.0086180891389],[-120.764023926405,39.0087128109104],[-120.76403757334,39.0088062116029],[-120.764075851939,39.0089362862992],[-120.764133553371,39.0090727456869],[-120.764168629872,39.0091523139636],[-120.764214180418,39.0092084871699],[-120.7643052932,39.0092676701186],[-120.76444696932,39.0093236272993],[-120.764578765773,39.0093527329847],[-120.76474003225,39.009371139411],[-120.764911022479,39.0093344531232],[-120.765117025437,39.0092901193446],[-120.765327408041,39.009218618278],[-120.76534847467,39.0092114547212],[-120.765582544283,39.0091358929899],[-120.765806607512,39.0090447370406],[-120.76601679565,39.0089560149499],[-120.766058919767,39.0089421955078],[-120.766171451586,39.0089052587581],[-120.766320219023,39.0088328560423],[-120.766471080981,39.0087654731318],[-120.766668412911,39.0086873233129],[-120.766866635058,39.0085964134589],[-120.767044771463,39.0085129246638],[-120.767236944332,39.0084075333912],[-120.767388212225,39.008322771112],[-120.767536757511,39.0082123866501],[-120.767684454219,39.0080981485546],[-120.767830216349,39.0079939403485],[-120.767967130662,39.007908723412],[-120.767973814475,39.0079048672637],[-120.768148340446,39.0078041483451],[-120.768229649385,39.0077713417253],[-120.768400244935,39.0077165222684],[-120.768565367103,39.0076667798057],[-120.768730434779,39.0076181349546],[-120.768950473345,39.0075707574245],[-120.769147106467,39.0075375763509],[-120.76927367476,39.0075230966211],[-120.769451461893,39.007504022804],[-120.769608144044,39.0074842314745],[-120.769707506706,39.0074839080848],[-120.769824589761,39.0075049163532],[-120.769941462227,39.0075258948185],[-120.770091237871,39.0075532344722],[-120.770228419895,39.0075923862703],[-120.770344169881,39.007614176291],[-120.77047688091,39.0076239802544],[-120.770612737757,39.0076259086528],[-120.770733978388,39.0075939062353],[-120.770784799445,39.007549325039],[-120.770852169647,39.0074840210455],[-120.770896623415,39.0073966166339],[-120.770915852969,39.007308575303],[-120.770902037764,39.0071817405747],[-120.770893997322,39.0071359614794],[-120.770856894929,39.0070429457168],[-120.770645225699,39.0068645801345],[-120.770564398114,39.0067743567968],[-120.770559495337,39.006768881597],[-120.770484713958,39.0066364740654],[-120.770464645344,39.0065760138965],[-120.770478761109,39.0065149809484],[-120.770495462112,39.0064834678534],[-120.770515990955,39.0064564986844],[-120.770530219863,39.0064396783091],[-120.770543315029,39.0064273494841],[-120.770577798506,39.0063993742714],[-120.770607319894,39.006371374131],[-120.770643804936,39.0063355388671],[-120.770673388955,39.0063120428913],[-120.770697310787,39.0062964232252],[-120.77077576886,39.0062675116102],[-120.77084737148,39.0062564318308],[-120.770929375149,39.0062442809687],[-120.771001756513,39.006241063012],[-120.77111010085,39.0062300824411],[-120.771268690886,39.0062056132966],[-120.771481050261,39.006175532511],[-120.771632671007,39.0061632779261],[-120.771827342717,39.0061160393814],[-120.771956882779,39.006092361381],[-120.772044302703,39.0060743079226],[-120.772134699804,39.0060550500645],[-120.772246006805,39.0060233532815],[-120.772333807908,39.0059995369243],[-120.772394312773,39.0059768881969],[-120.772467684573,39.0059428691119],[-120.772520524987,39.0059258513179],[-120.772577229864,39.0059031349866],[-120.772725298879,39.0058418657882],[-120.772866349216,39.0057590758171],[-120.77300076967,39.0056831358714],[-120.77314617612,39.0056048400566],[-120.773274695846,39.0055322427403],[-120.773375668039,39.0054733050792],[-120.773433623606,39.0054392877909],[-120.773536139359,39.0053724850911],[-120.773601954388,39.0053317128261],[-120.773679296957,39.0052796658049],[-120.773747024891,39.005242236319],[-120.773834139915,39.005186777148],[-120.77391378557,39.0051358526399],[-120.773961601929,39.0051264153226],[-120.773989373135,39.0051120025823],[-120.774027371978,39.005092287783],[-120.7740835985,39.0050605311948],[-120.774138717946,39.0050276645081],[-120.774215944449,39.0049822888105],[-120.774308967599,39.0049301043478],[-120.774388496386,39.0048869221447],[-120.774462461639,39.0048449170656],[-120.774575269452,39.0047791554219],[-120.774653734873,39.0047414814076],[-120.774808681891,39.0046485376474],[-120.774899249384,39.0046029723221],[-120.774975375837,39.0045641750711],[-120.775054070906,39.0045254047871],[-120.775186786273,39.0044602913085],[-120.775289332911,39.0044078217817],[-120.775438068138,39.0043127523383],[-120.775562836178,39.004240085625],[-120.77571542362,39.0041613678553],[-120.77583989873,39.0040985011597],[-120.775984919203,39.00401772635],[-120.776086154625,39.0039575534174],[-120.776196310983,39.00388415581],[-120.77629338017,39.0038165795137],[-120.776393843453,39.0037358577696],[-120.776458652689,39.0036756862515],[-120.776503384643,39.0036226082647],[-120.776558462071,39.0035553320333],[-120.776616650474,39.0034933608668],[-120.776737214102,39.0033674303494],[-120.776804825482,39.0032957546749],[-120.776901102572,39.0031944480985],[-120.777017701457,39.0030555143134],[-120.777038313827,39.0030316616588],[-120.777094190027,39.0029669885812],[-120.777160433421,39.0028960260419],[-120.777198278886,39.002855493573],[-120.777274776259,39.0027378597131],[-120.77732316254,39.0026646363342],[-120.777344250348,39.0026397313894],[-120.777388696404,39.0025929522458],[-120.77743486465,39.0025524246924],[-120.777490650564,39.0025011100011],[-120.777579686971,39.0024338602372],[-120.777647000668,39.0023956827371],[-120.777711320282,39.0023596980735],[-120.777748007211,39.002338361872],[-120.777932064619,39.0022567861021],[-120.778074595515,39.0021935023914],[-120.778255919712,39.0021357056691],[-120.778394589623,39.002094267064],[-120.778532627533,39.0020486476748],[-120.77864720883,39.0020061185767],[-120.778767550436,39.0019621943664],[-120.778836008985,39.0019289985386],[-120.778974760855,39.001858232325],[-120.779134683053,39.0017720079527],[-120.779235761128,39.0017185859507],[-120.779329300841,39.0016717028227],[-120.779406725978,39.0016327790268],[-120.779464899774,39.0016061753958],[-120.779502495236,39.0015923174186],[-120.779584468461,39.0015621049484],[-120.779701711562,39.0015284175295],[-120.77981717632,39.0014999013902],[-120.779921493809,39.0014729159821],[-120.780040568133,39.0014534582023],[-120.780130371993,39.0014354786377],[-120.780287878668,39.0013995212472],[-120.780385169011,39.0013800409184],[-120.780478249723,39.0013618207993],[-120.780699792565,39.0013143821468],[-120.780744143824,39.0013159174443],[-120.780788505472,39.0013168487035],[-120.780832912693,39.0013171762925],[-120.780877295113,39.0013168994747],[-120.780921687917,39.0013160186185],[-120.780966021204,39.0013145055317],[-120.781010294029,39.0013124151253],[-120.781054542049,39.0013097203123],[-120.781098730548,39.0013063932689],[-120.781142858582,39.0013024889061],[-120.781186856722,39.0012979515766],[-120.781190488676,39.0012975364894],[-120.781230758499,39.0012928777429],[-120.781274531323,39.0012871160317],[-120.781318137412,39.0012808170802],[-120.781361648315,39.0012739129863],[-120.781404958945,39.0012663751899],[-120.78144808548,39.0012582862419],[-120.781491081404,39.0012496055115],[-120.781533823566,39.0012403317104],[-120.781576364508,39.0012304791187],[-120.78161866975,39.0012200061853],[-120.781660737876,39.001208995277],[-120.781702569358,39.0011974189385],[-120.781744129007,39.0011852768021],[-120.781785382581,39.0011725135888],[-120.78182636385,39.0011592120337],[-120.781867037862,39.0011453580412],[-120.781907404146,39.0011309790672],[-120.781947428929,39.0011159923773],[-120.781987110796,39.0011004803387],[-120.782026484932,39.0010844433194],[-120.782065445779,39.001067880216],[-120.782104064179,39.0010507643093],[-120.782142234103,39.0010331219512],[-120.782151335931,39.0010287548075],[-120.782180060635,39.0010149817016],[-120.782217474348,39.0009962879138],[-120.782254439111,39.0009770951313],[-120.782290954452,39.0009574308103],[-120.7823270565,39.0009372404079],[-120.782362709597,39.000916551012],[-120.782397842428,39.0008954167985],[-120.782432562437,39.0008737290493],[-120.782466762178,39.0008515964833],[-120.782500475896,39.0008290743799],[-120.782542292747,39.0007998817039],[-120.782742164811,39.0006247137252],[-120.782846378757,39.000538011864],[-120.782952503156,39.0004527578204],[-120.783060537536,39.0003689790447],[-120.783170446242,39.0002867026197],[-120.783282159373,39.0002059003494],[-120.783395675517,39.0001266545951],[-120.783510923834,39.0000489920721],[-120.78362793951,38.9999729131428],[-120.783746581336,38.9998984437877],[-120.78386695487,38.9998255851041],[-120.783988848062,38.9997543897934],[-120.784112400715,38.9996849142314],[-120.784237402664,38.9996171012978],[-120.784363993712,38.9995510073684],[-120.784491996997,38.9994866855127],[-120.78462144818,38.9994241086379],[-120.784752276427,38.9993633034603],[-120.784884412314,38.9993042143302],[-120.785017856318,38.9992468137873],[-120.785152573731,38.9991910740049],[-120.785244768712,38.9991544698276],[-120.785288492308,38.9991371040666],[-120.785425574049,38.9990850683346],[-120.785563852268,38.999035076994],[-120.785703222359,38.9989870740289],[-120.785843649617,38.9989410316129],[-120.786057854448,38.9989063303942],[-120.786271300101,38.9988686826026],[-120.78648391477,38.9988281698755],[-120.786695522977,38.9987847629291],[-120.786906159883,38.9987384621352],[-120.787115718734,38.9986893350386],[-120.787324165497,38.9986373126398],[-120.787531428137,38.9985824903065],[-120.787737436027,38.9985248810401],[-120.787942120185,38.9984644017484],[-120.788145443059,38.9984011893496],[-120.788347334728,38.9983352156633],[-120.788547689853,38.9982664658709],[-120.788746507243,38.9981950086192],[-120.788943716276,38.9981208569119],[-120.789283868475,38.997984949671],[-120.789446726834,38.997902751063],[-120.78960775847,38.9978182814871],[-120.789766855947,38.9977316496762],[-120.789857999015,38.9976801336606],[-120.789923984073,38.9976428552725],[-120.790079142842,38.997551898284],[-120.790232190105,38.997458859623],[-120.790383196693,38.9973637125732],[-120.790532020459,38.9972665380475],[-120.7906786614,38.9971673360542],[-120.79082308386,38.9970661336917],[-120.790965216532,38.9969629851486],[-120.791104989047,38.996857889703],[-120.791242435651,38.9967509026394],[-120.791377415141,38.9966420499611],[-120.791509926581,38.9965313865876],[-120.791639934789,38.9964189121622],[-120.791767403649,38.9963046812393],[-120.791892191492,38.9961887472783],[-120.792014474241,38.9960711121127],[-120.792133970431,38.9959517728307],[-120.792250853179,38.9958308959988],[-120.792364983161,38.9957083977987],[-120.792476323797,38.9955843602403],[-120.792584944525,38.9954588389723],[-120.792690704621,38.995331832543],[-120.792846741284,38.9951350484828],[-120.792937560713,38.9950360613657],[-120.792986596454,38.9949854382967],[-120.793036745596,38.9949355544494],[-120.793088010244,38.9948862862721],[-120.793140353109,38.9948377569488],[-120.793193809608,38.994789953115],[-120.793248274192,38.9947428736754],[-120.793303851941,38.9946965471779],[-120.793360401657,38.9946509996182],[-120.793417994173,38.9946062042685],[-120.793476593371,38.9945622156739],[-120.793536163601,38.994519060924],[-120.793596670615,38.9944766847416],[-120.793658148662,38.9944351424009],[-120.793720526444,38.9943944880828],[-120.793783805828,38.9943546119633],[-120.793847948831,38.9943156784102],[-120.793913027221,38.9942776057842],[-120.7939788998,38.9942404200816],[-120.794045601285,38.9942041491213],[-120.794113096963,38.9941687650817],[-120.794181350251,38.9941343499641],[-120.794250433383,38.9941007946732],[-120.794320202363,38.9940682899399],[-120.794390695176,38.9940366713934],[-120.794461909957,38.9940060488549],[-120.794533777276,38.9939763666834],[-120.794606295736,38.9939477072447],[-120.794679466272,38.9939200156262],[-120.794753218054,38.993893318554],[-120.794827585335,38.9938676713024],[-120.794902463502,38.9938430178667],[-120.79497795764,38.9938193867938],[-120.795053891371,38.9937968037179],[-120.795130370714,38.9937752422745],[-120.795207324838,38.9937547291902],[-120.795284683383,38.9937352637362],[-120.795362481068,38.993716873731],[-120.79544068318,38.9936995313545],[-120.795519289255,38.9936832640613],[-120.795598193283,38.9936680982146],[-120.795677467032,38.9936539521746],[-120.795757003093,38.9936409346717],[-120.795836837583,38.9936289911578],[-120.795916934859,38.9936181487241],[-120.795997242382,38.9936083930966],[-120.796077777516,38.9935997381846],[-120.79615845254,38.9935921693505],[-120.796166873939,38.99359150125],[-120.796239319766,38.9935857145952],[-120.796320344016,38.9935803735547],[-120.796563868485,38.9935709040774],[-120.796726416711,38.9935701673299],[-120.796813423031,38.993558599322],[-120.796867225397,38.9935524274186],[-120.79692112119,38.9935469704269],[-120.796975215028,38.9935422843486],[-120.797029366647,38.9935383402738],[-120.797083541335,38.9935351103834],[-120.797137808524,38.9935326503154],[-120.797192168917,38.9935309188863],[-120.797246517199,38.9935299012781],[-120.797300888323,38.9935296115818],[-120.797355281126,38.9935301184366],[-120.797409661359,38.9935313665677],[-120.797463889225,38.9935332996107],[-120.797518209605,38.9935360024758],[-120.797572411873,38.9935394455275],[-120.797626495797,38.9935436424938],[-120.797680532909,38.9935485254623],[-120.797734415567,38.9935542168935],[-120.79778818105,38.9935605936008],[-120.797841758065,38.9935677097691],[-120.797895216978,38.9935755661249],[-120.797948487425,38.9935841619422],[-120.798001534691,38.9935934694023],[-120.798054358778,38.9936034885056],[-120.798106959687,38.9936142192524],[-120.798159336955,38.9936256890985],[-120.798211455632,38.9936378839534],[-120.79826324652,38.9936507344523],[-120.798309920105,38.9936623925114],[-120.798337522404,38.9936698445261],[-120.79836494275,38.9936776516421],[-120.798392181141,38.9936858138596],[-120.798419271133,38.9936944276363],[-120.798446109738,38.9937033408774],[-120.798472766157,38.9937126229481],[-120.798499204976,38.9937222872134],[-120.798525426661,38.9937323062179],[-120.798551466394,38.9937426803245],[-120.798577183911,38.9937533806258],[-120.798602719011,38.9937644634854],[-120.798627966613,38.9937759003587],[-120.798652998013,38.9937876370605],[-120.798677776631,38.9937997555951],[-120.7987022335,38.9938121728696],[-120.798726437589,38.9938249719772],[-120.798750320394,38.9938380423695],[-120.798773915701,38.9938514667765],[-120.798797224442,38.9938651902873],[-120.798820245686,38.9938792678132],[-120.798842910929,38.9938935888061],[-120.798865253028,38.9939082909071],[-120.798887274308,38.9939232368385],[-120.798908972444,38.9939385638783],[-120.798930315044,38.9939541069304],[-120.798951300248,38.9939699758172],[-120.798971929451,38.9939860881721],[-120.79899223644,38.9940025267251],[-120.799012117063,38.9940192080208],[-120.79903164122,38.9940361602408],[-120.799050773263,38.9940534104781],[-120.799069549769,38.9940708767288],[-120.799087899909,38.9940885857231],[-120.799105893118,38.994106593098],[-120.79912345996,38.9941248432168],[-120.799140601364,38.9941432811685],[-120.799157352049,38.9941619347717],[-120.799173675437,38.9941808860305],[-120.799189538205,38.99420002476],[-120.799205045435,38.9942193795043],[-120.799220056862,38.9942389213566],[-120.799234712751,38.9942586792242],[-120.79924880247,38.9942786234745],[-120.799262501469,38.9942987833776],[-120.799275775028,38.994319131115],[-120.799288553713,38.9943396110501],[-120.799300907423,38.9943602513642],[-120.79931279958,38.9943811340617],[-120.799324197326,38.9944021215016],[-120.799335134914,38.9944232689583],[-120.799345611878,38.9944446038874],[-120.799355594894,38.9944660161038],[-120.799365152934,38.9944875887],[-120.799374181145,38.9945092794044],[-120.799382714943,38.9945310748522],[-120.799390789278,38.9945529891339],[-120.799398368269,38.9945750630703],[-120.799405418592,38.9945971864763],[-120.7994120444,38.9946194428071],[-120.799418142005,38.994641721152],[-120.799423744264,38.994664159152],[-120.799428783599,38.994686591348],[-120.799433434067,38.9947091293761],[-120.799437520681,38.9947317165116],[-120.799441113342,38.9947543809354],[-120.799444212747,38.9947770814644],[-120.799446749227,38.9947997761896],[-120.799448826702,38.9948225622938],[-120.799450376434,38.9948453429571],[-120.799451433605,38.9948681185422],[-120.799451962567,38.9948909161418],[-120.799452033685,38.9949137364816],[-120.799451577058,38.9949365513804],[-120.799451063329,38.9949481893008],[-120.799450557502,38.9949593604755],[-120.79944908103,38.9949821373995],[-120.799447077276,38.9950048814269],[-120.799444581422,38.9950275929204],[-120.799441558285,38.9950502715171],[-120.799424631824,38.9953683083085],[-120.799414880766,38.9956865289037],[-120.799412095501,38.9960048487614],[-120.799416420111,38.9963230771436],[-120.799427679238,38.9966411847801],[-120.799445945666,38.9969590351164],[-120.799447845354,38.9969829727173],[-120.799471115333,38.9972765446943],[-120.799525825926,38.997780197076],[-120.799527469082,38.9977953858886],[-120.7995226507,38.9978222474148],[-120.799518394801,38.9978491421995],[-120.799514771754,38.9978760709684],[-120.799511780632,38.9979030886326],[-120.79950935246,38.9979301121],[-120.799507556213,38.9979572244628],[-120.799506323382,38.9979843151732],[-120.799505724337,38.9980113849567],[-120.799505722964,38.9980384883617],[-120.799506390099,38.998065598658],[-120.799507585467,38.9980926869393],[-120.79950941509,38.998119726838],[-120.799511842852,38.9981467729026],[-120.79951486922,38.9981737976774],[-120.799518495124,38.9982007462512],[-120.799522720099,38.9982276460795],[-120.799527579796,38.9982544700694],[-120.799533038567,38.9982812453136],[-120.799539061691,38.9983079439939],[-120.799545719539,38.9983345668354],[-120.799552942671,38.9983610582016],[-120.799560730625,38.9983874455478],[-120.799569152839,38.9984137845106],[-120.799578176454,38.9984399374491],[-120.799587764426,38.9984660138229],[-120.799597918616,38.9984919038095],[-120.799608672814,38.9985176901381],[-120.799619992766,38.9985433175348],[-120.799631878472,38.9985687859994],[-120.799644365118,38.9985940958943],[-120.799657347613,38.9986192186758],[-120.799670931515,38.9986441554317],[-120.799685081637,38.9986689057992],[-120.799699762795,38.9986934694153],[-120.799715010176,38.9987178466425],[-120.799730789988,38.9987419547512],[-120.799747100373,38.9987659035635],[-120.799763978375,38.9987895836195],[-120.799781317047,38.9988130761978],[-120.799799258521,38.9988363003819],[-120.799817626409,38.998859281814],[-120.799836561915,38.9988819944888],[-120.799855994206,38.9989044651364],[-120.799875958932,38.9989266666635],[-120.799896385722,38.9989485983447],[-120.799917310226,38.9989702330867],[-120.79993869726,38.9989915705267],[-120.799960581544,38.9990126384827],[-120.799982857987,38.9990334084108],[-120.800005667796,38.9990538543058],[-120.800028940599,38.9990739754421],[-120.800052640747,38.9990937989124],[-120.800076768705,38.9991132972611],[-120.800101359658,38.9991324708502],[-120.800126344165,38.9991512640432],[-120.800151791202,38.9991697599318],[-120.800177561422,38.9991878746988],[-120.800203829823,38.9992056650676],[-120.800230457056,38.9992230472213],[-120.800257440799,38.9992401584375],[-120.800284819025,38.9992568343449],[-120.800312555619,38.9992731294919],[-120.800340685765,38.9992890442407],[-120.800369139094,38.9993045778662],[-120.80039795079,38.9993197307306],[-120.800436718294,38.9993392424998],[-120.800516673337,38.9993641900122],[-120.800588927157,38.9993867240188],[-120.80074208633,38.9994321281326],[-120.800896301359,38.9994754559246],[-120.800985813987,38.9994991971527],[-120.801051433347,38.9995165961191],[-120.801207444312,38.999555713084],[-120.801364406932,38.9995926702621],[-120.801522074433,38.9996274925704],[-120.801680517637,38.9996601532746],[-120.801839700881,38.9996906794651],[-120.801999519986,38.9997189876863],[-120.802159903177,38.9997451595786],[-120.802320887016,38.9997691131348],[-120.802482365005,38.999790902178],[-120.80264426815,38.999810443616],[-120.802806664951,38.9998278479928],[-120.802969381786,38.9998429762201],[-120.803132382526,38.999855882846],[-120.803295665765,38.9998666502364],[-120.803459198621,38.9998751407504],[-120.803622839408,38.9998814078523],[-120.803786622835,38.9998854793587],[-120.803950444255,38.9998872992737],[-120.80411430319,38.9998868950528],[-120.80429886602,38.999883737456],[-120.804532279818,38.9999032415721],[-120.804766169192,38.9999195921568],[-120.805000323923,38.9999327321298],[-120.805234743517,38.9999426889449],[-120.805469357802,38.9999494481511],[-120.805704060959,38.9999530223924],[-120.80593885365,38.9999533704849],[-120.806173558759,38.9999505592637],[-120.806408141994,38.9999445334573],[-120.806642603322,38.9999352930666],[-120.806876836232,38.999922891922],[-120.807110630503,38.9999072729512],[-120.807344126384,38.9998884650538],[-120.807577147453,38.9998664938859],[-120.80780962331,38.9998413587298],[-120.80804151966,38.9998130043174],[-120.808272694348,38.9997815115788],[-120.808503146652,38.9997469217017],[-120.808732667505,38.9997091089804],[-120.808936812731,38.9996714344572],[-120.80914095751,38.9996337733038],[-120.809162956549,38.9996314169852],[-120.809184955356,38.9996290743903],[-120.809228822829,38.999623756269],[-120.80927259442,38.9996178604835],[-120.809316200681,38.9996113314029],[-120.809359674952,38.9996042792098],[-120.809402949165,38.9995965659066],[-120.809446091847,38.9995883020356],[-120.809488998363,38.9995794316065],[-120.809531738159,38.9995700102503],[-120.809574242248,38.9995599548809],[-120.809616508784,38.999549375321],[-120.809658574336,38.9995381895637],[-120.809700332884,38.9995264239859],[-120.809741819152,38.9995141064033],[-120.809783033141,38.9995012368161],[-120.809824010494,38.9994877881285],[-120.809864609549,38.9994738138138],[-120.809904901596,38.9994592596802],[-120.809944885714,38.9994441806393],[-120.809984492453,38.999428521061],[-120.810023755614,38.9994123636722],[-120.810062676119,38.999395653562],[-120.810101218322,38.9993784178268],[-120.81013931185,38.999360655748],[-120.810177061799,38.9993423958601],[-120.810214363074,38.9993236096295],[-120.810251250397,38.9993043248716],[-120.810287724229,38.9992845141311],[-120.810323712818,38.9992642590567],[-120.810359270323,38.9992434778207],[-120.810394343505,38.9992221973403],[-120.81042891339,38.9992004998031],[-120.810462999411,38.9991782755665],[-120.810496634913,38.9991556348131],[-120.810529680074,38.9991325211943],[-120.81056223953,38.9991089907001],[-120.810594314662,38.9990849609641],[-120.810625763347,38.9990605129159],[-120.810656725866,38.9990356754494],[-120.810666023063,38.9990279304682],[-120.810687062399,38.9990103922161],[-120.810716912765,38.998984719565],[-120.810746136686,38.9989586286039],[-120.810774768885,38.9989321471479],[-120.810802844088,38.9989053030126],[-120.810830258121,38.9988780127535],[-120.810857114236,38.9988504147272],[-120.810883308262,38.9988224254891],[-120.810908874921,38.9987940728549],[-120.810933813295,38.998765411736],[-120.810958159029,38.9987364150367],[-120.810981736658,38.9987070535052],[-120.811004755913,38.9986774116646],[-120.811027076974,38.9986474331668],[-120.811048698921,38.9986171729236],[-120.8110696574,38.998586603839],[-120.811089951492,38.9985557808245],[-120.811109511747,38.9985246482509],[-120.811128407155,38.9984932892038],[-120.811146603453,38.9984616484131],[-120.81116409972,38.9984297807905],[-120.811193498434,38.9983722493951],[-120.811368642128,38.998051103396],[-120.811536574886,38.9977275768737],[-120.811697258845,38.9974018342341],[-120.811850658446,38.9970739026036],[-120.811996665463,38.9967439456678],[-120.812135315171,38.9964119638132],[-120.812266533615,38.9960781759934],[-120.812390319971,38.9957426371446],[-120.812506532223,38.9954054282222],[-120.812705606181,38.9947639244828],[-120.812732018641,38.9946996344597],[-120.812747264527,38.9946654644441],[-120.812763280747,38.9946315219632],[-120.812780032115,38.9945978066581],[-120.812797553814,38.9945643188871],[-120.812815810661,38.9945310582912],[-120.812834801735,38.9944980797813],[-120.812854527494,38.9944653559016],[-120.812875022662,38.9944329144659],[-120.812896217331,38.9944007273009],[-120.812918110123,38.9943688767732],[-120.812940702414,38.9943372805154],[-120.812964027549,38.9943060487083],[-120.812988051724,38.9942750986261],[-120.813012738376,38.9942445122765],[-120.813038123606,38.9942142351065],[-120.813064170852,38.994184349124],[-120.813090916677,38.9941547723202],[-120.813118288874,38.9941256138001],[-120.813146288364,38.9940968186519],[-120.813174950329,38.9940683872337],[-120.813204273848,38.9940403744565],[-120.813234189017,38.9940127521469],[-120.813264695375,38.9939855477601],[-120.813295828106,38.9939587616543],[-120.813327551566,38.993932420926],[-120.813359865756,38.9939065255749],[-120.813392772053,38.9938809932334],[-120.813426196878,38.9938560153737],[-120.813460213351,38.9938314279783],[-120.81349474927,38.9938073401524],[-120.813529875459,38.9937837251569],[-120.813565486371,38.9937605819159],[-120.813601581548,38.9937379378846],[-120.813638196171,38.9937157934209],[-120.813675330241,38.9936941485245],[-120.813712913853,38.9936729750222],[-120.81375094517,38.9936523827364],[-120.813789461211,38.9936322622024],[-120.813828425418,38.9936126954282],[-120.81386783825,38.9935936549578],[-120.813907628883,38.9935751675298],[-120.813947832501,38.993557233502],[-120.813988449563,38.9935398254184],[-120.814029444428,38.9935229703758],[-120.814070781915,38.9935066680157],[-120.814112496058,38.9934909873351],[-120.814154588925,38.9934758047831],[-120.814196988086,38.9934612431932],[-120.814239729413,38.9934472617399],[-120.814282743,38.9934338322507],[-120.814326063113,38.9934210099948],[-120.814369654571,38.9934087946138],[-120.814413517833,38.9933971586515],[-120.814457617259,38.9933861292052],[-120.814501988032,38.9933757066328],[-120.814546560249,38.9933658627621],[-120.814591367714,38.9933566803179],[-120.814636411807,38.9933480769329],[-120.814681586522,38.9933400789882],[-120.814726926584,38.9933327142974],[-120.814772431994,38.9933259828604],[-120.814818103671,38.9933198297656],[-120.814863905057,38.9933143370217],[-120.814909801889,38.9933094493592],[-120.814955793709,38.9933051942337],[-120.814994059037,38.9933021510992],[-120.815001880978,38.9933015441893],[-120.815048062777,38.9932985541374],[-120.816256578373,38.9931251312846],[-120.817881209005,38.9928955081839],[-120.818752003441,38.9928429710855],[-120.820335724298,38.9927343010514],[-120.82148518331,38.9926554308504],[-120.822716122997,38.9924522089391],[-120.823670245516,38.992246150525],[-120.824826011226,38.9918263088129],[-120.825871303485,38.9911348301773],[-120.826746549002,38.9904924855707],[-120.826878541425,38.9903357400679],[-120.827392400129,38.9897255025825],[-120.827511038367,38.9895846038011],[-120.827919054823,38.9887396657279],[-120.828168490757,38.9877961404744],[-120.82822345986,38.9870608665902],[-120.828228349257,38.9866627134742],[-120.828229494619,38.9865699639852],[-120.828230966084,38.9864532174424],[-120.82826135759,38.9861811167448],[-120.828212286997,38.9858034551604],[-120.828269489106,38.9855526314173],[-120.828353859955,38.9852811562592],[-120.828276417244,38.985028922591],[-120.828224249455,38.9849026566777],[-120.828201339432,38.9846090947191],[-120.828232426327,38.9843161585614],[-120.828292254654,38.9838977707046],[-120.828269971726,38.9835832902431],[-120.828273426884,38.9833528503121],[-120.828236188385,38.9831982719544],[-120.828222820159,38.9831428185395],[-120.828214427498,38.9829927731016],[-120.828201751969,38.9827654935077],[-120.828257924331,38.9826194480254],[-120.828267473009,38.9820329360687],[-120.828195583169,38.9815289466159],[-120.828342762165,38.9808786837334],[-120.828477205689,38.9802431485374],[-120.828468435005,38.9801266283548],[-120.828465120638,38.980054648859],[-120.82846335537,38.9799826025692],[-120.828463244046,38.9799105317312],[-120.828464716081,38.979838449365],[-120.828467770338,38.9797664241099],[-120.828472443121,38.9796943876803],[-120.828478696981,38.9796224770011],[-120.828486533728,38.9795505822488],[-120.828495950636,38.9794788681579],[-120.828506949062,38.9794072523605],[-120.82851949201,38.9793358443257],[-120.828533650735,38.979264589849],[-120.82854935352,38.9791935705895],[-120.828566600814,38.9791227590908],[-120.828585427334,38.9790521831617],[-120.828605796541,38.9789819248153],[-120.828627674162,38.978911928785],[-120.828651094008,38.9788422777914],[-120.828676056527,38.9787729443777],[-120.828702525181,38.9787040105565],[-120.828730500418,38.978635448871],[-120.828759946607,38.9785672864219],[-120.828790933186,38.9784995788277],[-120.828823389803,38.9784323253793],[-120.828857281732,38.9783654982658],[-120.828892677959,38.9782991805611],[-120.82892947205,38.978233426114],[-120.828937653436,38.9782194624324],[-120.828967700537,38.9781681529096],[-120.829007397231,38.9781034436677],[-120.829048491326,38.9780393251351],[-120.829091018447,38.9779757702081],[-120.829134906431,38.9779128880011],[-120.829180121458,38.9778505957913],[-120.829226768144,38.97778894955],[-120.829274740057,38.9777280031259],[-120.829324002019,38.9776677561638],[-120.829374625286,38.9776081544577],[-120.829426536786,38.9775493620335],[-120.829479737877,38.977491296522],[-120.829534193837,38.977433930112],[-120.829589902399,38.9773774000807],[-120.82964689919,38.9773216793243],[-120.829705079137,38.9772667393243],[-120.829764476056,38.9772126627999],[-120.829825055678,38.9771593944841],[-120.829886781922,38.9771069889332],[-120.829949689055,38.9770555014105],[-120.830013707636,38.9770048762956],[-120.830078871479,38.9769551963074],[-120.830145075516,38.9769064329279],[-120.83021235492,38.9768585865089],[-120.830280708787,38.97681171196],[-120.830350101943,38.9767658089261],[-120.830420499215,38.9767208770519],[-120.830521860582,38.9766670569656],[-120.830622013785,38.976611824178],[-120.830720958822,38.9765551786922],[-120.830818624889,38.9764971472607],[-120.830914975905,38.9764377844449],[-120.831010012771,38.9763770353366],[-120.831103698503,38.9763150094089],[-120.831195998377,38.9762516788563],[-120.831286877219,38.9761870433287],[-120.831376334573,38.9761211302854],[-120.831464317227,38.9760539666558],[-120.831550771515,38.9759856068253],[-120.831635715024,38.9759160509739],[-120.831719130167,38.9758452989282],[-120.831800946145,38.9757733774416],[-120.831881162055,38.9757003414289],[-120.831959743175,38.9756261630846],[-120.831988293838,38.9755982340129],[-120.832036617353,38.9755509515298],[-120.832111891466,38.9754746254586],[-120.832185458188,38.9753972936391],[-120.832257283252,38.97531890081],[-120.832327330131,38.9752395289891],[-120.832395668723,38.975159206341],[-120.832462158338,38.9750779314577],[-120.832526903595,38.9749957603121],[-120.832541234665,38.9749767916163],[-120.83258969391,38.9749126633351],[-120.832650738972,38.9748287250135],[-120.832666393367,38.9748062958359],[-120.832709898091,38.9747439439391],[-120.832767135649,38.9746583472181],[-120.832822486822,38.974571935206],[-120.832875879462,38.9744848170234],[-120.832933036242,38.9743869995496],[-120.832937821781,38.9742693249391],[-120.832942304519,38.9742064032605],[-120.832948227982,38.9741435784055],[-120.83295552137,38.9740808771246],[-120.832964184678,38.9740182994176],[-120.832974217451,38.9739558727399],[-120.832985619686,38.9738935970913],[-120.832998390475,38.973831527383],[-120.833012529816,38.9737696636145],[-120.833014243096,38.9737628156975],[-120.833028002532,38.9737080054329],[-120.833044878062,38.9736466084543],[-120.833063086057,38.9735854719731],[-120.833082660782,38.9735246512528],[-120.833103497622,38.9734640903235],[-120.833125771531,38.9734038458589],[-120.833149305289,38.973343998463],[-120.83317413542,38.97328446612],[-120.833200330913,38.9732253319017],[-120.833227822321,38.9731665401905],[-120.833256572664,38.9731082004564],[-120.833286653187,38.9730502584916],[-120.833317992188,38.9729927959578],[-120.833350660912,38.9729357586472],[-120.833384516409,38.972879282428],[-120.833419666904,38.9728232036216],[-120.833456004168,38.9727676859044],[-120.833493598544,38.9727127299803],[-120.833532451384,38.9726582534806],[-120.833572490085,38.9726043929782],[-120.833613680826,38.9725510657522],[-120.833656092146,38.9724983823294],[-120.833699655052,38.9724462596364],[-120.833744402909,38.9723948078474],[-120.833790266275,38.9723439713448],[-120.833837315041,38.9722937782878],[-120.833885442787,38.9722442825297],[-120.833934685137,38.9721954569656],[-120.833985006465,38.9721473286977],[-120.834000848001,38.9721327136921],[-120.834036371148,38.9720999248282],[-120.834088885152,38.9720532189566],[-120.834142442058,38.9720072649363],[-120.834196900729,38.971962088813],[-120.834252437473,38.9719176648904],[-120.834309051839,38.971874020623],[-120.834366497626,38.971831153544],[-120.834444090753,38.971805980418],[-120.834504850504,38.9717872841167],[-120.83451851565,38.9717830821921],[-120.834593381944,38.9717611494508],[-120.834668793799,38.9717402656172],[-120.834744716499,38.9717204028821],[-120.834821079251,38.9717015879965],[-120.834897847788,38.9716837656957],[-120.834975056384,38.9716669912427],[-120.8350526356,38.9716512090209],[-120.835130549365,38.9716364735894],[-120.835208797232,38.9716228124033],[-120.835287380107,38.9716101705502],[-120.835366261467,38.9715986300452],[-120.835445407498,38.9715881081683],[-120.835524817301,38.9715786598307],[-120.835604385365,38.9715702839763],[-120.835684182037,38.9715629813084],[-120.835764136526,38.971556778579],[-120.835799914149,38.9715545001955],[-120.835844248836,38.9715516757876],[-120.835924519421,38.9715476454781],[-120.836004808049,38.9715446587876],[-120.836085218436,38.9715428265945],[-120.836165682046,38.9715420383718],[-120.836246163258,38.9715423212236],[-120.836326625555,38.9715437571659],[-120.836407105463,38.9715462641827],[-120.836487498371,38.9715497863077],[-120.836567837653,38.9715544337159],[-120.83664805342,38.9715601782487],[-120.836728181748,38.9715669653461],[-120.836808186569,38.9715748495685],[-120.83688796282,38.971583802406],[-120.836967580399,38.9715938520177],[-120.837046970317,38.9716049153337],[-120.837126166848,38.9716170476175],[-120.83720502931,38.9716302474641],[-120.837283592876,38.9716445152257],[-120.837353513016,38.9716581611312],[-120.837361928794,38.9716597966935],[-120.837439842723,38.971676144848],[-120.837517458218,38.9716935334632],[-120.837594617457,38.9717119335036],[-120.837671407924,38.9717313733039],[-120.837747724557,38.9717518243555],[-120.83782360253,38.9717732870103],[-120.837899006224,38.9717957883741],[-120.837973866649,38.971819245378],[-120.838048217628,38.9718437407416],[-120.838121989721,38.9718692188522],[-120.838195147758,38.9718956793597],[-120.838267761636,38.9719231504232],[-120.838339656398,38.9719515753771],[-120.838344917437,38.9719546759759],[-120.838350214098,38.9719577494696],[-120.838355618073,38.9719607141925],[-120.83836105812,38.9719636243543],[-120.83836656941,38.9719664803061],[-120.838372118121,38.9719691993293],[-120.838377738075,38.9719718641423],[-120.838383429272,38.9719744747454],[-120.838389227334,38.9719770040335],[-120.838395026295,38.9719794784095],[-120.838400897399,38.9719818436637],[-120.838406769852,38.97198412655],[-120.83841274917,38.9719863281212],[-120.838418765008,38.9719884476755],[-120.838424799782,38.9719904850374],[-120.838430905799,38.9719924681891],[-120.838437065923,38.9719943694994],[-120.838443263242,38.9719961476088],[-120.83844946191,38.9719978433503],[-120.838455767218,38.9719994715047],[-120.838462003531,38.9720010165892],[-120.83846838233,38.9720024532537],[-120.838474727306,38.9720038071993],[-120.838481143975,38.9720050794788],[-120.838487526371,38.9720062964953],[-120.838494016082,38.9720074047408],[-120.838500472418,38.9720084028114],[-120.838506999773,38.9720093603999],[-120.838513494205,38.9720101803577],[-120.838520024932,38.9720109320263],[-120.838526557457,38.9720115738712],[-120.838533161225,38.9720121615057],[-120.83853973162,38.9720126389656],[-120.838546303813,38.9720130066015],[-120.838552876905,38.9720133193254],[-120.838559521689,38.9720135503831],[-120.83856613265,38.972013698722],[-120.838572711136,38.9720136819743],[-120.838579324795,38.9720136655772],[-120.838585940476,38.9720135256283],[-120.838592522783,38.9720132755046],[-120.838599141386,38.9720129570919],[-120.838605691443,38.9720125281534],[-120.838612278021,38.9720120171979],[-120.838618865947,38.9720114238744],[-120.838625420049,38.9720107478321],[-120.838631922742,38.9720099888954],[-120.838632927387,38.9720098616165],[-120.838638461506,38.9720091753976],[-120.838644950209,38.9720081966378],[-120.838651474982,38.9720071633168],[-120.838657896038,38.9720060191193],[-120.838664317992,38.9720048200098],[-120.838674237692,38.9720026946814],[-120.838713819064,38.9720022931913],[-120.838743120366,38.9720023932672],[-120.83877248482,38.9720029333314],[-120.838801773088,38.9720038296127],[-120.838831019444,38.9720051373739],[-120.83886025906,38.9720068569658],[-120.838889422042,38.9720089602308],[-120.838918613906,38.9720114482215],[-120.838947658344,38.9720143466397],[-120.838976661321,38.9720176290821],[-120.839005587217,38.9720213226537],[-120.839034436482,38.9720253998987],[-120.839063138771,38.9720298601158],[-120.839091799602,38.9720347043571],[-120.839120313458,38.9720399315707],[-120.839148714615,38.9720455970189],[-120.839177004869,38.9720515908785],[-120.839248401183,38.9721062074685],[-120.839284163277,38.9721349855127],[-120.83931931939,38.9721642517899],[-120.839353764008,38.9721940052486],[-120.839387567922,38.9722242191348],[-120.839420660789,38.9722548927478],[-120.83945307778,38.9722860264389],[-120.839484784173,38.9723175924021],[-120.839515780416,38.9723495631821],[-120.839546066059,38.9723819662354],[-120.839575571208,38.9724147734054],[-120.839604366205,38.9724479853938],[-120.839632381156,38.9724815740443],[-120.839659685954,38.9725155675143],[-120.839686211603,38.9725498827356],[-120.839711957202,38.9725845746205],[-120.839736888029,38.9726196153631],[-120.839761039255,38.9726550053143],[-120.839784411777,38.9726906895631],[-120.839806969972,38.9727266952151],[-120.839828713841,38.9727630222708],[-120.839849609107,38.9727996154685],[-120.83986979601,38.9728365036664],[-120.839888993619,38.9728736566052],[-120.839907447916,38.9729110904665],[-120.839925019331,38.9729487352092],[-120.839941777536,38.9729866327185],[-120.839957652408,38.9730247685658],[-120.83997271519,38.9730630885406],[-120.839986859914,38.9731016190477],[-120.840000157372,38.9731403333326],[-120.840012607562,38.9731792313955],[-120.840024140589,38.9732182850798],[-120.840034827244,38.9732574676309],[-120.84004456111,38.9732968329094],[-120.840053519396,38.9733363003003],[-120.840061490616,38.9733758951567],[-120.840068580735,38.9734155910745],[-120.840074825373,38.9734553609484],[-120.840080153734,38.9734952315334],[-120.840084566715,38.9735351479179],[-120.840088099488,38.9735751104526],[-120.840090680807,38.9736151733482],[-120.840092417535,38.9736552552887],[-120.840093240224,38.9736953006615],[-120.840093182249,38.9737354196404],[-120.840092210232,38.9737755020515],[-120.840090359343,38.9738155482453],[-120.840087593511,38.973855612783],[-120.840083949254,38.9738956136475],[-120.840079427019,38.9739355233827],[-120.840069838362,38.973960416752],[-120.840060775495,38.9739854252009],[-120.840052238419,38.9740105487293],[-120.840044333101,38.9740357609329],[-120.840036953575,38.9740610882163],[-120.840030170188,38.9740865312806],[-120.84002391349,38.9741120345132],[-120.840018288555,38.9741376264214],[-120.840013225035,38.9741633063044],[-120.840008688656,38.9741890189001],[-120.840004749317,38.9742147923653],[-120.840001441741,38.9742406545065],[-120.839998661758,38.9742665219046],[-120.839996479264,38.9742924227165],[-120.839994841502,38.9743183564167],[-120.839993872026,38.9743442967757],[-120.839993447731,38.9743702425671],[-120.839993568618,38.9743961937907],[-120.839994287896,38.9744221235166],[-120.839995587531,38.9744480590253],[-120.839997486007,38.9744739455802],[-120.839999982426,38.9744998380931],[-120.840003007792,38.9745256534955],[-120.840006631776,38.9745514336719],[-120.840010889329,38.9745771927008],[-120.840015676502,38.9746028334351],[-120.840021027347,38.9746284248649],[-120.840026977487,38.9746539398848],[-120.840033491749,38.9746793781442],[-120.840040605756,38.9747047125375],[-120.840048248714,38.9747299698197],[-120.840056491866,38.9747550957797],[-120.840065264868,38.9747800897166],[-120.840074602444,38.9748049794366],[-120.840084505043,38.9748297374837],[-120.840094902769,38.9748543357009],[-120.840105935417,38.9748788304017],[-120.840117534438,38.9749031110615],[-120.840129627239,38.9749273142586],[-120.840142287311,38.9749512485027],[-120.840155477236,38.9749750507225],[-120.840169145153,38.9749986654803],[-120.840183343822,38.9750220933018],[-120.840198161176,38.9750453350628],[-120.840213439386,38.9750683617302],[-120.840229249246,38.9750911465489],[-120.84024558986,38.9751137444304],[-120.840262390881,38.9751361546737],[-120.840279724452,38.9751582681559],[-120.840297519328,38.9751801390876],[-120.840315845408,38.9752017956255],[-120.840350253804,38.9752403357037],[-120.840372196459,38.975255959524],[-120.840394460622,38.9752712844789],[-120.840417081916,38.9752862834626],[-120.840440024718,38.9753009835806],[-120.840463394997,38.9753153584276],[-120.84048694609,38.9753294330072],[-120.840510889936,38.9753431545092],[-120.840535084942,38.975356576444],[-120.840559637526,38.9753696449507],[-120.84058444172,38.9753823864339],[-120.840609532696,38.9753948012438],[-120.840631175604,38.9754050947244],[-120.840634910903,38.9754068619243],[-120.840660576341,38.9754185684752],[-120.840686493387,38.975429948002],[-120.840712627764,38.9754409452426],[-120.840739048923,38.9754516158089],[-120.840765687413,38.9754619040886],[-120.840792543234,38.9754718100815],[-120.840844386034,38.9754897361382],[-120.841473606953,38.9756898282724],[-120.842108945871,38.9758817122574],[-120.842746380239,38.9760639612632],[-120.843590689532,38.9762884363069],[-120.843611664317,38.9762944387792],[-120.843625981557,38.976298809881],[-120.843640155416,38.9763033443187],[-120.843654255349,38.9763080977028],[-120.843668246628,38.9763130422283],[-120.84368209408,38.9763181775457],[-120.84369583288,38.9763235040045],[-120.843709463474,38.9763289941488],[-120.843722985415,38.9763346754345],[-120.843736328802,38.9763405197072],[-120.843749563537,38.9763465551214],[-120.843762724346,38.9763528094824],[-120.843775601527,38.9763591983265],[-120.843788405677,38.9763657512058],[-120.843801066001,38.9763724948774],[-120.843813582498,38.9763794293415],[-120.843825885715,38.9763864989876],[-120.843838080728,38.9763937323197],[-120.843850061567,38.9764011557458],[-120.843861934648,38.976408715402],[-120.843873558828,38.9764164373471],[-120.843885039182,38.9764243500849],[-120.843896377052,38.9764323712478],[-120.843907465574,38.9764405821557],[-120.843918411612,38.9764489014888],[-120.843929143476,38.9764574109163],[-120.843939697682,38.9764660284198],[-120.843950038161,38.9764748085618],[-120.843960165808,38.9764836964308],[-120.843970114456,38.9764927747435],[-120.843979850271,38.9765019607833],[-120.843989408428,38.9765112548993],[-120.843998717684,38.9765207113048],[-120.844007814108,38.9765302754376],[-120.844016697252,38.9765399747534],[-120.844025367564,38.9765497817964],[-120.84403378987,38.9765596962174],[-120.844041998897,38.9765697458216],[-120.844049924742,38.9765799024547],[-120.844057744173,38.9765901129512],[-120.844065243906,38.9766005124951],[-120.844072531702,38.9766109648547],[-120.844079571491,38.9766215245927],[-120.844086363273,38.976632191709],[-120.844092907943,38.9766429112919],[-120.844099205053,38.9766537107974],[-120.844105288436,38.9766646729424],[-120.844111125154,38.9766756600982],[-120.844116679138,38.9766867268275],[-120.844121985114,38.9766979009354],[-120.8441270796,38.9767091004035],[-120.844131855729,38.9767204065518],[-120.844136420367,38.9767317380604],[-120.844147679403,38.9767467607948],[-120.844159257697,38.9767616219358],[-120.844171190869,38.9767762943768],[-120.844183442851,38.97679083268],[-120.844196014986,38.9768051544778],[-120.84420897628,38.9768193428362],[-120.844222151756,38.9768333410971],[-120.844235681665,38.9768471781133],[-120.8442495669,38.9768607989729],[-120.844263701493,38.976874230084],[-120.844278190517,38.97688749995],[-120.844292964521,38.9769005529606],[-120.844307988329,38.9769133887666],[-120.844323402638,38.9769260087645],[-120.844339030683,38.9769384661201],[-120.844354944602,38.9769506517082],[-120.844371142604,38.9769626753521],[-120.844387591305,38.9769744268791],[-120.844404359712,38.976985989355],[-120.844421343197,38.9769973068204],[-120.84443861166,38.9770084074295],[-120.844456130822,38.9770192359211],[-120.844473864613,38.977029846858],[-120.84449188383,38.9770402134822],[-120.844510117677,38.9770503625512],[-120.844528532321,38.9770602113485],[-120.844547231496,38.9770698707445],[-120.844566146642,38.9770792302174],[-120.844585276865,38.977088344679],[-120.844604586989,38.9770972137801],[-120.844624113084,38.9771057829578],[-120.844643819081,38.9771141067748],[-120.844663705203,38.9771221715029],[-120.844683807295,38.9771299363075],[-120.844704054337,38.977137441674],[-120.844724516903,38.9771446745726],[-120.844745124194,38.9771516617608],[-120.844765859966,38.9771583206966],[-120.84478681126,38.9771647071642],[-120.844807854966,38.9771708199418],[-120.844829043844,38.977176659553],[-120.844850378342,38.9771821985418],[-120.84487185846,38.977187436908],[-120.8449012661,38.9771940994814],[-120.844988920264,38.9771971659642],[-120.845076629279,38.9771990246715],[-120.84516442787,38.977199703408],[-120.84525228175,38.9771991469129],[-120.845340154847,38.977197409749],[-120.845428011536,38.9771945190232],[-120.84551581753,38.977190419475],[-120.845603572826,38.9771851111045],[-120.845691206177,38.9771786481261],[-120.845778683075,38.9771709890075],[-120.845866074086,38.9771621207186],[-120.845953272567,38.977152110853],[-120.846040244009,38.9771409178789],[-120.846126953233,38.9771285414482],[-120.846213399788,38.9771150090171],[-120.846299583671,38.9771003205865],[-120.846385434082,38.9770845029155],[-120.846470917182,38.9770674732888],[-120.846556065463,38.9770493967909],[-120.846640776077,38.9770301076419],[-120.846725011613,38.9770097427738],[-120.846808843755,38.9769882205166],[-120.846892165638,38.9769656221937],[-120.847046461269,38.9769204129231],[-120.847219725551,38.9768726177879],[-120.847391900606,38.9768225598684],[-120.847403833272,38.9768189022159],[-120.847562845722,38.9767702377765],[-120.847732525266,38.9767156786255],[-120.847900938333,38.9766589373325],[-120.848067944213,38.9766000125109],[-120.848233542449,38.9765389316224],[-120.848397521984,38.9764756925855],[-120.848560092962,38.976410352406],[-120.848721044327,38.9763429090027],[-120.848880269656,38.9762734162507],[-120.849037839289,38.9762018748525],[-120.849193612966,38.9761282559681],[-120.849347588898,38.9760526694282],[-120.849499697176,38.9759750870887],[-120.849649971185,38.9758956191281],[-120.849798272896,38.975814099428],[-120.85000401776,38.975695965753],[-120.850121993663,38.9756296611432],[-120.850238341104,38.9755618025559],[-120.850353059191,38.9754924449077],[-120.850466148365,38.9754215607476],[-120.850577537833,38.9753491768415],[-120.85068729705,38.9752753488006],[-120.850795214528,38.9752001020021],[-120.850901396678,38.9751233825808],[-120.851005806544,38.9750453000179],[-120.851108339942,38.9749657709089],[-120.851164297864,38.9749208900809],[-120.851209099723,38.9748849610356],[-120.851307946974,38.9748027591906],[-120.851404915089,38.9747192755494],[-120.851499934614,38.9746344545108],[-120.851593039389,38.9745483787943],[-120.851684194688,38.9744610206016],[-120.851706218684,38.9744391597681],[-120.851773293215,38.97437248872],[-120.851860441827,38.9742827018271],[-120.851945533675,38.9741917412546],[-120.852028533144,38.9740996341158],[-120.852109510584,38.9740063811088],[-120.852188359593,38.9739120361093],[-120.852265150522,38.9738165998151],[-120.852339741794,38.9737201257551],[-120.852412204206,38.9736225871709],[-120.852482465641,38.9735240931968],[-120.852583880615,38.973374280895],[-120.852713307914,38.9732629418468],[-120.852841689304,38.973148818861],[-120.852939444437,38.9730588336287],[-120.852976743221,38.9730244913312],[-120.85310883498,38.9728984044659],[-120.853237608867,38.9727708019134],[-120.853362818245,38.9726417087157],[-120.853484282824,38.9725113977113],[-120.853601825873,38.9723799220919],[-120.853703922194,38.9722606239257],[-120.853715234155,38.9722474170709],[-120.853824436459,38.9721139368797],[-120.853929325514,38.9719795903149],[-120.85402979538,38.9718444038052],[-120.854125915093,38.9717084604225],[-120.854170666074,38.9716417055759],[-120.854217525959,38.9715717860753],[-120.854304786273,38.9714343823322],[-120.854338784861,38.9713777642873],[-120.854387749258,38.971296222266],[-120.85446636218,38.9711573053668],[-120.854540836977,38.9710175788079],[-120.854675169359,38.9707414142701],[-120.854723967601,38.970673380939],[-120.854770983984,38.9706045886298],[-120.854816287967,38.9705350929487],[-120.854859915169,38.9704648667875],[-120.854901830421,38.9703939098022],[-120.85494206757,38.9703223047084],[-120.854980663563,38.9702499420301],[-120.855017652688,38.9701768770265],[-120.855052999779,38.9701031093534],[-120.855086739124,38.97002869427],[-120.855118942842,38.9699535226458],[-120.855149538379,38.9698777310698],[-120.855178668195,38.9698012111032],[-120.855206295352,38.9697240722248],[-120.855232386454,38.9696462042662],[-120.855257045246,38.9695677180896],[-120.855280237447,38.9694885584383],[-120.855302032517,38.9694087809166],[-120.855322431347,38.9693283306135],[-120.855341433054,38.9692472624416],[-120.855359001585,38.9691656309675],[-120.855375279179,38.9690833414794],[-120.855390193948,38.9690004893821],[-120.855393824733,38.9689782135901],[-120.855403780844,38.9689170887497],[-120.855416075265,38.9688331262006],[-120.85542700643,38.9687486284995],[-120.855436609072,38.9686636234484],[-120.855436882863,38.9686608251899],[-120.855444883196,38.9685781110478],[-120.855451969044,38.9684921201371],[-120.855457654269,38.9684057310094],[-120.855462080888,38.9683188626803],[-120.855465140292,38.9682317063043],[-120.855466940212,38.968144125639],[-120.855466850729,38.9679905118283],[-120.855477052692,38.9679359386748],[-120.855486238257,38.9678811358444],[-120.855494583274,38.967826105066],[-120.85550191101,38.9677708995231],[-120.855506775697,38.9677288232478],[-120.85550832742,38.967715492797],[-120.855513796451,38.9676599394541],[-120.855518282935,38.9676042391486],[-120.855521786431,38.9675484193368],[-120.855524376839,38.9674925081662],[-120.855525948207,38.9674365320553],[-120.855526500539,38.9673804910043],[-120.855526068121,38.9673244402709],[-120.855524651398,38.967268352399],[-120.855522249486,38.9672122823007],[-120.855518790942,38.967156297924],[-120.855514278204,38.9671002482612],[-120.855508777406,38.9670443948353],[-120.855502220204,38.9669886134028],[-120.855494605715,38.9669329588754],[-120.855485933941,38.9668774312528],[-120.855476238726,38.9668221132486],[-120.855465433476,38.9667669216301],[-120.855453568734,38.9667119941955],[-120.855440662309,38.9666573173893],[-120.855426609359,38.9666028489898],[-120.855411531428,38.966548686303],[-120.855401183352,38.9665142179736],[-120.855395375544,38.9664948425375],[-120.855378089398,38.9664412897183],[-120.855359707275,38.9663880831026],[-120.855340227849,38.9663353050578],[-120.85531965245,38.9662828732154],[-120.855297980196,38.9662308424868],[-120.855275140306,38.9661792396356],[-120.855251272573,38.9661281209565],[-120.855226272821,38.9660774030434],[-120.855191464218,38.9660111284995],[-120.855065700748,38.9658311249161],[-120.854507817588,38.9650326371745],[-120.854420659642,38.9648407379864],[-120.854281703541,38.9645348079228],[-120.854073610335,38.9637816510058],[-120.85398518423,38.9634615678813],[-120.853922503975,38.9619941298489],[-120.853700431054,38.961794530674],[-120.852892009422,38.9610679566405],[-120.852630784256,38.9607429288131],[-120.852353632252,38.9603981091764],[-120.852284263406,38.9602497983613],[-120.852119011127,38.9599496747782],[-120.852121422821,38.9595745215877],[-120.852121499225,38.9595632773293],[-120.85245608008,38.9591710377595],[-120.852522027777,38.9590937280264],[-120.852635894706,38.9590371563877],[-120.853867571048,38.9584252279179],[-120.855309525447,38.9577088087561],[-120.856253095339,38.9572931775464],[-120.85734924936,38.9568103036834],[-120.85778849704,38.9564688759258],[-120.858188795262,38.956157723889],[-120.858365784542,38.9560201401196],[-120.858403160419,38.9556360071091],[-120.858347535954,38.955136809202],[-120.858314110583,38.9550306217055],[-120.858248430336,38.9548220202258],[-120.858306076959,38.9545944177712],[-120.858239571965,38.9543343749584],[-120.858354818592,38.9541814530032],[-120.858409920016,38.9541305740156],[-120.858610814865,38.9539451138589],[-120.858627076197,38.9538284021199],[-120.858627275419,38.9538269486755],[-120.858759147784,38.9534842461832],[-120.85882784083,38.9531359811846],[-120.858818794508,38.9529090700306],[-120.85902947002,38.9527832253696],[-120.859048607618,38.9525356932149],[-120.859054007524,38.9524076436397],[-120.858972137234,38.9522217307783],[-120.858947606861,38.9521660203669],[-120.859209483554,38.9518717687956],[-120.859434668092,38.951676618426],[-120.8601458694,38.9515752553594],[-120.860198391901,38.9515807263693],[-120.860709327636,38.9516339771775],[-120.860789235048,38.9516422972762],[-120.861278594803,38.9517449552039],[-120.861613968422,38.9518732357128],[-120.861892318017,38.952053104775],[-120.862073278806,38.9522402315858],[-120.862628024066,38.9525050722174],[-120.862660068306,38.9527920987053],[-120.863122874452,38.9532072074778],[-120.863740199556,38.9535354831864],[-120.864812158736,38.9538139568269],[-120.86536877025,38.9538766120116],[-120.865837824377,38.9538406525691],[-120.866330360774,38.9537920960174],[-120.866605612043,38.9538434915101],[-120.866622232375,38.9538465916217],[-120.867009220641,38.9538865798089],[-120.867103764903,38.9539012852495],[-120.86746930994,38.9539583356978],[-120.868097892527,38.954118283494],[-120.868457070983,38.9542108025335],[-120.868677994135,38.9542420719384],[-120.869052749619,38.954295129059],[-120.869558368941,38.954337112741],[-120.86994156431,38.9542754511888],[-120.870021671607,38.9542681556679],[-120.870682200148,38.9542079620609],[-120.871277192105,38.9541720081574],[-120.872054513933,38.9541615578808],[-120.872744971285,38.9541664626627],[-120.873743243126,38.9543053281087],[-120.8744718184,38.9544148307285],[-120.874990817973,38.9545602806584],[-120.875492587402,38.9547056990732],[-120.875663773194,38.9547555457522],[-120.876216606687,38.9549700500766],[-120.876615009487,38.9550716823507],[-120.877136397685,38.9552001065713],[-120.877567026863,38.9553478639259],[-120.878121678848,38.9555903586305],[-120.878552977528,38.9558084032778],[-120.878891202302,38.9559341071124],[-120.879260026414,38.9561076383181],[-120.879536447516,38.9562330746112],[-120.879720515956,38.9563561659309],[-120.880404608045,38.9568895049675],[-120.881087685396,38.9574220474741],[-120.88169696075,38.9578970203117],[-120.883019941312,38.9587877105917],[-120.883172739616,38.9588894616503],[-120.884101008564,38.9591374339703],[-120.884672360415,38.9592784541139],[-120.885293009117,38.9594316416237],[-120.885846330681,38.9595475219318],[-120.8867826496,38.9596130765959],[-120.8868784181,38.9596009214677],[-120.887373646702,38.9595381044744],[-120.887894461138,38.9595987163677],[-120.888383591634,38.9594951682474],[-120.888540878861,38.9594209625478],[-120.889683732861,38.9593218374336],[-120.890500731327,38.9590355707866],[-120.890920912443,38.9589414464065],[-120.8912867613,38.9588603271197],[-120.891422887646,38.9587985751371],[-120.891574312928,38.9587300761855],[-120.892078436378,38.9585778311818],[-120.893430603916,38.95764902966],[-120.894277295135,38.9566828986196],[-120.894684211723,38.9562537713923],[-120.896232731287,38.9551885677598],[-120.897376401638,38.9544342851417],[-120.899091684265,38.9534570685025],[-120.900239516546,38.9531157163927],[-120.901127372399,38.9530199464902],[-120.901549792636,38.9530664426198],[-120.901866985203,38.9531201274944],[-120.902151417094,38.9531682712992],[-120.902220937991,38.9531800347316],[-120.903810706439,38.9534349391921],[-120.904492423613,38.9535806225397],[-120.904618314736,38.9536075239484],[-120.905745134454,38.9538152606768],[-120.907334068854,38.9540472345802],[-120.907460449718,38.9540675745147],[-120.908300617818,38.9542027226793],[-120.908745242546,38.9542742522984],[-120.910324653821,38.9545768469508],[-120.91168761305,38.954755720279],[-120.912027635892,38.9548398106793],[-120.912484259451,38.9549527244218],[-120.913104542408,38.9551448633258],[-120.91330000978,38.9552035036283],[-120.913930138638,38.9553925721021],[-120.914014592136,38.9554491866189],[-120.914443492891,38.9556551297052],[-120.915355200672,38.9560818476224],[-120.916166634907,38.9565165216076],[-120.916678330994,38.9569808855796],[-120.917013396304,38.9572802435798],[-120.91743201711,38.957538858099],[-120.91789163509,38.9577223094887],[-120.918347447509,38.9578879295205],[-120.918748067561,38.9580520464561],[-120.91941733545,38.9582821717062],[-120.920057961218,38.9585619772226],[-120.920413245711,38.958787892257],[-120.920707329612,38.9589748769273],[-120.92133841996,38.9594130041088],[-120.921577848204,38.9596037774851],[-120.922118634716,38.9600346241693],[-120.922825249844,38.9605866878245],[-120.923483461045,38.9609568431839],[-120.923584620032,38.9610051885755],[-120.923949362125,38.9611795413179],[-120.924157495169,38.9612790309439],[-120.924430996447,38.9613761585718],[-120.924744729608,38.9614875794751],[-120.925329279468,38.9615856558244],[-120.925561758503,38.9616117335173],[-120.926030157856,38.9616642899687],[-120.926702009916,38.9617575904988],[-120.927278973076,38.9619134453971],[-120.927298581234,38.9619192828805],[-120.927909250813,38.9620210194262],[-120.928537699113,38.9620961428576],[-120.929641820469,38.962130356452],[-120.929685888299,38.9621317227871],[-120.930350790382,38.962143024933],[-120.930472529586,38.9621448301257],[-120.931160355624,38.9621380224338],[-120.931762881133,38.962096679459],[-120.932369693147,38.9620999952571],[-120.932690031565,38.9621474458227],[-120.932875123343,38.96226334921],[-120.933045798117,38.9624421958493],[-120.933198278452,38.9626217816524],[-120.933379676424,38.9628454859157],[-120.933545777555,38.9630479878815],[-120.933684518728,38.9632128109305],[-120.933875038223,38.9633680576991],[-120.933980063581,38.963482813982],[-120.934178711307,38.963649640429],[-120.934354038699,38.9637533421008],[-120.934789420373,38.9639143437086],[-120.935227894812,38.9641178251552],[-120.935622025817,38.9643067300737],[-120.936028142793,38.9644165759568],[-120.936570092866,38.9643814643275],[-120.936945290485,38.9642896876641],[-120.937387514364,38.9641565078792],[-120.937682461898,38.9640706140858],[-120.938128603452,38.9639880486078],[-120.938200426541,38.9639786809011],[-120.938306511233,38.9639597125965],[-120.938432241117,38.9639371476115],[-120.938462036367,38.9639298541097],[-120.938667814998,38.9638794192728],[-120.939035283956,38.9638783757031],[-120.939319187756,38.9638357502115],[-120.93952631382,38.9637574679626],[-120.939785321952,38.9636425457251],[-120.939813749392,38.9635996649781],[-120.939956849411,38.9633961166125],[-120.940066905462,38.963280743327],[-120.940335485753,38.9629698425765],[-120.940450927263,38.9627151584081],[-120.940643466533,38.9623167361792],[-120.940678324663,38.9622199960176],[-120.940736701679,38.9620580464032],[-120.940771198121,38.9617216593887],[-120.940682119652,38.9614098915138],[-120.940616856226,38.961116765981],[-120.94057915798,38.9606971083973],[-120.940569175355,38.9605859966814],[-120.940504343728,38.9602828795253],[-120.94040470524,38.9599412760214],[-120.940222498517,38.9596318177379],[-120.940104223129,38.9593878293771],[-120.939984989726,38.9591209167643],[-120.939753094753,38.9587594214716],[-120.93948445218,38.9584141904359],[-120.939424780562,38.9583262963495],[-120.939300792224,38.9581436556576],[-120.939175653573,38.9578545143308],[-120.93906301413,38.9575750977984],[-120.939022251535,38.9574740028116],[-120.938930467552,38.9572511242349],[-120.938929415212,38.9572485883177],[-120.938879761549,38.9571282451098],[-120.938771821219,38.9569086790531],[-120.938639684834,38.9565668598205],[-120.938412795739,38.9561703270424],[-120.938146691991,38.9558856652058],[-120.938051898869,38.9557842690899],[-120.937662650199,38.9554693198392],[-120.937240221806,38.955066413787],[-120.93698343248,38.9547697792602],[-120.936688506578,38.9544038160575],[-120.936380573147,38.9538676455919],[-120.936373255921,38.9538548921726],[-120.93630607031,38.953527421061],[-120.936231400576,38.9531174463809],[-120.936214437839,38.9526655046679],[-120.93623455799,38.9521022218044],[-120.936330716481,38.9516158493095],[-120.936394878421,38.9512158482676],[-120.936375495153,38.9505898561602],[-120.936277436627,38.9500489027005],[-120.9362214938,38.9496051033919],[-120.936151177122,38.9491959370801],[-120.936140951351,38.9488693982176],[-120.936198449705,38.9485267552579],[-120.936307572748,38.9481370232857],[-120.936426727385,38.947669149119],[-120.9365478664,38.9472588218199],[-120.936776916885,38.9468724644614],[-120.937067161771,38.946363314939],[-120.937248467143,38.945907952711],[-120.937443417764,38.9453184624382],[-120.937480341615,38.9451445516169],[-120.937581995535,38.9446657108616],[-120.937692054912,38.9440833260926],[-120.937754754776,38.9432561689932],[-120.937653532513,38.9425154700408],[-120.937478215786,38.9417942226155],[-120.937370208201,38.9413661219645],[-120.937342717903,38.9412576781251],[-120.93723985358,38.9407374681792],[-120.937229967223,38.9404701910907],[-120.937221623339,38.9402360998848],[-120.937265911524,38.939567905766],[-120.937363705812,38.9390505168663],[-120.937504427305,38.9385708656025],[-120.937643617816,38.9380735707881],[-120.937836569827,38.9375501851884],[-120.938191794027,38.9369437030707],[-120.938314322318,38.93674532345],[-120.938591787241,38.936296108593],[-120.938988654287,38.9358547920734],[-120.93939310637,38.9355031731691],[-120.939671128756,38.9353724020472],[-120.939925214518,38.9352528905107],[-120.940852572328,38.9350592570237],[-120.941701747741,38.9351805315396],[-120.94263590194,38.9354801977854],[-120.942745373829,38.9355153117519],[-120.943179164521,38.9356617980466],[-120.943456546747,38.9357554572318],[-120.943716422808,38.935813519569],[-120.944203341222,38.9359223010426],[-120.94450493923,38.9359741634968],[-120.945310773932,38.9361076774311],[-120.946241936625,38.9364886927472],[-120.947171129362,38.9368728131268],[-120.947843072839,38.9372281010661],[-120.94868055271,38.9377046891536],[-120.949468864557,38.9381402137361],[-120.950102938454,38.9383617179896],[-120.951176471745,38.9385343201822],[-120.951280837742,38.9385396132952],[-120.952138058261,38.938583130416],[-120.953128318095,38.9385903140895],[-120.953880160109,38.938594741935],[-120.954590037371,38.9386051860877],[-120.955723388591,38.9386203609004],[-120.955834079694,38.9386295236376],[-120.956541000978,38.9386879981583],[-120.956704061679,38.9387104672595],[-120.956737431786,38.9387150639583],[-120.957408799607,38.9388075669203],[-120.958121509945,38.9388551133976],[-120.958254597855,38.9388475864463],[-120.95894621759,38.9388085085865],[-120.95903098001,38.938792392739],[-120.959652770405,38.938674122805],[-120.959669237576,38.9386685034302],[-120.960282414735,38.9384588073533],[-120.960802650943,38.9381056231926],[-120.961307787495,38.937503321868],[-120.96147935104,38.9372930266142],[-120.961771215541,38.9369371131421],[-120.962314949882,38.9363461908397],[-120.962919034093,38.9358280787609],[-120.963732633072,38.9352368913736],[-120.96447573054,38.9347224807465],[-120.965083026987,38.9342641391983],[-120.965648168735,38.9338631682087],[-120.965709626321,38.9338293071415],[-120.966318844845,38.933491388529],[-120.967084342441,38.9332325936122],[-120.96792485991,38.9330609033441],[-120.968742600345,38.9330023051908],[-120.969306481389,38.9330116542389],[-120.969401612809,38.9330132246337],[-120.970054622474,38.9330501742173],[-120.970132355886,38.9330501895399],[-120.970630608913,38.9330503013291],[-120.970841097159,38.9330370192036],[-120.971052922738,38.9330236386849],[-120.971387841409,38.9328679087305],[-120.971550994462,38.9327717718837],[-120.971773436766,38.9326406804662],[-120.972030065171,38.9325389708304],[-120.972170463473,38.9324833278094],[-120.972192282952,38.9324793878331],[-120.972338920696,38.9324529347985],[-120.972344155209,38.9324519924731],[-120.972403032554,38.9324394140795],[-120.972482543967,38.9324015624604],[-120.972563344685,38.9323572141513],[-120.972651752346,38.9323083196754],[-120.972772078892,38.9322111027369],[-120.972875500929,38.9321122261407],[-120.972978768532,38.9320240025736],[-120.973110951433,38.9318981942404],[-120.973250475785,38.9317752240083],[-120.973421239031,38.9316338564477],[-120.973611636249,38.9314840119486],[-120.973822733595,38.9313321803809],[-120.974027870029,38.9311791974696],[-120.974250979218,38.9310231872985],[-120.97448734077,38.9308891242235],[-120.974738052548,38.9307618599151],[-120.974974621061,38.9306522920105],[-120.975364628356,38.9305269400177],[-120.975698381665,38.9304382997802],[-120.975984760598,38.9303752737114],[-120.976262697433,38.9303125296377],[-120.976646747111,38.9302294642775],[-120.97697718687,38.9301680590293],[-120.97737842017,38.9300854169637],[-120.977759564749,38.9300012789352],[-120.978166141752,38.9299062966611],[-120.978605832856,38.9298089949947],[-120.979023913653,38.9297279780315],[-120.979414729104,38.9296702536127],[-120.979738604932,38.9296249019965],[-120.98015845839,38.9295720430122],[-120.980568284833,38.929504980223],[-120.981059092104,38.9294195405745],[-120.981402335198,38.9293816308617],[-120.981766932498,38.9294210970579],[-120.982218603249,38.9294733788083],[-120.982710543698,38.9295270269414],[-120.983038503508,38.9295448598315],[-120.983334518033,38.9295520876911],[-120.983700336366,38.9295272746683],[-120.984097616368,38.929428950263],[-120.984503325387,38.929248812429],[-120.984897381078,38.9290402053604],[-120.98529228763,38.9288235586199],[-120.985700189053,38.9286494495119],[-120.986126981752,38.9285284464531],[-120.986497225952,38.9284603588788],[-120.986866014725,38.9284055206245],[-120.987215376402,38.9283817066156],[-120.987603992713,38.9283613086777],[-120.987994180876,38.9283514677449],[-120.988319734139,38.9283577865862],[-120.988609748717,38.9283466056306],[-120.98896099028,38.9282919377279],[-120.989268443913,38.9282065176377],[-120.989457501163,38.9281453041035],[-120.989605620488,38.9281050436645],[-120.989761519374,38.9280541686662],[-120.989893556495,38.9280100885769],[-120.990005231439,38.9279591038767],[-120.990094175791,38.9279194274805],[-120.990229001874,38.9278547213312],[-120.990320117875,38.9277785144016],[-120.990398862266,38.9277268041676],[-120.990510469093,38.927633584973],[-120.990608519782,38.9275739963514],[-120.990674489627,38.9275182483221],[-120.990769911099,38.9274507008265],[-120.990829627491,38.9274020655124],[-120.990915069149,38.9273440972367],[-120.990978964419,38.9273031868829],[-120.991056066122,38.9272729905734],[-120.991157862029,38.9272392188796],[-120.99118316086,38.927233918806],[-120.991280688802,38.9272135104578],[-120.991391428708,38.9272294088014],[-120.99153356279,38.9272538995483],[-120.991615954159,38.9272769661271],[-120.991725680852,38.9272986219604],[-120.991845536794,38.9273026263327],[-120.991922960493,38.9272621072973],[-120.99194655524,38.9272307465203],[-120.991995374618,38.9271658834674],[-120.99202555407,38.9270842456203],[-120.992026340018,38.9270821242829],[-120.992026364806,38.9270816164884],[-120.992028855766,38.9270089378257],[-120.992031703222,38.9268455482706],[-120.992013973655,38.9263388682012],[-120.992027377133,38.9262044991647],[-120.992055498011,38.9259224406531],[-120.992062998785,38.9257903133724],[-120.992078086921,38.9255249062354],[-120.992110400237,38.9252495979756],[-120.992219587564,38.9247915230872],[-120.992323456707,38.9243910130306],[-120.992462478211,38.9241588897941],[-120.992635134975,38.9238676892033],[-120.992901164037,38.923608161732],[-120.993422023071,38.9232289715495],[-120.993803568842,38.9229810959787],[-120.99435335312,38.9226561930783],[-120.994822094748,38.922396656052],[-120.99508804783,38.922247072699],[-120.995189478403,38.9221900357884],[-120.995513751758,38.9219966622796],[-120.995922852366,38.9217108209578],[-120.996164163277,38.9214714480703],[-120.996215448635,38.92142056794],[-120.996520546268,38.9211335250135],[-120.996778246767,38.920780058794],[-120.997039006737,38.9204014376001],[-120.997307438062,38.9200941954851],[-120.997706417747,38.9197147595585],[-120.997990603807,38.9194663885021],[-120.998091666031,38.9194125861992],[-120.99826427033,38.919320681364],[-120.998714096439,38.9191585586847],[-120.998724934988,38.919155205753],[-120.999230569866,38.9189986552793],[-120.999667891221,38.9188854923126],[-121.000292644623,38.9188139752997],[-121.001026579242,38.9188619921798],[-121.001474607965,38.9190294178566],[-121.00204488349,38.9192750256152],[-121.002596106259,38.9194809523071],[-121.003107335875,38.919726542772],[-121.003691219443,38.919960094204],[-121.004255380222,38.920118947558],[-121.004830499483,38.9202409857408],[-121.005265829127,38.9202372400373],[-121.005612544893,38.9201580442172],[-121.006174235792,38.91997900004],[-121.006603140306,38.9197535378502],[-121.007112103269,38.9194359703322],[-121.007379622026,38.9191905922512],[-121.007784657811,38.9188791097808],[-121.008440407161,38.9183041158875],[-121.009025635404,38.9179078858827],[-121.009431832946,38.9175851490768],[-121.009458212102,38.9175650533593],[-121.009917704408,38.9172150067035],[-121.010249838961,38.9170116640345],[-121.010454237854,38.9168865381393],[-121.011060132902,38.9166325515277],[-121.011802807323,38.9164782775625],[-121.01259682876,38.9164480318931],[-121.01327216388,38.9165078586482],[-121.013769769917,38.9165738360471],[-121.014148650163,38.9166240591603],[-121.014439515439,38.9166870456201],[-121.014775453472,38.9167593925098],[-121.015404225532,38.9169404873454],[-121.015989168234,38.9171203841931],[-121.016189703258,38.917182052872],[-121.01689423794,38.9174057390722],[-121.017388757115,38.9175786036958],[-121.017858869642,38.917699196143],[-121.018445205861,38.9177397881916],[-121.018960170675,38.9177384207592],[-121.019570913519,38.9177196249784],[-121.020222984637,38.9176045976414],[-121.020273512449,38.9175956868563],[-121.020896404604,38.9174706342752],[-121.021513611371,38.9173753794572],[-121.021930570208,38.91736422252],[-121.02257852292,38.9173563233643],[-121.023193532387,38.917200821656],[-121.0237452678,38.9169036144011],[-121.023833106646,38.9168562967677],[-121.023978926295,38.9167474748835],[-121.02424574019,38.9165483637038],[-121.02466494295,38.9161329788111],[-121.025049505672,38.9157262540168],[-121.025302519234,38.9154463201605],[-121.025445532079,38.9152881000614],[-121.025781681688,38.914981607745],[-121.025892813087,38.9149271244095],[-121.026289371232,38.9147326785888],[-121.026512728879,38.9147103559625],[-121.026758329345,38.9147089786926],[-121.026837829094,38.9146940191699],[-121.026996158869,38.9146642316594],[-121.027226729184,38.9146208238874],[-121.027476325218,38.9145791948677],[-121.027786048983,38.9145434774904],[-121.028073222054,38.9145143809155],[-121.028254796129,38.9145016737492],[-121.028568208631,38.914504566246],[-121.028975833767,38.9144729310196],[-121.029211338762,38.9144515009672],[-121.029452749281,38.9144171586515],[-121.029737099996,38.9143861671569],[-121.030005899616,38.9143125648554],[-121.030305776732,38.9141895461042],[-121.030802012811,38.9140287854276],[-121.030993640969,38.9139411373927],[-121.031191943751,38.9138665880796],[-121.031538851477,38.9138332574004],[-121.031829692649,38.9138054727407],[-121.032750271406,38.913829772287],[-121.032959140051,38.9138025113569],[-121.03321185205,38.913750982971],[-121.033580900019,38.9137177478553],[-121.034092364601,38.9136433237308],[-121.034372988383,38.9136404638172],[-121.034645972072,38.9135791052254],[-121.034990738782,38.9135375634667],[-121.035190749204,38.913541282157],[-121.035605798128,38.9136145270974],[-121.035854970225,38.9137328852623],[-121.035996589294,38.9138228642423],[-121.036031796681,38.9140307525682],[-121.036218031948,38.9144874704398],[-121.03631436844,38.9146380072216],[-121.036399478679,38.9148077277367],[-121.036550143972,38.9149953732721],[-121.036780925186,38.9152365697341],[-121.036793374235,38.915251638442],[-121.036806774802,38.9152665228086],[-121.036820986309,38.9152812216697],[-121.036836008385,38.9152957624816],[-121.036851771856,38.9153100622918],[-121.036868241208,38.9153241482656],[-121.036885064992,38.915338017493],[-121.036902488851,38.9153516994673],[-121.036920408466,38.9153651109451],[-121.03693864737,38.9153783053848],[-121.036957275852,38.9153912833681],[-121.036976048271,38.9154040154014],[-121.036995104835,38.9154165301053],[-121.037014305336,38.9154287988588],[-121.037033614629,38.9154408213712],[-121.037053032716,38.9154525976422],[-121.037072419387,38.9154640990513],[-121.037091879334,38.9154753813849],[-121.037097791496,38.9154787392386],[-121.037111307494,38.9154864163134],[-121.037130633949,38.9154971757982],[-121.037149927872,38.9155077427915],[-121.037169157096,38.9155178973482],[-121.037180781737,38.9155237875987],[-121.037188426684,38.9155276677978],[-121.037207736263,38.9155370815971],[-121.037217621171,38.9155416668309],[-121.037227121721,38.9155460841235],[-121.037246547914,38.915554675086],[-121.03726604887,38.9155629371458],[-121.037285625704,38.9155707879324],[-121.037305417879,38.9155783109798],[-121.037325180126,38.9155854493382],[-121.037345052279,38.9155922590846],[-121.037365104999,38.9155987133438],[-121.037385303514,38.9156047843681],[-121.037405611563,38.915610554237],[-121.037426099805,38.9156159960753],[-121.037446698697,38.9156210543876],[-121.037466215734,38.9156255408172],[-121.037467371977,38.9156258112535],[-121.037491486102,38.9156308437264],[-121.037665464045,38.915662585152],[-121.037944347771,38.915713482275],[-121.037960651813,38.9157164454854],[-121.037964087825,38.91571707802],[-121.037968052871,38.9157175776306],[-121.037976998071,38.9157188873054],[-121.037993273296,38.9157213834554],[-121.038009369077,38.9157241527175],[-121.038025286159,38.9157271401783],[-121.038041060059,38.9157303186718],[-121.038056654887,38.9157337428209],[-121.038072070644,38.9157374126256],[-121.03808734322,38.9157412734631],[-121.038102471869,38.9157453802471],[-121.038117315827,38.9157497455434],[-121.038132087265,38.9157542749972],[-121.038146679818,38.9157590363787],[-121.038161092558,38.9157640983297],[-121.038175362115,38.9157693513139],[-121.038189417458,38.9157748496637],[-121.038203329248,38.9157805665036],[-121.038217097112,38.9157865292904],[-121.038230686279,38.9157927102767],[-121.038244131893,38.9157991097533],[-121.038257398437,38.9158057548864],[-121.03827048554,38.9158126731328],[-121.038283429461,38.9158197824128],[-121.038296229459,38.9158271376401],[-121.038308885904,38.9158347113578],[-121.038321362907,38.9158425581891],[-121.038333696731,38.9158505960541],[-121.038345886258,38.9158589073234],[-121.038357932605,38.9158674096266],[-121.038386632083,38.9158764614981],[-121.03841579273,38.9158852013866],[-121.038445416963,38.9158934508227],[-121.038475396557,38.9159014148603],[-121.038505803103,38.9159089979814],[-121.038536531909,38.9159161444007],[-121.038567652523,38.9159229096125],[-121.038599095024,38.9159292655786],[-121.038630788751,38.9159352391747],[-121.038662805108,38.9159407486111],[-121.038695002772,38.9159458476393],[-121.038727487177,38.9159505371306],[-121.038760188405,38.9159547890471],[-121.038793070937,38.9159586305548],[-121.038826065599,38.9159619787025],[-121.03885920642,38.915964916151],[-121.038892528916,38.9159674157335],[-121.038925998313,38.9159694497029],[-121.038959473287,38.915971071811],[-121.038993130305,38.9159722285962],[-121.039026828045,38.9159729738104],[-121.039060637538,38.9159732531206],[-121.039094488122,38.9159730934031],[-121.039128414571,38.9159725224046],[-121.039162417997,38.915971457755],[-121.03919639148,38.9159700084103],[-121.039230406423,38.9159680925808],[-121.039264461897,38.9159657789085],[-121.039298523685,38.9159629984609],[-121.039332556084,38.9159597921332],[-121.039366558907,38.9159561736536],[-121.0393713468,38.915955609078],[-121.039400602816,38.915952116146],[-121.039434546859,38.9159476459061],[-121.039468461696,38.9159427360576],[-121.039502311811,38.9159374137673],[-121.039536097573,38.9159316515783],[-121.039569783096,38.9159255041141],[-121.039603404265,38.9159189167513],[-121.039636890419,38.9159119163666],[-121.039670276703,38.9159045032501],[-121.039703528342,38.915896649655],[-121.039736679367,38.915888438242],[-121.039769695375,38.9158798138073],[-121.03980254122,38.9158707760611],[-121.039835251676,38.9158613527503],[-121.039867827113,38.9158515164182],[-121.039867933105,38.9158514761033],[-121.039900231644,38.9158413216886],[-121.03993246601,38.9158307136478],[-121.039974947717,38.9158160986568],[-121.039996223275,38.9158101232442],[-121.040017467397,38.9158038729699],[-121.040038574277,38.9157973744206],[-121.040059579059,38.9157906278863],[-121.04008044697,38.9157836056203],[-121.040101160438,38.9157763074778],[-121.040121771436,38.9157687888072],[-121.04014222799,38.9157609942601],[-121.040162617219,38.9157529794752],[-121.04018276377,38.9157447155458],[-121.040202808594,38.9157361761751],[-121.040222715432,38.9157274434435],[-121.040242450994,38.9157183797773],[-121.040262012312,38.9157092048307],[-121.040281401983,38.9156997264064],[-121.040300653668,38.9156900546216],[-121.040319732963,38.9156801342727],[-121.040338569208,38.9156699922369],[-121.040357302611,38.9156596571307],[-121.040376536573,38.9156486945747],[-121.040381637141,38.9156457984508],[-121.040399885184,38.9156349650565],[-121.04041799524,38.9156239383022],[-121.040435897389,38.9156126901513],[-121.040453626036,38.9156012758074],[-121.040471146035,38.9155896949806],[-121.040488457756,38.9155779202142],[-121.040498073843,38.9155712032258],[-121.040505631861,38.9155659246315],[-121.040514487136,38.9155595858036],[-121.040522561802,38.9155537897329],[-121.040539283095,38.915541488352],[-121.040550646313,38.9155329322311],[-121.040555830885,38.9155290207784],[-121.04057213451,38.9155164138894],[-121.040588299406,38.9155036685547],[-121.040604256025,38.9154907292811],[-121.040619968108,38.915477678149],[-121.040635505946,38.9154645157384],[-121.040650835136,38.9154511868458],[-121.04066598971,38.9154377741316],[-121.040680900119,38.9154242221026],[-121.040685812793,38.9154196219058],[-121.040701512332,38.9154048956091],[-121.040708062065,38.9153987986211],[-121.040722449369,38.9153849402145],[-121.040736626912,38.9153709976967],[-121.040750488888,38.9153569976552],[-121.040764246909,38.9153428869155],[-121.040777794799,38.9153287195215],[-121.040791132927,38.9153144680168],[-121.040804260553,38.9153001873148],[-121.040817213564,38.915285822792],[-121.040829886154,38.9152714010357],[-121.040842418902,38.9152569232052],[-121.040854706003,38.915242415888],[-121.040866817376,38.9152279071205],[-121.040878718989,38.9152133142427],[-121.040890444132,38.9151987748282],[-121.040901854452,38.9151841229774],[-121.040913088674,38.9151694971332],[-121.040924147168,38.9151548698392],[-121.040934995161,38.9151402133486],[-121.040945561992,38.9151255545389],[-121.04095591721,38.9151109489031],[-121.040966062298,38.9150962866142],[-121.040975996144,38.9150816500427],[-121.040985648458,38.915067038609],[-121.040995089901,38.915052425436],[-121.041004284586,38.9150378651474],[-121.041015248822,38.9150198045876],[-121.041161064051,38.9147841380811],[-121.041319137805,38.9145594190645],[-121.041445631635,38.9143280689113],[-121.041499989549,38.9142667871303],[-121.041546664712,38.9141132867903],[-121.041575569651,38.9137790366258],[-121.04159117706,38.9137580760673],[-121.041605141288,38.9137338617062],[-121.041617761276,38.9137050779338],[-121.041629270058,38.9136726877649],[-121.041639726433,38.9136375429395],[-121.041649293148,38.9136006058934],[-121.04165809892,38.913562756402],[-121.041666271353,38.9135249566114],[-121.041673940645,38.9134879764701],[-121.04168114009,38.9134519535517],[-121.041687835284,38.9134168326531],[-121.041693955201,38.913382668109],[-121.041699535356,38.9133494327522],[-121.041704540606,38.9133171262932],[-121.041708971323,38.9132857212753],[-121.041712862652,38.9132552179883],[-121.041716178337,38.9132256985128],[-121.041718884718,38.9131970527324],[-121.041721050601,38.9131693910533],[-121.041722641215,38.9131426857293],[-121.041723620674,38.9131169913843],[-121.041723988609,38.9130923354752],[-121.041723780905,38.913068663378],[-121.041722960566,38.9130461120871],[-121.041721493932,38.9130245714858],[-121.041719524913,38.9130037956211],[-121.041716986927,38.912983509346],[-121.041713989483,38.9129634115044],[-121.041710535916,38.9129432549851],[-121.041706772731,38.9129226016375],[-121.041702632234,38.9129012586851],[-121.041698223933,38.9128789249715],[-121.041693516392,38.9128553256394],[-121.041688439323,38.9128304601097],[-121.041683061533,38.9128044387884],[-121.041677241335,38.9127773428879],[-121.04167097799,38.9127492273214],[-121.041664164215,38.9127202285044],[-121.041659400363,38.9127008026029],[-121.041656799641,38.9126903738934],[-121.041648847642,38.912659773026],[-121.041640166164,38.912628534571],[-121.041630964956,38.9125967426359],[-121.041621276567,38.9125645897078],[-121.041611276345,38.9125321046911],[-121.041601137042,38.912499508688],[-121.041590928202,38.9124668571911],[-121.041582521887,38.9124399733837],[-121.041580753033,38.91243431581],[-121.041570891197,38.9124019966884],[-121.041561410386,38.9123700926032],[-121.04155241677,38.9123385495096],[-121.041543872981,38.9123075318588],[-121.041535989506,38.9122770688454],[-121.041528801118,38.912247188216],[-121.041522376248,38.9122180278336],[-121.041516715266,38.9121895602418],[-121.041511992774,38.912161869259],[-121.041508172516,38.912135036966],[-121.04150522083,38.9121089532463],[-121.041502996772,38.9120836443983],[-121.041501466682,38.9120590003052],[-121.041500525128,38.9120350200983],[-121.041500033021,38.9120115927921],[-121.041499885673,38.9119886626041],[-121.041500047569,38.9119662567016],[-121.041500379991,38.9119442366421],[-121.041501237705,38.9119223582105],[-121.041502763876,38.9119004303677],[-121.04150527924,38.9118781262385],[-121.041509032019,38.9118552831092],[-121.041514342947,38.9118315741046],[-121.041521460619,38.9118068090541],[-121.041530705765,38.911780661082],[-121.041542326979,38.9117529400174],[-121.041556287631,38.9117237553973],[-121.041572480435,38.9116932436359],[-121.041590796623,38.9116616509747],[-121.041611164424,38.9116290866609],[-121.041633369641,38.9115957960671],[-121.041657339391,38.9115619708107],[-121.041682859849,38.9115278288077],[-121.041709787847,38.9114935610965],[-121.041737946187,38.9114592760557],[-121.041767196149,38.9114248352423],[-121.041797253625,38.9113904559937],[-121.041828049439,38.91135605536],[-121.041859265824,38.9113217405623],[-121.041890796982,38.9112875381887],[-121.041922396542,38.9112534736692],[-121.041953852908,38.9112196001808],[-121.041985094312,38.9111860269718],[-121.042016224332,38.9111528921947],[-121.042047137539,38.9111201949814],[-121.042077830972,38.9110881549863],[-121.04210830426,38.9110567996664],[-121.042138555554,38.911026266306],[-121.042168618886,38.910996637565],[-121.042198493886,38.9109679409003],[-121.042228218292,38.910939984404],[-121.042257794696,38.9109125758785],[-121.04228729746,38.9108854138779],[-121.042316623748,38.9108583053365],[-121.04234588121,38.9108310863817],[-121.042374968492,38.9108034541208],[-121.042403923329,38.9107752166456],[-121.042432607371,38.9107462080581],[-121.042460633312,38.9107164800897],[-121.042487754785,38.9106860581725],[-121.042513443542,38.9106550203381],[-121.042537348162,38.9106233636946],[-121.042553843181,38.9105990602121],[-121.042559221909,38.9105911411318],[-121.042578749245,38.9105582951336],[-121.042595578009,38.9105248777221],[-121.0426096394,38.9104907784929],[-121.042621351799,38.9104562480292],[-121.042630994124,38.9104214533866],[-121.042639162316,38.9103865093103],[-121.042646060937,38.9103518843017],[-121.04265203956,38.9103177185377],[-121.042657408172,38.9102844813872],[-121.042662516346,38.9102523130269],[-121.042667642998,38.9102213805118],[-121.042672933139,38.9101913555171],[-121.042678323149,38.9101617432417],[-121.042683888495,38.9101321598691],[-121.042689601069,38.9101020834306],[-121.042695464941,38.9100712119013],[-121.042701379499,38.9100391874751],[-121.042707349555,38.9100056532135],[-121.042713130224,38.9099705247213],[-121.04271853506,38.9099345967998],[-121.042723342476,38.9098986639609],[-121.042727296115,38.9098634929707],[-121.042730316808,38.9098297422141],[-121.042732256217,38.9097979871272],[-121.042733143191,38.909768694765],[-121.042733007691,38.9097422498121],[-121.042731952552,38.9097188453339],[-121.04273019381,38.9096980986703],[-121.042727879436,38.9096794618422],[-121.042725154441,38.9096626065249],[-121.042722200086,38.9096471223123],[-121.042719091838,38.9096326253878],[-121.042715868541,38.9096188414724],[-121.042712603809,38.9096055240334],[-121.04270937163,38.9095923990811],[-121.042706101348,38.9095794934939],[-121.042702721941,38.9095668616069],[-121.042699267808,38.9095545586231],[-121.042696878243,38.9095467128973],[-121.042695633155,38.9095426111313],[-121.042691818351,38.9095309916749],[-121.042687821916,38.9095198100811],[-121.042683539166,38.9095090105685],[-121.04267900413,38.9094986757966],[-121.042674219401,38.909488613568],[-121.042669290774,38.9094787972933],[-121.042664184589,38.9094691168562],[-121.042658936727,38.9094595176323],[-121.042653584182,38.9094498626268],[-121.042648162835,38.9094400972153],[-121.042642637916,38.9094301936518],[-121.04263711596,38.9094200704335],[-121.042631490431,38.9094098090631],[-121.042625831244,38.909399437576],[-121.042620207199,38.9093890663778],[-121.042614618298,38.9093786954686],[-121.04260906417,38.9093683523052],[-121.04260364913,38.9093581201258],[-121.042598373547,38.9093479714736],[-121.042593307336,38.9093379343841],[-121.042588520779,38.9093280094357],[-121.042584015357,38.9093180868013],[-121.042579897235,38.9093081124352],[-121.042576202296,38.9092980317129],[-121.042572966422,38.9092877900103],[-121.042570261007,38.9092773055355],[-121.042568192216,38.9092665242428],[-121.042566760789,38.9092553912186],[-121.04256603849,38.9092437972143],[-121.04256602606,38.9092316873161],[-121.042566899577,38.9092190355138],[-121.042568590238,38.9092057314015],[-121.042571310002,38.9091916943445],[-121.042574884273,38.9091768405257],[-121.042579629694,38.909161145092],[-121.042585407919,38.9091444421451],[-121.04259228849,38.909126787177],[-121.042600201493,38.9091081521523],[-121.042609076274,38.9090885639489],[-121.042618807035,38.9090680491556],[-121.042629357524,38.9090466898535],[-121.042640621205,38.9090245675449],[-121.04265249154,38.9090017637322],[-121.042664861254,38.9089784148316],[-121.042677979298,38.9089543032132],[-121.042691953686,38.9089292375467],[-121.042707104394,38.9089029458669],[-121.042723715881,38.9088751833759],[-121.042742003437,38.9088456223268],[-121.042762217861,38.9088139078047],[-121.042784786028,38.9087796588838],[-121.042809819279,38.9087424371214],[-121.042837435246,38.9087013373089],[-121.042867437876,38.9086552594367],[-121.042899911505,38.9086031607225],[-121.042934801752,38.908543859943],[-121.042972052009,38.9084763406155],[-121.043011496914,38.9083998325012],[-121.04302881287,38.9083667210914],[-121.043219285319,38.908178691556],[-121.043302544497,38.9080964888675],[-121.043339377248,38.908059913247],[-121.043368055005,38.9080286526718],[-121.04339084346,38.9080014900892],[-121.043410220625,38.9079771003509],[-121.043428168461,38.9079544562845],[-121.043445147502,38.9079332870799],[-121.043461229513,38.9079134834883],[-121.043476556909,38.9078949093819],[-121.043491236963,38.907877428344],[-121.043505200134,38.9078609848832],[-121.04351865912,38.9078454434498],[-121.043531685311,38.9078307222513],[-121.043544386352,38.907816657414],[-121.043556762243,38.907803248938],[-121.043568955766,38.9077903332385],[-121.043581001694,38.9077779380613],[-121.043592972528,38.9077658992435],[-121.043604972952,38.9077542725655],[-121.043617039585,38.9077429484893],[-121.043629314841,38.9077317908864],[-121.04364176321,38.9077208269247],[-121.043654457191,38.907709892441],[-121.043667397524,38.9076989325219],[-121.043680479897,38.9076878639297],[-121.04369381121,38.9076765777041],[-121.04370728715,38.9076649906078],[-121.043720908457,38.907653047727],[-121.043734782402,38.9076406126444],[-121.0437488043,38.9076276295795],[-121.043763081055,38.9076139895717],[-121.043777753968,38.9075996388629],[-121.043792964711,38.9075844962383],[-121.043808749903,38.9075684521592],[-121.043825320759,38.907551480902],[-121.043842748667,38.9075335006736],[-121.043861175299,38.9075144302588],[-121.043880636534,38.9074942150323],[-121.04390095223,38.9074731830311],[-121.043921731768,38.907451633102],[-121.04394286455,38.9074299487737],[-121.04396392445,38.9074084560615],[-121.043984731327,38.907387483003],[-121.04400496411,38.9073673839375],[-121.044024336869,38.9073485134929],[-121.044042671312,38.9073310624235],[-121.044060180506,38.9073148677217],[-121.044077114133,38.9072996568415],[-121.044093757755,38.9072851026119],[-121.044110431705,38.9072709056074],[-121.044127350895,38.9072567655357],[-121.044144871166,38.907242355803],[-121.04416324146,38.9072274587761],[-121.044182712196,38.9072117469942],[-121.044203035539,38.9071953557193],[-121.0442240676,38.9071785309074],[-121.044245490634,38.9071613797863],[-121.044267125609,38.9071441480234],[-121.044288829747,38.9071269992044],[-121.044310214283,38.9071100948939],[-121.044331134958,38.9070937085052],[-121.044351345791,38.9070778380176],[-121.044370951833,38.9070625117543],[-121.044389956042,38.9070475100612],[-121.044408535599,38.9070327245547],[-121.044426693092,38.9070179630376],[-121.044444606072,38.9070030896693],[-121.044462205735,38.9069879940453],[-121.04447970588,38.9069724582434],[-121.044497178267,38.9069563730137],[-121.044514657297,38.9069397935586],[-121.04453217811,38.9069227201668],[-121.044549809878,38.906905235786],[-121.044567622512,38.9068873684503],[-121.044585756205,38.9068691467713],[-121.044604104795,38.9068506247964],[-121.044622842877,38.9068318863392],[-121.04464197045,38.9068129313995],[-121.044661273715,38.9067939779],[-121.044680644665,38.9067752171722],[-121.04469983547,38.9067567844797],[-121.044718632701,38.9067388702888],[-121.044736891733,38.9067217754701],[-121.044754365848,38.9067055529172],[-121.044770876017,38.9066904482988],[-121.044786174415,38.9066765968792],[-121.044800649801,38.9066638370925],[-121.044814199343,38.9066519758755],[-121.04482707124,38.9066408505078],[-121.04483947966,38.9066302156097],[-121.044851567749,38.9066198801381],[-121.044863478655,38.9066096530495],[-121.044875426176,38.906599316421],[-121.044887553089,38.9065887066659],[-121.044899965183,38.9065777971932],[-121.044912804868,38.9065664518727],[-121.044926106543,38.9065547259066],[-121.044940047388,38.9065425109103],[-121.044954697683,38.9065298074607],[-121.044970163956,38.9065165340527],[-121.044986551997,38.9065026640947],[-121.045003931716,38.9064882256203],[-121.045022161811,38.9064732723885],[-121.045040993716,38.9064579945771],[-121.045060355302,38.9064425288926],[-121.045080033512,38.9064270383448],[-121.045099745007,38.9064116853662],[-121.045119417661,38.9063966066641],[-121.045138838048,38.906381992705],[-121.045157829728,38.9063678969604],[-121.045176357931,38.9063542916851],[-121.045194528448,38.906341150288],[-121.045212306877,38.9063284175671],[-121.045229695065,38.9063159562385],[-121.045246764031,38.9063037119657],[-121.045263479373,38.9062916295467],[-121.045279877341,38.9062796268995],[-121.045296028214,38.9062677046014],[-121.045312004118,38.9062557259451],[-121.045327839457,38.9062437461328],[-121.045343604878,38.9062317382846],[-121.045359405804,38.9062197032659],[-121.045375312883,38.9062076141966],[-121.045391466677,38.9061954722305],[-121.045407832413,38.9061832496222],[-121.045424621672,38.9061708931884],[-121.045442010522,38.9061583769141],[-121.045460177617,38.9061454825867],[-121.045479405186,38.9061321301423],[-121.045499941422,38.9061181568583],[-121.045521998641,38.9061034546369],[-121.045545825038,38.9060878607551],[-121.045571562646,38.9060712665378],[-121.045599493693,38.9060535919202],[-121.045629087751,38.9060350796869],[-121.045659887259,38.9060157810018],[-121.045691500508,38.9059960770878],[-121.04572336304,38.905976128072],[-121.045754944804,38.9059561492841],[-121.045785785287,38.9059364115446],[-121.045815354808,38.9059171027274],[-121.045843334525,38.9058984124366],[-121.045869828015,38.9058804788224],[-121.045895151171,38.9058633319372],[-121.045919516311,38.905846863684],[-121.045943237483,38.9058312413985],[-121.04596659544,38.9058164948443],[-121.04598980139,38.9058025982941],[-121.04601320563,38.9057896370007],[-121.046037020473,38.9057775028664],[-121.046061458976,38.905766032879],[-121.046086842192,38.9057548726934],[-121.046113315108,38.9057436939799],[-121.046141127761,38.90573219673],[-121.046170600097,38.9057201089681],[-121.046201807189,38.9057070743306],[-121.046235034581,38.9056927656395],[-121.046270460181,38.9056770195928],[-121.046307869091,38.9056601364848],[-121.046346938778,38.9056425804864],[-121.046387382959,38.9056247336866],[-121.046428843595,38.9056070874258],[-121.046471104317,38.9055900518268],[-121.046513842966,38.9055740636051],[-121.046556666369,38.9055596138145],[-121.046599430283,38.9055469758709],[-121.046641749647,38.9055360367785],[-121.046683451345,38.9055266029],[-121.046724293826,38.9055183427376],[-121.046764139479,38.9055110354857],[-121.046802604718,38.9055044583227],[-121.046839517162,38.9054983626984],[-121.04687463452,38.9054924720302],[-121.046907853582,38.9054866207148],[-121.046939527961,38.9054806468925],[-121.046970044562,38.9054745262751],[-121.046999756258,38.9054681519155],[-121.047029297039,38.9054614191699],[-121.047058948394,38.9054543028848],[-121.047089239629,38.9054466426379],[-121.047120521774,38.9054384687647],[-121.047153183944,38.9054295922332],[-121.047187331926,38.9054199864491],[-121.047222897649,38.9054094860944],[-121.047259881847,38.905398036254],[-121.047298286362,38.9053854996424],[-121.047338041647,38.9053718207691],[-121.047379254961,38.9053568632117],[-121.047421786479,38.9053405709038],[-121.04746556739,38.9053228334411],[-121.04751021005,38.905303730027],[-121.047555184779,38.9052834485418],[-121.047599962639,38.9052621219527],[-121.047644014691,38.9052398832283],[-121.047686951451,38.9052169488586],[-121.047728139298,38.9051933960368],[-121.047747593933,38.9051814043433],[-121.047767048561,38.9051694126467],[-121.04780339702,38.9051450787596],[-121.047837325235,38.9051203955287],[-121.047869045151,38.9050952823116],[-121.047898874499,38.9050696318718],[-121.047927060362,38.9050433638538],[-121.047953989645,38.9050164539663],[-121.047979874659,38.9049887941085],[-121.048004997257,38.9049603316685],[-121.048029569382,38.9049309860022],[-121.048053623227,38.9049009770521],[-121.04807705043,38.9048705236105],[-121.048099742259,38.9048398719264],[-121.048121660631,38.9048092413674],[-121.048142626537,38.9047788776075],[-121.048162672173,38.9047490005895],[-121.048181618163,38.9047198834444],[-121.04819946267,38.9046916634568],[-121.04821648865,38.9046642056438],[-121.048232945761,38.9046372374503],[-121.048249117696,38.9046105689791],[-121.048265323287,38.9045840106204],[-121.048281988253,38.9045572637998],[-121.048299291236,38.9045301102999],[-121.048317515557,38.9045023876798],[-121.048336874626,38.9044739054663],[-121.048357119156,38.9044449087578],[-121.04837768213,38.9044157498925],[-121.048398172601,38.9043867551893],[-121.048418093467,38.9043583050191],[-121.048437055255,38.9043306158743],[-121.048454594163,38.9043042056978],[-121.048470215303,38.9042792901202],[-121.04848366939,38.9042561142412],[-121.048495066629,38.9042343219852],[-121.048504869718,38.9042134777808],[-121.048513506953,38.9041930908548],[-121.048521230564,38.9041726964537],[-121.048528574261,38.9041518046666],[-121.048535684489,38.9041299773339],[-121.048543130465,38.9041066973755],[-121.048551162208,38.9040816647781],[-121.048559815224,38.9040548523724],[-121.048569086569,38.9040264798127],[-121.048578975138,38.9039966294696],[-121.048589337798,38.9039654923909],[-121.048600277021,38.9039332890937],[-121.048611721793,38.9039000739164],[-121.048623598891,38.9038660659388],[-121.048635871704,38.9038313747007],[-121.04864860867,38.903796138061],[-121.048661633356,38.9037604094961],[-121.048675014569,38.9037242994081],[-121.048688646156,38.9036878618483],[-121.048702491137,38.9036512338134],[-121.048716514373,38.9036144150159],[-121.048730714025,38.9035775427399],[-121.048745018343,38.903540726238],[-121.048759390349,38.9035041025068],[-121.048773897379,38.9034678917761],[-121.04878853796,38.903432203873],[-121.048803239242,38.9033972304207],[-121.048818069295,38.903363136735],[-121.048833025545,38.9033301150138],[-121.048848105786,38.9032983299982],[-121.048863238638,38.9032678634839],[-121.048878705946,38.9032386628561],[-121.048894336063,38.9032104246526],[-121.048910272119,38.9031829578248],[-121.048926621737,38.9031560984938],[-121.048943388593,38.9031295720907],[-121.048960679575,38.9031032696501],[-121.048978534234,38.903076861977],[-121.048997059455,38.9030502401056],[-121.049015836149,38.9030232083899],[-121.04903461908,38.9029957099046],[-121.049053060538,38.9029674672081],[-121.049070809505,38.9029384499706],[-121.04908751717,38.9029084631213],[-121.049102939033,38.9028773948222],[-121.049116690042,38.902845132086],[-121.049128561943,38.9028114809917],[-121.049138796293,38.902776773033],[-121.049147741907,38.9027412032812],[-121.049155852644,38.9027049951261],[-121.049163405202,38.9026684803484],[-121.049170819037,38.9026318271367],[-121.049178476627,38.9025953406763],[-121.049186726048,38.9025592709519],[-121.049195810325,38.9025238396288],[-121.049205520099,38.902488935156],[-121.049215504353,38.9024545272036],[-121.04922548345,38.9024205036462],[-121.049235037569,38.9023867237523],[-121.049243921846,38.9023531031405],[-121.049251785633,38.9023195840248],[-121.049258280123,38.902285971335],[-121.049263229994,38.9022522361779],[-121.049266844975,38.9022184626479],[-121.049269581497,38.9021846819363],[-121.049271930026,38.9021510078922],[-121.049274276347,38.9021174985889],[-121.049277040648,38.9020842673011],[-121.049280573941,38.9020513443579],[-121.049285367058,38.9020188161514],[-121.049291734769,38.9019867950941],[-121.049299503955,38.9019550875514],[-121.049308430118,38.9019235816851],[-121.049318339404,38.9018921387745],[-121.049328917039,38.9018606464066],[-121.049339918527,38.9018289927434],[-121.049351206991,38.9017969020672],[-121.049362326739,38.9017642882735],[-121.04937341869,38.9017311250543],[-121.049384482476,38.9016974398665],[-121.049395760755,38.9016634818323],[-121.049407569034,38.9016293084502],[-121.049420114829,38.9015951685551],[-121.04943371181,38.9015612569294],[-121.049448570067,38.9015276302097],[-121.04946307028,38.9014984353287],[-121.049465002531,38.901494538092],[-121.049483043235,38.9014620632334],[-121.049502726949,38.9014302333772],[-121.049505469939,38.9014261505471],[-121.049523668257,38.901398962993],[-121.049545656331,38.9013682503572],[-121.049562078956,38.9013463892272],[-121.049568411905,38.9013379558874],[-121.049591723784,38.9013081053173],[-121.049615347107,38.9012786142659],[-121.049639001506,38.9012494255222],[-121.049662440649,38.901220564533],[-121.049685909399,38.9011921156789],[-121.049709335276,38.9011642431268],[-121.049732962408,38.9011370861709],[-121.049756963911,38.9011108384444],[-121.049781373455,38.9010856100619],[-121.049806329385,38.9010615669124],[-121.04983200482,38.901038902629],[-121.04985843453,38.9010176449553],[-121.049885797511,38.9009975482143],[-121.049913991289,38.9009783918894],[-121.049943127155,38.9009597375315],[-121.049973103369,38.90094130971],[-121.050004100028,38.9009227803773],[-121.050035980987,38.9009038189022],[-121.050068961112,38.9008841249805],[-121.050102868017,38.9008634500646],[-121.050137560049,38.9008418753763],[-121.050172894452,38.9008195645081],[-121.050208517278,38.9007967067878],[-121.05024435568,38.9007734938391],[-121.050280056446,38.9007500600765],[-121.050315511226,38.9007266242944],[-121.050350507727,38.9007032945989],[-121.050384797049,38.9006802886366],[-121.050418696899,38.9006574991631],[-121.050452417369,38.9006349828138],[-121.050486206257,38.9006126043127],[-121.050520414936,38.9005903665285],[-121.050555290472,38.9005681890984],[-121.050591113961,38.9005460743166],[-121.050628133201,38.9005238869058],[-121.050666523144,38.9005016832128],[-121.050706070761,38.9004796262564],[-121.050746350732,38.9004579871624],[-121.050787150766,38.9004368740367],[-121.05082797527,38.9004165574325],[-121.050868505074,38.9003972544234],[-121.050908491648,38.9003791552009],[-121.050947440138,38.9003624754056],[-121.050985242565,38.9003474063765],[-121.051022150399,38.900333538269],[-121.051058588958,38.9003205999558],[-121.051095019799,38.9003082382253],[-121.051131940349,38.9002960452382],[-121.05116977739,38.9002836400381],[-121.051208886697,38.9002706960085],[-121.051249765326,38.9002568327653],[-121.051292732811,38.9002418057744],[-121.051337400806,38.9002257491651],[-121.051383380596,38.9002088245238],[-121.051429999436,38.9001914107995],[-121.051476903752,38.9001736698669],[-121.051523563184,38.9001558445386],[-121.051569552786,38.9001381784882],[-121.051614201283,38.9001209408407],[-121.051657260518,38.900104294333],[-121.051698732326,38.9000881016826],[-121.051738619275,38.9000721706933],[-121.051777064482,38.9000563103144],[-121.051814105284,38.9000403560928],[-121.051849849661,38.9000241166912],[-121.051884441095,38.9000073736016],[-121.051917846647,38.8999899617975],[-121.051950209065,38.8999717176844],[-121.051981738073,38.8999527253525],[-121.052012435137,38.8999328749749],[-121.052042438237,38.8999123598961],[-121.052071958198,38.8998911818349],[-121.052100994285,38.8998693957055],[-121.052129792091,38.8998470309699],[-121.052158350516,38.8998241699988],[-121.052186880382,38.8998008145107],[-121.052215274079,38.8997771283876],[-121.052243603713,38.8997529749181],[-121.052271797177,38.8997284908137],[-121.052299924011,38.8997037315611],[-121.052327808898,38.8996786682718],[-121.052355626056,38.899653412205],[-121.052383200166,38.8996279344723],[-121.052410565634,38.899602290274],[-121.052437689886,38.8995762871258],[-121.052464609524,38.8995498154866],[-121.052491257939,38.8995226002155],[-121.052517601458,38.8994945311987],[-121.052543643745,38.8994653338679],[-121.052569350759,38.8994349255662],[-121.052594725431,38.899403086639],[-121.052619734089,38.8993697069728],[-121.052644374166,38.8993349787658],[-121.052668710808,38.899299286987],[-121.052692669712,38.8992629330895],[-121.052716281619,38.8992262468425],[-121.05273957727,38.8991895580146],[-121.052762623278,38.8991531417472],[-121.052785239198,38.8991173535489],[-121.052807597419,38.8990824419626],[-121.052829627302,38.899048433873],[-121.052851293713,38.8990153289941],[-121.052872632521,38.8989830726987],[-121.05289357382,38.8989516369576],[-121.052914118345,38.8989209668574],[-121.05293426573,38.8988910898552],[-121.052953981939,38.8988619232943],[-121.052973232201,38.8988334394321],[-121.052992055317,38.8988053639862],[-121.053010559261,38.8987775056169],[-121.053028642283,38.8987495888975],[-121.053046377953,38.8987213672885],[-121.053063840573,38.8986925393365],[-121.053080997201,38.8986629400144],[-121.05309792287,38.8986322129552],[-121.053114618678,38.8986002757883],[-121.053131046926,38.8985673204258],[-121.053147308262,38.8985337046655],[-121.053163328754,38.898499702504],[-121.053179138412,38.8984656986236],[-121.053194732843,38.8984320225072],[-121.053210108754,38.8983989212665],[-121.05322536643,38.898366780156],[-121.053240397166,38.8983358454297],[-121.05325541398,38.8983059540625],[-121.053270243752,38.8982769124263],[-121.053285205637,38.8982485034404],[-121.053300267795,38.8982204797068],[-121.053315538563,38.8981926224286],[-121.053331125179,38.8981647951795],[-121.053347031303,38.8981367233905],[-121.053432657204,38.8981295943279],[-121.053464008899,38.8980605408397],[-121.053476814504,38.8979988054734],[-121.053486418315,38.8979426458559],[-121.053493176092,38.8978917353656],[-121.053497829362,38.8978458054397],[-121.05350073315,38.8978045843696],[-121.053502368203,38.8977689135938],[-121.05350241816,38.8977678018762],[-121.053503450596,38.8977351605097],[-121.053504220981,38.8977063613901],[-121.053504666363,38.8976808548081],[-121.053504864698,38.8976580647411],[-121.053504648359,38.897637385708],[-121.053503989529,38.8976182682852],[-121.053502896625,38.8976000809645],[-121.053501166151,38.8975822728925],[-121.053498841295,38.8975642403038],[-121.053495752231,38.8975455424585],[-121.053492042434,38.8975259608452],[-121.053487571725,38.8975054668633],[-121.053482446976,38.8974839515429],[-121.053476528378,38.8974613588264],[-121.053469887301,38.8974376069149],[-121.053462489707,38.8974126131517],[-121.053454335965,38.8973863500798],[-121.053445461576,38.8973587905279],[-121.053435932789,38.8973302370938],[-121.053425885756,38.8973010204037],[-121.053415457361,38.8972714161704],[-121.053404676153,38.8972419189034],[-121.053393750019,38.8972127499739],[-121.053382813645,38.8971843498359],[-121.053371863373,38.8971569930582],[-121.05336114149,38.8971309562117],[-121.053350543322,38.8971061835247],[-121.053340001158,38.897082482227],[-121.053329551963,38.8970597153203],[-121.053319022621,38.8970376891762],[-121.053308450097,38.8970162667966],[-121.053297731546,38.8969952551249],[-121.053286868799,38.8969745168768],[-121.053275793047,38.8969539416528],[-121.053264504659,38.8969335019956],[-121.053253072805,38.8969132808482],[-121.053241566661,38.8968933611532],[-121.053229985493,38.8968737978243],[-121.053218293067,38.8968546729462],[-121.053206699832,38.8968360156919],[-121.053195099647,38.8968178801172],[-121.053183561686,38.8968003491648],[-121.053172122547,38.8967833132933],[-121.05316074856,38.8967666623892],[-121.053149406419,38.8967502588818],[-121.053138131992,38.8967340481437],[-121.05312685757,38.8967178374045],[-121.05311561902,38.8967015720364],[-121.053104347537,38.8966851416399],[-121.053093114856,38.8966684369596],[-121.053081919878,38.896651540366],[-121.053070726371,38.8966345339438],[-121.053059604604,38.8966174182652],[-121.05304858715,38.8966003858145],[-121.053037708047,38.8965835192485],[-121.053026931426,38.8965668731948],[-121.05301632646,38.8965505305964],[-121.053005892782,38.8965345189102],[-121.052995593427,38.8965189751345],[-121.052985358122,38.8965038986971],[-121.05297525787,38.8964892352565],[-121.0529651503,38.8964751209526],[-121.052954930371,38.8964615274702],[-121.052944738623,38.8964484559536],[-121.052934362781,38.8964360145137],[-121.052923874212,38.896424121352],[-121.052913166413,38.8964128579806],[-121.052902310386,38.8964021700582],[-121.052891164856,38.8963921113536],[-121.05287980156,38.8963825726118],[-121.052868184264,38.896373635917],[-121.052856314064,38.8963652188986],[-121.05284411996,38.8963573758978],[-121.052831532045,38.8963500788855],[-121.052818340972,38.8963432163167],[-121.052804232354,38.8963366483313],[-121.052788889974,38.8963303723532],[-121.052772070448,38.8963241941804],[-121.052753387286,38.8963181106639],[-121.052732632243,38.8963119278875],[-121.052709489832,38.8963055883604],[-121.052683750342,38.8962990079932],[-121.052669600357,38.8962955426188],[-121.052655940802,38.8962921910776],[-121.052626552011,38.8962852239901],[-121.052596322175,38.896278085284],[-121.052565706956,38.8962708610505],[-121.05253523375,38.8962635281265],[-121.052505708836,38.8962562303808],[-121.052477554572,38.8962489163359],[-121.052451261752,38.8962416723715],[-121.052426338114,38.8962345219376],[-121.052402254797,38.8962275980247],[-121.052378449635,38.8962208960524],[-121.052354394135,38.8962145215535],[-121.052329385223,38.8962084962581],[-121.052302894771,38.8962028982412],[-121.05227435915,38.8961978327478],[-121.052243321599,38.8961932960537],[-121.05220992486,38.8961891245612],[-121.052174416344,38.8961852104452],[-121.052137114834,38.8961813640832],[-121.052098232974,38.8961774499076],[-121.052058090281,38.8961732233825],[-121.052016933436,38.8961686315977],[-121.051974976182,38.8961634566159],[-121.051932606841,38.8961575643028],[-121.051890034028,38.8961511211178],[-121.051847537358,38.8961442391801],[-121.051805430117,38.8961371407233],[-121.051763956052,38.8961299924945],[-121.051723464315,38.8961229621008],[-121.051684092881,38.8961162428874],[-121.051646368042,38.8961098940673],[-121.051610214762,38.8961042720085],[-121.051575776879,38.8960991307466],[-121.051542808446,38.8960944682773],[-121.051511204424,38.8960902562852],[-121.051480826104,38.8960863563407],[-121.051451533677,38.8960827123846],[-121.051423223206,38.8960792137304],[-121.051395719381,38.896075831489],[-121.051368847625,38.896072481857],[-121.051342292822,38.8960690798848],[-121.051315669584,38.8960655400488],[-121.051288626929,38.8960618320257],[-121.051260814969,38.8960578431212],[-121.05123177695,38.8960535696082],[-121.051201232889,38.8960489268217],[-121.051168797768,38.8960438017794],[-121.051134225643,38.8960381924732],[-121.051098043174,38.8960321306584],[-121.051060916832,38.8960257041516],[-121.051023547852,38.896019028514],[-121.050986498398,38.8960121083332],[-121.050950610613,38.8960050328619],[-121.050916374923,38.8959979159434],[-121.05088452843,38.895990818515],[-121.050855527891,38.8959837443067],[-121.050828987553,38.8959766352523],[-121.050804135543,38.8959694026733],[-121.050780376764,38.8959618769542],[-121.05075704475,38.8959539702756],[-121.050733543672,38.8959455679346],[-121.050709137895,38.8959364991665],[-121.050683231223,38.895926676724],[-121.050655262598,38.8959160136462],[-121.050625442464,38.8959045391095],[-121.050594015302,38.8958923649481],[-121.050561297329,38.8958794937422],[-121.050527602926,38.8958660653572],[-121.050493178409,38.8958520543435],[-121.050458372927,38.8958376283105],[-121.050423502328,38.8958228172971],[-121.050388706419,38.8958076773646],[-121.050354263712,38.8957924030065],[-121.050320173472,38.8957770491369],[-121.050286468631,38.8957617807843],[-121.050253324129,38.8957466542976],[-121.050220842432,38.8957318901932],[-121.050188881532,38.8957175971512],[-121.050157721772,38.8957038323817],[-121.050127465986,38.8956907889444],[-121.050097658887,38.8956783532816],[-121.050068091499,38.895666386387],[-121.05003851751,38.8956549137086],[-121.050008658043,38.8956437682089],[-121.049978022678,38.8956328360416],[-121.049946541511,38.8956220891752],[-121.049913794025,38.8956114417935],[-121.049879677021,38.8956007282932],[-121.049844435707,38.8955900055963],[-121.049808562343,38.8955792502641],[-121.049772512948,38.8955685209423],[-121.04973667474,38.895557765875],[-121.049701539609,38.8955469890823],[-121.049667493305,38.895536248637],[-121.049634993315,38.8955254933592],[-121.049604355118,38.8955147807483],[-121.049575508444,38.8955041102315],[-121.049548030938,38.8954935332778],[-121.049521711422,38.895483075622],[-121.049496303583,38.8954727627114],[-121.049471560743,38.89546264745],[-121.049447025411,38.8954527810184],[-121.049422627685,38.8954431353855],[-121.049398049514,38.8954338452507],[-121.049373223567,38.8954246903844],[-121.049348394686,38.8954157551679],[-121.049323353532,38.89540692805],[-121.049298312384,38.8953981009268],[-121.049273218541,38.8953892733673],[-121.049248301848,38.8953803374112],[-121.049223369799,38.8953712365649],[-121.049198581605,38.8953618897505],[-121.049173798564,38.8953521585346],[-121.049148847208,38.8953418767395],[-121.049123520038,38.8953307955294],[-121.049097712385,38.8953188591286],[-121.04907128702,38.8953058192754],[-121.049044035343,38.8952915095043],[-121.049015818653,38.8952757913812],[-121.048986533021,38.8952585542156],[-121.04895631531,38.895240073725],[-121.048925407422,38.8952206539458],[-121.048894085655,38.8952006541155],[-121.048862485403,38.8951804597797],[-121.048830883697,38.8951603752626],[-121.048799452167,38.895140704027],[-121.048768466372,38.8951218602253],[-121.048737993638,38.8951040640877],[-121.048707685559,38.8950870930853],[-121.048677052823,38.895070750996],[-121.048645642356,38.8950547595143],[-121.048612931185,38.8950388123021],[-121.048578536138,38.8950226590843],[-121.048541898375,38.895006048148],[-121.048502564456,38.8949887286419],[-121.048460290652,38.8949705338097],[-121.04841612622,38.8949518292126],[-121.048371260224,38.8949330364777],[-121.048326916119,38.8949146324347],[-121.048284282226,38.8948970936278],[-121.048244652635,38.8948808700087],[-121.048209286299,38.8948664112431],[-121.048179300161,38.8948542756751],[-121.048155711644,38.8948445814763],[-121.048137357256,38.8948376211857],[-121.048122707263,38.894832174049],[-121.048107937343,38.8948251881753],[-121.048100594978,38.8948198283143],[-121.048092719535,38.8948122947583],[-121.048083731933,38.8948038459215],[-121.048072243721,38.8947932072829],[-121.048057931525,38.8947782892434],[-121.048046570638,38.8947633953625],[-121.048028859436,38.8947451543077],[-121.048009870718,38.8947252277386],[-121.047990161118,38.8947040321099],[-121.047970286162,38.8946820662471],[-121.047950908992,38.8946596650982],[-121.047932514863,38.8946373269141],[-121.047915590503,38.8946154401188],[-121.047900066379,38.894593949224],[-121.047885696916,38.8945728247595],[-121.047872377813,38.8945519834923],[-121.047859758094,38.8945313950889],[-121.047847734194,38.8945109214022],[-121.047836095307,38.8944905607062],[-121.047824561462,38.8944702283291],[-121.04781302836,38.8944498410369],[-121.047801531872,38.8944293442038],[-121.047790142265,38.8944087384051],[-121.047778966049,38.8943879421335],[-121.047768003959,38.894366900475],[-121.047757431666,38.8943456148685],[-121.047747285041,38.894324030688],[-121.047737635458,38.8943020661384],[-121.047728553183,38.8942797217952],[-121.047719930974,38.8942571340799],[-121.047711627187,38.8942343842121],[-121.047703570083,38.8942115814441],[-121.047695581779,38.8941888890784],[-121.0476875554,38.8941664160793],[-121.04767938444,38.8941442439543],[-121.047670925783,38.8941225637504],[-121.047662144297,38.8941013751798],[-121.047652937523,38.8940804577243],[-121.047643484814,38.8940595382539],[-121.047633754352,38.8940383693688],[-121.047623857062,38.8940165400791],[-121.04761376002,38.8939938853559],[-121.047603643315,38.8939700771554],[-121.04759344073,38.8939448128765],[-121.047583259878,38.8939179286411],[-121.047573202479,38.8938896998815],[-121.047563299617,38.8938604289108],[-121.047553544665,38.8938306099528],[-121.047544145112,38.8938004918461],[-121.047535094698,38.8937705413575],[-121.047526494773,38.8937410613761],[-121.047518375317,38.893712436586],[-121.047510767779,38.8936849418437],[-121.047503497593,38.8936584933399],[-121.047496427169,38.8936328702685],[-121.047489276907,38.8936079604996],[-121.047481910322,38.8935834608566],[-121.04747408295,38.8935592594972],[-121.047465693072,38.8935350809894],[-121.047456425589,38.893510840372],[-121.04744621281,38.8934863448713],[-121.047435089872,38.8934615947747],[-121.047423231708,38.8934366464348],[-121.047410778119,38.8934115559164],[-121.047397869639,38.8933863243706],[-121.0473846457,38.8933610353191],[-121.04737124647,38.8933357173701],[-121.047357811747,38.8933104265884],[-121.047344516833,38.8932851918702],[-121.047331324751,38.8932601502121],[-121.047318375668,38.8932353302223],[-121.047305668111,38.8932108417283],[-121.047293306375,38.8931867679646],[-121.047281324488,38.8931631915895],[-121.047269756111,38.8931402227187],[-121.047258670773,38.8931179168417],[-121.047248067737,38.8930963288724],[-121.047237842706,38.8930753755766],[-121.047227927991,38.8930548641808],[-121.047218079128,38.8930346828423],[-121.047208298329,38.8930146668199],[-121.047198412502,38.8929946224762],[-121.047188246716,38.8929744934578],[-121.047177733652,38.8929540595341],[-121.047166769382,38.8929332100136],[-121.047155387936,38.892912027555],[-121.047143728007,38.8928906505938],[-121.047131859862,38.8928690797059],[-121.047119885955,38.8928475354099],[-121.047107982322,38.8928259916885],[-121.047096146385,38.8928046407397],[-121.047084588576,38.8927835117479],[-121.047073201652,38.892762741134],[-121.04706202222,38.8927422193582],[-121.047050840216,38.8927218897794],[-121.04703951621,38.8927016688753],[-121.047027911143,38.8926814456666],[-121.047015815319,38.8926611360549],[-121.047003124075,38.8926406842627],[-121.046989663217,38.8926199790223],[-121.046975293687,38.8925989093543],[-121.046959873846,38.8925775564773],[-121.046943439566,38.8925558657649],[-121.046925849578,38.8925338909786],[-121.046907033615,38.892511631542],[-121.046886955441,38.8924891695371],[-121.046865510393,38.8924664491855],[-121.046842627838,38.8924434973674],[-121.046818307408,38.8924203415389],[-121.046792512868,38.8923970637816],[-121.046765385119,38.8923736377898],[-121.046736957822,38.8923501736779],[-121.046707336012,38.8923266997661],[-121.046676519319,38.8923032435103],[-121.046644648279,38.8922798060616],[-121.046611755814,38.8922565524487],[-121.046577913298,38.892233400876],[-121.046543189891,38.8922104342895],[-121.046507689889,38.8921877359235],[-121.046471483926,38.8921652788964],[-121.046434570898,38.8921431455781],[-121.046397161234,38.8921213651538],[-121.046359219434,38.8920999647916],[-121.046320850528,38.8920789728124],[-121.046282159177,38.8920584449938],[-121.04624311246,38.8920382163063],[-121.046203675613,38.8920182590043],[-121.04616392259,38.8919982990952],[-121.046123748361,38.8919783082571],[-121.046083155506,38.8919580942915],[-121.046042215031,38.8919376028607],[-121.046000788986,38.8919166406131],[-121.045959054514,38.8918950991622],[-121.045917044903,38.8918731160801],[-121.045874970585,38.8918507205531],[-121.045832970618,38.8918280235618],[-121.045791184059,38.8918051360871],[-121.045749924891,38.8917822254651],[-121.045709228986,38.8917592370712],[-121.045669375193,38.8917363379537],[-121.045630395323,38.8917137755139],[-121.045592360749,38.8916914679587],[-121.045555163118,38.8916696340788],[-121.045518836823,38.8916483290773],[-121.045483203246,38.8916277711679],[-121.045448367784,38.8916079612164],[-121.04541418732,38.8915890902681],[-121.045380660745,38.8915712406942],[-121.045347646049,38.8915545211688],[-121.045314831831,38.8915385721572],[-121.045281731028,38.8915230326817],[-121.045247996739,38.8915075703749],[-121.045213141904,38.8914918242582],[-121.045176821099,38.8914753521358],[-121.045138546159,38.8914578753984],[-121.045097936531,38.8914389515607],[-121.045054784006,38.8914183866908],[-121.045009579344,38.8913962671961],[-121.044963125434,38.8913729841072],[-121.044916157855,38.8913487082237],[-121.044869444731,38.8913238028333],[-121.044823755661,38.8912985213972],[-121.044779790347,38.8912730893438],[-121.04473835204,38.8912478702527],[-121.044700000646,38.8912230334861],[-121.044664527211,38.8911984400307],[-121.04463144135,38.8911739760205],[-121.044617969795,38.8911632795419],[-121.04460053485,38.8911494475275],[-121.044571213038,38.8911246574479],[-121.044543231831,38.8910994664777],[-121.044516137457,38.89107365121],[-121.044489475038,38.8910470706078],[-121.044462931337,38.8910195024183],[-121.044436230095,38.8909905873923],[-121.044409095425,38.8909599388239],[-121.044381358316,38.8909270610454],[-121.044352705903,38.8908917043458],[-121.044322863412,38.8908533996476],[-121.044300358584,38.8908233657624],[-121.044270389842,38.8907370051737],[-121.044248955194,38.8906640053177],[-121.044234916662,38.8906027641713],[-121.044227230052,38.8905538498128],[-121.044226922898,38.8905518701746],[-121.044223975369,38.8905098048267],[-121.044224584064,38.8904750181256],[-121.044227678719,38.8904461008188],[-121.044232085151,38.8904215329599],[-121.044236801521,38.8904000431582],[-121.044241556005,38.8903809426816],[-121.044246459915,38.8903637930866],[-121.044251588318,38.8903482380113],[-121.044256984106,38.8903337011502],[-121.044262686476,38.8903198807664],[-121.044268702448,38.8903062551793],[-121.04427514407,38.8902923310314],[-121.044282050169,38.8902778340427],[-121.044289315717,38.89026273589],[-121.044296869709,38.8902470909095],[-121.044304675166,38.8902310360965],[-121.044312660715,38.8902146532444],[-121.044320720219,38.8901979964004],[-121.044328816699,38.8901812025602],[-121.044336845128,38.8901642434007],[-121.044344767417,38.8901473382881],[-121.044352548803,38.8901304594769],[-121.044360222943,38.8901137170832],[-121.044367824967,38.890097111396],[-121.044375247631,38.8900807788332],[-121.044382595595,38.890064775175],[-121.044389798224,38.8900491273007],[-121.04439685441,38.890033917581],[-121.044403904682,38.8900191471709],[-121.044410843643,38.890004815204],[-121.04441781404,38.8899907580942],[-121.04442492016,38.8899770590783],[-121.044432165697,38.8899634435873],[-121.044439725574,38.8899499679786],[-121.044447531743,38.8899364669336],[-121.044455725101,38.8899229141501],[-121.044464412152,38.8899092281235],[-121.044473592897,38.8898954088536],[-121.04448330099,38.8898815664568],[-121.044493571192,38.8898677286781],[-121.044504508901,38.8898538963839],[-121.044516042373,38.8898401788237],[-121.044528241503,38.8898266040319],[-121.044541176186,38.8898132000423],[-121.044554810182,38.8898000489368],[-121.044569108727,38.8897871229694],[-121.044583825527,38.8897744475762],[-121.044598889579,38.8897620770934],[-121.044614231728,38.8897499285729],[-121.044629640442,38.8897380551965],[-121.044645009956,38.8897264835549],[-121.044660129847,38.8897151844596],[-121.044675035248,38.8897041581991],[-121.044689868534,38.8896932686438],[-121.044704805735,38.8896824897801],[-121.044720097574,38.8896714666887],[-121.044735989238,38.8896602563039],[-121.044752729605,38.8896486409906],[-121.04477049581,38.8896365123641],[-121.044789501231,38.8896236799573],[-121.044809992527,38.8896100908762],[-121.044831792192,38.8895958809614],[-121.044854617691,38.8895811577308],[-121.044878361781,38.8895660576026],[-121.044902811085,38.8895507710429],[-121.044927752964,38.8895354336041],[-121.044952904885,38.8895201528052],[-121.044978157761,38.8895052023489],[-121.045003335932,38.8894905807926],[-121.045028262631,38.8894763690641],[-121.045053042886,38.8894625954863],[-121.045077394534,38.8894493401215],[-121.045101495081,38.8894364671284],[-121.045125097128,38.8894240843149],[-121.04514823507,38.8894122468836],[-121.045170875252,38.8894008447189],[-121.045192946303,38.8893899596146],[-121.045214730755,38.8893794840516],[-121.045236476378,38.8893692827647],[-121.045258571837,38.8893591941859],[-121.045281158767,38.8893491370982],[-121.045304659856,38.8893390325922],[-121.04532932435,38.8893286355743],[-121.045355432932,38.8893179758085],[-121.045383164583,38.8893068076238],[-121.045412130267,38.8892953200446],[-121.045441871795,38.8892836191481],[-121.045471824841,38.8892718650608],[-121.045501531587,38.8892601364038],[-121.045530462101,38.8892486485067],[-121.045558123434,38.8892374797034],[-121.045584057027,38.8892267635304],[-121.045607805062,38.8892165786109],[-121.045629682989,38.8892069824551],[-121.045649972232,38.889197949914],[-121.045669129874,38.8891894572799],[-121.045687507972,38.8891814525232],[-121.045705386842,38.8891739928645],[-121.045723224674,38.8891669722248],[-121.045741372416,38.8891604209442],[-121.04576004123,38.8891543132956],[-121.045779337615,38.8891485677731],[-121.04579905189,38.8891431002757],[-121.045803335892,38.8891419821155],[-121.045819044265,38.8891378547365],[-121.045839316585,38.8891326938707],[-121.045859622926,38.8891276156604],[-121.045879929634,38.8891225099896],[-121.045900133156,38.8891172387092],[-121.045920092598,38.889111828123],[-121.045940090118,38.8891061981666],[-121.04596033614,38.8891003780263],[-121.045981147585,38.8890943153826],[-121.046002734507,38.8890880668782],[-121.046025343564,38.8890815796168],[-121.04604925581,38.8890748559034],[-121.046074682034,38.8890678974666],[-121.046101833026,38.8890607060348],[-121.046130392231,38.8890533064697],[-121.046159937331,38.8890457502256],[-121.046190011244,38.8890380610125],[-121.046220296677,38.8890303186068],[-121.046250266657,38.889022518686],[-121.046279533627,38.8890147404512],[-121.046307781034,38.8890070087665],[-121.04633458693,38.8889993476317],[-121.046360232738,38.8889917318961],[-121.046385069774,38.8889841644417],[-121.04640945083,38.8889765383227],[-121.046433727223,38.8889688564205],[-121.046458215876,38.8889610664143],[-121.046483303605,38.8889531440161],[-121.046509377226,38.8889450649377],[-121.04653654324,38.888936747672],[-121.04656476504,38.8889283017578],[-121.046593761204,38.8889197523464],[-121.04662325031,38.88891112459],[-121.046652984961,38.8889025262993],[-121.046682648605,38.8888939823387],[-121.046712065215,38.8888855187249],[-121.046740881632,38.8888772698624],[-121.046768993199,38.888869179974],[-121.046796400284,38.888861221603],[-121.046823385784,38.8888532597698],[-121.046850126093,38.8888452410005],[-121.046876728081,38.8888370563319],[-121.046903475379,38.8888285158696],[-121.046930472645,38.8888196753911],[-121.046957933984,38.888810289512],[-121.046985929289,38.8888003862647],[-121.047014422692,38.8887900202748],[-121.047043061034,38.888779325947],[-121.047071700841,38.8887685217845],[-121.047100130218,38.8887576884306],[-121.047128065903,38.8887469883236],[-121.047155401028,38.8887365304276],[-121.047181782067,38.8887264766056],[-121.047207207548,38.8887169366857],[-121.047231712972,38.8887078834996],[-121.047255615629,38.8886992372679],[-121.047279093019,38.888690862146],[-121.047302461325,38.8886827607245],[-121.047325862548,38.8886748243276],[-121.047349578476,38.888667000344],[-121.047373856872,38.8886591535039],[-121.047398838629,38.8886512575014],[-121.047424488615,38.8886433120481],[-121.047450702174,38.8886352613665],[-121.047477268146,38.8886271311863],[-121.047504222031,38.8886188943381],[-121.047531282777,38.8886105485195],[-121.047558415622,38.8886020659856],[-121.047585479669,38.8885934730423],[-121.047612369894,38.8885847413696],[-121.047639086663,38.8885758435105],[-121.047665560083,38.8885667514328],[-121.04769182602,38.8885574105108],[-121.047717848239,38.8885479028274],[-121.047743628581,38.8885380910984],[-121.047769131544,38.8885280024931],[-121.04779439263,38.8885176098425],[-121.047819341575,38.8885069125714],[-121.047844189534,38.8884958849493],[-121.047869041167,38.8884845827529],[-121.047894036999,38.888473007133],[-121.047919352318,38.8884611869846],[-121.047945162045,38.8884491786597],[-121.047971537178,38.8884369278193],[-121.047998651901,38.8884245457289],[-121.048026647109,38.8884120060816],[-121.048055170013,38.8883994158281],[-121.048083904432,38.8883867723795],[-121.048112426948,38.8883742095688],[-121.048140385513,38.888361779434],[-121.048167463207,38.888349534301],[-121.048193307615,38.8883375536653],[-121.048217496056,38.8883259164475],[-121.048239817377,38.8883146483802],[-121.048260482366,38.8883037511897],[-121.048279702548,38.8882931716886],[-121.048297865106,38.8882828581268],[-121.048315216694,38.8882727576037],[-121.048332144126,38.8882628458258],[-121.048338802162,38.8882589186335],[-121.048348753164,38.888253096199],[-121.048365537118,38.8882434029213],[-121.048382671277,38.888233794887],[-121.048400226271,38.8882242452141],[-121.048418273099,38.8882146995638],[-121.048436812496,38.888205103022],[-121.048455843726,38.8881955105022],[-121.04847550805,38.8881858682404],[-121.048495770704,38.8881761484919],[-121.048516667187,38.888166324087],[-121.048538232262,38.8881564227696],[-121.048560396769,38.888146361594],[-121.048583161445,38.8881360856457],[-121.04860641979,38.8881256764329],[-121.048630137777,38.8881150512972],[-121.048654246246,38.8881041272925],[-121.0486786742,38.8880929587578],[-121.048703457503,38.8880814910663],[-121.048728455999,38.8880696956114],[-121.04875377177,38.888057820367],[-121.048779510211,38.8880458661953],[-121.048805632513,38.8880341073775],[-121.048832242231,38.8880226820599],[-121.048859442919,38.8880117283889],[-121.048887267504,38.8880014113927],[-121.048915783675,38.8879919238438],[-121.048945095722,38.8879833489747],[-121.048975135223,38.8879755489254],[-121.049005869252,38.8879683586666],[-121.049037372118,38.8879614767468],[-121.049069539161,38.8879548473895],[-121.049102374426,38.8879481685682],[-121.049135843883,38.8879413576245],[-121.049170022574,38.8879340581928],[-121.04920473521,38.8879262413792],[-121.049239910424,38.8879179889792],[-121.04927526643,38.8879093536083],[-121.049310623531,38.8879006358561],[-121.049345771674,38.8878917790851],[-121.049380496397,38.8878830561414],[-121.049414585811,38.8878745476726],[-121.049447861689,38.8878664444417],[-121.049480182771,38.8878588002143],[-121.049511513928,38.8878516147041],[-121.049542101814,38.8878448350083],[-121.049571981192,38.8878384888715],[-121.049601294793,38.8878324127015],[-121.049630182407,38.8878266625612],[-121.049658715398,38.8878211566543],[-121.049687070526,38.8878158140462],[-121.049715423077,38.8878106636295],[-121.049743878446,38.8878057062654],[-121.049772963232,38.8878009737174],[-121.049802887855,38.8877964951645],[-121.049833932996,38.8877923003595],[-121.049866519861,38.8877884202034],[-121.049900893634,38.8877849116182],[-121.04993736976,38.8877818320994],[-121.049976159761,38.8877791284536],[-121.050016807667,38.8877767420333],[-121.050058928506,38.8877745598518],[-121.050101891019,38.8877724943707],[-121.050145310969,38.8877703776908],[-121.050188555995,38.887768204646],[-121.050231207462,38.8877657521377],[-121.05027273987,38.8877629060348],[-121.050312766779,38.887759663182],[-121.050351674996,38.8877559992803],[-121.050389920858,38.8877519455176],[-121.050428065728,38.8877475613987],[-121.05046653081,38.8877428778235],[-121.050505842337,38.8877379540086],[-121.050546562771,38.8877327670863],[-121.050589077087,38.8877274300378],[-121.050633842354,38.8877219191335],[-121.050680892235,38.8877163444851],[-121.0507301561,38.8877107329732],[-121.050781387663,38.8877051100442],[-121.050834656819,38.887699503726],[-121.05088982231,38.8876939677825],[-121.050946742512,38.8876885834348],[-121.051005382291,38.8876833503935],[-121.051065600392,38.887678322423],[-121.051127117599,38.8876733599428],[-121.051189725327,38.8876682964893],[-121.051253003837,38.8876629913365],[-121.051316709045,38.8876573051921],[-121.05138052697,38.8876510707348],[-121.051444213161,38.8876441761303],[-121.051507454369,38.8876363991445],[-121.051570040174,38.8876277106019],[-121.051631935808,38.8876180827599],[-121.051693386087,38.8876075999962],[-121.05175442504,38.8875963449687],[-121.051815122927,38.8875843182509],[-121.051875723464,38.8875716865902],[-121.051936191885,38.8875584222432],[-121.051996773007,38.8875446095859],[-121.052057464628,38.8875304133596],[-121.052117845176,38.8875158301274],[-121.052177632871,38.8875009125125],[-121.052236298181,38.8874858484189],[-121.052293489432,38.8874706624417],[-121.052348818352,38.8874554887181],[-121.05240179201,38.8874404056131],[-121.052451952607,38.8874254917789],[-121.052499158522,38.8874108284447],[-121.052543587244,38.8873962797608],[-121.052585556784,38.8873817110223],[-121.052625385885,38.8873669326097],[-121.052663497584,38.8873518381321],[-121.052700245388,38.887336265712],[-121.052735948038,38.8873200257283],[-121.052770993439,38.8873030115025],[-121.052805734728,38.8872850886123],[-121.052840275834,38.8872663677444],[-121.052874859741,38.8872470705572],[-121.05290945022,38.8872272791354],[-121.052944360519,38.8872072157094],[-121.052979659433,38.8871869906789],[-121.053015484557,38.8871668248433],[-121.053052010446,38.8871468020035],[-121.053089234538,38.887127114357],[-121.053127122067,38.8871077341603],[-121.053165250732,38.8870887128935],[-121.053203445979,38.8870699667555],[-121.053241356865,38.8870514654287],[-121.053278877999,38.8870332080551],[-121.053315622578,38.8870152189459],[-121.05335134542,38.8869974411856],[-121.053385941134,38.8869798739173],[-121.053419339825,38.886962489113],[-121.053451718246,38.886945205833],[-121.053483110064,38.8869281341917],[-121.053513656901,38.8869111929632],[-121.053543394255,38.8868943549771],[-121.053572497413,38.8868776491207],[-121.053601073232,38.8868609664247],[-121.053629190876,38.8868443898321],[-121.053657062958,38.8868277837744],[-121.053684970889,38.8868111230819],[-121.053713196446,38.8867943551283],[-121.053741987372,38.8867773446301],[-121.053771554083,38.8867601207591],[-121.053802250081,38.8867425216321],[-121.053834215519,38.8867245758485],[-121.053867592383,38.8867061747233],[-121.053902061569,38.8866875353377],[-121.053937024393,38.8866687626592],[-121.053972020501,38.8866501275405],[-121.054006521472,38.8866317355219],[-121.054039926795,38.8866138288573],[-121.05407167475,38.8865963755179],[-121.054101338654,38.8865797564722],[-121.054128529878,38.8865641333197],[-121.05415367182,38.8865493722069],[-121.054177187877,38.8865353392799],[-121.05419957207,38.8865218737989],[-121.054221318422,38.8865088150235],[-121.054242885457,38.8864960293845],[-121.054264803058,38.8864833015128],[-121.054287529018,38.886470552752],[-121.054311416833,38.8864576212174],[-121.054336572261,38.8864444803087],[-121.05436292504,38.8864311294536],[-121.054390404907,38.8864175680798],[-121.054418941601,38.886403795615],[-121.054448605016,38.886389840087],[-121.054479184735,38.8863756723237],[-121.054510715886,38.8863612926102],[-121.054543092348,38.8863467550024],[-121.054576102606,38.8863321126997],[-121.054609429023,38.8863174729584],[-121.054642859722,38.8863029164352],[-121.054676006806,38.8862885498157],[-121.054708728657,38.8862744543286],[-121.054740672147,38.8862607644029],[-121.054771555501,38.8862475326681],[-121.054801272234,38.8862348406393],[-121.0548299292,38.8862225793463],[-121.054857984922,38.8862106152176],[-121.054885581199,38.8861988532968],[-121.054913142337,38.886187091084],[-121.05494088003,38.8861752616499],[-121.054969217853,38.886163217408],[-121.054998403907,38.8861507956148],[-121.055028649706,38.8861379430691],[-121.055059813996,38.8861247135417],[-121.055091719298,38.8861112428891],[-121.055124048707,38.8860975834551],[-121.055156623652,38.8860839534674],[-121.055189127592,38.8860703778134],[-121.055221418182,38.886056992636],[-121.055253247319,38.8860439606788],[-121.055284370187,38.8860311975733],[-121.055315067098,38.8860187605174],[-121.055345655686,38.8860065422524],[-121.055376452854,38.8859944904334],[-121.05540763681,38.8859824142887],[-121.055439770001,38.8859702909272],[-121.055472889748,38.8859579558923],[-121.055507453839,38.8859453305219],[-121.055543568393,38.885932360757],[-121.055580951272,38.8859191266843],[-121.055619214583,38.8859057349914],[-121.055657968971,38.8858924021942],[-121.05569675665,38.8858792069541],[-121.055735224127,38.8858663111594],[-121.055772878122,38.8858538206441],[-121.055809399908,38.88584192504],[-121.055844402325,38.8858306761241],[-121.05587785061,38.8858200461554],[-121.055909850519,38.8858100085342],[-121.055940438645,38.8858004537193],[-121.055969650118,38.8857913819969],[-121.05599755739,38.8857826291971],[-121.056024229991,38.885774250805],[-121.056049670478,38.885766054623],[-121.056074019005,38.8857580692496],[-121.056097697865,38.8857502431941],[-121.056120989194,38.8857424963674],[-121.056144385179,38.8857348053055],[-121.056168307381,38.8857271734303],[-121.056193108559,38.8857194937654],[-121.056219246136,38.8857117151033],[-121.056247140576,38.8857039232358],[-121.056277076204,38.8856958733304],[-121.056308842603,38.8856875362178],[-121.056342338028,38.8856786364719],[-121.056377353889,38.8856690076389],[-121.056413541799,38.8856584272112],[-121.056450763789,38.8856467018489],[-121.056488741372,38.8856336370719],[-121.056527266315,38.8856190389705],[-121.056566129296,38.8856027960063],[-121.056605010859,38.8855851527259],[-121.056643590819,38.8855664085901],[-121.056681583395,38.8855469182592],[-121.056718703169,38.8855270089369],[-121.056754630326,38.8855069526283],[-121.056789077262,38.8854872412793],[-121.056821760753,38.885468037353],[-121.056852395385,38.8854496680543],[-121.056881367227,38.8854321639764],[-121.056909028308,38.8854154730559],[-121.056935765425,38.8853995709714],[-121.056961930244,38.8853844331157],[-121.056987945053,38.8853700079946],[-121.057014196649,38.8853562712852],[-121.057041037058,38.8853431709226],[-121.057086558506,38.885322890264],[-121.057211790219,38.8852793933168],[-121.057255770887,38.8852640154181],[-121.057303073059,38.8852472090594],[-121.057353236397,38.8852292451032],[-121.057405308017,38.8852104453396],[-121.057458546547,38.885191078355],[-121.057512174026,38.8851715222798],[-121.057565308201,38.8851520720209],[-121.057617241011,38.8851331337386],[-121.057667161195,38.8851149479983],[-121.057714538529,38.8850977576442],[-121.057759970225,38.8850815675194],[-121.057804442104,38.8850662208554],[-121.0578488346,38.8850515600283],[-121.057894062544,38.8850374826114],[-121.057941111755,38.8850238318319],[-121.057990826075,38.8850105596045],[-121.058044157285,38.8849974264979],[-121.058101668551,38.8849843546896],[-121.058162657277,38.884971338482],[-121.058226035894,38.884958259221],[-121.058290679886,38.8849451352546],[-121.058355536088,38.8849319031316],[-121.05841951548,38.8849185540324],[-121.05848160039,38.8849049973379],[-121.058540631177,38.8848912511212],[-121.058595765092,38.8848772811036],[-121.058647142656,38.8848630884282],[-121.058694939519,38.8848486745221],[-121.058739470394,38.8848341517769],[-121.058780982282,38.8848194398163],[-121.058819789897,38.8848046510305],[-121.058856209044,38.8847898154386],[-121.058890485994,38.8847749075761],[-121.058922865566,38.8847600118061],[-121.058953699784,38.8847450760597],[-121.058983269686,38.8847301026126],[-121.059011821544,38.8847150659991],[-121.059039671162,38.8846999962356],[-121.05906713507,38.8846848684242],[-121.059094494305,38.8846696848396],[-121.059121995501,38.8846543925579],[-121.059149990318,38.8846389669648],[-121.059178832598,38.8846232187039],[-121.05920887727,38.8846068760478],[-121.059240514397,38.8845896675529],[-121.059274027556,38.8845714032931],[-121.05930991256,38.8845517852195],[-121.059348418583,38.8845305682071],[-121.059389970448,38.8845075085511],[-121.059434780379,38.8844824981257],[-121.059482841097,38.8844560860657],[-121.059533898693,38.8844288744307],[-121.059587803553,38.8844015485037],[-121.059636027911,38.8843813436373],[-121.059674051487,38.884364708416],[-121.059827894562,38.8843040579626],[-121.059974145799,38.8842515838911],[-121.060186829239,38.8841675735012],[-121.060412793236,38.8840835052903],[-121.06057242283,38.8839996421061],[-121.060882621814,38.8838687205204],[-121.061151178893,38.8837650041225],[-121.061286996646,38.8836378631403],[-121.061394929144,38.8834487670896],[-121.061429751231,38.8832316620855],[-121.061432220041,38.8832163182141],[-121.061570072248,38.8829270976747],[-121.061582928398,38.8827823505873],[-121.061588645467,38.8827179209383],[-121.061585545571,38.8824659240747],[-121.061566751913,38.8822663312816],[-121.0614650573,38.8819914882638],[-121.061312002651,38.8816686425093],[-121.06122755454,38.8814712655248],[-121.061121781598,38.8813031532604],[-121.061006057774,38.8811729375454],[-121.060856069371,38.8810143809307],[-121.060647527203,38.8808391497059],[-121.060524704068,38.8807012972032],[-121.060387637363,38.8805726108935],[-121.060227682082,38.8804187783655],[-121.059996515076,38.8802172761541],[-121.059733974018,38.8800717575919],[-121.059585562422,38.8799643148899],[-121.059501319444,38.8797837985933],[-121.059397200532,38.8796690251702],[-121.059218880315,38.8795122142532],[-121.05906485255,38.879372734639],[-121.05885947787,38.8791420842041],[-121.058706977922,38.8789749094286],[-121.058525911089,38.8788214801999],[-121.058426385108,38.8787076217817],[-121.058307515611,38.8785662839929],[-121.058206109809,38.8783690418898],[-121.058150551681,38.8783067521082],[-121.058029563812,38.8781159690322],[-121.057848368274,38.8778970320603],[-121.057731052663,38.8777552668835],[-121.057056885409,38.8769406259358],[-121.056891118112,38.8767269475353],[-121.056460722116,38.8761721288057],[-121.056390023338,38.8760809921867],[-121.056110665057,38.8756800063926],[-121.055935132388,38.875568494267],[-121.055765063087,38.8752970722216],[-121.05576518184,38.8750952153234],[-121.055720533146,38.8748415349091],[-121.055623094577,38.8745951967978],[-121.055505325715,38.874369370741],[-121.055427441279,38.8741293423322],[-121.055371339009,38.8739102780221],[-121.055375958134,38.873724054891],[-121.055375723531,38.873498661923],[-121.055362847955,38.8731804340609],[-121.055337804009,38.8730112147064],[-121.055213801226,38.8728397082854],[-121.055066497325,38.8726479940346],[-121.054937571166,38.8725245296179],[-121.054810458459,38.8723704070559],[-121.0547739533,38.8722126000739],[-121.054765736229,38.8720223183176],[-121.054673751377,38.8718708702284],[-121.054560000503,38.8717237759286],[-121.054437760946,38.8715784522797],[-121.054321421477,38.8714622840242],[-121.054172915998,38.8712504032024],[-121.054127441829,38.8711595801699],[-121.05405450958,38.871049476487],[-121.053938969859,38.8708786416031],[-121.053845627242,38.8707265227251],[-121.053783546249,38.8706246078626],[-121.053792424421,38.8702705567559],[-121.053798533964,38.8700267896803],[-121.053749100718,38.8698034400372],[-121.0537470519,38.8697990297688],[-121.053663943626,38.8696197262998],[-121.053623099341,38.869566451013],[-121.053551558372,38.8694918365489],[-121.053518953331,38.8694608159403],[-121.053461756283,38.8694063639674],[-121.053432566904,38.8693219890166],[-121.053388152599,38.8692124191472],[-121.053367165446,38.8691267105134],[-121.053360633911,38.8690395818397],[-121.053327042945,38.8688716927793],[-121.0533247495,38.8687881134884],[-121.05329504508,38.8686844299579],[-121.053275524561,38.8685756668904],[-121.05325488541,38.8684269679449],[-121.053243379696,38.8683072037866],[-121.053232058026,38.8681947180104],[-121.053218994197,38.8680943553386],[-121.053178501077,38.8679726525468],[-121.053110763935,38.8678368056197],[-121.053067777633,38.8677756865818],[-121.053053648604,38.8677104639421],[-121.053064170632,38.8674849936326],[-121.053089560424,38.8673562759988],[-121.053115240209,38.8672347826877],[-121.053143636931,38.867138711956],[-121.053195001863,38.8670507916876],[-121.053264897291,38.8669613747265],[-121.053335122889,38.8668840702511],[-121.053414538979,38.8667654858903],[-121.053493386258,38.866626301881],[-121.053500991547,38.8665220983742],[-121.053527696068,38.8663631579396],[-121.053541614928,38.8662648822657],[-121.053601707815,38.8661175820886],[-121.053661635071,38.8659642393421],[-121.053714043542,38.865840052744],[-121.053788701465,38.8656961936965],[-121.053863126514,38.8656225478053],[-121.053949294161,38.8655269470982],[-121.054032447864,38.8653938938842],[-121.054102800277,38.8653227135533],[-121.054189628204,38.8652513377223],[-121.054285865476,38.8651459331218],[-121.054362418627,38.8650759289438],[-121.054459631641,38.8650080149753],[-121.054625952287,38.8649016698819],[-121.054755489522,38.8648091673075],[-121.054844353475,38.8647377800913],[-121.054943491555,38.864665020965],[-121.055008418194,38.864626665542],[-121.055130713817,38.8645741677505],[-121.055267537098,38.864522666628],[-121.055400328587,38.8644785193079],[-121.055500738098,38.864455362716],[-121.055656796378,38.8644338389424],[-121.055731025939,38.8644327943928],[-121.055848500467,38.8644311399741],[-121.055994395729,38.8644158215246],[-121.056111242634,38.864390024448],[-121.056210992433,38.8643451136084],[-121.056298411876,38.8643003497153],[-121.05648913894,38.8641913443003],[-121.056548308459,38.8641711746991],[-121.056629782808,38.8641350121881],[-121.056752579024,38.8641055007435],[-121.056857250651,38.8640919336358],[-121.056969972931,38.8640698642469],[-121.057017015493,38.8640583282836],[-121.057098161554,38.8640124694221],[-121.057185729308,38.8639749829571],[-121.057305865494,38.8639261999326],[-121.05738552792,38.8639021320376],[-121.057479300363,38.8638681830839],[-121.057566149964,38.8638053724409],[-121.057659370466,38.8637521145259],[-121.057734096997,38.8637002992918],[-121.057855552472,38.8636261259495],[-121.057967173894,38.8635677995495],[-121.058097697552,38.8635248939492],[-121.05821203877,38.8634918799658],[-121.058303663826,38.8634555788586],[-121.058403330509,38.8634167341296],[-121.058483980322,38.8633551906622],[-121.058530103508,38.8633122599275],[-121.058574061073,38.8632657693015],[-121.058666511553,38.8631883395996],[-121.058721020342,38.8631513531302],[-121.058761688018,38.8631265016884],[-121.058807985768,38.863098208409],[-121.058885701392,38.8630088789032],[-121.05888666966,38.862970250601],[-121.058929781668,38.8628947552945],[-121.059008328812,38.8628380823145],[-121.059095386482,38.8627885353809],[-121.059155104295,38.8627188586238],[-121.059165686107,38.8626571044826],[-121.059178688312,38.8626061891498],[-121.059233855379,38.8625220865064],[-121.059289887418,38.8624681418571],[-121.059342288214,38.8624311380399],[-121.059376468752,38.8624041194704],[-121.059414281493,38.8623600776582],[-121.05950539678,38.8623117165753],[-121.059598569035,38.8622644979219],[-121.059647456246,38.862219611997],[-121.059716207199,38.8621307723454],[-121.059790478788,38.8620347965353],[-121.059792176161,38.8620325997401],[-121.05996548184,38.8618086377351],[-121.060469128689,38.8614158039313],[-121.061226461612,38.8609506007965],[-121.06160483517,38.86031441625],[-121.061728291745,38.8598512575016],[-121.061733194213,38.859480011158],[-121.06173388674,38.859427568252],[-121.061719554435,38.8592921573961],[-121.06169788596,38.8590872960254],[-121.06152942635,38.8585278124722],[-121.061377771667,38.8582596496555],[-121.061143251178,38.8581124923145],[-121.061090481477,38.8580793886903],[-121.060632447137,38.8578891933363],[-121.060514337031,38.8578401425597],[-121.060319288033,38.8577253483485],[-121.060198040594,38.8575059515035],[-121.060148775033,38.8573195119197],[-121.06002891997,38.8569949544998],[-121.060001550063,38.8567197491131],[-121.060065853417,38.8565445666272],[-121.060087385314,38.856485880339],[-121.060007006909,38.8563072622751],[-121.059958696361,38.8562146472567],[-121.059795132457,38.8559011456093],[-121.059628565101,38.8553065254897],[-121.059677697096,38.8553064699307],[-121.059890081893,38.8553061972647],[-121.060509009188,38.8553054080867],[-121.061385287674,38.8553005981977],[-121.061552218688,38.8552997494437],[-121.063605188811,38.8552895624933],[-121.064009719659,38.8552577822235],[-121.065070654473,38.8551740150984],[-121.066896176277,38.8550298715355],[-121.068723106205,38.8548728181996],[-121.069183192952,38.8548300692463],[-121.0709569253,38.8546689850057],[-121.07098042393,38.8546686511097],[-121.070980950031,38.8546794470679],[-121.071030583779,38.8546785806561],[-121.071485084384,38.854670734449],[-121.072030905991,38.8546618856905],[-121.072071125001,38.8546612457201],[-121.07261637925,38.8546528015821],[-121.072616221242,38.8546460726395],[-121.075635669112,38.854597633212],[-121.075635686232,38.8546044159475],[-121.075662925794,38.8546040147493],[-121.075777451699,38.8546023031397],[-121.078043372415,38.8545663692959],[-121.080364568542,38.8545329980295],[-121.080410703889,38.8545324294498],[-121.08040961222,38.8545516564733],[-121.081462145924,38.8545584009849],[-121.081504231897,38.8545586649535],[-121.082614793734,38.8545658026943],[-121.083602760979,38.8545740227115],[-121.084486824181,38.8545800154207],[-121.0856248415,38.8545877251089],[-121.08606450309,38.85459068911],[-121.086094860215,38.854590900371],[-121.086745301471,38.8545952994175],[-121.087183663729,38.8545982627038],[-121.087935711509,38.8546033295164],[-121.089566117112,38.8546143145205],[-121.08957265129,38.8546141460285],[-121.090126469441,38.8546003321743],[-121.090179076805,38.8545975861364],[-121.090379683135,38.8545913028819],[-121.09057432761,38.8545871144995],[-121.091584382352,38.8545776592286],[-121.091838483567,38.8545788487678],[-121.092001944241,38.8545800435875],[-121.092354198166,38.8545828500601],[-121.092563394553,38.8545845111055],[-121.092622968219,38.8545257453106],[-121.092841598734,38.8545270126948],[-121.093239859826,38.8545282533978],[-121.093344509373,38.8545284931846],[-121.094662193967,38.8545332184031],[-121.094663106953,38.8545332255152],[-121.095873772516,38.854541771455],[-121.095877283652,38.8545418262295],[-121.095874581113,38.8545996631198],[-121.09614631024,38.8546023533667],[-121.096444936687,38.8546053070158],[-121.096739852605,38.8546086978765],[-121.096836307603,38.8546098868443],[-121.096923738079,38.8546110056079],[-121.097739407346,38.854622626873],[-121.097772044024,38.8546230861895],[-121.097776737692,38.8546254292543],[-121.098302865612,38.8548881567456],[-121.098364738524,38.8549190622826],[-121.098385432664,38.8549293966991],[-121.098385834048,38.8549295920319],[-121.098412441524,38.854943020361],[-121.098749104268,38.8549486246882],[-121.098800885891,38.8549514426936],[-121.098805219989,38.8549516822501],[-121.098806790242,38.8549524770317],[-121.098911214152,38.855005172085],[-121.098974165206,38.8550369369087],[-121.09909354203,38.8550971756087],[-121.099434016771,38.855268967003],[-121.100256076636,38.855382509798],[-121.100523266427,38.854678709076],[-121.100779358237,38.8546808006446],[-121.100821847132,38.854681143114],[-121.100837360648,38.8546832265178],[-121.100891421716,38.8546904548027],[-121.100935178056,38.8546905461674],[-121.101845508097,38.8546912141512],[-121.102000173738,38.8546908715655],[-121.101998523658,38.8548311648486],[-121.101931872952,38.8548582088328],[-121.101866376518,38.8548869253473],[-121.101802102978,38.8549172843053],[-121.101739119675,38.8549492538991],[-121.101677492601,38.8549828006335],[-121.101617286324,38.8550178893608],[-121.101558563926,38.8550544833179],[-121.101501386935,38.8550925441642],[-121.101445815259,38.8551320320224],[-121.101391907124,38.85517290552],[-121.101339719015,38.8552151218325],[-121.101289305615,38.8552586367286],[-121.101240719745,38.8553034046164],[-121.101194012315,38.8553493785907],[-121.101149232266,38.855396510483],[-121.101106426518,38.8554447509113],[-121.101079654244,38.8555456192342],[-121.101061033715,38.8556476028182],[-121.101050638434,38.8557502992947],[-121.10104850945,38.8558533034806],[-121.101052370096,38.8559308205517],[-121.10106091464,38.8560081081459],[-121.101071879377,38.8560736705604],[-121.101086214699,38.8561388341577],[-121.101119098217,38.8562275751017],[-121.101157499041,38.8563149507524],[-121.101201325083,38.8564007515303],[-121.10125047124,38.8564847716325],[-121.101304819649,38.8565668095266],[-121.101364239965,38.8566466684342],[-121.101428589678,38.8567241568025],[-121.10149771445,38.8567990887645],[-121.101578668899,38.8568987484646],[-121.101636540458,38.8569700009795],[-121.1020002561,38.8576257653402],[-121.102000444903,38.8576261100468],[-121.102186272611,38.8579756264491],[-121.102308146844,38.8582321364364],[-121.102898639358,38.8593155509507],[-121.103008539873,38.8595472126836],[-121.102477648827,38.8611491155399],[-121.102269164863,38.8614800850254],[-121.102247244902,38.8615026387185],[-121.102135659475,38.8616738537327],[-121.101919442592,38.8618397293669],[-121.10171299851,38.8619923209318],[-121.101744840418,38.8619920178187],[-121.10183181255,38.8619926075398],[-121.10184619377,38.8619927049384],[-121.101854973581,38.8619927590521],[-121.101874798176,38.861992898509],[-121.101984825813,38.8619936525339],[-121.101864718046,38.8620512551076],[-121.102799855434,38.8622017350943],[-121.102850398261,38.862253021988],[-121.10314265164,38.862234751199],[-121.103279211763,38.86217310035],[-121.103237430104,38.8621678489641],[-121.103054237074,38.8620006330874],[-121.103216311481,38.8620017051938],[-121.103397907571,38.861993522679],[-121.103429535004,38.8633740202369],[-121.103445351035,38.8640745595142],[-121.103457224673,38.8646004514366],[-121.10346515505,38.8649517509483],[-121.103472865618,38.8652926414856],[-121.103480569332,38.8656340811527],[-121.103488301656,38.8659760427634],[-121.10349610395,38.8663180323601],[-121.103496844254,38.8666601871559],[-121.103497590936,38.867035238825],[-121.103497853517,38.8671730890283],[-121.103498122774,38.8673048432065],[-121.103498145127,38.8673183810583],[-121.103498231967,38.8673657773355],[-121.103498440363,38.8674745197331],[-121.103499061643,38.8677760056133],[-121.103499681542,38.8680776013124],[-121.103500300754,38.8683792519161],[-121.103500889699,38.8686805178395],[-121.103500909247,38.8686859275692],[-121.10350111372,38.8687657547607],[-121.1035017106,38.8690844851598],[-121.103501861809,38.8691629664074],[-121.103324616055,38.8691659379572],[-121.103111920992,38.8691695144429],[-121.102931795886,38.8691724082585],[-121.102731615004,38.8691752293682],[-121.102439574191,38.869178576575],[-121.10224014402,38.8691803591631],[-121.101881251218,38.8691843419556],[-121.101369470503,38.8691900251067],[-121.101181768278,38.8691921162211],[-121.100740283819,38.8691969945963],[-121.099860581424,38.8692067441528],[-121.099640489219,38.8692091586168],[-121.098890137133,38.8692174587145],[-121.098863094682,38.8702943323769],[-121.098842840299,38.8711766234879],[-121.098840197138,38.8712936091984],[-121.098839566809,38.8713211464895],[-121.098831476226,38.8716737224904],[-121.098823253079,38.872025665875],[-121.098812192881,38.8725126345239],[-121.098811722936,38.8725358344072],[-121.09881059466,38.8725943150228],[-121.098808476623,38.872705895207],[-121.098808311082,38.872714790897],[-121.099043466751,38.8727067967639],[-121.099217460827,38.872697806512],[-121.099433789028,38.872682968394],[-121.099649602367,38.8726640972605],[-121.09970703768,38.8726583773595],[-121.099879082629,38.8726395304242],[-121.100050635665,38.8726181181954],[-121.100055104387,38.8726175212149],[-121.100080773284,38.872614081506],[-121.100267885211,38.8725872050706],[-121.102560146329,38.8722341343941],[-121.102766997537,38.8722225641365],[-121.102742796039,38.8722489034923],[-121.10266246226,38.87233636067],[-121.102563135734,38.8724660278874],[-121.102397826258,38.8728275227879],[-121.102587005972,38.8728260176981],[-121.10274685604,38.8725434821937],[-121.102852249648,38.8723839854011],[-121.10288156415,38.8723407977146],[-121.102914743571,38.8722919694012],[-121.102968521263,38.8722128333972],[-121.10301607867,38.8722187609701],[-121.103945422001,38.872332540744],[-121.104319889168,38.8724471741321],[-121.104838775113,38.8725526759741],[-121.105747420013,38.8727039704343],[-121.106554642457,38.8727697649221],[-121.107613955231,38.8728175671674],[-121.107628034406,38.8728181146012],[-121.10799654981,38.8728325171601],[-121.108444623884,38.8728431077155],[-121.108640259354,38.8728430305402],[-121.108835800129,38.8728382723377],[-121.109031062952,38.8728288375674],[-121.109225864828,38.8728147350712],[-121.109420023193,38.8727959780657],[-121.109613356086,38.8727725841295],[-121.109805682322,38.8727445751868],[-121.109996821659,38.8727119774869],[-121.111232843185,38.8724425113837],[-121.111232963583,38.8724497342205],[-121.111234729623,38.872569691944],[-121.111236477034,38.8729311992739],[-121.111237580955,38.8731602358093],[-121.111238879178,38.8734313009794],[-121.111246133798,38.8744013173143],[-121.111373142204,38.8743968786593],[-121.111488848429,38.8743945228043],[-121.111604641821,38.8743936228673],[-121.111720555796,38.8743943164018],[-121.111836416111,38.8743964922373],[-121.111952362585,38.8744002063614],[-121.112068184821,38.8744054297071],[-121.112183917952,38.8744121625431],[-121.112299526172,38.8744204595154],[-121.112415045644,38.8744302385215],[-121.112530300752,38.8744414982207],[-121.112645325255,38.8744543487106],[-121.112760015501,38.8744686519018],[-121.112874370811,38.8744844627097],[-121.112988426318,38.8745017814033],[-121.113102006404,38.8745206066435],[-121.113215182011,38.8745408840534],[-121.113327811961,38.8745626674768],[-121.113439896604,38.8745859294581],[-121.113467518853,38.8745920439517],[-121.113551436289,38.8746106425419],[-121.113662360428,38.874636833651],[-121.113772563656,38.8746645019841],[-121.113882081786,38.8746935928966],[-121.113990879015,38.874724161037],[-121.114098851002,38.8747561232328],[-121.114205961599,38.8747895615903],[-121.11431221184,38.8748243937403],[-121.114417566261,38.8748606468747],[-121.114521919836,38.8748982927362],[-121.114625307693,38.8749373315949],[-121.114727623778,38.8749778175654],[-121.114828799214,38.8750196402869],[-121.114928904254,38.8750628002972],[-121.114969747886,38.8750805756387],[-121.115011019881,38.8750978050319],[-121.115052579738,38.8751144874067],[-121.115094568298,38.8751305963752],[-121.115136809594,38.8751461580573],[-121.115179444466,38.875161146065],[-121.115222331729,38.8751756142427],[-121.115265577785,38.8751894810208],[-121.115309077257,38.8752027455969],[-121.115352829117,38.8752154903421],[-121.115396799267,38.8752276326176],[-121.115441092737,38.8752392006819],[-121.115485569028,38.8752501934657],[-121.115530228479,38.8752605835117],[-121.115575106215,38.8752703710868],[-121.115620166426,38.875279610838],[-121.115665375353,38.8752881926692],[-121.115710627277,38.8752961432358],[-121.115755816822,38.8753034617363],[-121.115800980137,38.8753100660666],[-121.115846082095,38.8753159559595],[-121.11589108757,38.8753211311479],[-121.115936031686,38.8753255918992],[-121.115980879316,38.8753293379462],[-121.116025665925,38.875332342099],[-121.116070356729,38.8753345766335],[-121.116114915918,38.875336096197],[-121.116159378615,38.8753369010567],[-121.11620381507,38.8753369917469],[-121.116248120589,38.8753363125521],[-121.116292398838,38.8753350015592],[-121.116336546148,38.8753329206816],[-121.116380666186,38.8753302080061],[-121.116424759633,38.8753268086185],[-121.116468720088,38.8753228040892],[-121.116512689076,38.8753181131149],[-121.116556595319,38.875312817533],[-121.116600473943,38.8753069176106],[-121.11664435973,38.8753004410717],[-121.116688217553,38.8752933876494],[-121.116732047071,38.8752857848009],[-121.116775882724,38.8752776877074],[-121.116819725195,38.8752690414546],[-121.116863573458,38.8752599284138],[-121.116907427512,38.8752503485851],[-121.116951252573,38.8752402742445],[-121.116995117866,38.875229788297],[-121.117038918016,38.8752188899424],[-121.117116876583,38.8751984204068],[-121.117347348246,38.8751451961031],[-121.117350836549,38.8751443438765],[-121.117352097071,38.8757157629893],[-121.117355620186,38.8757149384864],[-121.118967479813,38.8753427564099],[-121.120259632264,38.8750461187861],[-121.120361984528,38.8750243763126],[-121.120459386925,38.8750052049738],[-121.120557264364,38.874987382674],[-121.12065547669,38.8749708808917],[-121.120754022888,38.8749557819979],[-121.120852973894,38.8749420316085],[-121.120952223998,38.8749296563829],[-121.121051738082,38.8749186560547],[-121.121151481024,38.8749090303577],[-121.121251452833,38.8749007792914],[-121.121351618047,38.8748939300469],[-121.121451941549,38.8748884823581],[-121.121552388898,38.874884381045],[-121.121579903315,38.8748836553195],[-121.121652888831,38.874881707948],[-121.121753512624,38.8748803812261],[-121.121854153887,38.8748804824545],[-121.121954777843,38.8748819839107],[-121.121960396485,38.8748821361864],[-121.122034754327,38.8748842629786],[-121.122055384835,38.8748848581377],[-121.122155939406,38.8748891323274],[-121.122203417134,38.8748918249049],[-121.122256441223,38.874894833937],[-121.122356785933,38.8749018797997],[-121.122456972865,38.8749103248303],[-121.122507320619,38.8749152906449],[-121.122557036809,38.8749201967513],[-121.12265676804,38.8749314116013],[-121.12275634117,38.8749440530776],[-121.122855651848,38.8749580380142],[-121.12295462915,38.8749734207962],[-121.123053343333,38.8749902019542],[-121.123151584669,38.8750082975278],[-121.123249492646,38.8750277909495],[-121.123346997359,38.8750486542329],[-121.123444028901,38.8750708593923],[-121.123540586939,38.8750944338861],[-121.123636601905,38.8751193222716],[-121.123732108251,38.8751455797291],[-121.12382703641,38.8751731508161],[-121.123921315797,38.8752020624617],[-121.124014982219,38.875232260018],[-121.124108000217,38.8752637706788],[-121.124200369795,38.8752965944457],[-121.124291985581,38.8753307305265],[-121.124382848595,38.8753660965515],[-121.124472958163,38.8754027474366],[-121.12456224404,38.8754406826548],[-121.124650707242,38.8754798198363],[-121.124738346759,38.8755202413546],[-121.124825058233,38.8755618640465],[-121.124910911917,38.8756046884432],[-121.124995766635,38.8756487684032],[-121.12507972912,38.8756939948931],[-121.125155192414,38.8757362191744],[-121.125162658534,38.8757403943147],[-121.125244590005,38.8757879669345],[-121.125325489423,38.8758366301188],[-121.125405285187,38.8758864931699],[-121.125704529003,38.8758679844846],[-121.126566858113,38.8758146317515],[-121.126566823677,38.8758174323826],[-121.126558240553,38.8763554956797],[-121.126547046682,38.8773515671119],[-121.126543619103,38.8778303011897],[-121.12654358534,38.8778330469058],[-121.125875063031,38.8779047172561],[-121.125787512002,38.8779153311483],[-121.125801449455,38.8779460397856],[-121.12579844275,38.8779477196781],[-121.125808408975,38.8779628562633],[-121.125828649379,38.8780198904051],[-121.125844073482,38.8780778373237],[-121.126214847544,38.8792204903013],[-121.126390746068,38.8792372558348],[-121.126567272406,38.8792493350569],[-121.126770158646,38.8792574012154],[-121.126973292993,38.8792592770543],[-121.127116742566,38.8792568667821],[-121.127120810908,38.8792574190613],[-121.127290539059,38.8792515019087],[-121.127459957724,38.8792415451267],[-121.127628909568,38.879227557962],[-121.127797237687,38.8792095534043],[-121.127806404579,38.8792569352198],[-121.127810828067,38.8792878289074],[-121.127822540794,38.8793175367602],[-121.127841132266,38.8793450175864],[-121.127865950902,38.8793693082457],[-121.127896126869,38.8793895574046],[-121.12793060257,38.8794050553747],[-121.127968169709,38.8794152589858],[-121.12800751164,38.8794198106234],[-121.128409174439,38.8794414264688],[-121.128471881541,38.8794511448703],[-121.128533569749,38.8794642554119],[-121.128593939113,38.8794806943457],[-121.128652696095,38.8795003817401],[-121.128678629042,38.8794969788797],[-121.128704495774,38.8794932460012],[-121.128730261499,38.879489155384],[-121.12875589109,38.879484706765],[-121.128781489928,38.8794799009341],[-121.128806917168,38.8794747642954],[-121.128825937935,38.8794706643035],[-121.128832243063,38.8794692973756],[-121.128857433159,38.8794634449972],[-121.128877888697,38.8794583671988],[-121.128882487119,38.8794572346174],[-121.12890740427,38.8794507211506],[-121.128932185284,38.8794438496826],[-121.12895675957,38.8794366471443],[-121.128981197382,38.8794291140622],[-121.129004229089,38.8794216528198],[-121.129295498337,38.8793928051284],[-121.129708529645,38.8794700388331],[-121.129862154893,38.8794987582434],[-121.130043688104,38.8795062402713],[-121.130392042342,38.8795205991581],[-121.130518131253,38.8795058078131],[-121.130499321651,38.8793922174691],[-121.130480905738,38.8792809092182],[-121.130532068871,38.8791707666423],[-121.130590287181,38.8791185068928],[-121.130819228425,38.8791388638453],[-121.131189147591,38.8791994589199],[-121.131264715633,38.8792006826462],[-121.131637708672,38.8792067368767],[-121.132222962809,38.8793059799192],[-121.133033389709,38.8795215984103],[-121.133419517729,38.8795468293306],[-121.133423027784,38.879547075171],[-121.133511244061,38.8794330336284],[-121.133694261207,38.8791964319914],[-121.134265224236,38.8793299102902],[-121.134551096794,38.8793718277514],[-121.134811054602,38.8794099407111],[-121.135899317512,38.8795694880376],[-121.135907102762,38.8795706168275],[-121.135910609486,38.8795711371647],[-121.135913329985,38.8793128443148],[-121.135913825874,38.8792663038673],[-121.135919304774,38.8787581485427],[-121.135919623356,38.8787290711229],[-121.135919920896,38.8787017235058],[-121.135920158483,38.8786793044532],[-121.135921163826,38.878587994801],[-121.136155929652,38.8787273398137],[-121.136875582833,38.878850624088],[-121.137092028278,38.8788325834106],[-121.137968254149,38.8787522287617],[-121.138571707828,38.8788806545345],[-121.139618402932,38.8788712430351],[-121.140217139134,38.8787860441325],[-121.140631969263,38.8787776742675],[-121.142429604904,38.8792104766276],[-121.142693768686,38.879168173656],[-121.143008987143,38.8791177064879],[-121.143796688259,38.8789915803551],[-121.144592560308,38.8788678705534],[-121.145192736723,38.8789106048626],[-121.14521400529,38.8789093745271],[-121.145530046008,38.8789304801393],[-121.14568555286,38.8788820308486],[-121.145704606754,38.8788809214476],[-121.145832553364,38.8788427315637],[-121.146262179082,38.8787023008098],[-121.149172557803,38.8777951713444],[-121.149428641195,38.8777374577917],[-121.150798754283,38.877175654485],[-121.151765102604,38.8767746041888],[-121.151765409982,38.8767488630302],[-121.152223957477,38.876551024841],[-121.152620436099,38.8762392692801],[-121.153257613625,38.8762000588594],[-121.153711406525,38.876350533011],[-121.153925551441,38.8764184341399],[-121.154315406644,38.8764823409312],[-121.154400019027,38.8764876419451],[-121.15448485198,38.8764899363832],[-121.154569730745,38.876489219519],[-121.154654480471,38.8764854928293],[-121.154738926571,38.876478763991],[-121.154822895085,38.8764690468657],[-121.154906213035,38.8764563614708],[-121.154988708787,38.8764407339386],[-121.156429016543,38.8761208959622],[-121.15652864477,38.8761079370471],[-121.15662909883,38.8760997536342],[-121.156730004463,38.8760963762123],[-121.156830985728,38.8760978173645],[-121.156931666401,38.8761040717216],[-121.15703167138,38.8761151159819],[-121.157130628077,38.8761309089979],[-121.157228167812,38.8761513919301],[-121.15757299521,38.8762266454251],[-121.157670076565,38.8762530647963],[-121.157750707937,38.8762707222847],[-121.157832743117,38.8762838470253],[-121.157915765639,38.8762923723881],[-121.157999354024,38.8762962550926],[-121.158046819922,38.8762956789654],[-121.158052257592,38.8762962949981],[-121.15810635766,38.8762944182587],[-121.158160289671,38.8762905952226],[-121.158213939091,38.8762848340087],[-121.158267191986,38.8762771468518],[-121.158365555833,38.8762700568603],[-121.158464232011,38.8762664982781],[-121.158563013142,38.8762664785838],[-121.158661691628,38.8762699978188],[-121.15876006009,38.8762770485871],[-121.158857911796,38.8762876160709],[-121.158955041103,38.8763016780618],[-121.159051243884,38.8763192050071],[-121.159853783593,38.8765104834074],[-121.159955445895,38.8765325763043],[-121.160057836461,38.8765525086652],[-121.160160880158,38.8765702658635],[-121.160264501373,38.8765858348691],[-121.160368624069,38.8765992042573],[-121.160473171839,38.8766103642178],[-121.160578067968,38.8766193065613],[-121.160683235482,38.8766260247259],[-121.160795512602,38.8766303643782],[-121.160907905361,38.8766320843709],[-121.161020313746,38.8766311831734],[-121.161132637728,38.8766276615878],[-121.161244777355,38.8766215227477],[-121.161356632836,38.8766127721159],[-121.161468104635,38.8766014174793],[-121.161579093559,38.8765874689419],[-121.161816620456,38.8765485689557],[-121.162070742339,38.8765069597588],[-121.162924184062,38.8763458240377],[-121.163005778322,38.8763339786158],[-121.163088083249,38.8763256634583],[-121.163170849067,38.8763209037997],[-121.163253824602,38.8763197140843],[-121.163336758043,38.8763220979228],[-121.163419397709,38.8763280480807],[-121.163501492808,38.8763375465007],[-121.163582794202,38.8763505643574],[-121.16416897818,38.8764978035509],[-121.164271698291,38.8765322464093],[-121.164371630681,38.8765713808932],[-121.164468425029,38.8766150698145],[-121.16456174201,38.8766631600192],[-121.164724559413,38.8767592302888],[-121.164798152592,38.876801186152],[-121.164873726067,38.8768409329365],[-121.164951171372,38.8768784135944],[-121.165030377354,38.8769135743303],[-121.165111230331,38.8769463646784],[-121.165193614258,38.876976737575],[-121.165277410893,38.8770046494262],[-121.165362499963,38.8770300601703],[-121.165505775555,38.8770807075997],[-121.165645983566,38.8771363540165],[-121.165782838722,38.877196886202],[-121.165916062564,38.8772621809961],[-121.165996897716,38.8773063270962],[-121.166075894646,38.877352461704],[-121.166152973326,38.8774005380843],[-121.16622805567,38.8774505075349],[-121.166301065614,38.8775023194355],[-121.166371929193,38.8775559212995],[-121.166440574614,38.8776112588269],[-121.166506932333,38.8776682759592],[-121.16660977,38.8777363678288],[-121.166715415538,38.8778017806532],[-121.166823754777,38.8778644437364],[-121.166934670634,38.877924289354],[-121.16704804324,38.8779812528263],[-121.167163750071,38.8780352725887],[-121.167281666077,38.8780862902577],[-121.167401663823,38.8781342506943],[-121.168438523658,38.8785478399686],[-121.168904303061,38.8791880816702],[-121.170595315838,38.8797836734855],[-121.170815906634,38.8797515403442],[-121.170816221661,38.8797516386995],[-121.17128588534,38.8796835513622],[-121.171870326673,38.8799116348115],[-121.17198334887,38.8801159563539],[-121.171985974171,38.8801167713785],[-121.172015849924,38.8801697614257],[-121.171953215103,38.8803849552765],[-121.171948349174,38.8804982599571],[-121.171950572814,38.8806116151297],[-121.17207399577,38.8809469927311],[-121.172618245939,38.8815894665702],[-121.172990349845,38.8824380329971],[-121.172998504895,38.8832629072533],[-121.173039258432,38.8832628950683],[-121.173128573471,38.8832636401328],[-121.173154059479,38.8832638488413],[-121.173267209292,38.8832648044895],[-121.175984288201,38.8865546746263],[-121.178807151051,38.8899019704903],[-121.179324500652,38.8904206673341],[-121.180419211923,38.8914159283621],[-121.180238167005,38.8918288650484],[-121.180238857475,38.8918299271069],[-121.180114048174,38.8921164245879],[-121.180138179149,38.8931504312072],[-121.180137683866,38.8931552880466],[-121.180144853305,38.893436702349],[-121.180314874427,38.8937692272448],[-121.180526293314,38.8942140646198],[-121.180615601838,38.8944053864091],[-121.180803260307,38.8950598325848],[-121.180733997038,38.8954456722102],[-121.180318551654,38.8977842425732],[-121.18018304466,38.8985308031574],[-121.180148326536,38.8991243284984],[-121.180108596051,38.8996953977904],[-121.180500815301,38.9005982153083],[-121.180698752159,38.9007864991151],[-121.181105167351,38.9010963722061],[-121.181295847032,38.9012788648345],[-121.181430433572,38.901459067633],[-121.181437039754,38.9015505541639],[-121.181445607914,38.9016745665138],[-121.181448828653,38.9026237256682],[-121.181423673301,38.9029127928923],[-121.181407185688,38.903059639898],[-121.181991532074,38.9031781612788],[-121.182061815548,38.9032514369073],[-121.18216585214,38.903359892016],[-121.183438158005,38.9049931274385],[-121.18366746654,38.9052269068456],[-121.185619701919,38.9071677792357],[-121.186376405429,38.907859382639],[-121.186795236805,38.9083152002259],[-121.186794534276,38.9084379115186],[-121.186786681255,38.9086724974592],[-121.186774308026,38.9090163677825],[-121.186774001257,38.909024740764],[-121.186773694488,38.9090331137454],[-121.186773387089,38.9090415416413],[-121.186773115462,38.9090499148684],[-121.18675063741,38.9095978753785],[-121.186749493733,38.9096210156804],[-121.186748620034,38.9096389954972],[-121.186658992027,38.911475898644],[-121.186657635887,38.9115037742049],[-121.186652079308,38.9116175958457],[-121.186655592075,38.9116177577064],[-121.186712798578,38.9116202995523],[-121.189067963602,38.9117249704922],[-121.189121218266,38.9116919511168],[-121.189209798905,38.9116370319503],[-121.189421683842,38.91150567382],[-121.189499673413,38.911457929912],[-121.189617580223,38.9117234876677],[-121.189683499819,38.9121836312288],[-121.189696804273,38.9123005225242],[-121.189635949318,38.9125005660025],[-121.189463168262,38.9130701334377],[-121.189430518002,38.9131562245696],[-121.189201354745,38.9139491653943],[-121.188842735404,38.9150329729497],[-121.188473905898,38.9156791425089],[-121.188473597432,38.9156799915983],[-121.188449211431,38.9157224384593],[-121.188372188933,38.9159541389703],[-121.18849288756,38.9159572876675],[-121.188487257091,38.9160239884661],[-121.188469888995,38.9161283864065],[-121.188444151562,38.9162317244072],[-121.188410146644,38.9163335933792],[-121.188368008823,38.916433590047],[-121.188317904881,38.9165313185456],[-121.188260033135,38.9166263919875],[-121.188194622658,38.9167184339945],[-121.188121932372,38.916807080188],[-121.186910833348,38.9187140240763],[-121.186877906581,38.9187661439186],[-121.186847442174,38.918819169765],[-121.186819480904,38.9188730306472],[-121.186794060201,38.9189276544791],[-121.186771214092,38.9189829681534],[-121.186750973161,38.9190388976394],[-121.186733364503,38.9190953680819],[-121.186718411693,38.9191523039016],[-121.186617523393,38.9195763679226],[-121.186347996818,38.9207382945694],[-121.18614936148,38.9213069345994],[-121.186115451003,38.9213991500895],[-121.186074048973,38.9214894794496],[-121.185896442686,38.9218638948623],[-121.185791539648,38.922496250647],[-121.183186663373,38.922888919807],[-121.183142899263,38.9228969967418],[-121.183099902329,38.9229072852801],[-121.183057855512,38.9229197416468],[-121.183016937712,38.9229343128432],[-121.182965170306,38.9229574428092],[-121.182916425882,38.9229842832381],[-121.182867979919,38.9230123497039],[-121.182771193799,38.9230684421296],[-121.182300461378,38.9233411973624],[-121.181806864123,38.9236272175419],[-121.181804670747,38.9236909491024],[-121.181798771652,38.9240975400608],[-121.181798754246,38.924099050205],[-121.181756795835,38.9269874416644],[-121.181756630444,38.9269987400378],[-121.181768583367,38.9269986868079],[-121.182708264397,38.9269955438307],[-121.184034617352,38.92699109682],[-121.18433466701,38.9269900842376],[-121.18357269209,38.9280963362743],[-121.181915273938,38.9305024778506],[-121.181740526655,38.9307561543309],[-121.181725956711,38.9307773191429],[-121.181726200281,38.9307561908695],[-121.181688353951,38.9307562953872],[-121.181615556963,38.93075538519],[-121.18130198581,38.9316575672066],[-121.18131418244,38.9317766619367],[-121.181335651264,38.9319864652821],[-121.181366158084,38.9322844355899],[-121.18163841821,38.9328112229551],[-121.181678541379,38.9338487276745],[-121.181554041487,38.9338555268644],[-121.181185677986,38.9338716344004],[-121.180816965729,38.9338817669673],[-121.180469768234,38.9338849785922],[-121.180433632813,38.9338859597344],[-121.180060286983,38.9338838510467],[-121.179928266521,38.9338846736774],[-121.179796363533,38.9338890998575],[-121.179664739202,38.9338971241784],[-121.179533554371,38.9339087368344],[-121.179482718371,38.9339190333496],[-121.179432662539,38.9339314444607],[-121.179383530951,38.9339459344449],[-121.179335465024,38.9339624615958],[-121.179288603106,38.9339809783432],[-121.179243080081,38.9340014313903],[-121.179199026978,38.934023761867],[-121.179156570599,38.9340479054993],[-121.178852595587,38.9342078395147],[-121.178758577749,38.9342676903938],[-121.178667892305,38.9343305999172],[-121.178580702252,38.9343964550184],[-121.178497164306,38.9344651373362],[-121.178093117096,38.9348293744208],[-121.17778414493,38.935156140946],[-121.177486137151,38.9354785357487],[-121.17635632915,38.9366346559934],[-121.176298178701,38.9366784737748],[-121.176237223477,38.936719901151],[-121.176173624372,38.9367588287693],[-121.176107549259,38.9367951538759],[-121.176039172547,38.9368287805858],[-121.175968674724,38.9368596201371],[-121.175896241874,38.9368875911246],[-121.175822065193,38.9369126197152],[-121.17563832461,38.936965660177],[-121.175579923131,38.9369856122422],[-121.17552264579,38.9370074618809],[-121.175466593612,38.9370311705555],[-121.17541186546,38.9370566964495],[-121.175358557864,38.9370839945414],[-121.175306764847,38.9371130166838],[-121.175256577762,38.9371437116883],[-121.17520808513,38.9371760254161],[-121.175194455003,38.9371856219548],[-121.174944163749,38.9373606034164],[-121.174943173154,38.93736113185],[-121.17405156274,38.9379846280498],[-121.173879743111,38.937985797251],[-121.172379481836,38.9379959501773],[-121.172377062382,38.9391516841247],[-121.172376890622,38.9392342532223],[-121.172376689407,38.9393268859677],[-121.172406439171,38.9394124412758],[-121.172355190841,38.939421523387],[-121.172303465301,38.939428769966],[-121.172251370279,38.9394341659203],[-121.172199014275,38.9394377000117],[-121.17214650633,38.9394393648798],[-121.172093955802,38.9394391570571],[-121.172041472139,38.9394370769765],[-121.171989164649,38.9394331289702],[-121.171988390711,38.9394331646519],[-121.171879694504,38.9394346855438],[-121.171771243579,38.9394405847268],[-121.171691275393,38.9394433106254],[-121.171608485088,38.9394555506935],[-121.171526850272,38.9394718510875],[-121.171269861859,38.9395248437025],[-121.171154250516,38.9395391485642],[-121.171037633909,38.9395470379814],[-121.170860551692,38.9395529157313],[-121.170799587832,38.9395519272308],[-121.17073889713,38.9395473179439],[-121.170678831651,38.9395391146088],[-121.170619739835,38.9395273648131],[-121.170473571574,38.9394949368162],[-121.170391406272,38.9394780676267],[-121.170300513816,38.9394655511177],[-121.170208485318,38.9394600817491],[-121.169769216295,38.9394402668187],[-121.169725292829,38.9394451290495],[-121.169681760864,38.9394518017465],[-121.16963874266,38.9394602661695],[-121.169596359035,38.939470498546],[-121.169554729022,38.9394824701382],[-121.169513969543,38.9394961473236],[-121.16947419507,38.9395114916898],[-121.169435517312,38.9395284601417],[-121.169088941002,38.9396713832013],[-121.169022315105,38.9396952330632],[-121.168954022648,38.9397160098666],[-121.168884295793,38.9397336429805],[-121.168813371574,38.9397480724609],[-121.168114165545,38.93989141135],[-121.168024446908,38.9399027661059],[-121.167934033001,38.9399100148529],[-121.167843231655,38.9399131329115],[-121.16775235202,38.9399121096657],[-121.167101918596,38.939940832629],[-121.166527664255,38.9399796260475],[-121.165977461972,38.9400495769463],[-121.165453767525,38.9404605686923],[-121.165353286174,38.9407005981323],[-121.165315674011,38.9410435706092],[-121.165592223141,38.9416439213318],[-121.165925818742,38.9423660918522],[-121.165951614617,38.9425092851686],[-121.16579495879,38.9425939727753],[-121.1656832592,38.9425947096891],[-121.165494850152,38.9425958162938],[-121.165420715066,38.9425925524079],[-121.164701307336,38.9425866354116],[-121.163794506324,38.9426627341782],[-121.163785894712,38.9426669559577],[-121.163477192304,38.9426893682435],[-121.163347992112,38.9427742499466],[-121.163162614726,38.9432234292793],[-121.163083082504,38.9437567911882],[-121.163095142568,38.9451686604997],[-121.163145267525,38.9451701330816],[-121.163199278854,38.9451700409448],[-121.163213025904,38.9451701809866],[-121.163257167425,38.9451706494165],[-121.16327258441,38.9451708151884],[-121.163283702792,38.9459545855675],[-121.163261813293,38.9474114496301],[-121.163229458793,38.9488252917356],[-121.163239168597,38.9499909563338],[-121.163262507485,38.9506927106213],[-121.163317907738,38.9522021100086],[-121.163327637458,38.9524670253501],[-121.163330304408,38.9525599669479],[-121.163331128437,38.9525885031316],[-121.163330970201,38.952588501994],[-121.163333564367,38.9526980559706],[-121.163334021495,38.9526980592569],[-121.163335263424,38.9528089627482],[-121.163346060671,38.9533651195308],[-121.163366256414,38.9544052185814],[-121.163367042394,38.9544459327006],[-121.163367057548,38.9544461387546],[-121.163367121603,38.9544496540104],[-121.163367134168,38.9544500797204],[-121.163369726543,38.9545866399144],[-121.163369875412,38.9545948925155],[-121.163379729975,38.9551132308779],[-121.163390337405,38.9556736148547],[-121.163395981857,38.9559718912465],[-121.163402288246,38.956305004546],[-121.163269564087,38.9597956409789],[-121.163161471941,38.9633035599609],[-121.163131440664,38.9651100563611],[-121.163077378436,38.9696601116116],[-121.163071517513,38.9701539246616],[-121.163066801923,38.9705506499005],[-121.164345499444,38.9706105532721],[-121.165351176124,38.9706576664447],[-121.167756670585,38.9707703094509],[-121.172610103498,38.9709864666281],[-121.177459076138,38.9710223395103],[-121.181688383451,38.9710532442655],[-121.181710909822,38.9715917956423],[-121.181728253851,38.971838611222],[-121.181684308879,38.9721352738208],[-121.18194378703,38.9725698822715],[-121.182072448428,38.9730897380866],[-121.182090938333,38.9731640902584],[-121.182085713067,38.9733182919693],[-121.182292945102,38.9733483327943],[-121.18247277187,38.9734457579293],[-121.182474889241,38.9736161023086],[-121.182477803627,38.9738271742949],[-121.182328521417,38.974110191452],[-121.18205267857,38.9742368726698],[-121.181983912149,38.9743218425711],[-121.182000293546,38.9744112824947],[-121.182095605912,38.9746904984057],[-121.182244272968,38.9747417656758],[-121.182665300828,38.9750328243509],[-121.183617413399,38.9759778133514],[-121.183779082,38.9761835179685],[-121.184111069472,38.976353867885],[-121.184214052084,38.9764534426664],[-121.184587854674,38.9764689671905],[-121.185038266784,38.9766184785073],[-121.185474242327,38.9767631915409],[-121.185858371081,38.9769274208288],[-121.185970672638,38.9769754633703],[-121.186347251613,38.9772460425989],[-121.185602039971,38.9779249778411],[-121.183022197197,38.98039160288],[-121.18371163354,38.9805773946577],[-121.183699373939,38.9808570354127],[-121.184090427132,38.9810325496663],[-121.184276003692,38.9813691540542],[-121.184103071102,38.9818020445048],[-121.183922212698,38.9819512532826],[-121.183648543964,38.9821770262925],[-121.183765422497,38.9824118528371],[-121.183670515059,38.9825713156487],[-121.183571697189,38.9827373137053],[-121.183470094494,38.9831986567714],[-121.182870672517,38.9836716645627],[-121.182511973338,38.9838076507428],[-121.182223317465,38.9840781423027],[-121.18199298856,38.9842939872954],[-121.181757744299,38.984597268494],[-121.181711915291,38.9852242786965],[-121.182131571436,38.9852306595931],[-121.185145166822,38.9852809228216],[-121.186623086711,38.9853055351298],[-121.18663508196,38.9853057150304],[-121.186915719791,38.9853100777642],[-121.18692826033,38.9853102614423],[-121.18763598651,38.9853203224631],[-121.189687985435,38.9853494763764],[-121.191503578473,38.9853752503624],[-121.191606041304,38.9890970044228],[-121.191624814011,38.9911372791729],[-121.191631449522,38.9918593490854],[-121.191636087174,38.9929372889216],[-121.191638751878,38.994038610056],[-121.191650027042,38.9987171150801],[-121.191652616418,38.9997880375548],[-121.191637650181,39.0033667030912],[-121.191616185077,39.0059517704473],[-121.191616182572,39.0059519901024],[-121.191607734638,39.006969234752],[-121.191607575116,39.0069863131793],[-121.191572675007,39.0103806138486],[-121.191560413609,39.0114466809979],[-121.191557415938,39.0117080290645],[-121.191537363592,39.0134526507594],[-121.191533445952,39.0137931155608],[-121.191550673359,39.014473834633],[-121.191556933617,39.014721187813],[-121.191561884533,39.0149166892549],[-121.191548611702,39.0149000118853],[-121.19138914809,39.0146995799612],[-121.190462266335,39.013789904684],[-121.189991298668,39.0133276802679],[-121.18931705133,39.0127015641321],[-121.188925330868,39.0124203201237],[-121.188652486265,39.0122391947641],[-121.188179769316,39.012152974774],[-121.187672740375,39.0121678649193],[-121.187055185131,39.0122726787645],[-121.186816231249,39.0123531133687],[-121.186790897794,39.0123616410254],[-121.186356134965,39.0125075153608],[-121.185826661337,39.0128338460176],[-121.185236610884,39.0134847009787],[-121.185063105043,39.0137774363479],[-121.184905658497,39.0140416715039],[-121.184661039574,39.0146200868204],[-121.184651897624,39.0147049673893],[-121.184605799599,39.0151324978218],[-121.184363507912,39.0158752162006],[-121.183910668134,39.0162437576077],[-121.182890829387,39.0169957959548],[-121.182475313707,39.0172855665063],[-121.182221894657,39.0175287223751],[-121.182109298142,39.0184680469902],[-121.181758934472,39.0191869628884],[-121.181086834396,39.0199730877975],[-121.180697296167,39.0200322963987],[-121.179286203531,39.0200683849589],[-121.179156900254,39.0200178829055],[-121.178990943815,39.019953063365],[-121.178389467786,39.0195503646491],[-121.177654709073,39.0191224207024],[-121.17737710482,39.0189816277555],[-121.177120532716,39.0188514995217],[-121.176491946425,39.0187692660999],[-121.175863594418,39.0187850872107],[-121.175115870044,39.0188018445514],[-121.174995390694,39.018792067175],[-121.174624282443,39.0187619243868],[-121.174130165638,39.0187397364936],[-121.174066030797,39.0187368516638],[-121.173195938519,39.0189691613281],[-121.172508338484,39.0191059952556],[-121.17202755369,39.0192019259369],[-121.171028273472,39.0195961334505],[-121.170111267844,39.0203160888153],[-121.169418747745,39.0208712083836],[-121.169155348057,39.0215074786918],[-121.168919793076,39.0216914080036],[-121.16827483008,39.0221950448309],[-121.167741034814,39.0223139608799],[-121.167258236823,39.0224215277513],[-121.166531702464,39.0224468665919],[-121.165949751022,39.0225729125215],[-121.165226798049,39.0232295802372],[-121.164996530689,39.0243215008946],[-121.164639833236,39.0249273678724],[-121.164123454947,39.025210391599],[-121.163472201098,39.0253808785246],[-121.162710157466,39.025408602304],[-121.162227147772,39.0255763097644],[-121.16180758551,39.025721982758],[-121.161187860297,39.0257930485932],[-121.160895261338,39.0258265971358],[-121.160804040397,39.0257902844932],[-121.160185468246,39.0255440088751],[-121.159447893001,39.0255771873171],[-121.15926031312,39.0257791544845],[-121.158753979138,39.0263243376013],[-121.15853322534,39.0266649108357],[-121.157421341912,39.0268739387855],[-121.156364084888,39.0269648933002],[-121.15523699364,39.027107970949],[-121.154463848517,39.0274624332905],[-121.15418072333,39.0275906714951],[-121.15346308302,39.0279157645493],[-121.15301964996,39.0285200188718],[-121.153021168954,39.0285726140433],[-121.153038083252,39.029159029416],[-121.153043027321,39.0293300941871],[-121.152931015263,39.0298595694434],[-121.152865080638,39.0299947104012],[-121.152353653723,39.0310430025727],[-121.151887074233,39.0321169361517],[-121.151822597389,39.0322181751707],[-121.15137721085,39.0329174721852],[-121.150715171506,39.0334271488611],[-121.149764926421,39.0338451476323],[-121.149077225191,39.0341475041128],[-121.1480265243,39.0343069145229],[-121.146986684663,39.0345405344838],[-121.145161729193,39.0353069425535],[-121.143935411448,39.0360705001867],[-121.142779137962,39.0371799679509],[-121.141681309945,39.0383767078633],[-121.140684884904,39.0390826406156],[-121.139844811265,39.0393356835081],[-121.139087648087,39.03923533066],[-121.138249496036,39.0388142835525],[-121.137581506372,39.0383567610756],[-121.136499807201,39.0375881336042],[-121.136323637778,39.0375406143151],[-121.136054215184,39.0374283413317],[-121.135817703195,39.0373313593813],[-121.135673084842,39.0372085331431],[-121.135528366128,39.0370189254719],[-121.135464871538,39.0368814884536],[-121.135409918222,39.0367625672813],[-121.135304743869,39.0366909698436],[-121.135114147958,39.0365939152732],[-121.135070125044,39.0365718546303],[-121.135025734681,39.0365496127586],[-121.134910376096,39.0364917924679],[-121.134778874117,39.0363792223238],[-121.134614538018,39.0362769799264],[-121.134469896774,39.0361131280847],[-121.134417176082,39.0359643749596],[-121.134371063171,39.0357589129414],[-121.134340765973,39.0354894514027],[-121.134340433586,39.0354719849466],[-121.134338217853,39.0353521644368],[-121.134329848417,39.0349131960006],[-121.134146729243,39.0346397980498],[-121.133454647877,39.034418824509],[-121.133454472527,39.0344187682868],[-121.133241646831,39.0343509127428],[-121.133060770841,39.0342932347277],[-121.132984249534,39.0342988573787],[-121.132806839266,39.0343118844997],[-121.132512100621,39.0342501316907],[-121.132436563649,39.0342343020165],[-121.132340569443,39.034247385425],[-121.131869202803,39.0343116297335],[-121.131825224086,39.0342976548761],[-121.131536981255,39.0342057978891],[-121.131509696513,39.0341971096524],[-121.130931530241,39.0341075793393],[-121.130823403185,39.0340908327813],[-121.130698759098,39.033969714363],[-121.130609116552,39.0338826042303],[-121.130504889326,39.0338895150415],[-121.130476700664,39.0338913915752],[-121.130375046589,39.0337990567649],[-121.13033227141,39.0337602123605],[-121.130115611266,39.0335634156098],[-121.12995361727,39.0334162883195],[-121.129920419292,39.0334003475313],[-121.129503021722,39.0331999498081],[-121.129455036305,39.0331769100592],[-121.129362243662,39.0331529863028],[-121.129050419816,39.03307261701],[-121.128795048154,39.0330941167318],[-121.128734711879,39.0330991985843],[-121.128592516528,39.0330759344999],[-121.12810584877,39.0329963005968],[-121.127909644725,39.0330061179163],[-121.127853297053,39.0330089363289],[-121.127819899258,39.0329964121021],[-121.127597750147,39.032913085529],[-121.12722203641,39.0329036266638],[-121.126979158256,39.0327854627424],[-121.126814590796,39.0328064577215],[-121.126726294805,39.0328177269718],[-121.126495630404,39.0327384533289],[-121.126494070289,39.0327379199093],[-121.125800857021,39.0325949858221],[-121.125660037447,39.0326116128599],[-121.125495768429,39.0325599101524],[-121.125287450223,39.0325600626171],[-121.125228267801,39.0325600988339],[-121.12517441946,39.0324930786674],[-121.125066602246,39.0323588451364],[-121.124957848857,39.0322234786443],[-121.124974312229,39.0321618054924],[-121.125020972092,39.0319868979401],[-121.125309921486,39.0316620703308],[-121.125341570674,39.0316264874754],[-121.126072717142,39.0311619283273],[-121.126150761009,39.0311368119336],[-121.126366583314,39.0310673387061],[-121.126502410612,39.0308227762686],[-121.12665589675,39.0305464385163],[-121.12666147741,39.0305363891131],[-121.126709957081,39.0304490891846],[-121.126789381659,39.0303061006187],[-121.126820107688,39.0300810011695],[-121.126806990813,39.0300298013986],[-121.126773148037,39.0298977850533],[-121.126661595531,39.029462476595],[-121.12657870556,39.0294010606804],[-121.126497804288,39.0293411149499],[-121.126415437887,39.0292800872692],[-121.126382723945,39.0291936751674],[-121.126355567203,39.0291219679112],[-121.126065971694,39.0289450734328],[-121.125635717157,39.0289494651903],[-121.125397545583,39.0289518925094],[-121.125338165621,39.0289524901892],[-121.125276058948,39.0289757760863],[-121.124935921722,39.0291032959066],[-121.124846903615,39.0290736029558],[-121.124554921946,39.0289762084795],[-121.124421502974,39.0288759273139],[-121.124314907551,39.0287958104093],[-121.124286553025,39.0287542712601],[-121.124210566785,39.0286429298571],[-121.124127561163,39.0285213208244],[-121.123967570259,39.0283550472119],[-121.123636746698,39.0280112006793],[-121.123608738195,39.0279445800131],[-121.123515000498,39.0277216341236],[-121.123427904716,39.027513909308],[-121.123389742705,39.0274228970966],[-121.123397341443,39.0273208473658],[-121.123407597166,39.027183285464],[-121.123408433455,39.0264893986011],[-121.123437128378,39.0259851895553],[-121.123412753234,39.0259009673629],[-121.123306777903,39.0255349217604],[-121.123299415776,39.0255096862977],[-121.123390916063,39.0251987681158],[-121.123545835782,39.0250371007912],[-121.123668101861,39.0246236341387],[-121.123320216854,39.0243999154979],[-121.123007502905,39.0241988123329],[-121.122469834755,39.0241097499997],[-121.122164013632,39.0241496919706],[-121.121797017169,39.0241976294331],[-121.121437663118,39.0242835856984],[-121.121187380503,39.0242859541512],[-121.12102754439,39.0243782193937],[-121.12085829614,39.0243494556834],[-121.120324113415,39.0231399924324],[-121.120315096867,39.0229503323556],[-121.120312167847,39.022888513325],[-121.120259617965,39.022802924357],[-121.120173322823,39.022662409258],[-121.120138095305,39.0224943400645],[-121.120132745005,39.0224687900633],[-121.120117375633,39.0224506744798],[-121.1199549384,39.0222593063042],[-121.119885219643,39.0220114271624],[-121.11980046376,39.021962541002],[-121.1197996658,39.0219616013602],[-121.119362689311,39.0214506881403],[-121.119343314303,39.02132718121],[-121.11933574727,39.0212789193763],[-121.119285412024,39.0212065133596],[-121.119242892323,39.0211453697639],[-121.119223187767,39.0211390699251],[-121.119165687063,39.0211206768501],[-121.119113200175,39.0211038868336],[-121.119073646193,39.021071789978],[-121.118908111865,39.0209374982547],[-121.118683149998,39.0206057780962],[-121.118665520818,39.0205797918807],[-121.11864331535,39.0205679811796],[-121.118197705682,39.0203308212828],[-121.118102090775,39.0202213315523],[-121.117916002327,39.0201352109813],[-121.117918050123,39.0200922802802],[-121.117435383141,39.0198916321531],[-121.117237213932,39.0198599254961],[-121.116983049591,39.0199208258922],[-121.116819888292,39.0199215111614],[-121.116230514602,39.0196518402697],[-121.116096855877,39.0194460902545],[-121.1159021071,39.0193180803174],[-121.115643429062,39.0192075705312],[-121.11553061726,39.0191593194398],[-121.115515596771,39.0191528897739],[-121.115507228667,39.0191493114569],[-121.115390890573,39.0190282390528],[-121.115208407652,39.018859626502],[-121.11464612673,39.0185666481152],[-121.114466449745,39.0185484224291],[-121.11413821492,39.0185117675275],[-121.114019258888,39.0185032703805],[-121.113494322998,39.0184657627583],[-121.112833222927,39.0181888285089],[-121.112288382278,39.0179210142425],[-121.111752649714,39.0178087135921],[-121.111526711546,39.0178981827018],[-121.110570329663,39.0180933688495],[-121.109468940566,39.0182982027606],[-121.109114087239,39.0183744897288],[-121.10868304475,39.0182477356698],[-121.108332528198,39.0181275001496],[-121.10785412129,39.0178544345219],[-121.107708267309,39.0176689559804],[-121.107486374337,39.0172829638491],[-121.10718790275,39.0169296100498],[-121.106731032264,39.0166355885568],[-121.10630966131,39.0164966803624],[-121.106167347641,39.0163659532715],[-121.105991438834,39.0160997587584],[-121.105972649107,39.0156052379504],[-121.105978853446,39.0154928398749],[-121.105987495868,39.0153364295754],[-121.105991256179,39.0152685104795],[-121.105970774836,39.0151984282624],[-121.10589782529,39.0149487990576],[-121.105923096376,39.0148051339191],[-121.105952215357,39.0146396269981],[-121.105978414955,39.0144906967893],[-121.105988253277,39.0144348240353],[-121.106109114839,39.0137849119322],[-121.105955380486,39.0133070939899],[-121.105722140569,39.0125835913631],[-121.105173908764,39.0120099304575],[-121.10474977788,39.0118578695486],[-121.104657387879,39.0118425373427],[-121.104656580005,39.011842407566],[-121.104651715513,39.0118416013141],[-121.10464154974,39.0118397383185],[-121.104634386016,39.0118384475841],[-121.104597901338,39.0118317828409],[-121.104580888061,39.0118286727227],[-121.104565475363,39.011825629825],[-121.104542566868,39.011821115147],[-121.104510354661,39.0118147578144],[-121.104496857894,39.0118118943929],[-121.104451277656,39.0118022352619],[-121.104440150162,39.0117998843169],[-121.104428551036,39.0117972551518],[-121.104405861346,39.0117921380248],[-121.104370203835,39.0117840791462],[-121.104337991927,39.0117763076147],[-121.104300656801,39.0117673159287],[-121.10427046849,39.0117595599394],[-121.104248050921,39.0117537995808],[-121.10424271845,39.0117524267974],[-121.104231474561,39.0117495394812],[-121.104225669417,39.011747970847],[-121.104181052392,39.0117359025998],[-121.104177685165,39.0117349842763],[-121.104162619846,39.0117309142733],[-121.104149205984,39.0117270629145],[-121.104094200317,39.0117112763781],[-121.104092289426,39.0117106987649],[-121.104026214241,39.0116907630793],[-121.103327342023,39.0116170389965],[-121.102560883662,39.0116609747897],[-121.101870232065,39.0117747424287],[-121.101858240447,39.0117767094122],[-121.101626728051,39.0118149597034],[-121.101170340492,39.0119286625542],[-121.100539064358,39.012086485858],[-121.10038928559,39.0121239918564],[-121.099057724934,39.0127508932374],[-121.098395765472,39.0129486268956],[-121.097922140257,39.0130551129011],[-121.09792153995,39.0130635657165],[-121.097861378127,39.0130782161293],[-121.097504678876,39.0131650664113],[-121.09680435668,39.0130912371159],[-121.096640374477,39.0127321432875],[-121.096561932591,39.012461939443],[-121.09638992803,39.0118695161528],[-121.096360426725,39.0117678800559],[-121.096405214981,39.0117498435035],[-121.096552952423,39.011690345605],[-121.096521937529,39.0116577579731],[-121.096436698237,39.0115965489985],[-121.096273114534,39.0115020555539],[-121.096159009501,39.0114688780389],[-121.096030721238,39.0114246066137],[-121.096005266158,39.011419740976],[-121.09583073477,39.0113861765287],[-121.095671699424,39.0113739307195],[-121.095371477549,39.0113628948397],[-121.09517879676,39.0114401378172],[-121.09425214399,39.011811586038],[-121.093936149338,39.0119385029974],[-121.093545452964,39.0120954137459],[-121.093334758799,39.012180037366],[-121.093174294325,39.012232635944],[-121.093099080997,39.0122572854793],[-121.092792930598,39.0125332565364],[-121.09259780302,39.0127228260196],[-121.092392900336,39.0129225613382],[-121.09216144586,39.01311775079],[-121.091971509449,39.0133331989094],[-121.091821912806,39.0134960471421],[-121.091675214452,39.0136716314484],[-121.091535307507,39.0138720093821],[-121.091408880614,39.0140009607781],[-121.091295387397,39.0141917689371],[-121.091167207852,39.0143557719453],[-121.09108993169,39.014524620426],[-121.090995137869,39.0147227959975],[-121.09095552081,39.0148176608149],[-121.090925163005,39.0148903832955],[-121.090830180897,39.0149878914171],[-121.090623566529,39.015059485128],[-121.090409758205,39.0150854672976],[-121.090143887706,39.0150706497806],[-121.089964785601,39.0149292630934],[-121.089936815462,39.0147884803308],[-121.089902240636,39.0146247998026],[-121.089863701,39.0144437065314],[-121.089854775384,39.0144110425801],[-121.089813847622,39.0142610832233],[-121.089772264937,39.0140840163804],[-121.08967540604,39.0139329196783],[-121.089566507813,39.0138327070215],[-121.089508397434,39.0137792425922],[-121.089306784538,39.0136835908606],[-121.089128782359,39.0136049285149],[-121.088874696463,39.0135896922077],[-121.08881017705,39.0135858237514],[-121.08842940928,39.0135451703554],[-121.088110904308,39.0134799877086],[-121.087845592358,39.0134167859266],[-121.08762647796,39.0133466686762],[-121.08729846709,39.0131998002023],[-121.086963676106,39.0130657011541],[-121.086688106293,39.0129642890192],[-121.086641567977,39.0129471601865],[-121.086535796403,39.0129011189622],[-121.086197167003,39.0127537384509],[-121.085752007234,39.0125647574525],[-121.085483598731,39.0124473486559],[-121.085186974843,39.012263595542],[-121.084936533318,39.0120277845857],[-121.084620709818,39.0117297855784],[-121.084447055946,39.0115264023352],[-121.0843487926,39.0113353091793],[-121.084261557372,39.0110615950724],[-121.084223795856,39.0108215231426],[-121.084203145521,39.0107036150853],[-121.084164908321,39.0106352701684],[-121.084144800676,39.0105993325294],[-121.084061817728,39.0105223979286],[-121.083998041566,39.0104435274036],[-121.083925568376,39.0104276076572],[-121.08389792103,39.0103882057144],[-121.083895075801,39.010387771446],[-121.083579781703,39.0103397086667],[-121.08324957675,39.010289385843],[-121.082935249529,39.0102414662182],[-121.082761041516,39.0101944707607],[-121.082485612913,39.0101201794641],[-121.082418623555,39.0101021052228],[-121.082323611381,39.0100764373261],[-121.081952059235,39.0099332881802],[-121.081639938306,39.0098130407368],[-121.080711951346,39.0094555447189],[-121.080603161211,39.0094136342822],[-121.080475477761,39.0090279480472],[-121.080547384611,39.0085160826621],[-121.080580284822,39.0082818393386],[-121.080647790518,39.0078012153315],[-121.080651221539,39.0077781765393],[-121.080789362217,39.0072377130473],[-121.080818108347,39.0071269765734],[-121.080755243669,39.0069810281159],[-121.080713380811,39.0068846448056],[-121.080263805317,39.006855530835],[-121.079832087572,39.0068280390174],[-121.079413448283,39.0067582516838],[-121.079411958014,39.0068676106227],[-121.079161102923,39.0068318800124],[-121.078814857073,39.0067188102183],[-121.078420800677,39.006571970478],[-121.07802659722,39.0063959663546],[-121.077589420599,39.0062351351045],[-121.077523239176,39.0062107899263],[-121.07747077033,39.006191496015],[-121.077223716573,39.0061046070057],[-121.076914580776,39.0060178295559],[-121.076642142832,39.0059885401381],[-121.0765211014,39.0059921112728],[-121.076477925482,39.0060010776609],[-121.076307215647,39.0060365195164],[-121.076145894395,39.0060847218351],[-121.07586021896,39.0061908102436],[-121.075549585181,39.00631619603],[-121.07518928002,39.0064317131073],[-121.074878841505,39.006498802369],[-121.074717477186,39.0065177855811],[-121.074494237562,39.0065074720006],[-121.074405427425,39.0064898649979],[-121.074295906851,39.0064681391693],[-121.074267125855,39.0064567893585],[-121.074072976916,39.006380226977],[-121.073957736721,39.0063329730337],[-121.073863570186,39.0062943715033],[-121.073577421283,39.0061750912669],[-121.073385072449,39.0061130543365],[-121.072969658508,39.0059790555931],[-121.072460606908,39.0058509960442],[-121.071764778235,39.0057316195399],[-121.071143082105,39.0056219740833],[-121.070583326653,39.0055124214305],[-121.070226517851,39.0054307650405],[-121.0701535275,39.0054012263789],[-121.070004711583,39.0053409867118],[-121.069683883493,39.0053013405299],[-121.069489338302,39.0052850818783],[-121.069304130807,39.0052719729737],[-121.069255908391,39.0052685533539],[-121.069168405548,39.0052561288796],[-121.069007715616,39.0052372430239],[-121.068863262056,39.0052120612484],[-121.068727417151,39.0052013231344],[-121.068556285122,39.0051990896765],[-121.068551587705,39.0051990246499],[-121.068302206834,39.0052099633616],[-121.068088086528,39.005223792325],[-121.068030746022,39.0052313241977],[-121.067922534132,39.005245533469],[-121.067840128375,39.0052576700513],[-121.067765851669,39.0052805533581],[-121.067465013578,39.0053961930738],[-121.067002704876,39.0055923128048],[-121.066645558077,39.0057611825112],[-121.066511180518,39.005824717595],[-121.066490976858,39.0058342762997],[-121.065983845101,39.0060957431583],[-121.065693075499,39.0062934529242],[-121.065435946995,39.006480667819],[-121.065360505129,39.0065610814829],[-121.065343960207,39.0065787286924],[-121.0652297589,39.006679988716],[-121.064960216473,39.0071064667531],[-121.064820004513,39.0073625534739],[-121.064778927435,39.0074376821479],[-121.064748634072,39.0074930442354],[-121.064699642414,39.0075758528859],[-121.064380546265,39.0078217978211],[-121.063957197133,39.0081480741599],[-121.063812063519,39.0084099689775],[-121.063777289824,39.0084727088462],[-121.063638987306,39.0087222604251],[-121.062756253645,39.0091571886759],[-121.062679347529,39.0092800273752],[-121.062653964124,39.0093205454271],[-121.062362593284,39.0097855596088],[-121.0619998805,39.0099550294433],[-121.061779851029,39.0100578227882],[-121.061345281005,39.0100852682734],[-121.061240178248,39.0100806318275],[-121.061066082768,39.0100714026104],[-121.060975429551,39.0100599900886],[-121.060814931342,39.0100472180112],[-121.060456814802,39.0099624183811],[-121.059960855175,39.0098551418013],[-121.059553234557,39.009795834076],[-121.059080501242,39.009747284767],[-121.058725563005,39.0097229162117],[-121.058388423215,39.0097258478414],[-121.057977144892,39.0097539083993],[-121.057347702423,39.0097889891038],[-121.057281778373,39.0097892244184],[-121.056111159334,39.0098013819556],[-121.055089699933,39.0097750864459],[-121.054410609679,39.0097576030231],[-121.053314650803,39.0099692548066],[-121.051955455129,39.0106574958641],[-121.051827390213,39.0107223423875],[-121.051501761338,39.0110312323933],[-121.050869246523,39.0116312176782],[-121.050555872748,39.0119284660106],[-121.050182700341,39.0121203994508],[-121.049375762921,39.0125354153004],[-121.048692902356,39.0126947205958],[-121.048311882393,39.0127836110504],[-121.045908244526,39.0127161132994],[-121.045615176745,39.0128861441098],[-121.045488623152,39.0129595634581],[-121.044783710929,39.0132668502221],[-121.044688525572,39.013317391345],[-121.044341496699,39.0135016534957],[-121.043697887805,39.0136889170936],[-121.04327265108,39.0138988676132],[-121.042429549578,39.0140082443368],[-121.042148620871,39.0140446936044],[-121.041552169958,39.0143358004758],[-121.041030473391,39.0149574452917],[-121.039750163656,39.0149379599036],[-121.038552482433,39.014919719123],[-121.038516599079,39.0149443012259],[-121.038467163018,39.0149793708041],[-121.038418491867,39.0150151331629],[-121.038370656761,39.0150515339714],[-121.038323657326,39.0150886006871],[-121.038277493935,39.0151263058546],[-121.03823220141,39.0151646772218],[-121.03818778124,39.0152036049641],[-121.038144231937,39.0152431989081],[-121.038101590184,39.0152833495199],[-121.03805985561,39.0153240842568],[-121.038019064155,39.0153653484976],[-121.037979144313,39.0154072240311],[-121.037940202785,39.0154496293611],[-121.037902274766,39.0154925647793],[-121.03786528987,39.0155360297052],[-121.037829248841,39.0155799692269],[-121.03779422207,39.0156243839267],[-121.037760208813,39.0156693287183],[-121.037727210561,39.0157146937771],[-121.037695226943,39.0157605065601],[-121.037664257961,39.0158067670684],[-121.037634374378,39.0158534484277],[-121.037605506179,39.0159005226011],[-121.037577723754,39.0159479901708],[-121.037551027479,39.0159958236811],[-121.037525346592,39.0160440500077],[-121.03750082262,39.0160926154016],[-121.037477350353,39.0161414915347],[-121.037454964988,39.0161906786984],[-121.037433736917,39.0162401774751],[-121.037413560557,39.0162899869928],[-121.037396969928,39.0163336477564],[-121.037394542613,39.0163400257554],[-121.037376647519,39.0163903209291],[-121.037359875279,39.0164408725144],[-121.037351055963,39.016469535971],[-121.037344261088,39.0164916808025],[-121.037329771246,39.0165426356775],[-121.037316440204,39.0165937923435],[-121.03730423277,39.01664515051],[-121.037293184513,39.0166966830118],[-121.037283331378,39.0167483352274],[-121.037274567781,39.0168001062844],[-121.037267034505,39.0168519973465],[-121.037260625967,39.0169040075415],[-121.037255413306,39.0169560825383],[-121.037254989206,39.0169613924411],[-121.037251326135,39.0170082217555],[-121.037248470413,39.0170603986094],[-121.037246810949,39.0171126128092],[-121.037246207337,39.0171648357351],[-121.037246870378,39.0172170965887],[-121.037248660412,39.0172693118373],[-121.03725164746,39.017321509519],[-121.037255831897,39.0173736621774],[-121.037263035808,39.0174419310396],[-121.037300965248,39.0175234147002],[-121.037330153127,39.0175902451281],[-121.037357858008,39.0176574202653],[-121.03738404469,39.0177249398222],[-121.037408677975,39.0177928035089],[-121.037431828995,39.0178609569953],[-121.037453356592,39.0179294265753],[-121.037473402661,39.0179981310439],[-121.037491895874,39.0180671384613],[-121.037508802711,39.0181363249835],[-121.03752415743,39.0182057595431],[-121.037537960958,39.0182753734998],[-121.037550143272,39.0183451388161],[-121.037560809582,39.0184150838212],[-121.037569855042,39.0184851527304],[-121.037577314843,39.0185553458349],[-121.037583224921,39.018625608513],[-121.037587480058,39.0186959124362],[-121.037590220658,39.0187662862242],[-121.037591306307,39.0188367012576],[-121.037590842588,39.0189071584087],[-121.037588796163,39.0189775201049],[-121.037585129595,39.0190479507937],[-121.037579880686,39.0191182585708],[-121.037573048684,39.019188498349],[-121.037564598388,39.0192586698371],[-121.037554671698,39.0193286918288],[-121.037543056313,39.019398644948],[-121.037537252665,39.0194294339727],[-121.037529894877,39.0194683930757],[-121.037515151444,39.0195379908333],[-121.037498861951,39.0196073835981],[-121.037480955628,39.0196765982443],[-121.037461539551,39.0197455258181],[-121.037441334159,39.0198116597311],[-121.037440542577,39.0198142206499],[-121.037418000272,39.0198826555732],[-121.037406641244,39.0199414897122],[-121.037394478863,39.0199972692114],[-121.037381086074,39.020052928704],[-121.037366428422,39.0201084129859],[-121.037350541847,39.0201636674346],[-121.037333425602,39.0202187469625],[-121.037315045603,39.0202735689091],[-121.037295471685,39.0203281750399],[-121.037274598812,39.0203825232973],[-121.037252533131,39.0204365733686],[-121.037229274268,39.0204903527097],[-121.037204822779,39.020543820135],[-121.037179179221,39.0205969344594],[-121.037152378603,39.0206497097012],[-121.037137984001,39.0206767343989],[-121.037124456491,39.0207021186942],[-121.037095342864,39.0207541333993],[-121.037065107366,39.0208058093102],[-121.037033681467,39.0208570085623],[-121.037001169637,39.0209078143967],[-121.036967467402,39.0209581435705],[-121.03693275,39.0210080524501],[-121.036896842561,39.0210574572108],[-121.036859920699,39.0211063867628],[-121.036821843994,39.0211548124846],[-121.036782683587,39.0212026800446],[-121.036742509498,39.02125001748],[-121.036701215759,39.021296851373],[-121.036694623375,39.0213040461565],[-121.036658909829,39.0213430453138],[-121.036615555388,39.0213886813794],[-121.036571223204,39.0214337326943],[-121.036525843628,39.0214781437626],[-121.036479347383,39.0215218316317],[-121.036431178776,39.0215642425148],[-121.036381616027,39.0216056258463],[-121.036330973299,39.0216461764396],[-121.036279459163,39.0216860882348],[-121.036227318507,39.0217254730945],[-121.036174515016,39.0217644130959],[-121.036121085005,39.0218028261603],[-121.036066957334,39.0218407666168],[-121.036011923804,39.0218780130662],[-121.035956090382,39.0219145389247],[-121.035899421498,39.0219503713561],[-121.0358418827,39.0219854551552],[-121.035783579955,39.0220197637384],[-121.035724477694,39.0220533242696],[-121.035664576291,39.0220861092911],[-121.03560401691,39.022118092511],[-121.035542693586,39.0221493005103],[-121.035480677836,39.0221796515016],[-121.035196982645,39.0224516222971],[-121.034919615789,39.0227291916437],[-121.034648977916,39.0230113743652],[-121.034501001984,39.0231719254573],[-121.034385361111,39.023297404064],[-121.034128985212,39.0235866510421],[-121.033879818814,39.0238788404915],[-121.033637851496,39.0241747412358],[-121.033402739559,39.0244737463592],[-121.033173766351,39.0247742023878],[-121.032951871073,39.0250769409367],[-121.03273712869,39.0253816331546],[-121.032529647121,39.0256881152194],[-121.032428728523,39.0258434527407],[-121.032329391246,39.0259963868773],[-121.03213625442,39.0263065296572],[-121.032039209857,39.0264693542651],[-121.031950199272,39.0266187080397],[-121.031771117279,39.0269331408313],[-121.03159882914,39.027250073708],[-121.031433331927,39.0275697263502],[-121.031411895868,39.0276132773074],[-121.031274517859,39.0278922626462],[-121.031122387196,39.0282176688949],[-121.030981168337,39.0285366578089],[-121.030977008725,39.0285460692608],[-121.030838455737,39.0288772584321],[-121.03070690826,39.0292109496057],[-121.030614401116,39.0294649211884],[-121.030526104825,39.0297069828755],[-121.030519242007,39.0298393763774],[-121.030414252141,39.0318666428793],[-121.030446245581,39.0325184664644],[-121.030553618149,39.0329411916231],[-121.030469007097,39.0346662573915],[-121.030459874462,39.0356324233628],[-121.030419472557,39.0367404039872],[-121.030389327294,39.0368000695738],[-121.030367143908,39.036841376144],[-121.030344012969,39.0368824551492],[-121.030319971182,39.0369231970569],[-121.030316838668,39.0369282647087],[-121.030294982966,39.0369636290298],[-121.030269083149,39.0370037788164],[-121.030242307686,39.0370435917968],[-121.03021462137,39.0370830676772],[-121.030186024202,39.037122206457],[-121.030156550632,39.0371610633412],[-121.030126238495,39.0371994464281],[-121.030095049956,39.037237547618],[-121.030062986516,39.0372752570851],[-121.03003011896,39.0373125479585],[-121.02999637575,39.0373495020203],[-121.029961828799,39.0373860100307],[-121.029926441773,39.0374221540648],[-121.0298902158,39.037457851753],[-121.029853291323,39.0374931317232],[-121.029815493068,39.0375279375966],[-121.029776961103,39.0375623254575],[-121.029737660975,39.0375962400995],[-121.029697593435,39.0376296266091],[-121.029656792185,39.037662595104],[-121.029615293557,39.0376950635076],[-121.029573027893,39.0377269763204],[-121.029530134885,39.0377584170831],[-121.029486474465,39.0377893297097],[-121.029442188207,39.0378196604596],[-121.029397205322,39.037849436202],[-121.029351595847,39.0378786849788],[-121.029305360534,39.0379073518768],[-121.029258500136,39.0379353819826],[-121.029211048729,39.0379628579578],[-121.029163007067,39.0379897248889],[-121.029114410732,39.0380159556124],[-121.029065188561,39.0380416044533],[-121.029015483635,39.0380665078469],[-121.028965223284,39.0380908299432],[-121.028914479051,39.0381144889596],[-121.028863216483,39.0381374296895],[-121.028811434828,39.0381597070448],[-121.028759204876,39.0381812941553],[-121.028706561831,39.0382021913141],[-121.028653470679,39.0382223844988],[-121.028600002208,39.0382418468396],[-121.028546050803,39.0382605774555],[-121.028491721705,39.0382786046826],[-121.028437086268,39.0382958604668],[-121.028382073517,39.038312385405],[-121.028326719224,39.0383281386059],[-121.028271023203,39.0383431337971],[-121.028215055302,39.0383574127497],[-121.028158817028,39.0383708656382],[-121.028102307254,39.0383835748312],[-121.028045561563,39.0383955131655],[-121.027988615539,39.0384066534783],[-121.027931398396,39.0384170226381],[-121.02787401613,39.0384265940695],[-121.027816432784,39.0384354223909],[-121.027758755482,39.0384433986583],[-121.027700877481,39.038450604359],[-121.027642904775,39.0384570129179],[-121.027584802161,39.0384626240409],[-121.027526640051,39.0384674383155],[-121.027468383243,39.0384714554479],[-121.02741010215,39.0384746760255],[-121.027309700119,39.0384811970743],[-121.02724648676,39.0384897584424],[-121.027084541575,39.0385062824651],[-121.027028788386,39.0385151531389],[-121.026962725937,39.0385234983477],[-121.026858610662,39.038538884851],[-121.026748199978,39.0385409283235],[-121.026671566152,39.0385396291943],[-121.026590903064,39.0385471382868],[-121.026464587418,39.0385510257011],[-121.026381745184,39.0385556881229],[-121.026369341826,39.0385563808082],[-121.026197690094,39.0385566763595],[-121.026081897297,39.0385557909831],[-121.025947895238,39.0385732609234],[-121.025775976141,39.0385904411606],[-121.025620179489,39.0386027583492],[-121.025451292565,39.0386119453136],[-121.025358319799,39.0386209981665],[-121.025281210576,39.0386235384657],[-121.025176819102,39.0386359280834],[-121.025004199551,39.038647691819],[-121.024883897172,39.0386572295588],[-121.024756537736,39.0386678614064],[-121.024640893855,39.0386791678285],[-121.024483479293,39.0386938863869],[-121.024318977715,39.0387093142557],[-121.024210933992,39.0387209859436],[-121.024046752547,39.0387361689752],[-121.023914491709,39.0387498617672],[-121.023789458605,39.0387628460983],[-121.023655569385,39.0387669416161],[-121.023530333572,39.038769077499],[-121.023442488215,39.0387688355903],[-121.02331132452,39.038764221458],[-121.023133446169,39.0387717370564],[-121.022942562056,39.0387725530682],[-121.022913782992,39.0387709113199],[-121.022823349426,39.0387975025602],[-121.022622607907,39.0388211914637],[-121.022365061016,39.0388457214914],[-121.022237378662,39.0388618397677],[-121.022141284612,39.0388801451552],[-121.022033762237,39.0388973660089],[-121.021926160751,39.038910110213],[-121.021805980828,39.0389260163973],[-121.021683263668,39.0389471733662],[-121.021569528732,39.038975709837],[-121.021497171579,39.0390089048024],[-121.02140083293,39.0390474451278],[-121.021335334075,39.0390760844069],[-121.021237638781,39.0391185124432],[-121.021179224864,39.0391491333062],[-121.021098353307,39.0391920320606],[-121.021031627345,39.0392330176052],[-121.020969102586,39.0392731871681],[-121.020916378395,39.0393099242392],[-121.020852663865,39.0393571957356],[-121.020818691459,39.0394103188542],[-121.020778324314,39.0394904906817],[-121.020750249814,39.0395550590066],[-121.020738868599,39.0396104451376],[-121.020729628262,39.0396994596001],[-121.020734279492,39.0397807511378],[-121.02074012502,39.0398520574791],[-121.020753442433,39.0399432248584],[-121.020750974494,39.0400224520263],[-121.020753868101,39.0400907953981],[-121.02075339623,39.040198844277],[-121.02076356137,39.0402786169563],[-121.020777298043,39.0403929636043],[-121.020787433417,39.04046979787],[-121.02080331115,39.0405515132468],[-121.020850953642,39.0406634812281],[-121.020888468455,39.0407617716752],[-121.020946478697,39.0408879134092],[-121.020983597232,39.040963930899],[-121.02102249204,39.0410566586268],[-121.021054448829,39.0411520465363],[-121.02110405708,39.0412721588996],[-121.021153020372,39.0413624998088],[-121.021204891281,39.0415151156221],[-121.021240441033,39.0416996669222],[-121.021244302667,39.0417578721348],[-121.021247029736,39.0417987958434],[-121.021228370186,39.0419158908296],[-121.021188474738,39.0420357730546],[-121.021140327241,39.0421756725102],[-121.021139098298,39.0421792456408],[-121.021128695504,39.0422224205664],[-121.021102679757,39.0423303509371],[-121.021086382894,39.0423949084196],[-121.021067330444,39.0424703166791],[-121.021063857042,39.0424910742777],[-121.021045918268,39.0425980152973],[-121.021021311997,39.0426727178648],[-121.021012546653,39.0426993073179],[-121.020979235807,39.0428038400496],[-121.020934748138,39.042919619604],[-121.020891773672,39.0430431004905],[-121.020842229915,39.0431934913052],[-121.020817595949,39.0433147647575],[-121.020766378468,39.0434537458164],[-121.020753753579,39.0434895154487],[-121.020731307028,39.043553128766],[-121.020667687225,39.0438378699488],[-121.020814762861,39.0441543536294],[-121.020907638718,39.0443542284379],[-121.020778238665,39.0450417956293],[-121.020513762691,39.0457519248434],[-121.020352479743,39.0458414872228],[-121.019862099025,39.0461137976578],[-121.019804301089,39.0461592511096],[-121.019326000856,39.0465354162772],[-121.01887072988,39.0468934579659],[-121.018680670148,39.0470429393318],[-121.017926881653,39.0473222222445],[-121.016986162995,39.0473455946647],[-121.016957454985,39.0473462037465],[-121.016883553036,39.0473478320026],[-121.016581482981,39.0473226567874],[-121.015876536449,39.0472639014303],[-121.014490773656,39.0472941351277],[-121.01411085605,39.0473024134762],[-121.013857789499,39.0477098020487],[-121.01335685335,39.0485161640378],[-121.013078321011,39.0492077599099],[-121.013088137335,39.0499188770139],[-121.013206778985,39.0505459561274],[-121.013240636218,39.0507421381949],[-121.013296574031,39.050880155956],[-121.013502153409,39.051194631424],[-121.013638118138,39.0514403631126],[-121.013692822351,39.0515684299138],[-121.013640027855,39.0516548234586],[-121.013480599119,39.0519156701246],[-121.013302016516,39.0520623429906],[-121.013216946457,39.0521322071249],[-121.012870725791,39.05231720732],[-121.012561888452,39.0525159234188],[-121.01225344108,39.0525324351664],[-121.012249247142,39.0525326604865],[-121.012244325987,39.0525320009422],[-121.011497340841,39.0524311661572],[-121.011219313035,39.0522488662196],[-121.010958332774,39.0520311503416],[-121.010842803577,39.0518407823359],[-121.010738839552,39.0515586331899],[-121.01034604701,39.0513864504894],[-121.009820095155,39.0512224713766],[-121.009527332829,39.0513038447024],[-121.009153864606,39.0513844762556],[-121.008745616742,39.0516352239455],[-121.008550199775,39.0518064736353],[-121.008311577865,39.052060282811],[-121.008306740092,39.0520687677946],[-121.008140696807,39.0523604016818],[-121.00812816848,39.0523824136177],[-121.008127580463,39.0524042937665],[-121.008121190746,39.0526443994184],[-121.008118385432,39.0531542419059],[-121.008304949158,39.0537530304694],[-121.008387741881,39.0540187593761],[-121.008435322191,39.0543508463414],[-121.008352688892,39.0550311639549],[-121.008368728682,39.0554049954111],[-121.008357638017,39.0558552077345],[-121.00835302001,39.0559347869678],[-121.008336482134,39.0562193315587],[-121.008248076,39.0567608200232],[-121.008224186584,39.056795572555],[-121.00805324032,39.0570441630597],[-121.007945297062,39.0572011495885],[-121.00782162495,39.0573809856374],[-121.007635433622,39.057564902452],[-121.00730613715,39.0578901419477],[-121.007181236385,39.057884753255],[-121.007172700724,39.0578843922242],[-121.007172444442,39.0578926278591],[-121.007167927559,39.0580390303238],[-121.007071811195,39.0582000297529],[-121.006942968952,39.0583288150103],[-121.006874174056,39.0584991910288],[-121.006775988801,39.0587423585403],[-121.006753239688,39.0587986761094],[-121.007010719445,39.0597469968677],[-121.007072578286,39.0599748463541],[-121.007023371893,39.0612441489483],[-121.007012881613,39.0613769355113],[-121.005651013293,39.0617499767765],[-121.004761838976,39.0619299769116],[-121.00420755039,39.0620733863042],[-121.003556306967,39.062314818077],[-121.003044979083,39.0626487591962],[-121.003000827896,39.0626775846224],[-121.00295964478,39.0627044858037],[-121.002949726902,39.0627109500327],[-121.002895459343,39.0627703472897],[-121.002850474635,39.0628195953119],[-121.002748306598,39.0629314283097],[-121.00271298083,39.0629700772146],[-121.002454586402,39.0633569656564],[-121.002440836279,39.0636793584368],[-121.002503867015,39.0639720244639],[-121.002640487789,39.0643453367412],[-121.002892923736,39.0650351615115],[-121.003128077978,39.0655667130372],[-121.003256200407,39.0657921928954],[-121.00332202336,39.065908043873],[-121.003305013728,39.0660041984442],[-121.003247270447,39.0663304986506],[-121.003124856675,39.0667430860338],[-121.003086788104,39.0668713938749],[-121.002773682412,39.0673931209933],[-121.002641221933,39.0675707482247],[-121.002478626595,39.0677183377616],[-121.002301902327,39.0677823708732],[-121.002091269872,39.0678154550738],[-121.001698595165,39.067907431852],[-121.001110521947,39.0679786763363],[-121.000596887435,39.0679742739432],[-121.000084060424,39.0679126646142],[-120.999742187986,39.0678715905753],[-120.999277475177,39.0678676021293],[-120.998884796334,39.0679595831568],[-120.998393465933,39.0681079131602],[-120.997927672742,39.0681801922125],[-120.997389576445,39.0681755654196],[-120.996998243333,39.0681721990019],[-120.996704752328,39.0681696734023],[-120.99643327328,39.0683389576994],[-120.996346026728,39.0684604282712],[-120.996283538344,39.0685474170259],[-120.996206661713,39.0687946583619],[-120.99614081097,39.0691151601043],[-120.996271291701,39.0696168543563],[-120.996574053246,39.0699376737466],[-120.997043385543,39.0701562389329],[-120.997338537832,39.070274670165],[-120.997442330938,39.0703318682719],[-120.997533549296,39.0703977314198],[-120.997657671518,39.0704957577371],[-120.997740838549,39.0705755008486],[-120.997793396925,39.0706500929928],[-120.997867684702,39.0707350044126],[-120.997909009177,39.0708093900922],[-120.997972702326,39.0709460261885],[-120.998018201163,39.0710415914147],[-120.998055149757,39.0711613846702],[-120.998095907644,39.0712858238217],[-120.998137660203,39.0714146650011],[-120.9981789372,39.071569670845],[-120.998209242241,39.071678533038],[-120.998233691071,39.071790502724],[-120.998232195423,39.0719137000148],[-120.998219700669,39.0720125836326],[-120.998213317441,39.0720529489554],[-120.998206430497,39.0720965501532],[-120.998204692004,39.0724075398919],[-120.998204092671,39.0725146811492],[-120.997925461143,39.0727566060917],[-120.997532767934,39.0729558388598],[-120.997101838158,39.0731547413895],[-120.996709562357,39.0733241815989],[-120.99635675043,39.0734045663105],[-120.99569662462,39.0735215423958],[-120.995532507266,39.073570763531],[-120.995166605668,39.0736995800278],[-120.994696861467,39.0738848351261],[-120.994684533278,39.0738896989619],[-120.994399866812,39.0740033695032],[-120.99419475918,39.0741134421103],[-120.994098820743,39.0741739448535],[-120.994088156863,39.0741806764938],[-120.994059080231,39.0741990155952],[-120.993936105897,39.074312734569],[-120.99391993523,39.07432769767],[-120.993885469818,39.0743558755948],[-120.993779737362,39.0744015066883],[-120.993645827892,39.0744368443369],[-120.993499946434,39.0744420379322],[-120.993479890981,39.0744415627317],[-120.993259070059,39.0744363060173],[-120.993076467607,39.0744672409125],[-120.99291216375,39.0745292940278],[-120.992789369548,39.0745756692719],[-120.9925748708,39.0746893649345],[-120.992457876698,39.0748207904154],[-120.992345605739,39.0750089601896],[-120.992263630676,39.0751030139],[-120.992223612746,39.0751375962938],[-120.99214138326,39.0751975157307],[-120.991971502521,39.075317087879],[-120.991872739705,39.0754124240501],[-120.991797659469,39.0754996722157],[-120.991695105657,39.0756534089786],[-120.991643020449,39.0757437391525],[-120.991521092963,39.0759368771367],[-120.991443341368,39.0760731169285],[-120.991335148331,39.076241769942],[-120.991242527101,39.0764400214846],[-120.99120482322,39.0765866028266],[-120.991211131829,39.0767595690029],[-120.9912582954,39.0769184450464],[-120.991296359058,39.0769939855599],[-120.991373692267,39.0770801905157],[-120.991474799369,39.0771965043126],[-120.991593531991,39.0773046502826],[-120.99170206387,39.077394392517],[-120.991839589894,39.0774766967499],[-120.992036793721,39.0775640201115],[-120.992274262902,39.0776490276161],[-120.99242866099,39.0776944617673],[-120.992651256819,39.0777477891628],[-120.992739725891,39.0777521781561],[-120.992787103925,39.0777723856584],[-120.992894195434,39.0778000561848],[-120.993014892983,39.0778395967306],[-120.993205748746,39.0779027814117],[-120.993315177216,39.0779395607723],[-120.993477724436,39.0779991779881],[-120.993620205641,39.078057770529],[-120.993838480602,39.0781426091264],[-120.994150931008,39.0782791145303],[-120.994382877204,39.0784135243125],[-120.994565140583,39.0785585438378],[-120.994765644769,39.0787265390516],[-120.994862047242,39.0788224069591],[-120.99500472328,39.0789494006634],[-120.995128262669,39.0790620053163],[-120.995317276283,39.0792529388892],[-120.995429435047,39.079395513109],[-120.995532314621,39.079544048324],[-120.995677404772,39.0797693114502],[-120.995764748129,39.0799253463052],[-120.995795240833,39.0800433270864],[-120.995854298248,39.0802612312324],[-120.995894678775,39.0803925050723],[-120.995894246577,39.0805348230397],[-120.995876063305,39.080617126799],[-120.995860700649,39.0806620003266],[-120.99582372829,39.0807699265639],[-120.995761439548,39.0808718408195],[-120.995704755054,39.0809412640148],[-120.995623270557,39.0810378230374],[-120.995550550656,39.0810976620151],[-120.995433409971,39.0812018082805],[-120.995431768705,39.0812032632133],[-120.995356717306,39.0812585511947],[-120.995265836378,39.0813021698042],[-120.99516935816,39.081345465512],[-120.995050694896,39.0813855219404],[-120.994911326524,39.0814049425673],[-120.994775462215,39.0814157710106],[-120.994572802516,39.0814189388127],[-120.994293530822,39.0814333902645],[-120.994142433814,39.081464955667],[-120.993968506489,39.0815039850389],[-120.993734603354,39.0815636951509],[-120.99360057633,39.0816435433789],[-120.993395530007,39.0817476564936],[-120.993204629485,39.0818132835838],[-120.993071746038,39.0818473114638],[-120.992850975404,39.0818678663869],[-120.992558740818,39.0818844808511],[-120.992324790884,39.0819126369758],[-120.99211204486,39.0819139284857],[-120.991877249985,39.0819246946528],[-120.991606503983,39.0819464077508],[-120.991451125101,39.081961814021],[-120.991317662854,39.0819720825796],[-120.991241227312,39.0819696639023],[-120.991206768871,39.0819685694491],[-120.991051838348,39.0820143216332],[-120.990989836933,39.0820534638326],[-120.99085730112,39.0821371661472],[-120.9908160289,39.0821926886739],[-120.99075500163,39.0823216861262],[-120.99060497946,39.082519852059],[-120.990527234146,39.0826574916454],[-120.990469932604,39.0827746862299],[-120.990403472788,39.0828447636472],[-120.990278277807,39.082932373181],[-120.990170545294,39.0830060197253],[-120.990052755399,39.0830906726268],[-120.989928625465,39.0832394154908],[-120.989843066233,39.0833516694258],[-120.989727888541,39.0834803619446],[-120.989623919032,39.0836260115053],[-120.989531831741,39.0837142091872],[-120.989431829144,39.0837793272741],[-120.989288425432,39.0838662836698],[-120.989165747626,39.0839797256135],[-120.989032162305,39.0841414836594],[-120.988916535272,39.0843088616858],[-120.988900418298,39.0843395724866],[-120.988797775821,39.0845351950756],[-120.988669171111,39.0847477407436],[-120.988596002682,39.0848753137075],[-120.988511329918,39.0850633621088],[-120.988478350679,39.0851892516337],[-120.98849018856,39.0852879607779],[-120.988545155779,39.0853715981803],[-120.988563845755,39.0854000571424],[-120.988645368029,39.0855042035518],[-120.988699361328,39.0856486685655],[-120.988755982238,39.0857349700264],[-120.988797906285,39.0858684838792],[-120.988791951839,39.0860140764978],[-120.988794741903,39.0861666097786],[-120.988794914784,39.0861915168842],[-120.988795291441,39.0862983918362],[-120.988794348617,39.0863841665837],[-120.988730202917,39.086645915453],[-120.988648583941,39.0869789893382],[-120.988583782021,39.0872434371607],[-120.988460729368,39.0876416556957],[-120.988462784394,39.0879171453904],[-120.988152472064,39.0887459211207],[-120.988114181324,39.0890214451054],[-120.988183610172,39.0890819912483],[-120.988226376558,39.0893563787938],[-120.98824080603,39.0895696706147],[-120.988228147018,39.0897158502449],[-120.988190569482,39.0901498343293],[-120.98818552577,39.0902081415914],[-120.988210459557,39.0904803423606],[-120.988123114279,39.0908129678709],[-120.988043421854,39.0910538358083],[-120.988004817941,39.0911440341142],[-120.98781828286,39.0916244357215],[-120.987741631881,39.0920468083452],[-120.987626580723,39.0923983183248],[-120.987622472746,39.09241084529],[-120.987506376545,39.0925630327602],[-120.987390070988,39.0928062184066],[-120.987312947587,39.0929582772882],[-120.987159645298,39.0931716501269],[-120.987083273019,39.0933844553389],[-120.987085248776,39.0938695958415],[-120.987013566914,39.0943554969212],[-120.987055404605,39.0946282015721],[-120.987099534574,39.0949919536396],[-120.987204841034,39.0952311050194],[-120.987219363352,39.0952640724469],[-120.987378652621,39.0955662721658],[-120.987419665095,39.0956873667468],[-120.987460019654,39.0957780856314],[-120.987463977074,39.0959338278484],[-120.987470058959,39.0961726528294],[-120.987400952691,39.0964464259246],[-120.987253005129,39.0966298323221],[-120.98717812687,39.0966911301742],[-120.987112159328,39.0968475968528],[-120.987017575678,39.0970719276694],[-120.986998334054,39.0971175763363],[-120.986966684343,39.0972583322592],[-120.986929884453,39.097421614957],[-120.986932318,39.0975126086773],[-120.986920344588,39.0975539269827],[-120.986861812165,39.0977558894656],[-120.986946748874,39.09801383833],[-120.986961296196,39.0980783429615],[-120.986985619686,39.0981861534037],[-120.98705485396,39.0984308402336],[-120.987153744222,39.0987160947743],[-120.987250819848,39.0989287036895],[-120.987269097577,39.0989689529408],[-120.987270225797,39.0989713791535],[-120.987371965684,39.0991954789692],[-120.98738694464,39.099237237275],[-120.987430069329,39.0993574027506],[-120.987560393981,39.0997204884818],[-120.987604401727,39.1000833327658],[-120.987608682919,39.1004765041521],[-120.987609948417,39.1005975006306],[-120.987536608445,39.1010216861425],[-120.987521678913,39.1011009000562],[-120.987464954454,39.1014018415767],[-120.987347122496,39.101477210174],[-120.987210711021,39.1015530763337],[-120.987198914782,39.1024615456513],[-120.9871941054,39.1024676272997],[-120.987191379842,39.1024709262004],[-120.987188548964,39.1024741967271],[-120.987169250985,39.1024928936467],[-120.98715037231,39.1025118413378],[-120.987131842464,39.1025310391885],[-120.987113802004,39.102550515879],[-120.987096182026,39.102570160974],[-120.987079015412,39.1025901395147],[-120.987062304517,39.1026102867665],[-120.987045978475,39.1026306295731],[-120.98703021308,39.1026511969209],[-120.987014832146,39.1026719872797],[-120.986999941778,39.1026929741122],[-120.986985577605,39.1027141302686],[-120.986971597894,39.1027355094367],[-120.98695814438,39.102757057929],[-120.986945146196,39.1027788025896],[-120.986932638972,39.1028007162688],[-120.986920587863,39.1028227712049],[-120.986909097405,39.1028450506836],[-120.98689806385,39.1028674165078],[-120.986887520863,39.1028899788071],[-120.986877469231,39.1029126826698],[-120.986867944585,39.1029355009464],[-120.986858946532,39.1029584610928],[-120.986850440229,39.1029815353473],[-120.986842425675,39.1030047237098],[-120.986834938108,39.1030280264867],[-120.98682797753,39.103051443678],[-120.986821544726,39.1030749203722],[-120.986815604067,39.103098483719],[-120.986810190397,39.1031221614804],[-120.986805304895,39.1031458712892],[-120.986800946778,39.1031696680569],[-120.986797152068,39.1031934971781],[-120.986793885135,39.1032173858026],[-120.986791075897,39.1032413058623],[-120.986788829676,39.1032652857315],[-120.986787147258,39.1032892704984],[-120.986785993011,39.1033132873129],[-120.986785367331,39.1033373087192],[-120.98678527061,39.1033613072614],[-120.986785666826,39.103385337545],[-120.986786662477,39.1034093455768],[-120.986788187089,39.1034333307445],[-120.986790205425,39.103457292742],[-120.986792788354,39.1034812047255],[-120.986795935483,39.103505094151],[-120.986799541492,39.1035289326442],[-120.986803712488,39.1035526936676],[-120.986808412449,39.1035764318267],[-120.986813642946,39.103600037298],[-120.986819402801,39.103623592449],[-120.986825656776,39.1036470969735],[-120.986832476527,39.1036704691162],[-120.986839826424,39.1036937360266],[-120.986847706466,39.1037168977047],[-120.986856046179,39.1037399535382],[-120.986864952062,39.1037628495336],[-120.986868102557,39.1037704968413],[-120.986874352461,39.103785667446],[-120.986884319425,39.1038082980643],[-120.986894710823,39.1038308225314],[-120.986905633547,39.103853159398],[-120.986917086421,39.1038753910314],[-120.986929000539,39.1038974069959],[-120.986941445593,39.1039192628153],[-120.986954421583,39.1039409584894],[-120.986967788342,39.103962437882],[-120.986981445067,39.103983356877],[-120.98698168643,39.1039837296732],[-120.986996045372,39.1040048332506],[-120.987010936037,39.1040257217702],[-120.987026288341,39.1040463671641],[-120.987042065869,39.1040668514935],[-120.98705830543,39.1040870652409],[-120.987075041477,39.1041070636238],[-120.987092203926,39.1041268185741],[-120.987109828016,39.1041463303976],[-120.987127878509,39.1041655987882],[-120.987146391036,39.1041845965958],[-120.987173430893,39.1042110824467],[-120.987232485331,39.1042686006421],[-120.987289982705,39.1043265720935],[-120.987346166539,39.1043852185914],[-120.987401070892,39.1044446228111],[-120.98745469694,39.1045047023871],[-120.987506974205,39.1045654567091],[-120.987557938316,39.104626858629],[-120.98760748434,39.1046888523193],[-120.987655680789,39.1047515756726],[-120.987702354217,39.1048148349705],[-120.987747609157,39.1048787134998],[-120.98775261414,39.1048860748242],[-120.987791375524,39.1049431831947],[-120.987833723792,39.1050082446685],[-120.98787451418,39.1050738143319],[-120.987913851615,39.1051399480156],[-120.987951631557,39.1052065624364],[-120.98798788924,39.1052736579013],[-120.988022659899,39.1053412347177],[-120.988055802968,39.1054092642079],[-120.988087459791,39.1054777201405],[-120.988117489409,39.1055466012937],[-120.98814592784,39.105615853063],[-120.988172810712,39.1056854482992],[-120.988198066759,39.1057554413038],[-120.988221732783,39.1058257225602],[-120.988243772757,39.1058963466752],[-120.988264187854,39.1059672312823],[-120.988282977677,39.1060384038382],[-120.988300143396,39.1061097819761],[-120.988315684225,39.1061814206085],[-120.988329566094,39.1062532370629],[-120.988341753368,39.1063252584899],[-120.988352353329,39.1063973759838],[-120.988361329556,39.1064696716068],[-120.98836857711,39.1065420895307],[-120.988369568252,39.1065516539382],[-120.988370770831,39.1065612201794],[-120.988372115152,39.1065707327316],[-120.988373740997,39.1065802751847],[-120.988375579063,39.10658976456],[-120.988377628958,39.1065992283133],[-120.988379890682,39.1066086664445],[-120.988382364236,39.1066180789537],[-120.988385050012,39.106627438385],[-120.988387983641,39.1066367175883],[-120.988391058229,39.106645998014],[-120.988394450365,39.1066552537346],[-120.988398019875,39.1066644286157],[-120.988401765977,39.106673577569],[-120.988405725085,39.1066826185327],[-120.98840989563,39.1066916613301],[-120.988414279183,39.1067005961378],[-120.988418874958,39.1067094778675],[-120.988423682171,39.1067183614307],[-120.988428667544,39.1067271092427],[-120.988433865531,39.1067357765208],[-120.988444759179,39.1067528133408],[-120.988450102443,39.1067611798266],[-120.988452925789,39.1067658449216],[-120.988455642632,39.1067705640113],[-120.988458218125,39.1067753093342],[-120.988460722748,39.1067800815017],[-120.988463085628,39.1067849073584],[-120.98846534279,39.1067897322981],[-120.988467528689,39.1067946115382],[-120.988469537998,39.106799516706],[-120.988471476437,39.1068044487184],[-120.988473308372,39.1068094347255],[-120.98847499935,39.1068144195102],[-120.988476584217,39.1068194308338],[-120.988478062974,39.1068244686963],[-120.988479400773,39.1068295053364],[-120.988480667308,39.1068345962769],[-120.988481792885,39.106839685995],[-120.988482812744,39.1068447747962],[-120.988483691253,39.1068498898307],[-120.988484463651,39.1068550314043],[-120.988485130331,39.106860172061],[-120.98848565566,39.1068653389511],[-120.988486040423,39.1068704771629],[-120.988486389555,39.1068756425249],[-120.988486597336,39.1068808341203],[-120.98848662892,39.1068860241877],[-120.988486555177,39.1068911858824],[-120.988486411347,39.1068963195101],[-120.988486125775,39.1069015068269],[-120.988485699244,39.1069066929213],[-120.988485167386,39.1069118506431],[-120.98848452981,39.1069170074479],[-120.988483786515,39.1069221633361],[-120.988482867022,39.1069273176961],[-120.988481948314,39.1069324171444],[-120.988480853407,39.1069375150647],[-120.988479546671,39.1069426386072],[-120.988478205479,39.1069477069323],[-120.988476758177,39.1069528017964],[-120.9884751707,39.1069578405265],[-120.988473512743,39.1069628786452],[-120.988471643741,39.1069678874744],[-120.988469775132,39.1069728688478],[-120.988467730716,39.1069778212372],[-120.988465616213,39.1069827455595],[-120.988463325904,39.106987640898],[-120.988460930268,39.1069925078636],[-120.988458499392,39.1069973745237],[-120.988455928341,39.1070021850494],[-120.988453290734,39.1070067204058],[-120.988451810999,39.1070091514435],[-120.988450261568,39.1070115269584],[-120.988448677291,39.1070138747118],[-120.988447057773,39.1070162221596],[-120.988445332537,39.1070185686904],[-120.988443572845,39.107020860004],[-120.988441778306,39.1070231235561],[-120.988439912895,39.1070254139528],[-120.988438013422,39.1070276216763],[-120.988436043469,39.1070298287886],[-120.988434038668,39.1070320081393],[-120.98843203426,39.1070341600342],[-120.988429924132,39.1070363110123],[-120.988427779942,39.1070383793171],[-120.98842556488,39.1070404744665],[-120.988423315755,39.1070424869428],[-120.988421030998,39.1070445265692],[-120.988418747026,39.1070465112839],[-120.988416322879,39.1070484398644],[-120.988413898732,39.1070503684449],[-120.988411474978,39.1070522695695],[-120.988408945896,39.1070541423212],[-120.988406417599,39.1070559601614],[-120.988403819608,39.1070577224785],[-120.988401186376,39.10705948449],[-120.988398518297,39.1070612187399],[-120.988395815763,39.1070628977725],[-120.988393043142,39.1070645487379],[-120.988390271305,39.1070661447916],[-120.98838749986,39.1070677133895],[-120.988384587849,39.1070692533089],[-120.98838171147,39.107070766078],[-120.988378800243,39.1070722510856],[-120.988375890193,39.1070736537257],[-120.988372874424,39.1070750554488],[-120.988369859831,39.1070763748043],[-120.988366845631,39.1070776667039],[-120.988363760952,39.1070789579921],[-120.988360642209,39.1070801666072],[-120.988357523467,39.1070813752221],[-120.988354370662,39.1070825011639],[-120.988351183009,39.1070835993441],[-120.988349092885,39.1070843500737],[-120.988347002369,39.1070851282592],[-120.988344877005,39.107085878683],[-120.988342785704,39.10708671178],[-120.988340694011,39.1070875723328],[-120.988338672797,39.1070884334968],[-120.988336650799,39.1070893495725],[-120.98833466404,39.1070902659537],[-120.988332676104,39.1070912647024],[-120.988330724192,39.1070922088451],[-120.988328771103,39.1070932353551],[-120.988326853254,39.1070942621708],[-120.98832496986,39.1070953442039],[-120.988323086858,39.107096398781],[-120.988321238311,39.1070975085754],[-120.988319459851,39.1070986464369],[-120.988317646151,39.1070997839928],[-120.988315866906,39.1071009767659],[-120.988314158141,39.1071021701503],[-120.988312413351,39.1071034181407],[-120.98831077428,39.1071046670479],[-120.988309099969,39.1071059156496],[-120.988307460113,39.1071072194685],[-120.988305890737,39.1071085238987],[-120.988304285728,39.1071098554791],[-120.988302751199,39.1071111876708],[-120.988301251125,39.1071125750797],[-120.988299751051,39.1071139624886],[-120.98829835591,39.1071154057262],[-120.988296926315,39.1071167937464],[-120.988295531175,39.107118236984],[-120.988294206122,39.1071197082886],[-120.988292880676,39.107121207049],[-120.98829162571,39.1071227064208],[-120.988290371136,39.1071241783367],[-120.988289150232,39.1071257603817],[-120.988287965353,39.1071272878206],[-120.988286814928,39.1071288704767],[-120.988285735375,39.1071304262885],[-120.988284655038,39.1071320370118],[-120.988283645572,39.1071336208907],[-120.988282635321,39.1071352596811],[-120.988281660703,39.1071368713215],[-120.988280755778,39.1071385384848],[-120.988279816007,39.1071401778865],[-120.988279016802,39.1071418459668],[-120.988278182357,39.1071435137414],[-120.988277453239,39.1071452098889],[-120.988276689666,39.107146850819],[-120.988276030242,39.1071486024895],[-120.988275335971,39.1071503263984],[-120.988274747812,39.1071520237685],[-120.98827415926,39.1071537485945],[-120.988273640795,39.1071555014876],[-120.988273122722,39.1071572269249],[-120.988272674737,39.1071589804293],[-120.988272261598,39.1071607616952],[-120.988271884092,39.107162515811],[-120.988271541826,39.1071642702325],[-120.988271235191,39.1071659975038],[-120.988270963011,39.1071677799924],[-120.988270761311,39.1071695630924],[-120.988270594851,39.1071713464981],[-120.988270464022,39.1071731027536],[-120.988270368041,39.1071748867706],[-120.9882703073,39.1071766710933],[-120.98827031743,39.1071784285715],[-120.988270327168,39.1071802135055],[-120.988270406993,39.1071820265066],[-120.988270523234,39.1071837574461],[-120.988270674324,39.107185516147],[-120.98827086026,39.1071873026093],[-120.988271081828,39.1071890619216],[-120.988271339029,39.1071907940837],[-120.988271665924,39.1071925817688],[-120.988272028844,39.1071943148479],[-120.988272426611,39.1071960756885],[-120.98827282477,39.1071978090733],[-120.988273328649,39.1071995433751],[-120.988273797288,39.1072012773712],[-120.988274372038,39.1072029848285],[-120.988274981636,39.1072047200473],[-120.988275556779,39.1072064000488],[-120.988276237248,39.1072081084232],[-120.98827695335,39.1072097896474],[-120.988277704691,39.1072114711772],[-120.988278491665,39.1072131255569],[-120.988279313878,39.1072147802423],[-120.988280171331,39.1072164352333],[-120.988281064808,39.1072180356184],[-120.988282028765,39.1072196366148],[-120.98828299233,39.1072212650669],[-120.988283991919,39.1072228389132],[-120.988285026747,39.107224413065],[-120.988286096816,39.1072259875226],[-120.988287237756,39.1072275351356],[-120.988288379481,39.107229027837],[-120.988289590901,39.1072305760614],[-120.988290803498,39.1072320419183],[-120.988292086182,39.1072335358423],[-120.988293404498,39.1072350026162],[-120.988294652728,39.1072364413228],[-120.988296006676,39.1072378809465],[-120.988297396256,39.10723929342],[-120.988298821469,39.1072406787434],[-120.988300317161,39.107242064678],[-120.988301778398,39.1072433953953],[-120.988303310507,39.1072446992682],[-120.988304842224,39.1072460305968],[-120.988306409965,39.1072473073194],[-120.988308012945,39.1072485843477],[-120.988309686798,39.1072498345314],[-120.988311361043,39.1072510572593],[-120.98831307092,39.107252252837],[-120.98831478119,39.1072534209588],[-120.988316526699,39.1072545893864],[-120.988318308233,39.1072557032079],[-120.988320090159,39.1072567895735],[-120.988321906933,39.1072579037006],[-120.988323760123,39.1072589357659],[-120.988326627812,39.1072604983558],[-120.988351282736,39.1072739475472],[-120.988365440673,39.1072820609784],[-120.98837938443,39.1072903647647],[-120.988393114397,39.1072988314505],[-120.988406665422,39.1073074887972],[-120.988419967027,39.1073163361937],[-120.98843308969,39.1073253742513],[-120.988445998564,39.1073345752085],[-120.988458693649,39.1073439390655],[-120.988471174554,39.1073534932782],[-120.988483406821,39.1073631826294],[-120.988495460148,39.107373062642],[-120.988507264446,39.107383105249],[-120.988518819715,39.1073933104506],[-120.988530126347,39.1074036507909],[-120.988541183951,39.1074141537258],[-120.988552027765,39.1074248195611],[-120.988562588096,39.107435592774],[-120.988572934245,39.1074465563431],[-120.988582997302,39.1074575998341],[-120.988592846178,39.1074688336815],[-120.988602376329,39.1074801746012],[-120.988611693083,39.1074916509657],[-120.988620725961,39.107503262164],[-120.988629475745,39.1075149532845],[-120.988637976109,39.1075268344561],[-120.988646229011,39.1075387683998],[-120.988654127557,39.1075508365665],[-120.988661813097,39.1075630127224],[-120.98866914428,39.1075753231015],[-120.988676263634,39.1075876591025],[-120.988683063871,39.1076001296322],[-120.988689581013,39.1076126800846],[-120.988695814278,39.1076253653713],[-120.988701729994,39.1076380753636],[-120.988707397072,39.1076509204959],[-120.9887127466,39.1076637903338],[-120.988717777401,39.1076767672449],[-120.988722525893,39.1076897691672],[-120.988727026138,39.1077028787738],[-120.988731137961,39.107716039931],[-120.988735002322,39.1077292538609],[-120.988738549131,39.1077424924966],[-120.988741776822,39.1077558656616],[-120.988744688138,39.107769181165],[-120.988747351599,39.107782576897],[-120.988749661876,39.1077960244853],[-120.988751690234,39.1078094696293],[-120.988753400649,39.107822966935],[-120.988754793904,39.107836461491],[-120.988755869214,39.1078500082088],[-120.988756627365,39.1078635521768],[-120.988757103596,39.1078770937006],[-120.988757261882,39.1078906873862],[-120.98875706816,39.1079042505607],[-120.988756592517,39.107917811291],[-120.988755834954,39.1079313695769],[-120.988754760229,39.1079449251132],[-120.988753333496,39.1079584501382],[-120.988751624841,39.107971972719],[-120.988749599416,39.1079854650941],[-120.98874729207,39.1079989550249],[-120.988744668347,39.1080123872942],[-120.988741727853,39.1080257893579],[-120.98873847059,39.1080391612157],[-120.98873489734,39.1080524479563],[-120.988731077408,39.1080657325579],[-120.988726870226,39.1080789863426],[-120.988722417929,39.1080921281652],[-120.988717683709,39.1081052675432],[-120.988712598263,39.1081183214981],[-120.98870723207,39.108131290641],[-120.988701790688,39.1081445886424],[-120.988696595593,39.108157916238],[-120.98869171609,39.1081713564067],[-120.988687153354,39.1081848267808],[-120.988682907386,39.1081983273604],[-120.98867897701,39.1082119405132],[-120.988675328554,39.1082255561102],[-120.988672031714,39.1082392296742],[-120.988669016011,39.1082529605941],[-120.988666317469,39.1082666942639],[-120.988663900455,39.1082804578339],[-120.988661870299,39.1082942796766],[-120.988660086432,39.1083081311139],[-120.988658690599,39.1083219584565],[-120.988657541055,39.1083358153937],[-120.988656778762,39.1083497031478],[-120.988656298783,39.1083635658905],[-120.988656100726,39.1083774310777],[-120.988656255072,39.1083912993204],[-120.988656726581,39.1084051703131],[-120.988657550885,39.1084190169055],[-120.988658657112,39.1084328659423],[-120.988660046047,39.1084466625119],[-120.988661752537,39.1084604343757],[-120.98866388152,39.1084742373618],[-120.988666258363,39.1084879601193],[-120.98866891713,39.1085016853213],[-120.98867192987,39.1085153037553],[-120.988675259775,39.1085289249392],[-120.988678872388,39.1085424936558],[-120.98868280295,39.1085560102105],[-120.988687051462,39.1085694746034],[-120.988691617923,39.1085828868344],[-120.988696502727,39.1085962194476],[-120.988701671024,39.1086094446818],[-120.988707121638,39.1086226449041],[-120.988712890595,39.1086357655086],[-120.988718977894,39.1086488064952],[-120.988725348688,39.1086617401025],[-120.988732037825,39.1086745940918],[-120.988738975216,39.1086873403961],[-120.98874626619,39.1087000073878],[-120.988753805027,39.1087125941504],[-120.98876162775,39.1087250460775],[-120.988769733577,39.1087374180808],[-120.988778193772,39.1087496558597],[-120.988786831741,39.1087617853423],[-120.988795824079,39.1087737806003],[-120.988805064672,39.1087856681729],[-120.988820340651,39.1088043630337],[-120.988822403713,39.1088079780759],[-120.988823776081,39.1088105985986],[-120.988825148449,39.1088132191213],[-120.988826414704,39.1088158661832],[-120.988827609693,39.1088185675457],[-120.988828770226,39.1088212136912],[-120.988829859887,39.1088238866813],[-120.988830913522,39.1088266142776],[-120.988831897069,39.1088293138071],[-120.98883277411,39.1088320673317],[-120.98883361591,39.1088348205507],[-120.988834387622,39.108837545703],[-120.988835122916,39.1088403529171],[-120.988835753274,39.1088431043031],[-120.988836347607,39.1088459102953],[-120.988836907091,39.1088486885261],[-120.988837289981,39.1088514926852],[-120.988837707719,39.1088543246056],[-120.988838020128,39.1088571281537],[-120.988838332536,39.1088599317018],[-120.988838503591,39.1088627614837],[-120.988838710278,39.1088655641152],[-120.988838739978,39.108868420131],[-120.988838699981,39.108871220624],[-120.988838694833,39.1088740488784],[-120.988838548331,39.1088769033666],[-120.988838332131,39.1088797023321],[-120.98883811554,39.1088825287535],[-120.988837793227,39.1088853542583],[-120.988837400432,39.1088881791522],[-120.988836937549,39.1088909759792],[-120.988836474274,39.108893800262],[-120.988835870428,39.108896595867],[-120.988835231342,39.1088993911664],[-120.988834522559,39.1089021309433],[-120.988833777751,39.1089049253263],[-120.988832928005,39.1089076638811],[-120.988832042627,39.1089104295862],[-120.98883108716,39.1089131672244],[-120.988830061211,39.1089159042517],[-120.988829036047,39.1089185863673],[-120.988827869136,39.1089213221726],[-120.988826668161,39.1089239753048],[-120.988825396312,39.1089266552818],[-120.988824089615,39.1089293074976],[-120.988822677589,39.1089319313409],[-120.988821300802,39.1089345554898],[-120.988819678116,39.1089371225884],[-120.988818196,39.1089397183649],[-120.988816573706,39.1089422580076],[-120.98881488093,39.1089447970394],[-120.988813152914,39.1089473357656],[-120.988811355593,39.1089497915133],[-120.988809522639,39.1089522744113],[-120.988807584355,39.1089547289369],[-120.988805682097,39.1089571288563],[-120.988803603635,39.1089595272482],[-120.988801596438,39.1089618713394],[-120.988799448279,39.1089642142085],[-120.988797195182,39.1089665012494],[-120.988795048199,39.108968761751],[-120.988792760253,39.1089710210305],[-120.9887904727,39.1089732528542],[-120.988788044968,39.1089754285441],[-120.988785617628,39.1089775767781],[-120.988783155832,39.1089796697949],[-120.988780623162,39.1089817896564],[-120.988778056428,39.108983826845],[-120.988775419213,39.1089858634224],[-120.988772818023,39.1089878453937],[-120.988770040629,39.1089898258372],[-120.988767299652,39.1089917242189],[-120.988764523827,39.108993594839],[-120.988761677912,39.1089954373923],[-120.988758832781,39.1089972250339],[-120.988755881929,39.1089990117588],[-120.988752932253,39.1090007161162],[-120.988749912488,39.1090023924067],[-120.988746857482,39.1090040683915],[-120.98874486087,39.1090056711748],[-120.988742863867,39.1090073014138],[-120.988740865686,39.1090090140203],[-120.988738938379,39.1090106997819],[-120.988737081161,39.1090124136104],[-120.988735223159,39.1090141823506],[-120.988733435637,39.1090159517017],[-120.988731648116,39.1090177210528],[-120.98872996514,39.109019573688],[-120.988728282948,39.1090213714115],[-120.988726634428,39.1090232792638],[-120.988725021148,39.1090251874215],[-120.988723514375,39.1090270415842],[-120.988721971184,39.1090289778088],[-120.988720498475,39.1090309146445],[-120.988719060614,39.1090328792415],[-120.988717692841,39.1090348719054],[-120.98871636031,39.1090368648747],[-120.988715062627,39.1090388856055],[-120.988713870665,39.1090409072528],[-120.988712643071,39.1090429560504],[-120.988711485173,39.1090450603707],[-120.988710433782,39.109047110696],[-120.988709346366,39.1090492156274],[-120.988708365064,39.1090512940195],[-120.988707419002,39.1090533727172],[-120.988706507004,39.1090555340878],[-120.988705630247,39.109057695764],[-120.988704859604,39.109059830901],[-120.988704088569,39.1090619934939],[-120.988703352382,39.109064183848],[-120.988702721917,39.1090663751188],[-120.988702091452,39.1090685663896],[-120.98870153186,39.1090707308156],[-120.988701041965,39.1090729507644],[-120.988700552463,39.1090751432573],[-120.988700204315,39.1090773095167],[-120.988699784117,39.1090795849882],[-120.988699505666,39.1090818067701],[-120.988699227215,39.1090840285522],[-120.988699054486,39.1090862512508],[-120.988698881756,39.1090884739495],[-120.988698779116,39.109090724715],[-120.98869874735,39.1090929486359],[-120.988698715583,39.1090951725567],[-120.988698789147,39.10909742485],[-120.988698863102,39.1090996496875],[-120.988699043172,39.1091018479858],[-120.988699222065,39.1091041286515],[-120.988699507856,39.1091063278664],[-120.988699828496,39.1091085548427],[-120.988700149529,39.1091107543631],[-120.988700576283,39.1091129548002],[-120.988701002645,39.1091151826931],[-120.988701535513,39.109117356591],[-120.988702068382,39.1091195304889],[-120.988702706973,39.1091217053035],[-120.988703380804,39.1091238804235],[-120.988704054635,39.1091260555436],[-120.988704834581,39.1091282041245],[-120.988705650159,39.1091303255551],[-120.988706465345,39.1091324744415],[-120.988707386646,39.1091345967887],[-120.988708343187,39.1091367194415],[-120.988710296217,39.1091406355827],[-120.988718380567,39.1091520463297],[-120.98872421467,39.1091606092675],[-120.988729766456,39.1091691972166],[-120.988735210952,39.109177894072],[-120.9887403375,39.109186643089],[-120.988745321517,39.1091955007069],[-120.988750093699,39.1092043839472],[-120.988754724135,39.1092133208768],[-120.988759071078,39.1092223651852],[-120.988763135312,39.1092314619609],[-120.988767163914,39.1092405858866],[-120.988770874174,39.10924978943],[-120.988774407839,39.1092590189015],[-120.988777729277,39.1092683014512],[-120.988780838486,39.1092776370795],[-120.988783700227,39.1092870254806],[-120.988786315283,39.109296411743],[-120.988788823442,39.1093058794562],[-120.988791049675,39.1093153447252],[-120.988793063679,39.1093248630726],[-120.988794865848,39.1093344070427],[-120.988796421331,39.1093439488742],[-120.988797870308,39.1093535447007],[-120.988798966878,39.109363137472],[-120.988799886852,39.1093727561716],[-120.988800595381,39.109382373038],[-120.988801056833,39.1093920152216],[-120.988801341689,39.1094016833334],[-120.988801380644,39.1094112943951],[-120.988801172128,39.1094209582297],[-120.988800752952,39.1094305653196],[-120.988800156788,39.1094402257935],[-120.988799314721,39.1094498292172],[-120.988798225577,39.1094594579581],[-120.988796960228,39.1094690851713],[-120.988795448977,39.1094786553343],[-120.98879372628,39.1094882236642],[-120.988791792531,39.1094977627051],[-120.988789612486,39.1095072721515],[-120.988787256629,39.1095167526145],[-120.988784654086,39.1095262309388],[-120.988781805639,39.1095356522127],[-120.988778816621,39.1095450448087],[-120.988775582092,39.1095543528985],[-120.988772100876,39.1095636588495],[-120.988768479873,39.1095728812109],[-120.988764576941,39.1095821011279],[-120.988760498587,39.1095912646055],[-120.988756174331,39.1096003710327],[-120.988751710287,39.1096093938702],[-120.988746999555,39.1096184145687],[-120.988742078945,39.1096273236106],[-120.988736983305,39.1096361487572],[-120.988731676219,39.1096449720704],[-120.988726159647,39.109653656271],[-120.988720432412,39.1096622837266],[-120.988714529755,39.1096708547424],[-120.988708416828,39.1096793415573],[-120.988702128871,39.1096877444767],[-120.988695630644,39.1096960631951],[-120.988688957387,39.1097042980179],[-120.988682109492,39.1097124214893],[-120.988675050934,39.1097204882154],[-120.98866785298,39.1097284438956],[-120.988660444755,39.1097363153745],[-120.988652827043,39.1097440477406],[-120.98864506915,39.1097517239723],[-120.988637137011,39.1097592613967],[-120.988629029843,39.1097667149252],[-120.988620747644,39.1097740845578],[-120.988612326441,39.1097813156886],[-120.988603695359,39.109788435162],[-120.988594924881,39.1097954435893],[-120.988536603726,39.1098440898552],[-120.988576164972,39.1099712669938],[-120.988546278447,39.1099760877921],[-120.988531366208,39.1099985299505],[-120.988477673137,39.1102018116645],[-120.988469135767,39.1102319702163],[-120.98846352726,39.1102495503905],[-120.988457531097,39.1102671272025],[-120.988451148846,39.1102845908291],[-120.988444380116,39.1103019687261],[-120.988437224512,39.1103192883491],[-120.988429647972,39.1103364670251],[-120.988421684558,39.110353587427],[-120.988413335448,39.1103705671874],[-120.988404600249,39.1103874337619],[-120.988395443719,39.1104041868449],[-120.988385936733,39.1104207995916],[-120.988376042873,39.1104373540639],[-120.988365799342,39.1104537132882],[-120.988355170112,39.1104699318704],[-120.9883441544,39.110486064722],[-120.988332789016,39.1105020023253],[-120.988321037933,39.1105177992861],[-120.988308971634,39.1105334562158],[-120.988296520029,39.1105489450471],[-120.988283717967,39.1105642935412],[-120.988270601865,39.1105794196363],[-120.988257100849,39.1105943501769],[-120.988243249375,39.1106091403801],[-120.988229117925,39.110623790857],[-120.988214637587,39.110638191173],[-120.988199807184,39.1106524236954],[-120.98818466274,39.1106664338182],[-120.988169238713,39.1106802767586],[-120.988153430556,39.1106938692318],[-120.988137342816,39.1107072945223],[-120.988120976277,39.1107204977183],[-120.98810433094,39.1107334788199],[-120.988087301472,39.1107462094537],[-120.988070098146,39.1107587738216],[-120.988052511474,39.11077103281],[-120.98803468046,39.1107831249206],[-120.988016606674,39.1107949403302],[-120.987998254089,39.1108065336445],[-120.987979622707,39.1108179048634],[-120.987960748552,39.1108289993809],[-120.987941595992,39.1108398443469],[-120.987922235901,39.1108504129171],[-120.987902632255,39.1108607596971],[-120.987882785444,39.110870857231],[-120.987871195914,39.1108753423555],[-120.987863718736,39.1108781606916],[-120.98785617343,39.1108808136809],[-120.987848558033,39.1108834386023],[-120.987840874114,39.1108859256325],[-120.987833191766,39.1108883028391],[-120.987825404869,39.1108905967603],[-120.987817584301,39.110892780552],[-120.987809730846,39.1108947993025],[-120.9878018073,39.1108967899851],[-120.987793849689,39.1108986979939],[-120.987785824343,39.1109004131999],[-120.987777799782,39.1109020734938],[-120.987769741549,39.1109036236581],[-120.987761614795,39.1109050359312],[-120.987753489218,39.1109063658362],[-120.987745329578,39.1109076130675],[-120.987737136658,39.1109087227134],[-120.987728910459,39.1109096947739],[-120.987720649804,39.1109106116164],[-120.987712426353,39.1109113914851],[-120.98770416923,39.1109120612242],[-120.987695878044,39.1109126482894],[-120.987687624061,39.1109130983809],[-120.987679265925,39.1109134377311],[-120.987670944207,39.1109136950191],[-120.987662659694,39.1109138153334],[-120.98765434151,39.110913825518],[-120.987646024897,39.1109137258789],[-120.987637744702,39.1109135441776],[-120.987629466471,39.1109132251967],[-120.987621154568,39.1109127960862],[-120.98761291472,39.1109122577636],[-120.987604640807,39.1109116367672],[-120.987596368858,39.1109108784911],[-120.987588168963,39.1109100110031],[-120.987547417655,39.1109080372001],[-120.987506587621,39.1109066393429],[-120.987465749734,39.1109057905874],[-120.987424868754,39.1109054906276],[-120.987384015947,39.1109056851638],[-120.987343154893,39.1109064562576],[-120.98730228559,39.1109078039088],[-120.987261479307,39.1109096738178],[-120.987220664773,39.1109121202843],[-120.987144130404,39.1109181283228],[-120.987140323531,39.1109181501848],[-120.9871367285,39.1109181464269],[-120.987133134254,39.1109180877573],[-120.987129540401,39.1109180016319],[-120.987125982183,39.1109178883565],[-120.987122425536,39.1109176652578],[-120.987118833647,39.110917441853],[-120.987115313027,39.1109171641485],[-120.987111723103,39.1109168034645],[-120.98710816842,39.1109164430865],[-120.987104614915,39.1109160003408],[-120.987101132286,39.1109155307514],[-120.98709757996,39.1109150056382],[-120.986851768874,39.1108907936132],[-120.98676803093,39.1108928121686],[-120.986758547027,39.1108930043776],[-120.986749946912,39.1108930120488],[-120.986741383612,39.1108929102022],[-120.98673282149,39.1108927259876],[-120.986724261333,39.1108924044933],[-120.986715702354,39.110892000631],[-120.9867071101,39.1108914591831],[-120.986698625141,39.1108908088297],[-120.986690142148,39.1108900211967],[-120.986681660334,39.1108891511957],[-120.986673180092,39.1108881713709],[-120.986664737057,39.1108870545726],[-120.986656366077,39.110885828563],[-120.986647996276,39.1108845201853],[-120.986639628047,39.1108831019837],[-120.986631297419,39.110881519353],[-120.986623073301,39.1108798827287],[-120.986614851148,39.1108781088247],[-120.986606665417,39.110876252859],[-120.986598516892,39.1108742599199],[-120.98658664495,39.1108713833951],[-120.986574735801,39.110868643842],[-120.986562753813,39.11086606841],[-120.986550698984,39.1108636570992],[-120.986538606163,39.1108614376716],[-120.986526405654,39.110859354603],[-120.986514273662,39.1108574094245],[-120.986501998348,39.1108556277548],[-120.986489720282,39.1108540382744],[-120.986477369376,39.110852612915],[-120.986465016112,39.110851352289],[-120.986452625641,39.1108502286345],[-120.986440196785,39.1108493243189],[-120.986427766357,39.1108485298251],[-120.986415333571,39.1108479000647],[-120.986402862792,39.1108474621874],[-120.98639035402,39.1108472161931],[-120.986377878524,39.1108471077827],[-120.986365365821,39.1108471363436],[-120.986352885608,39.1108473574],[-120.986340367795,39.1108477428837],[-120.986327883258,39.1108482659512],[-120.986315430817,39.11084900897],[-120.98630297641,39.1108498892665],[-120.986290554885,39.1108509346026],[-120.986278166637,39.1108521175227],[-120.986265740001,39.1108535197817],[-120.986253381882,39.1108550599308],[-120.986241056645,39.1108567651196],[-120.986228799925,39.1108586081988],[-120.986216540452,39.1108606434672],[-120.986204349496,39.1108628166259],[-120.986192191421,39.1108651548244],[-120.986180101077,39.1108676858248],[-120.986168079249,39.1108703547155],[-120.986156055454,39.110873160884],[-120.986144169872,39.110876160467],[-120.986132317565,39.1108792976342],[-120.986118976069,39.1108830534178],[-120.986077251228,39.1108899948829],[-120.986052137875,39.1108937307092],[-120.986026994782,39.1108970818425],[-120.986001749895,39.1109001574934],[-120.98597647527,39.1109028484514],[-120.985951099244,39.110905236471],[-120.985925727542,39.1109073224714],[-120.985900290468,39.1109090509281],[-120.985874823263,39.1109104221475],[-120.985849360778,39.1109114638919],[-120.985823867376,39.1109122033105],[-120.985798343846,39.1109125854919],[-120.985772860277,39.1109126385045],[-120.985747381821,39.1109123345863],[-120.985721908085,39.110911701193],[-120.985696474311,39.1109107386311],[-120.985671044866,39.1109094740498],[-120.985645655776,39.1109078528442],[-120.985620307043,39.1109058750142],[-120.985595069151,39.1109035411728],[-120.985569870435,39.1109009330746],[-120.985544711684,39.1108979958078],[-120.985519663381,39.1108947299857],[-120.985494691071,39.11089108039],[-120.985469793968,39.1108871019326],[-120.985445041375,39.1108828775938],[-120.985420329929,39.1108782417194],[-120.985395798628,39.1108733328146],[-120.985371377776,39.1108680953547],[-120.98534710301,39.1108625021906],[-120.985322902666,39.1108566350767],[-120.985298883648,39.1108504125653],[-120.985275044778,39.1108439170239],[-120.985256249207,39.1108396620894],[-120.985237378826,39.1108357085524],[-120.985218399968,39.1108319462831],[-120.985199347087,39.1108284304996],[-120.985180184154,39.1108252158069],[-120.985160912744,39.1108221923818],[-120.985141636612,39.110819498423],[-120.985122286851,39.1108170234941],[-120.98510282743,39.1108148221999],[-120.985083364468,39.1108128680047],[-120.985063827482,39.1108111602951],[-120.985044286168,39.1108097545959],[-120.985024671222,39.1108085679265],[-120.985005017099,39.110807655505],[-120.984985394282,39.1108070179448],[-120.984965697833,39.1108065994143],[-120.984945961419,39.1108065100433],[-120.984926292733,39.1108066134729],[-120.984906584475,39.1108070186061],[-120.984886908308,39.110807643689],[-120.984867227811,39.1108085707824],[-120.984847579406,39.1108097178254],[-120.984827926669,39.1108111668789],[-120.984808340871,39.1108128636446],[-120.98478878677,39.1108148078158],[-120.984769264367,39.1108169993927],[-120.984749738025,39.1108194655241],[-120.984730313469,39.1108222071304],[-120.984710956244,39.1108251689934],[-120.984691665957,39.1108283785687],[-120.98467244182,39.1108318907681],[-120.984637695473,39.1108388375453],[-120.983894361389,39.1110277918381],[-120.983506729343,39.1111183799091],[-120.983117305395,39.1112035965295],[-120.982727071401,39.1112788920128],[-120.982336024759,39.111344458542],[-120.981944104329,39.1114021078827],[-120.981551151104,39.1114531017616],[-120.981157080486,39.1114984279605],[-120.981146590749,39.1114999289715],[-120.981137939119,39.1115010616078],[-120.981129253827,39.1115020841126],[-120.98112056972,39.1115030242493],[-120.9811118175,39.1115037990351],[-120.98110306607,39.1115045189087],[-120.981094280979,39.1115051286506],[-120.981085462227,39.111505628261],[-120.981076680296,39.1115060183554],[-120.981067829463,39.1115062980105],[-120.981059015057,39.1115064956053],[-120.981050166989,39.1115065830685],[-120.981041320897,39.1115065332522],[-120.981032475991,39.1115064010679],[-120.981023597424,39.1115061587519],[-120.981014755284,39.1115058343758],[-120.981005950362,39.1115053730281],[-120.980997111779,39.1115048015487],[-120.980988309623,39.1115041480092],[-120.980979473807,39.111503384338],[-120.980970710055,39.1115025114588],[-120.980961947884,39.1115015287559],[-120.980953186899,39.111500463685],[-120.98094442789,39.1114992613346],[-120.980935740551,39.1114979772319],[-120.980927090034,39.1114965836134],[-120.98091847555,39.1114951353906],[-120.980909863438,39.1114935224325],[-120.980901322996,39.1114918277223],[-120.980892819377,39.1114900234963],[-120.980884317338,39.1114881094465],[-120.980875886575,39.1114861411004],[-120.98086749303,39.1114840357827],[-120.980859206396,39.1114818490208],[-120.980850920949,39.111479579891],[-120.980842707962,39.1114771740976],[-120.980834566645,39.1114746865521],[-120.980826426514,39.1114721166387],[-120.980818428932,39.1114694381333],[-120.980810432932,39.1114666498044],[-120.980802543448,39.1114638074871],[-120.98079472603,39.111460855962],[-120.980786945039,39.111457822377],[-120.980752375357,39.1114475526097],[-120.980717552668,39.1114377199688],[-120.980682442125,39.1114282966903],[-120.980647149453,39.111419283698],[-120.980611674256,39.1114107084474],[-120.980575981686,39.1114025431747],[-120.980540106986,39.1113947881875],[-120.980504049758,39.1113874709417],[-120.980467845641,39.111380564289],[-120.980431458995,39.1113740953774],[-120.980394995546,39.1113680651307],[-120.980358314326,39.1113624723165],[-120.980321591938,39.1113572910194],[-120.980284722262,39.1113525477707],[-120.980247740142,39.1113482703341],[-120.980210681215,39.111344431562],[-120.980173581118,39.1113410043066],[-120.980136368972,39.1113380154074],[-120.9800991505,39.1113354657886],[-120.980061854823,39.1113333822898],[-120.980024588061,39.1113317383796],[-120.979987244489,39.1113305331335],[-120.97994992983,39.111329767476],[-120.9799125736,39.1113294407907],[-120.979875281129,39.111329581458],[-120.979837982328,39.1113301614057],[-120.979800782921,39.1113311815584],[-120.979763541941,39.1113326406835],[-120.979726434804,39.1113345952336],[-120.979689392608,39.1113369347692],[-120.979652378926,39.1113397413494],[-120.979615534721,39.1113430162075],[-120.979578789907,39.1113467312711],[-120.979542109241,39.1113508862321],[-120.979505563205,39.1113554817072],[-120.979469186645,39.1113605454605],[-120.979432944714,39.1113660497283],[-120.979396837412,39.1113719945105],[-120.979360935617,39.1113783529683],[-120.979325167657,39.1113852068524],[-120.979289640446,39.1113924747207],[-120.97925435319,39.1114002114852],[-120.979219200955,39.1114083613091],[-120.979184288674,39.1114169800294],[-120.979149652381,39.1114260130432],[-120.979115220799,39.1114355146454],[-120.979081029961,39.1114454302331],[-120.979047184801,39.1114558156435],[-120.979013545142,39.1114666147314],[-120.978980180676,39.1114778830254],[-120.978947163074,39.1114895387756],[-120.978914385818,39.1115016359682],[-120.978881989875,39.1115141758374],[-120.978849869518,39.1115271574581],[-120.978818060386,39.1115405536831],[-120.978786667807,39.1115543928943],[-120.978755551606,39.111568618946],[-120.978724816716,39.1115832876758],[-120.97869442829,39.1115983713197],[-120.978663284325,39.1116145192503],[-120.978624939518,39.1116314004381],[-120.978597917262,39.1116428065355],[-120.978570547332,39.1116538800714],[-120.978542969903,39.1116646771915],[-120.978515080439,39.1116751146025],[-120.978486948631,39.111685247833],[-120.978458575271,39.1116950219713],[-120.978429959569,39.1117044919287],[-120.978401101919,39.1117136302493],[-120.97837200272,39.1117224094772],[-120.978342697212,39.1117308299208],[-120.978313184605,39.1117389464916],[-120.978283536966,39.1117466499835],[-120.978253611744,39.111754048985],[-120.978223515458,39.1117610895103],[-120.978193354625,39.1117677175739],[-120.978162951849,39.1117740139995],[-120.978132448097,39.1117799800217],[-120.978101738833,39.111785532347],[-120.978070894145,39.1117906990486],[-120.978039983724,39.1117955356552],[-120.978008938277,39.1117999591822],[-120.977977792252,39.1118040248496],[-120.977946546047,39.1118077052016],[-120.977915234904,39.1118110005469],[-120.977883823581,39.1118139105768],[-120.977852382564,39.1118164359087],[-120.977841725618,39.1118173035957],[-120.977831102328,39.1118182814136],[-120.977820477056,39.1118193965094],[-120.977809919889,39.1118206769565],[-120.977799325497,39.1118220943726],[-120.977788835246,39.1118236225373],[-120.977778343011,39.1118252879799],[-120.977767919675,39.1118270638623],[-120.977757529201,39.1118290047871],[-120.977747171986,39.1118310832987],[-120.977736848427,39.1118332719413],[-120.977726593369,39.1118355984795],[-120.97771637157,39.1118380626045],[-120.977706253118,39.1118406923897],[-120.97769616951,39.1118433499387],[-120.977686153214,39.1118462277507],[-120.977676241057,39.1118492163114],[-120.977666362951,39.1118522875475],[-120.97765655295,39.1118555241351],[-120.977646847088,39.1118588714716],[-120.97763720933,39.1118623841596],[-120.977627640866,39.1118659798318],[-120.977617431701,39.1118700092354],[-120.97759998678,39.1118771879472],[-120.97758267965,39.1118845875381],[-120.977565615643,39.1118922363907],[-120.977548725066,39.1119000789756],[-120.977531972678,39.1119081149841],[-120.977515428169,39.1119163999455],[-120.977499056694,39.1119249060954],[-120.977482929133,39.1119336065957],[-120.977467045487,39.1119425014467],[-120.977451298839,39.1119516720889],[-120.97743576126,39.1119610093173],[-120.977420502837,39.1119705412055],[-120.977405417845,39.1119802668267],[-120.977390576766,39.1119901867991],[-120.977375979205,39.1120003285784],[-120.977361625558,39.1120106647089],[-120.977347480979,39.1120211674261],[-120.977333615953,39.1120318373479],[-120.977319959599,39.1120427013123],[-120.97730661804,39.1120537327905],[-120.977293484757,39.1120649857671],[-120.977280631819,39.1120763510373],[-120.977268057641,39.1120879384241],[-120.977255763809,39.1120996381045],[-120.977243714288,39.1121115046812],[-120.977231944319,39.1121235384633],[-120.977220454301,39.112135711995],[-120.977209279078,39.1121480530414],[-120.977198383804,39.1121605338375],[-120.977187733635,39.1121731266188],[-120.977177397865,39.1121859143706],[-120.977167412926,39.1121988150348],[-120.977157708334,39.1122118279934],[-120.977148284089,39.1122249532465],[-120.977139175036,39.112238218559],[-120.977130381176,39.1122516239308],[-120.977121868061,39.1122651141415],[-120.977113741019,39.1122787175741],[-120.977105859082,39.1122924329925],[-120.977098364014,39.1123062067213],[-120.977091149293,39.1123200927452],[-120.977084285405,39.112334091682],[-120.977077703055,39.1123481205467],[-120.977071506781,39.1123622626336],[-120.977065626493,39.112376489869],[-120.977060097436,39.1123908025618],[-120.977054849521,39.1124051726384],[-120.977049988872,39.1124195735702],[-120.977045443815,39.1124340871064],[-120.977041215539,39.1124486308797],[-120.977037374133,39.1124632329641],[-120.977033849113,39.1124778927414],[-120.977030640875,39.1124925827561],[-120.977027819508,39.1125073310818],[-120.977025314924,39.1125221096449],[-120.977023232849,39.1125369193725],[-120.977021396677,39.112551786175],[-120.977019948169,39.1125666563773],[-120.977018817239,39.1125815019054],[-120.977018072784,39.1125964332005],[-120.977017645906,39.1126113398215],[-120.9770176059,39.1126263047538],[-120.977017848627,39.1126412172472],[-120.977018443778,39.1126561328312],[-120.977019461838,39.112671052124],[-120.97702076144,39.1126860013452],[-120.97702241426,39.1127008987455],[-120.977024419902,39.1127157717807],[-120.977026742726,39.1127306475975],[-120.977029453615,39.1127454993582],[-120.97703248248,39.1127602989889],[-120.977035828528,39.1127751014011],[-120.977041972353,39.1127987427631],[-120.977045644315,39.11281294393],[-120.977047431566,39.1128209776999],[-120.977049042208,39.1128290373803],[-120.977050475844,39.1128371504268],[-120.977051698027,39.1128452616189],[-120.977052778842,39.1128533990305],[-120.977053612564,39.1128615617343],[-120.977054270074,39.1128697228928],[-120.977054750975,39.1128779099618],[-120.977055090509,39.1128861232502],[-120.97705518414,39.1128942794638],[-120.977055101161,39.1129024615877],[-120.97705480633,39.112910669313],[-120.97705433489,39.1129189029487],[-120.977053688428,39.1129270526718],[-120.977052900599,39.1129352286144],[-120.977051830432,39.1129434295403],[-120.977050654935,39.1129516020831],[-120.977049233136,39.1129597450068],[-120.977047599882,39.112967886076],[-120.977045826451,39.1129759709974],[-120.97704387641,39.1129840818292],[-120.977041750552,39.1129921636599],[-120.977039413636,39.1130002161804],[-120.9770369013,39.113008212244],[-120.97703421275,39.1130162067621],[-120.977031313538,39.1130241445142],[-120.977028273355,39.11303208103],[-120.977024987267,39.1130399604707],[-120.977021561001,39.1130477837635],[-120.977017958918,39.113055578055],[-120.977014181415,39.1130633158896],[-120.977010263735,39.1130709975762],[-120.977006099752,39.1130786496434],[-120.977001795988,39.1130862181068],[-120.976997316011,39.1130937850247],[-120.976992696252,39.1131012683388],[-120.976987830984,39.1131086671218],[-120.976982860384,39.1131160375217],[-120.976977715157,39.1131232965529],[-120.976972358871,39.1131305262736],[-120.976966897648,39.1131377001552],[-120.976961261402,39.1131447901238],[-120.976955485771,39.1131517690328],[-120.976949463838,39.1131587183221],[-120.976943373005,39.1131655571699],[-120.976937071509,39.1131723392512],[-120.97693066587,39.1131790105819],[-120.976924084414,39.113185652911],[-120.976917328728,39.1131921564154],[-120.976910468502,39.1131985766248],[-120.976903433253,39.113204912921],[-120.976896293464,39.1132111659222],[-120.976889013894,39.1132173353192],[-120.976881524851,39.1132233655824],[-120.976873966115,39.1132293403153],[-120.97686626839,39.1132351765324],[-120.976858395642,39.1132409288362],[-120.976850453597,39.113246598154],[-120.976842372565,39.1132521289559],[-120.976834116508,39.1132575758444],[-120.976825791552,39.113262912291],[-120.976817362057,39.1132681654423],[-120.976808758331,39.1132732797686],[-120.976800086103,39.1132782561972],[-120.976791274093,39.1132831490213],[-120.976782357545,39.1132879585501],[-120.976773337648,39.1132926024162],[-120.976764248852,39.1132971358403],[-120.976754985428,39.113301557895],[-120.976745688745,39.113305842361],[-120.976736288317,39.11330998862],[-120.976726818593,39.1133140518927],[-120.976717175036,39.1133179488843],[-120.976707497425,39.1133217631986],[-120.976697787349,39.1133253850127],[-120.976687937491,39.1133289232221],[-120.976678054374,39.1133323238427],[-120.976668067116,39.1133356137119],[-120.976657976509,39.1133387379182],[-120.976647887886,39.1133417248449],[-120.976637695122,39.1133446010201],[-120.976627469495,39.1133473121507],[-120.976617140124,39.1133498850742],[-120.976606812736,39.1133523207179],[-120.976583363465,39.1133578814249],[-120.976560015949,39.1133637176124],[-120.976536874725,39.1133699125753],[-120.976513800014,39.1133763827096],[-120.976490896352,39.1133832113102],[-120.976468129687,39.1133903157007],[-120.976445533673,39.1133978060135],[-120.976423109899,39.1134055724257],[-120.976400857968,39.1134136423932],[-120.976378777878,39.1134220159159],[-120.976356869232,39.1134307204499],[-120.976335132428,39.1134397285393],[-120.976313638348,39.1134490133472],[-120.976292350955,39.1134586294758],[-120.976271235403,39.1134685491603],[-120.976250397816,39.1134787458729],[-120.976229731673,39.1134892735973],[-120.97620930865,39.1135000505849],[-120.976189127953,39.1135111317475],[-120.976169189581,39.1135225170851],[-120.976149459086,39.113534151377],[-120.976130006159,39.1135460901536],[-120.976110866441,39.1135583062684],[-120.976091969841,39.1135707716474],[-120.976073280721,39.1135835134368],[-120.976054904411,39.1135965600207],[-120.976036842104,39.1136098290321],[-120.976019057761,39.1136233750731],[-120.976001516934,39.1136371429229],[-120.975984289712,39.1136511606563],[-120.975967375698,39.1136654557291],[-120.975950810928,39.1136799735394],[-120.975934524521,39.1136947409242],[-120.975918552512,39.1137097032816],[-120.975902929351,39.1137249158325],[-120.975887620193,39.1137403508121],[-120.975872660676,39.1137559810739],[-120.975844185392,39.1137873366457],[-120.975840278376,39.113791833116],[-120.975836475102,39.1137964677933],[-120.975832777556,39.1138011033987],[-120.975829184548,39.1138058222995],[-120.975825662024,39.113810541819],[-120.975822279281,39.1138153449435],[-120.975818966625,39.1138201761424],[-120.975815794544,39.1138250360348],[-120.975812691756,39.1138299789131],[-120.97580972994,39.1138349230292],[-120.975806837815,39.1138399226755],[-120.975804051022,39.1138449507058],[-120.975801440045,39.113850007739],[-120.975798863914,39.1138550925373],[-120.975796427563,39.1138602609406],[-120.97579413258,39.1138654031258],[-120.975791942135,39.1138706286066],[-120.975789857815,39.1138758275598],[-120.97578787843,39.1138810823529],[-120.975786004773,39.1138863380743],[-120.975784271293,39.113891649945],[-120.975782643542,39.1138969627439],[-120.97578112152,39.1139022764712],[-120.975779704432,39.1139076460382],[-120.975778463956,39.1139129896967],[-120.975777328812,39.1139183617393],[-120.975776264153,39.1139237344008],[-120.975775304826,39.1139291354464],[-120.975774521714,39.1139345380392],[-120.975773844331,39.1139399415603],[-120.97577327228,39.1139453734655],[-120.975772806354,39.1139507788433],[-120.975772516247,39.1139562132241],[-120.975772262574,39.1139615655472],[-120.975772183527,39.1139670292404],[-120.97577228149,39.1139724395694],[-120.97577237985,39.1139778224426],[-120.975772654028,39.1139832343188],[-120.975773069973,39.1139885925214],[-120.97577355561,39.1139940062543],[-120.97577421905,39.1139993117115],[-120.97577524077,39.1140066522977],[-120.975790989587,39.1140972687481],[-120.975808785723,39.1141876834964],[-120.975828594341,39.1142778687765],[-120.975850450293,39.1143678523526],[-120.975874389626,39.1144575796214],[-120.975900271373,39.1145470493441],[-120.975928237309,39.1146362078454],[-120.975979994818,39.1147863424685],[-120.975989780647,39.1148140523569],[-120.975998456563,39.1148405168357],[-120.976006530568,39.1148671682446],[-120.976014039094,39.1148939245257],[-120.976020981744,39.1149208131349],[-120.976027288031,39.1149478334535],[-120.976032993594,39.1149749583353],[-120.976038063587,39.1150021600153],[-120.976042638982,39.115029439731],[-120.976046507524,39.1150568505378],[-120.976049846621,39.1150843116152],[-120.976052550145,39.1151118494911],[-120.976054618492,39.1151394367097],[-120.976056121751,39.1151671013455],[-120.976057026266,39.1151947332663],[-120.976057294411,39.115222496897],[-120.976056999055,39.115250228122],[-120.976056068915,39.1152779812341],[-120.976054504388,39.1153057287775],[-120.97605234032,39.1153334985173],[-120.976049612748,39.1153612358512],[-120.976046250787,39.1153889676164],[-120.976042290076,39.1154166666663],[-120.976037730616,39.1154443330009],[-120.976032537558,39.1154719388551],[-120.976026816237,39.1154995126125],[-120.97602042647,39.1155269981242],[-120.976013473592,39.1155544237739],[-120.976005887511,39.115581761487],[-120.975997738714,39.1156090118821],[-120.975989027201,39.1156361749593],[-120.975979718521,39.1156631954973],[-120.975969776635,39.1156901280982],[-120.97595930807,39.1157169187786],[-120.975948206694,39.1157435940658],[-120.975936579035,39.1157700999764],[-120.97592438945,39.1157964636566],[-120.975911567848,39.1158226570316],[-120.975898219562,39.1158487084852],[-120.975884310541,39.1158745353406],[-120.975869909683,39.1159002480395],[-120.975854877997,39.1159257080651],[-120.975839320024,39.1159509987129],[-120.975823236954,39.1159760376153],[-120.975806592351,39.11600090683],[-120.97556994637,39.1163337489944],[-120.975542436512,39.1163701654631],[-120.975440967465,39.1165045109704],[-120.975437577812,39.1165097808287],[-120.975435669333,39.1165125649071],[-120.975433726008,39.1165153212201],[-120.975431712591,39.1165180494583],[-120.975429629481,39.1165207221658],[-120.975427511125,39.1165233945638],[-120.975425322282,39.1165260663427],[-120.975423063744,39.1165286825908],[-120.975420770359,39.1165312710737],[-120.975418406882,39.1165338314817],[-120.975416008956,39.1165363366686],[-120.975413540541,39.1165388412364],[-120.97541100283,39.1165412628177],[-120.975408464721,39.1165437118548],[-120.975405822071,39.1165460775959],[-120.975403144573,39.1165484155717],[-120.975400431832,39.1165507532378],[-120.975397649396,39.1165530353733],[-120.975394797267,39.1165552619782],[-120.975392016023,39.1165574617463],[-120.975389059352,39.1165596050552],[-120.975386102681,39.1165617483639],[-120.975383076316,39.116563836142],[-120.975380015501,39.1165658686989],[-120.975376990328,39.1165678741096],[-120.975373824972,39.1165698233705],[-120.975370625166,39.1165717174103],[-120.975367425361,39.11657361145],[-120.975364156258,39.1165754225032],[-120.975360852706,39.1165771783354],[-120.975357513909,39.1165789338578],[-120.975354211152,39.1165806347783],[-120.975350768212,39.1165822795489],[-120.975347326066,39.116583869408],[-120.975343884318,39.1165854318112],[-120.975340373273,39.1165869112279],[-120.97533682738,39.1165883628793],[-120.975333281886,39.1165897870748],[-120.975329702339,39.1165911285935],[-120.975326087945,39.1165924423467],[-120.975322438703,39.1165937283345],[-120.975318755807,39.1165949041896],[-120.97531510895,39.1165960254428],[-120.975311320719,39.1165971729132],[-120.975307604168,39.1165982386354],[-120.975303888809,39.1165992219904],[-120.975300103359,39.1166001772704],[-120.975296319101,39.116601050183],[-120.975292499598,39.116601922786],[-120.975288645646,39.1166027401677],[-120.97528482813,39.1166034754917],[-120.975280940921,39.1166041552849],[-120.975277054506,39.1166047801666],[-120.975273203733,39.116605377902],[-120.975269283664,39.1166058926508],[-120.975265399236,39.1166063802534],[-120.975261480756,39.1166067851791],[-120.975257562674,39.1166071626489],[-120.975253644989,39.1166075126629],[-120.975249693649,39.1166077525442],[-120.975245778349,39.1166079378235],[-120.975241828599,39.1166080678816],[-120.975237914888,39.1166081433377],[-120.975233965536,39.1166082459398],[-120.975230017773,39.1166082387189],[-120.975226106447,39.1166081494403],[-120.975222195916,39.11660800525],[-120.975218321026,39.1166078339135],[-120.975214341199,39.1166076067366],[-120.975210467899,39.1166073255769],[-120.97520656015,39.1166069891961],[-120.975202688043,39.1166066256689],[-120.97519885277,39.1166061526284],[-120.975194947406,39.1166056515128],[-120.975191078082,39.1166050957952],[-120.975190726433,39.1166050377875],[-120.975187244001,39.1166045403871],[-120.975183482397,39.1166038483194],[-120.975179615855,39.1166031004114],[-120.975175854648,39.1166023808878],[-120.974716226174,39.116533126378],[-120.974713735361,39.1165323081682],[-120.97471124415,39.1165315174142],[-120.974708682451,39.1165307260405],[-120.974706119161,39.1165300444897],[-120.974703591513,39.1165293357929],[-120.974700957735,39.1165286536224],[-120.974698393252,39.1165280544386],[-120.97469579273,39.1165275098564],[-120.97469312172,39.1165269646547],[-120.9746905208,39.1165264475281],[-120.974687883841,39.1165259850032],[-120.974685175995,39.1165255493143],[-120.974682538241,39.1165251417007],[-120.974679864049,39.1165248161445],[-120.974677154613,39.1165244902784],[-120.974674409535,39.1165241915581],[-120.97467173415,39.1165239483689],[-120.974669022726,39.1165237597813],[-120.974666310904,39.1165235986493],[-120.974663599082,39.1165234375173],[-120.974660850823,39.1165233584425],[-120.974658137411,39.1165233071333],[-120.974655388356,39.1165232829699],[-120.974652674148,39.116523286572],[-120.974649924298,39.1165233173199],[-120.9746472085,39.1165234307448],[-120.974644457457,39.1165235438598],[-120.974641740863,39.116523712196],[-120.974639058718,39.1165239357533],[-120.97463627084,39.1165241583813],[-120.9746335879,39.11652443685],[-120.974630833675,39.1165247696105],[-120.974628149542,39.1165251304462],[-120.974625429369,39.1165255458836],[-120.97462274444,39.1165259616308],[-120.974620058716,39.1165264322892],[-120.974617372594,39.1165269304034],[-120.974614721318,39.116527456283],[-120.974612069248,39.116528037074],[-120.974609452421,39.1165286181748],[-120.974606799157,39.1165292813328],[-120.974604145495,39.1165299719466],[-120.974601561925,39.1165306906356],[-120.9745990132,39.1165314370902],[-120.974596428834,39.1165322106905],[-120.974593878519,39.1165330669678],[-120.974591328204,39.1165339232451],[-120.974588812735,39.1165348072878],[-120.974586296471,39.1165357462419],[-120.974583850695,39.1165366858156],[-120.97458136888,39.1165376799909],[-120.974578957155,39.1165387022415],[-120.974576509391,39.1165397790936],[-120.974574132115,39.1165408565654],[-120.974571754044,39.1165419889486],[-120.974569411615,39.1165430941858],[-120.974567067197,39.1165443367015],[-120.974564828909,39.116545552691],[-120.974562519736,39.1165467955165],[-120.974560280255,39.116548093873],[-120.974558040774,39.1165493922296],[-120.974555871384,39.1165507186614],[-120.974553701596,39.1165520725489],[-120.974551566258,39.1165534816576],[-120.974549465367,39.1165549459876],[-120.974547435761,39.1165563560258],[-120.974545370115,39.1165578206655],[-120.974543373765,39.116559368292],[-120.974541377812,39.1165608884628],[-120.974539486796,39.1165624644744],[-120.974537560536,39.1165640401762],[-120.974535704367,39.1165656439533],[-120.9745338478,39.1165672751862],[-120.974532061324,39.1165689344943],[-120.97453027445,39.1165706212582],[-120.97452716206,39.1165737791678],[-120.974520011626,39.1165831622825],[-120.974513071463,39.1165926296229],[-120.974506341571,39.1166021811891],[-120.97449982195,39.116611816981],[-120.974493512203,39.1166215644546],[-120.974487413521,39.1166313412424],[-120.974481560356,39.116641202566],[-120.974475882217,39.1166511478057],[-120.97447041435,39.1166611772714],[-120.974465192396,39.1166712638171],[-120.974460216753,39.1166813799872],[-120.974455450985,39.1166916078392],[-120.974450931925,39.1167018378598],[-120.974446587893,39.1167121517966],[-120.974442489377,39.1167225502694],[-120.974438637173,39.1167329783668],[-120.974434996434,39.1167434083231],[-120.974431565968,39.1167539225056],[-120.974428417057,39.1167644666226],[-120.974423875403,39.1167811219017],[-120.97438115135,39.1169880908701],[-120.974343013622,39.117194770631],[-120.974309533941,39.1174010794417],[-120.974280675912,39.1176070993634],[-120.974256508075,39.117812968298],[-120.974236888696,39.1180187399203],[-120.974221956009,39.1182246076622],[-120.974211603525,39.1184306255071],[-120.97420519886,39.1186780041764],[-120.97419428417,39.1187209093295],[-120.974186932789,39.1187465739695],[-120.974178983027,39.1187721784286],[-120.974170471719,39.1187976131939],[-120.974161397672,39.1188229606322],[-120.974151761681,39.1188481658322],[-120.974141563347,39.1188732562493],[-120.974130768618,39.1188981492063],[-120.974119446393,39.1189229551458],[-120.974107563017,39.1189475639349],[-120.974095082847,39.1189720027191],[-120.974082111618,39.1189962724281],[-120.97406857884,39.1190203724419],[-120.974054485307,39.1190442478488],[-120.974039865468,39.11906795387],[-120.974024684875,39.1190914352839],[-120.974009048466,39.1191147479317],[-120.973992816851,39.1191377807504],[-120.973976094176,39.1191606444926],[-120.973958846784,39.1191832290252],[-120.973941073881,39.1192055892593],[-120.973922881203,39.1192277261249],[-120.973904093716,39.1192495557045],[-120.973884850809,39.1192711890608],[-120.973865119227,39.1192924886048],[-120.973844932225,39.1193135919251],[-120.973824256548,39.1193343614327],[-120.973803091399,39.1193548520389],[-120.973781507668,39.1193750369076],[-120.973759399219,39.1193949425643],[-120.973736942678,39.1194145431033],[-120.973713961818,39.1194338369741],[-120.973690562773,39.1194527976508],[-120.973666745145,39.1194714525888],[-120.973642544977,39.1194897471868],[-120.973617890979,39.1195077357354],[-120.973592854043,39.1195253913991],[-120.97356739932,39.1195426864118],[-120.973541562057,39.1195596210833],[-120.973515342253,39.1195761954133],[-120.973488774756,39.1195924371675],[-120.973461789473,39.1196083182696],[-120.973434457692,39.1196237844282],[-120.973406813067,39.1196389457762],[-120.973378821545,39.1196537196358],[-120.973350483925,39.1196680510956],[-120.973321834257,39.1196820228326],[-120.97329287294,39.1196956073907],[-120.973263564728,39.1197088044597],[-120.973233980114,39.1197216146596],[-120.973204155538,39.1197339559334],[-120.973173983272,39.1197459646287],[-120.973143570647,39.1197575318532],[-120.973112916866,39.119768712518],[-120.973081987482,39.1197794514014],[-120.973050888231,39.1197897494338],[-120.973019442089,39.1197996599753],[-120.972987826081,39.1198091296655],[-120.972955969718,39.1198181578837],[-120.972923977939,39.1198268004721],[-120.972891746203,39.1198349741325],[-120.97285930896,39.1198427340863],[-120.972826772347,39.1198500538089],[-120.972794030625,39.119856932369],[-120.972761083398,39.1198633972221],[-120.972728072446,39.1198693946983],[-120.972694892033,39.1198749238661],[-120.972661611853,39.1198800402578],[-120.97262819706,39.1198847161071],[-120.972594648452,39.1198888965026],[-120.972200592502,39.1200169550417],[-120.971079515392,39.1201361034701],[-120.970700792026,39.1203197323667],[-120.970502634959,39.1204805973227],[-120.970132588117,39.1207266608457],[-120.970001726079,39.1208025011758],[-120.969328293181,39.1211946572087],[-120.968986164169,39.1215201287026],[-120.968924601357,39.1215573959569],[-120.968466620152,39.1218353260431],[-120.967850432281,39.1222893236762],[-120.967660566836,39.1224706044916],[-120.967648122618,39.1224827137249],[-120.967635958371,39.1224949627304],[-120.967624073696,39.122507378964],[-120.967612397697,39.1225199892575],[-120.967601143059,39.1225327131156],[-120.967590132744,39.12254560389],[-120.967579366755,39.1225586615809],[-120.967568986879,39.1225718325247],[-120.96755881608,39.1225851700731],[-120.967548996149,39.1225986205626],[-120.967539456189,39.1226122108252],[-120.96753023145,39.1226259411728],[-120.967521322331,39.1226397841497],[-120.967512728832,39.1226537397562],[-120.967504415706,39.1226678076802],[-120.967496488295,39.1226820163135],[-120.967488841659,39.1226963098088],[-120.967481510242,39.1227107433895],[-120.967474530896,39.122725207545],[-120.967467866771,39.1227398117859],[-120.967461519068,39.1227544737455],[-120.967455557481,39.1227692489589],[-120.96744987707,39.1227840815791],[-120.967444547529,39.1227990271413],[-120.967439534411,39.1228140304222],[-120.967434873764,39.1228290368226],[-120.967430563587,39.1228441836208],[-120.967426570235,39.1228593606822],[-120.967422927753,39.1228746506859],[-120.967419638144,39.1228899163534],[-120.967416664959,39.1229052397399],[-120.967414043046,39.1229206486131],[-120.967411773607,39.1229360606059],[-120.967409891488,39.122951503486],[-120.967408325794,39.1229670040852],[-120.967407112975,39.1229824803484],[-120.967406216982,39.1229979868751],[-120.967405673464,39.1230134965214],[-120.967405517267,39.1230290370551],[-120.967405678298,39.1230445803966],[-120.967406227452,39.1230600997141],[-120.967407058186,39.1230756489831],[-120.967408277444,39.1230911467724],[-120.967411519844,39.1231201998616],[-120.967457068637,39.1234655731149],[-120.967716372474,39.1240030203768],[-120.967912164029,39.1244310293745],[-120.967925242328,39.1244818347672],[-120.96793136373,39.1245092932078],[-120.967936885116,39.1245368012583],[-120.967941770836,39.1245643860628],[-120.967946055739,39.1245920753887],[-120.967949705775,39.1246197865574],[-120.967952720944,39.1246475195689],[-120.967955135293,39.124675357102],[-120.967956880326,39.1247031612549],[-120.967958025738,39.1247309875625],[-120.96795853548,39.1247588906243],[-120.967958411952,39.1247867057065],[-120.967957652752,39.1248145975428],[-120.96795629553,39.1248424017113],[-120.967954267786,39.1248702548666],[-120.967951641618,39.1248980478095],[-120.967948381376,39.1249258076839],[-120.96794448746,39.1249535070341],[-120.967939994717,39.1249811736275],[-120.967934868299,39.1250087796966],[-120.967929108605,39.1250362977856],[-120.967922715634,39.1250637278944],[-120.967915724234,39.1250910977903],[-120.967908135605,39.1251183251064],[-120.967899878048,39.1251454915858],[-120.967891058109,39.1251725432526],[-120.967881640539,39.1251994797947],[-120.967871590489,39.1252262734446],[-120.967860943207,39.1252529245139],[-120.967849663043,39.1252794601463],[-120.967837856944,39.1253057989102],[-120.967825383114,39.1253319944693],[-120.967812347297,39.1253580477589],[-120.967798750295,39.1253839038676],[-120.967784556858,39.1254095624833],[-120.967769802235,39.1254350239177],[-120.967766136006,39.125441059964],[-120.967754451175,39.1254602878587],[-120.967738538528,39.1254853820735],[-120.967722065493,39.125510224195],[-120.967705031269,39.1255348691343],[-120.967687401409,39.1255592616679],[-120.967669281257,39.1255834301868],[-120.967650635965,39.1256073469234],[-120.967631395035,39.1256310112536],[-120.967611664212,39.1256544241127],[-120.9675913734,39.125677557421],[-120.967570592696,39.1257004392578],[-120.967467393158,39.1258197423551],[-120.967366887813,39.1259404147087],[-120.967269147169,39.1260624569496],[-120.967174172034,39.1261858141734],[-120.967081997668,39.1263104866988],[-120.967042944404,39.1263655124156],[-120.966992661332,39.1264363375662],[-120.966906126987,39.1265634213812],[-120.966822571691,39.1266916847993],[-120.966741856062,39.1268210167557],[-120.966658334495,39.12696141732],[-120.966545362536,39.1271449562214],[-120.966520969992,39.1271845697189],[-120.966515122861,39.1271938815108],[-120.966509426349,39.1272025356158],[-120.966503519941,39.1272110780244],[-120.966497472935,39.1272195917281],[-120.966491145534,39.1272279931109],[-120.966484713986,39.1272362837339],[-120.96647807134,39.1272445450274],[-120.9664712192,39.1272526671687],[-120.966464226861,39.1272607331492],[-120.966457024627,39.1272686874332],[-120.966449682996,39.127276530645],[-120.966442060169,39.1272843164469],[-120.966434368846,39.1272919643456],[-120.966426467225,39.1272995280032],[-120.966418390959,39.1273069802762],[-120.966410175697,39.1273142940214],[-120.966401749738,39.127321550981],[-120.966393184783,39.1273286694126],[-120.966384480832,39.1273356493162],[-120.966375636683,39.1273425730587],[-120.96636661909,39.1273493030495],[-120.966357426451,39.1273559491113],[-120.966348094415,39.1273624841005],[-120.966338623383,39.1273688805615],[-120.966329013356,39.1273751384944],[-120.966319299583,39.1273812582113],[-120.966309410763,39.1273872939989],[-120.966304717109,39.1273900395222],[-120.966299348098,39.1273931634903],[-120.966289216938,39.1273988950779],[-120.966278946782,39.1274044881371],[-120.966268572881,39.1274099429803],[-120.966257989083,39.127415286126],[-120.966247372441,39.1274204642245],[-120.966236616803,39.1274255037945],[-120.966225757419,39.1274304051483],[-120.966214829941,39.1274351411426],[-120.966202838554,39.1274403070559],[-120.966191056659,39.1274456121203],[-120.966179342454,39.1274511099977],[-120.966167802491,39.1274567467138],[-120.96615636627,39.1274625216441],[-120.966145068639,39.1274684625566],[-120.966133875152,39.1274745142277],[-120.966122854703,39.1274807871046],[-120.966111973647,39.1274871710526],[-120.966101266832,39.1274936938395],[-120.966090628911,39.1275003270728],[-120.966080199277,39.1275071818246],[-120.966069944687,39.1275141205042],[-120.966059793838,39.1275211973984],[-120.966049817231,39.1275284131317],[-120.966040014865,39.1275357677044],[-120.966030351491,39.127543260804],[-120.966020898009,39.1275508655998],[-120.966011583518,39.1275586089225],[-120.96600247892,39.1275664639415],[-120.965993513313,39.1275744574877],[-120.965984757999,39.1275825352745],[-120.965976176926,39.1275907519008],[-120.965967770496,39.1275990799112],[-120.965959609208,39.1276075199304],[-120.965951552063,39.1276160707088],[-120.96594374006,39.1276247334962],[-120.965936103502,39.1276334527564],[-120.965928676435,39.1276423111689],[-120.965921459261,39.127651281278],[-120.96591441713,39.1276603353157],[-120.965907620543,39.1276694739069],[-120.965900998999,39.1276786964268],[-120.965894587749,39.1276880031878],[-120.965888386794,39.12769739419],[-120.965882431381,39.1277068697458],[-120.965876651013,39.1277164292304],[-120.96587111659,39.1277260458131],[-120.965865792461,39.127735746637],[-120.965860713876,39.1277455320148],[-120.965855775888,39.1277553460977],[-120.965851118292,39.1277652725025],[-120.965846671794,39.1277752282375],[-120.965842436392,39.1277852133026],[-120.965838446133,39.1277953103773],[-120.965834702221,39.1278054370946],[-120.965831169406,39.1278155931421],[-120.965827882537,39.127825806288],[-120.965824806363,39.1278360762198],[-120.965821976939,39.1278463483386],[-120.965819357809,39.127856704699],[-120.965817020678,39.1278670635591],[-120.965814859795,39.1278774239813],[-120.965812944458,39.1278878689576],[-120.965811311921,39.1278982615222],[-120.965809453391,39.1279120570239],[-120.965806760739,39.1279322705838],[-120.965804393063,39.1279471324809],[-120.965801673688,39.1279619363421],[-120.965798601812,39.1279767370785],[-120.96579528439,39.1279914532606],[-120.965791544367,39.1280061382373],[-120.965787487494,39.1280207929461],[-120.965783078521,39.1280354170744],[-120.965778389552,39.1280499014245],[-120.965773348482,39.128064355194],[-120.965767990561,39.1280787786955],[-120.965762316993,39.1280930895618],[-120.965756291724,39.1281073423918],[-120.965749986058,39.128121482899],[-120.965743328692,39.1281355653698],[-120.965736390927,39.1281495355178],[-120.96572910106,39.1281634750848],[-120.965721495946,39.1281772745608],[-120.965713610433,39.1281909617138],[-120.965705374021,39.1282045359188],[-120.965696856809,39.1282180252563],[-120.96568802435,39.1282313745025],[-120.96567891109,39.1282446388811],[-120.965669482581,39.1282577631682],[-120.965659773674,39.128270775132],[-120.965649749919,39.1282836195485],[-120.965639481015,39.128296351954],[-120.965628896862,39.1283089442677],[-120.965618032309,39.1283214242578],[-120.965609271815,39.1283310534151],[-120.965606888962,39.1283336821016],[-120.965595464813,39.1283458550771],[-120.965583796317,39.1283578611301],[-120.965571777723,39.1283696993227],[-120.96555958488,39.1283813986731],[-120.965547113242,39.1283928758769],[-120.965534396856,39.1284042136133],[-120.965521364819,39.1284154387128],[-120.965508124888,39.1284264148349],[-120.96549464061,39.1284372240336],[-120.965480911582,39.1284478937648],[-120.965466938609,39.1284583691169],[-120.96545275734,39.1284686229468],[-120.965438331724,39.1284787098531],[-120.965423662563,39.1284885749246],[-120.965408783903,39.1284983008405],[-120.965393733402,39.1285077231795],[-120.965378367251,39.1285170328808],[-120.965362863306,39.1285261216846],[-120.965347186316,39.1285349892781],[-120.965331230531,39.1285436347237],[-120.965315136149,39.1285521141828],[-120.965298869125,39.1285603449759],[-120.965282394609,39.1285682993346],[-120.965265781096,39.1285761151624],[-120.965248924439,39.1285836816986],[-120.965231929989,39.1285910273368],[-120.965214832996,39.1285981523895],[-120.96519749286,39.1286050281505],[-120.965180050181,39.1286116833258],[-120.96516243486,39.1286180898346],[-120.965144752649,39.1286242486146],[-120.965126826492,39.1286302130138],[-120.965108869498,39.1286358750857],[-120.96509070381,39.1286413430893],[-120.965072506883,39.128646536221],[-120.965054136913,39.1286515081414],[-120.965035665205,39.1286562045644],[-120.965017090955,39.1286606804013],[-120.964998449816,39.1286649085092],[-120.964979671688,39.128668860807],[-120.964960826269,39.1286725928312],[-120.964941949212,39.1286760774388],[-120.964922970818,39.1286792590933],[-120.964903890286,39.1286821927059],[-120.964884742865,39.1286848785891],[-120.964865598655,39.1286873448241],[-120.964846353109,39.1286895081057],[-120.964827110775,39.1286914517391],[-120.964807802758,39.1286930652762],[-120.964788497551,39.1286944866206],[-120.964769125858,39.1286956327801],[-120.964749758582,39.1286964769243],[-120.964730359267,39.1286971011074],[-120.964710963567,39.1286974781867],[-120.964600480982,39.1286994633686],[-120.964490082451,39.1287029319886],[-120.964379768771,39.1287078291356],[-120.964269574382,39.1287142100342],[-120.964159605429,39.1287220481678],[-120.964049756959,39.1287312876869],[-120.963940167956,39.128742067122],[-120.963830840827,39.1287542217401],[-120.963721809608,39.1287678342219],[-120.963613145196,39.1287828777388],[-120.963504812334,39.1287993519787],[-120.963396845864,39.1288172847114],[-120.963289352737,39.1288365945105],[-120.963182296893,39.1288573359753],[-120.963075713978,39.1288794819649],[-120.962969673682,39.1289030880181],[-120.962864177609,39.1289280443142],[-120.962813895264,39.1289406679123],[-120.962759260199,39.1289544060791],[-120.962654956697,39.1289821736278],[-120.962551303153,39.1290112923642],[-120.962448334811,39.1290417626033],[-120.962346050862,39.1290736392582],[-120.962244522607,39.1291068680466],[-120.962143750444,39.1291414215148],[-120.962043733965,39.1291773271203],[-120.961944614973,39.1292145312082],[-120.961846321756,39.1292531155205],[-120.961748891573,39.1292929430948],[-120.961652394116,39.1293340694718],[-120.961569214226,39.1293709894758],[-120.961556829381,39.1293764946539],[-120.961462233018,39.1294201915014],[-120.961368675929,39.1294651331886],[-120.961276087205,39.1295113465461],[-120.961184573402,39.1295587776063],[-120.961094134518,39.1296074263719],[-120.961004840648,39.1296573209287],[-120.960916657749,39.1297083785985],[-120.960829620263,39.129760654609],[-120.960743764648,39.1298140669099],[-120.960659161002,39.1298686435873],[-120.960575774476,39.1299243568744],[-120.960493675973,39.1299811799462],[-120.960412829839,39.1300391399469],[-120.960333343035,39.1300981554546],[-120.960255144254,39.130158280755],[-120.96017834086,39.1302194069707],[-120.960102932048,39.1302815890156],[-120.96002891822,39.1303447994368],[-120.95995633463,39.1304090385511],[-120.959885218143,39.130474196853],[-120.959815603204,39.1305403295706],[-120.959721724352,39.1306333756072],[-120.959623141615,39.1307502004845],[-120.959388605048,39.1310281241681],[-120.959250125479,39.1311379889571],[-120.958874031228,39.1314363553461],[-120.958850147939,39.1314553362131],[-120.958775929984,39.1315142878487],[-120.958479129453,39.1317499572641],[-120.958245828259,39.1320547997136],[-120.957717028752,39.13274574232],[-120.956358410276,39.1326806841747],[-120.956264481621,39.1326761919167],[-120.95601768946,39.1326638241152],[-120.955898999127,39.1327162663449],[-120.955395295042,39.1329388318064],[-120.95497901423,39.1331227604399],[-120.954751358027,39.1332230891932],[-120.954008354063,39.1339073594441],[-120.95400113044,39.1339476322625],[-120.953996981514,39.1339683267702],[-120.953994195069,39.1339803289233],[-120.953991162259,39.1339923014085],[-120.95398784783,39.1340042439098],[-120.953984287847,39.1340161018321],[-120.953980410181,39.1340279843656],[-120.953976323025,39.1340397277247],[-120.953971988692,39.1340514963271],[-120.953967339515,39.1340630973516],[-120.953962443566,39.1340746961635],[-120.95395726681,39.1340862100803],[-120.953951879345,39.1340976671894],[-120.953946211073,39.1341090394031],[-120.953940332904,39.1341202998981],[-120.953934137863,39.1341315300927],[-120.953927698078,39.1341426207968],[-120.953925979126,39.1341456121691],[-120.953872807042,39.1342376867135],[-120.953820056149,39.1343334582728],[-120.953769446218,39.1344298805664],[-120.953720976445,39.1345270085083],[-120.953674718966,39.134624732911],[-120.953594733888,39.134807333283],[-120.953565024854,39.1348755775638],[-120.953545254681,39.1349178521882],[-120.95352450145,39.1349598434005],[-120.953510729406,39.1349863278528],[-120.953502836477,39.1350014969215],[-120.953480223291,39.1350428948012],[-120.953456663107,39.1350839546722],[-120.953432226432,39.1351246771665],[-120.95340687801,39.1351650619674],[-120.95338054774,39.1352050809861],[-120.953353411887,39.1352447358032],[-120.953325329437,39.1352840251532],[-120.953296406556,39.1353229225286],[-120.953266572734,39.1353614272963],[-120.953235899292,39.1353994851769],[-120.953204385009,39.1354371785365],[-120.953172031509,39.1354743975523],[-120.953138803131,39.1355111693627],[-120.953043145576,39.1355994711364],[-120.951893055696,39.1366610985848],[-120.951880119639,39.1366727349265],[-120.95187047576,39.1366811057347],[-120.951860658861,39.1366892553143],[-120.9518505964,39.1366973203098],[-120.951840430208,39.1367052470766],[-120.95183005452,39.1367130346647],[-120.951819469338,39.1367206830739],[-120.951808780831,39.1367281657989],[-120.951797847576,39.1367355090283],[-120.951786810995,39.1367426865733],[-120.95177559936,39.1367497801671],[-120.951764249146,39.1367567077597],[-120.951752690251,39.1367634412622],[-120.951741027625,39.1367700365357],[-120.951729190758,39.1367764929466],[-120.951717250973,39.1367827562174],[-120.951705137354,39.1367888531701],[-120.951692920004,39.1367948118936],[-120.951680528821,39.136800604299],[-120.95166803472,39.136806203564],[-120.951655437294,39.1368116371441],[-120.951642666035,39.136816904406],[-120.951629791044,39.1368220334384],[-120.951616813543,39.1368269418748],[-120.951603732311,39.1368317120819],[-120.951590513313,39.136836261376],[-120.951577261093,39.1368406730742],[-120.951563835448,39.1368448909982],[-120.951550377393,39.1368489164151],[-120.95153678076,39.1368527758301],[-120.951523151719,39.1368564427379],[-120.951509384506,39.1368599161882],[-120.951495620139,39.136863197448],[-120.951481716788,39.1368663401613],[-120.951467781842,39.1368692354563],[-120.951453743573,39.1368719650659],[-120.951439707743,39.1368745299406],[-120.951425534149,39.136876873902],[-120.951411398657,39.1368790259897],[-120.951397195095,39.1368810127088],[-120.951382889025,39.1368827788314],[-120.95136855014,39.1368843799021],[-120.951354249357,39.136885789099],[-120.951339881319,39.1368869780162],[-120.95132548128,39.1368879469704],[-120.951311083683,39.1368887511896],[-120.951296618017,39.13688939004],[-120.951282190454,39.1368898370167],[-120.951267766552,39.1368900368917],[-120.95125330943,39.1368900991703],[-120.95123885597,39.1368899143473],[-120.951224440612,39.1368895376505],[-120.951209992441,39.1368889959018],[-120.951195547526,39.136888234507],[-120.951181175561,39.1368873090109],[-120.951166806851,39.1368861638686],[-120.951152475838,39.1368848543082],[-120.951138148487,39.1368832976461],[-120.95112389368,39.1368816043384],[-120.951109712638,39.1368796920184],[-120.951095463936,39.136877586874],[-120.951081323846,39.1368752904898],[-120.951067257115,39.1368728025488],[-120.951053228488,39.1368701227344],[-120.951039272811,39.1368672788188],[-120.951025355239,39.1368642430296],[-120.951021507914,39.1368633297489],[-120.951011546687,39.1368609885453],[-120.950997811493,39.1368575425043],[-120.950984148844,39.1368539598179],[-120.950970559554,39.136850185575],[-120.950957078877,39.1368462200925],[-120.950943671966,39.136842035598],[-120.950930372854,39.1368377147751],[-120.950917147102,39.1368332023958],[-120.950904029556,39.1368285262326],[-120.950891091539,39.1368236320085],[-120.950878190814,39.1368186008221],[-120.950865468803,39.1368134064859],[-120.95085282056,39.136807993138],[-120.950840244658,39.1368024568726],[-120.95082788354,39.1367967028635],[-120.950815629612,39.1367908537096],[-120.950803520366,39.1367847587225],[-120.95079155336,39.1367785826355],[-120.950779695782,39.1367721603984],[-120.95076990152,39.1367668825405],[-120.950759964613,39.1367617132359],[-120.950749919503,39.1367567077127],[-120.950739731749,39.1367518107428],[-120.950729471453,39.1367470504156],[-120.950719067698,39.1367424535527],[-120.950708591402,39.1367379933326],[-120.950698077816,39.1367336700722],[-120.950687315417,39.1367294818694],[-120.950676585831,39.1367254587159],[-120.950665748449,39.136721571888],[-120.950654802861,39.1367178488413],[-120.950643749477,39.1367142621201],[-120.950632658805,39.1367108123585],[-120.950621459928,39.136707526378],[-120.950610223762,39.1367043773571],[-120.950598914647,39.1367013924342],[-120.950587462072,39.1366985709753],[-120.95057604231,39.1366959145656],[-120.950564514751,39.1366933944813],[-120.950552949495,39.1366910388121],[-120.950541346543,39.1366888475578],[-120.950529671048,39.136686792946],[-120.950517993111,39.1366849030663],[-120.950506242222,39.1366831772845],[-120.95049445323,39.1366816433732],[-120.950482627763,39.1366801915102],[-120.950470763785,39.1366789589733],[-120.95045886211,39.1366778908514],[-120.950446993654,39.1366769603231],[-120.95043505184,39.1366762213482],[-120.950423143244,39.1366756199668],[-120.950411161289,39.1366752101388],[-120.95039921296,39.1366749104489],[-120.950387261781,39.1366748029465],[-120.950375308159,39.1366748601762],[-120.950363316839,39.1366750818208],[-120.95035132389,39.1366754132863],[-120.950339433039,39.1366759928019],[-120.95032747005,39.1366766815041],[-120.95031557472,39.1366775630282],[-120.950303642098,39.1366785815116],[-120.950291777541,39.1366797653614],[-120.950279945795,39.1366811142604],[-120.950268112011,39.1366826004359],[-120.950256345886,39.1366842794332],[-120.950244612977,39.1366860960243],[-120.950232912471,39.1366881051201],[-120.95022128003,39.1366902795824],[-120.950209645959,39.1366925638657],[-120.950198115206,39.1366950138326],[-120.95018661767,39.1366976013932],[-120.950175152537,39.1367003814587],[-120.950163791129,39.1367032997522],[-120.950152462938,39.1367063556396],[-120.950141237657,39.1367096046663],[-120.950130046001,39.1367129638312],[-120.950118992102,39.1367165439082],[-120.950107972641,39.1367201792124],[-120.95009698599,39.136723979566],[-120.950086137504,39.1367279733762],[-120.950075427996,39.136732105732],[-120.950064787367,39.1367363485434],[-120.950054215616,39.1367407018104],[-120.950043710705,39.1367453028107],[-120.950033380843,39.1367499877628],[-120.950023155113,39.1367547834879],[-120.950012961784,39.1367597717181],[-120.950002943096,39.1367648713557],[-120.949993028539,39.1367700817663],[-120.9499832173,39.1367754578611],[-120.949973510193,39.1367809447289],[-120.949963977319,39.1367865704598],[-120.949954548576,39.1367923069639],[-120.949945223558,39.1367981816966],[-120.949936037519,39.1368041949753],[-120.949926991273,39.1368102918889],[-120.949918083599,39.1368165548041],[-120.949909350972,39.1368229016716],[-120.94990072207,39.1368293867678],[-120.949892268215,39.1368359558164],[-120.949883953747,39.1368426359556],[-120.949875743002,39.1368494543237],[-120.94986774256,39.1368563569615],[-120.949859881504,39.1368633706899],[-120.949852159834,39.1368704955092],[-120.949844648059,39.1368777320537],[-120.949837276077,39.1368850522336],[-120.949830008635,39.1368924557315],[-120.949822986341,39.136899971272],[-120.949816103841,39.1369075704479],[-120.949809396797,39.1369152261209],[-120.949802829138,39.1369229928848],[-120.949796471375,39.1369308713743],[-120.949790289474,39.1369387789056],[-120.949784281807,39.1369468253006],[-120.949778450003,39.1369549007373],[-120.949772793246,39.1369630601269],[-120.949767346793,39.1369713037867],[-120.949762040133,39.136979631082],[-120.949756980252,39.1369879605982],[-120.94974984894,39.1370004452694],[-120.94971704203,39.1370609172052],[-120.949685498519,39.1371217849326],[-120.949655466006,39.1371829957627],[-120.949626731745,39.1372446301594],[-120.949599542113,39.1373067178005],[-120.949573825789,39.1373693129635],[-120.949549724611,39.1374323620077],[-120.949527029092,39.1374957257521],[-120.949505774897,39.1375593770596],[-120.949485997693,39.1376232887926],[-120.949467626566,39.1376874877726],[-120.949450803762,39.1377518929034],[-120.949435352196,39.1378165575096],[-120.949421414113,39.1378814004947],[-120.949408954262,39.137946421542],[-120.949397973055,39.1380115931963],[-120.949388435242,39.1380769151407],[-120.949380447813,39.1381423059611],[-120.949373862416,39.1382082585878],[-120.949345581476,39.1384696901307],[-120.949332013823,39.1385665675903],[-120.949325072148,39.1386161375897],[-120.949319019199,39.1386533452213],[-120.949301287665,39.1387623084188],[-120.949274230045,39.1389080653385],[-120.949243863607,39.1390534354846],[-120.949210260063,39.1391983371229],[-120.949173348884,39.1393427696157],[-120.949133202192,39.1394866237727],[-120.949124489242,39.1395153637325],[-120.949089820376,39.1396298721352],[-120.949043238673,39.1397725150171],[-120.948993423033,39.1399144697306],[-120.948940373845,39.140055708816],[-120.948884198083,39.1401961508551],[-120.948824825218,39.1403357952084],[-120.948762291305,39.1404745872775],[-120.948696667248,39.1406125002372],[-120.948627954663,39.1407494242602],[-120.948556046949,39.1408854132994],[-120.948481192518,39.1410203597504],[-120.948403215483,39.1411542345638],[-120.948322292111,39.141287039322],[-120.948310799004,39.1413058825825],[-120.94829976341,39.1413247848835],[-120.948289183289,39.1413438835027],[-120.948278988128,39.1413631778048],[-120.94826925048,39.1413825311477],[-120.948259969122,39.1414020258983],[-120.948251108797,39.1414216617387],[-120.948242704763,39.1414414389869],[-120.948234758244,39.1414612752764],[-120.94822730368,39.1414812258361],[-120.948220234895,39.1415013171684],[-120.948213694139,39.1415214681777],[-120.948207539978,39.1415417050487],[-120.948201878182,39.1415620287347],[-120.948196673495,39.141582438918],[-120.948191926733,39.1416028806876],[-120.94818767193,39.141623436728],[-120.948183840613,39.141643969126],[-120.94818053692,39.1416645886571],[-120.948177655489,39.1416852669125],[-120.94817526765,39.1417059496167],[-120.948173372588,39.1417266916808],[-120.948171900197,39.1417474650138],[-120.948170886143,39.1417682424779],[-120.948170436197,39.1417890250265],[-120.948170374483,39.1418097836152],[-120.948170770698,39.1418305737905],[-120.948171695766,39.1418513687326],[-120.948173044732,39.1418721125769],[-120.948174887294,39.1418928608702],[-120.948177189012,39.1419135583836],[-120.948179984327,39.1419342603459],[-120.948183238799,39.1419549115281],[-120.948186952835,39.1419754844748],[-120.948191125622,39.141996034097],[-120.948198883589,39.1420292197991],[-120.94820667682,39.1420624058183],[-120.948211082133,39.1420839186066],[-120.948215028292,39.1421054821746],[-120.948218444784,39.1421270958868],[-120.948221403346,39.1421486780123],[-120.948223830607,39.1421704201041],[-120.948225800346,39.1421921031537],[-120.948227275672,39.1422138366654],[-120.948228256993,39.1422355931838],[-120.94822870946,39.1422573449355],[-120.948228703994,39.1422790651006],[-120.948228203706,39.1423008631833],[-120.94822714053,39.1423225738152],[-120.948225689117,39.1423443084069],[-120.948223709256,39.1423660107765],[-120.948221201354,39.1423876534684],[-120.948218235109,39.1424092920291],[-120.948214811745,39.142430844092],[-120.948210824672,39.1424523636148],[-120.948206414921,39.1424738518687],[-120.948201477534,39.142495252989],[-120.948196082618,39.1425165950669],[-120.948190195732,39.1425378228735],[-120.94818381565,39.1425590187754],[-120.948176944004,39.1425800729502],[-120.948169614828,39.1426010680823],[-120.948161828528,39.1426219767161],[-120.948153551072,39.1426427161672],[-120.948144781234,39.1426633688019],[-120.948135519423,39.1426839071647],[-120.94812587141,39.142704332209],[-120.948115731831,39.1427246155255],[-120.948105101501,39.1427447022033],[-120.948049891623,39.1428436342277],[-120.948006772321,39.1429167537531],[-120.947961969148,39.1429892814391],[-120.947915518175,39.1430611626909],[-120.947867454246,39.1431324252797],[-120.947817778584,39.1432029868372],[-120.947766526033,39.1432728751347],[-120.947713697407,39.1433420352593],[-120.94765925663,39.1434105218017],[-120.947603311103,39.1434782258917],[-120.947545825567,39.1435451472092],[-120.947486800428,39.1436112582963],[-120.94742630579,39.1436765872425],[-120.947364306802,39.1437411062718],[-120.947300875204,39.1438047336515],[-120.947236010584,39.1438674968348],[-120.947169677683,39.1439293955012],[-120.94710201835,39.1439903760097],[-120.947032927217,39.1440504099483],[-120.946962544908,39.1441095260424],[-120.946890766464,39.1441676684242],[-120.946817733326,39.1442248109086],[-120.946743339311,39.1442809799939],[-120.94666769142,39.1443360942659],[-120.946590823684,39.144390236407],[-120.946512703298,39.1444432413635],[-120.946433399145,39.1444952195915],[-120.946352912042,39.1445461161776],[-120.946271207143,39.1445959033457],[-120.946188461147,39.1446445552295],[-120.946104496947,39.144692125146],[-120.946019527322,39.1447385326365],[-120.945933411649,39.1447837489696],[-120.945846326223,39.1448277757353],[-120.945758235377,39.1448706400684],[-120.945669104675,39.144912286737],[-120.94557911041,39.1449527173318],[-120.945488076295,39.1449919302578],[-120.945396214292,39.1450298999688],[-120.945326723942,39.145057403902],[-120.945303418628,39.1450666255068],[-120.945209760234,39.1451020800517],[-120.94511531004,39.1451362367834],[-120.945020067639,39.1451691231553],[-120.944924069114,39.1452006845734],[-120.9448272788,39.1452309481725],[-120.944729837737,39.145259915226],[-120.94463167582,39.1452875576391],[-120.944598284076,39.1452921159347],[-120.944576417307,39.1452947190131],[-120.944554519372,39.1452970472137],[-120.944532556243,39.1452990178513],[-120.94451056113,39.145300768522],[-120.944488500413,39.1453021890851],[-120.944466408533,39.1453033347703],[-120.944444321566,39.1453041509856],[-120.944422168587,39.1453046645487],[-120.944400019703,39.1453049035527],[-120.944377875325,39.1453048405423],[-120.944355735452,39.1453044755175],[-120.944333564417,39.1453038356148],[-120.944311433146,39.1453028940165],[-120.944289289162,39.1453016227889],[-120.944267184124,39.1453001047768],[-120.944245136889,39.1452982577732],[-120.944223129011,39.1452961365296],[-120.944201161309,39.1452936861353],[-120.944179197295,39.1452909886374],[-120.944157343564,39.1452879900822],[-120.944135494751,39.1452846620572],[-120.944113826329,39.1452810610684],[-120.944092162007,39.1452771855208],[-120.944070607559,39.1452730363715],[-120.94406559818,39.1452719887854],[-120.944049128547,39.1452685583906],[-120.944027724151,39.1452638064891],[-120.944006429632,39.145258780986],[-120.943985315095,39.145253509975],[-120.943964241556,39.1452478549026],[-120.943943347181,39.1452420092333],[-120.943922527833,39.1452358621883],[-120.943901889289,39.1452294147246],[-120.94388139547,39.1452227214343],[-120.943861011528,39.145215754543],[-120.94384080839,39.1452084872333],[-120.943820784826,39.1452010018719],[-120.943800941657,39.1451932435478],[-120.943781208366,39.1451852116228],[-120.943761690728,39.1451769070545],[-120.943742353075,39.1451683569793],[-120.943723231075,39.1451595342609],[-120.943704289061,39.1451504660357],[-120.943685527032,39.1451411523039],[-120.943667015505,39.1451315937038],[-120.943648683964,39.1451217895972],[-120.943630602926,39.1451117406226],[-120.943287534726,39.1450994632991],[-120.94203579865,39.1450546494429],[-120.942032255985,39.1450557431531],[-120.941511003014,39.1452132453758],[-120.941497221363,39.1452175413033],[-120.941483543433,39.145221975466],[-120.94146996758,39.1452266576857],[-120.941456601632,39.1452314516446],[-120.941443268067,39.14523643811],[-120.941430036989,39.1452416451771],[-120.941416980148,39.1452469911192],[-120.941403990536,39.1452525573432],[-120.941391210419,39.145258262762],[-120.941378568458,39.1452641616471],[-120.941365994959,39.1452701984479],[-120.941353595285,39.1452764015793],[-120.941341263251,39.1452827975374],[-120.941329246076,39.1452893611056],[-120.941317297362,39.1452960625896],[-120.941305522063,39.1453029578599],[-120.941293885741,39.1453099916859],[-120.941282423245,39.1453171918428],[-120.941271134574,39.1453245583307],[-120.941260020551,39.1453320362388],[-120.941249079941,39.1453397079334],[-120.941238313568,39.1453475185037],[-120.941227791949,39.1453554685896],[-120.9412173392,39.1453635291361],[-120.941207166053,39.1453717569736],[-120.941197167141,39.145380123687],[-120.941187342466,39.1453886292763],[-120.941177692027,39.1453972737416],[-120.94116832201,39.1454060305872],[-120.94115912623,39.1454149263089],[-120.941150069838,39.1454239331313],[-120.941141293458,39.1454330797896],[-120.941132726572,39.145442365644],[-120.941124370003,39.1454517357837],[-120.941116188082,39.1454612173442],[-120.941108251325,39.1454708109654],[-120.941100560143,39.1454804891919],[-120.941093042786,39.1454903337503],[-120.941085806674,39.1455002357785],[-120.941078780469,39.1455102495477],[-120.94107196458,39.1455203476025],[-120.941065393856,39.1455305577182],[-120.941059104377,39.1455408253039],[-120.941052989135,39.1455512317663],[-120.94104712029,39.1455616679234],[-120.941041531869,39.1455722164616],[-120.941036153766,39.1455828492855],[-120.941031021649,39.1455935392597],[-120.94102613552,39.1456042863841],[-120.941021530225,39.1456151184343],[-120.941017135659,39.1456260073149],[-120.941010927544,39.1456426187096],[-120.940957357854,39.1457866503098],[-120.940920109602,39.1458792067254],[-120.940880648166,39.145971193859],[-120.940839114163,39.1460626404438],[-120.940795544078,39.1461534644313],[-120.940749831717,39.1462436923145],[-120.940702119342,39.1463332430048],[-120.940652335606,39.1464221707706],[-120.940600552664,39.1465103664276],[-120.940546734431,39.1465978845639],[-120.940490953473,39.1466845885397],[-120.940433208552,39.1467705607187],[-120.940373465638,39.1468557184114],[-120.940311865761,39.1469400628955],[-120.940248233854,39.1470235102007],[-120.940182850754,39.1471061452518],[-120.940115506545,39.1471878563027],[-120.940046342262,39.1472686446311],[-120.939975323051,39.147348482458],[-120.93990248417,39.1474273701004],[-120.939827896958,39.1475052532846],[-120.939751526151,39.147582131687],[-120.939673443089,39.1476579510339],[-120.939625605075,39.147702782856],[-120.93959364736,39.1477327387775],[-120.939512175043,39.1478064403237],[-120.939359113313,39.1479391051054],[-120.939247627149,39.1480318374993],[-120.939134048152,39.1481230130492],[-120.939018445606,39.1482127147566],[-120.938900855593,39.1483008880251],[-120.938781278939,39.1483874779381],[-120.938768195223,39.1483969147619],[-120.93875531977,39.1484065731515],[-120.938742688663,39.1484163985168],[-120.93873026623,39.1484264179926],[-120.938718123814,39.1484365773094],[-120.938706155225,39.1484469029608],[-120.938694466241,39.1484573959088],[-120.938682986344,39.1484680555121],[-120.938671751616,39.1484788271808],[-120.938660760822,39.1484897932809],[-120.938650085306,39.1485008995432],[-120.938639584029,39.148512144685],[-120.938629327509,39.1485235293477],[-120.938619456787,39.148535054814],[-120.938609725043,39.1485467188395],[-120.938600308578,39.1485585230274],[-120.938591137283,39.148570439281],[-120.938582281678,39.1485824682417],[-120.93857367042,39.1485946641793],[-120.938565340005,39.1486069450479],[-120.938557290019,39.1486193383033],[-120.938549520465,39.1486318439454],[-120.938542031753,39.1486444345188],[-120.938534858732,39.1486571377997],[-120.938527930883,39.1486699531468],[-120.938521319136,39.1486828537461],[-120.938514988233,39.1486958392769],[-120.938509008693,39.1487089103807],[-120.938503239476,39.1487220657748],[-120.938497786776,39.1487352789658],[-120.938492685439,39.1487485777299],[-120.938487829274,39.1487619885605],[-120.938483325709,39.148775402598],[-120.938479102988,39.1487889015673],[-120.938475161112,39.1488024854685],[-120.938471571836,39.1488160725766],[-120.938468299077,39.148829717482],[-120.938465307575,39.1488434198639],[-120.93846263259,39.148857180043],[-120.938460239685,39.1488709427878],[-120.938458198559,39.1488847636505],[-120.938456439514,39.148898587079],[-120.938454996986,39.1489124683048],[-120.938453836952,39.1489263246409],[-120.938453099629,39.148940212281],[-120.938452573456,39.1489541293009],[-120.938452399885,39.148968049528],[-120.938452544069,39.148981945186],[-120.938452969923,39.1489958708653],[-120.938453713532,39.1490097719756],[-120.938454810156,39.1490236488377],[-120.938456188452,39.1490375557209],[-120.938459708577,39.1490638387178],[-120.938468856645,39.1491286981375],[-120.938472125139,39.1491564753702],[-120.938475549756,39.1491855995226],[-120.938480902569,39.149242516175],[-120.938484983956,39.149299558558],[-120.938487760711,39.1493565890739],[-120.938489267269,39.1494136629544],[-120.938489468777,39.1494707524234],[-120.938488401317,39.1495278028906],[-120.938486029214,39.1495848414909],[-120.938482352875,39.1496418407687],[-120.938477443644,39.1496987464544],[-120.938471230583,39.1497555853619],[-120.938463714102,39.1498123300355],[-120.938454859348,39.1498689526989],[-120.938444772513,39.1499254268585],[-120.938433382661,39.1499817793279],[-120.938420725872,39.1500379555166],[-120.938406873077,39.1500939286103],[-120.938391683231,39.1501496973257],[-120.938375261701,39.1502052900797],[-120.938357610132,39.1502605970503],[-120.938338657588,39.1503156450507],[-120.938318473763,39.1503704896328],[-120.938297060303,39.1504250209741],[-120.938274417618,39.1504792116187],[-120.938250580141,39.1505331167973],[-120.938225443324,39.1505866531808],[-120.938199182645,39.1506398772829],[-120.938171693554,39.1506927057744],[-120.938143010899,39.1507451664307],[-120.938113135089,39.1507972317954],[-120.938082066947,39.1508488469566],[-120.93804994669,39.1509000681078],[-120.938016528726,39.1509508106359],[-120.937982024206,39.1510011039203],[-120.937946398281,39.1510509201838],[-120.937909651773,39.1511002045146],[-120.937871783445,39.1511490392778],[-120.937832830203,39.1511973149716],[-120.937812487803,39.1512215685004],[-120.937807334849,39.1512277136466],[-120.93779275555,39.1512451136403],[-120.937777540507,39.1512625764939],[-120.937765331201,39.1512759752854],[-120.937763018506,39.1512785079396],[-120.937748145944,39.1512942988971],[-120.93773292406,39.1513098669997],[-120.9377173877,39.1513252400239],[-120.937701466756,39.1513403898722],[-120.937685196487,39.1513553168653],[-120.937668611744,39.1513700487795],[-120.937651678089,39.1513845303829],[-120.937634430784,39.1513987619963],[-120.937616869003,39.1514127985304],[-120.937599029247,39.1514265579397],[-120.937580840166,39.1514400944931],[-120.937562302585,39.1514533532794],[-120.937543521878,39.1514663627171],[-120.937524427107,39.1514791496193],[-120.937505089622,39.1514916597171],[-120.937485438899,39.1515038923682],[-120.9374655102,39.1515158478938],[-120.937152934088,39.1516127884233],[-120.936513890271,39.1518109613355],[-120.9313852931,39.1534055991645],[-120.931379729525,39.1534073605314],[-120.931374234816,39.1534092323652],[-120.931368739277,39.1534111591096],[-120.931363313019,39.1534131688656],[-120.931357921193,39.153415233855],[-120.931352528124,39.1534173812103],[-120.93134727486,39.1534196122229],[-120.931342020766,39.1534218981461],[-120.931336835953,39.153424267081],[-120.931331685158,39.1534267187047],[-120.931326604472,39.1534291984293],[-120.931321593068,39.1534317611657],[-120.931316615681,39.1534344065908],[-120.931311707989,39.1534371075722],[-120.931306869993,39.15343986411],[-120.931302101277,39.1534427036595],[-120.931297366165,39.1534456533532],[-120.931292701992,39.1534485762372],[-120.931288141947,39.1534516099111],[-120.931283580657,39.1534547259511],[-120.931279160418,39.1534578432823],[-120.931274773781,39.153461070758],[-120.931270457669,39.1534642988792],[-120.931266245685,39.1534676377905],[-120.931262068549,39.1534710044799],[-120.931257995541,39.1534744819593],[-120.931254028735,39.153477932952],[-120.931250060269,39.1534814937661],[-120.931246267701,39.1534850836498],[-120.931242474303,39.1534887284443],[-120.931238821125,39.153492429441],[-120.93123520238,39.1534961856713],[-120.931231688593,39.1534999977809],[-120.931228280593,39.1535038108592],[-120.931224941873,39.1535077069493],[-120.931221708526,39.1535116314634],[-120.931218544874,39.1535156115341],[-120.931215486594,39.1535196200287],[-120.93121249801,39.1535236840799],[-120.931209614383,39.1535278040105],[-120.931206801282,39.1535319245868],[-120.931204093137,39.1535361010426],[-120.931200694268,39.1535416441323],[-120.931013050682,39.1540308958621],[-120.931011103355,39.1540360678122],[-120.931009260987,39.1540412956419],[-120.931007559669,39.1540465247634],[-120.931005998988,39.1540517826321],[-120.931004508832,39.1540570411468],[-120.931003159312,39.1540623284088],[-120.931001915166,39.154067644095],[-120.93100081207,39.1540729610731],[-120.930999814348,39.1540783064755],[-120.930998922414,39.1540836528468],[-120.930998171117,39.1540890279654],[-120.930997561285,39.1540943769204],[-120.930997021564,39.1540997539769],[-120.93099662248,39.1541051597805],[-120.930996329598,39.1541105390977],[-120.930996177768,39.1541159197069],[-120.930996166574,39.1541213290633],[-120.930996261584,39.1541267119332],[-120.930996462382,39.154132095772],[-120.930996839494,39.1541374812257],[-120.930997287132,39.1541428673254],[-120.930997875822,39.1541482547169],[-120.930998535866,39.1541535878436],[-120.930999371811,39.1541589500406],[-120.931000313544,39.1541643132065],[-120.93100136148,39.1541696498859],[-120.931002551298,39.1541749329464],[-120.931003811226,39.1541802441082],[-120.931005247884,39.1541855294295],[-120.931006826009,39.1541907885873],[-120.931008440226,39.1541959931572],[-120.931010265605,39.1542012271203],[-120.931012127078,39.1542064064956],[-120.931014130017,39.1542115597074],[-120.931016273593,39.1542167416663],[-120.931018489354,39.1542218144496],[-120.931020810904,39.1542268882019],[-120.931023274336,39.1542319083351],[-120.931025878819,39.1542369297602],[-120.931028554658,39.1542418969203],[-120.931031372379,39.1542468104615],[-120.931034296304,39.1542516975161],[-120.931037291169,39.1542565577612],[-120.931040427917,39.1542613643873],[-120.93104363519,39.1542661716592],[-120.931049750623,39.1542745752593],[-120.931844280653,39.1553713745065],[-120.931855667651,39.1553880365969],[-120.931861835567,39.1553976488347],[-120.931867790661,39.1554073415021],[-120.931873533346,39.1554170871436],[-120.931879062794,39.1554269406701],[-120.931884379833,39.1554368471709],[-120.931889448787,39.1554468337786],[-120.931894269654,39.1554569004933],[-120.931898913375,39.155467020505],[-120.931903274162,39.1554771928456],[-120.931907492652,39.1554874462614],[-120.931911358093,39.1554977239054],[-120.931915081238,39.1555080826246],[-120.931918521448,39.1555184936729],[-120.931921750077,39.1555289027849],[-120.931924730619,39.155539392004],[-120.931927498751,39.1555499341976],[-120.931930019211,39.1555605290431],[-120.931932293656,39.1555710667189],[-120.931934320013,39.1555816845019],[-120.93193613396,39.1555923552594],[-120.9319376658,39.1556030234354],[-120.931938985644,39.1556137171306],[-120.931940093907,39.1556244088895],[-120.931940919647,39.1556351255224],[-120.931941497713,39.1556458948071],[-120.931941829764,39.1556566069222],[-120.931941949818,39.1556673445566],[-120.931941787349,39.1556781070648],[-120.93194137845,39.1556888398587],[-120.931940793232,39.1556995710392],[-120.931939872595,39.1557103266095],[-120.93193888226,39.1557210266236],[-120.931937451543,39.1557316951487],[-120.931935879357,39.1557423898383],[-120.93193406074,39.1557530548137],[-120.931931996105,39.1557636626195],[-120.93192968421,39.1557742956217],[-120.931927126712,39.1557848439988],[-120.931924322782,39.1557953626616],[-120.931921342533,39.1558058797109],[-120.931918081417,39.1558163118124],[-120.931914573869,39.1558267141995],[-120.931910855152,39.1558370871949],[-120.931906855153,39.1558474026978],[-120.931902679664,39.1558576616763],[-120.931900560593,39.1558625300167],[-120.931898371409,39.1558673702562],[-120.931896041998,39.1558721542942],[-120.931893607211,39.1558769099086],[-120.931891067047,39.1558816370995],[-120.931888456769,39.1558863361895],[-120.93188570668,39.1558909516225],[-120.931882850799,39.1558955660873],[-120.931879889541,39.1559001521286],[-120.931876858999,39.1559046551582],[-120.931873686987,39.1559091843523],[-120.931870446105,39.1559136030794],[-120.931867099431,39.1559180208382],[-120.931863647795,39.155922382718],[-120.931860091197,39.1559266887189],[-120.931856429221,39.155930966296],[-120.931852697546,39.1559351883169],[-120.93184882606,39.1559393266807],[-120.931844919724,39.1559434372663],[-120.931840908425,39.1559474919728],[-120.931836756485,39.1559515179329],[-120.931832570939,39.1559554337486],[-120.931828279602,39.155959348596],[-120.931823919394,39.1559631529763],[-120.931819454224,39.1559669014775],[-120.931814953789,39.1559706496558],[-120.931810278694,39.1559742863987],[-120.931805533899,39.1559778675853],[-120.931800754669,39.1559813935382],[-120.931795941005,39.1559848642574],[-120.931790987113,39.1559882787747],[-120.931785964352,39.1559915828248],[-120.931780836628,39.1559948309957],[-120.931775674883,39.1559979964776],[-120.931770478703,39.1560011067257],[-120.931765142297,39.1560041607719],[-120.93175977187,39.1560071321289],[-120.931754331745,39.1560100479294],[-120.931748822749,39.1560128532628],[-120.931743279318,39.1560156033623],[-120.931737701452,39.1560182982281],[-120.931731948926,39.1560208816583],[-120.931726197227,39.1560234101775],[-120.931720411508,39.1560258560075],[-120.931714556505,39.1560282188256],[-120.931708667482,39.1560304989546],[-120.931702708759,39.1560327235269],[-120.931696716431,39.1560348379547],[-120.931690689668,39.1560368971487],[-120.931684594035,39.1560388458753],[-120.931623563427,39.1560585795767],[-120.931563049719,39.1560791142941],[-120.931502981966,39.1561004768378],[-120.931443360582,39.1561226397534],[-120.931384326204,39.1561456317882],[-120.931325738607,39.1561693967409],[-120.931267738844,39.1561939359036],[-120.931181135123,39.1562325467954],[-120.931173542201,39.1562355526922],[-120.931168931767,39.1562372404008],[-120.93116425039,39.1562389549187],[-120.931159535408,39.156240559292],[-120.931154821256,39.1562421087544],[-120.931150037405,39.15624360266],[-120.931145254798,39.1562450141993],[-120.931140402079,39.1562463976371],[-120.931135515754,39.1562476709304],[-120.931130629844,39.156248916768],[-120.931125709914,39.1562500799164],[-120.931120791228,39.1562511606984],[-120.931115803259,39.1562521584683],[-120.93111078044,39.1562531284596],[-120.93110579413,39.1562540164076],[-120.931100738536,39.1562548213433],[-120.931095719035,39.156255571691],[-120.931090594572,39.1562562661589],[-120.931085576731,39.1562569066847],[-120.931080490435,39.1562574092875],[-120.931075369291,39.1562578841118],[-120.931070284239,39.1562583043481],[-120.93106512949,39.1562586690274],[-120.931060011664,39.1562589242081],[-120.931054859403,39.1562591241548],[-120.931049743236,39.1562592695134],[-120.931044593049,39.1562593321828],[-120.931039479371,39.1562593128088],[-120.931039161996,39.1562593099022],[-120.931034366522,39.1562592385239],[-120.931029219654,39.1562590815496],[-120.931024108879,39.1562588699873],[-120.931018964085,39.1562585757358],[-120.93101385497,39.1562582543515],[-120.931008747514,39.1562578231456],[-120.931003641303,39.1562573095734],[-120.930998606449,39.1562567417361],[-120.930993501897,39.156256118342],[-120.930988469118,39.1562554132274],[-120.930983437168,39.1562546532018],[-120.930978406463,39.15625381081],[-120.930973411437,39.1562529412855],[-120.930968488598,39.1562519625853],[-120.930963461212,39.1562509005499],[-120.930958540033,39.1562498120277],[-120.930953655362,39.1562486414623],[-120.9309488072,39.1562473888535],[-120.930943924604,39.1562460810108],[-120.930939113365,39.1562447189032],[-120.93093433822,39.1562433022076],[-120.93092956432,39.1562418031456],[-120.930924862608,39.156240194908],[-120.930920196574,39.1562385595379],[-120.930915566219,39.1562368970351],[-120.930910936695,39.1562351796214],[-120.930906379357,39.1562333530321],[-120.930901858114,39.1562314718549],[-120.930897372964,39.1562295360897],[-120.930892959173,39.1562275460596],[-120.930888581889,39.1562254739863],[-120.9308842407,39.1562233473251],[-120.930879899926,39.1562211932083],[-120.930875666188,39.1562189576943],[-120.930871503809,39.1562166679154],[-120.930867377523,39.1562143235487],[-120.930863252482,39.1562118968156],[-120.930859233232,39.1562094710515],[-120.930855285756,39.1562069635672],[-120.930851374788,39.1562043740396],[-120.930847534763,39.1562017577026],[-120.930843730417,39.1561991142331],[-120.930839962995,39.156196361265],[-120.930836301365,39.1561936092658],[-120.930832711507,39.1561907755465],[-120.930829157329,39.1561879146947],[-120.929880947079,39.1555939875689],[-120.929871233094,39.1555879947829],[-120.929861340717,39.1555821376565],[-120.929851305211,39.1555764165128],[-120.929841197102,39.1555708319983],[-120.929830945865,39.1555653834666],[-120.929820586348,39.1555600986962],[-120.929810048853,39.1555549221297],[-120.929799509283,39.155549882839],[-120.929788720378,39.1555450060163],[-120.929777894134,39.1555402661461],[-120.929766924347,39.1555356897137],[-120.92975591722,39.1555312502337],[-120.929744731285,39.1555269738682],[-120.929733543276,39.1555228347785],[-120.929722176873,39.1555188313478],[-120.929710772301,39.1555150197802],[-120.929699259863,39.1555113445182],[-120.92968770967,39.1555078336639],[-120.929676015933,39.1555044862473],[-120.929664284856,39.1555012757829],[-120.929652480762,39.1554982294028],[-120.929640568386,39.1554953467836],[-120.929628653519,39.1554926288953],[-120.929616665218,39.1554901025467],[-120.929604639993,39.155487685695],[-120.92959250607,39.1554854600594],[-120.929580334809,39.1554833713759],[-120.929568124961,39.1554815020108],[-120.929555913452,39.1554797424659],[-120.92954362851,39.1554781744605],[-120.929531305396,39.1554767983179],[-120.929518980206,39.1554755594509],[-120.929506582413,39.1554744572126],[-120.929494181297,39.1554735746159],[-120.929481777688,39.1554728567502],[-120.929469336739,39.1554722758365],[-120.929456893298,39.1554718596537],[-120.929444446949,39.1554716356572],[-120.929431998107,39.1554715763917],[-120.929419546358,39.1554717093124],[-120.929407092531,39.1554719795085],[-120.929389518851,39.1554726420876],[-120.928597908104,39.155417530588],[-120.926754790279,39.1552892089915],[-120.926745277078,39.15528859979],[-120.926735761795,39.1552881278646],[-120.926726209167,39.1552877928909],[-120.926716654873,39.1552875677378],[-120.926707063233,39.1552874795366],[-120.926697540037,39.1552875292599],[-120.926687979079,39.1552877433902],[-120.926678417288,39.1552880124306],[-120.926668888261,39.1552884465266],[-120.926659392415,39.1552890182229],[-120.926649859223,39.155289726871],[-120.926640359628,39.155290545664],[-120.92663085795,39.155291501733],[-120.926621425132,39.1552925682714],[-120.926612025495,39.15529377241],[-120.926602588512,39.1552951135005],[-120.926593220389,39.1552965650601],[-120.926583885446,39.1552981542202],[-120.9265745841,39.1552998535253],[-120.926565315934,39.1553016904307],[-120.926556080949,39.1553036649366],[-120.926546950087,39.155305750236],[-120.926537817974,39.1553079179009],[-120.926528753056,39.1553103058566],[-120.926519722567,39.1553127490466],[-120.926510725674,39.1553153023817],[-120.926501832072,39.1553180214213],[-120.926492972066,39.155320850606],[-120.926484251447,39.1553237909087],[-120.926475493897,39.155326840708],[-120.926466840054,39.1553300287564],[-120.926458255487,39.1553332998189],[-120.926449775043,39.1553366816753],[-120.926441362209,39.1553402563673],[-120.926433054331,39.1553438869425],[-120.926424744786,39.1553476273385],[-120.926422187281,39.1553488257483],[-120.926416575044,39.1553514513974],[-120.926408544271,39.15535541403],[-120.926400546678,39.1553595142632],[-120.926392618361,39.1553636975107],[-120.926384829847,39.1553679644212],[-120.926377109776,39.1553723692567],[-120.926369458564,39.1553768845618],[-120.926361982002,39.1553815113098],[-120.926354610813,39.1553861664858],[-120.926347272386,39.1553909867179],[-120.926340038915,39.1553958628333],[-120.926332980094,39.1554008503917],[-120.926326061076,39.1554059216132],[-120.926319175237,39.1554111304355],[-120.926312464881,39.1554163957901],[-120.926305823384,39.1554217716145],[-120.926299356954,39.1554272314266],[-120.926292995063,39.1554327745776],[-120.926286737711,39.1554384010675],[-120.926280620579,39.1554440837653],[-120.926274177742,39.1554503126504],[-120.926227618141,39.1554971415917],[-120.926182001426,39.1555445832914],[-120.926137539178,39.1555926396974],[-120.926094161289,39.1556412827067],[-120.926051867343,39.1556905397757],[-120.926010659008,39.1557403010843],[-120.925970605979,39.1557906221932],[-120.925931637731,39.1558415024548],[-120.925893896153,39.1558928882573],[-120.925853093581,39.1559507537057],[-120.92584024792,39.1559698569212],[-120.925827822915,39.1559891287617],[-120.925815818984,39.156008541772],[-120.925804235293,39.156028150863],[-120.925793143622,39.1560478743179],[-120.92578240208,39.1560677657493],[-120.925772222669,39.1560877996492],[-120.925762429069,39.1561079743951],[-120.925753127907,39.15612823605],[-120.925744246986,39.1561486937862],[-120.925735824073,39.1561691831964],[-120.925727892348,39.1561898418819],[-120.925720418214,39.1562105596969],[-120.925713400421,39.1562314190076],[-120.925706875902,39.1562523103171],[-120.92570077246,39.1562733427978],[-120.92569519714,39.1562944350575],[-120.925690079829,39.1563155589917],[-120.925685418862,39.1563368244219],[-120.925681251587,39.1563580943959],[-120.92567757717,39.1563794238245],[-120.925674360349,39.1564008123833],[-120.925671636804,39.1564222329413],[-120.925669406536,39.1564436854988],[-120.925667634697,39.1564651422757],[-120.925666356137,39.156486631052],[-120.925666303155,39.1564877975799],[-120.925665535591,39.1565081515033],[-120.925665243587,39.1565297042785],[-120.925665375585,39.156551206038],[-120.925666071807,39.1565727129908],[-120.925667226462,39.1565942241631],[-120.92566880512,39.1566156843195],[-120.925670948004,39.1566371496692],[-120.925673480045,39.1566585362232],[-120.925676611576,39.1566799282949],[-120.925680131848,39.1567012690261],[-120.925684182334,39.1567225322598],[-120.925688656826,39.1567437444775],[-120.925693625851,39.1567649063283],[-120.925699090245,39.1567859629014],[-120.925705013493,39.1568069962384],[-120.925711432527,39.1568278968422],[-120.925723449203,39.1568634023346],[-120.925724630505,39.1568669005239],[-120.925725370465,39.1568692688244],[-120.925726075161,39.1568716368004],[-120.925726708911,39.1568740315826],[-120.92572727255,39.1568763982603],[-120.925727765244,39.1568787917442],[-120.925728257522,39.1568812126834],[-120.92572867927,39.1568836329736],[-120.925729030491,39.1568860526145],[-120.925729311183,39.1568884716064],[-120.925729591459,39.1568909180536],[-120.925729801206,39.1568933638516],[-120.925729905577,39.1568957812207],[-120.925730009948,39.1568981985896],[-120.925730042958,39.1569006702202],[-120.92573004112,39.1569031140709],[-120.925729933489,39.1569055569478],[-120.925729826275,39.1569079723694],[-120.925729648116,39.1569104145973],[-120.925729399846,39.1569128287206],[-120.92572908063,39.1569152696502],[-120.925728726567,39.1569176827998],[-120.925728336823,39.1569201230803],[-120.925727876967,39.1569225352562],[-120.925727346583,39.156924946783],[-120.925726816616,39.1569273308544],[-120.925726145175,39.1569297410829],[-120.925725474151,39.1569321238561],[-120.925724768279,39.1569344788494],[-120.925723956198,39.1569368603242],[-120.925723144534,39.1569392143438],[-120.925722262758,39.1569415402588],[-120.925721310037,39.1569438929801],[-120.925720323302,39.1569461630107],[-120.925719300052,39.1569485150828],[-120.925718207942,39.1569507566843],[-120.925717044469,39.1569530525474],[-120.925715846566,39.1569552931752],[-120.925714578134,39.1569575331539],[-120.925713274437,39.156959772808],[-120.925711935894,39.1569619846821],[-120.925710562503,39.1569641687763],[-120.925709083319,39.1569663518967],[-120.925707604969,39.1569684801065],[-120.925706091355,39.1569706079916],[-120.925704471948,39.1569727349031],[-120.925702853374,39.1569748069037],[-120.925701164272,39.1569768782552],[-120.925699405059,39.1569789215022],[-120.925697646262,39.1569809372939],[-120.925695852618,39.1569829253055],[-120.925693954014,39.1569848574327],[-120.925692054994,39.1569868170152],[-120.925690121544,39.1569887213625],[-120.925688117564,39.1569906250605],[-120.925686079154,39.1569924735232],[-120.92568400548,39.1569943216613],[-120.925681862111,39.1569961142395],[-120.925679718742,39.1569979068177],[-120.925677540942,39.1569996441605],[-120.92567525735,39.1570013805296],[-120.925673009856,39.1570030623125],[-120.925670656985,39.1570047156662],[-120.925668339796,39.1570063418892],[-120.925665987759,39.1570079403322],[-120.925663565611,39.1570095106705],[-120.925661073767,39.157011025449],[-120.925658582341,39.1570125127721],[-120.925656126595,39.1570139729643],[-120.925653494946,39.1570154040782],[-120.925650898977,39.1570168080613],[-120.92564837437,39.1570181577829],[-120.925645638595,39.1570194781014],[-120.925642973765,39.1570207716137],[-120.925640274922,39.1570219824354],[-120.925637575661,39.1570232207123],[-120.925634771442,39.1570244031047],[-120.925632003737,39.1570255034556],[-120.925629236033,39.1570266038064],[-120.925626362535,39.1570277031833],[-120.925623560817,39.1570287208433],[-120.92562065414,39.1570296826188],[-120.925617747462,39.1570306443941],[-120.925614806771,39.1570315234788],[-120.925611866497,39.1570323751081],[-120.92560892664,39.1570331992819],[-120.925554735099,39.1570483247206],[-120.925500850072,39.1570641668948],[-120.925447376933,39.1570807542344],[-120.925394246404,39.1570980037244],[-120.925341598289,39.15711599903],[-120.925289291947,39.1571347113979],[-120.925237397905,39.1571541414778],[-120.92518595226,39.1571742346844],[-120.925134989442,39.1571950462537],[-120.925084509866,39.1572165487309],[-120.925034478685,39.1572387143366],[-120.924978501171,39.1572645870626],[-120.924968520132,39.1572692181147],[-120.924961206029,39.1572724183925],[-120.924953823065,39.1572755081989],[-120.92494644177,39.1572784881834],[-120.924938920668,39.1572813845022],[-120.924931400817,39.1572841984545],[-120.924923777258,39.1572868741551],[-120.924916084422,39.1572894668396],[-120.924908393253,39.1572919497023],[-120.924900597543,39.1572943492239],[-120.92489273339,39.1572966108186],[-120.924884870487,39.1572987900468],[-120.924876903877,39.1573008310233],[-120.924868973783,39.157302789958],[-120.924860939563,39.1573046380963],[-120.924852836484,39.157306375763],[-120.924844770338,39.1573080039326],[-120.924836635748,39.1573094941752],[-120.924828467145,39.1573109017265],[-120.924820264947,39.1573121991309],[-120.924812064417,39.1573133867134],[-120.924803795445,39.1573144363688],[-120.924795562988,39.1573154039826],[-120.924787261671,39.1573162611247],[-120.924778962441,39.1573169809894],[-120.924770629197,39.1573176181627],[-120.92476229804,39.1573181180586],[-120.924753933287,39.1573185078078],[-120.924745605051,39.1573188155151],[-120.924737243636,39.1573189856203],[-120.924728884307,39.1573190184482],[-120.924720526231,39.1573189689094],[-120.924712169823,39.1573188095487],[-120.924703815502,39.1573185129107],[-120.924695462433,39.157318133906],[-120.924687146297,39.1573176454042],[-120.92467886793,39.1573169924947],[-120.92467055555,39.1573162568936],[-120.924662245257,39.1573153840153],[-120.924653971063,39.1573144565506],[-120.924645769485,39.1573133924583],[-120.924637499464,39.157312190439],[-120.924629336489,39.1573109070277],[-120.924585953996,39.1573040269589],[-120.924542350327,39.1572977763972],[-120.924498632107,39.1572921014067],[-120.924454834601,39.1572870023121],[-120.924410922125,39.1572825062437],[-120.924366859414,39.1572786128763],[-120.924322787943,39.1572752960546],[-120.924278601081,39.157272609714],[-120.924234370191,39.1572704995939],[-120.924190094855,39.1572689931495],[-120.924145775072,39.1572680903808],[-120.924101446522,39.1572677641574],[-120.924057143634,39.1572680697151],[-120.924012831559,39.1572689792736],[-120.923968545562,39.1572704931578],[-120.923924321321,39.1572725842375],[-120.923880088309,39.1572752518627],[-120.923835986745,39.1572785522445],[-120.923791981783,39.1572824576026],[-120.923747967627,39.1572869669615],[-120.923704121434,39.1572920270366],[-120.92366044195,39.157297720194],[-120.923616824634,39.1573039630922],[-120.923573374025,39.157310839073],[-120.923530091374,39.1573182657705],[-120.923486975845,39.1573262980957],[-120.923444062702,39.1573349363739],[-120.923386382883,39.1573474749328],[-120.923383940448,39.1573480565064],[-120.923381497596,39.1573486655352],[-120.92337908959,39.1573493023445],[-120.923376680748,39.1573499940646],[-120.923374236642,39.1573506854592],[-120.923371862229,39.1573514324151],[-120.923369487399,39.1573522068262],[-120.923367147415,39.1573530090179],[-120.923364841859,39.1573538664456],[-120.923362571568,39.1573547241984],[-120.923360230331,39.157355608756],[-120.92335792394,39.1573565210942],[-120.923355687242,39.1573574889935],[-120.92335348539,39.1573584846735],[-120.923351283121,39.1573595078087],[-120.923349080434,39.1573605583993],[-120.92334694744,39.157361664551],[-120.923344779599,39.1573627429221],[-120.923342681034,39.1573639043097],[-120.923340760044,39.1573649849577],[-120.923340617732,39.1573650660226],[-120.923338554014,39.1573662551907],[-120.923336525141,39.1573674721395],[-120.923334531115,39.1573687168689],[-120.923332500989,39.1573700161836],[-120.923330611921,39.1573713167995],[-120.92332868717,39.1573726445453],[-120.923326797266,39.1573740000717],[-120.923324977472,39.1573753837041],[-120.923323121997,39.1573767944665],[-120.923321336632,39.1573782333347],[-120.92331958695,39.1573796450729],[-120.92331787086,39.1573811669577],[-120.923316155606,39.1573826339318],[-120.923314510046,39.1573841564672],[-120.923312864067,39.1573857064578],[-120.923311288617,39.157387257099],[-120.923309747596,39.1573888629762],[-120.923308241421,39.1573904966341],[-120.923306735664,39.1573921028365],[-120.923305264754,39.1573937368196],[-120.923303863537,39.1573954263639],[-120.923302497584,39.1573971162334],[-120.923301201742,39.1573988342089],[-120.9232999059,39.1574005521845],[-120.923298680586,39.1574022708106],[-120.923297419173,39.157404044022],[-120.923296228288,39.157405817884],[-120.923294891332,39.1574079199089],[-120.923058963912,39.1580434830455],[-120.923057012132,39.1580489019569],[-120.923055201411,39.1580543221696],[-120.92305353133,39.1580597711391],[-120.923051931779,39.1580652207595],[-120.923050508552,39.1580706720066],[-120.923049155017,39.1580761788151],[-120.923047942124,39.1580817143804],[-120.923046905554,39.1580872515726],[-120.923045939514,39.1580927894155],[-120.923045184644,39.158098356666],[-120.923044429774,39.1581039239166],[-120.923043851646,39.1581094653386],[-120.923043413741,39.1581150629729],[-120.92304308163,39.1581206615832],[-120.923042890578,39.158126261495],[-120.923042805321,39.158131862383],[-120.92304286154,39.1581374371172],[-120.923043023554,39.1581430128274],[-120.92304332621,39.1581486172945],[-120.923043770342,39.1581541956078],[-120.923044320269,39.1581597748972],[-120.923045011255,39.1581653554881],[-120.923045808454,39.1581709095998],[-120.923046747129,39.1581764375577],[-120.9230477916,39.1581819664917],[-120.923048977548,39.1581874692718],[-120.92305026929,39.158192973028],[-120.923051702092,39.1581984780857],[-120.923053241524,39.1582039292088],[-120.923054886333,39.1582094087634],[-120.923056708721,39.1582148075788],[-120.923058637739,39.1582201524596],[-120.923060707398,39.1582255260973],[-120.923062777476,39.1582308722795],[-120.923065059979,39.1582361655033],[-120.923067483542,39.1582414600285],[-120.923070014153,39.1582466731637],[-120.923072580448,39.1582518591689],[-120.923075358331,39.1582570471263],[-120.923078207581,39.1582621808237],[-120.923081163462,39.1582672605864],[-120.92308426082,39.1582723141951],[-120.92308746481,39.1582773138692],[-120.923090810695,39.1582822599341],[-120.923094227528,39.1582871791942],[-120.923097750991,39.1582920445196],[-120.923101380668,39.1582968833656],[-120.923105152659,39.158301641147],[-120.92311235653,39.1583103297958],[-120.92356790499,39.1589499099107],[-120.924144047913,39.1593716951146],[-120.9245230466,39.1598252162074],[-120.924820817088,39.160181551194],[-120.924826148301,39.1601881630429],[-120.924829330586,39.1601922837719],[-120.924832406657,39.1601964309817],[-120.924835376096,39.1602006321276],[-120.924838239321,39.1602048597542],[-120.924841031597,39.1602091141864],[-120.924843716825,39.16021345001],[-120.924846367204,39.1602177580534],[-120.924848804737,39.1602221465138],[-120.924851171321,39.1602265617797],[-120.924853466956,39.1602310038512],[-120.924855691643,39.1602354727284],[-120.924857774433,39.1602399952169],[-120.924859821957,39.1602445173805],[-120.924861657051,39.1602490925057],[-120.924863421614,39.1602536669813],[-120.924865115646,39.1602582408071],[-120.924866738311,39.160262868894],[-120.924868148965,39.1602675224872],[-120.924869559201,39.1602722035357],[-120.924870828374,39.1602768832849],[-120.924871956067,39.16028158919],[-120.924873012811,39.1602863219009],[-120.924873963757,39.1602910536372],[-120.924874844172,39.1602957847239],[-120.924875583106,39.1603005419667],[-120.924876181394,39.1603052704548],[-120.924876707482,39.1603101081145],[-120.924877129023,39.1603148624338],[-120.924877444767,39.1603196157786],[-120.924877653879,39.1603244230596],[-120.924877722345,39.160329201586],[-120.924877719861,39.160334006918],[-120.924877576731,39.1603387834954],[-120.924877362652,39.1603435868785],[-120.924877007927,39.160348361507],[-120.92487658267,39.1603531354858],[-120.924876086881,39.160357908815],[-120.924875379497,39.1603626801952],[-120.924874566315,39.1603674506009],[-120.924873718284,39.1603721932265],[-120.924872729606,39.1603769070975],[-120.924871670814,39.1603815928634],[-120.924870505807,39.1603863051102],[-120.924869200153,39.1603909886023],[-120.924867753435,39.1603956707951],[-120.924866271868,39.1604003252078],[-120.924864684921,39.1604049511906],[-120.924862922061,39.1604095480939],[-120.924861124352,39.160414117217],[-120.924859185996,39.1604186575854],[-120.924857212375,39.160423197629],[-120.924855045207,39.1604277084307],[-120.924852807925,39.1604321911273],[-120.924850518578,39.160436618426],[-120.924848123432,39.1604410447501],[-120.924845588475,39.1604453874089],[-120.924842948136,39.1604497016377],[-120.924840272532,39.1604540155417],[-120.92483745628,39.1604583006909],[-120.924834570331,39.1604625302798],[-120.924831544152,39.1604667036585],[-120.924828447857,39.1604708489323],[-120.924825281448,39.1604749661008],[-120.92482197481,39.1604790270593],[-120.924818598473,39.1604830324574],[-120.924815152021,39.1604870097503],[-120.924811635872,39.1604909314828],[-120.924808014758,39.16049479733],[-120.924804252998,39.1604986344224],[-120.924800457223,39.1605023888238],[-120.924796591751,39.1605060876648],[-120.924792620479,39.1605097855311],[-120.924788545079,39.1605133726013],[-120.924784399146,39.1605169590218],[-120.924780219616,39.1605204352959],[-120.924775935123,39.1605238556847],[-120.924771545248,39.1605272476434],[-120.924767085258,39.1605306114969],[-120.924762592087,39.1605338377487],[-120.924758028802,39.1605370358953],[-120.924753325287,39.1605401778317],[-120.924748622606,39.1605432648572],[-120.924743815379,39.1605462685419],[-120.92473897372,39.1605492169909],[-120.924734062362,39.1605521098793],[-120.924729011193,39.1605549191021],[-120.924723996541,39.1605576462836],[-120.924718876925,39.1605603175795],[-120.924713687611,39.1605629333149],[-120.924708429017,39.1605654660342],[-120.924703171674,39.1605679163874],[-120.924517502041,39.1606528257763],[-120.923393547763,39.1611667974591],[-120.921179155988,39.1621793666982],[-120.920724967683,39.1623870431419],[-120.920574577339,39.1624558107286],[-120.920486310817,39.1624961695033],[-120.920399284615,39.1625095610436],[-120.920147610297,39.1625482845618],[-120.919410740807,39.1626616406057],[-120.917834782335,39.1629040726499],[-120.916192662734,39.1631566606979],[-120.913841734351,39.1635182220216],[-120.912682339348,39.1636965123314],[-120.911951067418,39.1638089674704],[-120.911057578374,39.1639463481094],[-120.910231956076,39.1636517494997],[-120.909603311921,39.1634274272189],[-120.909199568345,39.1633998204977],[-120.908589660626,39.1636372434225],[-120.908278010635,39.1639514830412],[-120.908210219712,39.1640198402802],[-120.908140240463,39.1645864930203],[-120.908061094624,39.1649528273894],[-120.907837725355,39.1651414282081],[-120.907225470276,39.1652829208627],[-120.90722315151,39.1652834620699],[-120.906430041183,39.1654857957474],[-120.906158267653,39.1656357990841],[-120.905927887588,39.1658815281307],[-120.905942576676,39.166120025462],[-120.906096897158,39.1664361129943],[-120.906144343686,39.1668967189435],[-120.906160798375,39.1670564522844],[-120.906178392592,39.1671151189735],[-120.906197195187,39.1671777648359],[-120.90631940045,39.1672543676976],[-120.906451946798,39.1673374652932],[-120.906743746366,39.1674760665089],[-120.907408768463,39.1678362553603],[-120.908160282124,39.1682473074118],[-120.908928928816,39.1686641849624],[-120.908997506738,39.1689830366217],[-120.908997129725,39.1693048135065],[-120.908993572243,39.1698339460856],[-120.908983888103,39.1700638673723],[-120.908834340971,39.1702305198299],[-120.90811906788,39.1704455100458],[-120.905261005368,39.1719570484427],[-120.905016956323,39.172086110675],[-120.90056544481,39.1741074887138],[-120.895552312179,39.1764094844437],[-120.893292711639,39.1753542346161],[-120.892599463423,39.1758324945321],[-120.890745173715,39.1771117075935],[-120.887446097506,39.1766842863794],[-120.886085757503,39.1765080155384],[-120.884480304756,39.1779692109129],[-120.884116282152,39.1783005151727],[-120.882486838742,39.1784670125804],[-120.881406697661,39.1785733845757],[-120.880853232057,39.1786240975416],[-120.880550141795,39.1786518638775],[-120.880075813022,39.1785485441952],[-120.87917698001,39.1783527157225],[-120.878648177454,39.1782374991202],[-120.878223761857,39.1781450308189],[-120.877703917679,39.1783503453817],[-120.876325610498,39.1788946896602],[-120.875082604176,39.1793855677307],[-120.875076391068,39.1793880203905],[-120.874489604198,39.1796197368649],[-120.87435008191,39.1796532925298],[-120.874002407242,39.179724272297],[-120.873569657885,39.1798126220538],[-120.873233362777,39.1797760004049],[-120.872819198544,39.1796289949771],[-120.872509758897,39.1794448447629],[-120.872163564012,39.1792603523963],[-120.871895390187,39.1791767155908],[-120.871569133904,39.179278443494],[-120.871206213654,39.1793750518523],[-120.870643972503,39.1796794788841],[-120.870260538722,39.1799093653926],[-120.870148164517,39.179936162897],[-120.869953112302,39.179982658461],[-120.869521151591,39.1801834740606],[-120.869013158811,39.1805408657509],[-120.868643747868,39.1810426059978],[-120.868446876687,39.1814792913195],[-120.86832632354,39.1817403177155],[-120.868412615874,39.182089158989],[-120.868597847,39.1825489469597],[-120.868624706311,39.182615617429],[-120.869024526731,39.1832773596038],[-120.869449768983,39.1838821487852],[-120.86954923703,39.1841996482659],[-120.869551911982,39.1842486202646],[-120.869572586947,39.1846283483416],[-120.869547943388,39.1847242582929],[-120.869482665176,39.1849783519345],[-120.869330498487,39.1850924545144],[-120.869326023533,39.1850931800412],[-120.869034866037,39.1851405283692],[-120.868659401164,39.1851457879181],[-120.868061313788,39.1851764849009],[-120.867616910694,39.1852012004171],[-120.867290617825,39.1852689353991],[-120.867072493121,39.1854320415357],[-120.86708433643,39.1856089939858],[-120.867167928324,39.1858157493246],[-120.867343507794,39.1860884753146],[-120.867486583667,39.186449853706],[-120.867393166953,39.1867088493325],[-120.867064102803,39.1868389991585],[-120.866487897906,39.1869322055428],[-120.865988358308,39.1870257966896],[-120.86553549644,39.1871261273793],[-120.86519199503,39.1872760945761],[-120.865060897752,39.1874727192204],[-120.865063812971,39.1877483834209],[-120.865063895927,39.187752008847],[-120.865169677666,39.1881501249873],[-120.865466765147,39.1882366526562],[-120.865946331636,39.1882581710293],[-120.866411485929,39.1883225212202],[-120.866842021199,39.1886470393227],[-120.867046619894,39.1889346279933],[-120.866954591469,39.1892277959314],[-120.866930832541,39.1893034077773],[-120.866613079386,39.1896649002729],[-120.866313774736,39.1898614861611],[-120.866269157841,39.1898734645654],[-120.865593173336,39.1900546933043],[-120.865126255147,39.1901831415328],[-120.864537364975,39.1904294102706],[-120.864032987093,39.190578660982],[-120.863714955184,39.1906465763708],[-120.863663292225,39.1906599954824],[-120.863479794046,39.1906649921581],[-120.863350380753,39.1906705424593],[-120.86318183716,39.1907088824394],[-120.862978290378,39.1907800795752],[-120.8627072472,39.1908640191297],[-120.862540425692,39.1909488085242],[-120.8623914936,39.1910073012587],[-120.862315802574,39.1911061035867],[-120.862212267765,39.1912642760309],[-120.862155430566,39.1914062356484],[-120.862079138188,39.191518239853],[-120.862094967743,39.1917921351659],[-120.862070522924,39.191914378859],[-120.861738360841,39.1920627715298],[-120.861521337315,39.1921049614171],[-120.861446453226,39.192119526133],[-120.861192346031,39.1922064281776],[-120.860808003547,39.1923200951547],[-120.860622099226,39.1924478615937],[-120.860471481015,39.1925362385599],[-120.860365643459,39.1927471360931],[-120.860426634802,39.1931523979446],[-120.860539574948,39.1932726867708],[-120.860598712378,39.193404367855],[-120.860695075501,39.1936019435213],[-120.860798440753,39.1938413254197],[-120.860833938702,39.1940144725824],[-120.860905598253,39.1942177382494],[-120.860944848736,39.1943660713696],[-120.860964937626,39.1944388420245],[-120.860987490915,39.1945952225699],[-120.861029813705,39.1946897655463],[-120.860988269128,39.1948919544577],[-120.860909305877,39.195040164258],[-120.860761242688,39.1951996172425],[-120.860482906004,39.1953637576165],[-120.860220649379,39.1954803713449],[-120.859930037485,39.1955324119281],[-120.859714187918,39.1956039227162],[-120.859519439025,39.195668966584],[-120.859149542,39.1959161387216],[-120.859090882797,39.1959626307717],[-120.858870275844,39.1961374637618],[-120.858510849374,39.1963871663487],[-120.858355992922,39.1964947481083],[-120.858104825621,39.196873673596],[-120.857834485154,39.1973000802259],[-120.857699910555,39.1976658387892],[-120.857761160044,39.1977737209987],[-120.857873176229,39.1979710537695],[-120.858067631904,39.1982589841367],[-120.858123322695,39.1986051576936],[-120.85811831942,39.1989149721742],[-120.858091981252,39.1991232810372],[-120.857979039291,39.1993010322149],[-120.857853447088,39.199498320359],[-120.857848034041,39.199506807234],[-120.857701565823,39.1997369107445],[-120.857332952883,39.2000350265683],[-120.857123941184,39.200538354293],[-120.857304440077,39.2009454868294],[-120.857477641525,39.201120750865],[-120.857483457523,39.2011255582001],[-120.857509285195,39.2011455677438],[-120.857534277212,39.2011637842596],[-120.85755993046,39.2011814855132],[-120.857586120329,39.2011987389332],[-120.857612792339,39.2012156400936],[-120.857639804235,39.2012322562507],[-120.85766710198,39.2012486555236],[-120.857694560743,39.2012649190689],[-120.857722108621,39.2012811285607],[-120.857749638424,39.2012973653282],[-120.857777078473,39.2013136973185],[-120.857804303936,39.2013302056883],[-120.857831225488,39.2013469582123],[-120.857857771007,39.2013640502924],[-120.857883833746,39.2013815358036],[-120.857909306517,39.2013994960754],[-120.857934117196,39.2014180265103],[-120.857965559769,39.2014432943713],[-120.857995626999,39.2014695922246],[-120.858024284044,39.2014968922715],[-120.858051496503,39.2015251392583],[-120.858077194913,39.2015542638586],[-120.858101362072,39.2015842384464],[-120.858123928073,39.2016150211502],[-120.858144876601,39.2016465294338],[-120.858165973019,39.2016819932822],[-120.858184922449,39.2017181912644],[-120.858201620583,39.2017550262546],[-120.858215945244,39.2017924146818],[-120.858227792123,39.2018302594199],[-120.858237021844,39.2018684492706],[-120.858243565382,39.2019068874524],[-120.858247283139,39.2019454764943],[-120.858248158284,39.2019743309247],[-120.858247607094,39.2019964439108],[-120.858247445101,39.202003197287],[-120.858245215046,39.2020320213615],[-120.85824148554,39.2020608170479],[-120.858236345904,39.2020895165713],[-120.858229831647,39.202118106549],[-120.858221995916,39.2021465737709],[-120.858212892527,39.2021748638445],[-120.858201232806,39.2022062867327],[-120.858194447436,39.2022221604549],[-120.858187991168,39.2022373234554],[-120.858173080948,39.2022678770578],[-120.858156451875,39.2022977822926],[-120.858138034925,39.2023269423772],[-120.858117744097,39.2023552191742],[-120.858095528899,39.2023824611632],[-120.858071302887,39.2024085576614],[-120.858046552624,39.202432150243],[-120.858020334941,39.2024548223185],[-120.857993033779,39.2024768385032],[-120.857965051384,39.2024984224031],[-120.857936772362,39.202519797452],[-120.857908580431,39.2025412419936],[-120.857880860417,39.2025629657352],[-120.857853996705,39.202585205839],[-120.857834447459,39.2026025198949],[-120.857815544575,39.2026202384267],[-120.857797253211,39.2026383336348],[-120.857779503459,39.202656763647],[-120.857762242832,39.2026755004912],[-120.857745419067,39.2026945024675],[-120.857728979454,39.2027137553311],[-120.857712854086,39.2027332172097],[-120.857696990476,39.2027528601309],[-120.857681336582,39.2027726286673],[-120.857665839473,39.2027925223014],[-120.857650447107,39.2028124856059],[-120.857635071488,39.2028325039906],[-120.857619678217,39.2028525222005],[-120.85760423223,39.2028725261632],[-120.857588628108,39.2028924873884],[-120.857562314546,39.2029254418884],[-120.857535371343,39.2029580469837],[-120.857507694189,39.2029902055464],[-120.857479196641,39.2030218068937],[-120.857449756971,39.2030527399975],[-120.857419306377,39.2030828943473],[-120.857387705044,39.2031121861969],[-120.857354849329,39.2031404772356],[-120.857334411971,39.2031570411219],[-120.857313521641,39.2031732436037],[-120.857292212739,39.2031891399355],[-120.857270555174,39.20320477199],[-120.85724860121,39.203220181467],[-120.857226350403,39.2032353958212],[-120.857203872218,39.2032504843802],[-120.857181219142,39.2032654751165],[-120.857158425575,39.203280423285],[-120.857135544001,39.2032953568583],[-120.857112591179,39.2033103309188],[-120.857089637015,39.2033253873392],[-120.85706669871,39.2033405537471],[-120.857043845728,39.2033558994702],[-120.857021130555,39.2033714524814],[-120.856998552304,39.2033872676904],[-120.856978020136,39.2034020457403],[-120.856957713331,39.2034170731248],[-120.856937719662,39.2034323781622],[-120.856918074639,39.2034479474707],[-120.856898866034,39.2034638093686],[-120.856880147001,39.2034799506468],[-120.856861987892,39.2034963857235],[-120.856844423995,39.2035131149446],[-120.856827560726,39.2035301668011],[-120.856811415731,39.2035475414662],[-120.856781633653,39.2035832489496],[-120.856755588317,39.2036203110425],[-120.856733755218,39.2036587873201],[-120.856719416427,39.2036910487997],[-120.856707923012,39.2037241344461],[-120.856698994677,39.2037579179503],[-120.85669236899,39.2037922594478],[-120.856687766099,39.2038270051741],[-120.856684923127,39.2038620427195],[-120.856683542356,39.2038972318737],[-120.856683379217,39.2039324192173],[-120.856684206121,39.2039674926858],[-120.856686076888,39.2040023978875],[-120.856689097604,39.2040371221312],[-120.856693356933,39.2040716388257],[-120.856698961628,39.2041058940972],[-120.856706017551,39.204139888982],[-120.856714631233,39.2041735833336],[-120.856724891562,39.2042069368332],[-120.856732688469,39.2042289393072],[-120.856741229082,39.2042507843051],[-120.856750477891,39.2042724852088],[-120.85676039961,39.2042940416726],[-120.856770959173,39.2043154396236],[-120.856782103207,39.2043367059984],[-120.856793814068,39.2043578406241],[-120.856806056468,39.2043788431551],[-120.85681879512,39.2043997132459],[-120.856831976872,39.2044204641057],[-120.856845584302,39.2044410818343],[-120.856859581679,39.2044615935409],[-120.856873916294,39.2044819849799],[-120.856888552637,39.2045022695334],[-120.856903455199,39.2045224605832],[-120.856918606781,39.2045425305017],[-120.856918814068,39.2045428071221],[-120.856937048553,39.2045664769026],[-120.856955792947,39.2045902615068],[-120.856974875914,39.2046138434774],[-120.856994332966,39.204637209432],[-120.857014164545,39.2046603319157],[-120.857034423806,39.2046831977187],[-120.857055111415,39.2047057656587],[-120.857076263103,39.204728008626],[-120.857097914158,39.2047499269654],[-120.857120065468,39.2047714657672],[-120.857142770187,39.2047926118215],[-120.857166046401,39.2048133378458],[-120.857189894556,39.2048336163849],[-120.857214385449,39.2048534344018],[-120.857239502101,39.2048727505409],[-120.857265280022,39.2048915514198],[-120.857290165989,39.2049087646639],[-120.857315552875,39.2049255571861],[-120.857341386418,39.2049420108325],[-120.857367559422,39.2049582069318],[-120.857393965136,39.2049741993577],[-120.857420549299,39.204990069957],[-120.857447169648,39.2050058859856],[-120.857473771922,39.2050217292904],[-120.857500267013,39.205037653918],[-120.857526529861,39.2050537547524],[-120.857552506869,39.2050700724582],[-120.857578072755,39.2050867156469],[-120.857603156277,39.2051037248108],[-120.857627667664,39.2051211951791],[-120.857651500164,39.2051391806266],[-120.857674582092,39.2051577491004],[-120.857708040578,39.2051872242351],[-120.857739570477,39.2052181083757],[-120.857769174228,39.2052502505222],[-120.857796924623,39.2052835140921],[-120.857822806014,39.2053177753673],[-120.857846873547,39.2053528975926],[-120.857869164949,39.2053887301124],[-120.857889717723,39.2054251359988],[-120.857903766845,39.2054523069254],[-120.857916859207,39.2054797156272],[-120.857928995032,39.2055073483772],[-120.857940156673,39.2055352050032],[-120.857950309063,39.205563271433],[-120.857959470067,39.205591534112],[-120.857967604174,39.2056200064227],[-120.857974711826,39.2056486609106],[-120.857980757734,39.2056774972308],[-120.857985742118,39.205706501656],[-120.857989664977,39.2057356741864],[-120.857992491022,39.2057650144771],[-120.85799420305,39.2057944949008],[-120.857994800839,39.2058241291849],[-120.857994266964,39.2058539034295],[-120.857992601868,39.2058837901799],[-120.857989243661,39.2059179851943],[-120.857984157875,39.20595206721],[-120.857977154192,39.2059858009631],[-120.857967989581,39.2060189369447],[-120.85795649181,39.206051212608],[-120.857942417851,39.2060823784437],[-120.85792555996,39.2061121852873],[-120.857905728041,39.2061403841462],[-120.857887596072,39.2061616661854],[-120.857867575371,39.2061818863048],[-120.857845893759,39.2062011428384],[-120.857822725238,39.206219588512],[-120.857798244476,39.2062373348698],[-120.857772643563,39.2062545073553],[-120.857746132235,39.2062712315853],[-120.857718867071,39.2062876463863],[-120.857691058249,39.2063038499205],[-120.857662879773,39.2063199949144],[-120.85763454182,39.2063361795307],[-120.857606200526,39.2063525700512],[-120.857578066293,39.2063692509113],[-120.857550330766,39.2063863750111],[-120.857523168836,39.2064040401687],[-120.857496771927,39.2064224130117],[-120.857475480175,39.206438282084],[-120.857454745931,39.2064545959525],[-120.857434500173,39.2064712578353],[-120.857414621163,39.2064881567052],[-120.857395022456,39.2065051818799],[-120.857375617605,39.2065222226775],[-120.85735630252,39.2065391682429],[-120.857336990753,39.2065559078939],[-120.857317577992,39.2065723445028],[-120.857297978013,39.20658835366],[-120.857278086502,39.2066038382376],[-120.857257817014,39.2066186875532],[-120.857215780899,39.2066460237676],[-120.857171071787,39.2066695032603],[-120.857140494627,39.2066822746422],[-120.857109919004,39.2066927669206],[-120.857108605777,39.2066932208767],[-120.857075526087,39.2067025079003],[-120.857041376629,39.206710287922],[-120.857006278473,39.2067167131512],[-120.856970352689,39.206721935797],[-120.856933684839,39.2067261214512],[-120.856896431504,39.206729408941],[-120.856858695665,39.2067319777585],[-120.856820598614,39.2067339663861],[-120.856782243777,39.2067355268611],[-120.856743752001,39.2067368251212],[-120.856705261999,39.2067380135492],[-120.85666685933,39.2067392577379],[-120.856628682929,39.2067406963429],[-120.856590853862,39.2067424815753],[-120.85655352871,39.2067447522638],[-120.856516619692,39.2067474800907],[-120.856480039254,39.2067506230102],[-120.856443752772,39.206754139495],[-120.856407690555,39.2067579739447],[-120.85637181776,39.2067620985593],[-120.856336064918,39.2067664440106],[-120.856300379762,39.2067709685985],[-120.856264692159,39.2067756441769],[-120.856228985574,39.2067804019361],[-120.85619317223,39.2067852135572],[-120.856157200082,39.2067900236124],[-120.856121034729,39.2067947768459],[-120.856084606038,39.2067994451119],[-120.856047861965,39.2068039729819],[-120.856010732821,39.2068083048546],[-120.855982658471,39.2068114348219],[-120.85595442643,39.20681449459],[-120.855926105498,39.2068175946694],[-120.855897800431,39.206820804734],[-120.855869545185,39.2068242074939],[-120.855841462158,39.2068278727962],[-120.855813602952,39.2068318835238],[-120.855786071876,39.2068363368059],[-120.855758920753,39.2068413017983],[-120.855732254115,39.2068468619027],[-120.855680616425,39.2068600718726],[-120.855631836713,39.2068766049208],[-120.855586504439,39.2068971121169],[-120.855559714175,39.2069124876236],[-120.855534537273,39.206929581401],[-120.855510922134,39.2069483105667],[-120.8555059785,39.2069528203485],[-120.855488818489,39.2069685098743],[-120.855468157319,39.2069900825411],[-120.855448923421,39.2070128773935],[-120.855431030353,39.2070367837485],[-120.855414444827,39.2070616777141],[-120.855399133998,39.2070874079437],[-120.855385011424,39.207113863754],[-120.855372061461,39.2071409214258],[-120.855360215754,39.2071684429938],[-120.855349441017,39.2071963045658],[-120.855339668673,39.2072243819039],[-120.855330847789,39.2072525509428],[-120.855322945301,39.207280674063],[-120.855314641858,39.2073139418468],[-120.855307436367,39.2073469732576],[-120.855301204651,39.2073798082672],[-120.85529578769,39.207412459047],[-120.855291097261,39.2074449247323],[-120.855286991764,39.2074772313949],[-120.855283329822,39.2075093913787],[-120.855280022991,39.2075414175465],[-120.85527689438,39.2075733356241],[-120.85527387319,39.207605158647],[-120.855270782975,39.2076368848862],[-120.855267534845,39.2076685546591],[-120.855263987642,39.2077001665824],[-120.855259999989,39.207731733],[-120.855255483216,39.2077632805021],[-120.855250278299,39.2077948212595],[-120.855245353044,39.2078210788684],[-120.855239916091,39.207847331462],[-120.855234019929,39.2078736070137],[-120.855227665224,39.2078998643415],[-120.855220939532,39.207926145492],[-120.855213860942,39.2079524231833],[-120.855206482165,39.2079787116616],[-120.85519883849,39.2080050112726],[-120.855190965429,39.2080313086347],[-120.855182915916,39.2080576042669],[-120.855174725016,39.2080839122423],[-120.855166445665,39.2081102330795],[-120.855158095506,39.2081365669518],[-120.855149745564,39.2081628870959],[-120.855141412815,39.208189234867],[-120.855133168506,39.2082155697746],[-120.855126688249,39.2082364987876],[-120.855120225854,39.2082574142457],[-120.855113746255,39.2082783020755],[-120.855107213941,39.2082991756587],[-120.855100576421,39.2083200070215],[-120.855093780984,39.2083407819177],[-120.855086809984,39.2083615001742],[-120.855079610933,39.2083821338174],[-120.855064316713,39.2084231589157],[-120.855047582494,39.2084637442797],[-120.855029056492,39.2085038178124],[-120.855008369495,39.2085432935165],[-120.854989642483,39.2085750724058],[-120.854969247867,39.2086062994912],[-120.854947169335,39.2086368922343],[-120.85492340822,39.2086667682699],[-120.85489798372,39.208695831678],[-120.85487086188,39.2087239997473],[-120.854842061455,39.2087512040126],[-120.854811566578,39.2087773344805],[-120.85478402273,39.2087988670051],[-120.854755293912,39.2088194680232],[-120.854725417417,39.2088390143333],[-120.854694482581,39.2088574381628],[-120.854662526473,39.2088746300373],[-120.854629603364,39.208890508111],[-120.854595785613,39.2089049632558],[-120.854561110069,39.2089178997253],[-120.854557651299,39.2089189779035],[-120.854511002788,39.2089334856848],[-120.854459580646,39.2089463540006],[-120.854407100759,39.2089569739982],[-120.854353785397,39.208965787203],[-120.854299873806,39.2089732764957],[-120.854245623322,39.2089798974757],[-120.854191291054,39.2089861194707],[-120.854137099047,39.2089923977347],[-120.854084861165,39.208998969736],[-120.854033016868,39.2090063007023],[-120.853981561705,39.2090146651823],[-120.853930561801,39.2090243384167],[-120.853879995504,39.2090355673264],[-120.853829911071,39.2090486407064],[-120.853780304271,39.2090638193781],[-120.853731223582,39.2090813784094],[-120.853703440609,39.20909259742],[-120.853676207352,39.2091047417009],[-120.853649910663,39.2091178974265],[-120.853624902551,39.2091321229706],[-120.853601587736,39.2091474909539],[-120.853580318226,39.2091640597507],[-120.853566087309,39.2091775398225],[-120.853561480876,39.2091819155363],[-120.85354544534,39.2092011168587],[-120.853523739913,39.2092402116096],[-120.853516412126,39.2092611322157],[-120.853511120467,39.2092827318264],[-120.853507656092,39.2093048299074],[-120.853505792289,39.2093272594786],[-120.853505285146,39.2093498259321],[-120.853505908174,39.2093723485601],[-120.853509321827,39.2094121429322],[-120.853515392924,39.2094513043674],[-120.853523944127,39.2094898860429],[-120.85353474561,39.2095279131615],[-120.853547584078,39.2095654797363],[-120.853562265214,39.2096025975889],[-120.853578540877,39.2096393329312],[-120.853596251152,39.2096757528408],[-120.853615130917,39.2097118821742],[-120.853635002835,39.2097477741088],[-120.853655636183,39.2097835087572],[-120.853676818999,39.2098190977686],[-120.853698355852,39.2098546216021],[-120.853720034333,39.2098901193618],[-120.853741624164,39.2099256437062],[-120.853762912937,39.2099612337398],[-120.853782121036,39.2099945379712],[-120.85379968192,39.2100282104637],[-120.853814391264,39.210062513992],[-120.85382504474,39.2100977113315],[-120.853830697356,39.210134397312],[-120.853831167914,39.2101717738407],[-120.853826676384,39.2102093350819],[-120.853817459712,39.2102466165545],[-120.853803720447,39.2102830985211],[-120.853785713404,39.2103183029452],[-120.853763623266,39.210351723643],[-120.853737704631,39.210382896305],[-120.853703236154,39.2104156600664],[-120.853664533043,39.2104451008911],[-120.853622171581,39.2104715951291],[-120.853576746367,39.2104954781221],[-120.853553059415,39.2105065588153],[-120.853528833465,39.2105171399486],[-120.853504121008,39.2105272494964],[-120.853479027027,39.2105369434067],[-120.853453604012,39.2105462496539],[-120.853427939077,39.2105552377406],[-120.85340208449,39.2105639493686],[-120.853392911996,39.2105669347563],[-120.853376145677,39.2105724130318],[-120.853345030383,39.2105823086687],[-120.853313918419,39.2105919983865],[-120.853282879255,39.210601551515],[-120.853251911554,39.2106110504186],[-120.853221102431,39.2106205646004],[-120.853190468416,39.2106301628708],[-120.853160078977,39.2106399145599],[-120.85312996807,39.2106499023787],[-120.853100170093,39.2106601815834],[-120.853070754292,39.2106708352318],[-120.853041737198,39.2106819321342],[-120.853013205923,39.2106935417943],[-120.852985159354,39.2107057328493],[-120.852957666736,39.2107185883572],[-120.852930780112,39.2107321637476],[-120.85290455086,39.2107465556324],[-120.852874057853,39.2107648597579],[-120.852844464791,39.2107842573502],[-120.85282889672,39.2107952803355],[-120.852815703098,39.2108046241705],[-120.852787669128,39.2108258219056],[-120.852760277104,39.2108476986883],[-120.852733458896,39.2108701028243],[-120.852707128281,39.2108929099012],[-120.852681199259,39.2109159817786],[-120.852652110049,39.2109423863565],[-120.852623511768,39.2109689879635],[-120.852595474109,39.2109958422028],[-120.852568066985,39.2110229909504],[-120.852541360086,39.2110504898096],[-120.852515440972,39.2110783808299],[-120.852490361688,39.2111067194411],[-120.852466209794,39.2111355476929],[-120.852441558766,39.2111668560896],[-120.852417992821,39.2111987243246],[-120.852395459916,39.2112310969686],[-120.85237389036,39.2112639184195],[-120.852353285268,39.2112971200408],[-120.852333539661,39.2113306458831],[-120.852314618916,39.211364454418],[-120.852296489081,39.2113984629349],[-120.852278185973,39.2114344468055],[-120.852260568569,39.211470588436],[-120.852243513577,39.2115068728857],[-120.85222695019,39.2115433131886],[-120.852210737468,39.2115798942305],[-120.852194752339,39.211616587343],[-120.852178906352,39.2116534053866],[-120.852163076212,39.2116903334203],[-120.852159426552,39.2116988098946],[-120.852107970588,39.2118005621389],[-120.851997915739,39.2119830999429],[-120.851741125102,39.2121072999553],[-120.851371537795,39.2122252279939],[-120.850874903411,39.2122418027786],[-120.850701940116,39.2122401011384],[-120.850543199275,39.2122385391954],[-120.850351055106,39.2122366482892],[-120.850003837907,39.2122691882631],[-120.849936777048,39.2122754752055],[-120.849263290286,39.2125368027049],[-120.848588884419,39.2128195766307],[-120.848373291455,39.2129212057925],[-120.848345190691,39.2129344523878],[-120.848128832437,39.213036430527],[-120.847591412088,39.2132550318995],[-120.847567124909,39.2132649247253],[-120.847563210572,39.2132668631677],[-120.847153626285,39.2134686829893],[-120.846666942058,39.2136633696626],[-120.846244673226,39.2137456274568],[-120.845501025892,39.2137548792649],[-120.844863313987,39.2137593937944],[-120.843888036113,39.2141348192214],[-120.843807295298,39.2141659002022],[-120.843763543246,39.2141950406788],[-120.843719164651,39.2142236394836],[-120.843674143664,39.2142515866223],[-120.84354355399,39.2143295273099],[-120.843527014812,39.2143393587111],[-120.843407629249,39.2144077582703],[-120.843286769804,39.2144745367527],[-120.843164506841,39.2145397085802],[-120.843040824067,39.2146031912097],[-120.842915774649,39.2146649714336],[-120.842789429404,39.2147250362195],[-120.842661770466,39.2147833991159],[-120.842603319612,39.2148090709754],[-120.842538060268,39.2148377233129],[-120.842532869326,39.2148400059083],[-120.842402797025,39.2148948298376],[-120.84236286399,39.2149116372829],[-120.842323326911,39.2149290527405],[-120.842284186912,39.214947007574],[-120.842245462086,39.214965474504],[-120.842207099272,39.2149844667335],[-120.842140431695,39.2150193381259],[-120.842116265764,39.2150314414935],[-120.842080667751,39.2150486487813],[-120.842057816521,39.2150591450775],[-120.842034687663,39.215069350296],[-120.842011406053,39.2150791832969],[-120.841987864013,39.2150887528493],[-120.841964151349,39.2150979637364],[-120.841940232094,39.2151068567902],[-120.841916106698,39.2151154045558],[-120.841891810455,39.215123607383],[-120.841867325493,39.2151314788243],[-120.841842686656,39.2151390466839],[-120.84181786,39.2151462282478],[-120.841792932858,39.2151530793001],[-120.841767817224,39.2151595852386],[-120.841742583683,39.2151657467629],[-120.841717232686,39.2151715364184],[-120.841691745912,39.215176995212],[-120.841666158653,39.2151821234936],[-120.841640454614,39.215186838724],[-120.841614615249,39.2151911956377],[-120.841588728565,39.2151952088367],[-120.841562705881,39.2151989049008],[-120.841536654424,39.2152022025158],[-120.841510520808,39.2152051286114],[-120.841484322227,39.2152077108172],[-120.84145807633,39.2152099493082],[-120.841431801663,39.2152117893499],[-120.841405515197,39.2152132722995],[-120.841379129152,39.215214369827],[-120.841352801445,39.2152151384172],[-120.841326408776,39.2152155631173],[-120.841300023533,39.2152155348089],[-120.841273660886,39.2152152046676],[-120.841247269247,39.2152144898044],[-120.841220936398,39.2152134185491],[-120.841194609401,39.2152119903766],[-120.841168306803,39.2152101505526],[-120.84114211571,39.2152079685891],[-120.841115912598,39.2152054432609],[-120.841089821668,39.2152025346111],[-120.84106377166,39.2151992831219],[-120.841037781119,39.2151956340587],[-120.841011901187,39.2151916977658],[-120.840986080723,39.2151873638991],[-120.840960372668,39.2151826329838],[-120.840939521075,39.2151788014836],[-120.840918593947,39.2151752712811],[-120.840897608479,39.2151720700061],[-120.840876495887,39.2151690871393],[-120.840855376994,39.2151664886346],[-120.840834166269,39.2151641088882],[-120.840812914851,39.2151620582443],[-120.840791658481,39.2151603095983],[-120.840770344221,39.215158862425],[-120.840749025459,39.2151576897948],[-120.84072763116,39.215156818462],[-120.840706214262,39.215156248952],[-120.84068482793,39.2151559680628],[-120.840663436419,39.2151560028988],[-120.840642092896,39.2151563402581],[-120.840620674283,39.2151569514601],[-120.840599267914,39.2151578922897],[-120.840577927626,39.2151591083632],[-120.840556582384,39.2151606264345],[-120.840535285128,39.2151624470291],[-120.840514088795,39.2151645706726],[-120.840492888408,39.2151669414046],[-120.840471735555,39.2151696421147],[-120.840450648332,39.2151726455234],[-120.840429662483,39.2151759245264],[-120.840408724392,39.2151795197803],[-120.840387887448,39.2151834043559],[-120.840367116809,39.2151875504482],[-120.840346429671,39.2151919856871],[-120.840325842779,39.2151967651573],[-120.840305375355,39.2152017929425],[-120.840285009754,39.2152070688676],[-120.840264815209,39.2152126759976],[-120.840244687192,39.2152185309172],[-120.840224677743,39.2152246890614],[-120.840204875768,39.2152311101244],[-120.84018512245,39.2152377925293],[-120.840182849967,39.2152386074718],[-120.840165575705,39.2152447927624],[-120.840146200916,39.2152520692915],[-120.84012696324,39.2152595943113],[-120.840107880324,39.2152673679973],[-120.840089004431,39.2152754320571],[-120.840070283973,39.2152837036012],[-120.840051735245,39.2152922651689],[-120.840033392863,39.2153011582928],[-120.840015259982,39.21531019079],[-120.839997280734,39.2153195405907],[-120.839979544702,39.2153291262069],[-120.839962016593,39.2153389472881],[-120.839944696632,39.2153489901072],[-120.839927566272,39.2153593093985],[-120.839910715097,39.215369823674],[-120.839894053297,39.2153806281492],[-120.839877688779,39.2153916003295],[-120.839861478568,39.2154028486318],[-120.839845600481,39.2154142924445],[-120.839829947963,39.2154259718984],[-120.839814557209,39.2154378324346],[-120.839799409219,39.2154499562421],[-120.839784540639,39.2154622613074],[-120.839769951469,39.2154747476306],[-120.839755587869,39.2154874695954],[-120.839741574038,39.2155003872467],[-120.83972780455,39.2155134720784],[-120.839714314021,39.215526765623],[-120.839701155617,39.2155402546792],[-120.839690325277,39.2155516936899],[-120.839688242005,39.2155538834613],[-120.839675642646,39.2155677213072],[-120.839663358441,39.2155817133077],[-120.839651389164,39.2155958731902],[-120.839639717395,39.2156101870521],[-120.839628395172,39.2156247103288],[-120.839617318193,39.2156393458772],[-120.83960662718,39.2156541225544],[-120.839596251096,39.215669067114],[-120.839586172971,39.2156841381988],[-120.839582767087,39.2156894863652],[-120.83957646249,39.2156993914195],[-120.839567050869,39.2157147162561],[-120.839561166856,39.2157248039722],[-120.839378187418,39.2159832717032],[-120.839318766162,39.2161388553913],[-120.83922690887,39.2163876976209],[-120.839147305192,39.2165169120759],[-120.839100646467,39.2165970960071],[-120.839005032998,39.2167371212046],[-120.838871076514,39.2168786736309],[-120.838734824313,39.2169998558356],[-120.838614932265,39.2171543849434],[-120.838487560175,39.217319411338],[-120.838302963168,39.2175104215661],[-120.838088869478,39.2176242799064],[-120.83796571807,39.2176698591241],[-120.837815383367,39.2177402654694],[-120.837630178285,39.2178424930895],[-120.837474728459,39.2179147977066],[-120.837438123936,39.2179297281968],[-120.837189399183,39.2179791505514],[-120.837147458191,39.2179815750975],[-120.836977821568,39.2179913780546],[-120.836770500819,39.2180001877065],[-120.836575155379,39.2179784443533],[-120.836410147206,39.2179772677219],[-120.836300033036,39.2179737956655],[-120.836126658948,39.2179683203132],[-120.835737700694,39.2179482710685],[-120.8355956297,39.2179400726563],[-120.835530757127,39.2179363231388],[-120.835387630153,39.2179418709972],[-120.835004570469,39.2179451909585],[-120.834723490984,39.2179764369498],[-120.834668979728,39.217981206546],[-120.834618675267,39.2179856061952],[-120.834313206467,39.2180401953379],[-120.834137823847,39.2180858671853],[-120.833987676415,39.2181317906503],[-120.833846050049,39.2181811490053],[-120.833742031919,39.2182275326275],[-120.833650634163,39.218270664681],[-120.833538970937,39.2183610437896],[-120.833427356673,39.2184548556799],[-120.833324120402,39.2185522109915],[-120.833241165709,39.218605614405],[-120.833058306683,39.2187020369308],[-120.833045642453,39.2186951005485],[-120.832942419688,39.2187958606006],[-120.832863934616,39.2188799803116],[-120.832797950224,39.2189574149899],[-120.832635911767,39.21905415472],[-120.83247801717,39.2191543131212],[-120.832407355983,39.2191942739712],[-120.832232440179,39.2192669949521],[-120.832090563945,39.2192992141719],[-120.831956994673,39.2193179239793],[-120.831810883589,39.2193329659868],[-120.831719137256,39.219352176107],[-120.831540035856,39.2194110971488],[-120.831452553361,39.2194371595863],[-120.831377535688,39.2194565916885],[-120.83136745735,39.2194619277907],[-120.831265208179,39.2195163999272],[-120.831181954151,39.2195493143451],[-120.831090590173,39.2196264941482],[-120.831015791673,39.2196902885326],[-120.830945602466,39.2198531742861],[-120.830816825382,39.2200153226349],[-120.830733716078,39.220126936217],[-120.830633925815,39.2202759469393],[-120.83055910069,39.2204116975645],[-120.83048407045,39.2205235565959],[-120.830350576859,39.2206996613988],[-120.830286796246,39.2207737804464],[-120.830254509801,39.2208113096616],[-120.830244965331,39.2208206325954],[-120.830112354847,39.220949708386],[-120.83001176398,39.22104243296],[-120.82999520219,39.2210576854283],[-120.829802582916,39.2212056558934],[-120.829685286453,39.2212519029413],[-120.829513489415,39.221321273661],[-120.829366704505,39.2214150863028],[-120.829228373311,39.2214609848254],[-120.828984934912,39.2214629521721],[-120.828943484987,39.2214632918188],[-120.828767582549,39.2214330807472],[-120.828684067408,39.2213665061522],[-120.828487568303,39.2212776275358],[-120.828366437537,39.2212037283239],[-120.82819923464,39.2211257971807],[-120.828157939981,39.2210805833058],[-120.82813899178,39.2210598263071],[-120.828132594648,39.2210528286927],[-120.828103410465,39.2210181433086],[-120.827969883824,39.2209169209971],[-120.827911535204,39.2208612799301],[-120.82783198516,39.2208430726658],[-120.827635114559,39.2207958993707],[-120.827589028758,39.2207884347885],[-120.827521900661,39.2207875139689],[-120.827412636698,39.2207963850189],[-120.827357994343,39.2208025091421],[-120.827290680368,39.2208255582025],[-120.827239938395,39.2208625581007],[-120.827206089326,39.2208962951636],[-120.827163882699,39.2209231109742],[-120.827129841085,39.2209705756802],[-120.827095784328,39.2210317149039],[-120.827074335183,39.2210861708169],[-120.827056728404,39.2211920139984],[-120.827060178174,39.2212947185635],[-120.827097133208,39.221418463745],[-120.827167349039,39.2215907611638],[-120.827283616935,39.2217981468511],[-120.827362719081,39.2219125669816],[-120.827450097872,39.2220409370128],[-120.827512150556,39.2221861598754],[-120.827557344596,39.2223347008292],[-120.82755685238,39.2224069410085],[-120.827530449263,39.2225578663108],[-120.827477681786,39.2226871088437],[-120.827470397043,39.2227048842021],[-120.827427685249,39.2227833732226],[-120.827342798005,39.2228611917719],[-120.827270510567,39.2229391916555],[-120.827164280678,39.2230373353071],[-120.827074993935,39.2231185693546],[-120.826972958199,39.2232064577476],[-120.826781808165,39.2233204710284],[-120.826722296429,39.2233539776968],[-120.826590559221,39.2234276456696],[-120.826403599759,39.2235039440493],[-120.826254861278,39.2235533042402],[-120.826178375662,39.2235693682769],[-120.826071940729,39.2236159405381],[-120.825927252363,39.223672233267],[-120.825825232367,39.223701660223],[-120.825757124559,39.223721295501],[-120.825650653823,39.2237678670222],[-120.825428833256,39.2238918120936],[-120.825347983804,39.2239112641169],[-120.825237430867,39.2239336575971],[-120.825135190228,39.2239699465335],[-120.82504518674,39.2240579817194],[-120.82496391254,39.2241220778443],[-120.824886670895,39.2242069186998],[-120.824865055389,39.2242478626044],[-120.824834811321,39.2243024218473],[-120.824795916435,39.2243740560552],[-120.824735405816,39.2244866341276],[-120.824709229515,39.2245619384817],[-120.824665853,39.2246610416638],[-120.824605377226,39.224773620017],[-120.824566525396,39.2248383897835],[-120.824510274947,39.224957985229],[-120.82441111823,39.2251250102802],[-120.824295287971,39.2252607836659],[-120.824222493009,39.2253318019427],[-120.824085768008,39.2254258465588],[-120.823970576468,39.2254892161916],[-120.823855682445,39.2255442411159],[-120.823837088052,39.2255531429171],[-120.82380432994,39.2255688218403],[-120.823697851303,39.2256081972192],[-120.823553296591,39.2256433722785],[-120.823395943855,39.2256817408364],[-120.823188139384,39.2256778356005],[-120.823065175697,39.2256789035531],[-120.82287013559,39.2256854784462],[-120.822734590433,39.2256862819931],[-120.822556929847,39.2256901345414],[-120.822512660245,39.2256911025356],[-120.822484759728,39.2256917274956],[-120.822116680736,39.2256980947392],[-120.822049053159,39.2257035637776],[-120.821956050421,39.2257085297876],[-120.821917939865,39.2257180582774],[-120.821680761393,39.2257989227361],[-120.821342868797,39.2257988095663],[-120.821207293753,39.2258543097501],[-120.821088365419,39.2259340869215],[-120.820913758096,39.22608818329],[-120.820726185762,39.2262660105746],[-120.820602122178,39.2264143833982],[-120.820532834468,39.2265742927482],[-120.820523425749,39.2266599802712],[-120.820199009464,39.2269415114846],[-120.820164860257,39.2269717012607],[-120.82007940575,39.2270488773044],[-120.820034853031,39.2271058719821],[-120.819976339402,39.2271807114091],[-120.819881680198,39.2273059028396],[-120.81979587977,39.2274037519514],[-120.819676221973,39.2274973597629],[-120.819475680054,39.2276269180777],[-120.819262393281,39.2277595874396],[-120.819168282903,39.2278296183374],[-120.819085914224,39.2279311674178],[-120.819017459794,39.2280155577974],[-120.818841085207,39.2282008817874],[-120.818767908245,39.228278400672],[-120.818658891205,39.2284723959748],[-120.81855972682,39.228583838656],[-120.818422250664,39.2286976946544],[-120.818279846025,39.2288571240806],[-120.818232245636,39.2289104214495],[-120.81791923679,39.2291462323945],[-120.817755246926,39.2292081961049],[-120.8176733673,39.2292391378526],[-120.81744200853,39.229401633942],[-120.817335045972,39.2294767505443],[-120.817159773371,39.2296094576476],[-120.816986073073,39.2297409996656],[-120.816809157382,39.2298652733725],[-120.816674369056,39.229912112957],[-120.816533046255,39.2299612202313],[-120.816407597284,39.2300016600102],[-120.816256973627,39.2300063398814],[-120.816080811187,39.2300244079994],[-120.815994312519,39.230049617727],[-120.815946531102,39.2300851187895],[-120.815925152065,39.2301009932183],[-120.815898284754,39.2301209720905],[-120.815801596122,39.2302254354561],[-120.81567863163,39.2303493206462],[-120.815547200527,39.230466447298],[-120.815406168964,39.2306297177383],[-120.815345181067,39.2306684484142],[-120.815202904633,39.2308911825826],[-120.81501184669,39.2309741488762],[-120.814908164727,39.2309922912851],[-120.814616288577,39.2309478671597],[-120.814463276346,39.2308527612803],[-120.814302679979,39.2307046643752],[-120.814244848923,39.230584657485],[-120.814041740456,39.2304094658901],[-120.814001132924,39.2302898533581],[-120.813951183826,39.2302030420959],[-120.813851646524,39.2300163525859],[-120.813827644819,39.2299234066799],[-120.813803455459,39.2298437491121],[-120.813797198118,39.2298337178977],[-120.813778389887,39.2298036788031],[-120.813718097667,39.2297609854538],[-120.813701977778,39.2297495772465],[-120.813617321096,39.2296755389242],[-120.813558794566,39.2295886678383],[-120.81340362621,39.2295928036106],[-120.813246038106,39.2297158129326],[-120.813159072713,39.2297540589484],[-120.813116529988,39.2297855343907],[-120.813106592103,39.2297928474236],[-120.812887875975,39.2299544195774],[-120.812624454588,39.2301878370972],[-120.812474969809,39.2303306159838],[-120.812351543418,39.2304606164374],[-120.812228702566,39.2305641520472],[-120.812078965624,39.2307134356983],[-120.811843549378,39.2308348006188],[-120.811661965657,39.2308580242233],[-120.811489398167,39.230861568636],[-120.811334201131,39.230858836597],[-120.811204987455,39.2308499432654],[-120.811066612126,39.2308672624805],[-120.810799204528,39.2308690993899],[-120.810505854723,39.2308704519166],[-120.810341315159,39.2309004646557],[-120.810098246979,39.2309686146223],[-120.809836303794,39.2311155719582],[-120.809638628102,39.2312619203447],[-120.809369189507,39.2313590716648],[-120.809134783341,39.2313802702929],[-120.808775920598,39.2314768657815],[-120.808540897296,39.231572334086],[-120.808259112388,39.2316958825651],[-120.808023704625,39.2317680055919],[-120.807921784855,39.2318426708547],[-120.80724494487,39.2322382606548],[-120.806996424264,39.2325787576358],[-120.806969316779,39.2326158940313],[-120.806629836318,39.2328646676051],[-120.806190860699,39.2330860079542],[-120.80575089135,39.2331946576569],[-120.805519684343,39.2332517572514],[-120.804749469732,39.2333901562946],[-120.804347947588,39.2334590898491],[-120.803981067132,39.2334776319949],[-120.80388063987,39.2335012623734],[-120.803809414709,39.2337041433111],[-120.803535003505,39.234056436318],[-120.80340160703,39.23415456878],[-120.803365745976,39.2341809605358],[-120.803227478835,39.2344082247796],[-120.803089208946,39.2346355986662],[-120.802686120594,39.2348068784757],[-120.802353186232,39.2348262027582],[-120.802220290604,39.2348237696566],[-120.802054825575,39.2347951359257],[-120.801725793432,39.2346613583872],[-120.801262639452,39.2345767290006],[-120.800931519111,39.2345203902288],[-120.800595015699,39.2346938838489],[-120.800490664306,39.2348965326261],[-120.800417301892,39.235201785031],[-120.800309604451,39.2355577864666],[-120.800282572102,39.2356619775093],[-120.8002369518,39.2358377835394],[-120.800099552162,39.2360402024555],[-120.800035143153,39.2361351128375],[-120.799996519219,39.2361920373027],[-120.799893449132,39.2363439540548],[-120.799853714618,39.2366502653549],[-120.799580733829,39.2369788665627],[-120.799373856236,39.2373341502121],[-120.799004995482,39.2374824837349],[-120.798634107982,39.2377333279558],[-120.798179230349,39.2382074979327],[-120.797955096427,39.2384411358041],[-120.797412983194,39.2389718638218],[-120.796924375349,39.2391666001803],[-120.796542385613,39.239318854817],[-120.796203583686,39.2396729664117],[-120.796133439913,39.2398770345735],[-120.795826720567,39.2403084437418],[-120.795457118399,39.2405589891869],[-120.795188747948,39.2407331422576],[-120.794820064202,39.2409813336879],[-120.794519484868,39.2411286549289],[-120.794153369043,39.2412240328314],[-120.793953642983,39.2412717552779],[-120.793634104463,39.2413773328147],[-120.793260965349,39.2414433913824],[-120.792537918271,39.2414826308179],[-120.792274362264,39.2415294162758],[-120.791679841539,39.2417239973663],[-120.791279332919,39.2420748756517],[-120.791077591312,39.2423268414524],[-120.790875883103,39.2425788347105],[-120.790737807974,39.2429339364093],[-120.790665360848,39.2432900465988],[-120.790461724637,39.2436441125107],[-120.789932948487,39.2438399144791],[-120.789736130376,39.243836832913],[-120.789602947224,39.2439367917776],[-120.789466929278,39.2441898336684],[-120.7893669426,39.2442648873843],[-120.789267169435,39.2443398333908],[-120.789001884654,39.2444887968314],[-120.788735583113,39.2446887683448],[-120.788602466378,39.2447887954181],[-120.788005346837,39.2451368006375],[-120.787411269363,39.2453318866168],[-120.787474903729,39.2454348598677],[-120.787270334559,39.245839929806],[-120.787002234939,39.2461419995398],[-120.786539339952,39.2463391016762],[-120.786399668603,39.2464441244343],[-120.786140145091,39.2466392590171],[-120.78613777907,39.2466433670528],[-120.785936653097,39.2469933186158],[-120.785666613061,39.2473974310139],[-120.785663735433,39.2475504861669],[-120.785658894009,39.2478054769219],[-120.78571968583,39.2480615065744],[-120.78571386059,39.2483675886446],[-120.785841269378,39.2485736481037],[-120.785773775077,39.2486747106759],[-120.785705333312,39.2488267825474],[-120.785637839047,39.2489278175811],[-120.785369861027,39.2492299397397],[-120.785367017519,39.2493830226445],[-120.785231148817,39.249636157225],[-120.784770264104,39.2497311801104],[-120.784573534322,39.2497281733185],[-120.784393115329,39.2497254731412],[-120.784245743972,39.2497232537566],[-120.783855304084,39.2495643766908],[-120.783268308951,39.2494027657067],[-120.782738302026,39.2497011652093],[-120.782405830439,39.2499515073811],[-120.781742007374,39.2504011539419],[-120.78114662765,39.2506988374112],[-120.780882704112,39.2507972169866],[-120.780835979808,39.2508146330004],[-120.780486799535,39.2509447987711],[-120.779957996598,39.2511925636],[-120.779295408441,39.2515916294647],[-120.778700247962,39.2518897422432],[-120.778172626396,39.2520867942762],[-120.777450583713,39.2521794974549],[-120.777314785781,39.2524327061453],[-120.777178951089,39.2526859417483],[-120.777041208735,39.2530411681699],[-120.776770627683,39.253496713126],[-120.776569392044,39.2537492360621],[-120.776386867382,39.2538593726389],[-120.77623824891,39.2539490498677],[-120.776155957562,39.254011220831],[-120.77610537335,39.2540494223629],[-120.775641349287,39.2543496891642],[-120.775623143048,39.2543588345769],[-120.775244767724,39.2545487872285],[-120.775043592831,39.2548013905811],[-120.775006450391,39.2548434257778],[-120.774909757872,39.2549528257905],[-120.774776912898,39.2550532520315],[-120.774579627085,39.2551018185824],[-120.774246591272,39.2554039199483],[-120.773715270188,39.2558057589496],[-120.773055980305,39.2560530574584],[-120.772397677146,39.2562493983672],[-120.772003089094,39.2563468799826],[-120.771755840876,39.2564206873571],[-120.771673969021,39.2564451306639],[-120.771344812242,39.2565434074993],[-120.771147551401,39.2565921882461],[-120.771014730922,39.2566927478166],[-120.770997213516,39.2567190754922],[-120.770947344135,39.2567940776695],[-120.770878998832,39.2569464303355],[-120.770679783101,39.2570973242582],[-120.770285220389,39.2571949651526],[-120.770254058576,39.2572066781687],[-120.770021527066,39.2572940642947],[-120.769627921818,39.2573406663968],[-120.769365150421,39.2573887820261],[-120.768970583308,39.2574864733851],[-120.768838751973,39.257536076639],[-120.768640454858,39.2576359438652],[-120.768377716047,39.2576841125519],[-120.767981152043,39.2578839827378],[-120.767717415687,39.2579831861112],[-120.767387209721,39.2581327621072],[-120.767254414392,39.2582334275592],[-120.767164174034,39.2585712400956],[-120.767131951298,39.2586264776745],[-120.767060323029,39.2587235044068],[-120.766946726618,39.2588573505301],[-120.766883584061,39.2589376616333],[-120.76674508341,39.2590615242733],[-120.766610992192,39.2591553379861],[-120.766506111276,39.2592390252972],[-120.766437351353,39.2592991355543],[-120.766417982619,39.2593160519665],[-120.76623796297,39.2594266249299],[-120.766070514069,39.2595171478028],[-120.765811242098,39.2596312220317],[-120.765422641684,39.2597421998879],[-120.765188294208,39.2598629339901],[-120.76494572453,39.2599569178604],[-120.764769936487,39.2600474606166],[-120.764631754002,39.2601346111821],[-120.764489321689,39.2602284441732],[-120.764355214518,39.2603289277482],[-120.764170937293,39.2604362123715],[-120.764015989035,39.2605367223521],[-120.763953166048,39.2605803223081],[-120.763756027667,39.2607644659121],[-120.763663507582,39.2608882894984],[-120.76360463479,39.2609786117052],[-120.763558346633,39.2610522070436],[-120.76349949806,39.2611492020409],[-120.763327469404,39.2613233407929],[-120.76325629854,39.2613736070272],[-120.763147117578,39.2615108187792],[-120.763004808358,39.2616013836393],[-120.76289171048,39.2616818504411],[-120.762741076604,39.2617757592832],[-120.762623925722,39.26183954265],[-120.762418927214,39.2619436945226],[-120.762255738749,39.2620343669374],[-120.762105296873,39.2620748963014],[-120.762013292226,39.2621085754706],[-120.761829340411,39.2621726390976],[-120.761699624084,39.2622499082197],[-120.761586513532,39.2623571463683],[-120.761431681521,39.2624445286929],[-120.761230996046,39.2625120112412],[-120.761105492232,39.2625725742348],[-120.760950854589,39.2626065223672],[-120.760771158067,39.2626372939688],[-120.760670789841,39.2626644030538],[-120.7605118786,39.2627184329021],[-120.760353023459,39.2627491228013],[-120.76017741353,39.2627965771156],[-120.760018430704,39.2628606830703],[-120.759805130138,39.2629383540391],[-120.759562530266,39.2630028628054],[-120.759328291119,39.2630739951015],[-120.759115009546,39.2631183295376],[-120.759022931189,39.2631821832693],[-120.758855607348,39.2632263460961],[-120.758725915738,39.2632536639053],[-120.758562771623,39.2632911157317],[-120.758441430037,39.2633518024738],[-120.758286567309,39.263472735513],[-120.758144325947,39.2635668924021],[-120.757930925348,39.2636680914687],[-120.757797030519,39.2637254588974],[-120.757679866885,39.2637694391328],[-120.757495759579,39.263813751175],[-120.757345129946,39.263844496989],[-120.757240528526,39.2638751278518],[-120.757018750932,39.263926315354],[-120.756817900177,39.2640308036622],[-120.756746860322,39.2640812321293],[-120.756520856315,39.2642360048364],[-120.756248940554,39.2644142879943],[-120.756110958402,39.2645551684251],[-120.755885569244,39.2646568128739],[-120.755788897944,39.2647003777633],[-120.755571380299,39.264818333791],[-120.755332704601,39.2649963371278],[-120.755172531952,39.265203596255],[-120.755071023717,39.2653571930541],[-120.755024247099,39.2655039312167],[-120.754990303717,39.2656240058401],[-120.75467695817,39.2658274910501],[-120.75453223726,39.265993615245],[-120.754263313974,39.2661858200837],[-120.75401420259,39.2664383162389],[-120.753658773113,39.2666681503901],[-120.75333017674,39.2668485959101],[-120.752650675775,39.2671242049934],[-120.752377369669,39.2673580144112],[-120.752178445868,39.267688422374],[-120.752090231473,39.2680327529026],[-120.751898834404,39.2683888327031],[-120.751351787531,39.2684644350613],[-120.750780451607,39.2684851864066],[-120.7502762069,39.268661220125],[-120.749795759562,39.2688238314928],[-120.74942836121,39.2694329289278],[-120.74900963737,39.2696644609737],[-120.748593979246,39.2698025531819],[-120.748341457417,39.2701778534177],[-120.747902013848,39.2707308169454],[-120.747945118133,39.2710414029288],[-120.748073234326,39.2717418314648],[-120.747917005708,39.2720194734422],[-120.748011165231,39.272333708964],[-120.748107859769,39.2727421565797],[-120.747896517051,39.273157328086],[-120.747790337477,39.2733437097474],[-120.747754870346,39.2735189314325],[-120.747751245103,39.2735759528127],[-120.747735250893,39.2736431663661],[-120.747698893444,39.2737609887716],[-120.747707557758,39.2737943621218],[-120.747691898734,39.2738984569552],[-120.747679957662,39.2739522589069],[-120.747589658626,39.2740976766014],[-120.747569284934,39.2741448803796],[-120.747503714942,39.2742564585924],[-120.747466649684,39.2743006003205],[-120.74743370872,39.274341271446],[-120.747400871121,39.2743920486525],[-120.747359600952,39.2744362276739],[-120.747310212413,39.2744939394559],[-120.747223061481,39.274535485013],[-120.747144169607,39.2745635267094],[-120.74707342014,39.2745746858307],[-120.746986084432,39.2745927790822],[-120.746919376453,39.2745971715446],[-120.746823607698,39.2746086939212],[-120.746723958888,39.2746437620748],[-120.746640721828,39.2746618166277],[-120.746568993151,39.2746783744094],[-120.746515959091,39.2746906292714],[-120.746378640347,39.2747162591817],[-120.746128928828,39.2747604542394],[-120.746087333411,39.2747711565716],[-120.745945657429,39.2747835039126],[-120.745837492234,39.2748087044944],[-120.745612809058,39.2748559677722],[-120.745392260229,39.2749031651495],[-120.745229951821,39.274939371938],[-120.745096996137,39.2749818522065],[-120.744943177339,39.2750313575964],[-120.744926507579,39.2750350229382],[-120.744810139055,39.2750705140918],[-120.744756275172,39.2751015962626],[-120.744693874406,39.2751160563126],[-120.744565063352,39.2751618481263],[-120.744504810526,39.2751945915081],[-120.744482157815,39.2752068971058],[-120.744424123206,39.2752380716335],[-120.74435789795,39.2752828328496],[-120.744333258993,39.2753134598323],[-120.744300707918,39.2753777766479],[-120.744284616284,39.2754284033387],[-120.744251972764,39.2754859916435],[-120.744235938581,39.2755433189883],[-120.744224226768,39.2756039329415],[-120.74417945401,39.2756919530344],[-120.744180114409,39.2757422379184],[-120.744203023985,39.2759062506394],[-120.74420916119,39.2759872937269],[-120.74422304966,39.2761708703221],[-120.744205694785,39.2764495045694],[-120.744113370692,39.2767360381014],[-120.744090793295,39.2769308382154],[-120.744086670103,39.2769342263241],[-120.744071054608,39.2770216259423],[-120.744055857733,39.2771391253251],[-120.743974168632,39.2772745552094],[-120.743912948491,39.2773794506478],[-120.743880284487,39.2774411025757],[-120.743868166072,39.2774639557221],[-120.743823556942,39.2775685078472],[-120.743803170272,39.2776023382057],[-120.743741184652,39.2776469524125],[-120.743654560815,39.2777220835931],[-120.743568111277,39.2778072666454],[-120.743447995841,39.2778763262574],[-120.743290315172,39.2779359479154],[-120.743174161842,39.2779848398736],[-120.743016480699,39.2780444611608],[-120.74289152167,39.2780600600151],[-120.742729111843,39.278079649498],[-120.742566667091,39.2780992109215],[-120.74240824868,39.2781228107392],[-120.742337647684,39.2781333233382],[-120.742060359083,39.2783086877963],[-120.74184933096,39.2784493971909],[-120.741637955497,39.2785599797395],[-120.741455503985,39.2786533542869],[-120.74144484968,39.2786594179217],[-120.741310482726,39.2787359556122],[-120.741186742015,39.2788515996055],[-120.7409599393,39.2790723458735],[-120.740860630388,39.2791373707291],[-120.740599431578,39.2792817937711],[-120.74046291395,39.279380741492],[-120.740222206717,39.2795013301914],[-120.740106262546,39.2795798223954],[-120.73996512114,39.2796487342836],[-120.739944375147,39.2796590001219],[-120.739823736055,39.2796976256271],[-120.739694989052,39.2797629363261],[-120.739599186433,39.2797877702024],[-120.739494950339,39.2798060601735],[-120.739282190887,39.2798393534272],[-120.739044199472,39.2798630380612],[-120.738864744796,39.279889110989],[-120.73868144537,39.2799484501694],[-120.738506744373,39.2800208974915],[-120.738401558931,39.2800586722792],[-120.738371105576,39.2800585359018],[-120.738284867151,39.2800661176964],[-120.738157927276,39.2800815803227],[-120.738066709952,39.2800810901398],[-120.737838307009,39.2800999880798],[-120.737817813733,39.2801119038243],[-120.737797606008,39.2801117955199],[-120.737766975012,39.2801196202348],[-120.737741357656,39.2801355446111],[-120.737731075186,39.28014350661],[-120.737720721073,39.2801554768771],[-120.737710223675,39.2801754636818],[-120.737684499319,39.2801953959333],[-120.737668878323,39.2802193639217],[-120.737647489924,39.2802793784844],[-120.737616607087,39.2803032640712],[-120.73758597499,39.2803150977701],[-120.737560537637,39.2803189694637],[-120.737530012009,39.2803268227143],[-120.737500722013,39.2803337419564],[-120.7374638033,39.2803424735023],[-120.737417944665,39.2803542251203],[-120.737382403882,39.2803580151349],[-120.737356912995,39.2803658677899],[-120.737290686549,39.2803815182891],[-120.737239776399,39.2803932152847],[-120.737200076047,39.2804004201806],[-120.737059743336,39.2804100254649],[-120.736976528439,39.2804638527878],[-120.736957754516,39.2804783955795],[-120.736954170959,39.2804812126258],[-120.736938564041,39.2807849075054],[-120.736716532573,39.2807842387797],[-120.736634478757,39.280783983789],[-120.736631567331,39.2807867531695],[-120.73647524634,39.2809375449542],[-120.73637502899,39.2810213657778],[-120.73619892242,39.2812293330911],[-120.736110487503,39.2813635039091],[-120.736009446103,39.2815110757659],[-120.735921474356,39.2816015638683],[-120.735783471081,39.2817256427531],[-120.735678986609,39.2818128492489],[-120.735578745211,39.2818899965525],[-120.735395049546,39.2820242899557],[-120.735220120533,39.2821149079452],[-120.735099305377,39.2821787617229],[-120.734961637625,39.2822662127133],[-120.734853258152,39.2823301184025],[-120.734752964229,39.2824041890085],[-120.734594453155,39.2825052260051],[-120.734373176397,39.2826602821506],[-120.73423924422,39.2827816848391],[-120.734080310545,39.2829200061581],[-120.733925508923,39.2830583994632],[-120.733708332486,39.2832171233757],[-120.733561583917,39.2833792457801],[-120.733419780449,39.283470494471],[-120.733240516127,39.2835719913341],[-120.73304899927,39.2836533099575],[-120.732878197825,39.2837379831038],[-120.732673868264,39.2838598567987],[-120.732423394658,39.2840426286882],[-120.732285532572,39.2841542934677],[-120.732282510421,39.2841573086734],[-120.732180936712,39.2842590695507],[-120.732158468006,39.2842815072271],[-120.732038712358,39.2844011115309],[-120.731991794469,39.2844578826388],[-120.731988399798,39.2844619647058],[-120.731938269549,39.2845126599349],[-120.73185064268,39.2845736026572],[-120.731738074093,39.2846480867695],[-120.731558781252,39.2847666054756],[-120.731471224888,39.2848275212225],[-120.731329382158,39.2849324416607],[-120.731166841831,39.2850408168733],[-120.73113276165,39.2850634578687],[-120.731029305049,39.285132191375],[-120.730875118899,39.2852337645901],[-120.730733446586,39.2853251762407],[-120.73064989327,39.2854129624627],[-120.730524839078,39.2855076571466],[-120.730445640051,39.2855753079894],[-120.73030798275,39.2856968579967],[-120.730199496628,39.2858015351666],[-120.73007444395,39.2859196520813],[-120.729886865943,39.2860918159136],[-120.729728322326,39.2862704182542],[-120.729594956747,39.2864085994029],[-120.729503247234,39.2865096413685],[-120.729374146932,39.2866208487662],[-120.729270149042,39.2867017667333],[-120.72911209704,39.2868096936326],[-120.728959353403,39.2869210692305],[-120.72894567597,39.2869310392735],[-120.728841541107,39.2870587732937],[-120.72878734561,39.2871427035319],[-120.728708166433,39.2872836420015],[-120.728591653857,39.2874079735889],[-120.72842957526,39.2875156635824],[-120.728275729553,39.2876566959664],[-120.728175994903,39.2877440298667],[-120.728059705472,39.2878146806437],[-120.727951724859,39.2878752343315],[-120.727924425434,39.2878940215002],[-120.727704325241,39.2879977018318],[-120.727698061664,39.2880119399203],[-120.727558228486,39.2880399645139],[-120.72732736318,39.2880723253259],[-120.727072482206,39.2880902553215],[-120.726847845439,39.2881083492936],[-120.726748532118,39.2881192676509],[-120.726598869952,39.2881358159764],[-120.726535980248,39.2881393049155],[-120.726363281327,39.2881488745634],[-120.726153711214,39.2881446422246],[-120.725887446639,39.2881383639229],[-120.725669256535,39.2881359863975],[-120.725584745271,39.2881412162646],[-120.725447818521,39.2881510645732],[-120.725389289772,39.2881635246672],[-120.725310641627,39.2881904286323],[-120.725222871449,39.2882352463367],[-120.725166626478,39.2882679961042],[-120.725083398267,39.2883293661983],[-120.725067078839,39.2883290509787],[-120.724967816138,39.2883899715804],[-120.724896734625,39.2884420280198],[-120.724853369504,39.2884757418564],[-120.724757235521,39.2885179692256],[-120.724634983672,39.2885252307036],[-120.724525264996,39.2885389718318],[-120.724386622954,39.288545916982],[-120.724284323341,39.2885440870713],[-120.724140532439,39.2885289534812],[-120.723976718094,39.2885229373491],[-120.723829344318,39.2885203131341],[-120.723661552938,39.2885173285886],[-120.723591652662,39.288509838128],[-120.723486630813,39.2885393636738],[-120.723385085954,39.2885563782284],[-120.723328614783,39.2885742143047],[-120.723136984098,39.2886838809864],[-120.723055500025,39.2887893681805],[-120.722981540168,39.2888793406583],[-120.722938950628,39.2889384894857],[-120.722904043856,39.2889850909685],[-120.722828517342,39.289040530023],[-120.722680427215,39.2891262877216],[-120.722597779304,39.2892100965759],[-120.722538415592,39.2892627738657],[-120.722446831506,39.2893307234122],[-120.722358915223,39.2893892944546],[-120.722206796039,39.2894847830167],[-120.722093828566,39.2895334419474],[-120.721932261586,39.2896003242597],[-120.721786607682,39.2896548314341],[-120.7216324973,39.2897060332579],[-120.721526901119,39.2897359077551],[-120.721372789875,39.2897871366894],[-120.721144600826,39.289837088529],[-120.720944940287,39.2898844138295],[-120.720830767853,39.2899078233631],[-120.720654965652,39.2899333319453],[-120.720482785288,39.2899461662805],[-120.720347589469,39.2899597071323],[-120.720335345039,39.2899626485752],[-120.720245639265,39.2899833322193],[-120.720192799637,39.2900015085899],[-120.720176421628,39.2900044047782],[-120.720082427935,39.290021856102],[-120.719886293682,39.290059772234],[-120.719779578728,39.2900674733366],[-120.719656723515,39.2900844435974],[-120.719583014828,39.2900959382912],[-120.719402912901,39.2901246655672],[-120.719333183978,39.2901329909582],[-120.719288218155,39.2901417522653],[-120.719136549057,39.2901614543881],[-120.71906706972,39.2901793930786],[-120.718948979248,39.2902219793165],[-120.718822656806,39.2902644752493],[-120.718725006109,39.2903042646809],[-120.718595085804,39.2903658600207],[-120.718521924503,39.2903997393058],[-120.718465225333,39.290433881329],[-120.718363724999,39.2904832664583],[-120.718168052736,39.2905598473632],[-120.718102919555,39.2905874987684],[-120.718083463468,39.2905964294101],[-120.717948234104,39.2906584326477],[-120.717895761894,39.2906991285722],[-120.717745956031,39.290799057695],[-120.71749351951,39.2909229588436],[-120.71744080823,39.2909573363256],[-120.717367146035,39.2909817634336],[-120.717196018859,39.29106871693],[-120.717078135996,39.2911405750974],[-120.716939634348,39.2912153098176],[-120.71687458159,39.2912559770959],[-120.716801179029,39.2912933125305],[-120.716735841449,39.2913243658825],[-120.716674601624,39.2913554916261],[-120.716617329504,39.2913802354254],[-120.716514543144,39.2914010747312],[-120.71644057198,39.2914191273329],[-120.716308582633,39.2914329733363],[-120.716263312304,39.2914418949036],[-120.716156518207,39.2914722731679],[-120.716016687236,39.2915053640429],[-120.715856000974,39.2915349031786],[-120.715620774494,39.291563239021],[-120.715575203315,39.2915624639158],[-120.715368152022,39.2915590912573],[-120.715235782466,39.2915666162578],[-120.715103909619,39.2915934503971],[-120.714817841136,39.2915824535826],[-120.714714339365,39.2915872198081],[-120.714611203314,39.2916048957958],[-120.714524499823,39.2916196219742],[-120.714425160481,39.2916277013465],[-120.714325891777,39.2916357814112],[-120.714176562194,39.2916334805691],[-120.714072876488,39.2916318462068],[-120.71393598222,39.2916297367156],[-120.713815656411,39.2916278916684],[-120.713608164901,39.291621517998],[-120.713471164175,39.2916194342505],[-120.713313460854,39.2916170676427],[-120.713218005169,39.2916156329105],[-120.713114258971,39.2916173195987],[-120.712963054172,39.2916277513821],[-120.712960878101,39.291627905918],[-120.712881991358,39.2916267081809],[-120.712781266378,39.291633246921],[-120.712143380115,39.2916608911291],[-120.712051950558,39.2916595821615],[-120.711823743514,39.2916788163116],[-120.711665754968,39.2916765816371],[-120.711540975004,39.2916748224757],[-120.711441172135,39.2916734207751],[-120.711320750652,39.2916845603249],[-120.711271079894,39.2916934863951],[-120.711204615644,39.2916989871806],[-120.7111548742,39.2917079124226],[-120.711059904052,39.2917418213169],[-120.711018689971,39.291763691411],[-120.710965301126,39.291798195837],[-120.710887207674,39.2918483817298],[-120.710834008096,39.2918957391051],[-120.710789015926,39.2919367889348],[-120.71069925563,39.2920317693942],[-120.710691178647,39.2920444763492],[-120.71063830047,39.2921013106158],[-120.710638120308,39.2921015008441],[-120.710609648615,39.2921396298563],[-120.710539950402,39.2921964159214],[-120.710515730303,39.2922378045204],[-120.710491521174,39.2922824608841],[-120.71047962976,39.2923144021462],[-120.710472718588,39.2923309936932],[-120.710471646868,39.2923335630435],[-120.710451688367,39.2923815339182],[-120.710423345951,39.2924261172303],[-120.710384189186,39.2924930017441],[-120.710374833263,39.2925089759519],[-120.710358735383,39.2925409806506],[-120.710285302935,39.2926299899836],[-120.710233208087,39.2927483688463],[-120.710233879435,39.2927870663084],[-120.710206770885,39.2929091805857],[-120.710199328208,39.2929606669363],[-120.710168330866,39.2931022069056],[-120.710115759422,39.2931982835578],[-120.710091886386,39.2932690023509],[-120.710035707869,39.293403893989],[-120.709990896605,39.293467846505],[-120.709958461092,39.2935255924399],[-120.709896986263,39.2935925189138],[-120.709876471408,39.2936148091687],[-120.709823333127,39.2936819099478],[-120.70976575681,39.2937327333361],[-120.709674935591,39.2937927457078],[-120.709600509421,39.2938335252404],[-120.709550953979,39.2938650508116],[-120.70947644454,39.293902644077],[-120.709414301027,39.2939307081133],[-120.709349902063,39.2939564955688],[-120.70929817643,39.2939772056069],[-120.709236044224,39.2940085098633],[-120.709202964452,39.294024126024],[-120.709128513873,39.2940681451792],[-120.709066521815,39.2941091714604],[-120.708950583745,39.2941686314276],[-120.70893003259,39.2941909485771],[-120.708822955784,39.2942895258083],[-120.708711489203,39.2943749838801],[-120.708604563468,39.2944865233372],[-120.708513892338,39.2945691354201],[-120.708439660931,39.2946358928032],[-120.708390232599,39.2946835927775],[-120.708324943818,39.2947927360629],[-120.70829195531,39.2948245813805],[-120.708275536592,39.2948469989774],[-120.708225690527,39.2948885434018],[-120.708090643272,39.2949860146973],[-120.707996293512,39.2950359092659],[-120.707892189105,39.2950935767842],[-120.70781324169,39.295141829069],[-120.707734096968,39.2951738232583],[-120.707539515533,39.2952299964135],[-120.707396067501,39.2952862950711],[-120.707247250607,39.2953405022248],[-120.707124986088,39.2953805042568],[-120.706964474481,39.2954577024396],[-120.706789835267,39.2955363642795],[-120.706716000816,39.2955716566958],[-120.706501389321,39.2956388923805],[-120.706354692315,39.2956988333761],[-120.706294486348,39.2957367201512],[-120.70613392419,39.2958242962363],[-120.706038829487,39.2958664924177],[-120.705912296963,39.2959368158813],[-120.705752379973,39.2960064951695],[-120.705655561692,39.2960694311468],[-120.705564593549,39.2961274616747],[-120.705458419032,39.2961937537968],[-120.705366544864,39.2962684144373],[-120.705270306622,39.296326660992],[-120.70516127984,39.2963750178529],[-120.705069142462,39.2964235341611],[-120.704951781986,39.2964850064447],[-120.70481338141,39.2965529456567],[-120.704708667637,39.2966146675919],[-120.704629106622,39.2966634052231],[-120.704587302074,39.2966960030984],[-120.704533141575,39.2967548524145],[-120.704458214785,39.2968399149074],[-120.704425341274,39.2969154205989],[-120.704380090242,39.2970106421841],[-120.704350989858,39.2970499983883],[-120.704284559874,39.297141909871],[-120.704238694554,39.2971877803598],[-120.704180798988,39.2972864314724],[-120.704153687778,39.297337740702],[-120.704147774633,39.2973489471971],[-120.70414861268,39.2974149684677],[-120.704144754869,39.2974480140925],[-120.704143521847,39.2976827219041],[-120.704077818647,39.2978312622417],[-120.704025079758,39.2980032041627],[-120.704007083064,39.2982385499635],[-120.703980094625,39.2984342822888],[-120.703907118523,39.2986632248994],[-120.703887100686,39.298742964312],[-120.703866606451,39.2987928228089],[-120.70383344276,39.2988359232207],[-120.703792211193,39.2989122971602],[-120.703764193441,39.2990254481344],[-120.703722601578,39.2990752375307],[-120.703685124893,39.2991183999339],[-120.703630721111,39.2991614845392],[-120.703538516722,39.2992210924432],[-120.7034754879,39.2992507911061],[-120.703408217413,39.2992805250896],[-120.703311387452,39.2993167961191],[-120.703248098158,39.2993298789452],[-120.703150972318,39.2993428062257],[-120.703058105843,39.2993624257899],[-120.702961184625,39.2993921053071],[-120.702947064128,39.2993960401348],[-120.702843140574,39.2994250103365],[-120.702783877504,39.2994247649271],[-120.702720587511,39.2994378749211],[-120.702589315721,39.2994309269392],[-120.702442051951,39.2993960950345],[-120.702398236471,39.2993898974029],[-120.702338927979,39.299386356157],[-120.702194947131,39.2993825069085],[-120.702101828884,39.299382160067],[-120.701979104622,39.2993851091956],[-120.701814133256,39.2993945913738],[-120.701687418172,39.2994175685935],[-120.701552033061,39.2994238640501],[-120.701454815417,39.2994369536629],[-120.701290340753,39.2994866683868],[-120.701100412593,39.2995329423911],[-120.701058173382,39.2995428803298],[-120.701049781416,39.2995495146376],[-120.700999229426,39.2995694652268],[-120.700952839326,39.2995860296174],[-120.700877144122,39.2996260207128],[-120.70080428661,39.2997057767844],[-120.700797830413,39.2997128444659],[-120.700667502311,39.2997928681888],[-120.700520280009,39.2998729237365],[-120.700461697922,39.2999297449962],[-120.700348906155,39.3000535135519],[-120.700311127908,39.3000802783829],[-120.700252544471,39.3001371544423],[-120.700165282635,39.3002678516655],[-120.700107325134,39.3003751772081],[-120.700088134501,39.3004202853712],[-120.700026932514,39.3004686747731],[-120.699918587295,39.3005543240147],[-120.699972620534,39.3007158082228],[-120.699972089702,39.300717765657],[-120.699956774964,39.3008354778783],[-120.699933408027,39.300983580328],[-120.699934745697,39.3010779176269],[-120.699931798323,39.3011688847273],[-120.699900569136,39.3013543266853],[-120.699896890642,39.3013947881463],[-120.699889989733,39.3015027634682],[-120.699870101615,39.3015905217328],[-120.699837314407,39.3016647914232],[-120.699799996611,39.3017221507789],[-120.699779045777,39.3017390249686],[-120.699754073774,39.3017727418709],[-120.699724939133,39.3018098723525],[-120.699666546798,39.3018773769582],[-120.699591138006,39.301938102129],[-120.699536398823,39.3019684400466],[-120.699405278472,39.301995237608],[-120.6993461227,39.302012071308],[-120.699295196145,39.3020119443196],[-120.699235786539,39.3020118602624],[-120.69915492677,39.3019981924262],[-120.699112393677,39.3019913762831],[-120.698958894633,39.3019437296244],[-120.698848050674,39.3019097102614],[-120.698745338184,39.3018487064663],[-120.698480976261,39.3017604491774],[-120.698323008214,39.3016926243286],[-120.698233009808,39.3016283291659],[-120.698172865325,39.301574196628],[-120.698060794167,39.30144578548],[-120.697945463816,39.3013848876372],[-120.697885528488,39.3013443495907],[-120.697847184013,39.3013308246421],[-120.697732327078,39.3013036792483],[-120.697689837753,39.3013002680125],[-120.697630384526,39.3012968326212],[-120.69750289984,39.3012798435989],[-120.697426219999,39.301256143563],[-120.697375020872,39.3012325075939],[-120.697319633635,39.3012155799266],[-120.697243111483,39.3011986639557],[-120.697162321675,39.3011851053409],[-120.697158001486,39.3011846041399],[-120.697043399275,39.3011714513804],[-120.696941534985,39.3011680374261],[-120.696903374868,39.3011713467294],[-120.69682722099,39.3011880996101],[-120.696721650904,39.3012284416547],[-120.696718321987,39.3012297637927],[-120.696645636767,39.3012586784599],[-120.696586533964,39.3012822114115],[-120.696493598957,39.3013158292498],[-120.696447130914,39.3013326655947],[-120.6962951011,39.3013931937043],[-120.696265474761,39.3014032705178],[-120.696185218496,39.301433542118],[-120.696142895942,39.3014402371786],[-120.696066617963,39.301450288131],[-120.695969222558,39.3014670507765],[-120.695875892808,39.3014703487294],[-120.695714321922,39.3014465796822],[-120.695590321576,39.3014313436321],[-120.695438111473,39.3014126349909],[-120.695272692563,39.3014192472479],[-120.695154108869,39.3014427200397],[-120.694840566104,39.3014896642508],[-120.694755770575,39.3014997016808],[-120.694598841609,39.3015097028423],[-120.694590316062,39.3015063125784],[-120.694471723258,39.3015264345527],[-120.694424913815,39.3015196513403],[-120.694386665254,39.301516258783],[-120.694314453451,39.3015128165795],[-120.694174627725,39.3015363258376],[-120.694073190844,39.3015766567386],[-120.693980252248,39.3016237550443],[-120.69387885765,39.3016675186564],[-120.693840748854,39.3016775825121],[-120.693735094906,39.3017280534086],[-120.693671825774,39.3017684807227],[-120.693642337667,39.3017920683693],[-120.69361910119,39.3018130073706],[-120.693575054482,39.3018526882613],[-120.693512019615,39.3019167330573],[-120.693427751631,39.3019841652459],[-120.693373015822,39.3020313603227],[-120.69324657988,39.3021257256218],[-120.693145346767,39.3021931602789],[-120.693099135662,39.3022437730473],[-120.693069836974,39.3022876550493],[-120.69300702537,39.3023720493706],[-120.692990251502,39.3023922916062],[-120.692965054839,39.3024226820135],[-120.692935652698,39.3024530528778],[-120.692889665857,39.3025239879102],[-120.69282267944,39.3026219552613],[-120.692784897291,39.3026658796755],[-120.692717944913,39.3027639022653],[-120.692659474488,39.3028619372459],[-120.692638778181,39.3029126702653],[-120.692634544996,39.3029160553535],[-120.692618539001,39.3030074255549],[-120.69261890208,39.3030412593987],[-120.69254842217,39.3032037716749],[-120.692531655093,39.3032274463253],[-120.692502310648,39.3032680325631],[-120.692481439719,39.3033052811135],[-120.692443923393,39.3033729880903],[-120.692410604887,39.3034373095795],[-120.692381302733,39.3034813286643],[-120.692351949967,39.3035185372846],[-120.692309924662,39.3035625239431],[-120.692263594879,39.3036099223237],[-120.692234233366,39.3036437807896],[-120.692170868837,39.3036911259638],[-120.692082498084,39.3037757008011],[-120.692044403104,39.3037925741278],[-120.691951237059,39.3038364555698],[-120.691904685022,39.3038567215962],[-120.691811399073,39.303887036723],[-120.691718051941,39.3039139736051],[-120.691667076624,39.3039240301434],[-120.691591842418,39.3039366985121],[-120.691548162424,39.3039440632238],[-120.691458970172,39.3039642090298],[-120.691369950523,39.3039979215641],[-120.691263990457,39.3040417416979],[-120.691217446161,39.3040653850268],[-120.691141124725,39.3040956972339],[-120.691094390593,39.3041057460659],[-120.691047491345,39.3041275593162],[-120.691043551793,39.3041293961865],[-120.690992670577,39.3041496134054],[-120.690903305853,39.3041561645366],[-120.690848097408,39.3041695782881],[-120.690779993209,39.3041693926396],[-120.690737405554,39.3041693003639],[-120.690660783723,39.3041691016798],[-120.690584220851,39.3041790635253],[-120.690541669037,39.3041789441203],[-120.69046928809,39.3041787653297],[-120.690388347158,39.3041751406236],[-120.690316060471,39.3041851227138],[-120.690226747029,39.3041984288775],[-120.690111865616,39.3042048858803],[-120.69000532892,39.3041978164456],[-120.689924344641,39.3041908134458],[-120.689792283431,39.3041802726503],[-120.689736894413,39.3041767415022],[-120.689698497838,39.304169830986],[-120.689656066995,39.3041708109838],[-120.689566502489,39.3041728829999],[-120.689455980053,39.3041996531201],[-120.689315793167,39.3042365252395],[-120.68912455608,39.3042969617396],[-120.688967713757,39.3043913661192],[-120.68893797114,39.3043980623045],[-120.688865730769,39.3044283638658],[-120.688785044362,39.3044585981597],[-120.688687236985,39.3044819953154],[-120.688589386258,39.3045020144163],[-120.688384979513,39.3045216898289],[-120.688086811103,39.3045410272055],[-120.687929224992,39.3045574375921],[-120.687763196007,39.3045907228643],[-120.687614126884,39.304607173462],[-120.687465074502,39.3046303241161],[-120.687298994527,39.3046568257254],[-120.687128610709,39.3046866837394],[-120.686941191861,39.3047164875679],[-120.68682623138,39.3047499329162],[-120.686707045577,39.3047901131466],[-120.686408626298,39.3048228435625],[-120.686340514043,39.3048496476953],[-120.68627247575,39.3048933675218],[-120.686170385455,39.3049607042116],[-120.686021401014,39.3050447035147],[-120.685936264509,39.3050917458526],[-120.685876708144,39.3051354783646],[-120.685783174458,39.3052196884605],[-120.685740667509,39.3052702850674],[-120.685621731151,39.3054355713791],[-120.685485409275,39.3055398673937],[-120.685366119492,39.3056272750257],[-120.685186979044,39.3057380915451],[-120.685088899262,39.3058120076873],[-120.685042006582,39.3058456398379],[-120.684939611096,39.3059330172927],[-120.684867056497,39.305980008105],[-120.684747461257,39.306057169377],[-120.684644971146,39.3061344130475],[-120.684555287623,39.3062015308942],[-120.684499725166,39.3062451703336],[-120.684380024087,39.3063222751257],[-120.684324454706,39.3063624819981],[-120.68422606154,39.30642277411],[-120.684119151831,39.3064829703301],[-120.683947974269,39.3065664702198],[-120.683840930635,39.3065996996923],[-120.683697298797,39.3067147578013],[-120.683479583774,39.3067842782604],[-120.683075806425,39.3068673004924],[-120.682837958589,39.3068962279849],[-120.682476257473,39.3069234304817],[-120.68235248334,39.306913688624],[-120.682300639973,39.306903782181],[-120.682126020911,39.3068704152338],[-120.682110508405,39.3068673572326],[-120.681950999232,39.3068359039275],[-120.681755721401,39.3067769724591],[-120.68157916077,39.3067359354011],[-120.681498499879,39.3067171776749],[-120.681106833455,39.3066796736303],[-120.680818084204,39.306659639831],[-120.680529370454,39.3066396057175],[-120.680276484968,39.306652349617],[-120.680234086151,39.3066571983334],[-120.680191783076,39.3066625973003],[-120.680149681243,39.3066685751675],[-120.680107709975,39.3066751311376],[-120.680065833933,39.306682264812],[-120.680024194467,39.306689977786],[-120.679982686077,39.3066982414098],[-120.679941414774,39.3067070568802],[-120.679900309883,39.3067164233997],[-120.679859476389,39.3067263970719],[-120.679818810331,39.3067368668867],[-120.679778522195,39.3067479175978],[-120.679738365129,39.30675951896],[-120.679698480997,39.3067716451155],[-120.679658904622,39.3067843239169],[-120.679619636517,39.3067975279111],[-120.679580676682,39.3068112570984],[-120.679542024088,39.3068255663861],[-120.679503680789,39.3068403459605],[-120.679465716947,39.3068556240733],[-120.679428060858,39.3068714548339],[-120.679390784224,39.3068877841336],[-120.679353886531,39.3069046394262],[-120.679317368806,39.3069219658052],[-120.679281266387,39.3069397636698],[-120.679245542393,39.3069581149819],[-120.679198378771,39.3069833666828],[-120.679163695352,39.3070027731726],[-120.679129427237,39.3070226511498],[-120.679095574425,39.3070430006146],[-120.679057055748,39.3070671416762],[-120.679010530421,39.3070960525941],[-120.67897836154,39.3071151853755],[-120.678945812144,39.3071338745023],[-120.678880573601,39.3071692740828],[-120.678846776647,39.3071866310466],[-120.67881259918,39.3072035443543],[-120.678778042227,39.3072199590988],[-120.678743069422,39.3072359297874],[-120.67870782366,39.3072513756561],[-120.678672197386,39.3072663778676],[-120.678636191628,39.3072808815144],[-120.6785999124,39.307294887794],[-120.678563289028,39.3073083959077],[-120.678526427011,39.3073214345061],[-120.678489221364,39.3073339474846],[-120.678451706913,39.3073459626955],[-120.678413990184,39.3073574538827],[-120.678375964653,39.3073684473018],[-120.678337702022,39.3073788888442],[-120.678299236089,39.3073888612692],[-120.678260533059,39.307398281817],[-120.678221627756,39.3074071783402],[-120.678182520181,39.3074155508385],[-120.678143210849,39.3074233718582],[-120.678043269136,39.3074433036542],[-120.677943761057,39.3074646132303],[-120.677844758823,39.307487219026],[-120.677746260889,39.3075112034032],[-120.677648373776,39.3075365401079],[-120.677550992495,39.3075631730364],[-120.677454328555,39.3075911320405],[-120.677358275936,39.3076204159233],[-120.677262871003,39.307650970179],[-120.67716811272,39.3076828497159],[-120.677074214142,39.3077160020269],[-120.676980998575,39.3077504251154],[-120.676888607366,39.307786120582],[-120.676797041027,39.3078230609751],[-120.676706264216,39.3078612458967],[-120.676616383459,39.3079006490949],[-120.676527398238,39.3079412980248],[-120.676439345433,39.3079831107283],[-120.67635225935,39.3080261425139],[-120.676230049926,39.308089343747],[-120.675562776407,39.3084480146813],[-120.675419237929,39.3085251425608],[-120.674606050472,39.3089720848338],[-120.673590204836,39.3095190369514],[-120.672983048038,39.3098296897154],[-120.672864892669,39.3098874965285],[-120.6727729242,39.3099305252062],[-120.672679989345,39.3099723071789],[-120.672586194642,39.3100128161941],[-120.672526951374,39.3100373515122],[-120.672491434078,39.3100520510466],[-120.672395813672,39.3100900129373],[-120.672299370835,39.3101265924516],[-120.672202102472,39.310161954308],[-120.672104082364,39.3101959345863],[-120.672005274144,39.3102285877902],[-120.67190578435,39.3102598876682],[-120.671805577133,39.3102898612706],[-120.671704760064,39.3103184274393],[-120.671603260404,39.3103456951837],[-120.671378046946,39.3104010764713],[-120.671262291561,39.3104270287118],[-120.671225882281,39.3104346332377],[-120.671145894614,39.3104513809117],[-120.671028996435,39.3104741895819],[-120.670911633922,39.3104953727622],[-120.670793770709,39.3105149849565],[-120.670675549197,39.310532972863],[-120.670556862856,39.3105493627289],[-120.670437818232,39.3105641283047],[-120.670318555655,39.3105773261028],[-120.670198935327,39.3105888721554],[-120.670151607626,39.3105925079244],[-120.670127086227,39.3105938767038],[-120.670102500872,39.3105948877802],[-120.670077956028,39.310595624719],[-120.670053347228,39.3105960039548],[-120.670028744634,39.3105960537445],[-120.670004183586,39.3105957744899],[-120.669979628746,39.3105951657893],[-120.669955044774,39.3105942272407],[-120.669930502866,39.3105929321945],[-120.669906037328,39.3105913359593],[-120.669881543176,39.3105893824228],[-120.669857125913,39.310587100244],[-120.669832785538,39.3105844894229],[-120.669808486712,39.3105815495578],[-120.669784228918,39.3105783081019],[-120.669760119727,39.3105746839008],[-120.669736051052,39.3105707855625],[-120.669712059784,39.3105665311288],[-120.669688180746,39.310561948455],[-120.669664378599,39.3105570371391],[-120.669640758328,39.310551853294],[-120.669617180642,39.3105462854983],[-120.669593784832,39.3105404451734],[-120.669570501254,39.3105342766087],[-120.669547400586,39.3105277806082],[-120.669524376294,39.3105209834196],[-120.669501569735,39.3105138866507],[-120.66947884007,39.3105064612404],[-120.669456398818,39.3104987370539],[-120.66943410462,39.3104907124836],[-120.669411922139,39.3104823871275],[-120.669389992732,39.3104737625936],[-120.669368281061,39.3104648384802],[-120.669346681105,39.3104556135812],[-120.669325369047,39.3104461173602],[-120.669304239385,39.310436321158],[-120.669283362798,39.3104262257786],[-120.66926270343,39.3104158582736],[-120.669242226458,39.3104051907876],[-120.669222071688,39.3103943072892],[-120.669202135172,39.3103830967587],[-120.669182415358,39.3103716415564],[-120.669162982924,39.3103599424866],[-120.669143838906,39.3103479446426],[-120.669099995572,39.3103205082451],[-120.669055469435,39.3102936681661],[-120.669010401334,39.3102674534667],[-120.668964721626,39.3102418084353],[-120.668918499436,39.3102168162356],[-120.668871699941,39.3101924490114],[-120.668824358481,39.3101687071643],[-120.668776545733,39.3101455914979],[-120.668728188947,39.3101232110209],[-120.66867932605,39.3101014288678],[-120.668629920148,39.3100803269961],[-120.668580183795,39.3100598803649],[-120.668529903918,39.3100401414673],[-120.668479222908,39.3100210570049],[-120.668428140247,39.3100026544303],[-120.668376549398,39.3099849599898],[-120.668324697734,39.3099679764988],[-120.668272408041,39.3099517293987],[-120.668219752549,39.3099361371335],[-120.668166799863,39.3099213103209],[-120.668113481375,39.3099071383423],[-120.668059865692,39.3098937318155],[-120.668005953328,39.3098810632868],[-120.667951779104,39.3098691606115],[-120.667897345091,39.3098579139758],[-120.667842649214,39.3098474331927],[-120.667787726812,39.3098377186646],[-120.667732613739,39.3098287433401],[-120.667677309995,39.3098205072189],[-120.66762181506,39.3098130377544],[-120.667566182458,39.3098063080964],[-120.667510394,39.3098003454971],[-120.667454467873,39.309795122704],[-120.667398456046,39.3097906952276],[-120.667342324734,39.3097869803052],[-120.667286178916,39.309784034051],[-120.667207814633,39.3097812465052],[-120.667155538043,39.3097802389663],[-120.667103266684,39.3097798904871],[-120.667050980811,39.3097803106798],[-120.666998717835,39.3097813901334],[-120.666946512056,39.3097831841576],[-120.666894327617,39.3097857198031],[-120.66684223623,39.3097889429687],[-120.666790201518,39.3097929081585],[-120.666738260374,39.309797533415],[-120.666686482438,39.309802874451],[-120.66663479703,39.3098089304609],[-120.666583240524,39.309815646941],[-120.666531882042,39.3098231070572],[-120.666480651942,39.3098312550974],[-120.666429656757,39.3098400648169],[-120.666378859074,39.3098496456268],[-120.666328227181,39.3098598049505],[-120.666277899323,39.3098707091205],[-120.666227841195,39.3098823028274],[-120.666177983157,39.3098945303586],[-120.666128429667,39.3099074752838],[-120.666079217621,39.309921055646],[-120.666030275301,39.3099353255465],[-120.665981674421,39.3099502308847],[-120.665933378605,39.309965826165],[-120.665885530245,39.3099820580931],[-120.665837987465,39.3099989525107],[-120.665745990423,39.3100339023492],[-120.665676737033,39.3100605442495],[-120.665626089528,39.3100789958063],[-120.665575029861,39.3100968110753],[-120.665523559588,39.3101139076958],[-120.665471714051,39.3101302860703],[-120.665419492732,39.3101459736519],[-120.665366966311,39.3101609712464],[-120.665314100488,39.3101752235435],[-120.665260895784,39.3101887030892],[-120.665207455623,39.3102015483599],[-120.665153676064,39.3102136483318],[-120.665099627788,39.3102250038111],[-120.665045380956,39.3102356430574],[-120.664990864891,39.3102455652638],[-120.664936151831,39.3102546888765],[-120.66488124022,39.3102630962553],[-120.664826130579,39.3102707599465],[-120.664770858768,39.3102776528999],[-120.664715459609,39.3102838029721],[-120.664659897245,39.3102892372129],[-120.664604243915,39.3102938740686],[-120.664548498581,39.310297768446],[-120.664492660727,39.3103009477985],[-120.664436767771,39.3103033027156],[-120.664380818156,39.3103049155576],[-120.664324846705,39.3103058141812],[-120.664268854977,39.3103059162264],[-120.664212895464,39.3103052497517],[-120.66418537304,39.3103045647557],[-120.66415693179,39.3103038692604],[-120.664101001373,39.3103016653425],[-120.664045137477,39.3102987482153],[-120.663989358813,39.3102950631739],[-120.663933594183,39.3102906368645],[-120.663878056146,39.3102854442558],[-120.663822567487,39.3102795107828],[-120.663767269565,39.3102728380607],[-120.663712092743,39.3102653703755],[-120.663657106141,39.3102571908948],[-120.663602310801,39.3102482447123],[-120.663015274513,39.3101433145136],[-120.66282221414,39.3101057263812],[-120.662536075126,39.310050021474],[-120.662441542766,39.3100302682227],[-120.662059013097,39.3099503254186],[-120.661592190769,39.3097757668534],[-120.661583144569,39.3097719014179],[-120.660921816149,39.3094890115439],[-120.660631894056,39.3091867149259],[-120.660477365717,39.308838943973],[-120.660206690331,39.3085042586322],[-120.659785739163,39.3084025459678],[-120.658247906965,39.3084206679938],[-120.657759040281,39.3084853964301],[-120.657265962986,39.3086506581359],[-120.657230593982,39.3086732218791],[-120.656069772914,39.3094137736053],[-120.65557557869,39.3097271449598],[-120.654816382459,39.3102251380699],[-120.654404457851,39.3104953234067],[-120.654392394852,39.310503243964],[-120.654380609823,39.3105077078382],[-120.653966921653,39.3106644367458],[-120.653570772356,39.310746594242],[-120.653373534607,39.3107715772083],[-120.653035361905,39.3108144057559],[-120.652747131826,39.3108509025209],[-120.652500801197,39.3108820873218],[-120.65122227773,39.3112487080933],[-120.650507596158,39.3113247930802],[-120.650375505167,39.3113514287256],[-120.649955972022,39.3114359952825],[-120.649950187985,39.3114371641995],[-120.649947022335,39.3114391184686],[-120.649551248545,39.311684087141],[-120.649355644754,39.3119264369171],[-120.649243440962,39.3120359124456],[-120.64903738474,39.3122369656663],[-120.648735639889,39.3124509312335],[-120.648600022116,39.312512081781],[-120.648583620177,39.3125194848114],[-120.648573445726,39.3125219484492],[-120.648284512014,39.312591926619],[-120.648280584759,39.3126004211038],[-120.648043430119,39.3131136558247],[-120.648000504062,39.3133182674839],[-120.647895862276,39.3136048185],[-120.647894544051,39.3136127390211],[-120.647893171446,39.3136198076732],[-120.647891693868,39.3136268201932],[-120.647890040637,39.3136337757641],[-120.647888174308,39.3136407837906],[-120.647886203533,39.3136477082318],[-120.647884056052,39.3136546306304],[-120.647881767732,39.3136615239418],[-120.6478793391,39.3136683607125],[-120.647876733762,39.3136751954407],[-120.647873952769,39.3136819732198],[-120.647871066279,39.3136887223201],[-120.647868004135,39.3136954144711],[-120.647864801152,39.3137020775349],[-120.647861422514,39.3137086836494],[-120.647857937853,39.3137152885384],[-120.647854278589,39.3137217815716],[-120.647850478486,39.3137282455174],[-120.64784653807,39.3137346529224],[-120.647842457341,39.3137410037867],[-120.647838236298,39.3137472981102],[-120.647833839075,39.3137535629378],[-120.647829302064,39.3137597437713],[-120.647824660081,39.3137658684725],[-120.64781987831,39.3137719091796],[-120.64781492036,39.3137779203907],[-120.647809893829,39.3137838209713],[-120.647804691118,39.3137896920559],[-120.647799348619,39.3137954791463],[-120.647793901674,39.313801182651],[-120.647788314941,39.3138068021615],[-120.647782623762,39.3138123380862],[-120.647776756402,39.3138178445148],[-120.647770750306,39.3138232120426],[-120.64776470992,39.3138285242549],[-120.647758529746,39.313833752473],[-120.647752209785,39.3138388966967],[-120.647745785376,39.3138439573346],[-120.647739256522,39.3138489343867],[-120.647732588405,39.3138537999911],[-120.64772581479,39.3138586369162],[-120.647718938306,39.3138633078955],[-120.647711992717,39.3138678956975],[-120.647704871473,39.3138724265498],[-120.647697716991,39.3138768471799],[-120.647690423247,39.3138811563622],[-120.647683060923,39.3138853549139],[-120.647675558812,39.3138894694709],[-120.647668058803,39.3138934742144],[-120.647660348851,39.3138973666928],[-120.647652640475,39.3139011768109],[-120.647644792838,39.313904875481],[-120.647636841281,39.3139084631118],[-120.647628891826,39.3139119409289],[-120.647620838451,39.3139153077066],[-120.64761268063,39.3139185908981],[-120.647604472426,39.3139217362098],[-120.647596195642,39.3139247708905],[-120.647587832609,39.3139276947361],[-120.647579436338,39.3139305083594],[-120.647570936147,39.3139332109432],[-120.647562402718,39.3139358033045],[-120.647553801235,39.3139382575817],[-120.647545166515,39.3139406016364],[-120.647536427349,39.3139428621049],[-120.647527691864,39.3139449303997],[-120.647518851407,39.3139469425615],[-120.647510013054,39.3139488449094],[-120.647501142515,39.3139505821284],[-120.647492203397,39.3139522087164],[-120.647483230516,39.3139537525351],[-120.647474224923,39.3139551586781],[-120.647465223012,39.3139563726475],[-120.647456186286,39.3139575587542],[-120.647447082559,39.3139585518699],[-120.647437944542,39.3139594896698],[-120.647428845549,39.3139602357046],[-120.647419712267,39.3139609264234],[-120.647410547325,39.3139614245599],[-120.647401383962,39.3139618403358],[-120.647392223228,39.3139621188446],[-120.647382993917,39.3139622867223],[-120.647373873259,39.3139623185587],[-120.647364648682,39.3139622393553],[-120.647355497944,39.3139619962487],[-120.647346313442,39.3139616703729],[-120.647337131045,39.3139612346833],[-120.647327987672,39.3139606072286],[-120.647318845352,39.3139599248666],[-120.647309741003,39.3139591056461],[-120.647300604469,39.3139581212965],[-120.647291504856,39.3139570549951],[-120.647282443214,39.3139558518351],[-120.647273419018,39.31395453927],[-120.64726443332,39.3139530623932],[-120.647255449201,39.3139515031557],[-120.647240123135,39.3139488545829],[-120.64722479444,39.3139463432745],[-120.647209389802,39.3139441056795],[-120.6471939108,39.313942059438],[-120.647178428115,39.3139402053676],[-120.647162905356,39.313938597966],[-120.647147308757,39.3139371544646],[-120.647131743292,39.3139359309961],[-120.647116102409,39.3139349537876],[-120.64710049371,39.3139341417055],[-120.64708484441,39.3139336037455],[-120.647069156611,39.3139332300943],[-120.64705350047,39.3139330490228],[-120.647037839594,39.3139331150288],[-120.647022139167,39.3139334002502],[-120.647006505738,39.3139338784599],[-120.6469908681,39.3139345762939],[-120.64697526212,39.3139354667075],[-120.64695968727,39.3139365771541],[-120.64694410821,39.313937907225],[-120.646928596148,39.3139394302843],[-120.646913114691,39.3139412008298],[-120.646897630075,39.313943136093],[-120.646882211404,39.3139453192514],[-120.646866859732,39.3139476953983],[-120.646851575056,39.3139502645337],[-120.646836391667,39.3139530819732],[-120.646821205645,39.3139560366771],[-120.646806120383,39.3139592671383],[-120.646791102118,39.3139626905882],[-120.646776151376,39.3139662795735],[-120.646761302972,39.3139700619564],[-120.646746520512,39.3139740922346],[-120.646731876257,39.313978288866],[-120.646717333814,39.3139827063483],[-120.646702858367,39.3139873168196],[-120.646688485257,39.3139921206885],[-120.64667417967,39.3139970900931],[-120.646660117258,39.3140022819843],[-120.646646087028,39.3140076390023],[-120.646632229291,39.3140132176892],[-120.646617725936,39.3140192831739],[-120.646575252856,39.3140368600492],[-120.646548434047,39.3140473412948],[-120.646521445894,39.3140574361439],[-120.646494216661,39.3140671986849],[-120.64646681861,39.3140765473757],[-120.646460291379,39.3140786686014],[-120.646439108798,39.3140855629404],[-120.646411264984,39.3140941925167],[-120.646383215959,39.3141024627402],[-120.646354998645,39.3141102916596],[-120.646334676572,39.3141156307529],[-120.646326540779,39.3141177608168],[-120.646298019596,39.3141248448032],[-120.646269258389,39.3141315415739],[-120.646240362656,39.3141378798089],[-120.64621133345,39.3141438046016],[-120.646182206113,39.3141493163609],[-120.646152909437,39.3141544417218],[-120.646123514105,39.3141591815025],[-120.646093985301,39.3141635078405],[-120.646064428525,39.314167449416],[-120.64603477362,39.3141709779578],[-120.646004985246,39.3141740930566],[-120.645952526835,39.3141796367638],[-120.645900161274,39.3141858680067],[-120.645847959244,39.3141927876037],[-120.645795955031,39.3142004508706],[-120.645744114873,39.3142087750386],[-120.645692472529,39.3142178428771],[-120.645641029578,39.3142275720265],[-120.645589855648,39.3142380182119],[-120.645538915923,39.3142491535711],[-120.645488210402,39.3142609781045],[-120.645437809765,39.314273492631],[-120.645387714538,39.3142866696975],[-120.645337888852,39.3143005363484],[-120.645288439256,39.3143150663587],[-120.645239294541,39.3143302863635],[-120.645190491625,39.3143461144127],[-120.645142063743,39.3143626607291],[-120.645094082629,39.3143798712253],[-120.645046443313,39.3143976897672],[-120.644999250764,39.31441617249],[-120.644952434824,39.314435291122],[-120.644906102044,39.3144550194386],[-120.64486025137,39.314475412347],[-120.644814813698,39.314496386669],[-120.644743234079,39.3145312271543],[-120.644691240293,39.3145567386499],[-120.644645616323,39.3145782050174],[-120.644599509142,39.3145990616623],[-120.644552919277,39.3146192811308],[-120.644505916884,39.3146388916945],[-120.644458433392,39.3146577827209],[-120.644410537374,39.3146760648416],[-120.644362264701,39.3146937110123],[-120.644313544691,39.3147107204135],[-120.64426448495,39.3147270119135],[-120.644215049085,39.3147426400089],[-120.644165271383,39.3147576600153],[-120.644115154482,39.314771934666],[-120.644064696801,39.3147855463203],[-120.644013969025,39.3147984957972],[-120.643962936341,39.3148107552333],[-120.643911634091,39.314822325038],[-120.643730135723,39.3148570988593],[-120.643704016948,39.3148614641337],[-120.64364128134,39.3148719951013],[-120.643578848489,39.314883325868],[-120.643516647183,39.3148954830678],[-120.643454747048,39.3149085224275],[-120.643393113795,39.314922388631],[-120.643331888788,39.3149370833182],[-120.643270966,39.3149526052601],[-120.643210451456,39.314968955687],[-120.643150239127,39.3149861333695],[-120.643090505721,39.315004140358],[-120.642997350519,39.3150340339688],[-120.642821881856,39.3150539109723],[-120.642781007762,39.3150599446345],[-120.642778278004,39.3150603523142],[-120.642734874581,39.3150674000717],[-120.642691636773,39.3150750263819],[-120.642648599391,39.3150832591081],[-120.64260572815,39.3150920429341],[-120.642563092676,39.3151014335867],[-120.642520694023,39.3151113761597],[-120.642478496322,39.3151218976964],[-120.642436570782,39.3151329715641],[-120.642394845664,39.3151446518493],[-120.642353428575,39.3151568574229],[-120.642312317931,39.315169670645],[-120.642271514787,39.3151830366093],[-120.642260056584,39.3151869676106],[-120.642231019671,39.315196927863],[-120.642190832581,39.3152113444064],[-120.642150917119,39.3152263407361],[-120.642111451049,39.315241863997],[-120.642072328345,39.3152579129588],[-120.642033548479,39.3152745150751],[-120.64199518319,39.3152916162603],[-120.641957196079,39.315309271011],[-120.641919588202,39.3153274244211],[-120.64188243077,39.3153460498582],[-120.641845687385,39.315365201819],[-120.641809393916,39.315384853261],[-120.641773550363,39.3154050041845],[-120.641738157781,39.3154255996835],[-120.641703249929,39.3154467225285],[-120.641668827861,39.3154683178133],[-120.641634892107,39.3154903580852],[-120.641601478007,39.315512843755],[-120.641568549692,39.315535801866],[-120.641536178374,39.3155592057861],[-120.641504258554,39.3155830268312],[-120.64147303657,39.3156073227813],[-120.641442266613,39.3156320084041],[-120.641412090051,39.3156570853417],[-120.641382470486,39.3156826080906],[-120.641353444316,39.3157085221552],[-120.641325011542,39.315734827536],[-120.641297137349,39.3157614963696],[-120.641269891895,39.3157885569305],[-120.641243310521,39.3158160096299],[-120.641217324129,39.3158437712874],[-120.641191965947,39.3158719521268],[-120.641154252199,39.3159157785888],[-120.640050376722,39.3159029236334],[-120.638211921318,39.3158812348285],[-120.636355837903,39.3158571423434],[-120.635133207149,39.3158414287225],[-120.63452376926,39.3158361152993],[-120.633483487468,39.3158270298123],[-120.632568439987,39.3158139483223],[-120.632260255233,39.315809549184],[-120.630317704323,39.315781988357],[-120.628887621006,39.3157618444285],[-120.626588236999,39.3157294209633],[-120.624219265518,39.315696202565],[-120.624203395924,39.3156960708481],[-120.62380516398,39.3156949701605],[-120.619764661465,39.3156837651761],[-120.618719859403,39.315680851902],[-120.616383861731,39.3156742938846],[-120.615610798699,39.3156721088985],[-120.615607299316,39.3156720949458],[-120.615008766916,39.3156704335414],[-120.614434483098,39.3156688503353],[-120.614408078153,39.3156687709932],[-120.614408044179,39.3156750038991],[-120.604730032,39.315807479771],[-120.601624724161,39.3158317869978],[-120.595454310906,39.315861607452],[-120.594287902215,39.3158575925345],[-120.586107336284,39.3158227667603],[-120.582995299193,39.3158090021054],[-120.580221854591,39.3158071729119],[-120.580096097442,39.3158070882047],[-120.576681691523,39.3158046291311],[-120.576624336338,39.3158045903128],[-120.576612829849,39.3158045876064],[-120.567158559369,39.3158099108221],[-120.565390982228,39.3159170062658],[-120.563350556548,39.3159237092871],[-120.562959730311,39.3159250050054],[-120.561266911311,39.3159305316843],[-120.558289474405,39.3159401998077],[-120.558234394733,39.3159403722373],[-120.557615754658,39.3159423707444],[-120.557261289159,39.315943505363],[-120.555910119551,39.31594785412],[-120.554155697265,39.3159534648019],[-120.553728704961,39.315954831883],[-120.549009058234,39.3159697595852],[-120.546155211255,39.3159787570891],[-120.545555183795,39.3159806348159],[-120.539632998541,39.3159991742407],[-120.536076946313,39.3160103201739],[-120.532175140367,39.31602242983],[-120.530207850812,39.3160284839866],[-120.522958340719,39.3160242776894],[-120.52074037558,39.3160302750382],[-120.514160616631,39.3160476384054],[-120.511382591898,39.3160548560672],[-120.509205388547,39.3160604394925],[-120.508944661636,39.3160610982543],[-120.505060553712,39.3160708954149],[-120.501462908442,39.3160798674236],[-120.497254963089,39.3160903642384],[-120.492700129083,39.3161017875468],[-120.49189750666,39.3161040198062],[-120.485805662919,39.3161208053755],[-120.475314200668,39.3161489664032],[-120.473842535541,39.3161528426931],[-120.470658384052,39.3161625541698],[-120.46581520451,39.3161783738004],[-120.4648123247,39.3161816244707],[-120.4648091428,39.316181637634],[-120.464805430782,39.3161816438403],[-120.464715739918,39.3162013639946],[-120.464619509092,39.3162210806248],[-120.464522918123,39.3162394743583],[-120.464425932274,39.3162565172776],[-120.464328550951,39.3162722368345],[-120.464230809502,39.3162866334916],[-120.46413274387,39.31629968026],[-120.464034424146,39.3163114055191],[-120.463935852127,39.3163217269112],[-120.463837061369,39.3163307272569],[-120.463738052474,39.3163383791033],[-120.463638897324,39.3163446284733],[-120.463539630074,39.3163495307356],[-120.463440250129,39.3163531133422],[-120.463340759886,39.3163552664832],[-120.463276452932,39.3163553965761],[-120.462156119568,39.3163576307376],[-120.461941533014,39.3163578027525],[-120.461432478978,39.3163510537656],[-120.46100587423,39.3163389890427],[-120.46057953792,39.3163211047214],[-120.460153648059,39.3162973482259],[-120.459728308977,39.3162678033139],[-120.459303626803,39.3162324713878],[-120.458994958005,39.3162024557388],[-120.457853935828,39.3162067514486],[-120.455425905057,39.316216237907],[-120.451341367396,39.3162229919994],[-120.451034011528,39.3162234948076],[-120.450742703529,39.3162240720397],[-120.449744513642,39.3162260611522],[-120.44884441044,39.3162278458167],[-120.44636212241,39.3162327175949],[-120.445035955843,39.3162356375022],[-120.444630137192,39.3162365309106],[-120.443848053462,39.3162383222017],[-120.440281147496,39.3162470576389],[-120.436971852218,39.3162562433089],[-120.435452211151,39.3162604236463],[-120.435332767705,39.3162608032559],[-120.430633360954,39.3162754007582],[-120.428950378018,39.3162810535664],[-120.427990829904,39.3162842685077],[-120.427727298568,39.3162852028918],[-120.42480812256,39.3162956075458],[-120.422003462165,39.3163061660647],[-120.41847258234,39.3163193634619],[-120.409126976174,39.3163555652826],[-120.40896377828,39.3163562016692],[-120.401610018856,39.316384853293],[-120.39981620037,39.3163917717465],[-120.390474111625,39.3164706199422],[-120.385820181869,39.3165096229809],[-120.381225533632,39.3165136997441],[-120.381121455128,39.316513797264],[-120.379228505384,39.3164988034342],[-120.379166367827,39.3164983132204],[-120.378829330052,39.3164956475237],[-120.378045591105,39.3165003811799],[-120.377863732696,39.3165014843597],[-120.360066412094,39.3166076391019],[-120.357216222952,39.3166193155403],[-120.355962610795,39.3166172469143],[-120.353272286746,39.3166127712725],[-120.350045266663,39.3166073106789],[-120.349053099514,39.3166075646133],[-120.348863484365,39.3166054376388],[-120.347734302436,39.3165931465096],[-120.345033372434,39.316566692427],[-120.344260360823,39.3165591040143],[-120.3375869451,39.3164269190837],[-120.334250431147,39.3163700918648],[-120.333951711935,39.3163652886194],[-120.333077708408,39.3163513822203],[-120.329533472193,39.3162981469605],[-120.329312298801,39.316294823639],[-120.328975052171,39.3162897594987],[-120.328405129343,39.316281191269],[-120.321347302258,39.3164295528858],[-120.321343589566,39.3164295819919],[-120.321338762676,39.3164296363006],[-120.310831796583,39.3165537137654],[-120.309872235982,39.3165649945538],[-120.304740838379,39.3165404480119],[-120.300542925952,39.3165202068503],[-120.292632992597,39.3165538923302],[-120.292457288079,39.3165525085469],[-120.292106013782,39.3165500167671],[-120.29193040999,39.3165488533522],[-120.291754840215,39.3165477450926],[-120.291579304457,39.3165466919885],[-120.291403838056,39.3165456945564],[-120.291332594029,39.3165453130173],[-120.29122837033,39.316544751764],[-120.291052937285,39.3165438366762],[-120.290877572265,39.3165430321638],[-120.290702207915,39.3165421999371],[-120.290526876914,39.3165414503184],[-120.290351632937,39.316540756631],[-120.290176388299,39.3165400901326],[-120.290001194679,39.3165395065009],[-120.289826001062,39.3165389226069],[-120.289650876798,39.3165383943869],[-120.28960227014,39.3165382603874],[-120.289475786546,39.3165379213244],[-120.289300731636,39.3165374485166],[-120.28912512526,39.3165363906968],[-120.288948309199,39.3165327335685],[-120.288778471401,39.3165343409553],[-120.288614863697,39.3165414490932],[-120.288447171754,39.3165464101957],[-120.28809861027,39.3165472139537],[-120.287750038789,39.3165484284447],[-120.287575628687,39.3165490609415],[-120.287226777798,39.3165501324776],[-120.286877656836,39.316550677256],[-120.286702768618,39.3165506149202],[-120.286341642824,39.316563641884],[-120.286093029066,39.3165612903004],[-120.286006299054,39.3165573283605],[-120.285920380213,39.3165541746167],[-120.285689074098,39.3165269762448],[-120.285505154216,39.3165072273875],[-120.28525332871,39.316511939394],[-120.285182271784,39.3165118589245],[-120.285083794293,39.3165097836806],[-120.285078211226,39.3165096743716],[-120.285040084606,39.3165088957386],[-120.284952276494,39.3165071141061],[-120.284927117687,39.3165066079416],[-120.284892630432,39.3165059100795],[-120.284890722735,39.3165058546483],[-120.284713761606,39.3165023537563],[-120.284678638234,39.3165016465035],[-120.284503689509,39.3164982571857],[-120.284328773472,39.3164949779303],[-120.28415396147,39.3164917823227],[-120.283978757406,39.3164887180083],[-120.283800936189,39.316485697419],[-120.283623075642,39.3164828407493],[-120.283447474204,39.3164801268039],[-120.283271798093,39.3164775762662],[-120.283044133432,39.316474399724],[-120.28288629673,39.3164724125156],[-120.282715628928,39.3164703465761],[-120.282535556674,39.3164683070811],[-120.282355550435,39.3164664605067],[-120.282184695272,39.3164648304206],[-120.282048897775,39.3164637012143],[-120.281964669088,39.3164630134311],[-120.281833678512,39.3164619271111],[-120.281702896972,39.3164609672904],[-120.281447809904,39.3164573299094],[-120.281421940329,39.3164569773158],[-120.280838649096,39.3164485713218],[-120.27943215159,39.3164337006182],[-120.279407693962,39.3164334369994],[-120.279212408964,39.3164318551595],[-120.279090607893,39.316430859754],[-120.278914335831,39.3164295571187],[-120.278816620319,39.3164288608676],[-120.278738097777,39.3164283096406],[-120.278707681681,39.3164281092376],[-120.278698473602,39.3164280561286],[-120.27856139897,39.3164271100391],[-120.278385123579,39.3164259438633],[-120.278209270935,39.3164248385666],[-120.278032817517,39.3164237241621],[-120.277856327425,39.3164226638739],[-120.277679695978,39.3164216012381],[-120.277503240566,39.3164205683889],[-120.277354321039,39.3164196936214],[-120.274197961535,39.3164934230555],[-120.273903475676,39.3164991014782],[-120.273610762813,39.316504558175],[-120.273262317125,39.3165107018476],[-120.272923321934,39.3165163798625],[-120.272481583359,39.3165166126925],[-120.272213857464,39.3165165856438],[-120.272138415029,39.3165165697841],[-120.271798504029,39.31651632684],[-120.271137673057,39.3165155694377],[-120.270765915357,39.3165150725098],[-120.270327014744,39.316514899776],[-120.270020862187,39.316514793823],[-120.269707639615,39.3165146648772],[-120.269394451712,39.316514563067],[-120.268882895991,39.3165138729802],[-120.267204488772,39.3165116099385],[-120.267168111824,39.3165115653898],[-120.263660325537,39.3165047252197],[-120.261226220419,39.3164950427936],[-120.25639284912,39.3164756608147],[-120.256389137756,39.3164756329571],[-120.254624485823,39.3164661507236],[-120.254431486167,39.3164650559157],[-120.254435662462,39.3162118419486],[-120.254438329021,39.3160496948347],[-120.252919971877,39.3160552032623],[-120.250735828162,39.3160630954937],[-120.236224438508,39.3160885585677],[-120.236097944336,39.3160886284666],[-120.226700721197,39.3161648974395],[-120.225691007711,39.3161732584183],[-120.225139563509,39.3161778272592],[-120.225136133509,39.3161778576017],[-120.220902114369,39.3162145433516],[-120.217848528292,39.3162434165906],[-120.216489568919,39.316256235641],[-120.208097604829,39.3162891720193],[-120.207658669875,39.3162908781815],[-120.205328826358,39.3162999057446],[-120.204611033416,39.3163026769335],[-120.204333413129,39.3163037432192],[-120.204208957755,39.3163042218672],[-120.202421007168,39.3163111012055],[-120.202380594345,39.316311262839],[-120.201508363293,39.316314607476],[-120.201278173752,39.3163154894987],[-120.200965444238,39.316316680739],[-120.199687671837,39.3163215732852],[-120.198684338131,39.3163253918464],[-120.198227067969,39.3163299933085],[-120.197536176611,39.316336938901],[-120.195627474911,39.3163375148178],[-120.195181065551,39.3163376583352],[-120.19422678554,39.3163379252031],[-120.194085389049,39.3163379667937],[-120.193361720111,39.3163381616296],[-120.193147373943,39.3163360593225],[-120.192583113916,39.3163362124668],[-120.192229649198,39.3163363115663],[-120.192150598528,39.3163363394013],[-120.191876184479,39.316336409598],[-120.191522720111,39.3163364928363],[-120.191186932072,39.3163365874487],[-120.190974846171,39.3163366443964],[-120.190477174429,39.3163367735869],[-120.190242992675,39.3163368306777],[-120.190130073593,39.3163368549387],[-120.189826103931,39.3163369298905],[-120.189540641775,39.3163370021457],[-120.189255179619,39.3163370737044],[-120.188905215242,39.3163371482889],[-120.18878154844,39.3163371833488],[-120.188569462536,39.316337235936],[-120.188519702429,39.3163372480366],[-120.188271891745,39.3163373098216],[-120.188095831355,39.3163373428044],[-120.187818924823,39.3163374060704],[-120.18769478094,39.3163374325908],[-120.187525437478,39.3163374726625],[-120.187473149555,39.3163374863441],[-120.187231967802,39.3163375387922],[-120.186913980475,39.3163376086434],[-120.186735444925,39.3163376561389],[-120.186701912238,39.3163376581189],[-120.18662703336,39.3163376782352],[-120.186380018159,39.3163377346137],[-120.186093707855,39.3163377853088],[-120.185807397197,39.3163378490287],[-120.185751255884,39.3163378571024],[-120.185634606744,39.316337887828],[-120.185521086539,39.3163379120479],[-120.18523479355,39.3163379746406],[-120.184948482891,39.3163380362585],[-120.184781791281,39.3163380585821],[-120.184699081582,39.3163380795262],[-120.184662172585,39.3163380834503],[-120.184375879594,39.3163381439412],[-120.184054215569,39.3163382038766],[-120.184037581747,39.3163382065408],[-120.184036927618,39.316338210117],[-120.183842147328,39.3163382481684],[-120.183551947938,39.3163383009169],[-120.183453417572,39.3163383224693],[-120.183349336827,39.3163383401273],[-120.183225033562,39.3163383731604],[-120.182799465485,39.3163384498452],[-120.182304374541,39.3163385431692],[-120.181738541173,39.3163386470244],[-120.181527074049,39.3163386827325],[-120.181346877196,39.3163387099101],[-120.180584000761,39.3163388477637],[-120.180356041171,39.3163388857246],[-120.180243298779,39.3163389031918],[-120.179464849401,39.3163390249121],[-120.174847954461,39.3163248601233],[-120.17445238377,39.3163221751721],[-120.174343653544,39.3163215218282],[-120.174234674526,39.3163209194239],[-120.173773514244,39.3163185815378],[-120.173721638416,39.3163183758119],[-120.173445114111,39.3163172988183],[-120.173036884809,39.3163160591312],[-120.172908242326,39.3163157250824],[-120.17277383601,39.3163154381685],[-120.172428696331,39.31631482482],[-120.172051381695,39.3163143392976],[-120.171675478496,39.3163139570042],[-120.171290526129,39.3163148875166],[-120.17088191719,39.3163187422831],[-120.170669497633,39.3163214072742],[-120.170461923078,39.3163240103471],[-120.170042605329,39.3163290952521],[-120.169633823815,39.3163327781908],[-120.169283823847,39.3163341666188],[-120.169164716502,39.3163342248373],[-120.169049327598,39.3163340390555],[-120.168664458063,39.316331762916],[-120.16855074328,39.3163310948067],[-120.168550213193,39.3163310865074],[-120.168321794139,39.3163297344623],[-120.168002671781,39.3163278539999],[-120.167763259435,39.3163264385435],[-120.167580651649,39.3163253494716],[-120.167379061782,39.3163241549669],[-120.166333466787,39.316317957862],[-120.1658539351,39.3163151222709],[-120.165584494798,39.3163135198766],[-120.164526309618,39.3163163226496],[-120.163542884172,39.3163189301862],[-120.162764646974,39.3163216628451],[-120.161481108467,39.3163261711657],[-120.160897046032,39.3163277002022],[-120.160684964224,39.3163282240812],[-120.160060368005,39.3163297844098],[-120.159418942857,39.3163313649603],[-120.158462832894,39.3163337279698],[-120.157604906292,39.3163358308434],[-120.157068533447,39.3163320090498],[-120.156952869143,39.3163322051965],[-120.155132714625,39.3163353417617],[-120.155019595796,39.3163355349496],[-120.154580696752,39.3163362873594],[-120.154580590735,39.3163362856869],[-120.154201219274,39.3163359847672],[-120.153861902701,39.3163357106094],[-120.153181231537,39.3163360334108],[-120.153103876772,39.3163360753683],[-120.152996331011,39.3163360799706],[-120.152586263039,39.31633614045],[-120.15244972709,39.3163361535588],[-120.152324909969,39.3163362005693],[-120.152011869017,39.3163362948787],[-120.15197776983,39.3163363191495],[-120.150220680363,39.3163362151026],[-120.149679576685,39.3163361704908],[-120.148900683073,39.3163361779333],[-120.148078552271,39.3163361685073],[-120.147512134378,39.3163361524979],[-120.147471389305,39.3163361525945],[-120.147232678785,39.3163376034763],[-120.147191879262,39.3163376575372],[-120.146371643777,39.3163388332729],[-120.146307014989,39.316338921352],[-120.146034463429,39.3163393117384],[-120.146016874374,39.3163393350505],[-120.145686977089,39.3163398043656],[-120.145674072606,39.3163398194997],[-120.145359767,39.3163402604314],[-120.145329114077,39.3163403099421],[-120.145098882689,39.316340627654],[-120.145007189679,39.3163407527093],[-120.144996742335,39.3163407655404],[-120.144674110434,39.3163412236337],[-120.144665943532,39.3163412314115],[-120.144656486039,39.3163412461808],[-120.144652702969,39.3163412548334],[-120.144651235682,39.3163412590231],[-120.144324502656,39.3163417197602],[-120.144307143303,39.3163417464592],[-120.144103711084,39.316342020491],[-120.143967806531,39.316342212222],[-120.14396002908,39.3163421986676],[-120.143653155836,39.3163416544602],[-120.143635055448,39.3163416281066],[-120.143300572402,39.3163410292856],[-120.143290744572,39.3163410106044],[-120.142944259636,39.3163403850366],[-120.142934149094,39.3163403618373],[-120.142588317934,39.3163397455943],[-120.142579709658,39.316339732487],[-120.142295196967,39.3163392102235],[-120.142238775111,39.3163391105755],[-120.142028554603,39.3163387239499],[-120.142027988819,39.3163387286944],[-120.141955514032,39.3163393900318],[-120.139608487047,39.3163608966008],[-120.138435015376,39.3163646644017],[-120.131997809361,39.3163851720171],[-120.131143944123,39.3163878597421],[-120.128552228106,39.3163851602807],[-120.12814195873,39.3163847199319],[-120.126426533525,39.31638289305],[-120.125205675017,39.3163809770398],[-120.12367990281,39.316378551773],[-120.122404220872,39.3163762214568],[-120.114182940967,39.3163608925784],[-120.112008776851,39.3163306277748],[-120.109500503344,39.3162956648156],[-120.108794452476,39.3162869981298],[-120.104828430553,39.3162382441819],[-120.100462410662,39.3161785218797],[-120.100259288631,39.3161757450441],[-120.096515434475,39.3161243988587],[-120.095929465623,39.3161163451836],[-120.090807203383,39.3160458724741],[-120.086270564884,39.3159832609769],[-120.076994230893,39.3161354973183],[-120.07235514602,39.3162126841814],[-120.067910870072,39.3162838973846],[-120.067845966466,39.3162849399639],[-120.067823294339,39.3162853069602],[-120.065699342278,39.3163178860417],[-120.06307420724,39.3163580846204],[-120.059713369269,39.3164050412858],[-120.058594423649,39.3164197055516],[-120.056395968902,39.3164470757805],[-120.056393352358,39.3164470872305],[-120.048960951102,39.3165292451903],[-120.039001930344,39.3165962842181],[-120.030392732137,39.3166157308548],[-120.017445106725,39.3164090602043],[-120.012609362235,39.3163710515959],[-120.008754651886,39.3163671509221],[-120.006336029431,39.3163646491521],[-120.005334757779,39.3163635904792],[-120.005330177615,39.315885135628],[-120.00530763514,39.3122842496635]]]},"properties":{"OBJECTID":5,"BOS":"SUPERVISORIAL DISTRICT 5"}}]}